dataset	model	is_cloud	file_id	ref_words_clinical	errors_clinical	wer_clinical	ref_words_whisper	errors_whisper	wer_whisper
figshare-osce	whisper-distil-v3.5	0	CAR0001	992	44	0.044355	1053	98	0.093067
figshare-osce	whisper-distil-v3.5	0	CAR0002	1023	66	0.064516	1067	106	0.099344
figshare-osce	whisper-distil-v3.5	0	CAR0003	1214	55	0.045305	1281	111	0.086651
figshare-osce	whisper-distil-v3.5	0	CAR0004	882	65	0.073696	920	98	0.106522
figshare-osce	whisper-distil-v3.5	0	CAR0005	1259	82	0.065131	1292	114	0.088235
figshare-osce	whisper-distil-v3.5	0	DER0001	1503	152	0.101131	1554	192	0.123552
figshare-osce	whisper-distil-v3.5	0	GAS0001	1005	125	0.124378	1033	147	0.142304
figshare-osce	whisper-distil-v3.5	0	GAS0002	1097	61	0.055606	1140	97	0.085088
figshare-osce	whisper-distil-v3.5	0	GAS0003	1059	92	0.086874	1093	133	0.121683
figshare-osce	whisper-distil-v3.5	0	GAS0004	1137	87	0.076517	1180	131	0.111017
figshare-osce	whisper-distil-v3.5	0	GAS0005	1538	118	0.076723	1599	166	0.103815
figshare-osce	whisper-distil-v3.5	0	GAS0007	872	80	0.091743	903	107	0.118494
figshare-osce	whisper-distil-v3.5	0	GEN0001	1100	64	0.058182	1132	87	0.076855
figshare-osce	whisper-distil-v3.5	0	MSK0001	938	70	0.074627	983	117	0.119023
figshare-osce	whisper-distil-v3.5	0	MSK0003	1788	137	0.076622	1866	188	0.100750
figshare-osce	whisper-distil-v3.5	0	MSK0004	1073	84	0.078285	1125	125	0.111111
figshare-osce	whisper-distil-v3.5	0	MSK0005	1440	93	0.064583	1513	154	0.101785
figshare-osce	whisper-distil-v3.5	0	MSK0006	1688	113	0.066943	1781	179	0.100505
figshare-osce	whisper-distil-v3.5	0	MSK0007	1287	83	0.064491	1358	144	0.106038
figshare-osce	whisper-distil-v3.5	0	MSK0008	1358	109	0.080265	1417	168	0.118560
figshare-osce	whisper-distil-v3.5	0	MSK0009	1505	138	0.091694	1572	193	0.122774
figshare-osce	whisper-distil-v3.5	0	MSK0010	1442	81	0.056172	1505	127	0.084385
figshare-osce	whisper-distil-v3.5	0	MSK0011	1460	128	0.087671	1535	178	0.115961
figshare-osce	whisper-distil-v3.5	0	MSK0012	1580	79	0.050000	1652	140	0.084746
figshare-osce	whisper-distil-v3.5	0	MSK0013	1539	92	0.059779	1610	149	0.092547
figshare-osce	whisper-distil-v3.5	0	MSK0014	1514	117	0.077279	1575	158	0.100317
figshare-osce	whisper-distil-v3.5	0	MSK0015	1568	127	0.080995	1622	170	0.104809
figshare-osce	whisper-distil-v3.5	0	MSK0016	1982	138	0.069627	2064	197	0.095446
figshare-osce	whisper-distil-v3.5	0	MSK0017	1646	90	0.054678	1735	159	0.091643
figshare-osce	whisper-distil-v3.5	0	MSK0018	941	78	0.082891	976	80	0.081967
figshare-osce	whisper-distil-v3.5	0	MSK0019	1293	84	0.064965	1337	88	0.065819
figshare-osce	whisper-distil-v3.5	0	MSK0020	1605	110	0.068536	1683	173	0.102793
figshare-osce	whisper-distil-v3.5	0	MSK0021	1661	160	0.096328	1745	226	0.129513
figshare-osce	whisper-distil-v3.5	0	MSK0022	2076	144	0.069364	2164	206	0.095194
figshare-osce	whisper-distil-v3.5	0	MSK0023	1184	86	0.072635	1229	118	0.096013
figshare-osce	whisper-distil-v3.5	0	MSK0024	1162	63	0.054217	1193	97	0.081308
figshare-osce	whisper-distil-v3.5	0	MSK0025	1526	85	0.055701	1580	123	0.077848
figshare-osce	whisper-distil-v3.5	0	MSK0026	1319	97	0.073541	1365	141	0.103297
figshare-osce	whisper-distil-v3.5	0	MSK0027	1328	110	0.082831	1377	155	0.112564
figshare-osce	whisper-distil-v3.5	0	MSK0028	1776	129	0.072635	1836	179	0.097495
figshare-osce	whisper-distil-v3.5	0	MSK0029	2175	170	0.078161	2268	244	0.107584
figshare-osce	whisper-distil-v3.5	0	MSK0031	1244	81	0.065113	1299	126	0.096998
figshare-osce	whisper-distil-v3.5	0	MSK0032	1161	79	0.068045	1198	81	0.067613
figshare-osce	whisper-distil-v3.5	0	MSK0033	1623	125	0.077018	1687	166	0.098400
figshare-osce	whisper-distil-v3.5	0	MSK0034	1381	100	0.072411	1448	157	0.108425
figshare-osce	whisper-distil-v3.5	0	MSK0035	1535	119	0.077524	1596	170	0.106516
figshare-osce	whisper-distil-v3.5	0	MSK0036	1693	116	0.068517	1757	161	0.091633
figshare-osce	whisper-distil-v3.5	0	MSK0037	1622	145	0.089396	1682	187	0.111177
figshare-osce	whisper-distil-v3.5	0	MSK0038	1808	109	0.060288	1895	175	0.092348
figshare-osce	whisper-distil-v3.5	0	MSK0039	1345	77	0.057249	1404	126	0.089744
figshare-osce	whisper-distil-v3.5	0	MSK0040	1432	94	0.065642	1488	147	0.098790
figshare-osce	whisper-distil-v3.5	0	MSK0041	1532	114	0.074413	1583	162	0.102337
figshare-osce	whisper-distil-v3.5	0	MSK0042	1462	117	0.080027	1522	121	0.079501
figshare-osce	whisper-distil-v3.5	0	MSK0043	1697	155	0.091338	1772	160	0.090293
figshare-osce	whisper-distil-v3.5	0	MSK0044	1133	97	0.085613	1177	107	0.090909
figshare-osce	whisper-distil-v3.5	0	MSK0045	1350	97	0.071852	1394	136	0.097561
figshare-osce	whisper-distil-v3.5	0	MSK0046	1176	65	0.055272	1225	110	0.089796
figshare-osce	whisper-distil-v3.5	0	MSK0049	1325	100	0.075472	1372	141	0.102770
figshare-osce	whisper-distil-v3.5	0	MSK0050	1238	74	0.059774	1285	113	0.087938
figshare-osce	whisper-distil-v3.5	0	RES0001	1447	132	0.091223	1526	195	0.127785
figshare-osce	whisper-distil-v3.5	0	RES0002	1129	309	0.273694	1162	337	0.290017
figshare-osce	whisper-distil-v3.5	0	RES0003	1187	65	0.054760	1261	116	0.091990
figshare-osce	whisper-distil-v3.5	0	RES0004	1614	143	0.088600	1723	218	0.126524
figshare-osce	whisper-distil-v3.5	0	RES0005	1587	109	0.068683	1645	148	0.089970
figshare-osce	whisper-distil-v3.5	0	RES0006	1186	86	0.072513	1240	125	0.100806
figshare-osce	whisper-distil-v3.5	0	RES0007	1812	141	0.077815	1874	183	0.097652
figshare-osce	whisper-distil-v3.5	0	RES0008	1112	80	0.071942	1171	121	0.103330
figshare-osce	whisper-distil-v3.5	0	RES0009	1390	104	0.074820	1446	146	0.100968
figshare-osce	whisper-distil-v3.5	0	RES0010	1036	109	0.105212	1070	134	0.125234
figshare-osce	whisper-distil-v3.5	0	RES0011	1582	138	0.087231	1647	192	0.116576
figshare-osce	whisper-distil-v3.5	0	RES0012	2062	179	0.086809	2168	259	0.119465
figshare-osce	whisper-distil-v3.5	0	RES0013	1344	94	0.069940	1400	146	0.104286
figshare-osce	whisper-distil-v3.5	0	RES0014	1368	90	0.065789	1429	147	0.102869
figshare-osce	whisper-distil-v3.5	0	RES0015	1538	89	0.057867	1607	152	0.094586
figshare-osce	whisper-distil-v3.5	0	RES0016	1268	69	0.054416	1327	122	0.091937
figshare-osce	whisper-distil-v3.5	0	RES0017	1691	138	0.081609	1751	187	0.106796
figshare-osce	whisper-distil-v3.5	0	RES0018	1284	109	0.084891	1334	143	0.107196
figshare-osce	whisper-distil-v3.5	0	RES0019	1274	86	0.067504	1334	134	0.100450
figshare-osce	whisper-distil-v3.5	0	RES0020	1358	104	0.076583	1413	151	0.106865
figshare-osce	whisper-distil-v3.5	0	RES0021	1198	108	0.090150	1255	156	0.124303
figshare-osce	whisper-distil-v3.5	0	RES0022	1921	156	0.081208	1999	220	0.110055
figshare-osce	whisper-distil-v3.5	0	RES0023	1035	120	0.115942	1099	168	0.152866
figshare-osce	whisper-distil-v3.5	0	RES0024	959	75	0.078206	1004	116	0.115538
figshare-osce	whisper-distil-v3.5	0	RES0025	1327	139	0.104748	1393	197	0.141421
figshare-osce	whisper-distil-v3.5	0	RES0026	1478	109	0.073748	1544	173	0.112047
figshare-osce	whisper-distil-v3.5	0	RES0027	1308	108	0.082569	1366	154	0.112738
figshare-osce	whisper-distil-v3.5	0	RES0028	1100	78	0.070909	1156	125	0.108131
figshare-osce	whisper-distil-v3.5	0	RES0029	781	47	0.060179	811	76	0.093711
figshare-osce	whisper-distil-v3.5	0	RES0030	1134	79	0.069665	1184	125	0.105574
figshare-osce	whisper-distil-v3.5	0	RES0031	1294	64	0.049459	1343	108	0.080417
figshare-osce	whisper-distil-v3.5	0	RES0032	1173	61	0.052003	1212	98	0.080858
figshare-osce	whisper-distil-v3.5	0	RES0033	1316	89	0.067629	1372	134	0.097668
figshare-osce	whisper-distil-v3.5	0	RES0034	1623	80	0.049291	1685	134	0.079525
figshare-osce	whisper-distil-v3.5	0	RES0035	918	38	0.041394	958	76	0.079332
figshare-osce	whisper-distil-v3.5	0	RES0036	1352	85	0.062870	1423	151	0.106114
figshare-osce	whisper-distil-v3.5	0	RES0037	1376	106	0.077035	1453	158	0.108741
figshare-osce	whisper-distil-v3.5	0	RES0038	1485	114	0.076768	1554	167	0.107465
figshare-osce	whisper-distil-v3.5	0	RES0039	1592	124	0.077889	1672	178	0.106459
figshare-osce	whisper-distil-v3.5	0	RES0042	1206	120	0.099502	1264	173	0.136867
figshare-osce	whisper-distil-v3.5	0	RES0043	1432	146	0.101955	1503	197	0.131071
figshare-osce	whisper-distil-v3.5	0	RES0044	1768	92	0.052036	1859	162	0.087144
figshare-osce	whisper-distil-v3.5	0	RES0045	1145	62	0.054148	1204	101	0.083887
figshare-osce	whisper-distil-v3.5	0	RES0046	1494	85	0.056894	1588	151	0.095088
figshare-osce	whisper-distil-v3.5	0	RES0047	1530	121	0.079085	1628	190	0.116708
figshare-osce	whisper-distil-v3.5	0	RES0048	1730	108	0.062428	1809	165	0.091211
figshare-osce	whisper-distil-v3.5	0	RES0049	1549	128	0.082634	1622	180	0.110974
figshare-osce	whisper-distil-v3.5	0	RES0050	1065	70	0.065728	1109	107	0.096483
figshare-osce	whisper-distil-v3.5	0	RES0051	958	97	0.101253	997	138	0.138415
figshare-osce	whisper-distil-v3.5	0	RES0052	776	101	0.130155	828	148	0.178744
figshare-osce	whisper-distil-v3.5	0	RES0053	1917	298	0.155451	1982	368	0.185671
figshare-osce	whisper-distil-v3.5	0	RES0054	2442	711	0.291155	2491	756	0.303493
figshare-osce	whisper-distil-v3.5	0	RES0055	1313	184	0.140137	1375	240	0.174545
figshare-osce	whisper-distil-v3.5	0	RES0056	1126	130	0.115453	1174	180	0.153322
figshare-osce	whisper-distil-v3.5	0	RES0057	1203	175	0.145470	1245	218	0.175100
figshare-osce	whisper-distil-v3.5	0	RES0058	1437	174	0.121086	1514	241	0.159181
figshare-osce	whisper-distil-v3.5	0	RES0059	1291	128	0.099148	1358	184	0.135493
figshare-osce	whisper-distil-v3.5	0	RES0060	1602	197	0.122971	1683	264	0.156863
figshare-osce	whisper-distil-v3.5	0	RES0061	1696	164	0.096698	1783	222	0.124509
figshare-osce	whisper-distil-v3.5	0	RES0062	1866	195	0.104502	1965	271	0.137913
figshare-osce	whisper-distil-v3.5	0	RES0063	1373	128	0.093227	1439	175	0.121612
figshare-osce	whisper-distil-v3.5	0	RES0064	1030	83	0.080583	1078	121	0.112245
figshare-osce	whisper-distil-v3.5	0	RES0065	1045	98	0.093780	1089	146	0.134068
figshare-osce	whisper-distil-v3.5	0	RES0066	1132	99	0.087456	1192	145	0.121644
figshare-osce	whisper-distil-v3.5	0	RES0067	905	103	0.113812	946	129	0.136364
figshare-osce	whisper-distil-v3.5	0	RES0068	1158	112	0.096718	1213	157	0.129431
figshare-osce	whisper-distil-v3.5	0	RES0069	972	81	0.083333	1026	127	0.123782
figshare-osce	whisper-distil-v3.5	0	RES0070	929	97	0.104413	976	141	0.144467
figshare-osce	whisper-distil-v3.5	0	RES0071	1248	112	0.089744	1301	162	0.124520
figshare-osce	whisper-distil-v3.5	0	RES0072	1124	126	0.112100	1182	177	0.149746
figshare-osce	whisper-distil-v3.5	0	RES0073	1293	115	0.088940	1340	156	0.116418
figshare-osce	whisper-distil-v3.5	0	RES0074	1187	97	0.081719	1246	139	0.111557
figshare-osce	whisper-distil-v3.5	0	RES0075	1065	86	0.080751	1112	130	0.116906
figshare-osce	whisper-distil-v3.5	0	RES0076	1500	126	0.084000	1569	180	0.114723
figshare-osce	whisper-distil-v3.5	0	RES0077	1572	147	0.093511	1649	201	0.121892
figshare-osce	whisper-distil-v3.5	0	RES0078	1104	117	0.105978	1140	147	0.128947
figshare-osce	whisper-distil-v3.5	0	RES0079	803	98	0.122042	841	132	0.156956
figshare-osce	whisper-distil-v3.5	0	RES0080	1167	123	0.105398	1225	165	0.134694
figshare-osce	whisper-distil-v3.5	0	RES0081	1398	126	0.090129	1455	169	0.116151
figshare-osce	whisper-distil-v3.5	0	RES0082	889	94	0.105737	932	122	0.130901
figshare-osce	whisper-distil-v3.5	0	RES0083	949	97	0.102213	990	126	0.127273
figshare-osce	whisper-distil-v3.5	0	RES0084	1494	97	0.064926	1562	157	0.100512
figshare-osce	whisper-distil-v3.5	0	RES0085	912	77	0.084430	959	112	0.116788
figshare-osce	whisper-distil-v3.5	0	RES0086	1462	136	0.093023	1523	189	0.124097
figshare-osce	whisper-distil-v3.5	0	RES0087	1300	98	0.075385	1359	145	0.106696
figshare-osce	whisper-distil-v3.5	0	RES0088	1318	111	0.084219	1373	159	0.115805
figshare-osce	whisper-distil-v3.5	0	RES0089	1717	127	0.073966	1800	190	0.105556
figshare-osce	whisper-distil-v3.5	0	RES0090	1147	57	0.049695	1193	95	0.079631
figshare-osce	whisper-distil-v3.5	0	RES0091	862	41	0.047564	901	64	0.071032
figshare-osce	whisper-distil-v3.5	0	RES0092	803	86	0.107098	837	108	0.129032
figshare-osce	whisper-distil-v3.5	0	RES0093	1549	171	0.110394	1606	208	0.129514
figshare-osce	whisper-distil-v3.5	0	RES0094	772	65	0.084197	793	83	0.104666
figshare-osce	whisper-distil-v3.5	0	RES0095	1419	155	0.109232	1467	188	0.128153
figshare-osce	whisper-distil-v3.5	0	RES0096	1233	138	0.111922	1292	181	0.140093
figshare-osce	whisper-distil-v3.5	0	RES0097	1322	160	0.121029	1381	195	0.141202
figshare-osce	whisper-distil-v3.5	0	RES0098	1424	111	0.077949	1474	144	0.097693
figshare-osce	whisper-distil-v3.5	0	RES0099	1508	138	0.091512	1554	169	0.108752
figshare-osce	whisper-distil-v3.5	0	RES0100	1715	132	0.076968	1767	170	0.096208
figshare-osce	whisper-distil-v3.5	0	RES0101	1379	124	0.089920	1430	161	0.112587
figshare-osce	whisper-distil-v3.5	0	RES0102	1960	146	0.074490	2025	190	0.093827
figshare-osce	whisper-distil-v3.5	0	RES0103	1051	90	0.085633	1100	125	0.113636
figshare-osce	whisper-distil-v3.5	0	RES0104	1485	114	0.076768	1563	167	0.106846
figshare-osce	whisper-distil-v3.5	0	RES0105	1666	143	0.085834	1738	195	0.112198
figshare-osce	whisper-distil-v3.5	0	RES0106	1242	105	0.084541	1307	161	0.123183
figshare-osce	whisper-distil-v3.5	0	RES0107	1516	123	0.081135	1596	187	0.117168
figshare-osce	whisper-distil-v3.5	0	RES0108	903	64	0.070875	950	104	0.109474
figshare-osce	whisper-distil-v3.5	0	RES0109	795	44	0.055346	845	77	0.091124
figshare-osce	whisper-distil-v3.5	0	RES0110	1505	110	0.073090	1565	151	0.096486
figshare-osce	whisper-distil-v3.5	0	RES0111	923	73	0.079090	965	110	0.113990
figshare-osce	whisper-distil-v3.5	0	RES0112	807	65	0.080545	835	85	0.101796
figshare-osce	whisper-distil-v3.5	0	RES0113	1046	80	0.076482	1079	107	0.099166
figshare-osce	whisper-distil-v3.5	0	RES0114	1586	112	0.070618	1673	181	0.108189
figshare-osce	whisper-distil-v3.5	0	RES0116	1521	99	0.065089	1588	156	0.098237
figshare-osce	whisper-distil-v3.5	0	RES0117	909	74	0.081408	951	102	0.107256
figshare-osce	whisper-distil-v3.5	0	RES0118	926	35	0.037797	947	57	0.060190
figshare-osce	whisper-distil-v3.5	0	RES0119	1307	56	0.042846	1359	96	0.070640
figshare-osce	whisper-distil-v3.5	0	RES0120	1322	76	0.057489	1381	81	0.058653
figshare-osce	whisper-distil-v3.5	0	RES0121	925	72	0.077838	962	81	0.084200
figshare-osce	whisper-distil-v3.5	0	RES0122	1023	70	0.068426	1046	73	0.069790
figshare-osce	whisper-distil-v3.5	0	RES0123	1670	139	0.083234	1716	146	0.085082
figshare-osce	whisper-distil-v3.5	0	RES0124	1675	115	0.068657	1729	120	0.069404
figshare-osce	whisper-distil-v3.5	0	RES0125	1578	98	0.062104	1638	103	0.062882
figshare-osce	whisper-distil-v3.5	0	RES0126	1787	158	0.088416	1858	219	0.117869
figshare-osce	whisper-distil-v3.5	0	RES0127	1404	121	0.086182	1461	158	0.108145
figshare-osce	whisper-distil-v3.5	0	RES0128	1041	89	0.085495	1095	138	0.126027
figshare-osce	whisper-distil-v3.5	0	RES0129	1020	77	0.075490	1078	119	0.110390
figshare-osce	whisper-distil-v3.5	0	RES0130	1271	101	0.079465	1329	106	0.079759
figshare-osce	whisper-distil-v3.5	0	RES0131	1159	78	0.067299	1231	87	0.070674
figshare-osce	whisper-distil-v3.5	0	RES0132	1260	87	0.069048	1309	89	0.067991
figshare-osce	whisper-distil-v3.5	0	RES0133	1221	114	0.093366	1264	116	0.091772
figshare-osce	whisper-distil-v3.5	0	RES0134	1615	109	0.067492	1679	112	0.066706
figshare-osce	whisper-distil-v3.5	0	RES0135	1160	103	0.088793	1224	106	0.086601
figshare-osce	whisper-distil-v3.5	0	RES0136	1198	94	0.078464	1243	106	0.085278
figshare-osce	whisper-distil-v3.5	0	RES0137	1226	116	0.094617	1274	122	0.095761
figshare-osce	whisper-distil-v3.5	0	RES0138	1099	99	0.090082	1148	111	0.096690
figshare-osce	whisper-distil-v3.5	0	RES0139	1082	118	0.109057	1131	124	0.109637
figshare-osce	whisper-distil-v3.5	0	RES0140	881	93	0.105562	907	98	0.108049
figshare-osce	whisper-distil-v3.5	0	RES0141	953	98	0.102833	987	99	0.100304
figshare-osce	whisper-distil-v3.5	0	RES0142	761	83	0.109067	778	87	0.111825
figshare-osce	whisper-distil-v3.5	0	RES0143	1094	104	0.095064	1119	108	0.096515
figshare-osce	whisper-distil-v3.5	0	RES0144	1114	137	0.122980	1153	169	0.146574
figshare-osce	whisper-distil-v3.5	0	RES0145	1273	153	0.120189	1326	188	0.141780
figshare-osce	whisper-distil-v3.5	0	RES0146	866	97	0.112009	898	116	0.129176
figshare-osce	whisper-distil-v3.5	0	RES0147	1218	158	0.129721	1274	192	0.150706
figshare-osce	whisper-distil-v3.5	0	RES0148	1094	126	0.115174	1136	157	0.138204
figshare-osce	whisper-distil-v3.5	0	RES0149	1219	103	0.084495	1270	136	0.107087
figshare-osce	whisper-distil-v3.5	0	RES0150	1097	124	0.113036	1147	152	0.132520
figshare-osce	whisper-distil-v3.5	0	RES0151	1110	85	0.076577	1157	119	0.102852
figshare-osce	whisper-distil-v3.5	0	RES0152	1020	98	0.096078	1059	123	0.116147
figshare-osce	whisper-distil-v3.5	0	RES0153	1055	95	0.090047	1103	131	0.118767
figshare-osce	whisper-distil-v3.5	0	RES0154	902	90	0.099778	943	127	0.134677
figshare-osce	whisper-distil-v3.5	0	RES0155	1374	140	0.101892	1439	185	0.128562
figshare-osce	whisper-distil-v3.5	0	RES0156	957	102	0.106583	1016	139	0.136811
figshare-osce	whisper-distil-v3.5	0	RES0158	1029	77	0.074830	1079	112	0.103800
figshare-osce	whisper-distil-v3.5	0	RES0159	1072	80	0.074627	1104	103	0.093297
figshare-osce	whisper-distil-v3.5	0	RES0160	1110	131	0.118018	1135	153	0.134802
figshare-osce	whisper-distil-v3.5	0	RES0161	1009	122	0.120912	1034	135	0.130561
figshare-osce	whisper-distil-v3.5	0	RES0162	1208	128	0.105960	1235	148	0.119838
figshare-osce	whisper-distil-v3.5	0	RES0163	1156	110	0.095156	1200	150	0.125000
figshare-osce	whisper-distil-v3.5	0	RES0164	1194	167	0.139866	1248	216	0.173077
figshare-osce	whisper-distil-v3.5	0	RES0165	869	81	0.093211	909	118	0.129813
figshare-osce	whisper-distil-v3.5	0	RES0166	1102	110	0.099819	1155	156	0.135065
figshare-osce	whisper-distil-v3.5	0	RES0167	1124	111	0.098754	1181	154	0.130398
figshare-osce	whisper-distil-v3.5	0	RES0168	1268	94	0.074132	1329	143	0.107600
figshare-osce	whisper-distil-v3.5	0	RES0169	916	104	0.113537	946	130	0.137421
figshare-osce	whisper-distil-v3.5	0	RES0170	1303	144	0.110514	1351	177	0.131014
figshare-osce	whisper-distil-v3.5	0	RES0171	1319	117	0.088704	1368	143	0.104532
figshare-osce	whisper-distil-v3.5	0	RES0172	1154	126	0.109185	1195	149	0.124686
figshare-osce	whisper-distil-v3.5	0	RES0173	1204	150	0.124585	1262	188	0.148970
figshare-osce	whisper-distil-v3.5	0	RES0174	1483	126	0.084963	1549	175	0.112976
figshare-osce	whisper-distil-v3.5	0	RES0175	974	88	0.090349	1017	118	0.116028
figshare-osce	whisper-distil-v3.5	0	RES0176	1253	107	0.085395	1305	151	0.115709
figshare-osce	whisper-distil-v3.5	0	RES0177	1129	92	0.081488	1193	142	0.119028
figshare-osce	whisper-distil-v3.5	0	RES0178	1058	107	0.101134	1125	157	0.139556
figshare-osce	whisper-distil-v3.5	0	RES0179	1213	109	0.089860	1291	169	0.130906
figshare-osce	whisper-distil-v3.5	0	RES0180	1009	90	0.089197	1065	135	0.126761
figshare-osce	whisper-distil-v3.5	0	RES0181	1120	122	0.108929	1184	176	0.148649
figshare-osce	whisper-distil-v3.5	0	RES0182	894	75	0.083893	945	119	0.125926
figshare-osce	whisper-distil-v3.5	0	RES0183	1160	104	0.089655	1217	155	0.127362
figshare-osce	whisper-distil-v3.5	0	RES0184	917	83	0.090513	970	129	0.132990
figshare-osce	whisper-distil-v3.5	0	RES0185	1023	90	0.087977	1075	133	0.123721
figshare-osce	whisper-distil-v3.5	0	RES0186	1009	77	0.076313	1069	121	0.113190
figshare-osce	whisper-distil-v3.5	0	RES0187	1238	100	0.080775	1303	160	0.122794
figshare-osce	whisper-distil-v3.5	0	RES0188	901	75	0.083241	957	121	0.126437
figshare-osce	whisper-distil-v3.5	0	RES0189	1385	109	0.078700	1439	151	0.104934
figshare-osce	whisper-distil-v3.5	0	RES0190	1233	84	0.068127	1290	129	0.100000
figshare-osce	whisper-distil-v3.5	0	RES0191	881	67	0.076050	927	104	0.112190
figshare-osce	whisper-distil-v3.5	0	RES0192	1215	93	0.076543	1280	142	0.110937
figshare-osce	whisper-distil-v3.5	0	RES0193	1372	122	0.088921	1431	162	0.113208
figshare-osce	whisper-distil-v3.5	0	RES0194	1329	125	0.094056	1395	173	0.124014
figshare-osce	whisper-distil-v3.5	0	RES0195	1274	97	0.076138	1335	148	0.110861
figshare-osce	whisper-distil-v3.5	0	RES0196	902	79	0.087583	943	118	0.125133
figshare-osce	whisper-distil-v3.5	0	RES0197	917	80	0.087241	966	124	0.128364
figshare-osce	whisper-distil-v3.5	0	RES0198	812	36	0.044335	857	72	0.084014
figshare-osce	whisper-distil-v3.5	0	RES0199	1096	90	0.082117	1152	144	0.125000
figshare-osce	whisper-distil-v3.5	0	RES0200	1293	146	0.112916	1351	196	0.145078
figshare-osce	whisper-distil-v3.5	0	RES0201	1008	93	0.092262	1059	150	0.141643
figshare-osce	whisper-distil-v3.5	0	RES0202	1455	151	0.103780	1522	200	0.131406
figshare-osce	whisper-distil-v3.5	0	RES0203	875	74	0.084571	920	122	0.132609
figshare-osce	whisper-distil-v3.5	0	RES0204	945	74	0.078307	995	112	0.112563
figshare-osce	whisper-distil-v3.5	0	RES0205	1012	77	0.076087	1049	114	0.108675
figshare-osce	whisper-distil-v3.5	0	RES0206	1316	163	0.123860	1354	197	0.145495
figshare-osce	whisper-distil-v3.5	0	RES0207	776	64	0.082474	818	101	0.123472
figshare-osce	whisper-distil-v3.5	0	RES0208	1286	132	0.102644	1322	161	0.121785
figshare-osce	whisper-distil-v3.5	0	RES0209	1063	92	0.086548	1108	134	0.120939
figshare-osce	whisper-distil-v3.5	0	RES0210	1089	89	0.081726	1139	134	0.117647
figshare-osce	whisper-distil-v3.5	0	RES0211	1358	145	0.106775	1415	186	0.131449
figshare-osce	whisper-distil-v3.5	0	RES0212	1262	76	0.060222	1304	110	0.084356
figshare-osce	whisper-distil-v3.5	0	RES0213	1454	109	0.074966	1485	129	0.086869
figshare-osce	whisper-distil-v3.5	0	RES0214	1085	67	0.061751	1123	103	0.091719
figshare-osce	whisper-distil-v3.5	0	RES0215	1326	98	0.073906	1386	141	0.101732
figshare-osce	whisper-distil-v3.5	0	RES0216	1560	81	0.051923	1604	116	0.072319
figshare-osce	whisper-distil-v3.5	0	RES0217	1463	98	0.066986	1486	117	0.078735
figshare-osce	whisper-turbo	0	CAR0001	992	51	0.051411	1053	104	0.098765
figshare-osce	whisper-turbo	0	CAR0002	1023	76	0.074291	1067	115	0.107779
figshare-osce	whisper-turbo	0	CAR0003	1214	61	0.050247	1281	117	0.091335
figshare-osce	whisper-turbo	0	CAR0004	882	77	0.087302	920	106	0.115217
figshare-osce	whisper-turbo	0	CAR0005	1259	82	0.065131	1292	111	0.085913
figshare-osce	whisper-turbo	0	DER0001	1503	142	0.094478	1554	176	0.113256
figshare-osce	whisper-turbo	0	GAS0001	1005	146	0.145274	1033	166	0.160697
figshare-osce	whisper-turbo	0	GAS0002	1097	64	0.058341	1140	101	0.088596
figshare-osce	whisper-turbo	0	GAS0003	1059	100	0.094429	1093	139	0.127173
figshare-osce	whisper-turbo	0	GAS0004	1137	93	0.081794	1180	130	0.110169
figshare-osce	whisper-turbo	0	GAS0005	1538	157	0.102081	1599	204	0.127580
figshare-osce	whisper-turbo	0	GAS0007	872	75	0.086009	903	100	0.110742
figshare-osce	whisper-turbo	0	GEN0001	1100	77	0.070000	1132	102	0.090106
figshare-osce	whisper-turbo	0	MSK0001	938	67	0.071429	983	111	0.112920
figshare-osce	whisper-turbo	0	MSK0003	1788	163	0.091163	1866	213	0.114148
figshare-osce	whisper-turbo	0	MSK0004	1073	98	0.091333	1125	138	0.122667
figshare-osce	whisper-turbo	0	MSK0005	1440	101	0.070139	1513	160	0.105750
figshare-osce	whisper-turbo	0	MSK0006	1688	115	0.068128	1781	181	0.101628
figshare-osce	whisper-turbo	0	MSK0007	1287	80	0.062160	1358	141	0.103829
figshare-osce	whisper-turbo	0	MSK0008	1358	102	0.075110	1417	162	0.114326
figshare-osce	whisper-turbo	0	MSK0009	1505	143	0.095017	1572	196	0.124682
figshare-osce	whisper-turbo	0	MSK0010	1442	110	0.076283	1505	160	0.106312
figshare-osce	whisper-turbo	0	MSK0011	1460	131	0.089726	1535	183	0.119218
figshare-osce	whisper-turbo	0	MSK0012	1580	98	0.062025	1652	156	0.094431
figshare-osce	whisper-turbo	0	MSK0013	1539	120	0.077973	1610	180	0.111801
figshare-osce	whisper-turbo	0	MSK0014	1514	123	0.081242	1575	167	0.106032
figshare-osce	whisper-turbo	0	MSK0015	1568	149	0.095026	1622	191	0.117756
figshare-osce	whisper-turbo	0	MSK0016	1982	134	0.067608	2064	196	0.094961
figshare-osce	whisper-turbo	0	MSK0017	1646	121	0.073512	1735	195	0.112392
figshare-osce	whisper-turbo	0	MSK0018	941	68	0.072264	976	72	0.073770
figshare-osce	whisper-turbo	0	MSK0019	1293	92	0.071152	1337	97	0.072550
figshare-osce	whisper-turbo	0	MSK0020	1605	115	0.071651	1683	178	0.105764
figshare-osce	whisper-turbo	0	MSK0021	1661	170	0.102348	1745	239	0.136963
figshare-osce	whisper-turbo	0	MSK0022	2076	164	0.078998	2164	228	0.105360
figshare-osce	whisper-turbo	0	MSK0023	1184	104	0.087838	1229	137	0.111473
figshare-osce	whisper-turbo	0	MSK0024	1162	57	0.049053	1193	87	0.072925
figshare-osce	whisper-turbo	0	MSK0025	1526	103	0.067497	1580	141	0.089241
figshare-osce	whisper-turbo	0	MSK0026	1319	92	0.069750	1365	135	0.098901
figshare-osce	whisper-turbo	0	MSK0027	1328	134	0.100904	1377	181	0.131445
figshare-osce	whisper-turbo	0	MSK0028	1776	145	0.081644	1836	193	0.105120
figshare-osce	whisper-turbo	0	MSK0029	2175	190	0.087356	2268	266	0.117284
figshare-osce	whisper-turbo	0	MSK0031	1244	100	0.080386	1299	145	0.111624
figshare-osce	whisper-turbo	0	MSK0032	1161	94	0.080965	1198	98	0.081803
figshare-osce	whisper-turbo	0	MSK0033	1623	130	0.080099	1687	173	0.102549
figshare-osce	whisper-turbo	0	MSK0034	1381	113	0.081825	1448	170	0.117403
figshare-osce	whisper-turbo	0	MSK0035	1535	124	0.080782	1596	176	0.110276
figshare-osce	whisper-turbo	0	MSK0036	1693	138	0.081512	1757	185	0.105293
figshare-osce	whisper-turbo	0	MSK0037	1622	176	0.108508	1682	220	0.130797
figshare-osce	whisper-turbo	0	MSK0038	1808	147	0.081305	1895	216	0.113984
figshare-osce	whisper-turbo	0	MSK0039	1345	95	0.070632	1404	143	0.101852
figshare-osce	whisper-turbo	0	MSK0040	1432	113	0.078911	1488	167	0.112231
figshare-osce	whisper-turbo	0	MSK0041	1532	215	0.140339	1583	262	0.165509
figshare-osce	whisper-turbo	0	MSK0042	1462	143	0.097811	1522	149	0.097898
figshare-osce	whisper-turbo	0	MSK0043	1697	179	0.105480	1772	186	0.104966
figshare-osce	whisper-turbo	0	MSK0044	1133	126	0.111209	1177	137	0.116398
figshare-osce	whisper-turbo	0	MSK0045	1350	111	0.082222	1394	149	0.106887
figshare-osce	whisper-turbo	0	MSK0046	1176	78	0.066327	1225	124	0.101224
figshare-osce	whisper-turbo	0	MSK0049	1325	117	0.088302	1372	157	0.114431
figshare-osce	whisper-turbo	0	MSK0050	1238	103	0.083199	1285	142	0.110506
figshare-osce	whisper-turbo	0	RES0001	1447	135	0.093296	1526	198	0.129751
figshare-osce	whisper-turbo	0	RES0002	1129	303	0.268379	1162	330	0.283993
figshare-osce	whisper-turbo	0	RES0003	1187	64	0.053917	1261	117	0.092784
figshare-osce	whisper-turbo	0	RES0004	1614	156	0.096654	1723	231	0.134068
figshare-osce	whisper-turbo	0	RES0005	1587	131	0.082546	1645	169	0.102736
figshare-osce	whisper-turbo	0	RES0006	1186	88	0.074199	1240	129	0.104032
figshare-osce	whisper-turbo	0	RES0007	1812	147	0.081126	1874	189	0.100854
figshare-osce	whisper-turbo	0	RES0008	1112	92	0.082734	1171	132	0.112724
figshare-osce	whisper-turbo	0	RES0009	1390	144	0.103597	1446	187	0.129322
figshare-osce	whisper-turbo	0	RES0010	1036	144	0.138996	1070	168	0.157009
figshare-osce	whisper-turbo	0	RES0011	1582	195	0.123262	1647	245	0.148755
figshare-osce	whisper-turbo	0	RES0012	2062	208	0.100873	2168	286	0.131919
figshare-osce	whisper-turbo	0	RES0013	1344	120	0.089286	1400	170	0.121429
figshare-osce	whisper-turbo	0	RES0014	1368	93	0.067982	1429	145	0.101470
figshare-osce	whisper-turbo	0	RES0015	1538	95	0.061769	1607	158	0.098320
figshare-osce	whisper-turbo	0	RES0016	1268	74	0.058360	1327	127	0.095705
figshare-osce	whisper-turbo	0	RES0017	1691	165	0.097575	1751	214	0.122216
figshare-osce	whisper-turbo	0	RES0018	1284	123	0.095794	1334	159	0.119190
figshare-osce	whisper-turbo	0	RES0019	1274	86	0.067504	1334	134	0.100450
figshare-osce	whisper-turbo	0	RES0020	1358	102	0.075110	1413	149	0.105449
figshare-osce	whisper-turbo	0	RES0021	1198	115	0.095993	1255	162	0.129084
figshare-osce	whisper-turbo	0	RES0022	1921	192	0.099948	1999	255	0.127564
figshare-osce	whisper-turbo	0	RES0023	1035	116	0.112077	1099	164	0.149227
figshare-osce	whisper-turbo	0	RES0024	959	81	0.084463	1004	120	0.119522
figshare-osce	whisper-turbo	0	RES0025	1327	156	0.117558	1393	212	0.152190
figshare-osce	whisper-turbo	0	RES0026	1478	121	0.081867	1544	185	0.119819
figshare-osce	whisper-turbo	0	RES0027	1308	122	0.093272	1366	169	0.123719
figshare-osce	whisper-turbo	0	RES0028	1100	89	0.080909	1156	136	0.117647
figshare-osce	whisper-turbo	0	RES0029	781	64	0.081946	811	91	0.112207
figshare-osce	whisper-turbo	0	RES0030	1134	92	0.081129	1184	136	0.114865
figshare-osce	whisper-turbo	0	RES0031	1294	77	0.059505	1343	118	0.087863
figshare-osce	whisper-turbo	0	RES0032	1173	66	0.056266	1212	98	0.080858
figshare-osce	whisper-turbo	0	RES0033	1316	107	0.081307	1372	151	0.110058
figshare-osce	whisper-turbo	0	RES0034	1623	119	0.073321	1685	171	0.101484
figshare-osce	whisper-turbo	0	RES0035	918	37	0.040305	958	75	0.078288
figshare-osce	whisper-turbo	0	RES0036	1352	85	0.062870	1423	149	0.104708
figshare-osce	whisper-turbo	0	RES0037	1376	121	0.087936	1453	177	0.121817
figshare-osce	whisper-turbo	0	RES0038	1485	213	0.143434	1554	264	0.169884
figshare-osce	whisper-turbo	0	RES0039	1592	167	0.104899	1672	221	0.132177
figshare-osce	whisper-turbo	0	RES0042	1206	131	0.108624	1264	186	0.147152
figshare-osce	whisper-turbo	0	RES0043	1432	146	0.101955	1503	199	0.132402
figshare-osce	whisper-turbo	0	RES0044	1768	114	0.064480	1859	184	0.098978
figshare-osce	whisper-turbo	0	RES0045	1145	71	0.062009	1204	113	0.093854
figshare-osce	whisper-turbo	0	RES0046	1494	168	0.112450	1588	233	0.146725
figshare-osce	whisper-turbo	0	RES0047	1530	130	0.084967	1628	199	0.122236
figshare-osce	whisper-turbo	0	RES0048	1730	96	0.055491	1809	152	0.084024
figshare-osce	whisper-turbo	0	RES0049	1549	131	0.084571	1622	184	0.113440
figshare-osce	whisper-turbo	0	RES0050	1065	75	0.070423	1109	113	0.101894
figshare-osce	whisper-turbo	0	RES0051	958	117	0.122129	997	158	0.158475
figshare-osce	whisper-turbo	0	RES0052	776	94	0.121134	828	139	0.167874
figshare-osce	whisper-turbo	0	RES0053	1917	289	0.150756	1982	354	0.178607
figshare-osce	whisper-turbo	0	RES0054	2442	694	0.284193	2491	738	0.296267
figshare-osce	whisper-turbo	0	RES0055	1313	152	0.115765	1375	207	0.150545
figshare-osce	whisper-turbo	0	RES0056	1126	117	0.103908	1174	165	0.140545
figshare-osce	whisper-turbo	0	RES0057	1203	158	0.131338	1245	195	0.156627
figshare-osce	whisper-turbo	0	RES0058	1437	171	0.118998	1514	235	0.155218
figshare-osce	whisper-turbo	0	RES0059	1291	115	0.089078	1358	169	0.124448
figshare-osce	whisper-turbo	0	RES0060	1602	172	0.107366	1683	239	0.142008
figshare-osce	whisper-turbo	0	RES0061	1696	152	0.089623	1783	210	0.117779
figshare-osce	whisper-turbo	0	RES0062	1866	167	0.089496	1965	243	0.123664
figshare-osce	whisper-turbo	0	RES0063	1373	116	0.084487	1439	161	0.111883
figshare-osce	whisper-turbo	0	RES0064	1030	88	0.085437	1078	123	0.114100
figshare-osce	whisper-turbo	0	RES0065	1045	73	0.069856	1089	122	0.112029
figshare-osce	whisper-turbo	0	RES0066	1132	94	0.083039	1192	142	0.119128
figshare-osce	whisper-turbo	0	RES0067	905	86	0.095028	946	112	0.118393
figshare-osce	whisper-turbo	0	RES0068	1158	104	0.089810	1213	147	0.121187
figshare-osce	whisper-turbo	0	RES0069	972	92	0.094650	1026	135	0.131579
figshare-osce	whisper-turbo	0	RES0070	929	89	0.095802	976	132	0.135246
figshare-osce	whisper-turbo	0	RES0071	1248	114	0.091346	1301	157	0.120676
figshare-osce	whisper-turbo	0	RES0072	1124	98	0.087189	1182	148	0.125212
figshare-osce	whisper-turbo	0	RES0073	1293	97	0.075019	1340	135	0.100746
figshare-osce	whisper-turbo	0	RES0074	1187	85	0.071609	1246	127	0.101926
figshare-osce	whisper-turbo	0	RES0075	1065	72	0.067606	1112	113	0.101619
figshare-osce	whisper-turbo	0	RES0076	1500	97	0.064667	1569	151	0.096240
figshare-osce	whisper-turbo	0	RES0077	1572	142	0.090331	1649	196	0.118860
figshare-osce	whisper-turbo	0	RES0078	1104	115	0.104167	1140	146	0.128070
figshare-osce	whisper-turbo	0	RES0079	803	92	0.114570	841	125	0.148633
figshare-osce	whisper-turbo	0	RES0080	1167	97	0.083119	1225	138	0.112653
figshare-osce	whisper-turbo	0	RES0081	1398	123	0.087983	1455	162	0.111340
figshare-osce	whisper-turbo	0	RES0082	889	69	0.077615	932	99	0.106223
figshare-osce	whisper-turbo	0	RES0083	949	86	0.090622	990	118	0.119192
figshare-osce	whisper-turbo	0	RES0084	1494	88	0.058902	1562	147	0.094110
figshare-osce	whisper-turbo	0	RES0085	912	64	0.070175	959	97	0.101147
figshare-osce	whisper-turbo	0	RES0086	1462	116	0.079343	1523	169	0.110965
figshare-osce	whisper-turbo	0	RES0087	1300	80	0.061538	1359	126	0.092715
figshare-osce	whisper-turbo	0	RES0088	1318	101	0.076631	1373	149	0.108521
figshare-osce	whisper-turbo	0	RES0089	1717	122	0.071054	1800	187	0.103889
figshare-osce	whisper-turbo	0	RES0090	1147	81	0.070619	1193	118	0.098910
figshare-osce	whisper-turbo	0	RES0091	862	41	0.047564	901	65	0.072142
figshare-osce	whisper-turbo	0	RES0092	803	103	0.128269	837	123	0.146953
figshare-osce	whisper-turbo	0	RES0093	1549	161	0.103938	1606	198	0.123288
figshare-osce	whisper-turbo	0	RES0094	772	73	0.094560	793	91	0.114754
figshare-osce	whisper-turbo	0	RES0095	1419	161	0.113460	1467	192	0.130879
figshare-osce	whisper-turbo	0	RES0096	1233	162	0.131387	1292	204	0.157895
figshare-osce	whisper-turbo	0	RES0097	1322	170	0.128593	1381	205	0.148443
figshare-osce	whisper-turbo	0	RES0098	1424	123	0.086376	1474	158	0.107191
figshare-osce	whisper-turbo	0	RES0099	1508	161	0.106764	1554	192	0.123552
figshare-osce	whisper-turbo	0	RES0100	1715	170	0.099125	1767	207	0.117148
figshare-osce	whisper-turbo	0	RES0101	1379	133	0.096447	1430	169	0.118182
figshare-osce	whisper-turbo	0	RES0102	1960	154	0.078571	2025	200	0.098765
figshare-osce	whisper-turbo	0	RES0103	1051	110	0.104662	1100	145	0.131818
figshare-osce	whisper-turbo	0	RES0104	1485	125	0.084175	1563	177	0.113244
figshare-osce	whisper-turbo	0	RES0105	1666	216	0.129652	1738	268	0.154200
figshare-osce	whisper-turbo	0	RES0106	1242	109	0.087762	1307	163	0.124713
figshare-osce	whisper-turbo	0	RES0107	1516	140	0.092348	1596	207	0.129699
figshare-osce	whisper-turbo	0	RES0108	903	71	0.078627	950	110	0.115789
figshare-osce	whisper-turbo	0	RES0109	795	44	0.055346	845	77	0.091124
figshare-osce	whisper-turbo	0	RES0110	1505	119	0.079070	1565	157	0.100319
figshare-osce	whisper-turbo	0	RES0111	923	80	0.086674	965	113	0.117098
figshare-osce	whisper-turbo	0	RES0112	807	78	0.096654	835	98	0.117365
figshare-osce	whisper-turbo	0	RES0113	1046	93	0.088910	1079	120	0.111214
figshare-osce	whisper-turbo	0	RES0114	1586	124	0.078184	1673	190	0.113568
figshare-osce	whisper-turbo	0	RES0116	1521	88	0.057857	1588	143	0.090050
figshare-osce	whisper-turbo	0	RES0117	909	73	0.080308	951	105	0.110410
figshare-osce	whisper-turbo	0	RES0118	926	100	0.107991	947	116	0.122492
figshare-osce	whisper-turbo	0	RES0119	1307	64	0.048967	1359	103	0.075791
figshare-osce	whisper-turbo	0	RES0120	1322	87	0.065809	1381	92	0.066618
figshare-osce	whisper-turbo	0	RES0121	925	60	0.064865	962	66	0.068607
figshare-osce	whisper-turbo	0	RES0122	1023	89	0.086999	1046	92	0.087954
figshare-osce	whisper-turbo	0	RES0123	1670	169	0.101198	1716	178	0.103730
figshare-osce	whisper-turbo	0	RES0124	1675	139	0.082985	1729	142	0.082128
figshare-osce	whisper-turbo	0	RES0125	1578	111	0.070342	1638	114	0.069597
figshare-osce	whisper-turbo	0	RES0126	1787	207	0.115837	1858	265	0.142626
figshare-osce	whisper-turbo	0	RES0127	1404	133	0.094729	1461	171	0.117043
figshare-osce	whisper-turbo	0	RES0128	1041	99	0.095101	1095	149	0.136073
figshare-osce	whisper-turbo	0	RES0129	1020	76	0.074510	1078	120	0.111317
figshare-osce	whisper-turbo	0	RES0130	1271	105	0.082612	1329	112	0.084274
figshare-osce	whisper-turbo	0	RES0131	1159	88	0.075928	1231	93	0.075548
figshare-osce	whisper-turbo	0	RES0132	1260	89	0.070635	1309	92	0.070283
figshare-osce	whisper-turbo	0	RES0133	1221	160	0.131040	1264	164	0.129747
figshare-osce	whisper-turbo	0	RES0134	1615	124	0.076780	1679	129	0.076831
figshare-osce	whisper-turbo	0	RES0135	1160	99	0.085345	1224	102	0.083333
figshare-osce	whisper-turbo	0	RES0136	1198	109	0.090985	1243	115	0.092518
figshare-osce	whisper-turbo	0	RES0137	1226	179	0.146003	1274	186	0.145997
figshare-osce	whisper-turbo	0	RES0138	1099	115	0.104641	1148	126	0.109756
figshare-osce	whisper-turbo	0	RES0139	1082	105	0.097043	1131	115	0.101680
figshare-osce	whisper-turbo	0	RES0140	881	110	0.124858	907	112	0.123484
figshare-osce	whisper-turbo	0	RES0141	953	110	0.115425	987	112	0.113475
figshare-osce	whisper-turbo	0	RES0142	761	87	0.114323	778	90	0.115681
figshare-osce	whisper-turbo	0	RES0143	1094	114	0.104205	1119	114	0.101877
figshare-osce	whisper-turbo	0	RES0144	1114	165	0.148115	1153	195	0.169124
figshare-osce	whisper-turbo	0	RES0145	1273	202	0.158680	1326	237	0.178733
figshare-osce	whisper-turbo	0	RES0146	866	94	0.108545	898	114	0.126949
figshare-osce	whisper-turbo	0	RES0147	1218	181	0.148604	1274	219	0.171900
figshare-osce	whisper-turbo	0	RES0148	1094	225	0.205667	1136	253	0.222711
figshare-osce	whisper-turbo	0	RES0149	1219	112	0.091879	1270	142	0.111811
figshare-osce	whisper-turbo	0	RES0150	1097	128	0.116682	1147	159	0.138622
figshare-osce	whisper-turbo	0	RES0151	1110	104	0.093694	1157	136	0.117545
figshare-osce	whisper-turbo	0	RES0152	1020	87	0.085294	1059	114	0.107649
figshare-osce	whisper-turbo	0	RES0153	1055	110	0.104265	1103	145	0.131460
figshare-osce	whisper-turbo	0	RES0154	902	91	0.100887	943	128	0.135737
figshare-osce	whisper-turbo	0	RES0155	1374	221	0.160844	1439	265	0.184156
figshare-osce	whisper-turbo	0	RES0156	957	87	0.090909	1016	124	0.122047
figshare-osce	whisper-turbo	0	RES0158	1029	90	0.087464	1079	125	0.115848
figshare-osce	whisper-turbo	0	RES0159	1072	93	0.086754	1104	114	0.103261
figshare-osce	whisper-turbo	0	RES0160	1110	139	0.125225	1135	160	0.140969
figshare-osce	whisper-turbo	0	RES0161	1009	128	0.126858	1034	142	0.137331
figshare-osce	whisper-turbo	0	RES0162	1208	129	0.106788	1235	148	0.119838
figshare-osce	whisper-turbo	0	RES0163	1156	125	0.108131	1200	163	0.135833
figshare-osce	whisper-turbo	0	RES0164	1194	169	0.141541	1248	214	0.171474
figshare-osce	whisper-turbo	0	RES0165	869	88	0.101266	909	123	0.135314
figshare-osce	whisper-turbo	0	RES0166	1102	123	0.111615	1155	166	0.143723
figshare-osce	whisper-turbo	0	RES0167	1124	118	0.104982	1181	161	0.136325
figshare-osce	whisper-turbo	0	RES0168	1268	93	0.073344	1329	142	0.106847
figshare-osce	whisper-turbo	0	RES0169	916	112	0.122271	946	137	0.144820
figshare-osce	whisper-turbo	0	RES0170	1303	168	0.128933	1351	200	0.148038
figshare-osce	whisper-turbo	0	RES0171	1319	203	0.153904	1368	229	0.167398
figshare-osce	whisper-turbo	0	RES0172	1154	160	0.138648	1195	184	0.153975
figshare-osce	whisper-turbo	0	RES0173	1204	154	0.127907	1262	193	0.152932
figshare-osce	whisper-turbo	0	RES0174	1483	160	0.107889	1549	211	0.136217
figshare-osce	whisper-turbo	0	RES0175	974	107	0.109856	1017	136	0.133727
figshare-osce	whisper-turbo	0	RES0176	1253	119	0.094972	1305	161	0.123372
figshare-osce	whisper-turbo	0	RES0177	1129	114	0.100974	1193	167	0.139983
figshare-osce	whisper-turbo	0	RES0178	1058	134	0.126654	1125	186	0.165333
figshare-osce	whisper-turbo	0	RES0179	1213	128	0.105523	1291	186	0.144074
figshare-osce	whisper-turbo	0	RES0180	1009	93	0.092170	1065	137	0.128638
figshare-osce	whisper-turbo	0	RES0181	1120	140	0.125000	1184	193	0.163007
figshare-osce	whisper-turbo	0	RES0182	894	84	0.093960	945	128	0.135450
figshare-osce	whisper-turbo	0	RES0183	1160	128	0.110345	1217	177	0.145440
figshare-osce	whisper-turbo	0	RES0184	917	132	0.143948	970	177	0.182474
figshare-osce	whisper-turbo	0	RES0185	1023	106	0.103617	1075	146	0.135814
figshare-osce	whisper-turbo	0	RES0186	1009	91	0.090188	1069	135	0.126286
figshare-osce	whisper-turbo	0	RES0187	1238	112	0.090468	1303	170	0.130468
figshare-osce	whisper-turbo	0	RES0188	901	70	0.077691	957	115	0.120167
figshare-osce	whisper-turbo	0	RES0189	1385	97	0.070036	1439	140	0.097290
figshare-osce	whisper-turbo	0	RES0190	1233	95	0.077048	1290	140	0.108527
figshare-osce	whisper-turbo	0	RES0191	881	64	0.072645	927	103	0.111111
figshare-osce	whisper-turbo	0	RES0192	1215	107	0.088066	1280	157	0.122656
figshare-osce	whisper-turbo	0	RES0193	1372	140	0.102041	1431	183	0.127883
figshare-osce	whisper-turbo	0	RES0194	1329	148	0.111362	1395	195	0.139785
figshare-osce	whisper-turbo	0	RES0195	1274	109	0.085557	1335	158	0.118352
figshare-osce	whisper-turbo	0	RES0196	902	77	0.085366	943	116	0.123012
figshare-osce	whisper-turbo	0	RES0197	917	96	0.104689	966	139	0.143892
figshare-osce	whisper-turbo	0	RES0198	812	57	0.070197	857	93	0.108518
figshare-osce	whisper-turbo	0	RES0199	1096	89	0.081204	1152	139	0.120660
figshare-osce	whisper-turbo	0	RES0200	1293	152	0.117556	1351	197	0.145818
figshare-osce	whisper-turbo	0	RES0201	1008	91	0.090278	1059	147	0.138810
figshare-osce	whisper-turbo	0	RES0202	1455	151	0.103780	1522	196	0.128778
figshare-osce	whisper-turbo	0	RES0203	875	73	0.083429	920	119	0.129348
figshare-osce	whisper-turbo	0	RES0204	945	75	0.079365	995	113	0.113568
figshare-osce	whisper-turbo	0	RES0205	1012	101	0.099802	1049	133	0.126787
figshare-osce	whisper-turbo	0	RES0206	1316	192	0.145897	1354	224	0.165436
figshare-osce	whisper-turbo	0	RES0207	776	62	0.079897	818	94	0.114914
figshare-osce	whisper-turbo	0	RES0208	1286	155	0.120529	1322	182	0.137670
figshare-osce	whisper-turbo	0	RES0209	1063	87	0.081844	1108	128	0.115523
figshare-osce	whisper-turbo	0	RES0210	1089	87	0.079890	1139	131	0.115013
figshare-osce	whisper-turbo	0	RES0211	1358	155	0.114138	1415	195	0.137809
figshare-osce	whisper-turbo	0	RES0212	1262	109	0.086371	1304	144	0.110429
figshare-osce	whisper-turbo	0	RES0213	1454	156	0.107290	1485	178	0.119865
figshare-osce	whisper-turbo	0	RES0214	1085	71	0.065438	1123	107	0.095280
figshare-osce	whisper-turbo	0	RES0215	1326	85	0.064103	1386	124	0.089466
figshare-osce	whisper-turbo	0	RES0216	1560	92	0.058974	1604	128	0.079800
figshare-osce	whisper-turbo	0	RES0217	1463	90	0.061517	1486	108	0.072678
figshare-osce	whisper-base-en	0	CAR0001	992	65	0.065524	1053	118	0.112061
figshare-osce	whisper-base-en	0	CAR0002	1023	87	0.085044	1067	124	0.116214
figshare-osce	whisper-base-en	0	CAR0003	1214	93	0.076606	1281	151	0.117877
figshare-osce	whisper-base-en	0	CAR0004	882	97	0.109977	920	129	0.140217
figshare-osce	whisper-base-en	0	CAR0005	1259	124	0.098491	1292	153	0.118421
figshare-osce	whisper-base-en	0	DER0001	1503	207	0.137725	1554	238	0.153153
figshare-osce	whisper-base-en	0	GAS0001	1005	200	0.199005	1033	221	0.213940
figshare-osce	whisper-base-en	0	GAS0002	1097	92	0.083865	1140	127	0.111404
figshare-osce	whisper-base-en	0	GAS0003	1059	112	0.105760	1093	152	0.139067
figshare-osce	whisper-base-en	0	GAS0004	1137	157	0.138083	1180	190	0.161017
figshare-osce	whisper-base-en	0	GAS0005	1538	189	0.122887	1599	236	0.147592
figshare-osce	whisper-base-en	0	GAS0007	872	114	0.130734	903	135	0.149502
figshare-osce	whisper-base-en	0	GEN0001	1100	98	0.089091	1132	121	0.106890
figshare-osce	whisper-base-en	0	MSK0001	938	91	0.097015	983	131	0.133266
figshare-osce	whisper-base-en	0	MSK0003	1788	180	0.100671	1866	231	0.123794
figshare-osce	whisper-base-en	0	MSK0004	1073	101	0.094129	1125	138	0.122667
figshare-osce	whisper-base-en	0	MSK0005	1440	121	0.084028	1513	179	0.118308
figshare-osce	whisper-base-en	0	MSK0006	1688	156	0.092417	1781	218	0.122403
figshare-osce	whisper-base-en	0	MSK0007	1287	95	0.073815	1358	156	0.114875
figshare-osce	whisper-base-en	0	MSK0008	1358	163	0.120029	1417	215	0.151729
figshare-osce	whisper-base-en	0	MSK0009	1505	258	0.171429	1572	312	0.198473
figshare-osce	whisper-base-en	0	MSK0010	1442	120	0.083218	1505	173	0.114950
figshare-osce	whisper-base-en	0	MSK0011	1460	160	0.109589	1535	212	0.138111
figshare-osce	whisper-base-en	0	MSK0012	1580	119	0.075316	1652	174	0.105327
figshare-osce	whisper-base-en	0	MSK0013	1539	128	0.083171	1610	189	0.117391
figshare-osce	whisper-base-en	0	MSK0014	1514	153	0.101057	1575	195	0.123810
figshare-osce	whisper-base-en	0	MSK0015	1568	219	0.139668	1622	260	0.160296
figshare-osce	whisper-base-en	0	MSK0016	1982	156	0.078708	2064	215	0.104167
figshare-osce	whisper-base-en	0	MSK0017	1646	140	0.085055	1735	208	0.119885
figshare-osce	whisper-base-en	0	MSK0018	941	96	0.102019	976	101	0.103484
figshare-osce	whisper-base-en	0	MSK0019	1293	141	0.109049	1337	147	0.109948
figshare-osce	whisper-base-en	0	MSK0020	1605	169	0.105296	1683	230	0.136661
figshare-osce	whisper-base-en	0	MSK0021	1661	173	0.104154	1745	241	0.138109
figshare-osce	whisper-base-en	0	MSK0022	2076	169	0.081407	2164	232	0.107209
figshare-osce	whisper-base-en	0	MSK0023	1184	121	0.102196	1229	155	0.126119
figshare-osce	whisper-base-en	0	MSK0024	1162	82	0.070568	1193	107	0.089690
figshare-osce	whisper-base-en	0	MSK0025	1526	122	0.079948	1580	157	0.099367
figshare-osce	whisper-base-en	0	MSK0026	1319	103	0.078089	1365	147	0.107692
figshare-osce	whisper-base-en	0	MSK0027	1328	128	0.096386	1377	171	0.124183
figshare-osce	whisper-base-en	0	MSK0028	1776	168	0.094595	1836	220	0.119826
figshare-osce	whisper-base-en	0	MSK0029	2175	226	0.103908	2268	297	0.130952
figshare-osce	whisper-base-en	0	MSK0031	1244	137	0.110129	1299	179	0.137798
figshare-osce	whisper-base-en	0	MSK0032	1161	126	0.108527	1198	127	0.106010
figshare-osce	whisper-base-en	0	MSK0033	1623	161	0.099199	1687	203	0.120332
figshare-osce	whisper-base-en	0	MSK0034	1381	133	0.096307	1448	191	0.131906
figshare-osce	whisper-base-en	0	MSK0035	1535	158	0.102932	1596	207	0.129699
figshare-osce	whisper-base-en	0	MSK0036	1693	154	0.090963	1757	197	0.112123
figshare-osce	whisper-base-en	0	MSK0037	1622	191	0.117756	1682	233	0.138526
figshare-osce	whisper-base-en	0	MSK0038	1808	185	0.102323	1895	248	0.130871
figshare-osce	whisper-base-en	0	MSK0039	1345	225	0.167286	1404	273	0.194444
figshare-osce	whisper-base-en	0	MSK0040	1432	141	0.098464	1488	192	0.129032
figshare-osce	whisper-base-en	0	MSK0041	1532	133	0.086815	1583	179	0.113076
figshare-osce	whisper-base-en	0	MSK0042	1462	174	0.119015	1522	179	0.117608
figshare-osce	whisper-base-en	0	MSK0043	1697	223	0.131408	1772	234	0.132054
figshare-osce	whisper-base-en	0	MSK0044	1133	177	0.156222	1177	187	0.158879
figshare-osce	whisper-base-en	0	MSK0045	1350	139	0.102963	1394	178	0.127690
figshare-osce	whisper-base-en	0	MSK0046	1176	133	0.113095	1225	176	0.143673
figshare-osce	whisper-base-en	0	MSK0049	1325	115	0.086792	1372	155	0.112974
figshare-osce	whisper-base-en	0	MSK0050	1238	90	0.072698	1285	128	0.099611
figshare-osce	whisper-base-en	0	RES0001	1447	274	0.189357	1526	328	0.214941
figshare-osce	whisper-base-en	0	RES0002	1129	317	0.280779	1162	344	0.296041
figshare-osce	whisper-base-en	0	RES0003	1187	100	0.084246	1261	153	0.121332
figshare-osce	whisper-base-en	0	RES0004	1614	191	0.118340	1723	260	0.150900
figshare-osce	whisper-base-en	0	RES0005	1587	128	0.080655	1645	167	0.101520
figshare-osce	whisper-base-en	0	RES0006	1186	102	0.086003	1240	142	0.114516
figshare-osce	whisper-base-en	0	RES0007	1812	155	0.085541	1874	197	0.105123
figshare-osce	whisper-base-en	0	RES0008	1112	115	0.103417	1171	156	0.133219
figshare-osce	whisper-base-en	0	RES0009	1390	185	0.133094	1446	222	0.153527
figshare-osce	whisper-base-en	0	RES0010	1036	161	0.155405	1070	187	0.174766
figshare-osce	whisper-base-en	0	RES0011	1582	179	0.113148	1647	231	0.140255
figshare-osce	whisper-base-en	0	RES0012	2062	224	0.108632	2168	304	0.140221
figshare-osce	whisper-base-en	0	RES0013	1344	164	0.122024	1400	213	0.152143
figshare-osce	whisper-base-en	0	RES0014	1368	129	0.094298	1429	183	0.128062
figshare-osce	whisper-base-en	0	RES0015	1538	125	0.081274	1607	186	0.115744
figshare-osce	whisper-base-en	0	RES0016	1268	78	0.061514	1327	130	0.097965
figshare-osce	whisper-base-en	0	RES0017	1691	150	0.088705	1751	196	0.111936
figshare-osce	whisper-base-en	0	RES0018	1284	134	0.104361	1334	169	0.126687
figshare-osce	whisper-base-en	0	RES0019	1274	111	0.087127	1334	159	0.119190
figshare-osce	whisper-base-en	0	RES0020	1358	117	0.086156	1413	164	0.116065
figshare-osce	whisper-base-en	0	RES0021	1198	118	0.098497	1255	164	0.130677
figshare-osce	whisper-base-en	0	RES0022	1921	200	0.104112	1999	263	0.131566
figshare-osce	whisper-base-en	0	RES0023	1035	143	0.138164	1099	185	0.168335
figshare-osce	whisper-base-en	0	RES0024	959	85	0.088634	1004	122	0.121514
figshare-osce	whisper-base-en	0	RES0025	1327	162	0.122080	1393	218	0.156497
figshare-osce	whisper-base-en	0	RES0026	1478	113	0.076455	1544	176	0.113990
figshare-osce	whisper-base-en	0	RES0027	1308	100	0.076453	1366	144	0.105417
figshare-osce	whisper-base-en	0	RES0028	1100	97	0.088182	1156	143	0.123702
figshare-osce	whisper-base-en	0	RES0029	781	86	0.110115	811	115	0.141800
figshare-osce	whisper-base-en	0	RES0030	1134	85	0.074956	1184	127	0.107264
figshare-osce	whisper-base-en	0	RES0031	1294	99	0.076507	1343	138	0.102755
figshare-osce	whisper-base-en	0	RES0032	1173	100	0.085251	1212	133	0.109736
figshare-osce	whisper-base-en	0	RES0033	1316	98	0.074468	1372	141	0.102770
figshare-osce	whisper-base-en	0	RES0034	1623	140	0.086260	1685	194	0.115134
figshare-osce	whisper-base-en	0	RES0035	918	65	0.070806	958	102	0.106472
figshare-osce	whisper-base-en	0	RES0036	1352	113	0.083580	1423	176	0.123682
figshare-osce	whisper-base-en	0	RES0037	1376	137	0.099564	1453	191	0.131452
figshare-osce	whisper-base-en	0	RES0038	1485	122	0.082155	1554	176	0.113256
figshare-osce	whisper-base-en	0	RES0039	1592	166	0.104271	1672	218	0.130383
figshare-osce	whisper-base-en	0	RES0042	1206	161	0.133499	1264	213	0.168513
figshare-osce	whisper-base-en	0	RES0043	1432	208	0.145251	1503	262	0.174318
figshare-osce	whisper-base-en	0	RES0044	1768	169	0.095588	1859	231	0.124260
figshare-osce	whisper-base-en	0	RES0045	1145	95	0.082969	1204	136	0.112957
figshare-osce	whisper-base-en	0	RES0046	1494	129	0.086345	1588	198	0.124685
figshare-osce	whisper-base-en	0	RES0047	1530	158	0.103268	1628	226	0.138821
figshare-osce	whisper-base-en	0	RES0048	1730	160	0.092486	1809	216	0.119403
figshare-osce	whisper-base-en	0	RES0049	1549	166	0.107166	1622	221	0.136252
figshare-osce	whisper-base-en	0	RES0050	1065	187	0.175587	1109	231	0.208296
figshare-osce	whisper-base-en	0	RES0051	958	110	0.114823	997	152	0.152457
figshare-osce	whisper-base-en	0	RES0052	776	106	0.136598	828	152	0.183575
figshare-osce	whisper-base-en	0	RES0053	1917	348	0.181534	1982	408	0.205853
figshare-osce	whisper-base-en	0	RES0054	2442	758	0.310401	2491	806	0.323565
figshare-osce	whisper-base-en	0	RES0055	1313	209	0.159177	1375	264	0.192000
figshare-osce	whisper-base-en	0	RES0056	1126	152	0.134991	1174	193	0.164395
figshare-osce	whisper-base-en	0	RES0057	1203	245	0.203658	1245	276	0.221687
figshare-osce	whisper-base-en	0	RES0058	1437	201	0.139875	1514	265	0.175033
figshare-osce	whisper-base-en	0	RES0059	1291	144	0.111541	1358	198	0.145803
figshare-osce	whisper-base-en	0	RES0060	1602	200	0.124844	1683	268	0.159239
figshare-osce	whisper-base-en	0	RES0061	1696	195	0.114976	1783	254	0.142457
figshare-osce	whisper-base-en	0	RES0062	1866	201	0.107717	1965	279	0.141985
figshare-osce	whisper-base-en	0	RES0063	1373	152	0.110706	1439	197	0.136901
figshare-osce	whisper-base-en	0	RES0064	1030	121	0.117476	1078	157	0.145640
figshare-osce	whisper-base-en	0	RES0065	1045	124	0.118660	1089	168	0.154270
figshare-osce	whisper-base-en	0	RES0066	1132	138	0.121908	1192	185	0.155201
figshare-osce	whisper-base-en	0	RES0067	905	119	0.131492	946	146	0.154334
figshare-osce	whisper-base-en	0	RES0068	1158	133	0.114853	1213	173	0.142622
figshare-osce	whisper-base-en	0	RES0069	972	144	0.148148	1026	185	0.180312
figshare-osce	whisper-base-en	0	RES0070	929	131	0.141012	976	173	0.177254
figshare-osce	whisper-base-en	0	RES0071	1248	142	0.113782	1301	184	0.141430
figshare-osce	whisper-base-en	0	RES0072	1124	215	0.191281	1182	259	0.219120
figshare-osce	whisper-base-en	0	RES0073	1293	122	0.094354	1340	160	0.119403
figshare-osce	whisper-base-en	0	RES0074	1187	120	0.101095	1246	161	0.129213
figshare-osce	whisper-base-en	0	RES0075	1065	100	0.093897	1112	140	0.125899
figshare-osce	whisper-base-en	0	RES0076	1500	149	0.099333	1569	201	0.128107
figshare-osce	whisper-base-en	0	RES0077	1572	160	0.101781	1649	212	0.128563
figshare-osce	whisper-base-en	0	RES0078	1104	155	0.140399	1140	184	0.161404
figshare-osce	whisper-base-en	0	RES0079	803	115	0.143213	841	143	0.170036
figshare-osce	whisper-base-en	0	RES0080	1167	152	0.130249	1225	192	0.156735
figshare-osce	whisper-base-en	0	RES0081	1398	188	0.134478	1455	230	0.158076
figshare-osce	whisper-base-en	0	RES0082	889	87	0.097863	932	114	0.122318
figshare-osce	whisper-base-en	0	RES0083	949	155	0.163330	990	186	0.187879
figshare-osce	whisper-base-en	0	RES0084	1494	104	0.069612	1562	160	0.102433
figshare-osce	whisper-base-en	0	RES0085	912	85	0.093202	959	117	0.122002
figshare-osce	whisper-base-en	0	RES0086	1462	177	0.121067	1523	227	0.149048
figshare-osce	whisper-base-en	0	RES0087	1300	139	0.106923	1359	186	0.136865
figshare-osce	whisper-base-en	0	RES0088	1318	116	0.088012	1373	162	0.117990
figshare-osce	whisper-base-en	0	RES0089	1717	158	0.092021	1800	221	0.122778
figshare-osce	whisper-base-en	0	RES0090	1147	89	0.077594	1193	125	0.104778
figshare-osce	whisper-base-en	0	RES0091	862	56	0.064965	901	79	0.087680
figshare-osce	whisper-base-en	0	RES0092	803	92	0.114570	837	112	0.133811
figshare-osce	whisper-base-en	0	RES0093	1549	274	0.176888	1606	310	0.193026
figshare-osce	whisper-base-en	0	RES0094	772	83	0.107513	793	101	0.127364
figshare-osce	whisper-base-en	0	RES0095	1419	192	0.135307	1467	223	0.152011
figshare-osce	whisper-base-en	0	RES0096	1233	186	0.150852	1292	228	0.176471
figshare-osce	whisper-base-en	0	RES0097	1322	227	0.171710	1381	263	0.190442
figshare-osce	whisper-base-en	0	RES0098	1424	145	0.101826	1474	176	0.119403
figshare-osce	whisper-base-en	0	RES0099	1508	170	0.112732	1554	201	0.129344
figshare-osce	whisper-base-en	0	RES0100	1715	176	0.102624	1767	215	0.121675
figshare-osce	whisper-base-en	0	RES0101	1379	150	0.108774	1430	187	0.130769
figshare-osce	whisper-base-en	0	RES0102	1960	180	0.091837	2025	222	0.109630
figshare-osce	whisper-base-en	0	RES0103	1051	119	0.113225	1100	153	0.139091
figshare-osce	whisper-base-en	0	RES0104	1485	151	0.101684	1563	205	0.131158
figshare-osce	whisper-base-en	0	RES0105	1666	210	0.126050	1738	260	0.149597
figshare-osce	whisper-base-en	0	RES0106	1242	143	0.115137	1307	197	0.150727
figshare-osce	whisper-base-en	0	RES0107	1516	226	0.149077	1596	291	0.182331
figshare-osce	whisper-base-en	0	RES0108	903	104	0.115172	950	140	0.147368
figshare-osce	whisper-base-en	0	RES0109	795	91	0.114465	845	126	0.149112
figshare-osce	whisper-base-en	0	RES0110	1505	168	0.111628	1565	204	0.130351
figshare-osce	whisper-base-en	0	RES0111	923	97	0.105092	965	131	0.135751
figshare-osce	whisper-base-en	0	RES0112	807	111	0.137546	835	132	0.158084
figshare-osce	whisper-base-en	0	RES0113	1046	104	0.099426	1079	129	0.119555
figshare-osce	whisper-base-en	0	RES0114	1586	155	0.097730	1673	219	0.130903
figshare-osce	whisper-base-en	0	RES0116	1521	215	0.141354	1588	268	0.168766
figshare-osce	whisper-base-en	0	RES0117	909	88	0.096810	951	120	0.126183
figshare-osce	whisper-base-en	0	RES0118	926	87	0.093952	947	101	0.106653
figshare-osce	whisper-base-en	0	RES0119	1307	81	0.061974	1359	119	0.087564
figshare-osce	whisper-base-en	0	RES0120	1322	107	0.080938	1381	117	0.084721
figshare-osce	whisper-base-en	0	RES0121	925	87	0.094054	962	96	0.099792
figshare-osce	whisper-base-en	0	RES0122	1023	148	0.144673	1046	149	0.142447
figshare-osce	whisper-base-en	0	RES0123	1670	251	0.150299	1716	261	0.152098
figshare-osce	whisper-base-en	0	RES0124	1675	217	0.129552	1729	225	0.130133
figshare-osce	whisper-base-en	0	RES0125	1578	175	0.110900	1638	182	0.111111
figshare-osce	whisper-base-en	0	RES0126	1787	244	0.136542	1858	298	0.160388
figshare-osce	whisper-base-en	0	RES0127	1404	179	0.127493	1461	214	0.146475
figshare-osce	whisper-base-en	0	RES0128	1041	106	0.101825	1095	155	0.141553
figshare-osce	whisper-base-en	0	RES0129	1020	212	0.207843	1078	250	0.231911
figshare-osce	whisper-base-en	0	RES0130	1271	128	0.100708	1329	135	0.101580
figshare-osce	whisper-base-en	0	RES0131	1159	126	0.108714	1231	136	0.110479
figshare-osce	whisper-base-en	0	RES0132	1260	110	0.087302	1309	113	0.086325
figshare-osce	whisper-base-en	0	RES0133	1221	137	0.112203	1264	139	0.109968
figshare-osce	whisper-base-en	0	RES0134	1615	141	0.087307	1679	147	0.087552
figshare-osce	whisper-base-en	0	RES0135	1160	138	0.118966	1224	146	0.119281
figshare-osce	whisper-base-en	0	RES0136	1198	230	0.191987	1243	239	0.192277
figshare-osce	whisper-base-en	0	RES0137	1226	180	0.146819	1274	190	0.149137
figshare-osce	whisper-base-en	0	RES0138	1099	166	0.151046	1148	183	0.159408
figshare-osce	whisper-base-en	0	RES0139	1082	166	0.153420	1131	172	0.152078
figshare-osce	whisper-base-en	0	RES0140	881	155	0.175936	907	157	0.173098
figshare-osce	whisper-base-en	0	RES0141	953	168	0.176285	987	174	0.176292
figshare-osce	whisper-base-en	0	RES0142	761	149	0.195795	778	150	0.192802
figshare-osce	whisper-base-en	0	RES0143	1094	180	0.164534	1119	188	0.168007
figshare-osce	whisper-base-en	0	RES0144	1114	171	0.153501	1153	200	0.173461
figshare-osce	whisper-base-en	0	RES0145	1273	238	0.186960	1326	272	0.205128
figshare-osce	whisper-base-en	0	RES0146	866	148	0.170901	898	166	0.184855
figshare-osce	whisper-base-en	0	RES0147	1218	193	0.158456	1274	231	0.181319
figshare-osce	whisper-base-en	0	RES0148	1094	153	0.139854	1136	179	0.157570
figshare-osce	whisper-base-en	0	RES0149	1219	190	0.155865	1270	225	0.177165
figshare-osce	whisper-base-en	0	RES0150	1097	178	0.162261	1147	206	0.179599
figshare-osce	whisper-base-en	0	RES0151	1110	121	0.109009	1157	151	0.130510
figshare-osce	whisper-base-en	0	RES0152	1020	119	0.116667	1059	144	0.135977
figshare-osce	whisper-base-en	0	RES0153	1055	123	0.116588	1103	160	0.145059
figshare-osce	whisper-base-en	0	RES0154	902	104	0.115299	943	140	0.148462
figshare-osce	whisper-base-en	0	RES0155	1374	205	0.149199	1439	247	0.171647
figshare-osce	whisper-base-en	0	RES0156	957	133	0.138976	1016	174	0.171260
figshare-osce	whisper-base-en	0	RES0158	1029	119	0.115646	1079	153	0.141798
figshare-osce	whisper-base-en	0	RES0159	1072	166	0.154851	1104	186	0.168478
figshare-osce	whisper-base-en	0	RES0160	1110	199	0.179279	1135	223	0.196476
figshare-osce	whisper-base-en	0	RES0161	1009	170	0.168484	1034	186	0.179884
figshare-osce	whisper-base-en	0	RES0162	1208	201	0.166391	1235	219	0.177328
figshare-osce	whisper-base-en	0	RES0163	1156	148	0.128028	1200	185	0.154167
figshare-osce	whisper-base-en	0	RES0164	1194	192	0.160804	1248	237	0.189904
figshare-osce	whisper-base-en	0	RES0165	869	133	0.153049	909	165	0.181518
figshare-osce	whisper-base-en	0	RES0166	1102	152	0.137931	1155	194	0.167965
figshare-osce	whisper-base-en	0	RES0167	1124	152	0.135231	1181	194	0.164268
figshare-osce	whisper-base-en	0	RES0168	1268	138	0.108833	1329	188	0.141460
figshare-osce	whisper-base-en	0	RES0169	916	145	0.158297	946	166	0.175476
figshare-osce	whisper-base-en	0	RES0170	1303	208	0.159632	1351	239	0.176906
figshare-osce	whisper-base-en	0	RES0171	1319	224	0.169826	1368	251	0.183480
figshare-osce	whisper-base-en	0	RES0172	1154	164	0.142114	1195	184	0.153975
figshare-osce	whisper-base-en	0	RES0173	1204	181	0.150332	1262	218	0.172742
figshare-osce	whisper-base-en	0	RES0174	1483	173	0.116655	1549	219	0.141382
figshare-osce	whisper-base-en	0	RES0175	974	198	0.203285	1017	228	0.224189
figshare-osce	whisper-base-en	0	RES0176	1253	178	0.142059	1305	221	0.169349
figshare-osce	whisper-base-en	0	RES0177	1129	125	0.110717	1193	176	0.147527
figshare-osce	whisper-base-en	0	RES0178	1058	161	0.152174	1125	209	0.185778
figshare-osce	whisper-base-en	0	RES0179	1213	150	0.123660	1291	209	0.161890
figshare-osce	whisper-base-en	0	RES0180	1009	118	0.116947	1065	161	0.151174
figshare-osce	whisper-base-en	0	RES0181	1120	147	0.131250	1184	200	0.168919
figshare-osce	whisper-base-en	0	RES0182	894	95	0.106264	945	140	0.148148
figshare-osce	whisper-base-en	0	RES0183	1160	146	0.125862	1217	196	0.161052
figshare-osce	whisper-base-en	0	RES0184	917	111	0.121047	970	156	0.160825
figshare-osce	whisper-base-en	0	RES0185	1023	115	0.112414	1075	154	0.143256
figshare-osce	whisper-base-en	0	RES0186	1009	149	0.147671	1069	192	0.179607
figshare-osce	whisper-base-en	0	RES0187	1238	212	0.171244	1303	271	0.207982
figshare-osce	whisper-base-en	0	RES0188	901	121	0.134295	957	167	0.174504
figshare-osce	whisper-base-en	0	RES0189	1385	146	0.105415	1439	189	0.131341
figshare-osce	whisper-base-en	0	RES0190	1233	118	0.095702	1290	161	0.124806
figshare-osce	whisper-base-en	0	RES0191	881	82	0.093076	927	119	0.128371
figshare-osce	whisper-base-en	0	RES0192	1215	113	0.093004	1280	164	0.128125
figshare-osce	whisper-base-en	0	RES0193	1372	150	0.109329	1431	191	0.133473
figshare-osce	whisper-base-en	0	RES0194	1329	158	0.118886	1395	205	0.146953
figshare-osce	whisper-base-en	0	RES0195	1274	121	0.094976	1335	171	0.128090
figshare-osce	whisper-base-en	0	RES0196	902	98	0.108647	943	134	0.142100
figshare-osce	whisper-base-en	0	RES0197	917	98	0.106870	966	142	0.146998
figshare-osce	whisper-base-en	0	RES0198	812	64	0.078818	857	100	0.116686
figshare-osce	whisper-base-en	0	RES0199	1096	101	0.092153	1152	152	0.131944
figshare-osce	whisper-base-en	0	RES0200	1293	185	0.143078	1351	231	0.170984
figshare-osce	whisper-base-en	0	RES0201	1008	186	0.184524	1059	238	0.224740
figshare-osce	whisper-base-en	0	RES0202	1455	208	0.142955	1522	258	0.169514
figshare-osce	whisper-base-en	0	RES0203	875	112	0.128000	920	154	0.167391
figshare-osce	whisper-base-en	0	RES0204	945	81	0.085714	995	117	0.117588
figshare-osce	whisper-base-en	0	RES0205	1012	123	0.121542	1049	157	0.149666
figshare-osce	whisper-base-en	0	RES0206	1316	310	0.235562	1354	338	0.249631
figshare-osce	whisper-base-en	0	RES0207	776	89	0.114691	818	117	0.143032
figshare-osce	whisper-base-en	0	RES0208	1286	197	0.153188	1322	222	0.167927
figshare-osce	whisper-base-en	0	RES0209	1063	124	0.116651	1108	164	0.148014
figshare-osce	whisper-base-en	0	RES0210	1089	110	0.101010	1139	154	0.135206
figshare-osce	whisper-base-en	0	RES0211	1358	173	0.127393	1415	212	0.149823
figshare-osce	whisper-base-en	0	RES0212	1262	94	0.074485	1304	128	0.098160
figshare-osce	whisper-base-en	0	RES0213	1454	148	0.101788	1485	169	0.113805
figshare-osce	whisper-base-en	0	RES0214	1085	117	0.107834	1123	153	0.136242
figshare-osce	whisper-base-en	0	RES0215	1326	141	0.106335	1386	185	0.133478
figshare-osce	whisper-base-en	0	RES0216	1560	121	0.077564	1604	157	0.097880
figshare-osce	whisper-base-en	0	RES0217	1463	126	0.086124	1486	146	0.098250
figshare-osce	qwen3-asr	0	CAR0001	992	44	0.044355	1053	99	0.094017
figshare-osce	qwen3-asr	0	CAR0002	1023	56	0.054741	1067	95	0.089035
figshare-osce	qwen3-asr	0	CAR0003	1214	56	0.046129	1281	114	0.088993
figshare-osce	qwen3-asr	0	CAR0004	882	59	0.066893	920	88	0.095652
figshare-osce	qwen3-asr	0	CAR0005	1259	65	0.051628	1292	94	0.072755
figshare-osce	qwen3-asr	0	DER0001	1503	161	0.107119	1554	196	0.126126
figshare-osce	qwen3-asr	0	GAS0001	1005	120	0.119403	1033	144	0.139400
figshare-osce	qwen3-asr	0	GAS0002	1097	52	0.047402	1140	89	0.078070
figshare-osce	qwen3-asr	0	GAS0003	1059	92	0.086874	1093	128	0.117109
figshare-osce	qwen3-asr	0	GAS0004	1137	130	0.114336	1180	170	0.144068
figshare-osce	qwen3-asr	0	GAS0005	1538	109	0.070871	1599	157	0.098186
figshare-osce	qwen3-asr	0	GAS0007	872	139	0.159404	903	165	0.182724
figshare-osce	qwen3-asr	0	GEN0001	1100	82	0.074545	1132	108	0.095406
figshare-osce	qwen3-asr	0	MSK0001	938	109	0.116205	983	154	0.156663
figshare-osce	qwen3-asr	0	MSK0003	1788	164	0.091723	1866	215	0.115220
figshare-osce	qwen3-asr	0	MSK0004	1073	64	0.059646	1125	104	0.092444
figshare-osce	qwen3-asr	0	MSK0005	1440	92	0.063889	1513	152	0.100463
figshare-osce	qwen3-asr	0	MSK0006	1688	114	0.067536	1781	180	0.101067
figshare-osce	qwen3-asr	0	MSK0007	1287	71	0.055167	1358	133	0.097938
figshare-osce	qwen3-asr	0	MSK0008	1358	150	0.110457	1417	210	0.148200
figshare-osce	qwen3-asr	0	MSK0009	1505	129	0.085714	1572	184	0.117048
figshare-osce	qwen3-asr	0	MSK0010	1442	92	0.063800	1505	140	0.093023
figshare-osce	qwen3-asr	0	MSK0011	1460	122	0.083562	1535	175	0.114007
figshare-osce	qwen3-asr	0	MSK0012	1580	70	0.044304	1652	130	0.078692
figshare-osce	qwen3-asr	0	MSK0013	1539	100	0.064977	1610	164	0.101863
figshare-osce	qwen3-asr	0	MSK0014	1514	108	0.071334	1575	150	0.095238
figshare-osce	qwen3-asr	0	MSK0015	1568	133	0.084821	1622	175	0.107891
figshare-osce	qwen3-asr	0	MSK0016	1982	131	0.066095	2064	190	0.092054
figshare-osce	qwen3-asr	0	MSK0017	1646	95	0.057716	1735	163	0.093948
figshare-osce	qwen3-asr	0	MSK0018	941	76	0.080765	976	83	0.085041
figshare-osce	qwen3-asr	0	MSK0019	1293	81	0.062645	1337	86	0.064323
figshare-osce	qwen3-asr	0	MSK0020	1605	169	0.105296	1683	232	0.137849
figshare-osce	qwen3-asr	0	MSK0021	1661	205	0.123420	1745	273	0.156447
figshare-osce	qwen3-asr	0	MSK0022	2076	1128	0.543353	2164	1188	0.548983
figshare-osce	qwen3-asr	0	MSK0023	1184	90	0.076014	1229	122	0.099268
figshare-osce	qwen3-asr	0	MSK0024	1162	72	0.061962	1193	103	0.086337
figshare-osce	qwen3-asr	0	MSK0025	1526	86	0.056356	1580	124	0.078481
figshare-osce	qwen3-asr	0	MSK0026	1319	82	0.062168	1365	131	0.095971
figshare-osce	qwen3-asr	0	MSK0027	1328	108	0.081325	1377	157	0.114016
figshare-osce	qwen3-asr	0	MSK0028	1776	130	0.073198	1836	179	0.097495
figshare-osce	qwen3-asr	0	MSK0029	2175	243	0.111724	2268	313	0.138007
figshare-osce	qwen3-asr	0	MSK0031	1244	80	0.064309	1299	124	0.095458
figshare-osce	qwen3-asr	0	MSK0032	1161	88	0.075797	1198	91	0.075960
figshare-osce	qwen3-asr	0	MSK0033	1623	112	0.069008	1687	154	0.091286
figshare-osce	qwen3-asr	0	MSK0034	1381	102	0.073860	1448	159	0.109807
figshare-osce	qwen3-asr	0	MSK0035	1535	108	0.070358	1596	162	0.101504
figshare-osce	qwen3-asr	0	MSK0036	1693	114	0.067336	1757	159	0.090495
figshare-osce	qwen3-asr	0	MSK0037	1622	151	0.093095	1682	195	0.115933
figshare-osce	qwen3-asr	0	MSK0038	1808	164	0.090708	1895	227	0.119789
figshare-osce	qwen3-asr	0	MSK0039	1345	53	0.039405	1404	100	0.071225
figshare-osce	qwen3-asr	0	MSK0040	1432	101	0.070531	1488	156	0.104839
figshare-osce	qwen3-asr	0	MSK0041	1532	109	0.071149	1583	156	0.098547
figshare-osce	qwen3-asr	0	MSK0042	1462	199	0.136115	1522	207	0.136005
figshare-osce	qwen3-asr	0	MSK0043	1697	129	0.076016	1772	131	0.073928
figshare-osce	qwen3-asr	0	MSK0044	1133	156	0.137688	1177	164	0.139337
figshare-osce	qwen3-asr	0	MSK0045	1350	80	0.059259	1394	121	0.086801
figshare-osce	qwen3-asr	0	MSK0046	1176	77	0.065476	1225	120	0.097959
figshare-osce	qwen3-asr	0	MSK0049	1325	86	0.064906	1372	129	0.094023
figshare-osce	qwen3-asr	0	MSK0050	1238	75	0.060582	1285	117	0.091051
figshare-osce	qwen3-asr	0	RES0001	1447	118	0.081548	1526	182	0.119266
figshare-osce	qwen3-asr	0	RES0002	1129	306	0.271036	1162	334	0.287435
figshare-osce	qwen3-asr	0	RES0003	1187	68	0.057287	1261	124	0.098335
figshare-osce	qwen3-asr	0	RES0004	1614	129	0.079926	1723	206	0.119559
figshare-osce	qwen3-asr	0	RES0005	1587	91	0.057341	1645	130	0.079027
figshare-osce	qwen3-asr	0	RES0006	1186	92	0.077572	1240	133	0.107258
figshare-osce	qwen3-asr	0	RES0007	1812	175	0.096578	1874	219	0.116862
figshare-osce	qwen3-asr	0	RES0008	1112	84	0.075540	1171	127	0.108454
figshare-osce	qwen3-asr	0	RES0009	1390	130	0.093525	1446	171	0.118257
figshare-osce	qwen3-asr	0	RES0010	1036	97	0.093629	1070	121	0.113084
figshare-osce	qwen3-asr	0	RES0011	1582	121	0.076485	1647	173	0.105039
figshare-osce	qwen3-asr	0	RES0012	2062	166	0.080504	2168	245	0.113007
figshare-osce	qwen3-asr	0	RES0013	1344	118	0.087798	1400	166	0.118571
figshare-osce	qwen3-asr	0	RES0014	1368	134	0.097953	1429	192	0.134360
figshare-osce	qwen3-asr	0	RES0015	1538	87	0.056567	1607	147	0.091475
figshare-osce	qwen3-asr	0	RES0016	1268	49	0.038644	1327	105	0.079126
figshare-osce	qwen3-asr	0	RES0017	1691	111	0.065642	1751	162	0.092519
figshare-osce	qwen3-asr	0	RES0018	1284	123	0.095794	1334	160	0.119940
figshare-osce	qwen3-asr	0	RES0019	1274	112	0.087912	1334	164	0.122939
figshare-osce	qwen3-asr	0	RES0020	1358	125	0.092047	1413	174	0.123142
figshare-osce	qwen3-asr	0	RES0021	1198	102	0.085142	1255	148	0.117928
figshare-osce	qwen3-asr	0	RES0022	1921	157	0.081728	1999	221	0.110555
figshare-osce	qwen3-asr	0	RES0023	1035	103	0.099517	1099	149	0.135578
figshare-osce	qwen3-asr	0	RES0024	959	79	0.082377	1004	118	0.117530
figshare-osce	qwen3-asr	0	RES0025	1327	123	0.092690	1393	181	0.129935
figshare-osce	qwen3-asr	0	RES0026	1478	202	0.136671	1544	269	0.174223
figshare-osce	qwen3-asr	0	RES0027	1308	96	0.073394	1366	144	0.105417
figshare-osce	qwen3-asr	0	RES0028	1100	110	0.100000	1156	157	0.135813
figshare-osce	qwen3-asr	0	RES0029	781	56	0.071703	811	86	0.106042
figshare-osce	qwen3-asr	0	RES0030	1134	83	0.073192	1184	126	0.106419
figshare-osce	qwen3-asr	0	RES0031	1294	57	0.044049	1343	99	0.073716
figshare-osce	qwen3-asr	0	RES0032	1173	64	0.054561	1212	97	0.080033
figshare-osce	qwen3-asr	0	RES0033	1316	72	0.054711	1372	116	0.084548
figshare-osce	qwen3-asr	0	RES0034	1623	137	0.084412	1685	188	0.111573
figshare-osce	qwen3-asr	0	RES0035	918	44	0.047930	958	84	0.087683
figshare-osce	qwen3-asr	0	RES0036	1352	77	0.056953	1423	140	0.098384
figshare-osce	qwen3-asr	0	RES0037	1376	106	0.077035	1453	158	0.108741
figshare-osce	qwen3-asr	0	RES0038	1485	105	0.070707	1554	159	0.102317
figshare-osce	qwen3-asr	0	RES0039	1592	141	0.088568	1672	195	0.116627
figshare-osce	qwen3-asr	0	RES0042	1206	144	0.119403	1264	198	0.156646
figshare-osce	qwen3-asr	0	RES0043	1432	128	0.089385	1503	184	0.122422
figshare-osce	qwen3-asr	0	RES0044	1768	97	0.054864	1859	168	0.090371
figshare-osce	qwen3-asr	0	RES0045	1145	97	0.084716	1204	138	0.114618
figshare-osce	qwen3-asr	0	RES0046	1494	80	0.053548	1588	147	0.092569
figshare-osce	qwen3-asr	0	RES0047	1530	121	0.079085	1628	193	0.118550
figshare-osce	qwen3-asr	0	RES0048	1730	85	0.049133	1809	144	0.079602
figshare-osce	qwen3-asr	0	RES0049	1549	115	0.074241	1622	165	0.101726
figshare-osce	qwen3-asr	0	RES0050	1065	61	0.057277	1109	102	0.091975
figshare-osce	qwen3-asr	0	RES0051	958	94	0.098121	997	138	0.138415
figshare-osce	qwen3-asr	0	RES0052	776	92	0.118557	828	137	0.165459
figshare-osce	qwen3-asr	0	RES0053	1917	293	0.152843	1982	363	0.183148
figshare-osce	qwen3-asr	0	RES0054	2442	744	0.304668	2491	788	0.316339
figshare-osce	qwen3-asr	0	RES0055	1313	182	0.138614	1375	241	0.175273
figshare-osce	qwen3-asr	0	RES0056	1126	127	0.112789	1174	175	0.149063
figshare-osce	qwen3-asr	0	RES0057	1203	189	0.157107	1245	229	0.183936
figshare-osce	qwen3-asr	0	RES0058	1437	162	0.112735	1514	229	0.151255
figshare-osce	qwen3-asr	0	RES0059	1291	131	0.101472	1358	187	0.137703
figshare-osce	qwen3-asr	0	RES0060	1602	260	0.162297	1683	329	0.195484
figshare-osce	qwen3-asr	0	RES0061	1696	171	0.100825	1783	231	0.129557
figshare-osce	qwen3-asr	0	RES0062	1866	187	0.100214	1965	263	0.133842
figshare-osce	qwen3-asr	0	RES0063	1373	134	0.097597	1439	182	0.126477
figshare-osce	qwen3-asr	0	RES0064	1030	83	0.080583	1078	120	0.111317
figshare-osce	qwen3-asr	0	RES0065	1045	97	0.092823	1089	145	0.133150
figshare-osce	qwen3-asr	0	RES0066	1132	111	0.098057	1192	159	0.133389
figshare-osce	qwen3-asr	0	RES0067	905	92	0.101657	946	122	0.128964
figshare-osce	qwen3-asr	0	RES0068	1158	116	0.100173	1213	162	0.133553
figshare-osce	qwen3-asr	0	RES0069	972	129	0.132716	1026	177	0.172515
figshare-osce	qwen3-asr	0	RES0070	929	82	0.088267	976	124	0.127049
figshare-osce	qwen3-asr	0	RES0071	1248	122	0.097756	1301	170	0.130669
figshare-osce	qwen3-asr	0	RES0072	1124	262	0.233096	1182	312	0.263959
figshare-osce	qwen3-asr	0	RES0073	1293	138	0.106729	1340	177	0.132090
figshare-osce	qwen3-asr	0	RES0074	1187	119	0.100253	1246	161	0.129213
figshare-osce	qwen3-asr	0	RES0075	1065	82	0.076995	1112	123	0.110612
figshare-osce	qwen3-asr	0	RES0076	1500	130	0.086667	1569	183	0.116635
figshare-osce	qwen3-asr	0	RES0077	1572	166	0.105598	1649	220	0.133414
figshare-osce	qwen3-asr	0	RES0078	1104	129	0.116848	1140	160	0.140351
figshare-osce	qwen3-asr	0	RES0079	803	105	0.130760	841	137	0.162901
figshare-osce	qwen3-asr	0	RES0080	1167	172	0.147386	1225	214	0.174694
figshare-osce	qwen3-asr	0	RES0081	1398	162	0.115880	1455	204	0.140206
figshare-osce	qwen3-asr	0	RES0082	889	111	0.124859	932	139	0.149142
figshare-osce	qwen3-asr	0	RES0083	949	107	0.112750	990	134	0.135354
figshare-osce	qwen3-asr	0	RES0084	1494	93	0.062249	1562	153	0.097951
figshare-osce	qwen3-asr	0	RES0085	912	80	0.087719	959	115	0.119917
figshare-osce	qwen3-asr	0	RES0086	1462	151	0.103283	1523	204	0.133946
figshare-osce	qwen3-asr	0	RES0087	1300	95	0.073077	1359	144	0.105960
figshare-osce	qwen3-asr	0	RES0088	1318	102	0.077390	1373	157	0.114348
figshare-osce	qwen3-asr	0	RES0089	1717	122	0.071054	1800	197	0.109444
figshare-osce	qwen3-asr	0	RES0090	1147	50	0.043592	1193	92	0.077117
figshare-osce	qwen3-asr	0	RES0091	862	35	0.040603	901	60	0.066593
figshare-osce	qwen3-asr	0	RES0092	803	122	0.151930	837	144	0.172043
figshare-osce	qwen3-asr	0	RES0093	1549	443	0.285991	1606	479	0.298257
figshare-osce	qwen3-asr	0	RES0094	772	70	0.090674	793	86	0.108449
figshare-osce	qwen3-asr	0	RES0095	1419	139	0.097956	1467	171	0.116564
figshare-osce	qwen3-asr	0	RES0096	1233	175	0.141930	1292	216	0.167183
figshare-osce	qwen3-asr	0	RES0097	1322	132	0.099849	1381	168	0.121651
figshare-osce	qwen3-asr	0	RES0098	1424	98	0.068820	1474	129	0.087517
figshare-osce	qwen3-asr	0	RES0099	1508	149	0.098806	1554	181	0.116474
figshare-osce	qwen3-asr	0	RES0100	1715	133	0.077551	1767	170	0.096208
figshare-osce	qwen3-asr	0	RES0101	1379	100	0.072516	1430	136	0.095105
figshare-osce	qwen3-asr	0	RES0102	1960	180	0.091837	2025	226	0.111605
figshare-osce	qwen3-asr	0	RES0103	1051	80	0.076118	1100	115	0.104545
figshare-osce	qwen3-asr	0	RES0104	1485	112	0.075421	1563	164	0.104926
figshare-osce	qwen3-asr	0	RES0105	1666	141	0.084634	1738	193	0.111047
figshare-osce	qwen3-asr	0	RES0106	1242	101	0.081320	1307	153	0.117062
figshare-osce	qwen3-asr	0	RES0107	1516	106	0.069921	1596	171	0.107143
figshare-osce	qwen3-asr	0	RES0108	903	81	0.089701	950	122	0.128421
figshare-osce	qwen3-asr	0	RES0109	795	51	0.064151	845	87	0.102959
figshare-osce	qwen3-asr	0	RES0110	1505	110	0.073090	1565	151	0.096486
figshare-osce	qwen3-asr	0	RES0111	923	72	0.078007	965	109	0.112953
figshare-osce	qwen3-asr	0	RES0112	807	54	0.066914	835	75	0.089820
figshare-osce	qwen3-asr	0	RES0113	1046	72	0.068834	1079	103	0.095459
figshare-osce	qwen3-asr	0	RES0114	1586	165	0.104035	1673	233	0.139271
figshare-osce	qwen3-asr	0	RES0116	1521	101	0.066404	1588	157	0.098866
figshare-osce	qwen3-asr	0	RES0117	909	112	0.123212	951	142	0.149317
figshare-osce	qwen3-asr	0	RES0118	926	43	0.046436	947	64	0.067582
figshare-osce	qwen3-asr	0	RES0119	1307	66	0.050497	1359	108	0.079470
figshare-osce	qwen3-asr	0	RES0120	1322	57	0.043116	1381	68	0.049240
figshare-osce	qwen3-asr	0	RES0121	925	47	0.050811	962	58	0.060291
figshare-osce	qwen3-asr	0	RES0122	1023	89	0.086999	1046	93	0.088910
figshare-osce	qwen3-asr	0	RES0123	1670	144	0.086228	1716	151	0.087995
figshare-osce	qwen3-asr	0	RES0124	1675	103	0.061493	1729	110	0.063621
figshare-osce	qwen3-asr	0	RES0125	1578	149	0.094423	1638	154	0.094017
figshare-osce	qwen3-asr	0	RES0126	1787	184	0.102966	1858	236	0.127018
figshare-osce	qwen3-asr	0	RES0127	1404	104	0.074074	1461	142	0.097194
figshare-osce	qwen3-asr	0	RES0128	1041	65	0.062440	1095	115	0.105023
figshare-osce	qwen3-asr	0	RES0129	1020	63	0.061765	1078	104	0.096475
figshare-osce	qwen3-asr	0	RES0130	1271	83	0.065303	1329	88	0.066215
figshare-osce	qwen3-asr	0	RES0131	1159	93	0.080242	1231	95	0.077173
figshare-osce	qwen3-asr	0	RES0132	1260	86	0.068254	1309	90	0.068755
figshare-osce	qwen3-asr	0	RES0133	1221	102	0.083538	1264	110	0.087025
figshare-osce	qwen3-asr	0	RES0134	1615	151	0.093498	1679	160	0.095295
figshare-osce	qwen3-asr	0	RES0135	1160	92	0.079310	1224	100	0.081699
figshare-osce	qwen3-asr	0	RES0136	1198	99	0.082638	1243	110	0.088496
figshare-osce	qwen3-asr	0	RES0137	1226	106	0.086460	1274	112	0.087912
figshare-osce	qwen3-asr	0	RES0138	1099	148	0.134668	1148	158	0.137631
figshare-osce	qwen3-asr	0	RES0139	1082	184	0.170055	1131	188	0.166225
figshare-osce	qwen3-asr	0	RES0140	881	88	0.099886	907	92	0.101433
figshare-osce	qwen3-asr	0	RES0141	953	133	0.139559	987	137	0.138804
figshare-osce	qwen3-asr	0	RES0142	761	98	0.128778	778	105	0.134961
figshare-osce	qwen3-asr	0	RES0143	1094	99	0.090494	1119	104	0.092940
figshare-osce	qwen3-asr	0	RES0144	1114	106	0.095153	1153	140	0.121422
figshare-osce	qwen3-asr	0	RES0145	1273	124	0.097408	1326	160	0.120664
figshare-osce	qwen3-asr	0	RES0146	866	84	0.096998	898	103	0.114699
figshare-osce	qwen3-asr	0	RES0147	1218	205	0.168309	1274	242	0.189953
figshare-osce	qwen3-asr	0	RES0148	1094	116	0.106033	1136	146	0.128521
figshare-osce	qwen3-asr	0	RES0149	1219	80	0.065628	1270	114	0.089764
figshare-osce	qwen3-asr	0	RES0150	1097	120	0.109389	1147	149	0.129904
figshare-osce	qwen3-asr	0	RES0151	1110	142	0.127928	1157	177	0.152982
figshare-osce	qwen3-asr	0	RES0152	1020	86	0.084314	1059	111	0.104816
figshare-osce	qwen3-asr	0	RES0153	1055	70	0.066351	1103	106	0.096102
figshare-osce	qwen3-asr	0	RES0154	902	131	0.145233	943	168	0.178155
figshare-osce	qwen3-asr	0	RES0155	1374	137	0.099709	1439	182	0.126477
figshare-osce	qwen3-asr	0	RES0156	957	95	0.099269	1016	134	0.131890
figshare-osce	qwen3-asr	0	RES0158	1029	80	0.077745	1079	115	0.106580
figshare-osce	qwen3-asr	0	RES0159	1072	74	0.069030	1104	94	0.085145
figshare-osce	qwen3-asr	0	RES0160	1110	1183	1.065766	1135	1206	1.062555
figshare-osce	qwen3-asr	0	RES0161	1009	111	0.110010	1034	124	0.119923
figshare-osce	qwen3-asr	0	RES0162	1208	106	0.087748	1235	126	0.102024
figshare-osce	qwen3-asr	0	RES0163	1156	101	0.087370	1200	141	0.117500
figshare-osce	qwen3-asr	0	RES0164	1194	142	0.118928	1248	186	0.149038
figshare-osce	qwen3-asr	0	RES0165	869	96	0.110472	909	133	0.146315
figshare-osce	qwen3-asr	0	RES0166	1102	106	0.096189	1155	151	0.130736
figshare-osce	qwen3-asr	0	RES0167	1124	87	0.077402	1181	128	0.108383
figshare-osce	qwen3-asr	0	RES0168	1268	95	0.074921	1329	144	0.108352
figshare-osce	qwen3-asr	0	RES0169	916	105	0.114629	946	127	0.134249
figshare-osce	qwen3-asr	0	RES0170	1303	147	0.112817	1351	176	0.130274
figshare-osce	qwen3-asr	0	RES0171	1319	104	0.078848	1368	129	0.094298
figshare-osce	qwen3-asr	0	RES0172	1154	115	0.099653	1195	136	0.113808
figshare-osce	qwen3-asr	0	RES0173	1204	134	0.111296	1262	172	0.136292
figshare-osce	qwen3-asr	0	RES0174	1483	129	0.086986	1549	176	0.113622
figshare-osce	qwen3-asr	0	RES0175	974	93	0.095483	1017	123	0.120944
figshare-osce	qwen3-asr	0	RES0176	1253	99	0.079010	1305	141	0.108046
figshare-osce	qwen3-asr	0	RES0177	1129	155	0.137290	1193	209	0.175189
figshare-osce	qwen3-asr	0	RES0178	1058	104	0.098299	1125	155	0.137778
figshare-osce	qwen3-asr	0	RES0179	1213	172	0.141797	1291	231	0.178931
figshare-osce	qwen3-asr	0	RES0180	1009	131	0.129832	1065	179	0.168075
figshare-osce	qwen3-asr	0	RES0181	1120	100	0.089286	1184	157	0.132601
figshare-osce	qwen3-asr	0	RES0182	894	123	0.137584	945	166	0.175661
figshare-osce	qwen3-asr	0	RES0183	1160	231	0.199138	1217	282	0.231717
figshare-osce	qwen3-asr	0	RES0184	917	80	0.087241	970	129	0.132990
figshare-osce	qwen3-asr	0	RES0185	1023	90	0.087977	1075	131	0.121860
figshare-osce	qwen3-asr	0	RES0186	1009	83	0.082260	1069	127	0.118803
figshare-osce	qwen3-asr	0	RES0187	1238	128	0.103393	1303	187	0.143515
figshare-osce	qwen3-asr	0	RES0188	901	62	0.068812	957	108	0.112853
figshare-osce	qwen3-asr	0	RES0189	1385	160	0.115523	1439	203	0.141070
figshare-osce	qwen3-asr	0	RES0190	1233	88	0.071371	1290	133	0.103101
figshare-osce	qwen3-asr	0	RES0191	881	70	0.079455	927	110	0.118662
figshare-osce	qwen3-asr	0	RES0192	1215	86	0.070782	1280	141	0.110156
figshare-osce	qwen3-asr	0	RES0193	1372	199	0.145044	1431	240	0.167715
figshare-osce	qwen3-asr	0	RES0194	1329	110	0.082769	1395	156	0.111828
figshare-osce	qwen3-asr	0	RES0195	1274	97	0.076138	1335	151	0.113109
figshare-osce	qwen3-asr	0	RES0196	902	77	0.085366	943	117	0.124072
figshare-osce	qwen3-asr	0	RES0197	917	73	0.079607	966	116	0.120083
figshare-osce	qwen3-asr	0	RES0198	812	54	0.066502	857	91	0.106184
figshare-osce	qwen3-asr	0	RES0199	1096	81	0.073905	1152	134	0.116319
figshare-osce	qwen3-asr	0	RES0200	1293	157	0.121423	1351	204	0.150999
figshare-osce	qwen3-asr	0	RES0201	1008	85	0.084325	1059	137	0.129367
figshare-osce	qwen3-asr	0	RES0202	1455	138	0.094845	1522	189	0.124179
figshare-osce	qwen3-asr	0	RES0203	875	62	0.070857	920	110	0.119565
figshare-osce	qwen3-asr	0	RES0204	945	59	0.062434	995	99	0.099497
figshare-osce	qwen3-asr	0	RES0205	1012	71	0.070158	1049	108	0.102955
figshare-osce	qwen3-asr	0	RES0206	1316	149	0.113222	1354	184	0.135894
figshare-osce	qwen3-asr	0	RES0207	776	72	0.092784	818	101	0.123472
figshare-osce	qwen3-asr	0	RES0208	1286	121	0.094090	1322	151	0.114221
figshare-osce	qwen3-asr	0	RES0209	1063	82	0.077140	1108	127	0.114621
figshare-osce	qwen3-asr	0	RES0210	1089	133	0.122130	1139	176	0.154522
figshare-osce	qwen3-asr	0	RES0211	1358	136	0.100147	1415	175	0.123675
figshare-osce	qwen3-asr	0	RES0212	1262	83	0.065769	1304	117	0.089724
figshare-osce	qwen3-asr	0	RES0213	1454	162	0.111417	1485	188	0.126599
figshare-osce	qwen3-asr	0	RES0214	1085	92	0.084793	1123	136	0.121104
figshare-osce	qwen3-asr	0	RES0215	1326	85	0.064103	1386	133	0.095960
figshare-osce	qwen3-asr	0	RES0216	1560	115	0.073718	1604	152	0.094763
figshare-osce	qwen3-asr	0	RES0217	1463	100	0.068353	1486	118	0.079408
figshare-osce	parakeet-tdt-0.6b-v2	0	CAR0001	992	92	0.092742	1053	145	0.137702
figshare-osce	parakeet-tdt-0.6b-v2	0	CAR0002	1023	134	0.130987	1067	173	0.162137
figshare-osce	parakeet-tdt-0.6b-v2	0	CAR0003	1214	58	0.047776	1281	115	0.089774
figshare-osce	parakeet-tdt-0.6b-v2	0	CAR0004	882	235	0.266440	920	268	0.291304
figshare-osce	parakeet-tdt-0.6b-v2	0	CAR0005	1259	128	0.101668	1292	159	0.123065
figshare-osce	parakeet-tdt-0.6b-v2	0	DER0001	1503	153	0.101796	1554	187	0.120335
figshare-osce	parakeet-tdt-0.6b-v2	0	GAS0001	1005	267	0.265672	1033	291	0.281704
figshare-osce	parakeet-tdt-0.6b-v2	0	GAS0002	1097	236	0.215132	1140	275	0.241228
figshare-osce	parakeet-tdt-0.6b-v2	0	GAS0003	1059	182	0.171860	1093	218	0.199451
figshare-osce	parakeet-tdt-0.6b-v2	0	GAS0004	1137	157	0.138083	1180	195	0.165254
figshare-osce	parakeet-tdt-0.6b-v2	0	GAS0005	1538	120	0.078023	1599	167	0.104440
figshare-osce	parakeet-tdt-0.6b-v2	0	GAS0007	872	66	0.075688	903	93	0.102990
figshare-osce	parakeet-tdt-0.6b-v2	0	GEN0001	1100	70	0.063636	1132	92	0.081272
figshare-osce	parakeet-tdt-0.6b-v2	0	MSK0001	938	144	0.153518	983	188	0.191251
figshare-osce	parakeet-tdt-0.6b-v2	0	MSK0003	1788	312	0.174497	1866	368	0.197213
figshare-osce	parakeet-tdt-0.6b-v2	0	MSK0004	1073	242	0.225536	1125	285	0.253333
figshare-osce	parakeet-tdt-0.6b-v2	0	MSK0005	1440	285	0.197917	1513	349	0.230668
figshare-osce	parakeet-tdt-0.6b-v2	0	MSK0006	1688	166	0.098341	1781	231	0.129702
figshare-osce	parakeet-tdt-0.6b-v2	0	MSK0007	1287	72	0.055944	1358	134	0.098675
figshare-osce	parakeet-tdt-0.6b-v2	0	MSK0008	1358	98	0.072165	1417	156	0.110092
figshare-osce	parakeet-tdt-0.6b-v2	0	MSK0009	1505	147	0.097674	1572	200	0.127226
figshare-osce	parakeet-tdt-0.6b-v2	0	MSK0010	1442	86	0.059639	1505	136	0.090365
figshare-osce	parakeet-tdt-0.6b-v2	0	MSK0011	1460	130	0.089041	1535	181	0.117915
figshare-osce	parakeet-tdt-0.6b-v2	0	MSK0012	1580	88	0.055696	1652	146	0.088378
figshare-osce	parakeet-tdt-0.6b-v2	0	MSK0013	1539	99	0.064327	1610	159	0.098758
figshare-osce	parakeet-tdt-0.6b-v2	0	MSK0014	1514	117	0.077279	1575	159	0.100952
figshare-osce	parakeet-tdt-0.6b-v2	0	MSK0015	1568	121	0.077168	1622	163	0.100493
figshare-osce	parakeet-tdt-0.6b-v2	0	MSK0016	1982	176	0.088799	2064	237	0.114826
figshare-osce	parakeet-tdt-0.6b-v2	0	MSK0017	1646	251	0.152491	1735	325	0.187320
figshare-osce	parakeet-tdt-0.6b-v2	0	MSK0018	941	159	0.168969	976	171	0.175205
figshare-osce	parakeet-tdt-0.6b-v2	0	MSK0019	1293	85	0.065739	1337	89	0.066567
figshare-osce	parakeet-tdt-0.6b-v2	0	MSK0020	1605	285	0.177570	1683	347	0.206179
figshare-osce	parakeet-tdt-0.6b-v2	0	MSK0021	1661	215	0.129440	1745	283	0.162178
figshare-osce	parakeet-tdt-0.6b-v2	0	MSK0022	2076	149	0.071773	2164	212	0.097967
figshare-osce	parakeet-tdt-0.6b-v2	0	MSK0023	1184	94	0.079392	1229	127	0.103336
figshare-osce	parakeet-tdt-0.6b-v2	0	MSK0024	1162	69	0.059380	1193	98	0.082146
figshare-osce	parakeet-tdt-0.6b-v2	0	MSK0025	1526	97	0.063565	1580	137	0.086709
figshare-osce	parakeet-tdt-0.6b-v2	0	MSK0026	1319	81	0.061410	1365	126	0.092308
figshare-osce	parakeet-tdt-0.6b-v2	0	MSK0027	1328	103	0.077560	1377	149	0.108206
figshare-osce	parakeet-tdt-0.6b-v2	0	MSK0028	1776	133	0.074887	1836	182	0.099129
figshare-osce	parakeet-tdt-0.6b-v2	0	MSK0029	2175	298	0.137011	2268	376	0.165785
figshare-osce	parakeet-tdt-0.6b-v2	0	MSK0031	1244	216	0.173633	1299	267	0.205543
figshare-osce	parakeet-tdt-0.6b-v2	0	MSK0032	1161	181	0.155900	1198	184	0.153589
figshare-osce	parakeet-tdt-0.6b-v2	0	MSK0033	1623	131	0.080715	1687	172	0.101956
figshare-osce	parakeet-tdt-0.6b-v2	0	MSK0034	1381	99	0.071687	1448	155	0.107044
figshare-osce	parakeet-tdt-0.6b-v2	0	MSK0035	1535	111	0.072313	1596	164	0.102757
figshare-osce	parakeet-tdt-0.6b-v2	0	MSK0036	1693	108	0.063792	1757	155	0.088219
figshare-osce	parakeet-tdt-0.6b-v2	0	MSK0037	1622	150	0.092478	1682	194	0.115339
figshare-osce	parakeet-tdt-0.6b-v2	0	MSK0038	1808	241	0.133296	1895	308	0.162533
figshare-osce	parakeet-tdt-0.6b-v2	0	MSK0039	1345	271	0.201487	1404	320	0.227920
figshare-osce	parakeet-tdt-0.6b-v2	0	MSK0040	1432	113	0.078911	1488	166	0.111559
figshare-osce	parakeet-tdt-0.6b-v2	0	MSK0041	1532	237	0.154700	1583	283	0.178774
figshare-osce	parakeet-tdt-0.6b-v2	0	MSK0042	1462	135	0.092339	1522	140	0.091984
figshare-osce	parakeet-tdt-0.6b-v2	0	MSK0043	1697	256	0.150854	1772	268	0.151242
figshare-osce	parakeet-tdt-0.6b-v2	0	MSK0044	1133	287	0.253310	1177	295	0.250637
figshare-osce	parakeet-tdt-0.6b-v2	0	MSK0045	1350	252	0.186667	1394	293	0.210187
figshare-osce	parakeet-tdt-0.6b-v2	0	MSK0046	1176	122	0.103741	1225	164	0.133878
figshare-osce	parakeet-tdt-0.6b-v2	0	MSK0049	1325	163	0.123019	1372	205	0.149417
figshare-osce	parakeet-tdt-0.6b-v2	0	MSK0050	1238	68	0.054927	1285	106	0.082490
figshare-osce	parakeet-tdt-0.6b-v2	0	RES0001	1447	141	0.097443	1526	204	0.133683
figshare-osce	parakeet-tdt-0.6b-v2	0	RES0002	1129	308	0.272808	1162	335	0.288296
figshare-osce	parakeet-tdt-0.6b-v2	0	RES0003	1187	65	0.054760	1261	119	0.094370
figshare-osce	parakeet-tdt-0.6b-v2	0	RES0004	1614	164	0.101611	1723	240	0.139292
figshare-osce	parakeet-tdt-0.6b-v2	0	RES0005	1587	129	0.081285	1645	167	0.101520
figshare-osce	parakeet-tdt-0.6b-v2	0	RES0006	1186	82	0.069140	1240	122	0.098387
figshare-osce	parakeet-tdt-0.6b-v2	0	RES0007	1812	140	0.077263	1874	182	0.097118
figshare-osce	parakeet-tdt-0.6b-v2	0	RES0008	1112	75	0.067446	1171	115	0.098207
figshare-osce	parakeet-tdt-0.6b-v2	0	RES0009	1390	228	0.164029	1446	272	0.188105
figshare-osce	parakeet-tdt-0.6b-v2	0	RES0010	1036	115	0.111004	1070	140	0.130841
figshare-osce	parakeet-tdt-0.6b-v2	0	RES0011	1582	212	0.134008	1647	265	0.160899
figshare-osce	parakeet-tdt-0.6b-v2	0	RES0012	2062	441	0.213870	2168	527	0.243081
figshare-osce	parakeet-tdt-0.6b-v2	0	RES0013	1344	226	0.168155	1400	279	0.199286
figshare-osce	parakeet-tdt-0.6b-v2	0	RES0014	1368	278	0.203216	1429	333	0.233030
figshare-osce	parakeet-tdt-0.6b-v2	0	RES0015	1538	260	0.169051	1607	326	0.202862
figshare-osce	parakeet-tdt-0.6b-v2	0	RES0016	1268	226	0.178233	1327	282	0.212509
figshare-osce	parakeet-tdt-0.6b-v2	0	RES0017	1691	169	0.099941	1751	217	0.123929
figshare-osce	parakeet-tdt-0.6b-v2	0	RES0018	1284	145	0.112928	1334	179	0.134183
figshare-osce	parakeet-tdt-0.6b-v2	0	RES0019	1274	185	0.145212	1334	237	0.177661
figshare-osce	parakeet-tdt-0.6b-v2	0	RES0020	1358	100	0.073638	1413	146	0.103326
figshare-osce	parakeet-tdt-0.6b-v2	0	RES0021	1198	110	0.091820	1255	155	0.123506
figshare-osce	parakeet-tdt-0.6b-v2	0	RES0022	1921	255	0.132743	1999	317	0.158579
figshare-osce	parakeet-tdt-0.6b-v2	0	RES0023	1035	241	0.232850	1099	290	0.263876
figshare-osce	parakeet-tdt-0.6b-v2	0	RES0024	959	200	0.208551	1004	238	0.237052
figshare-osce	parakeet-tdt-0.6b-v2	0	RES0025	1327	106	0.079879	1393	163	0.117014
figshare-osce	parakeet-tdt-0.6b-v2	0	RES0026	1478	96	0.064953	1544	160	0.103627
figshare-osce	parakeet-tdt-0.6b-v2	0	RES0027	1308	195	0.149083	1366	246	0.180088
figshare-osce	parakeet-tdt-0.6b-v2	0	RES0028	1100	231	0.210000	1156	280	0.242215
figshare-osce	parakeet-tdt-0.6b-v2	0	RES0029	781	134	0.171575	811	164	0.202219
figshare-osce	parakeet-tdt-0.6b-v2	0	RES0030	1134	74	0.065256	1184	117	0.098818
figshare-osce	parakeet-tdt-0.6b-v2	0	RES0031	1294	132	0.102009	1343	174	0.129561
figshare-osce	parakeet-tdt-0.6b-v2	0	RES0032	1173	247	0.210571	1212	276	0.227723
figshare-osce	parakeet-tdt-0.6b-v2	0	RES0033	1316	299	0.227204	1372	343	0.250000
figshare-osce	parakeet-tdt-0.6b-v2	0	RES0034	1623	95	0.058534	1685	147	0.087240
figshare-osce	parakeet-tdt-0.6b-v2	0	RES0035	918	59	0.064270	958	95	0.099165
figshare-osce	parakeet-tdt-0.6b-v2	0	RES0036	1352	115	0.085059	1423	175	0.122980
figshare-osce	parakeet-tdt-0.6b-v2	0	RES0037	1376	178	0.129360	1453	235	0.161734
figshare-osce	parakeet-tdt-0.6b-v2	0	RES0038	1485	109	0.073401	1554	163	0.104891
figshare-osce	parakeet-tdt-0.6b-v2	0	RES0039	1592	138	0.086683	1672	192	0.114833
figshare-osce	parakeet-tdt-0.6b-v2	0	RES0042	1206	285	0.236318	1264	344	0.272152
figshare-osce	parakeet-tdt-0.6b-v2	0	RES0043	1432	195	0.136173	1503	249	0.165669
figshare-osce	parakeet-tdt-0.6b-v2	0	RES0044	1768	251	0.141968	1859	320	0.172136
figshare-osce	parakeet-tdt-0.6b-v2	0	RES0045	1145	184	0.160699	1204	226	0.187708
figshare-osce	parakeet-tdt-0.6b-v2	0	RES0046	1494	122	0.081660	1588	192	0.120907
figshare-osce	parakeet-tdt-0.6b-v2	0	RES0047	1530	254	0.166013	1628	327	0.200860
figshare-osce	parakeet-tdt-0.6b-v2	0	RES0048	1730	267	0.154335	1809	326	0.180210
figshare-osce	parakeet-tdt-0.6b-v2	0	RES0049	1549	202	0.130407	1622	256	0.157830
figshare-osce	parakeet-tdt-0.6b-v2	0	RES0050	1065	62	0.058216	1109	100	0.090171
figshare-osce	parakeet-tdt-0.6b-v2	0	RES0051	958	86	0.089770	997	127	0.127382
figshare-osce	parakeet-tdt-0.6b-v2	0	RES0052	776	199	0.256443	828	245	0.295894
figshare-osce	parakeet-tdt-0.6b-v2	0	RES0053	1917	423	0.220657	1982	493	0.248739
figshare-osce	parakeet-tdt-0.6b-v2	0	RES0054	2442	828	0.339066	2491	875	0.351265
figshare-osce	parakeet-tdt-0.6b-v2	0	RES0055	1313	227	0.172887	1375	286	0.208000
figshare-osce	parakeet-tdt-0.6b-v2	0	RES0056	1126	265	0.235346	1174	311	0.264906
figshare-osce	parakeet-tdt-0.6b-v2	0	RES0057	1203	186	0.154613	1245	222	0.178313
figshare-osce	parakeet-tdt-0.6b-v2	0	RES0058	1437	164	0.114127	1514	231	0.152576
figshare-osce	parakeet-tdt-0.6b-v2	0	RES0059	1291	202	0.156468	1358	258	0.189985
figshare-osce	parakeet-tdt-0.6b-v2	0	RES0060	1602	375	0.234082	1683	445	0.264409
figshare-osce	parakeet-tdt-0.6b-v2	0	RES0061	1696	200	0.117925	1783	258	0.144700
figshare-osce	parakeet-tdt-0.6b-v2	0	RES0062	1866	186	0.099678	1965	261	0.132824
figshare-osce	parakeet-tdt-0.6b-v2	0	RES0063	1373	156	0.113620	1439	205	0.142460
figshare-osce	parakeet-tdt-0.6b-v2	0	RES0064	1030	222	0.215534	1078	259	0.240260
figshare-osce	parakeet-tdt-0.6b-v2	0	RES0065	1045	81	0.077512	1089	131	0.120294
figshare-osce	parakeet-tdt-0.6b-v2	0	RES0066	1132	224	0.197880	1192	273	0.229027
figshare-osce	parakeet-tdt-0.6b-v2	0	RES0067	905	278	0.307182	946	312	0.329810
figshare-osce	parakeet-tdt-0.6b-v2	0	RES0068	1158	213	0.183938	1213	254	0.209398
figshare-osce	parakeet-tdt-0.6b-v2	0	RES0069	972	247	0.254115	1026	293	0.285575
figshare-osce	parakeet-tdt-0.6b-v2	0	RES0070	929	257	0.276642	976	302	0.309426
figshare-osce	parakeet-tdt-0.6b-v2	0	RES0071	1248	107	0.085737	1301	152	0.116833
figshare-osce	parakeet-tdt-0.6b-v2	0	RES0072	1124	256	0.227758	1182	305	0.258037
figshare-osce	parakeet-tdt-0.6b-v2	0	RES0073	1293	131	0.101315	1340	169	0.126119
figshare-osce	parakeet-tdt-0.6b-v2	0	RES0074	1187	99	0.083404	1246	142	0.113965
figshare-osce	parakeet-tdt-0.6b-v2	0	RES0075	1065	84	0.078873	1112	124	0.111511
figshare-osce	parakeet-tdt-0.6b-v2	0	RES0076	1500	218	0.145333	1569	271	0.172721
figshare-osce	parakeet-tdt-0.6b-v2	0	RES0077	1572	117	0.074427	1649	172	0.104306
figshare-osce	parakeet-tdt-0.6b-v2	0	RES0078	1104	106	0.096014	1140	136	0.119298
figshare-osce	parakeet-tdt-0.6b-v2	0	RES0079	803	133	0.165629	841	164	0.195006
figshare-osce	parakeet-tdt-0.6b-v2	0	RES0080	1167	193	0.165381	1225	234	0.191020
figshare-osce	parakeet-tdt-0.6b-v2	0	RES0081	1398	191	0.136624	1455	231	0.158763
figshare-osce	parakeet-tdt-0.6b-v2	0	RES0082	889	118	0.132733	932	145	0.155579
figshare-osce	parakeet-tdt-0.6b-v2	0	RES0083	949	103	0.108535	990	135	0.136364
figshare-osce	parakeet-tdt-0.6b-v2	0	RES0084	1494	88	0.058902	1562	147	0.094110
figshare-osce	parakeet-tdt-0.6b-v2	0	RES0085	912	159	0.174342	959	198	0.206465
figshare-osce	parakeet-tdt-0.6b-v2	0	RES0086	1462	234	0.160055	1523	286	0.187787
figshare-osce	parakeet-tdt-0.6b-v2	0	RES0087	1300	225	0.173077	1359	275	0.202355
figshare-osce	parakeet-tdt-0.6b-v2	0	RES0088	1318	110	0.083460	1373	159	0.115805
figshare-osce	parakeet-tdt-0.6b-v2	0	RES0089	1717	190	0.110658	1800	255	0.141667
figshare-osce	parakeet-tdt-0.6b-v2	0	RES0090	1147	61	0.053182	1193	97	0.081308
figshare-osce	parakeet-tdt-0.6b-v2	0	RES0091	862	173	0.200696	901	199	0.220866
figshare-osce	parakeet-tdt-0.6b-v2	0	RES0092	803	230	0.286426	837	251	0.299881
figshare-osce	parakeet-tdt-0.6b-v2	0	RES0093	1549	231	0.149128	1606	266	0.165629
figshare-osce	parakeet-tdt-0.6b-v2	0	RES0094	772	196	0.253886	793	213	0.268600
figshare-osce	parakeet-tdt-0.6b-v2	0	RES0095	1419	235	0.165610	1467	268	0.182686
figshare-osce	parakeet-tdt-0.6b-v2	0	RES0096	1233	300	0.243309	1292	344	0.266254
figshare-osce	parakeet-tdt-0.6b-v2	0	RES0097	1322	158	0.119516	1381	194	0.140478
figshare-osce	parakeet-tdt-0.6b-v2	0	RES0098	1424	280	0.196629	1474	315	0.213704
figshare-osce	parakeet-tdt-0.6b-v2	0	RES0099	1508	148	0.098143	1554	180	0.115830
figshare-osce	parakeet-tdt-0.6b-v2	0	RES0100	1715	145	0.084548	1767	183	0.103565
figshare-osce	parakeet-tdt-0.6b-v2	0	RES0101	1379	289	0.209572	1430	326	0.227972
figshare-osce	parakeet-tdt-0.6b-v2	0	RES0102	1960	147	0.075000	2025	194	0.095802
figshare-osce	parakeet-tdt-0.6b-v2	0	RES0103	1051	225	0.214082	1100	264	0.240000
figshare-osce	parakeet-tdt-0.6b-v2	0	RES0104	1485	239	0.160943	1563	293	0.187460
figshare-osce	parakeet-tdt-0.6b-v2	0	RES0105	1666	299	0.179472	1738	350	0.201381
figshare-osce	parakeet-tdt-0.6b-v2	0	RES0106	1242	102	0.082126	1307	155	0.118592
figshare-osce	parakeet-tdt-0.6b-v2	0	RES0107	1516	225	0.148417	1596	291	0.182331
figshare-osce	parakeet-tdt-0.6b-v2	0	RES0108	903	298	0.330011	950	340	0.357895
figshare-osce	parakeet-tdt-0.6b-v2	0	RES0109	795	202	0.254088	845	235	0.278107
figshare-osce	parakeet-tdt-0.6b-v2	0	RES0110	1505	134	0.089037	1565	170	0.108626
figshare-osce	parakeet-tdt-0.6b-v2	0	RES0111	923	161	0.174431	965	195	0.202073
figshare-osce	parakeet-tdt-0.6b-v2	0	RES0112	807	212	0.262701	835	234	0.280240
figshare-osce	parakeet-tdt-0.6b-v2	0	RES0113	1046	182	0.173996	1079	208	0.192771
figshare-osce	parakeet-tdt-0.6b-v2	0	RES0114	1586	232	0.146280	1673	303	0.181112
figshare-osce	parakeet-tdt-0.6b-v2	0	RES0116	1521	135	0.088757	1588	189	0.119018
figshare-osce	parakeet-tdt-0.6b-v2	0	RES0117	909	293	0.322332	951	329	0.345952
figshare-osce	parakeet-tdt-0.6b-v2	0	RES0118	926	57	0.061555	947	71	0.074974
figshare-osce	parakeet-tdt-0.6b-v2	0	RES0119	1307	156	0.119357	1359	198	0.145695
figshare-osce	parakeet-tdt-0.6b-v2	0	RES0120	1322	223	0.168684	1381	234	0.169442
figshare-osce	parakeet-tdt-0.6b-v2	0	RES0121	925	57	0.061622	962	66	0.068607
figshare-osce	parakeet-tdt-0.6b-v2	0	RES0122	1023	147	0.143695	1046	148	0.141491
figshare-osce	parakeet-tdt-0.6b-v2	0	RES0123	1670	203	0.121557	1716	212	0.123543
figshare-osce	parakeet-tdt-0.6b-v2	0	RES0124	1675	135	0.080597	1729	141	0.081550
figshare-osce	parakeet-tdt-0.6b-v2	0	RES0125	1578	138	0.087452	1638	144	0.087912
figshare-osce	parakeet-tdt-0.6b-v2	0	RES0126	1787	162	0.090655	1858	215	0.115716
figshare-osce	parakeet-tdt-0.6b-v2	0	RES0127	1404	215	0.153134	1461	252	0.172485
figshare-osce	parakeet-tdt-0.6b-v2	0	RES0128	1041	240	0.230548	1095	290	0.264840
figshare-osce	parakeet-tdt-0.6b-v2	0	RES0129	1020	237	0.232353	1078	281	0.260668
figshare-osce	parakeet-tdt-0.6b-v2	0	RES0130	1271	213	0.167585	1329	219	0.164786
figshare-osce	parakeet-tdt-0.6b-v2	0	RES0131	1159	207	0.178602	1231	220	0.178716
figshare-osce	parakeet-tdt-0.6b-v2	0	RES0132	1260	251	0.199206	1309	257	0.196333
figshare-osce	parakeet-tdt-0.6b-v2	0	RES0133	1221	238	0.194922	1264	245	0.193829
figshare-osce	parakeet-tdt-0.6b-v2	0	RES0134	1615	137	0.084830	1679	141	0.083979
figshare-osce	parakeet-tdt-0.6b-v2	0	RES0135	1160	216	0.186207	1224	223	0.182190
figshare-osce	parakeet-tdt-0.6b-v2	0	RES0136	1198	279	0.232888	1243	290	0.233307
figshare-osce	parakeet-tdt-0.6b-v2	0	RES0137	1226	221	0.180261	1274	232	0.182104
figshare-osce	parakeet-tdt-0.6b-v2	0	RES0138	1099	118	0.107370	1148	142	0.123693
figshare-osce	parakeet-tdt-0.6b-v2	0	RES0139	1082	293	0.270795	1131	305	0.269673
figshare-osce	parakeet-tdt-0.6b-v2	0	RES0140	881	273	0.309875	907	282	0.310915
figshare-osce	parakeet-tdt-0.6b-v2	0	RES0141	953	157	0.164743	987	162	0.164134
figshare-osce	parakeet-tdt-0.6b-v2	0	RES0142	761	207	0.272011	778	212	0.272494
figshare-osce	parakeet-tdt-0.6b-v2	0	RES0143	1094	308	0.281536	1119	314	0.280608
figshare-osce	parakeet-tdt-0.6b-v2	0	RES0144	1114	288	0.258528	1153	317	0.274935
figshare-osce	parakeet-tdt-0.6b-v2	0	RES0145	1273	127	0.099764	1326	162	0.122172
figshare-osce	parakeet-tdt-0.6b-v2	0	RES0146	866	164	0.189376	898	183	0.203786
figshare-osce	parakeet-tdt-0.6b-v2	0	RES0147	1218	161	0.132184	1274	197	0.154631
figshare-osce	parakeet-tdt-0.6b-v2	0	RES0148	1094	229	0.209324	1136	259	0.227993
figshare-osce	parakeet-tdt-0.6b-v2	0	RES0149	1219	240	0.196883	1270	271	0.213386
figshare-osce	parakeet-tdt-0.6b-v2	0	RES0150	1097	210	0.191431	1147	241	0.210113
figshare-osce	parakeet-tdt-0.6b-v2	0	RES0151	1110	197	0.177477	1157	231	0.199654
figshare-osce	parakeet-tdt-0.6b-v2	0	RES0152	1020	81	0.079412	1059	105	0.099150
figshare-osce	parakeet-tdt-0.6b-v2	0	RES0153	1055	93	0.088152	1103	130	0.117860
figshare-osce	parakeet-tdt-0.6b-v2	0	RES0154	902	213	0.236142	943	248	0.262990
figshare-osce	parakeet-tdt-0.6b-v2	0	RES0155	1374	313	0.227802	1439	358	0.248784
figshare-osce	parakeet-tdt-0.6b-v2	0	RES0156	957	217	0.226750	1016	259	0.254921
figshare-osce	parakeet-tdt-0.6b-v2	0	RES0158	1029	216	0.209913	1079	251	0.232623
figshare-osce	parakeet-tdt-0.6b-v2	0	RES0159	1072	76	0.070896	1104	96	0.086957
figshare-osce	parakeet-tdt-0.6b-v2	0	RES0160	1110	122	0.109910	1135	145	0.127753
figshare-osce	parakeet-tdt-0.6b-v2	0	RES0161	1009	155	0.153617	1034	167	0.161509
figshare-osce	parakeet-tdt-0.6b-v2	0	RES0162	1208	148	0.122517	1235	168	0.136032
figshare-osce	parakeet-tdt-0.6b-v2	0	RES0163	1156	131	0.113322	1200	169	0.140833
figshare-osce	parakeet-tdt-0.6b-v2	0	RES0164	1194	259	0.216918	1248	305	0.244391
figshare-osce	parakeet-tdt-0.6b-v2	0	RES0165	869	146	0.168009	909	183	0.201320
figshare-osce	parakeet-tdt-0.6b-v2	0	RES0166	1102	126	0.114338	1155	171	0.148052
figshare-osce	parakeet-tdt-0.6b-v2	0	RES0167	1124	128	0.113879	1181	170	0.143946
figshare-osce	parakeet-tdt-0.6b-v2	0	RES0168	1268	300	0.236593	1329	354	0.266366
figshare-osce	parakeet-tdt-0.6b-v2	0	RES0169	916	167	0.182314	946	190	0.200846
figshare-osce	parakeet-tdt-0.6b-v2	0	RES0170	1303	277	0.212586	1351	310	0.229460
figshare-osce	parakeet-tdt-0.6b-v2	0	RES0171	1319	377	0.285823	1368	404	0.295322
figshare-osce	parakeet-tdt-0.6b-v2	0	RES0172	1154	313	0.271231	1195	333	0.278661
figshare-osce	parakeet-tdt-0.6b-v2	0	RES0173	1204	210	0.174419	1262	249	0.197306
figshare-osce	parakeet-tdt-0.6b-v2	0	RES0174	1483	152	0.102495	1549	197	0.127179
figshare-osce	parakeet-tdt-0.6b-v2	0	RES0175	974	90	0.092402	1017	121	0.118977
figshare-osce	parakeet-tdt-0.6b-v2	0	RES0176	1253	113	0.090184	1305	155	0.118774
figshare-osce	parakeet-tdt-0.6b-v2	0	RES0177	1129	181	0.160319	1193	234	0.196144
figshare-osce	parakeet-tdt-0.6b-v2	0	RES0178	1058	129	0.121928	1125	180	0.160000
figshare-osce	parakeet-tdt-0.6b-v2	0	RES0179	1213	309	0.254740	1291	368	0.285050
figshare-osce	parakeet-tdt-0.6b-v2	0	RES0180	1009	286	0.283449	1065	335	0.314554
figshare-osce	parakeet-tdt-0.6b-v2	0	RES0181	1120	191	0.170536	1184	245	0.206926
figshare-osce	parakeet-tdt-0.6b-v2	0	RES0182	894	198	0.221477	945	243	0.257143
figshare-osce	parakeet-tdt-0.6b-v2	0	RES0183	1160	113	0.097414	1217	162	0.133114
figshare-osce	parakeet-tdt-0.6b-v2	0	RES0184	917	198	0.215921	970	243	0.250515
figshare-osce	parakeet-tdt-0.6b-v2	0	RES0185	1023	293	0.286413	1075	338	0.314419
figshare-osce	parakeet-tdt-0.6b-v2	0	RES0186	1009	187	0.185332	1069	238	0.222638
figshare-osce	parakeet-tdt-0.6b-v2	0	RES0187	1238	301	0.243134	1303	363	0.278588
figshare-osce	parakeet-tdt-0.6b-v2	0	RES0188	901	98	0.108768	957	146	0.152560
figshare-osce	parakeet-tdt-0.6b-v2	0	RES0189	1385	221	0.159567	1439	263	0.182766
figshare-osce	parakeet-tdt-0.6b-v2	0	RES0190	1233	228	0.184915	1290	273	0.211628
figshare-osce	parakeet-tdt-0.6b-v2	0	RES0191	881	115	0.130533	927	155	0.167206
figshare-osce	parakeet-tdt-0.6b-v2	0	RES0192	1215	87	0.071605	1280	136	0.106250
figshare-osce	parakeet-tdt-0.6b-v2	0	RES0193	1372	282	0.205539	1431	323	0.225716
figshare-osce	parakeet-tdt-0.6b-v2	0	RES0194	1329	280	0.210685	1395	330	0.236559
figshare-osce	parakeet-tdt-0.6b-v2	0	RES0195	1274	204	0.160126	1335	258	0.193258
figshare-osce	parakeet-tdt-0.6b-v2	0	RES0196	902	275	0.304878	943	314	0.332980
figshare-osce	parakeet-tdt-0.6b-v2	0	RES0197	917	91	0.099237	966	135	0.139752
figshare-osce	parakeet-tdt-0.6b-v2	0	RES0198	812	226	0.278325	857	265	0.309218
figshare-osce	parakeet-tdt-0.6b-v2	0	RES0199	1096	323	0.294708	1152	377	0.327257
figshare-osce	parakeet-tdt-0.6b-v2	0	RES0200	1293	315	0.243619	1351	366	0.270910
figshare-osce	parakeet-tdt-0.6b-v2	0	RES0201	1008	108	0.107143	1059	160	0.151086
figshare-osce	parakeet-tdt-0.6b-v2	0	RES0202	1455	230	0.158076	1522	280	0.183968
figshare-osce	parakeet-tdt-0.6b-v2	0	RES0203	875	60	0.068571	920	106	0.115217
figshare-osce	parakeet-tdt-0.6b-v2	0	RES0204	945	319	0.337566	995	361	0.362814
figshare-osce	parakeet-tdt-0.6b-v2	0	RES0205	1012	76	0.075099	1049	111	0.105815
figshare-osce	parakeet-tdt-0.6b-v2	0	RES0206	1316	331	0.251520	1354	365	0.269572
figshare-osce	parakeet-tdt-0.6b-v2	0	RES0207	776	203	0.261598	818	237	0.289731
figshare-osce	parakeet-tdt-0.6b-v2	0	RES0208	1286	283	0.220062	1322	311	0.235250
figshare-osce	parakeet-tdt-0.6b-v2	0	RES0209	1063	290	0.272813	1108	331	0.298736
figshare-osce	parakeet-tdt-0.6b-v2	0	RES0210	1089	91	0.083563	1139	135	0.118525
figshare-osce	parakeet-tdt-0.6b-v2	0	RES0211	1358	139	0.102356	1415	179	0.126502
figshare-osce	parakeet-tdt-0.6b-v2	0	RES0212	1262	67	0.053090	1304	100	0.076687
figshare-osce	parakeet-tdt-0.6b-v2	0	RES0213	1454	128	0.088033	1485	150	0.101010
figshare-osce	parakeet-tdt-0.6b-v2	0	RES0214	1085	76	0.070046	1123	110	0.097952
figshare-osce	parakeet-tdt-0.6b-v2	0	RES0215	1326	90	0.067873	1386	133	0.095960
figshare-osce	parakeet-tdt-0.6b-v2	0	RES0216	1560	151	0.096795	1604	188	0.117207
figshare-osce	parakeet-tdt-0.6b-v2	0	RES0217	1463	202	0.138072	1486	222	0.149394
figshare-osce	nemo-fastconformer	0	CAR0001	992	187	0.188508	1053	244	0.231719
figshare-osce	nemo-fastconformer	0	CAR0002	1023	110	0.107527	1067	150	0.140581
figshare-osce	nemo-fastconformer	0	CAR0003	1214	190	0.156507	1281	250	0.195160
figshare-osce	nemo-fastconformer	0	CAR0004	882	195	0.221088	920	230	0.250000
figshare-osce	nemo-fastconformer	0	CAR0005	1259	168	0.133439	1292	195	0.150929
figshare-osce	nemo-fastconformer	0	DER0001	1503	372	0.247505	1554	414	0.266409
figshare-osce	nemo-fastconformer	0	GAS0001	1005	211	0.209950	1033	233	0.225557
figshare-osce	nemo-fastconformer	0	GAS0002	1097	102	0.092981	1140	138	0.121053
figshare-osce	nemo-fastconformer	0	GAS0003	1059	225	0.212465	1093	260	0.237877
figshare-osce	nemo-fastconformer	0	GAS0004	1137	173	0.152155	1180	209	0.177119
figshare-osce	nemo-fastconformer	0	GAS0005	1538	303	0.197009	1599	360	0.225141
figshare-osce	nemo-fastconformer	0	GAS0007	872	204	0.233945	903	231	0.255814
figshare-osce	nemo-fastconformer	0	GEN0001	1100	291	0.264545	1132	319	0.281802
figshare-osce	nemo-fastconformer	0	MSK0001	938	122	0.130064	983	165	0.167854
figshare-osce	nemo-fastconformer	0	MSK0003	1788	246	0.137584	1866	305	0.163451
figshare-osce	nemo-fastconformer	0	MSK0004	1073	124	0.115564	1125	166	0.147556
figshare-osce	nemo-fastconformer	0	MSK0005	1440	231	0.160417	1513	298	0.196960
figshare-osce	nemo-fastconformer	0	MSK0006	1688	261	0.154621	1781	334	0.187535
figshare-osce	nemo-fastconformer	0	MSK0007	1287	184	0.142968	1358	247	0.181885
figshare-osce	nemo-fastconformer	0	MSK0008	1358	214	0.157585	1417	270	0.190543
figshare-osce	nemo-fastconformer	0	MSK0009	1505	210	0.139535	1572	271	0.172392
figshare-osce	nemo-fastconformer	0	MSK0010	1442	162	0.112344	1505	215	0.142857
figshare-osce	nemo-fastconformer	0	MSK0011	1460	223	0.152740	1535	280	0.182410
figshare-osce	nemo-fastconformer	0	MSK0012	1580	209	0.132278	1652	276	0.167070
figshare-osce	nemo-fastconformer	0	MSK0013	1539	209	0.135802	1610	272	0.168944
figshare-osce	nemo-fastconformer	0	MSK0014	1514	203	0.134082	1575	251	0.159365
figshare-osce	nemo-fastconformer	0	MSK0015	1568	234	0.149235	1622	279	0.172010
figshare-osce	nemo-fastconformer	0	MSK0016	1982	378	0.190716	2064	448	0.217054
figshare-osce	nemo-fastconformer	0	MSK0017	1646	307	0.186513	1735	390	0.224784
figshare-osce	nemo-fastconformer	0	MSK0018	941	214	0.227418	976	239	0.244877
figshare-osce	nemo-fastconformer	0	MSK0019	1293	210	0.162413	1337	248	0.185490
figshare-osce	nemo-fastconformer	0	MSK0020	1605	299	0.186293	1683	366	0.217469
figshare-osce	nemo-fastconformer	0	MSK0021	1661	313	0.188441	1745	389	0.222923
figshare-osce	nemo-fastconformer	0	MSK0022	2076	209	0.100674	2164	270	0.124769
figshare-osce	nemo-fastconformer	0	MSK0023	1184	145	0.122466	1229	187	0.152156
figshare-osce	nemo-fastconformer	0	MSK0024	1162	127	0.109294	1193	157	0.131601
figshare-osce	nemo-fastconformer	0	MSK0025	1526	178	0.116645	1580	223	0.141139
figshare-osce	nemo-fastconformer	0	MSK0026	1319	175	0.132676	1365	219	0.160440
figshare-osce	nemo-fastconformer	0	MSK0027	1328	197	0.148343	1377	244	0.177197
figshare-osce	nemo-fastconformer	0	MSK0028	1776	208	0.117117	1836	269	0.146514
figshare-osce	nemo-fastconformer	0	MSK0029	2175	499	0.229425	2268	580	0.255732
figshare-osce	nemo-fastconformer	0	MSK0031	1244	235	0.188907	1299	279	0.214781
figshare-osce	nemo-fastconformer	0	MSK0032	1161	203	0.174849	1198	234	0.195326
figshare-osce	nemo-fastconformer	0	MSK0033	1623	204	0.125693	1687	250	0.148192
figshare-osce	nemo-fastconformer	0	MSK0034	1381	180	0.130340	1448	237	0.163674
figshare-osce	nemo-fastconformer	0	MSK0035	1535	255	0.166124	1596	309	0.193609
figshare-osce	nemo-fastconformer	0	MSK0036	1693	182	0.107501	1757	229	0.130336
figshare-osce	nemo-fastconformer	0	MSK0037	1622	237	0.146116	1682	283	0.168252
figshare-osce	nemo-fastconformer	0	MSK0038	1808	307	0.169801	1895	382	0.201583
figshare-osce	nemo-fastconformer	0	MSK0039	1345	236	0.175465	1404	286	0.203704
figshare-osce	nemo-fastconformer	0	MSK0040	1432	202	0.141061	1488	253	0.170027
figshare-osce	nemo-fastconformer	0	MSK0041	1532	302	0.197128	1583	350	0.221099
figshare-osce	nemo-fastconformer	0	MSK0042	1462	203	0.138851	1522	213	0.139947
figshare-osce	nemo-fastconformer	0	MSK0043	1697	259	0.152622	1772	303	0.170993
figshare-osce	nemo-fastconformer	0	MSK0044	1133	173	0.152692	1177	201	0.170773
figshare-osce	nemo-fastconformer	0	MSK0045	1350	241	0.178519	1394	286	0.205165
figshare-osce	nemo-fastconformer	0	MSK0046	1176	194	0.164966	1225	242	0.197551
figshare-osce	nemo-fastconformer	0	MSK0049	1325	278	0.209811	1372	323	0.235423
figshare-osce	nemo-fastconformer	0	MSK0050	1238	220	0.177706	1285	264	0.205447
figshare-osce	nemo-fastconformer	0	RES0001	1447	211	0.145819	1526	281	0.184142
figshare-osce	nemo-fastconformer	0	RES0002	1129	377	0.333924	1162	406	0.349398
figshare-osce	nemo-fastconformer	0	RES0003	1187	174	0.146588	1261	231	0.183188
figshare-osce	nemo-fastconformer	0	RES0004	1614	245	0.151797	1723	326	0.189205
figshare-osce	nemo-fastconformer	0	RES0005	1587	170	0.107120	1645	221	0.134347
figshare-osce	nemo-fastconformer	0	RES0006	1186	144	0.121417	1240	191	0.154032
figshare-osce	nemo-fastconformer	0	RES0007	1812	320	0.176600	1874	360	0.192102
figshare-osce	nemo-fastconformer	0	RES0008	1112	173	0.155576	1171	211	0.180188
figshare-osce	nemo-fastconformer	0	RES0009	1390	240	0.172662	1446	286	0.197787
figshare-osce	nemo-fastconformer	0	RES0010	1036	221	0.213320	1070	252	0.235514
figshare-osce	nemo-fastconformer	0	RES0011	1582	272	0.171934	1647	335	0.203400
figshare-osce	nemo-fastconformer	0	RES0012	2062	345	0.167313	2168	436	0.201107
figshare-osce	nemo-fastconformer	0	RES0013	1344	231	0.171875	1400	287	0.205000
figshare-osce	nemo-fastconformer	0	RES0014	1368	280	0.204678	1429	339	0.237229
figshare-osce	nemo-fastconformer	0	RES0015	1538	259	0.168401	1607	322	0.200373
figshare-osce	nemo-fastconformer	0	RES0016	1268	259	0.204259	1327	312	0.235117
figshare-osce	nemo-fastconformer	0	RES0017	1691	159	0.094027	1751	213	0.121645
figshare-osce	nemo-fastconformer	0	RES0018	1284	169	0.131620	1334	203	0.152174
figshare-osce	nemo-fastconformer	0	RES0019	1274	227	0.178179	1334	277	0.207646
figshare-osce	nemo-fastconformer	0	RES0020	1358	269	0.198085	1413	316	0.223638
figshare-osce	nemo-fastconformer	0	RES0021	1198	218	0.181970	1255	264	0.210359
figshare-osce	nemo-fastconformer	0	RES0022	1921	418	0.217595	1999	486	0.243122
figshare-osce	nemo-fastconformer	0	RES0023	1035	261	0.252174	1099	309	0.281165
figshare-osce	nemo-fastconformer	0	RES0024	959	280	0.291971	1004	321	0.319721
figshare-osce	nemo-fastconformer	0	RES0025	1327	236	0.177845	1393	290	0.208184
figshare-osce	nemo-fastconformer	0	RES0026	1478	277	0.187415	1544	343	0.222150
figshare-osce	nemo-fastconformer	0	RES0027	1308	293	0.224006	1366	345	0.252562
figshare-osce	nemo-fastconformer	0	RES0028	1100	138	0.125455	1156	182	0.157439
figshare-osce	nemo-fastconformer	0	RES0029	781	89	0.113956	811	118	0.145499
figshare-osce	nemo-fastconformer	0	RES0030	1134	126	0.111111	1184	167	0.141047
figshare-osce	nemo-fastconformer	0	RES0031	1294	138	0.106646	1343	181	0.134773
figshare-osce	nemo-fastconformer	0	RES0032	1173	149	0.127025	1212	176	0.145215
figshare-osce	nemo-fastconformer	0	RES0033	1316	145	0.110182	1372	190	0.138484
figshare-osce	nemo-fastconformer	0	RES0034	1623	172	0.105977	1685	232	0.137685
figshare-osce	nemo-fastconformer	0	RES0035	918	153	0.166667	958	188	0.196242
figshare-osce	nemo-fastconformer	0	RES0036	1352	256	0.189349	1423	320	0.224877
figshare-osce	nemo-fastconformer	0	RES0037	1376	166	0.120640	1453	222	0.152787
figshare-osce	nemo-fastconformer	0	RES0038	1485	201	0.135354	1554	257	0.165380
figshare-osce	nemo-fastconformer	0	RES0039	1592	224	0.140704	1672	280	0.167464
figshare-osce	nemo-fastconformer	0	RES0042	1206	236	0.195688	1264	294	0.232595
figshare-osce	nemo-fastconformer	0	RES0043	1432	283	0.197626	1503	342	0.227545
figshare-osce	nemo-fastconformer	0	RES0044	1768	269	0.152149	1859	342	0.183970
figshare-osce	nemo-fastconformer	0	RES0045	1145	186	0.162445	1204	234	0.194352
figshare-osce	nemo-fastconformer	0	RES0046	1494	251	0.168005	1588	324	0.204030
figshare-osce	nemo-fastconformer	0	RES0047	1530	293	0.191503	1628	378	0.232187
figshare-osce	nemo-fastconformer	0	RES0048	1730	440	0.254335	1809	508	0.280818
figshare-osce	nemo-fastconformer	0	RES0049	1549	318	0.205294	1622	379	0.233662
figshare-osce	nemo-fastconformer	0	RES0050	1065	209	0.196244	1109	252	0.227232
figshare-osce	nemo-fastconformer	0	RES0051	958	195	0.203549	997	235	0.235707
figshare-osce	nemo-fastconformer	0	RES0052	776	194	0.250000	828	244	0.294686
figshare-osce	nemo-fastconformer	0	RES0053	1917	492	0.256651	1982	552	0.278507
figshare-osce	nemo-fastconformer	0	RES0054	2442	1009	0.413186	2491	1061	0.425933
figshare-osce	nemo-fastconformer	0	RES0055	1313	348	0.265042	1375	395	0.287273
figshare-osce	nemo-fastconformer	0	RES0056	1126	300	0.266430	1174	341	0.290460
figshare-osce	nemo-fastconformer	0	RES0057	1203	413	0.343308	1245	442	0.355020
figshare-osce	nemo-fastconformer	0	RES0058	1437	313	0.217815	1514	380	0.250991
figshare-osce	nemo-fastconformer	0	RES0059	1291	261	0.202169	1358	318	0.234168
figshare-osce	nemo-fastconformer	0	RES0060	1602	382	0.238452	1683	451	0.267974
figshare-osce	nemo-fastconformer	0	RES0061	1696	326	0.192217	1783	390	0.218732
figshare-osce	nemo-fastconformer	0	RES0062	1866	342	0.183280	1965	425	0.216285
figshare-osce	nemo-fastconformer	0	RES0063	1373	299	0.217771	1439	358	0.248784
figshare-osce	nemo-fastconformer	0	RES0064	1030	186	0.180583	1078	229	0.212430
figshare-osce	nemo-fastconformer	0	RES0065	1045	231	0.221053	1089	268	0.246097
figshare-osce	nemo-fastconformer	0	RES0066	1132	284	0.250883	1192	333	0.279362
figshare-osce	nemo-fastconformer	0	RES0067	905	147	0.162431	946	176	0.186047
figshare-osce	nemo-fastconformer	0	RES0068	1158	198	0.170984	1213	239	0.197032
figshare-osce	nemo-fastconformer	0	RES0069	972	399	0.410494	1026	452	0.440546
figshare-osce	nemo-fastconformer	0	RES0070	929	345	0.371367	976	392	0.401639
figshare-osce	nemo-fastconformer	0	RES0071	1248	192	0.153846	1301	234	0.179862
figshare-osce	nemo-fastconformer	0	RES0072	1124	208	0.185053	1182	246	0.208122
figshare-osce	nemo-fastconformer	0	RES0073	1293	200	0.154679	1340	239	0.178358
figshare-osce	nemo-fastconformer	0	RES0074	1187	198	0.166807	1246	244	0.195827
figshare-osce	nemo-fastconformer	0	RES0075	1065	154	0.144601	1112	197	0.177158
figshare-osce	nemo-fastconformer	0	RES0076	1500	237	0.158000	1569	287	0.182919
figshare-osce	nemo-fastconformer	0	RES0077	1572	270	0.171756	1649	318	0.192844
figshare-osce	nemo-fastconformer	0	RES0078	1104	422	0.382246	1140	456	0.400000
figshare-osce	nemo-fastconformer	0	RES0079	803	321	0.399751	841	352	0.418549
figshare-osce	nemo-fastconformer	0	RES0080	1167	386	0.330763	1225	434	0.354286
figshare-osce	nemo-fastconformer	0	RES0081	1398	412	0.294707	1455	467	0.320962
figshare-osce	nemo-fastconformer	0	RES0082	889	274	0.308211	932	306	0.328326
figshare-osce	nemo-fastconformer	0	RES0083	949	319	0.336143	990	350	0.353535
figshare-osce	nemo-fastconformer	0	RES0084	1494	231	0.154618	1562	280	0.179257
figshare-osce	nemo-fastconformer	0	RES0085	912	175	0.191886	959	213	0.222106
figshare-osce	nemo-fastconformer	0	RES0086	1462	252	0.172367	1523	303	0.198949
figshare-osce	nemo-fastconformer	0	RES0087	1300	191	0.146923	1359	241	0.177336
figshare-osce	nemo-fastconformer	0	RES0088	1318	221	0.167678	1373	270	0.196650
figshare-osce	nemo-fastconformer	0	RES0089	1717	264	0.153757	1800	347	0.192778
figshare-osce	nemo-fastconformer	0	RES0090	1147	146	0.127289	1193	186	0.155909
figshare-osce	nemo-fastconformer	0	RES0091	862	106	0.122970	901	137	0.152053
figshare-osce	nemo-fastconformer	0	RES0092	803	201	0.250311	837	228	0.272401
figshare-osce	nemo-fastconformer	0	RES0093	1549	371	0.239509	1606	417	0.259651
figshare-osce	nemo-fastconformer	0	RES0094	772	263	0.340674	793	282	0.355612
figshare-osce	nemo-fastconformer	0	RES0095	1419	410	0.288936	1467	459	0.312883
figshare-osce	nemo-fastconformer	0	RES0096	1233	358	0.290349	1292	413	0.319659
figshare-osce	nemo-fastconformer	0	RES0097	1322	423	0.319970	1381	475	0.343954
figshare-osce	nemo-fastconformer	0	RES0098	1424	181	0.127107	1474	219	0.148575
figshare-osce	nemo-fastconformer	0	RES0099	1508	271	0.179708	1554	311	0.200129
figshare-osce	nemo-fastconformer	0	RES0100	1715	224	0.130612	1767	266	0.150538
figshare-osce	nemo-fastconformer	0	RES0101	1379	187	0.135606	1430	234	0.163636
figshare-osce	nemo-fastconformer	0	RES0102	1960	243	0.123980	2025	291	0.143704
figshare-osce	nemo-fastconformer	0	RES0103	1051	161	0.153187	1100	199	0.180909
figshare-osce	nemo-fastconformer	0	RES0104	1485	226	0.152189	1563	285	0.182342
figshare-osce	nemo-fastconformer	0	RES0105	1666	262	0.157263	1738	312	0.179517
figshare-osce	nemo-fastconformer	0	RES0106	1242	203	0.163446	1307	262	0.200459
figshare-osce	nemo-fastconformer	0	RES0107	1516	257	0.169525	1596	328	0.205514
figshare-osce	nemo-fastconformer	0	RES0108	903	188	0.208195	950	233	0.245263
figshare-osce	nemo-fastconformer	0	RES0109	795	151	0.189937	845	192	0.227219
figshare-osce	nemo-fastconformer	0	RES0110	1505	248	0.164784	1565	296	0.189137
figshare-osce	nemo-fastconformer	0	RES0111	923	207	0.224269	965	244	0.252850
figshare-osce	nemo-fastconformer	0	RES0112	807	147	0.182156	835	171	0.204790
figshare-osce	nemo-fastconformer	0	RES0113	1046	157	0.150096	1079	188	0.174235
figshare-osce	nemo-fastconformer	0	RES0114	1586	299	0.188525	1673	376	0.224746
figshare-osce	nemo-fastconformer	0	RES0116	1521	252	0.165680	1588	315	0.198363
figshare-osce	nemo-fastconformer	0	RES0117	909	185	0.203520	951	224	0.235542
figshare-osce	nemo-fastconformer	0	RES0118	926	209	0.225702	947	229	0.241816
figshare-osce	nemo-fastconformer	0	RES0119	1307	205	0.156848	1359	248	0.182487
figshare-osce	nemo-fastconformer	0	RES0120	1322	227	0.171710	1381	274	0.198407
figshare-osce	nemo-fastconformer	0	RES0121	925	136	0.147027	962	168	0.174636
figshare-osce	nemo-fastconformer	0	RES0122	1023	240	0.234604	1046	258	0.246654
figshare-osce	nemo-fastconformer	0	RES0123	1670	450	0.269461	1716	484	0.282051
figshare-osce	nemo-fastconformer	0	RES0124	1675	379	0.226269	1729	422	0.244072
figshare-osce	nemo-fastconformer	0	RES0125	1578	435	0.275665	1638	484	0.295482
figshare-osce	nemo-fastconformer	0	RES0126	1787	531	0.297146	1858	596	0.320775
figshare-osce	nemo-fastconformer	0	RES0127	1404	310	0.220798	1461	354	0.242300
figshare-osce	nemo-fastconformer	0	RES0128	1041	226	0.217099	1095	274	0.250228
figshare-osce	nemo-fastconformer	0	RES0129	1020	243	0.238235	1078	287	0.266234
figshare-osce	nemo-fastconformer	0	RES0130	1271	261	0.205350	1329	300	0.225734
figshare-osce	nemo-fastconformer	0	RES0131	1159	256	0.220880	1231	310	0.251828
figshare-osce	nemo-fastconformer	0	RES0132	1260	221	0.175397	1309	248	0.189458
figshare-osce	nemo-fastconformer	0	RES0133	1221	266	0.217854	1264	288	0.227848
figshare-osce	nemo-fastconformer	0	RES0134	1615	361	0.223529	1679	400	0.238237
figshare-osce	nemo-fastconformer	0	RES0135	1160	301	0.259483	1224	339	0.276961
figshare-osce	nemo-fastconformer	0	RES0136	1198	349	0.291319	1243	393	0.316171
figshare-osce	nemo-fastconformer	0	RES0137	1226	348	0.283850	1274	387	0.303768
figshare-osce	nemo-fastconformer	0	RES0138	1099	447	0.406733	1148	492	0.428571
figshare-osce	nemo-fastconformer	0	RES0139	1082	319	0.294824	1131	362	0.320071
figshare-osce	nemo-fastconformer	0	RES0140	881	236	0.267877	907	255	0.281147
figshare-osce	nemo-fastconformer	0	RES0141	953	297	0.311647	987	318	0.322188
figshare-osce	nemo-fastconformer	0	RES0142	761	226	0.296978	778	240	0.308483
figshare-osce	nemo-fastconformer	0	RES0143	1094	355	0.324497	1119	373	0.333333
figshare-osce	nemo-fastconformer	0	RES0144	1114	314	0.281867	1153	356	0.308760
figshare-osce	nemo-fastconformer	0	RES0145	1273	314	0.246661	1326	360	0.271493
figshare-osce	nemo-fastconformer	0	RES0146	866	239	0.275982	898	263	0.292873
figshare-osce	nemo-fastconformer	0	RES0147	1218	371	0.304598	1274	420	0.329670
figshare-osce	nemo-fastconformer	0	RES0148	1094	300	0.274223	1136	338	0.297535
figshare-osce	nemo-fastconformer	0	RES0149	1219	363	0.297785	1270	405	0.318898
figshare-osce	nemo-fastconformer	0	RES0150	1097	336	0.306290	1147	378	0.329555
figshare-osce	nemo-fastconformer	0	RES0151	1110	144	0.129730	1157	178	0.153846
figshare-osce	nemo-fastconformer	0	RES0152	1020	150	0.147059	1059	175	0.165250
figshare-osce	nemo-fastconformer	0	RES0153	1055	193	0.182938	1103	230	0.208522
figshare-osce	nemo-fastconformer	0	RES0154	902	152	0.168514	943	190	0.201485
figshare-osce	nemo-fastconformer	0	RES0155	1374	244	0.177584	1439	291	0.202224
figshare-osce	nemo-fastconformer	0	RES0156	957	158	0.165099	1016	200	0.196850
figshare-osce	nemo-fastconformer	0	RES0158	1029	147	0.142857	1079	180	0.166821
figshare-osce	nemo-fastconformer	0	RES0159	1072	273	0.254664	1104	300	0.271739
figshare-osce	nemo-fastconformer	0	RES0160	1110	284	0.255856	1135	305	0.268722
figshare-osce	nemo-fastconformer	0	RES0161	1009	229	0.226957	1034	250	0.241779
figshare-osce	nemo-fastconformer	0	RES0162	1208	287	0.237583	1235	309	0.250202
figshare-osce	nemo-fastconformer	0	RES0163	1156	294	0.254325	1200	333	0.277500
figshare-osce	nemo-fastconformer	0	RES0164	1194	372	0.311558	1248	416	0.333333
figshare-osce	nemo-fastconformer	0	RES0165	869	257	0.295742	909	291	0.320132
figshare-osce	nemo-fastconformer	0	RES0166	1102	270	0.245009	1155	317	0.274459
figshare-osce	nemo-fastconformer	0	RES0167	1124	173	0.153915	1181	218	0.184589
figshare-osce	nemo-fastconformer	0	RES0168	1268	225	0.177445	1329	282	0.212190
figshare-osce	nemo-fastconformer	0	RES0169	916	238	0.259825	946	263	0.278013
figshare-osce	nemo-fastconformer	0	RES0170	1303	379	0.290867	1351	416	0.307920
figshare-osce	nemo-fastconformer	0	RES0171	1319	362	0.274450	1368	396	0.289474
figshare-osce	nemo-fastconformer	0	RES0172	1154	400	0.346620	1195	428	0.358159
figshare-osce	nemo-fastconformer	0	RES0173	1204	351	0.291528	1262	397	0.314580
figshare-osce	nemo-fastconformer	0	RES0174	1483	425	0.286581	1549	484	0.312460
figshare-osce	nemo-fastconformer	0	RES0175	974	337	0.345996	1017	374	0.367748
figshare-osce	nemo-fastconformer	0	RES0176	1253	322	0.256983	1305	371	0.284291
figshare-osce	nemo-fastconformer	0	RES0177	1129	236	0.209035	1193	292	0.244761
figshare-osce	nemo-fastconformer	0	RES0178	1058	318	0.300567	1125	381	0.338667
figshare-osce	nemo-fastconformer	0	RES0179	1213	243	0.200330	1291	314	0.243222
figshare-osce	nemo-fastconformer	0	RES0180	1009	255	0.252725	1065	303	0.284507
figshare-osce	nemo-fastconformer	0	RES0181	1120	261	0.233036	1184	320	0.270270
figshare-osce	nemo-fastconformer	0	RES0182	894	198	0.221477	945	244	0.258201
figshare-osce	nemo-fastconformer	0	RES0183	1160	227	0.195690	1217	281	0.230896
figshare-osce	nemo-fastconformer	0	RES0184	917	194	0.211559	970	241	0.248454
figshare-osce	nemo-fastconformer	0	RES0185	1023	263	0.257087	1075	311	0.289302
figshare-osce	nemo-fastconformer	0	RES0186	1009	216	0.214073	1069	267	0.249766
figshare-osce	nemo-fastconformer	0	RES0187	1238	227	0.183360	1303	286	0.219493
figshare-osce	nemo-fastconformer	0	RES0188	901	203	0.225305	957	256	0.267503
figshare-osce	nemo-fastconformer	0	RES0189	1385	220	0.158845	1439	265	0.184156
figshare-osce	nemo-fastconformer	0	RES0190	1233	149	0.120843	1290	196	0.151938
figshare-osce	nemo-fastconformer	0	RES0191	881	171	0.194098	927	212	0.228695
figshare-osce	nemo-fastconformer	0	RES0192	1215	236	0.194239	1280	294	0.229687
figshare-osce	nemo-fastconformer	0	RES0193	1372	210	0.153061	1431	258	0.180294
figshare-osce	nemo-fastconformer	0	RES0194	1329	194	0.145974	1395	241	0.172760
figshare-osce	nemo-fastconformer	0	RES0195	1274	215	0.168760	1335	268	0.200749
figshare-osce	nemo-fastconformer	0	RES0196	902	157	0.174058	943	196	0.207847
figshare-osce	nemo-fastconformer	0	RES0197	917	192	0.209378	966	237	0.245342
figshare-osce	nemo-fastconformer	0	RES0198	812	176	0.216749	857	216	0.252042
figshare-osce	nemo-fastconformer	0	RES0199	1096	220	0.200730	1152	274	0.237847
figshare-osce	nemo-fastconformer	0	RES0200	1293	356	0.275329	1351	408	0.301999
figshare-osce	nemo-fastconformer	0	RES0201	1008	184	0.182540	1059	230	0.217186
figshare-osce	nemo-fastconformer	0	RES0202	1455	346	0.237801	1522	406	0.266754
figshare-osce	nemo-fastconformer	0	RES0203	875	155	0.177143	920	193	0.209783
figshare-osce	nemo-fastconformer	0	RES0204	945	101	0.106878	995	140	0.140704
figshare-osce	nemo-fastconformer	0	RES0205	1012	233	0.230237	1049	272	0.259295
figshare-osce	nemo-fastconformer	0	RES0206	1316	326	0.247720	1354	356	0.262925
figshare-osce	nemo-fastconformer	0	RES0207	776	227	0.292526	818	265	0.323961
figshare-osce	nemo-fastconformer	0	RES0208	1286	263	0.204510	1322	295	0.223147
figshare-osce	nemo-fastconformer	0	RES0209	1063	160	0.150517	1108	202	0.182310
figshare-osce	nemo-fastconformer	0	RES0210	1089	229	0.210285	1139	266	0.233538
figshare-osce	nemo-fastconformer	0	RES0211	1358	465	0.342415	1415	516	0.364664
figshare-osce	nemo-fastconformer	0	RES0212	1262	253	0.200475	1304	294	0.225460
figshare-osce	nemo-fastconformer	0	RES0213	1454	296	0.203576	1485	322	0.216835
figshare-osce	nemo-fastconformer	0	RES0214	1085	188	0.173272	1123	228	0.203028
figshare-osce	nemo-fastconformer	0	RES0215	1326	236	0.177979	1386	287	0.207071
figshare-osce	nemo-fastconformer	0	RES0216	1560	220	0.141026	1604	257	0.160224
figshare-osce	nemo-fastconformer	0	RES0217	1463	234	0.159945	1486	255	0.171602
figshare-osce	nemo-fastconformer-int8	0	CAR0001	992	196	0.197581	1053	254	0.241216
figshare-osce	nemo-fastconformer-int8	0	CAR0002	1023	123	0.120235	1067	162	0.151828
figshare-osce	nemo-fastconformer-int8	0	CAR0003	1214	216	0.177924	1281	277	0.216237
figshare-osce	nemo-fastconformer-int8	0	CAR0004	882	189	0.214286	920	224	0.243478
figshare-osce	nemo-fastconformer-int8	0	CAR0005	1259	187	0.148531	1292	215	0.166409
figshare-osce	nemo-fastconformer-int8	0	DER0001	1503	393	0.261477	1554	433	0.278636
figshare-osce	nemo-fastconformer-int8	0	GAS0001	1005	213	0.211940	1033	236	0.228461
figshare-osce	nemo-fastconformer-int8	0	GAS0002	1097	113	0.103008	1140	150	0.131579
figshare-osce	nemo-fastconformer-int8	0	GAS0003	1059	207	0.195467	1093	240	0.219579
figshare-osce	nemo-fastconformer-int8	0	GAS0004	1137	186	0.163588	1180	221	0.187288
figshare-osce	nemo-fastconformer-int8	0	GAS0005	1538	402	0.261378	1599	458	0.286429
figshare-osce	nemo-fastconformer-int8	0	GAS0007	872	240	0.275229	903	265	0.293466
figshare-osce	nemo-fastconformer-int8	0	GEN0001	1100	335	0.304545	1132	364	0.321555
figshare-osce	nemo-fastconformer-int8	0	MSK0001	938	116	0.123667	983	159	0.161750
figshare-osce	nemo-fastconformer-int8	0	MSK0003	1788	260	0.145414	1866	317	0.169882
figshare-osce	nemo-fastconformer-int8	0	MSK0004	1073	126	0.117428	1125	168	0.149333
figshare-osce	nemo-fastconformer-int8	0	MSK0005	1440	242	0.168056	1513	306	0.202247
figshare-osce	nemo-fastconformer-int8	0	MSK0006	1688	283	0.167654	1781	361	0.202695
figshare-osce	nemo-fastconformer-int8	0	MSK0007	1287	193	0.149961	1358	256	0.188513
figshare-osce	nemo-fastconformer-int8	0	MSK0008	1358	231	0.170103	1417	289	0.203952
figshare-osce	nemo-fastconformer-int8	0	MSK0009	1505	237	0.157475	1572	297	0.188931
figshare-osce	nemo-fastconformer-int8	0	MSK0010	1442	165	0.114424	1505	216	0.143522
figshare-osce	nemo-fastconformer-int8	0	MSK0011	1460	244	0.167123	1535	301	0.196091
figshare-osce	nemo-fastconformer-int8	0	MSK0012	1580	226	0.143038	1652	292	0.176755
figshare-osce	nemo-fastconformer-int8	0	MSK0013	1539	228	0.148148	1610	294	0.182609
figshare-osce	nemo-fastconformer-int8	0	MSK0014	1514	189	0.124835	1575	237	0.150476
figshare-osce	nemo-fastconformer-int8	0	MSK0015	1568	251	0.160077	1622	294	0.181258
figshare-osce	nemo-fastconformer-int8	0	MSK0016	1982	370	0.186680	2064	437	0.211725
figshare-osce	nemo-fastconformer-int8	0	MSK0017	1646	309	0.187728	1735	392	0.225937
figshare-osce	nemo-fastconformer-int8	0	MSK0018	941	189	0.200850	976	213	0.218238
figshare-osce	nemo-fastconformer-int8	0	MSK0019	1293	222	0.171694	1337	261	0.195213
figshare-osce	nemo-fastconformer-int8	0	MSK0020	1605	273	0.170093	1683	341	0.202614
figshare-osce	nemo-fastconformer-int8	0	MSK0021	1661	303	0.182420	1745	376	0.215473
figshare-osce	nemo-fastconformer-int8	0	MSK0022	2076	233	0.112235	2164	293	0.135397
figshare-osce	nemo-fastconformer-int8	0	MSK0023	1184	156	0.131757	1229	199	0.161920
figshare-osce	nemo-fastconformer-int8	0	MSK0024	1162	151	0.129948	1193	180	0.150880
figshare-osce	nemo-fastconformer-int8	0	MSK0025	1526	200	0.131062	1580	243	0.153797
figshare-osce	nemo-fastconformer-int8	0	MSK0026	1319	193	0.146323	1365	238	0.174359
figshare-osce	nemo-fastconformer-int8	0	MSK0027	1328	219	0.164910	1377	266	0.193174
figshare-osce	nemo-fastconformer-int8	0	MSK0028	1776	217	0.122185	1836	277	0.150871
figshare-osce	nemo-fastconformer-int8	0	MSK0029	2175	506	0.232644	2268	589	0.259700
figshare-osce	nemo-fastconformer-int8	0	MSK0031	1244	232	0.186495	1299	279	0.214781
figshare-osce	nemo-fastconformer-int8	0	MSK0032	1161	208	0.179156	1198	237	0.197830
figshare-osce	nemo-fastconformer-int8	0	MSK0033	1623	211	0.130006	1687	257	0.152341
figshare-osce	nemo-fastconformer-int8	0	MSK0034	1381	202	0.146271	1448	263	0.181630
figshare-osce	nemo-fastconformer-int8	0	MSK0035	1535	242	0.157655	1596	293	0.183584
figshare-osce	nemo-fastconformer-int8	0	MSK0036	1693	200	0.118133	1757	247	0.140581
figshare-osce	nemo-fastconformer-int8	0	MSK0037	1622	253	0.155980	1682	300	0.178359
figshare-osce	nemo-fastconformer-int8	0	MSK0038	1808	330	0.182522	1895	408	0.215303
figshare-osce	nemo-fastconformer-int8	0	MSK0039	1345	244	0.181413	1404	296	0.210826
figshare-osce	nemo-fastconformer-int8	0	MSK0040	1432	220	0.153631	1488	267	0.179435
figshare-osce	nemo-fastconformer-int8	0	MSK0041	1532	315	0.205614	1583	363	0.229311
figshare-osce	nemo-fastconformer-int8	0	MSK0042	1462	243	0.166211	1522	258	0.169514
figshare-osce	nemo-fastconformer-int8	0	MSK0043	1697	295	0.173836	1772	341	0.192438
figshare-osce	nemo-fastconformer-int8	0	MSK0044	1133	190	0.167696	1177	219	0.186066
figshare-osce	nemo-fastconformer-int8	0	MSK0045	1350	238	0.176296	1394	282	0.202296
figshare-osce	nemo-fastconformer-int8	0	MSK0046	1176	191	0.162415	1225	240	0.195918
figshare-osce	nemo-fastconformer-int8	0	MSK0049	1325	278	0.209811	1372	323	0.235423
figshare-osce	nemo-fastconformer-int8	0	MSK0050	1238	245	0.197900	1285	287	0.223346
figshare-osce	nemo-fastconformer-int8	0	RES0001	1447	226	0.156185	1526	295	0.193316
figshare-osce	nemo-fastconformer-int8	0	RES0002	1129	394	0.348981	1162	423	0.364028
figshare-osce	nemo-fastconformer-int8	0	RES0003	1187	170	0.143218	1261	222	0.176051
figshare-osce	nemo-fastconformer-int8	0	RES0004	1614	279	0.172862	1723	363	0.210679
figshare-osce	nemo-fastconformer-int8	0	RES0005	1587	187	0.117832	1645	239	0.145289
figshare-osce	nemo-fastconformer-int8	0	RES0006	1186	150	0.126476	1240	198	0.159677
figshare-osce	nemo-fastconformer-int8	0	RES0007	1812	313	0.172737	1874	350	0.186766
figshare-osce	nemo-fastconformer-int8	0	RES0008	1112	185	0.166367	1171	225	0.192143
figshare-osce	nemo-fastconformer-int8	0	RES0009	1390	286	0.205755	1446	337	0.233057
figshare-osce	nemo-fastconformer-int8	0	RES0010	1036	223	0.215251	1070	250	0.233645
figshare-osce	nemo-fastconformer-int8	0	RES0011	1582	331	0.209229	1647	393	0.238616
figshare-osce	nemo-fastconformer-int8	0	RES0012	2062	335	0.162464	2168	425	0.196033
figshare-osce	nemo-fastconformer-int8	0	RES0013	1344	214	0.159226	1400	267	0.190714
figshare-osce	nemo-fastconformer-int8	0	RES0014	1368	247	0.180556	1429	302	0.211337
figshare-osce	nemo-fastconformer-int8	0	RES0015	1538	251	0.163199	1607	312	0.194151
figshare-osce	nemo-fastconformer-int8	0	RES0016	1268	230	0.181388	1327	284	0.214017
figshare-osce	nemo-fastconformer-int8	0	RES0017	1691	190	0.112360	1751	244	0.139349
figshare-osce	nemo-fastconformer-int8	0	RES0018	1284	189	0.147196	1334	225	0.168666
figshare-osce	nemo-fastconformer-int8	0	RES0019	1274	253	0.198587	1334	306	0.229385
figshare-osce	nemo-fastconformer-int8	0	RES0020	1358	287	0.211340	1413	337	0.238500
figshare-osce	nemo-fastconformer-int8	0	RES0021	1198	229	0.191152	1255	275	0.219124
figshare-osce	nemo-fastconformer-int8	0	RES0022	1921	501	0.260802	1999	566	0.283142
figshare-osce	nemo-fastconformer-int8	0	RES0023	1035	324	0.313043	1099	374	0.340309
figshare-osce	nemo-fastconformer-int8	0	RES0024	959	302	0.314911	1004	345	0.343625
figshare-osce	nemo-fastconformer-int8	0	RES0025	1327	295	0.222306	1393	351	0.251974
figshare-osce	nemo-fastconformer-int8	0	RES0026	1478	267	0.180650	1544	334	0.216321
figshare-osce	nemo-fastconformer-int8	0	RES0027	1308	285	0.217890	1366	339	0.248170
figshare-osce	nemo-fastconformer-int8	0	RES0028	1100	141	0.128182	1156	187	0.161765
figshare-osce	nemo-fastconformer-int8	0	RES0029	781	91	0.116517	811	120	0.147965
figshare-osce	nemo-fastconformer-int8	0	RES0030	1134	139	0.122575	1184	184	0.155405
figshare-osce	nemo-fastconformer-int8	0	RES0031	1294	156	0.120556	1343	198	0.147431
figshare-osce	nemo-fastconformer-int8	0	RES0032	1173	181	0.154305	1212	208	0.171617
figshare-osce	nemo-fastconformer-int8	0	RES0033	1316	155	0.117781	1372	200	0.145773
figshare-osce	nemo-fastconformer-int8	0	RES0034	1623	180	0.110906	1685	239	0.141840
figshare-osce	nemo-fastconformer-int8	0	RES0035	918	135	0.147059	958	171	0.178497
figshare-osce	nemo-fastconformer-int8	0	RES0036	1352	248	0.183432	1423	309	0.217147
figshare-osce	nemo-fastconformer-int8	0	RES0037	1376	184	0.133721	1453	238	0.163799
figshare-osce	nemo-fastconformer-int8	0	RES0038	1485	212	0.142761	1554	268	0.172458
figshare-osce	nemo-fastconformer-int8	0	RES0039	1592	231	0.145101	1672	286	0.171053
figshare-osce	nemo-fastconformer-int8	0	RES0042	1206	255	0.211443	1264	309	0.244462
figshare-osce	nemo-fastconformer-int8	0	RES0043	1432	323	0.225559	1503	384	0.255489
figshare-osce	nemo-fastconformer-int8	0	RES0044	1768	293	0.165724	1859	369	0.198494
figshare-osce	nemo-fastconformer-int8	0	RES0045	1145	193	0.168559	1204	240	0.199336
figshare-osce	nemo-fastconformer-int8	0	RES0046	1494	266	0.178046	1588	337	0.212217
figshare-osce	nemo-fastconformer-int8	0	RES0047	1530	316	0.206536	1628	402	0.246929
figshare-osce	nemo-fastconformer-int8	0	RES0048	1730	311	0.179769	1809	373	0.206191
figshare-osce	nemo-fastconformer-int8	0	RES0049	1549	285	0.183990	1622	344	0.212084
figshare-osce	nemo-fastconformer-int8	0	RES0050	1065	185	0.173709	1109	226	0.203787
figshare-osce	nemo-fastconformer-int8	0	RES0051	958	194	0.202505	997	232	0.232698
figshare-osce	nemo-fastconformer-int8	0	RES0052	776	186	0.239691	828	235	0.283816
figshare-osce	nemo-fastconformer-int8	0	RES0053	1917	499	0.260303	1982	558	0.281534
figshare-osce	nemo-fastconformer-int8	0	RES0054	2442	1017	0.416462	2491	1067	0.428342
figshare-osce	nemo-fastconformer-int8	0	RES0055	1313	331	0.252094	1375	376	0.273455
figshare-osce	nemo-fastconformer-int8	0	RES0056	1126	292	0.259325	1174	334	0.284497
figshare-osce	nemo-fastconformer-int8	0	RES0057	1203	416	0.345802	1245	443	0.355823
figshare-osce	nemo-fastconformer-int8	0	RES0058	1437	293	0.203897	1514	362	0.239102
figshare-osce	nemo-fastconformer-int8	0	RES0059	1291	255	0.197521	1358	312	0.229750
figshare-osce	nemo-fastconformer-int8	0	RES0060	1602	414	0.258427	1683	484	0.287582
figshare-osce	nemo-fastconformer-int8	0	RES0061	1696	357	0.210495	1783	418	0.234436
figshare-osce	nemo-fastconformer-int8	0	RES0062	1866	380	0.203644	1965	462	0.235115
figshare-osce	nemo-fastconformer-int8	0	RES0063	1373	278	0.202476	1439	334	0.232106
figshare-osce	nemo-fastconformer-int8	0	RES0064	1030	190	0.184466	1078	227	0.210575
figshare-osce	nemo-fastconformer-int8	0	RES0065	1045	194	0.185646	1089	231	0.212121
figshare-osce	nemo-fastconformer-int8	0	RES0066	1132	263	0.232332	1192	313	0.262584
figshare-osce	nemo-fastconformer-int8	0	RES0067	905	147	0.162431	946	174	0.183932
figshare-osce	nemo-fastconformer-int8	0	RES0068	1158	201	0.173575	1213	243	0.200330
figshare-osce	nemo-fastconformer-int8	0	RES0069	972	401	0.412551	1026	454	0.442495
figshare-osce	nemo-fastconformer-int8	0	RES0070	929	343	0.369214	976	389	0.398566
figshare-osce	nemo-fastconformer-int8	0	RES0071	1248	203	0.162660	1301	243	0.186779
figshare-osce	nemo-fastconformer-int8	0	RES0072	1124	211	0.187722	1182	246	0.208122
figshare-osce	nemo-fastconformer-int8	0	RES0073	1293	225	0.174014	1340	265	0.197761
figshare-osce	nemo-fastconformer-int8	0	RES0074	1187	194	0.163437	1246	242	0.194222
figshare-osce	nemo-fastconformer-int8	0	RES0075	1065	167	0.156808	1112	210	0.188849
figshare-osce	nemo-fastconformer-int8	0	RES0076	1500	233	0.155333	1569	282	0.179732
figshare-osce	nemo-fastconformer-int8	0	RES0077	1572	287	0.182570	1649	338	0.204973
figshare-osce	nemo-fastconformer-int8	0	RES0078	1104	452	0.409420	1140	483	0.423684
figshare-osce	nemo-fastconformer-int8	0	RES0079	803	356	0.443337	841	390	0.463734
figshare-osce	nemo-fastconformer-int8	0	RES0080	1167	396	0.339332	1225	442	0.360816
figshare-osce	nemo-fastconformer-int8	0	RES0081	1398	433	0.309728	1455	484	0.332646
figshare-osce	nemo-fastconformer-int8	0	RES0082	889	286	0.321710	932	318	0.341202
figshare-osce	nemo-fastconformer-int8	0	RES0083	949	275	0.289779	990	305	0.308081
figshare-osce	nemo-fastconformer-int8	0	RES0084	1494	200	0.133869	1562	251	0.160691
figshare-osce	nemo-fastconformer-int8	0	RES0085	912	164	0.179825	959	200	0.208551
figshare-osce	nemo-fastconformer-int8	0	RES0086	1462	254	0.173735	1523	306	0.200919
figshare-osce	nemo-fastconformer-int8	0	RES0087	1300	218	0.167692	1359	267	0.196468
figshare-osce	nemo-fastconformer-int8	0	RES0088	1318	192	0.145675	1373	241	0.175528
figshare-osce	nemo-fastconformer-int8	0	RES0089	1717	290	0.168899	1800	376	0.208889
figshare-osce	nemo-fastconformer-int8	0	RES0090	1147	153	0.133391	1193	194	0.162615
figshare-osce	nemo-fastconformer-int8	0	RES0091	862	128	0.148492	901	158	0.175361
figshare-osce	nemo-fastconformer-int8	0	RES0092	803	207	0.257783	837	234	0.279570
figshare-osce	nemo-fastconformer-int8	0	RES0093	1549	396	0.255649	1606	444	0.276463
figshare-osce	nemo-fastconformer-int8	0	RES0094	772	258	0.334197	793	277	0.349306
figshare-osce	nemo-fastconformer-int8	0	RES0095	1419	394	0.277660	1467	441	0.300613
figshare-osce	nemo-fastconformer-int8	0	RES0096	1233	351	0.284672	1292	406	0.314241
figshare-osce	nemo-fastconformer-int8	0	RES0097	1322	425	0.321483	1381	476	0.344678
figshare-osce	nemo-fastconformer-int8	0	RES0098	1424	203	0.142556	1474	244	0.165536
figshare-osce	nemo-fastconformer-int8	0	RES0099	1508	289	0.191645	1554	326	0.209781
figshare-osce	nemo-fastconformer-int8	0	RES0100	1715	230	0.134111	1767	272	0.153933
figshare-osce	nemo-fastconformer-int8	0	RES0101	1379	220	0.159536	1430	263	0.183916
figshare-osce	nemo-fastconformer-int8	0	RES0102	1960	244	0.124490	2025	294	0.145185
figshare-osce	nemo-fastconformer-int8	0	RES0103	1051	162	0.154139	1100	200	0.181818
figshare-osce	nemo-fastconformer-int8	0	RES0104	1485	228	0.153535	1563	286	0.182981
figshare-osce	nemo-fastconformer-int8	0	RES0105	1666	269	0.161465	1738	318	0.182969
figshare-osce	nemo-fastconformer-int8	0	RES0106	1242	190	0.152979	1307	247	0.188982
figshare-osce	nemo-fastconformer-int8	0	RES0107	1516	219	0.144459	1596	289	0.181078
figshare-osce	nemo-fastconformer-int8	0	RES0108	903	191	0.211517	950	235	0.247368
figshare-osce	nemo-fastconformer-int8	0	RES0109	795	166	0.208805	845	205	0.242604
figshare-osce	nemo-fastconformer-int8	0	RES0110	1505	251	0.166777	1565	291	0.185942
figshare-osce	nemo-fastconformer-int8	0	RES0111	923	229	0.248104	965	263	0.272539
figshare-osce	nemo-fastconformer-int8	0	RES0112	807	135	0.167286	835	165	0.197605
figshare-osce	nemo-fastconformer-int8	0	RES0113	1046	151	0.144359	1079	183	0.169601
figshare-osce	nemo-fastconformer-int8	0	RES0114	1586	285	0.179697	1673	359	0.214585
figshare-osce	nemo-fastconformer-int8	0	RES0116	1521	229	0.150559	1588	291	0.183249
figshare-osce	nemo-fastconformer-int8	0	RES0117	909	191	0.210121	951	229	0.240799
figshare-osce	nemo-fastconformer-int8	0	RES0118	926	217	0.234341	947	235	0.248152
figshare-osce	nemo-fastconformer-int8	0	RES0119	1307	184	0.140780	1359	226	0.166299
figshare-osce	nemo-fastconformer-int8	0	RES0120	1322	224	0.169440	1381	268	0.194062
figshare-osce	nemo-fastconformer-int8	0	RES0121	925	151	0.163243	962	176	0.182952
figshare-osce	nemo-fastconformer-int8	0	RES0122	1023	212	0.207234	1046	231	0.220841
figshare-osce	nemo-fastconformer-int8	0	RES0123	1670	457	0.273653	1716	487	0.283800
figshare-osce	nemo-fastconformer-int8	0	RES0124	1675	314	0.187463	1729	356	0.205899
figshare-osce	nemo-fastconformer-int8	0	RES0125	1578	421	0.266793	1638	466	0.284493
figshare-osce	nemo-fastconformer-int8	0	RES0126	1787	522	0.292110	1858	583	0.313778
figshare-osce	nemo-fastconformer-int8	0	RES0127	1404	292	0.207977	1461	336	0.229979
figshare-osce	nemo-fastconformer-int8	0	RES0128	1041	223	0.214217	1095	274	0.250228
figshare-osce	nemo-fastconformer-int8	0	RES0129	1020	268	0.262745	1078	310	0.287570
figshare-osce	nemo-fastconformer-int8	0	RES0130	1271	262	0.206137	1329	299	0.224981
figshare-osce	nemo-fastconformer-int8	0	RES0131	1159	253	0.218292	1231	307	0.249391
figshare-osce	nemo-fastconformer-int8	0	RES0132	1260	246	0.195238	1309	273	0.208556
figshare-osce	nemo-fastconformer-int8	0	RES0133	1221	268	0.219492	1264	287	0.227057
figshare-osce	nemo-fastconformer-int8	0	RES0134	1615	383	0.237152	1679	417	0.248362
figshare-osce	nemo-fastconformer-int8	0	RES0135	1160	260	0.224138	1224	298	0.243464
figshare-osce	nemo-fastconformer-int8	0	RES0136	1198	332	0.277129	1243	373	0.300080
figshare-osce	nemo-fastconformer-int8	0	RES0137	1226	288	0.234910	1274	320	0.251177
figshare-osce	nemo-fastconformer-int8	0	RES0138	1099	420	0.382166	1148	465	0.405052
figshare-osce	nemo-fastconformer-int8	0	RES0139	1082	304	0.280961	1131	345	0.305040
figshare-osce	nemo-fastconformer-int8	0	RES0140	881	212	0.240636	907	231	0.254686
figshare-osce	nemo-fastconformer-int8	0	RES0141	953	288	0.302204	987	312	0.316109
figshare-osce	nemo-fastconformer-int8	0	RES0142	761	228	0.299606	778	241	0.309769
figshare-osce	nemo-fastconformer-int8	0	RES0143	1094	362	0.330896	1119	378	0.337802
figshare-osce	nemo-fastconformer-int8	0	RES0144	1114	301	0.270197	1153	337	0.292281
figshare-osce	nemo-fastconformer-int8	0	RES0145	1273	321	0.252160	1326	367	0.276772
figshare-osce	nemo-fastconformer-int8	0	RES0146	866	213	0.245958	898	234	0.260579
figshare-osce	nemo-fastconformer-int8	0	RES0147	1218	358	0.293924	1274	403	0.316327
figshare-osce	nemo-fastconformer-int8	0	RES0148	1094	303	0.276965	1136	341	0.300176
figshare-osce	nemo-fastconformer-int8	0	RES0149	1219	340	0.278917	1270	381	0.300000
figshare-osce	nemo-fastconformer-int8	0	RES0150	1097	318	0.289881	1147	360	0.313862
figshare-osce	nemo-fastconformer-int8	0	RES0151	1110	132	0.118919	1157	166	0.143475
figshare-osce	nemo-fastconformer-int8	0	RES0152	1020	154	0.150980	1059	179	0.169027
figshare-osce	nemo-fastconformer-int8	0	RES0153	1055	212	0.200948	1103	252	0.228468
figshare-osce	nemo-fastconformer-int8	0	RES0154	902	156	0.172949	943	194	0.205726
figshare-osce	nemo-fastconformer-int8	0	RES0155	1374	274	0.199418	1439	317	0.220292
figshare-osce	nemo-fastconformer-int8	0	RES0156	957	173	0.180773	1016	213	0.209646
figshare-osce	nemo-fastconformer-int8	0	RES0158	1029	152	0.147716	1079	186	0.172382
figshare-osce	nemo-fastconformer-int8	0	RES0159	1072	258	0.240672	1104	284	0.257246
figshare-osce	nemo-fastconformer-int8	0	RES0160	1110	292	0.263063	1135	313	0.275771
figshare-osce	nemo-fastconformer-int8	0	RES0161	1009	220	0.218038	1034	242	0.234043
figshare-osce	nemo-fastconformer-int8	0	RES0162	1208	282	0.233444	1235	304	0.246154
figshare-osce	nemo-fastconformer-int8	0	RES0163	1156	268	0.231834	1200	306	0.255000
figshare-osce	nemo-fastconformer-int8	0	RES0164	1194	361	0.302345	1248	407	0.326122
figshare-osce	nemo-fastconformer-int8	0	RES0165	869	248	0.285386	909	281	0.309131
figshare-osce	nemo-fastconformer-int8	0	RES0166	1102	242	0.219601	1155	289	0.250216
figshare-osce	nemo-fastconformer-int8	0	RES0167	1124	170	0.151246	1181	215	0.182049
figshare-osce	nemo-fastconformer-int8	0	RES0168	1268	237	0.186909	1329	292	0.219714
figshare-osce	nemo-fastconformer-int8	0	RES0169	916	249	0.271834	946	276	0.291755
figshare-osce	nemo-fastconformer-int8	0	RES0170	1303	380	0.291635	1351	419	0.310141
figshare-osce	nemo-fastconformer-int8	0	RES0171	1319	367	0.278241	1368	403	0.294591
figshare-osce	nemo-fastconformer-int8	0	RES0172	1154	394	0.341421	1195	420	0.351464
figshare-osce	nemo-fastconformer-int8	0	RES0173	1204	343	0.284884	1262	389	0.308241
figshare-osce	nemo-fastconformer-int8	0	RES0174	1483	422	0.284558	1549	481	0.310523
figshare-osce	nemo-fastconformer-int8	0	RES0175	974	351	0.360370	1017	390	0.383481
figshare-osce	nemo-fastconformer-int8	0	RES0176	1253	295	0.235435	1305	343	0.262835
figshare-osce	nemo-fastconformer-int8	0	RES0177	1129	253	0.224092	1193	306	0.256496
figshare-osce	nemo-fastconformer-int8	0	RES0178	1058	317	0.299622	1125	377	0.335111
figshare-osce	nemo-fastconformer-int8	0	RES0179	1213	246	0.202803	1291	316	0.244771
figshare-osce	nemo-fastconformer-int8	0	RES0180	1009	245	0.242815	1065	293	0.275117
figshare-osce	nemo-fastconformer-int8	0	RES0181	1120	254	0.226786	1184	312	0.263514
figshare-osce	nemo-fastconformer-int8	0	RES0182	894	211	0.236018	945	257	0.271958
figshare-osce	nemo-fastconformer-int8	0	RES0183	1160	219	0.188793	1217	275	0.225965
figshare-osce	nemo-fastconformer-int8	0	RES0184	917	191	0.208288	970	239	0.246392
figshare-osce	nemo-fastconformer-int8	0	RES0185	1023	249	0.243402	1075	299	0.278140
figshare-osce	nemo-fastconformer-int8	0	RES0186	1009	219	0.217047	1069	271	0.253508
figshare-osce	nemo-fastconformer-int8	0	RES0187	1238	238	0.192246	1303	299	0.229470
figshare-osce	nemo-fastconformer-int8	0	RES0188	901	211	0.234184	957	261	0.272727
figshare-osce	nemo-fastconformer-int8	0	RES0189	1385	218	0.157401	1439	264	0.183461
figshare-osce	nemo-fastconformer-int8	0	RES0190	1233	177	0.143552	1290	226	0.175194
figshare-osce	nemo-fastconformer-int8	0	RES0191	881	192	0.217934	927	232	0.250270
figshare-osce	nemo-fastconformer-int8	0	RES0192	1215	244	0.200823	1280	298	0.232813
figshare-osce	nemo-fastconformer-int8	0	RES0193	1372	224	0.163265	1431	274	0.191474
figshare-osce	nemo-fastconformer-int8	0	RES0194	1329	199	0.149737	1395	247	0.177061
figshare-osce	nemo-fastconformer-int8	0	RES0195	1274	228	0.178964	1335	278	0.208240
figshare-osce	nemo-fastconformer-int8	0	RES0196	902	168	0.186253	943	206	0.218452
figshare-osce	nemo-fastconformer-int8	0	RES0197	917	184	0.200654	966	230	0.238095
figshare-osce	nemo-fastconformer-int8	0	RES0198	812	181	0.222906	857	221	0.257876
figshare-osce	nemo-fastconformer-int8	0	RES0199	1096	218	0.198905	1152	272	0.236111
figshare-osce	nemo-fastconformer-int8	0	RES0200	1293	341	0.263728	1351	392	0.290155
figshare-osce	nemo-fastconformer-int8	0	RES0201	1008	198	0.196429	1059	249	0.235127
figshare-osce	nemo-fastconformer-int8	0	RES0202	1455	321	0.220619	1522	382	0.250986
figshare-osce	nemo-fastconformer-int8	0	RES0203	875	158	0.180571	920	196	0.213043
figshare-osce	nemo-fastconformer-int8	0	RES0204	945	117	0.123810	995	158	0.158794
figshare-osce	nemo-fastconformer-int8	0	RES0205	1012	260	0.256917	1049	296	0.282173
figshare-osce	nemo-fastconformer-int8	0	RES0206	1316	323	0.245441	1354	356	0.262925
figshare-osce	nemo-fastconformer-int8	0	RES0207	776	203	0.261598	818	241	0.294621
figshare-osce	nemo-fastconformer-int8	0	RES0208	1286	263	0.204510	1322	292	0.220877
figshare-osce	nemo-fastconformer-int8	0	RES0209	1063	152	0.142992	1108	197	0.177798
figshare-osce	nemo-fastconformer-int8	0	RES0210	1089	232	0.213039	1139	268	0.235294
figshare-osce	nemo-fastconformer-int8	0	RES0211	1358	461	0.339470	1415	508	0.359011
figshare-osce	nemo-fastconformer-int8	0	RES0212	1262	291	0.230586	1304	329	0.252301
figshare-osce	nemo-fastconformer-int8	0	RES0213	1454	286	0.196699	1485	312	0.210101
figshare-osce	nemo-fastconformer-int8	0	RES0214	1085	185	0.170507	1123	224	0.199466
figshare-osce	nemo-fastconformer-int8	0	RES0215	1326	244	0.184012	1386	291	0.209957
figshare-osce	nemo-fastconformer-int8	0	RES0216	1560	226	0.144872	1604	263	0.163965
figshare-osce	nemo-fastconformer-int8	0	RES0217	1463	272	0.185919	1486	291	0.195828
figshare-osce	nemotron	0	CAR0001	992	266	0.268145	1053	323	0.306743
figshare-osce	nemotron	0	CAR0002	1023	310	0.303030	1067	350	0.328022
figshare-osce	nemotron	0	CAR0003	1214	312	0.257002	1281	372	0.290398
figshare-osce	nemotron	0	CAR0004	882	271	0.307256	920	302	0.328261
figshare-osce	nemotron	0	CAR0005	1259	452	0.359015	1292	478	0.369969
figshare-osce	nemotron	0	DER0001	1503	549	0.365269	1554	581	0.373874
figshare-osce	nemotron	0	GAS0001	1005	525	0.522388	1033	547	0.529526
figshare-osce	nemotron	0	GAS0002	1097	323	0.294439	1140	362	0.317544
figshare-osce	nemotron	0	GAS0003	1059	397	0.374882	1093	431	0.394328
figshare-osce	nemotron	0	GAS0004	1137	462	0.406332	1180	497	0.421186
figshare-osce	nemotron	0	GAS0005	1538	474	0.308192	1599	525	0.328330
figshare-osce	nemotron	0	GAS0007	872	343	0.393349	903	363	0.401993
figshare-osce	nemotron	0	GEN0001	1100	393	0.357273	1132	418	0.369258
figshare-osce	nemotron	0	MSK0001	938	275	0.293177	983	319	0.324517
figshare-osce	nemotron	0	MSK0003	1788	569	0.318233	1866	624	0.334405
figshare-osce	nemotron	0	MSK0004	1073	318	0.296365	1125	359	0.319111
figshare-osce	nemotron	0	MSK0005	1440	400	0.277778	1513	459	0.303371
figshare-osce	nemotron	0	MSK0006	1688	563	0.333531	1781	633	0.355418
figshare-osce	nemotron	0	MSK0007	1287	321	0.249417	1358	384	0.282769
figshare-osce	nemotron	0	MSK0008	1358	372	0.273932	1417	431	0.304164
figshare-osce	nemotron	0	MSK0009	1505	426	0.283056	1572	481	0.305980
figshare-osce	nemotron	0	MSK0010	1442	403	0.279473	1505	454	0.301661
figshare-osce	nemotron	0	MSK0011	1460	411	0.281507	1535	462	0.300977
figshare-osce	nemotron	0	MSK0012	1580	470	0.297468	1652	529	0.320218
figshare-osce	nemotron	0	MSK0013	1539	388	0.252112	1610	449	0.278882
figshare-osce	nemotron	0	MSK0014	1514	441	0.291281	1575	489	0.310476
figshare-osce	nemotron	0	MSK0015	1568	413	0.263393	1622	455	0.280518
figshare-osce	nemotron	0	MSK0016	1982	580	0.292634	2064	644	0.312016
figshare-osce	nemotron	0	MSK0017	1646	587	0.356622	1735	656	0.378098
figshare-osce	nemotron	0	MSK0018	941	307	0.326249	976	322	0.329918
figshare-osce	nemotron	0	MSK0019	1293	458	0.354215	1337	477	0.356769
figshare-osce	nemotron	0	MSK0020	1605	491	0.305919	1683	553	0.328580
figshare-osce	nemotron	0	MSK0021	1661	593	0.357014	1745	664	0.380516
figshare-osce	nemotron	0	MSK0022	2076	666	0.320809	2164	729	0.336876
figshare-osce	nemotron	0	MSK0023	1184	338	0.285473	1229	371	0.301871
figshare-osce	nemotron	0	MSK0024	1162	344	0.296041	1193	372	0.311819
figshare-osce	nemotron	0	MSK0025	1526	362	0.237221	1580	403	0.255063
figshare-osce	nemotron	0	MSK0026	1319	409	0.310083	1365	454	0.332601
figshare-osce	nemotron	0	MSK0027	1328	403	0.303464	1377	449	0.326071
figshare-osce	nemotron	0	MSK0028	1776	484	0.272523	1836	534	0.290850
figshare-osce	nemotron	0	MSK0029	2175	841	0.386667	2268	913	0.402557
figshare-osce	nemotron	0	MSK0031	1244	404	0.324759	1299	449	0.345651
figshare-osce	nemotron	0	MSK0032	1161	408	0.351421	1198	426	0.355593
figshare-osce	nemotron	0	MSK0033	1623	479	0.295132	1687	523	0.310018
figshare-osce	nemotron	0	MSK0034	1381	460	0.333092	1448	513	0.354282
figshare-osce	nemotron	0	MSK0035	1535	418	0.272313	1596	472	0.295739
figshare-osce	nemotron	0	MSK0036	1693	527	0.311282	1757	575	0.327262
figshare-osce	nemotron	0	MSK0037	1622	533	0.328607	1682	580	0.344828
figshare-osce	nemotron	0	MSK0038	1808	570	0.315265	1895	638	0.336675
figshare-osce	nemotron	0	MSK0039	1345	376	0.279554	1404	429	0.305556
figshare-osce	nemotron	0	MSK0040	1432	433	0.302374	1488	487	0.327285
figshare-osce	nemotron	0	MSK0041	1532	453	0.295692	1583	500	0.315856
figshare-osce	nemotron	0	MSK0042	1462	470	0.321477	1522	495	0.325230
figshare-osce	nemotron	0	MSK0043	1697	562	0.331173	1772	591	0.333521
figshare-osce	nemotron	0	MSK0044	1133	403	0.355693	1177	426	0.361937
figshare-osce	nemotron	0	MSK0045	1350	432	0.320000	1394	468	0.335725
figshare-osce	nemotron	0	MSK0046	1176	328	0.278912	1225	373	0.304490
figshare-osce	nemotron	0	MSK0049	1325	459	0.346415	1372	501	0.365160
figshare-osce	nemotron	0	MSK0050	1238	389	0.314216	1285	432	0.336187
figshare-osce	nemotron	0	RES0001	1447	362	0.250173	1526	426	0.279161
figshare-osce	nemotron	0	RES0002	1129	431	0.381754	1162	458	0.394148
figshare-osce	nemotron	0	RES0003	1187	355	0.299073	1261	413	0.327518
figshare-osce	nemotron	0	RES0004	1614	535	0.331475	1723	622	0.360998
figshare-osce	nemotron	0	RES0005	1587	443	0.279143	1645	484	0.294225
figshare-osce	nemotron	0	RES0006	1186	342	0.288364	1240	387	0.312097
figshare-osce	nemotron	0	RES0007	1812	589	0.325055	1874	636	0.339381
figshare-osce	nemotron	0	RES0008	1112	391	0.351619	1171	436	0.372331
figshare-osce	nemotron	0	RES0009	1390	490	0.352518	1446	534	0.369295
figshare-osce	nemotron	0	RES0010	1036	452	0.436293	1070	479	0.447664
figshare-osce	nemotron	0	RES0011	1582	512	0.323641	1647	565	0.343048
figshare-osce	nemotron	0	RES0012	2062	713	0.345781	2168	790	0.364391
figshare-osce	nemotron	0	RES0013	1344	545	0.405506	1400	594	0.424286
figshare-osce	nemotron	0	RES0014	1368	456	0.333333	1429	510	0.356893
figshare-osce	nemotron	0	RES0015	1538	529	0.343953	1607	591	0.367766
figshare-osce	nemotron	0	RES0016	1268	354	0.279180	1327	405	0.305200
figshare-osce	nemotron	0	RES0017	1691	528	0.312241	1751	577	0.329526
figshare-osce	nemotron	0	RES0018	1284	453	0.352804	1334	493	0.369565
figshare-osce	nemotron	0	RES0019	1274	407	0.319466	1334	459	0.344078
figshare-osce	nemotron	0	RES0020	1358	399	0.293814	1413	445	0.314933
figshare-osce	nemotron	0	RES0021	1198	434	0.362270	1255	481	0.383267
figshare-osce	nemotron	0	RES0022	1921	658	0.342530	1999	726	0.363182
figshare-osce	nemotron	0	RES0023	1035	413	0.399034	1099	462	0.420382
figshare-osce	nemotron	0	RES0024	959	342	0.356621	1004	380	0.378486
figshare-osce	nemotron	0	RES0025	1327	423	0.318764	1393	478	0.343144
figshare-osce	nemotron	0	RES0026	1478	447	0.302436	1544	512	0.331606
figshare-osce	nemotron	0	RES0027	1308	438	0.334862	1366	490	0.358712
figshare-osce	nemotron	0	RES0028	1100	381	0.346364	1156	428	0.370242
figshare-osce	nemotron	0	RES0029	781	236	0.302177	811	264	0.325524
figshare-osce	nemotron	0	RES0030	1134	311	0.274250	1184	355	0.299831
figshare-osce	nemotron	0	RES0031	1294	440	0.340031	1343	484	0.360387
figshare-osce	nemotron	0	RES0032	1173	325	0.277067	1212	356	0.293729
figshare-osce	nemotron	0	RES0033	1316	424	0.322188	1372	470	0.342566
figshare-osce	nemotron	0	RES0034	1623	458	0.282193	1685	514	0.305045
figshare-osce	nemotron	0	RES0035	918	224	0.244009	958	259	0.270355
figshare-osce	nemotron	0	RES0036	1352	417	0.308432	1423	474	0.333099
figshare-osce	nemotron	0	RES0037	1376	432	0.313953	1453	486	0.334480
figshare-osce	nemotron	0	RES0038	1485	469	0.315825	1554	528	0.339768
figshare-osce	nemotron	0	RES0039	1592	586	0.368090	1672	648	0.387560
figshare-osce	nemotron	0	RES0042	1206	414	0.343284	1264	465	0.367880
figshare-osce	nemotron	0	RES0043	1432	460	0.321229	1503	516	0.343313
figshare-osce	nemotron	0	RES0044	1768	583	0.329751	1859	653	0.351264
figshare-osce	nemotron	0	RES0045	1145	330	0.288210	1204	374	0.310631
figshare-osce	nemotron	0	RES0046	1494	510	0.341365	1588	581	0.365869
figshare-osce	nemotron	0	RES0047	1530	558	0.364706	1628	639	0.392506
figshare-osce	nemotron	0	RES0048	1730	537	0.310405	1809	605	0.334439
figshare-osce	nemotron	0	RES0049	1549	554	0.357650	1622	610	0.376079
figshare-osce	nemotron	0	RES0050	1065	286	0.268545	1109	324	0.292155
figshare-osce	nemotron	0	RES0051	958	379	0.395616	997	419	0.420261
figshare-osce	nemotron	0	RES0052	776	275	0.354381	828	322	0.388889
figshare-osce	nemotron	0	RES0053	1917	763	0.398018	1982	815	0.411201
figshare-osce	nemotron	0	RES0054	2442	1154	0.472563	2491	1201	0.482136
figshare-osce	nemotron	0	RES0055	1313	480	0.365575	1375	535	0.389091
figshare-osce	nemotron	0	RES0056	1126	497	0.441385	1174	538	0.458262
figshare-osce	nemotron	0	RES0057	1203	513	0.426434	1245	548	0.440161
figshare-osce	nemotron	0	RES0058	1437	542	0.377175	1514	606	0.400264
figshare-osce	nemotron	0	RES0059	1291	373	0.288923	1358	430	0.316642
figshare-osce	nemotron	0	RES0060	1602	602	0.375780	1683	669	0.397504
figshare-osce	nemotron	0	RES0061	1696	570	0.336085	1783	632	0.354459
figshare-osce	nemotron	0	RES0062	1866	679	0.363880	1965	760	0.386768
figshare-osce	nemotron	0	RES0063	1373	510	0.371449	1439	558	0.387769
figshare-osce	nemotron	0	RES0064	1030	374	0.363107	1078	410	0.380334
figshare-osce	nemotron	0	RES0065	1045	368	0.352153	1089	403	0.370064
figshare-osce	nemotron	0	RES0066	1132	451	0.398410	1192	500	0.419463
figshare-osce	nemotron	0	RES0067	905	279	0.308287	946	308	0.325581
figshare-osce	nemotron	0	RES0068	1158	423	0.365285	1213	465	0.383347
figshare-osce	nemotron	0	RES0069	972	368	0.378601	1026	413	0.402534
figshare-osce	nemotron	0	RES0070	929	357	0.384284	976	401	0.410861
figshare-osce	nemotron	0	RES0071	1248	406	0.325321	1301	446	0.342813
figshare-osce	nemotron	0	RES0072	1124	368	0.327402	1182	412	0.348562
figshare-osce	nemotron	0	RES0073	1293	429	0.331787	1340	467	0.348507
figshare-osce	nemotron	0	RES0074	1187	357	0.300758	1246	400	0.321027
figshare-osce	nemotron	0	RES0075	1065	331	0.310798	1112	373	0.335432
figshare-osce	nemotron	0	RES0076	1500	464	0.309333	1569	524	0.333971
figshare-osce	nemotron	0	RES0077	1572	525	0.333969	1649	580	0.351728
figshare-osce	nemotron	0	RES0078	1104	421	0.381341	1140	452	0.396491
figshare-osce	nemotron	0	RES0079	803	328	0.408468	841	364	0.432818
figshare-osce	nemotron	0	RES0080	1167	425	0.364182	1225	474	0.386939
figshare-osce	nemotron	0	RES0081	1398	528	0.377682	1455	573	0.393814
figshare-osce	nemotron	0	RES0082	889	343	0.385827	932	374	0.401288
figshare-osce	nemotron	0	RES0083	949	321	0.338251	990	350	0.353535
figshare-osce	nemotron	0	RES0084	1494	443	0.296519	1562	499	0.319462
figshare-osce	nemotron	0	RES0085	912	330	0.361842	959	367	0.382690
figshare-osce	nemotron	0	RES0086	1462	502	0.343365	1523	550	0.361129
figshare-osce	nemotron	0	RES0087	1300	448	0.344615	1359	499	0.367182
figshare-osce	nemotron	0	RES0088	1318	432	0.327769	1373	477	0.347414
figshare-osce	nemotron	0	RES0089	1717	548	0.319161	1800	615	0.341667
figshare-osce	nemotron	0	RES0090	1147	342	0.298169	1193	383	0.321039
figshare-osce	nemotron	0	RES0091	862	286	0.331787	901	313	0.347392
figshare-osce	nemotron	0	RES0092	803	324	0.403487	837	350	0.418160
figshare-osce	nemotron	0	RES0093	1549	573	0.369916	1606	618	0.384807
figshare-osce	nemotron	0	RES0094	772	236	0.305699	793	253	0.319042
figshare-osce	nemotron	0	RES0095	1419	596	0.420014	1467	630	0.429448
figshare-osce	nemotron	0	RES0096	1233	452	0.366586	1292	498	0.385449
figshare-osce	nemotron	0	RES0097	1322	421	0.318457	1381	465	0.336713
figshare-osce	nemotron	0	RES0098	1424	438	0.307584	1474	476	0.322931
figshare-osce	nemotron	0	RES0099	1508	482	0.319629	1554	517	0.332690
figshare-osce	nemotron	0	RES0100	1715	468	0.272886	1767	507	0.286927
figshare-osce	nemotron	0	RES0101	1379	460	0.333575	1430	495	0.346154
figshare-osce	nemotron	0	RES0102	1960	584	0.297959	2025	632	0.312099
figshare-osce	nemotron	0	RES0103	1051	368	0.350143	1100	403	0.366364
figshare-osce	nemotron	0	RES0104	1485	532	0.358249	1563	597	0.381958
figshare-osce	nemotron	0	RES0105	1666	544	0.326531	1738	595	0.342348
figshare-osce	nemotron	0	RES0106	1242	444	0.357488	1307	500	0.382555
figshare-osce	nemotron	0	RES0107	1516	509	0.335752	1596	573	0.359023
figshare-osce	nemotron	0	RES0108	903	288	0.318937	950	328	0.345263
figshare-osce	nemotron	0	RES0109	795	264	0.332075	845	302	0.357396
figshare-osce	nemotron	0	RES0110	1505	487	0.323588	1565	527	0.336741
figshare-osce	nemotron	0	RES0111	923	412	0.446371	965	448	0.464249
figshare-osce	nemotron	0	RES0112	807	255	0.315985	835	277	0.331737
figshare-osce	nemotron	0	RES0113	1046	427	0.408222	1079	453	0.419833
figshare-osce	nemotron	0	RES0114	1586	584	0.368222	1673	655	0.391512
figshare-osce	nemotron	0	RES0116	1521	488	0.320842	1588	545	0.343199
figshare-osce	nemotron	0	RES0117	909	318	0.349835	951	352	0.370137
figshare-osce	nemotron	0	RES0118	926	347	0.374730	947	364	0.384372
figshare-osce	nemotron	0	RES0119	1307	398	0.304514	1359	440	0.323767
figshare-osce	nemotron	0	RES0120	1322	493	0.372920	1381	525	0.380159
figshare-osce	nemotron	0	RES0121	925	319	0.344865	962	337	0.350312
figshare-osce	nemotron	0	RES0122	1023	361	0.352884	1046	371	0.354685
figshare-osce	nemotron	0	RES0123	1670	619	0.370659	1716	639	0.372378
figshare-osce	nemotron	0	RES0124	1675	558	0.333134	1729	583	0.337189
figshare-osce	nemotron	0	RES0125	1578	470	0.297845	1638	489	0.298535
figshare-osce	nemotron	0	RES0126	1787	615	0.344152	1858	672	0.361679
figshare-osce	nemotron	0	RES0127	1404	458	0.326211	1461	494	0.338125
figshare-osce	nemotron	0	RES0128	1041	320	0.307397	1095	370	0.337900
figshare-osce	nemotron	0	RES0129	1020	379	0.371569	1078	424	0.393321
figshare-osce	nemotron	0	RES0130	1271	375	0.295043	1329	394	0.296464
figshare-osce	nemotron	0	RES0131	1159	362	0.312338	1231	386	0.313566
figshare-osce	nemotron	0	RES0132	1260	372	0.295238	1309	386	0.294882
figshare-osce	nemotron	0	RES0133	1221	392	0.321048	1264	409	0.323576
figshare-osce	nemotron	0	RES0134	1615	557	0.344892	1679	590	0.351400
figshare-osce	nemotron	0	RES0135	1160	310	0.267241	1224	324	0.264706
figshare-osce	nemotron	0	RES0136	1198	515	0.429883	1243	538	0.432824
figshare-osce	nemotron	0	RES0137	1226	408	0.332790	1274	425	0.333595
figshare-osce	nemotron	0	RES0138	1099	363	0.330300	1148	390	0.339721
figshare-osce	nemotron	0	RES0139	1082	340	0.314233	1131	359	0.317418
figshare-osce	nemotron	0	RES0140	881	341	0.387060	907	351	0.386990
figshare-osce	nemotron	0	RES0141	953	339	0.355719	987	350	0.354610
figshare-osce	nemotron	0	RES0142	761	310	0.407359	778	318	0.408740
figshare-osce	nemotron	0	RES0143	1094	417	0.381170	1119	429	0.383378
figshare-osce	nemotron	0	RES0144	1114	384	0.344704	1153	415	0.359931
figshare-osce	nemotron	0	RES0145	1273	539	0.423409	1326	577	0.435143
figshare-osce	nemotron	0	RES0146	866	350	0.404157	898	372	0.414254
figshare-osce	nemotron	0	RES0147	1218	476	0.390805	1274	518	0.406593
figshare-osce	nemotron	0	RES0148	1094	361	0.329982	1136	391	0.344190
figshare-osce	nemotron	0	RES0149	1219	447	0.366694	1270	482	0.379528
figshare-osce	nemotron	0	RES0150	1097	371	0.338195	1147	406	0.353967
figshare-osce	nemotron	0	RES0151	1110	397	0.357658	1157	433	0.374244
figshare-osce	nemotron	0	RES0152	1020	326	0.319608	1059	356	0.336166
figshare-osce	nemotron	0	RES0153	1055	347	0.328910	1103	386	0.349955
figshare-osce	nemotron	0	RES0154	902	297	0.329268	943	336	0.356310
figshare-osce	nemotron	0	RES0155	1374	436	0.317322	1439	484	0.336345
figshare-osce	nemotron	0	RES0156	957	328	0.342738	1016	371	0.365157
figshare-osce	nemotron	0	RES0158	1029	359	0.348882	1079	398	0.368860
figshare-osce	nemotron	0	RES0159	1072	475	0.443097	1104	498	0.451087
figshare-osce	nemotron	0	RES0160	1110	378	0.340541	1135	401	0.353304
figshare-osce	nemotron	0	RES0161	1009	382	0.378593	1034	397	0.383946
figshare-osce	nemotron	0	RES0162	1208	466	0.385762	1235	490	0.396761
figshare-osce	nemotron	0	RES0163	1156	389	0.336505	1200	424	0.353333
figshare-osce	nemotron	0	RES0164	1194	456	0.381910	1248	499	0.399840
figshare-osce	nemotron	0	RES0165	869	291	0.334868	909	324	0.356436
figshare-osce	nemotron	0	RES0166	1102	442	0.401089	1155	488	0.422511
figshare-osce	nemotron	0	RES0167	1124	453	0.403025	1181	500	0.423370
figshare-osce	nemotron	0	RES0168	1268	498	0.392744	1329	554	0.416855
figshare-osce	nemotron	0	RES0169	916	265	0.289301	946	288	0.304440
figshare-osce	nemotron	0	RES0170	1303	515	0.395242	1351	547	0.404885
figshare-osce	nemotron	0	RES0171	1319	497	0.376801	1368	526	0.384503
figshare-osce	nemotron	0	RES0172	1154	496	0.429809	1195	523	0.437657
figshare-osce	nemotron	0	RES0173	1204	465	0.386213	1262	508	0.402536
figshare-osce	nemotron	0	RES0174	1483	540	0.364127	1549	591	0.381536
figshare-osce	nemotron	0	RES0175	974	369	0.378850	1017	405	0.398230
figshare-osce	nemotron	0	RES0176	1253	366	0.292099	1305	408	0.312644
figshare-osce	nemotron	0	RES0177	1129	376	0.333038	1193	423	0.354568
figshare-osce	nemotron	0	RES0178	1058	326	0.308129	1125	380	0.337778
figshare-osce	nemotron	0	RES0179	1213	392	0.323166	1291	453	0.350891
figshare-osce	nemotron	0	RES0180	1009	349	0.345887	1065	393	0.369014
figshare-osce	nemotron	0	RES0181	1120	350	0.312500	1184	402	0.339527
figshare-osce	nemotron	0	RES0182	894	269	0.300895	945	316	0.334392
figshare-osce	nemotron	0	RES0183	1160	465	0.400862	1217	517	0.424815
figshare-osce	nemotron	0	RES0184	917	317	0.345692	970	366	0.377320
figshare-osce	nemotron	0	RES0185	1023	331	0.323558	1075	372	0.346047
figshare-osce	nemotron	0	RES0186	1009	336	0.333003	1069	384	0.359214
figshare-osce	nemotron	0	RES0187	1238	367	0.296446	1303	425	0.326170
figshare-osce	nemotron	0	RES0188	901	266	0.295228	957	313	0.327064
figshare-osce	nemotron	0	RES0189	1385	379	0.273646	1439	427	0.296734
figshare-osce	nemotron	0	RES0190	1233	384	0.311436	1290	431	0.334109
figshare-osce	nemotron	0	RES0191	881	296	0.335982	927	334	0.360302
figshare-osce	nemotron	0	RES0192	1215	366	0.301235	1280	421	0.328906
figshare-osce	nemotron	0	RES0193	1372	435	0.317055	1431	476	0.332635
figshare-osce	nemotron	0	RES0194	1329	452	0.340105	1395	501	0.359140
figshare-osce	nemotron	0	RES0195	1274	442	0.346939	1335	493	0.369288
figshare-osce	nemotron	0	RES0196	902	293	0.324834	943	329	0.348887
figshare-osce	nemotron	0	RES0197	917	288	0.314068	966	333	0.344720
figshare-osce	nemotron	0	RES0198	812	261	0.321429	857	299	0.348891
figshare-osce	nemotron	0	RES0199	1096	427	0.389599	1152	479	0.415799
figshare-osce	nemotron	0	RES0200	1293	500	0.386698	1351	550	0.407106
figshare-osce	nemotron	0	RES0201	1008	362	0.359127	1059	409	0.386213
figshare-osce	nemotron	0	RES0202	1455	500	0.343643	1522	556	0.365309
figshare-osce	nemotron	0	RES0203	875	263	0.300571	920	307	0.333696
figshare-osce	nemotron	0	RES0204	945	361	0.382011	995	403	0.405025
figshare-osce	nemotron	0	RES0205	1012	399	0.394269	1049	432	0.411821
figshare-osce	nemotron	0	RES0206	1316	592	0.449848	1354	622	0.459380
figshare-osce	nemotron	0	RES0207	776	329	0.423969	818	362	0.442543
figshare-osce	nemotron	0	RES0208	1286	487	0.378694	1322	514	0.388805
figshare-osce	nemotron	0	RES0209	1063	427	0.401693	1108	466	0.420578
figshare-osce	nemotron	0	RES0210	1089	384	0.352617	1139	424	0.372256
figshare-osce	nemotron	0	RES0211	1358	558	0.410898	1415	598	0.422615
figshare-osce	nemotron	0	RES0212	1262	371	0.293978	1304	405	0.310583
figshare-osce	nemotron	0	RES0213	1454	506	0.348006	1485	529	0.356229
figshare-osce	nemotron	0	RES0214	1085	340	0.313364	1123	375	0.333927
figshare-osce	nemotron	0	RES0215	1326	485	0.365762	1386	528	0.380952
figshare-osce	nemotron	0	RES0216	1560	601	0.385256	1604	638	0.397756
figshare-osce	nemotron	0	RES0217	1463	602	0.411483	1486	622	0.418573
figshare-osce	zipformer-zh-en	0	CAR0001	992	328	0.330645	1053	351	0.333333
figshare-osce	zipformer-zh-en	0	CAR0002	1023	249	0.243402	1067	269	0.252109
figshare-osce	zipformer-zh-en	0	CAR0003	1214	331	0.272652	1281	363	0.283372
figshare-osce	zipformer-zh-en	0	CAR0004	882	301	0.341270	920	326	0.354348
figshare-osce	zipformer-zh-en	0	CAR0005	1259	313	0.248610	1292	329	0.254644
figshare-osce	zipformer-zh-en	0	DER0001	1503	557	0.370592	1554	576	0.370656
figshare-osce	zipformer-zh-en	0	GAS0001	1005	372	0.370149	1033	397	0.384318
figshare-osce	zipformer-zh-en	0	GAS0002	1097	313	0.285324	1140	332	0.291228
figshare-osce	zipformer-zh-en	0	GAS0003	1059	327	0.308782	1093	363	0.332113
figshare-osce	zipformer-zh-en	0	GAS0004	1137	343	0.301671	1180	376	0.318644
figshare-osce	zipformer-zh-en	0	GAS0005	1538	500	0.325098	1599	527	0.329581
figshare-osce	zipformer-zh-en	0	GAS0007	872	276	0.316514	903	290	0.321152
figshare-osce	zipformer-zh-en	0	GEN0001	1100	366	0.332727	1132	388	0.342756
figshare-osce	zipformer-zh-en	0	MSK0001	938	280	0.298507	983	299	0.304171
figshare-osce	zipformer-zh-en	0	MSK0003	1788	529	0.295861	1866	562	0.301179
figshare-osce	zipformer-zh-en	0	MSK0004	1073	318	0.296365	1125	337	0.299556
figshare-osce	zipformer-zh-en	0	MSK0005	1440	483	0.335417	1513	506	0.334435
figshare-osce	zipformer-zh-en	0	MSK0006	1688	574	0.340047	1781	616	0.345873
figshare-osce	zipformer-zh-en	0	MSK0007	1287	372	0.289044	1358	402	0.296024
figshare-osce	zipformer-zh-en	0	MSK0008	1358	450	0.331370	1417	486	0.342978
figshare-osce	zipformer-zh-en	0	MSK0009	1505	472	0.313621	1572	501	0.318702
figshare-osce	zipformer-zh-en	0	MSK0010	1442	381	0.264216	1505	410	0.272425
figshare-osce	zipformer-zh-en	0	MSK0011	1460	438	0.300000	1535	456	0.297068
figshare-osce	zipformer-zh-en	0	MSK0012	1580	437	0.276582	1652	460	0.278450
figshare-osce	zipformer-zh-en	0	MSK0013	1539	500	0.324886	1610	538	0.334161
figshare-osce	zipformer-zh-en	0	MSK0014	1514	438	0.289300	1575	461	0.292698
figshare-osce	zipformer-zh-en	0	MSK0015	1568	458	0.292092	1622	482	0.297164
figshare-osce	zipformer-zh-en	0	MSK0016	1982	729	0.367810	2064	758	0.367248
figshare-osce	zipformer-zh-en	0	MSK0017	1646	588	0.357230	1735	617	0.355620
figshare-osce	zipformer-zh-en	0	MSK0018	941	290	0.308183	976	318	0.325820
figshare-osce	zipformer-zh-en	0	MSK0019	1293	440	0.340294	1337	484	0.362004
figshare-osce	zipformer-zh-en	0	MSK0020	1605	508	0.316511	1683	532	0.316102
figshare-osce	zipformer-zh-en	0	MSK0021	1661	624	0.375677	1745	652	0.373639
figshare-osce	zipformer-zh-en	0	MSK0022	2076	471	0.226879	2164	498	0.230129
figshare-osce	zipformer-zh-en	0	MSK0023	1184	282	0.238176	1229	296	0.240846
figshare-osce	zipformer-zh-en	0	MSK0024	1162	317	0.272806	1193	331	0.277452
figshare-osce	zipformer-zh-en	0	MSK0025	1526	381	0.249672	1580	403	0.255063
figshare-osce	zipformer-zh-en	0	MSK0026	1319	375	0.284306	1365	397	0.290842
figshare-osce	zipformer-zh-en	0	MSK0027	1328	360	0.271084	1377	382	0.277415
figshare-osce	zipformer-zh-en	0	MSK0028	1776	453	0.255068	1836	482	0.262527
figshare-osce	zipformer-zh-en	0	MSK0029	2175	762	0.350345	2268	804	0.354497
figshare-osce	zipformer-zh-en	0	MSK0031	1244	439	0.352894	1299	461	0.354888
figshare-osce	zipformer-zh-en	0	MSK0032	1161	429	0.369509	1198	451	0.376461
figshare-osce	zipformer-zh-en	0	MSK0033	1623	448	0.276032	1687	462	0.273859
figshare-osce	zipformer-zh-en	0	MSK0034	1381	382	0.276611	1448	403	0.278315
figshare-osce	zipformer-zh-en	0	MSK0035	1535	441	0.287296	1596	478	0.299499
figshare-osce	zipformer-zh-en	0	MSK0036	1693	454	0.268163	1757	492	0.280023
figshare-osce	zipformer-zh-en	0	MSK0037	1622	492	0.303329	1682	518	0.307967
figshare-osce	zipformer-zh-en	0	MSK0038	1808	640	0.353982	1895	672	0.354617
figshare-osce	zipformer-zh-en	0	MSK0039	1345	458	0.340520	1404	480	0.341880
figshare-osce	zipformer-zh-en	0	MSK0040	1432	462	0.322626	1488	479	0.321909
figshare-osce	zipformer-zh-en	0	MSK0041	1532	491	0.320496	1583	506	0.319646
figshare-osce	zipformer-zh-en	0	MSK0042	1462	483	0.330369	1522	510	0.335085
figshare-osce	zipformer-zh-en	0	MSK0043	1697	538	0.317030	1772	580	0.327314
figshare-osce	zipformer-zh-en	0	MSK0044	1133	353	0.311562	1177	375	0.318607
figshare-osce	zipformer-zh-en	0	MSK0045	1350	404	0.299259	1394	431	0.309182
figshare-osce	zipformer-zh-en	0	MSK0046	1176	399	0.339286	1225	427	0.348571
figshare-osce	zipformer-zh-en	0	MSK0049	1325	395	0.298113	1372	417	0.303936
figshare-osce	zipformer-zh-en	0	MSK0050	1238	348	0.281099	1285	370	0.287938
figshare-osce	zipformer-zh-en	0	RES0001	1447	534	0.369039	1526	569	0.372870
figshare-osce	zipformer-zh-en	0	RES0002	1129	508	0.449956	1162	531	0.456971
figshare-osce	zipformer-zh-en	0	RES0003	1187	601	0.506318	1261	643	0.509913
figshare-osce	zipformer-zh-en	0	RES0004	1614	581	0.359975	1723	631	0.366222
figshare-osce	zipformer-zh-en	0	RES0005	1587	398	0.250788	1645	447	0.271733
figshare-osce	zipformer-zh-en	0	RES0006	1186	312	0.263069	1240	329	0.265323
figshare-osce	zipformer-zh-en	0	RES0007	1812	513	0.283113	1874	545	0.290822
figshare-osce	zipformer-zh-en	0	RES0008	1112	351	0.315647	1171	376	0.321093
figshare-osce	zipformer-zh-en	0	RES0009	1390	489	0.351799	1446	533	0.368603
figshare-osce	zipformer-zh-en	0	RES0010	1036	368	0.355212	1070	405	0.378505
figshare-osce	zipformer-zh-en	0	RES0011	1582	463	0.292668	1647	521	0.316333
figshare-osce	zipformer-zh-en	0	RES0012	2062	643	0.311833	2168	692	0.319188
figshare-osce	zipformer-zh-en	0	RES0013	1344	368	0.273810	1400	387	0.276429
figshare-osce	zipformer-zh-en	0	RES0014	1368	452	0.330409	1429	483	0.337999
figshare-osce	zipformer-zh-en	0	RES0015	1538	418	0.271782	1607	442	0.275047
figshare-osce	zipformer-zh-en	0	RES0016	1268	408	0.321767	1327	435	0.327807
figshare-osce	zipformer-zh-en	0	RES0017	1691	460	0.272028	1751	500	0.285551
figshare-osce	zipformer-zh-en	0	RES0018	1284	335	0.260903	1334	373	0.279610
figshare-osce	zipformer-zh-en	0	RES0019	1274	374	0.293564	1334	402	0.301349
figshare-osce	zipformer-zh-en	0	RES0020	1358	434	0.319588	1413	460	0.325548
figshare-osce	zipformer-zh-en	0	RES0021	1198	392	0.327212	1255	406	0.323506
figshare-osce	zipformer-zh-en	0	RES0022	1921	529	0.275377	1999	585	0.292646
figshare-osce	zipformer-zh-en	0	RES0023	1035	352	0.340097	1099	388	0.353048
figshare-osce	zipformer-zh-en	0	RES0024	959	363	0.378519	1004	399	0.397410
figshare-osce	zipformer-zh-en	0	RES0025	1327	443	0.333836	1393	480	0.344580
figshare-osce	zipformer-zh-en	0	RES0026	1478	414	0.280108	1544	444	0.287565
figshare-osce	zipformer-zh-en	0	RES0027	1308	379	0.289755	1366	407	0.297950
figshare-osce	zipformer-zh-en	0	RES0028	1100	274	0.249091	1156	295	0.255190
figshare-osce	zipformer-zh-en	0	RES0029	781	227	0.290653	811	237	0.292232
figshare-osce	zipformer-zh-en	0	RES0030	1134	269	0.237213	1184	294	0.248311
figshare-osce	zipformer-zh-en	0	RES0031	1294	347	0.268161	1343	377	0.280715
figshare-osce	zipformer-zh-en	0	RES0032	1173	282	0.240409	1212	303	0.250000
figshare-osce	zipformer-zh-en	0	RES0033	1316	345	0.262158	1372	377	0.274781
figshare-osce	zipformer-zh-en	0	RES0034	1623	429	0.264325	1685	479	0.284273
figshare-osce	zipformer-zh-en	0	RES0035	918	248	0.270153	958	268	0.279749
figshare-osce	zipformer-zh-en	0	RES0036	1352	392	0.289941	1423	425	0.298665
figshare-osce	zipformer-zh-en	0	RES0037	1376	390	0.283430	1453	427	0.293875
figshare-osce	zipformer-zh-en	0	RES0038	1485	408	0.274747	1554	446	0.287001
figshare-osce	zipformer-zh-en	0	RES0039	1592	448	0.281407	1672	488	0.291866
figshare-osce	zipformer-zh-en	0	RES0042	1206	399	0.330846	1264	423	0.334652
figshare-osce	zipformer-zh-en	0	RES0043	1432	462	0.322626	1503	486	0.323353
figshare-osce	zipformer-zh-en	0	RES0044	1768	558	0.315611	1859	595	0.320065
figshare-osce	zipformer-zh-en	0	RES0045	1145	374	0.326638	1204	392	0.325581
figshare-osce	zipformer-zh-en	0	RES0046	1494	499	0.334003	1588	522	0.328715
figshare-osce	zipformer-zh-en	0	RES0047	1530	538	0.351634	1628	565	0.347052
figshare-osce	zipformer-zh-en	0	RES0048	1730	561	0.324277	1809	593	0.327805
figshare-osce	zipformer-zh-en	0	RES0049	1549	479	0.309232	1622	506	0.311961
figshare-osce	zipformer-zh-en	0	RES0050	1065	334	0.313615	1109	351	0.316501
figshare-osce	zipformer-zh-en	0	RES0051	958	297	0.310021	997	319	0.319960
figshare-osce	zipformer-zh-en	0	RES0052	776	324	0.417526	828	347	0.419082
figshare-osce	zipformer-zh-en	0	RES0053	1917	741	0.386541	1982	767	0.386983
figshare-osce	zipformer-zh-en	0	RES0054	2442	1111	0.454955	2491	1146	0.460056
figshare-osce	zipformer-zh-en	0	RES0055	1313	509	0.387662	1375	538	0.391273
figshare-osce	zipformer-zh-en	0	RES0056	1126	455	0.404085	1174	475	0.404600
figshare-osce	zipformer-zh-en	0	RES0057	1203	545	0.453034	1245	576	0.462651
figshare-osce	zipformer-zh-en	0	RES0058	1437	595	0.414057	1514	624	0.412153
figshare-osce	zipformer-zh-en	0	RES0059	1291	469	0.363284	1358	496	0.365243
figshare-osce	zipformer-zh-en	0	RES0060	1602	607	0.378901	1683	641	0.380867
figshare-osce	zipformer-zh-en	0	RES0061	1696	665	0.392099	1783	687	0.385306
figshare-osce	zipformer-zh-en	0	RES0062	1866	691	0.370311	1965	738	0.375573
figshare-osce	zipformer-zh-en	0	RES0063	1373	558	0.406409	1439	583	0.405142
figshare-osce	zipformer-zh-en	0	RES0064	1030	343	0.333010	1078	361	0.334879
figshare-osce	zipformer-zh-en	0	RES0065	1045	337	0.322488	1089	364	0.334252
figshare-osce	zipformer-zh-en	0	RES0066	1132	381	0.336572	1192	408	0.342282
figshare-osce	zipformer-zh-en	0	RES0067	905	316	0.349171	946	334	0.353066
figshare-osce	zipformer-zh-en	0	RES0068	1158	393	0.339378	1213	410	0.338005
figshare-osce	zipformer-zh-en	0	RES0069	972	367	0.377572	1026	392	0.382066
figshare-osce	zipformer-zh-en	0	RES0070	929	349	0.375673	976	375	0.384221
figshare-osce	zipformer-zh-en	0	RES0071	1248	433	0.346955	1301	456	0.350500
figshare-osce	zipformer-zh-en	0	RES0072	1124	382	0.339858	1182	409	0.346024
figshare-osce	zipformer-zh-en	0	RES0073	1293	458	0.354215	1340	480	0.358209
figshare-osce	zipformer-zh-en	0	RES0074	1187	434	0.365628	1246	462	0.370787
figshare-osce	zipformer-zh-en	0	RES0075	1065	348	0.326761	1112	374	0.336331
figshare-osce	zipformer-zh-en	0	RES0076	1500	478	0.318667	1569	502	0.319949
figshare-osce	zipformer-zh-en	0	RES0077	1572	549	0.349237	1649	575	0.348696
figshare-osce	zipformer-zh-en	0	RES0078	1104	447	0.404891	1140	468	0.410526
figshare-osce	zipformer-zh-en	0	RES0079	803	355	0.442092	841	374	0.444709
figshare-osce	zipformer-zh-en	0	RES0080	1167	525	0.449871	1225	552	0.450612
figshare-osce	zipformer-zh-en	0	RES0081	1398	573	0.409871	1455	611	0.419931
figshare-osce	zipformer-zh-en	0	RES0082	889	395	0.444319	932	427	0.458155
figshare-osce	zipformer-zh-en	0	RES0083	949	411	0.433087	990	437	0.441414
figshare-osce	zipformer-zh-en	0	RES0084	1494	453	0.303213	1562	479	0.306658
figshare-osce	zipformer-zh-en	0	RES0085	912	283	0.310307	959	300	0.312826
figshare-osce	zipformer-zh-en	0	RES0086	1462	476	0.325581	1523	505	0.331582
figshare-osce	zipformer-zh-en	0	RES0087	1300	380	0.292308	1359	401	0.295070
figshare-osce	zipformer-zh-en	0	RES0088	1318	365	0.276935	1373	392	0.285506
figshare-osce	zipformer-zh-en	0	RES0089	1717	507	0.295282	1800	535	0.297222
figshare-osce	zipformer-zh-en	0	RES0090	1147	289	0.251962	1193	316	0.264878
figshare-osce	zipformer-zh-en	0	RES0091	862	209	0.242459	901	221	0.245283
figshare-osce	zipformer-zh-en	0	RES0092	803	352	0.438356	837	375	0.448029
figshare-osce	zipformer-zh-en	0	RES0093	1549	667	0.430600	1606	699	0.435243
figshare-osce	zipformer-zh-en	0	RES0094	772	260	0.336788	793	274	0.345523
figshare-osce	zipformer-zh-en	0	RES0095	1419	498	0.350951	1467	512	0.349012
figshare-osce	zipformer-zh-en	0	RES0096	1233	457	0.370641	1292	494	0.382353
figshare-osce	zipformer-zh-en	0	RES0097	1322	500	0.378215	1381	531	0.384504
figshare-osce	zipformer-zh-en	0	RES0098	1424	397	0.278792	1474	420	0.284939
figshare-osce	zipformer-zh-en	0	RES0099	1508	475	0.314987	1554	502	0.323037
figshare-osce	zipformer-zh-en	0	RES0100	1715	456	0.265889	1767	492	0.278438
figshare-osce	zipformer-zh-en	0	RES0101	1379	404	0.292966	1430	446	0.311888
figshare-osce	zipformer-zh-en	0	RES0102	1960	545	0.278061	2025	585	0.288889
figshare-osce	zipformer-zh-en	0	RES0103	1051	321	0.305423	1100	347	0.315455
figshare-osce	zipformer-zh-en	0	RES0104	1485	436	0.293603	1563	457	0.292386
figshare-osce	zipformer-zh-en	0	RES0105	1666	488	0.292917	1738	502	0.288838
figshare-osce	zipformer-zh-en	0	RES0106	1242	412	0.331723	1307	442	0.338179
figshare-osce	zipformer-zh-en	0	RES0107	1516	484	0.319261	1596	518	0.324561
figshare-osce	zipformer-zh-en	0	RES0108	903	272	0.301218	950	287	0.302105
figshare-osce	zipformer-zh-en	0	RES0109	795	283	0.355975	845	306	0.362130
figshare-osce	zipformer-zh-en	0	RES0110	1505	454	0.301661	1565	497	0.317572
figshare-osce	zipformer-zh-en	0	RES0111	923	321	0.347779	965	346	0.358549
figshare-osce	zipformer-zh-en	0	RES0112	807	225	0.278810	835	247	0.295808
figshare-osce	zipformer-zh-en	0	RES0113	1046	300	0.286807	1079	323	0.299351
figshare-osce	zipformer-zh-en	0	RES0114	1586	521	0.328499	1673	560	0.334728
figshare-osce	zipformer-zh-en	0	RES0116	1521	502	0.330046	1588	533	0.335642
figshare-osce	zipformer-zh-en	0	RES0117	909	311	0.342134	951	332	0.349106
figshare-osce	zipformer-zh-en	0	RES0118	926	292	0.315335	947	318	0.335797
figshare-osce	zipformer-zh-en	0	RES0119	1307	380	0.290742	1359	409	0.300957
figshare-osce	zipformer-zh-en	0	RES0120	1322	377	0.285174	1381	407	0.294714
figshare-osce	zipformer-zh-en	0	RES0121	925	290	0.313514	962	312	0.324324
figshare-osce	zipformer-zh-en	0	RES0122	1023	394	0.385142	1046	411	0.392925
figshare-osce	zipformer-zh-en	0	RES0123	1670	564	0.337725	1716	607	0.353730
figshare-osce	zipformer-zh-en	0	RES0124	1675	555	0.331343	1729	607	0.351070
figshare-osce	zipformer-zh-en	0	RES0125	1578	506	0.320659	1638	540	0.329670
figshare-osce	zipformer-zh-en	0	RES0126	1787	624	0.349189	1858	654	0.351991
figshare-osce	zipformer-zh-en	0	RES0127	1404	512	0.364672	1461	534	0.365503
figshare-osce	zipformer-zh-en	0	RES0128	1041	353	0.339097	1095	370	0.337900
figshare-osce	zipformer-zh-en	0	RES0129	1020	342	0.335294	1078	357	0.331169
figshare-osce	zipformer-zh-en	0	RES0130	1271	422	0.332022	1329	445	0.334838
figshare-osce	zipformer-zh-en	0	RES0131	1159	434	0.374461	1231	463	0.376117
figshare-osce	zipformer-zh-en	0	RES0132	1260	419	0.332540	1309	433	0.330787
figshare-osce	zipformer-zh-en	0	RES0133	1221	367	0.300573	1264	384	0.303797
figshare-osce	zipformer-zh-en	0	RES0134	1615	515	0.318885	1679	536	0.319238
figshare-osce	zipformer-zh-en	0	RES0135	1160	401	0.345690	1224	421	0.343954
figshare-osce	zipformer-zh-en	0	RES0136	1198	415	0.346411	1243	450	0.362027
figshare-osce	zipformer-zh-en	0	RES0137	1226	411	0.335237	1274	438	0.343799
figshare-osce	zipformer-zh-en	0	RES0138	1099	409	0.372157	1148	441	0.384146
figshare-osce	zipformer-zh-en	0	RES0139	1082	432	0.399261	1131	464	0.410256
figshare-osce	zipformer-zh-en	0	RES0140	881	336	0.381385	907	359	0.395810
figshare-osce	zipformer-zh-en	0	RES0141	953	369	0.387198	987	386	0.391084
figshare-osce	zipformer-zh-en	0	RES0142	761	315	0.413929	778	339	0.435733
figshare-osce	zipformer-zh-en	0	RES0143	1094	413	0.377514	1119	443	0.395889
figshare-osce	zipformer-zh-en	0	RES0144	1114	362	0.324955	1153	391	0.339115
figshare-osce	zipformer-zh-en	0	RES0145	1273	491	0.385703	1326	529	0.398944
figshare-osce	zipformer-zh-en	0	RES0146	866	396	0.457275	898	415	0.462138
figshare-osce	zipformer-zh-en	0	RES0147	1218	545	0.447455	1274	578	0.453689
figshare-osce	zipformer-zh-en	0	RES0148	1094	457	0.417733	1136	485	0.426937
figshare-osce	zipformer-zh-en	0	RES0149	1219	515	0.422477	1270	534	0.420472
figshare-osce	zipformer-zh-en	0	RES0150	1097	504	0.459435	1147	531	0.462947
figshare-osce	zipformer-zh-en	0	RES0151	1110	378	0.340541	1157	409	0.353500
figshare-osce	zipformer-zh-en	0	RES0152	1020	338	0.331373	1059	358	0.338055
figshare-osce	zipformer-zh-en	0	RES0153	1055	416	0.394313	1103	437	0.396192
figshare-osce	zipformer-zh-en	0	RES0154	902	371	0.411308	943	383	0.406151
figshare-osce	zipformer-zh-en	0	RES0155	1374	518	0.377001	1439	531	0.369006
figshare-osce	zipformer-zh-en	0	RES0156	957	361	0.377220	1016	372	0.366142
figshare-osce	zipformer-zh-en	0	RES0158	1029	341	0.331390	1079	367	0.340130
figshare-osce	zipformer-zh-en	0	RES0159	1072	368	0.343284	1104	391	0.354167
figshare-osce	zipformer-zh-en	0	RES0160	1110	371	0.334234	1135	397	0.349780
figshare-osce	zipformer-zh-en	0	RES0161	1009	330	0.327056	1034	352	0.340426
figshare-osce	zipformer-zh-en	0	RES0162	1208	392	0.324503	1235	413	0.334413
figshare-osce	zipformer-zh-en	0	RES0163	1156	346	0.299308	1200	371	0.309167
figshare-osce	zipformer-zh-en	0	RES0164	1194	437	0.365997	1248	466	0.373397
figshare-osce	zipformer-zh-en	0	RES0165	869	359	0.413119	909	379	0.416942
figshare-osce	zipformer-zh-en	0	RES0166	1102	410	0.372051	1155	437	0.378355
figshare-osce	zipformer-zh-en	0	RES0167	1124	337	0.299822	1181	354	0.299746
figshare-osce	zipformer-zh-en	0	RES0168	1268	376	0.296530	1329	404	0.303988
figshare-osce	zipformer-zh-en	0	RES0169	916	351	0.383188	946	379	0.400634
figshare-osce	zipformer-zh-en	0	RES0170	1303	477	0.366078	1351	496	0.367135
figshare-osce	zipformer-zh-en	0	RES0171	1319	500	0.379075	1368	527	0.385234
figshare-osce	zipformer-zh-en	0	RES0172	1154	423	0.366551	1195	437	0.365690
figshare-osce	zipformer-zh-en	0	RES0173	1204	467	0.387874	1262	489	0.387480
figshare-osce	zipformer-zh-en	0	RES0174	1483	549	0.370196	1549	577	0.372498
figshare-osce	zipformer-zh-en	0	RES0175	974	401	0.411704	1017	427	0.419862
figshare-osce	zipformer-zh-en	0	RES0176	1253	453	0.361532	1305	465	0.356322
figshare-osce	zipformer-zh-en	0	RES0177	1129	422	0.373782	1193	443	0.371333
figshare-osce	zipformer-zh-en	0	RES0178	1058	433	0.409263	1125	460	0.408889
figshare-osce	zipformer-zh-en	0	RES0179	1213	502	0.413850	1291	523	0.405112
figshare-osce	zipformer-zh-en	0	RES0180	1009	383	0.379584	1065	407	0.382160
figshare-osce	zipformer-zh-en	0	RES0181	1120	421	0.375893	1184	445	0.375845
figshare-osce	zipformer-zh-en	0	RES0182	894	302	0.337808	945	320	0.338624
figshare-osce	zipformer-zh-en	0	RES0183	1160	402	0.346552	1217	425	0.349219
figshare-osce	zipformer-zh-en	0	RES0184	917	283	0.308615	970	317	0.326804
figshare-osce	zipformer-zh-en	0	RES0185	1023	429	0.419355	1075	447	0.415814
figshare-osce	zipformer-zh-en	0	RES0186	1009	394	0.390486	1069	420	0.392891
figshare-osce	zipformer-zh-en	0	RES0187	1238	445	0.359451	1303	465	0.356869
figshare-osce	zipformer-zh-en	0	RES0188	901	301	0.334073	957	319	0.333333
figshare-osce	zipformer-zh-en	0	RES0189	1385	417	0.301083	1439	443	0.307853
figshare-osce	zipformer-zh-en	0	RES0190	1233	375	0.304136	1290	404	0.313178
figshare-osce	zipformer-zh-en	0	RES0191	881	280	0.317821	927	306	0.330097
figshare-osce	zipformer-zh-en	0	RES0192	1215	381	0.313580	1280	414	0.323437
figshare-osce	zipformer-zh-en	0	RES0193	1372	417	0.303936	1431	443	0.309574
figshare-osce	zipformer-zh-en	0	RES0194	1329	380	0.285929	1395	403	0.288889
figshare-osce	zipformer-zh-en	0	RES0195	1274	412	0.323391	1335	444	0.332584
figshare-osce	zipformer-zh-en	0	RES0196	902	291	0.322616	943	318	0.337222
figshare-osce	zipformer-zh-en	0	RES0197	917	318	0.346783	966	335	0.346791
figshare-osce	zipformer-zh-en	0	RES0198	812	265	0.326355	857	292	0.340723
figshare-osce	zipformer-zh-en	0	RES0199	1096	426	0.388686	1152	458	0.397569
figshare-osce	zipformer-zh-en	0	RES0200	1293	496	0.383604	1351	523	0.387121
figshare-osce	zipformer-zh-en	0	RES0201	1008	351	0.348214	1059	374	0.353163
figshare-osce	zipformer-zh-en	0	RES0202	1455	489	0.336082	1522	516	0.339028
figshare-osce	zipformer-zh-en	0	RES0203	875	318	0.363429	920	340	0.369565
figshare-osce	zipformer-zh-en	0	RES0204	945	261	0.276190	995	281	0.282412
figshare-osce	zipformer-zh-en	0	RES0205	1012	316	0.312253	1049	333	0.317445
figshare-osce	zipformer-zh-en	0	RES0206	1316	384	0.291793	1354	418	0.308715
figshare-osce	zipformer-zh-en	0	RES0207	776	275	0.354381	818	294	0.359413
figshare-osce	zipformer-zh-en	0	RES0208	1286	356	0.276827	1322	381	0.288200
figshare-osce	zipformer-zh-en	0	RES0209	1063	283	0.266228	1108	313	0.282491
figshare-osce	zipformer-zh-en	0	RES0210	1089	502	0.460973	1139	528	0.463565
figshare-osce	zipformer-zh-en	0	RES0211	1358	662	0.487482	1415	693	0.489753
figshare-osce	zipformer-zh-en	0	RES0212	1262	738	0.584786	1304	777	0.595859
figshare-osce	zipformer-zh-en	0	RES0213	1454	582	0.400275	1485	623	0.419529
figshare-osce	zipformer-zh-en	0	RES0214	1085	326	0.300461	1123	340	0.302760
figshare-osce	zipformer-zh-en	0	RES0215	1326	402	0.303167	1386	427	0.308081
figshare-osce	zipformer-zh-en	0	RES0216	1560	493	0.316026	1604	523	0.326060
figshare-osce	zipformer-zh-en	0	RES0217	1463	387	0.264525	1486	401	0.269852
figshare-osce	sensevoice	0	CAR0001	992	66	0.066532	1053	120	0.113960
figshare-osce	sensevoice	0	CAR0002	1023	76	0.074291	1067	115	0.107779
figshare-osce	sensevoice	0	CAR0003	1214	76	0.062603	1281	132	0.103044
figshare-osce	sensevoice	0	CAR0004	882	76	0.086168	920	104	0.113043
figshare-osce	sensevoice	0	CAR0005	1259	95	0.075457	1292	120	0.092879
figshare-osce	sensevoice	0	DER0001	1503	177	0.117764	1554	206	0.132561
figshare-osce	sensevoice	0	GAS0001	1005	169	0.168159	1033	191	0.184898
figshare-osce	sensevoice	0	GAS0002	1097	92	0.083865	1140	128	0.112281
figshare-osce	sensevoice	0	GAS0003	1059	112	0.105760	1093	145	0.132662
figshare-osce	sensevoice	0	GAS0004	1137	137	0.120493	1180	170	0.144068
figshare-osce	sensevoice	0	GAS0005	1538	143	0.092978	1599	191	0.119450
figshare-osce	sensevoice	0	GAS0007	872	96	0.110092	903	113	0.125138
figshare-osce	sensevoice	0	GEN0001	1100	108	0.098182	1132	132	0.116608
figshare-osce	sensevoice	0	MSK0001	938	95	0.101279	983	138	0.140387
figshare-osce	sensevoice	0	MSK0003	1788	154	0.086130	1866	204	0.109325
figshare-osce	sensevoice	0	MSK0004	1073	100	0.093197	1125	137	0.121778
figshare-osce	sensevoice	0	MSK0005	1440	129	0.089583	1513	188	0.124256
figshare-osce	sensevoice	0	MSK0006	1688	165	0.097749	1781	227	0.127456
figshare-osce	sensevoice	0	MSK0007	1287	91	0.070707	1358	153	0.112666
figshare-osce	sensevoice	0	MSK0008	1358	118	0.086892	1417	176	0.124206
figshare-osce	sensevoice	0	MSK0009	1505	156	0.103654	1572	209	0.132952
figshare-osce	sensevoice	0	MSK0010	1442	103	0.071429	1505	153	0.101661
figshare-osce	sensevoice	0	MSK0011	1460	137	0.093836	1535	186	0.121173
figshare-osce	sensevoice	0	MSK0012	1580	95	0.060127	1652	154	0.093220
figshare-osce	sensevoice	0	MSK0013	1539	108	0.070175	1610	166	0.103106
figshare-osce	sensevoice	0	MSK0014	1514	140	0.092470	1575	182	0.115556
figshare-osce	sensevoice	0	MSK0015	1568	162	0.103316	1622	204	0.125771
figshare-osce	sensevoice	0	MSK0016	1982	159	0.080222	2064	218	0.105620
figshare-osce	sensevoice	0	MSK0017	1646	126	0.076549	1735	193	0.111239
figshare-osce	sensevoice	0	MSK0018	941	78	0.082891	976	82	0.084016
figshare-osce	sensevoice	0	MSK0019	1293	102	0.078886	1337	105	0.078534
figshare-osce	sensevoice	0	MSK0020	1605	152	0.094704	1683	212	0.125966
figshare-osce	sensevoice	0	MSK0021	1661	186	0.111981	1745	250	0.143266
figshare-osce	sensevoice	0	MSK0022	2076	160	0.077071	2164	220	0.101664
figshare-osce	sensevoice	0	MSK0023	1184	109	0.092061	1229	142	0.115541
figshare-osce	sensevoice	0	MSK0024	1162	76	0.065404	1193	105	0.088013
figshare-osce	sensevoice	0	MSK0025	1526	108	0.070773	1580	144	0.091139
figshare-osce	sensevoice	0	MSK0026	1319	104	0.078848	1365	148	0.108425
figshare-osce	sensevoice	0	MSK0027	1328	138	0.103916	1377	182	0.132171
figshare-osce	sensevoice	0	MSK0028	1776	157	0.088401	1836	206	0.112200
figshare-osce	sensevoice	0	MSK0029	2175	220	0.101149	2268	288	0.126984
figshare-osce	sensevoice	0	MSK0031	1244	107	0.086013	1299	151	0.116243
figshare-osce	sensevoice	0	MSK0032	1161	92	0.079242	1198	93	0.077629
figshare-osce	sensevoice	0	MSK0033	1623	148	0.091189	1687	190	0.112626
figshare-osce	sensevoice	0	MSK0034	1381	131	0.094859	1448	184	0.127072
figshare-osce	sensevoice	0	MSK0035	1535	126	0.082085	1596	178	0.111529
figshare-osce	sensevoice	0	MSK0036	1693	140	0.082693	1757	187	0.106431
figshare-osce	sensevoice	0	MSK0037	1622	155	0.095561	1682	199	0.118312
figshare-osce	sensevoice	0	MSK0038	1808	133	0.073562	1895	194	0.102375
figshare-osce	sensevoice	0	MSK0039	1345	95	0.070632	1404	143	0.101852
figshare-osce	sensevoice	0	MSK0040	1432	108	0.075419	1488	159	0.106855
figshare-osce	sensevoice	0	MSK0041	1532	123	0.080287	1583	169	0.106759
figshare-osce	sensevoice	0	MSK0042	1462	154	0.105335	1522	160	0.105125
figshare-osce	sensevoice	0	MSK0043	1697	166	0.097820	1772	174	0.098194
figshare-osce	sensevoice	0	MSK0044	1133	128	0.112974	1177	135	0.114698
figshare-osce	sensevoice	0	MSK0045	1350	109	0.080741	1394	148	0.106169
figshare-osce	sensevoice	0	MSK0046	1176	96	0.081633	1225	140	0.114286
figshare-osce	sensevoice	0	MSK0049	1325	122	0.092075	1372	163	0.118805
figshare-osce	sensevoice	0	MSK0050	1238	99	0.079968	1285	137	0.106615
figshare-osce	sensevoice	0	RES0001	1447	135	0.093296	1526	198	0.129751
figshare-osce	sensevoice	0	RES0002	1129	314	0.278122	1162	341	0.293460
figshare-osce	sensevoice	0	RES0003	1187	76	0.064027	1261	129	0.102300
figshare-osce	sensevoice	0	RES0004	1614	162	0.100372	1723	236	0.136970
figshare-osce	sensevoice	0	RES0005	1587	120	0.075614	1645	160	0.097264
figshare-osce	sensevoice	0	RES0006	1186	123	0.103710	1240	162	0.130645
figshare-osce	sensevoice	0	RES0007	1812	149	0.082230	1874	191	0.101921
figshare-osce	sensevoice	0	RES0008	1112	94	0.084532	1171	134	0.114432
figshare-osce	sensevoice	0	RES0009	1390	140	0.100719	1446	182	0.125864
figshare-osce	sensevoice	0	RES0010	1036	158	0.152510	1070	184	0.171963
figshare-osce	sensevoice	0	RES0011	1582	150	0.094817	1647	202	0.122647
figshare-osce	sensevoice	0	RES0012	2062	192	0.093113	2168	270	0.124539
figshare-osce	sensevoice	0	RES0013	1344	130	0.096726	1400	178	0.127143
figshare-osce	sensevoice	0	RES0014	1368	131	0.095760	1429	187	0.130861
figshare-osce	sensevoice	0	RES0015	1538	102	0.066320	1607	163	0.101431
figshare-osce	sensevoice	0	RES0016	1268	78	0.061514	1327	132	0.099472
figshare-osce	sensevoice	0	RES0017	1691	131	0.077469	1751	179	0.102227
figshare-osce	sensevoice	0	RES0018	1284	114	0.088785	1334	150	0.112444
figshare-osce	sensevoice	0	RES0019	1274	107	0.083987	1334	156	0.116942
figshare-osce	sensevoice	0	RES0020	1358	121	0.089102	1413	168	0.118896
figshare-osce	sensevoice	0	RES0021	1198	119	0.099332	1255	167	0.133068
figshare-osce	sensevoice	0	RES0022	1921	170	0.088496	1999	235	0.117559
figshare-osce	sensevoice	0	RES0023	1035	148	0.142995	1099	193	0.175614
figshare-osce	sensevoice	0	RES0024	959	95	0.099062	1004	132	0.131474
figshare-osce	sensevoice	0	RES0025	1327	138	0.103994	1393	192	0.137832
figshare-osce	sensevoice	0	RES0026	1478	107	0.072395	1544	171	0.110751
figshare-osce	sensevoice	0	RES0027	1308	111	0.084862	1366	159	0.116398
figshare-osce	sensevoice	0	RES0028	1100	90	0.081818	1156	135	0.116782
figshare-osce	sensevoice	0	RES0029	781	67	0.085787	811	95	0.117139
figshare-osce	sensevoice	0	RES0030	1134	86	0.075838	1184	129	0.108953
figshare-osce	sensevoice	0	RES0031	1294	94	0.072643	1343	137	0.102010
figshare-osce	sensevoice	0	RES0032	1173	100	0.085251	1212	128	0.105611
figshare-osce	sensevoice	0	RES0033	1316	84	0.063830	1372	127	0.092566
figshare-osce	sensevoice	0	RES0034	1623	135	0.083179	1685	192	0.113947
figshare-osce	sensevoice	0	RES0035	918	47	0.051198	958	81	0.084551
figshare-osce	sensevoice	0	RES0036	1352	81	0.059911	1423	140	0.098384
figshare-osce	sensevoice	0	RES0037	1376	121	0.087936	1453	176	0.121129
figshare-osce	sensevoice	0	RES0038	1485	117	0.078788	1554	171	0.110039
figshare-osce	sensevoice	0	RES0039	1592	147	0.092337	1672	198	0.118421
figshare-osce	sensevoice	0	RES0042	1206	158	0.131012	1264	208	0.164557
figshare-osce	sensevoice	0	RES0043	1432	190	0.132682	1503	243	0.161677
figshare-osce	sensevoice	0	RES0044	1768	136	0.076923	1859	208	0.111888
figshare-osce	sensevoice	0	RES0045	1145	86	0.075109	1204	126	0.104651
figshare-osce	sensevoice	0	RES0046	1494	129	0.086345	1588	192	0.120907
figshare-osce	sensevoice	0	RES0047	1530	140	0.091503	1628	209	0.128378
figshare-osce	sensevoice	0	RES0048	1730	132	0.076301	1809	189	0.104478
figshare-osce	sensevoice	0	RES0049	1549	149	0.096191	1622	203	0.125154
figshare-osce	sensevoice	0	RES0050	1065	78	0.073239	1109	116	0.104599
figshare-osce	sensevoice	0	RES0051	958	106	0.110647	997	147	0.147442
figshare-osce	sensevoice	0	RES0052	776	97	0.125000	828	142	0.171498
figshare-osce	sensevoice	0	RES0053	1917	330	0.172144	1982	394	0.198789
figshare-osce	sensevoice	0	RES0054	2442	738	0.302211	2491	782	0.313930
figshare-osce	sensevoice	0	RES0055	1313	212	0.161462	1375	269	0.195636
figshare-osce	sensevoice	0	RES0056	1126	158	0.140320	1174	201	0.171210
figshare-osce	sensevoice	0	RES0057	1203	216	0.179551	1245	242	0.194378
figshare-osce	sensevoice	0	RES0058	1437	198	0.137787	1514	267	0.176354
figshare-osce	sensevoice	0	RES0059	1291	149	0.115414	1358	203	0.149485
figshare-osce	sensevoice	0	RES0060	1602	222	0.138577	1683	287	0.170529
figshare-osce	sensevoice	0	RES0061	1696	193	0.113797	1783	250	0.140213
figshare-osce	sensevoice	0	RES0062	1866	229	0.122722	1965	305	0.155216
figshare-osce	sensevoice	0	RES0063	1373	167	0.121631	1439	211	0.146630
figshare-osce	sensevoice	0	RES0064	1030	105	0.101942	1078	139	0.128942
figshare-osce	sensevoice	0	RES0065	1045	112	0.107177	1089	156	0.143251
figshare-osce	sensevoice	0	RES0066	1132	120	0.106007	1192	165	0.138423
figshare-osce	sensevoice	0	RES0067	905	90	0.099448	946	115	0.121564
figshare-osce	sensevoice	0	RES0068	1158	124	0.107081	1213	165	0.136026
figshare-osce	sensevoice	0	RES0069	972	123	0.126543	1026	168	0.163743
figshare-osce	sensevoice	0	RES0070	929	136	0.146394	976	179	0.183402
figshare-osce	sensevoice	0	RES0071	1248	122	0.097756	1301	165	0.126826
figshare-osce	sensevoice	0	RES0072	1124	138	0.122776	1182	185	0.156514
figshare-osce	sensevoice	0	RES0073	1293	136	0.105182	1340	175	0.130597
figshare-osce	sensevoice	0	RES0074	1187	121	0.101938	1246	163	0.130819
figshare-osce	sensevoice	0	RES0075	1065	107	0.100469	1112	150	0.134892
figshare-osce	sensevoice	0	RES0076	1500	144	0.096000	1569	190	0.121096
figshare-osce	sensevoice	0	RES0077	1572	179	0.113868	1649	233	0.141298
figshare-osce	sensevoice	0	RES0078	1104	145	0.131341	1140	174	0.152632
figshare-osce	sensevoice	0	RES0079	803	111	0.138232	841	141	0.167658
figshare-osce	sensevoice	0	RES0080	1167	141	0.120823	1225	181	0.147755
figshare-osce	sensevoice	0	RES0081	1398	172	0.123033	1455	212	0.145704
figshare-osce	sensevoice	0	RES0082	889	120	0.134983	932	148	0.158798
figshare-osce	sensevoice	0	RES0083	949	139	0.146470	990	166	0.167677
figshare-osce	sensevoice	0	RES0084	1494	116	0.077644	1562	176	0.112676
figshare-osce	sensevoice	0	RES0085	912	97	0.106360	959	128	0.133472
figshare-osce	sensevoice	0	RES0086	1462	175	0.119699	1523	226	0.148391
figshare-osce	sensevoice	0	RES0087	1300	106	0.081538	1359	154	0.113319
figshare-osce	sensevoice	0	RES0088	1318	106	0.080425	1373	153	0.111435
figshare-osce	sensevoice	0	RES0089	1717	127	0.073966	1800	192	0.106667
figshare-osce	sensevoice	0	RES0090	1147	72	0.062772	1193	109	0.091366
figshare-osce	sensevoice	0	RES0091	862	54	0.062645	901	77	0.085461
figshare-osce	sensevoice	0	RES0092	803	100	0.124533	837	120	0.143369
figshare-osce	sensevoice	0	RES0093	1549	212	0.136862	1606	248	0.154421
figshare-osce	sensevoice	0	RES0094	772	90	0.116580	793	107	0.134931
figshare-osce	sensevoice	0	RES0095	1419	205	0.144468	1467	235	0.160191
figshare-osce	sensevoice	0	RES0096	1233	183	0.148418	1292	225	0.174149
figshare-osce	sensevoice	0	RES0097	1322	212	0.160363	1381	250	0.181028
figshare-osce	sensevoice	0	RES0098	1424	127	0.089185	1474	159	0.107870
figshare-osce	sensevoice	0	RES0099	1508	168	0.111406	1554	199	0.128057
figshare-osce	sensevoice	0	RES0100	1715	144	0.083965	1767	181	0.102434
figshare-osce	sensevoice	0	RES0101	1379	142	0.102973	1430	177	0.123776
figshare-osce	sensevoice	0	RES0102	1960	180	0.091837	2025	221	0.109136
figshare-osce	sensevoice	0	RES0103	1051	108	0.102759	1100	144	0.130909
figshare-osce	sensevoice	0	RES0104	1485	152	0.102357	1563	205	0.131158
figshare-osce	sensevoice	0	RES0105	1666	170	0.102041	1738	218	0.125432
figshare-osce	sensevoice	0	RES0106	1242	131	0.105475	1307	183	0.140015
figshare-osce	sensevoice	0	RES0107	1516	150	0.098945	1596	213	0.133459
figshare-osce	sensevoice	0	RES0108	903	87	0.096346	950	124	0.130526
figshare-osce	sensevoice	0	RES0109	795	73	0.091824	845	105	0.124260
figshare-osce	sensevoice	0	RES0110	1505	135	0.089701	1565	171	0.109265
figshare-osce	sensevoice	0	RES0111	923	86	0.093174	965	121	0.125389
figshare-osce	sensevoice	0	RES0112	807	73	0.090458	835	93	0.111377
figshare-osce	sensevoice	0	RES0113	1046	96	0.091778	1079	121	0.112141
figshare-osce	sensevoice	0	RES0114	1586	162	0.102144	1673	225	0.134489
figshare-osce	sensevoice	0	RES0116	1521	132	0.086785	1588	184	0.115869
figshare-osce	sensevoice	0	RES0117	909	85	0.093509	951	117	0.123028
figshare-osce	sensevoice	0	RES0118	926	68	0.073434	947	86	0.090813
figshare-osce	sensevoice	0	RES0119	1307	77	0.058914	1359	116	0.085357
figshare-osce	sensevoice	0	RES0120	1322	76	0.057489	1381	88	0.063722
figshare-osce	sensevoice	0	RES0121	925	59	0.063784	962	69	0.071726
figshare-osce	sensevoice	0	RES0122	1023	118	0.115347	1046	121	0.115679
figshare-osce	sensevoice	0	RES0123	1670	197	0.117964	1716	202	0.117716
figshare-osce	sensevoice	0	RES0124	1675	151	0.090149	1729	162	0.093696
figshare-osce	sensevoice	0	RES0125	1578	170	0.107731	1638	174	0.106227
figshare-osce	sensevoice	0	RES0126	1787	222	0.124231	1858	276	0.148547
figshare-osce	sensevoice	0	RES0127	1404	134	0.095442	1461	172	0.117728
figshare-osce	sensevoice	0	RES0128	1041	100	0.096061	1095	149	0.136073
figshare-osce	sensevoice	0	RES0129	1020	97	0.095098	1078	139	0.128942
figshare-osce	sensevoice	0	RES0130	1271	98	0.077105	1329	102	0.076749
figshare-osce	sensevoice	0	RES0131	1159	121	0.104400	1231	127	0.103168
figshare-osce	sensevoice	0	RES0132	1260	93	0.073810	1309	95	0.072574
figshare-osce	sensevoice	0	RES0133	1221	131	0.107289	1264	135	0.106804
figshare-osce	sensevoice	0	RES0134	1615	140	0.086687	1679	149	0.088743
figshare-osce	sensevoice	0	RES0135	1160	120	0.103448	1224	125	0.102124
figshare-osce	sensevoice	0	RES0136	1198	125	0.104341	1243	130	0.104586
figshare-osce	sensevoice	0	RES0137	1226	145	0.118271	1274	153	0.120094
figshare-osce	sensevoice	0	RES0138	1099	145	0.131938	1148	174	0.151568
figshare-osce	sensevoice	0	RES0139	1082	148	0.136784	1131	158	0.139699
figshare-osce	sensevoice	0	RES0140	881	113	0.128263	907	119	0.131202
figshare-osce	sensevoice	0	RES0141	953	117	0.122770	987	119	0.120567
figshare-osce	sensevoice	0	RES0142	761	114	0.149803	778	120	0.154242
figshare-osce	sensevoice	0	RES0143	1094	131	0.119744	1119	136	0.121537
figshare-osce	sensevoice	0	RES0144	1114	132	0.118492	1153	162	0.140503
figshare-osce	sensevoice	0	RES0145	1273	156	0.122545	1326	188	0.141780
figshare-osce	sensevoice	0	RES0146	866	105	0.121247	898	122	0.135857
figshare-osce	sensevoice	0	RES0147	1218	163	0.133826	1274	201	0.157771
figshare-osce	sensevoice	0	RES0148	1094	155	0.141682	1136	183	0.161092
figshare-osce	sensevoice	0	RES0149	1219	151	0.123872	1270	183	0.144094
figshare-osce	sensevoice	0	RES0150	1097	162	0.147675	1147	192	0.167393
figshare-osce	sensevoice	0	RES0151	1110	117	0.105405	1157	150	0.129646
figshare-osce	sensevoice	0	RES0152	1020	109	0.106863	1059	134	0.126534
figshare-osce	sensevoice	0	RES0153	1055	122	0.115640	1103	158	0.143246
figshare-osce	sensevoice	0	RES0154	902	109	0.120843	943	142	0.150583
figshare-osce	sensevoice	0	RES0155	1374	161	0.117176	1439	203	0.141070
figshare-osce	sensevoice	0	RES0156	957	128	0.133751	1016	167	0.164370
figshare-osce	sensevoice	0	RES0158	1029	104	0.101069	1079	138	0.127896
figshare-osce	sensevoice	0	RES0159	1072	120	0.111940	1104	141	0.127717
figshare-osce	sensevoice	0	RES0160	1110	145	0.130631	1135	166	0.146256
figshare-osce	sensevoice	0	RES0161	1009	138	0.136769	1034	151	0.146035
figshare-osce	sensevoice	0	RES0162	1208	143	0.118377	1235	162	0.131174
figshare-osce	sensevoice	0	RES0163	1156	119	0.102941	1200	155	0.129167
figshare-osce	sensevoice	0	RES0164	1194	185	0.154941	1248	229	0.183494
figshare-osce	sensevoice	0	RES0165	869	111	0.127733	909	145	0.159516
figshare-osce	sensevoice	0	RES0166	1102	138	0.125227	1155	182	0.157576
figshare-osce	sensevoice	0	RES0167	1124	98	0.087189	1181	139	0.117697
figshare-osce	sensevoice	0	RES0168	1268	118	0.093060	1329	167	0.125658
figshare-osce	sensevoice	0	RES0169	916	109	0.118996	946	130	0.137421
figshare-osce	sensevoice	0	RES0170	1303	178	0.136608	1351	203	0.150259
figshare-osce	sensevoice	0	RES0171	1319	143	0.108415	1368	171	0.125000
figshare-osce	sensevoice	0	RES0172	1154	141	0.122184	1195	164	0.137238
figshare-osce	sensevoice	0	RES0173	1204	162	0.134551	1262	198	0.156894
figshare-osce	sensevoice	0	RES0174	1483	209	0.140931	1549	255	0.164622
figshare-osce	sensevoice	0	RES0175	974	131	0.134497	1017	161	0.158309
figshare-osce	sensevoice	0	RES0176	1253	136	0.108540	1305	178	0.136398
figshare-osce	sensevoice	0	RES0177	1129	125	0.110717	1193	176	0.147527
figshare-osce	sensevoice	0	RES0178	1058	132	0.124764	1125	181	0.160889
figshare-osce	sensevoice	0	RES0179	1213	121	0.099753	1291	178	0.137878
figshare-osce	sensevoice	0	RES0180	1009	114	0.112983	1065	158	0.148357
figshare-osce	sensevoice	0	RES0181	1120	130	0.116071	1184	184	0.155405
figshare-osce	sensevoice	0	RES0182	894	80	0.089485	945	121	0.128042
figshare-osce	sensevoice	0	RES0183	1160	120	0.103448	1217	168	0.138044
figshare-osce	sensevoice	0	RES0184	917	101	0.110142	970	146	0.150515
figshare-osce	sensevoice	0	RES0185	1023	115	0.112414	1075	154	0.143256
figshare-osce	sensevoice	0	RES0186	1009	96	0.095144	1069	139	0.130028
figshare-osce	sensevoice	0	RES0187	1238	122	0.098546	1303	178	0.136608
figshare-osce	sensevoice	0	RES0188	901	82	0.091010	957	126	0.131661
figshare-osce	sensevoice	0	RES0189	1385	131	0.094585	1439	174	0.120917
figshare-osce	sensevoice	0	RES0190	1233	103	0.083536	1290	148	0.114729
figshare-osce	sensevoice	0	RES0191	881	68	0.077185	927	107	0.115426
figshare-osce	sensevoice	0	RES0192	1215	114	0.093827	1280	162	0.126562
figshare-osce	sensevoice	0	RES0193	1372	149	0.108601	1431	188	0.131377
figshare-osce	sensevoice	0	RES0194	1329	141	0.106095	1395	186	0.133333
figshare-osce	sensevoice	0	RES0195	1274	98	0.076923	1335	151	0.113109
figshare-osce	sensevoice	0	RES0196	902	98	0.108647	943	136	0.144221
figshare-osce	sensevoice	0	RES0197	917	88	0.095965	966	130	0.134576
figshare-osce	sensevoice	0	RES0198	812	59	0.072660	857	95	0.110852
figshare-osce	sensevoice	0	RES0199	1096	101	0.092153	1152	149	0.129340
figshare-osce	sensevoice	0	RES0200	1293	172	0.133024	1351	217	0.160622
figshare-osce	sensevoice	0	RES0201	1008	128	0.126984	1059	173	0.163362
figshare-osce	sensevoice	0	RES0202	1455	176	0.120962	1522	224	0.147175
figshare-osce	sensevoice	0	RES0203	875	113	0.129143	920	154	0.167391
figshare-osce	sensevoice	0	RES0204	945	75	0.079365	995	111	0.111558
figshare-osce	sensevoice	0	RES0205	1012	134	0.132411	1049	165	0.157293
figshare-osce	sensevoice	0	RES0206	1316	179	0.136018	1354	212	0.156573
figshare-osce	sensevoice	0	RES0207	776	102	0.131443	818	133	0.162592
figshare-osce	sensevoice	0	RES0208	1286	163	0.126750	1322	186	0.140696
figshare-osce	sensevoice	0	RES0209	1063	110	0.103481	1108	148	0.133574
figshare-osce	sensevoice	0	RES0210	1089	121	0.111111	1139	155	0.136084
figshare-osce	sensevoice	0	RES0211	1358	155	0.114138	1415	195	0.137809
figshare-osce	sensevoice	0	RES0212	1262	92	0.072900	1304	125	0.095859
figshare-osce	sensevoice	0	RES0213	1454	133	0.091472	1485	155	0.104377
figshare-osce	sensevoice	0	RES0214	1085	92	0.084793	1123	127	0.113090
figshare-osce	sensevoice	0	RES0215	1326	95	0.071644	1386	135	0.097403
figshare-osce	sensevoice	0	RES0216	1560	109	0.069872	1604	147	0.091646
figshare-osce	sensevoice	0	RES0217	1463	138	0.094327	1486	156	0.104980
figshare-osce	sensevoice-no-itn	0	CAR0001	992	74	0.074597	1053	127	0.120608
figshare-osce	sensevoice-no-itn	0	CAR0002	1023	83	0.081134	1067	122	0.114339
figshare-osce	sensevoice-no-itn	0	CAR0003	1214	112	0.092257	1281	169	0.131928
figshare-osce	sensevoice-no-itn	0	CAR0004	882	74	0.083900	920	102	0.110870
figshare-osce	sensevoice-no-itn	0	CAR0005	1259	105	0.083400	1292	130	0.100619
figshare-osce	sensevoice-no-itn	0	DER0001	1503	174	0.115768	1554	203	0.130631
figshare-osce	sensevoice-no-itn	0	GAS0001	1005	158	0.157214	1033	180	0.174250
figshare-osce	sensevoice-no-itn	0	GAS0002	1097	89	0.081130	1140	124	0.108772
figshare-osce	sensevoice-no-itn	0	GAS0003	1059	119	0.112370	1093	150	0.137237
figshare-osce	sensevoice-no-itn	0	GAS0004	1137	142	0.124890	1180	176	0.149153
figshare-osce	sensevoice-no-itn	0	GAS0005	1538	155	0.100780	1599	202	0.126329
figshare-osce	sensevoice-no-itn	0	GAS0007	872	96	0.110092	903	119	0.131783
figshare-osce	sensevoice-no-itn	0	GEN0001	1100	110	0.100000	1132	133	0.117491
figshare-osce	sensevoice-no-itn	0	MSK0001	938	87	0.092751	983	130	0.132248
figshare-osce	sensevoice-no-itn	0	MSK0003	1788	154	0.086130	1866	202	0.108253
figshare-osce	sensevoice-no-itn	0	MSK0004	1073	98	0.091333	1125	133	0.118222
figshare-osce	sensevoice-no-itn	0	MSK0005	1440	136	0.094444	1513	196	0.129544
figshare-osce	sensevoice-no-itn	0	MSK0006	1688	180	0.106635	1781	243	0.136440
figshare-osce	sensevoice-no-itn	0	MSK0007	1287	91	0.070707	1358	153	0.112666
figshare-osce	sensevoice-no-itn	0	MSK0008	1358	124	0.091311	1417	181	0.127735
figshare-osce	sensevoice-no-itn	0	MSK0009	1505	154	0.102326	1572	206	0.131043
figshare-osce	sensevoice-no-itn	0	MSK0010	1442	103	0.071429	1505	151	0.100332
figshare-osce	sensevoice-no-itn	0	MSK0011	1460	141	0.096575	1535	192	0.125081
figshare-osce	sensevoice-no-itn	0	MSK0012	1580	97	0.061392	1652	157	0.095036
figshare-osce	sensevoice-no-itn	0	MSK0013	1539	108	0.070175	1610	166	0.103106
figshare-osce	sensevoice-no-itn	0	MSK0014	1514	137	0.090489	1575	179	0.113651
figshare-osce	sensevoice-no-itn	0	MSK0015	1568	169	0.107781	1622	211	0.130086
figshare-osce	sensevoice-no-itn	0	MSK0016	1982	169	0.085267	2064	228	0.110465
figshare-osce	sensevoice-no-itn	0	MSK0017	1646	135	0.082017	1735	200	0.115274
figshare-osce	sensevoice-no-itn	0	MSK0018	941	77	0.081828	976	79	0.080943
figshare-osce	sensevoice-no-itn	0	MSK0019	1293	112	0.086620	1337	115	0.086013
figshare-osce	sensevoice-no-itn	0	MSK0020	1605	150	0.093458	1683	210	0.124777
figshare-osce	sensevoice-no-itn	0	MSK0021	1661	185	0.111379	1745	249	0.142693
figshare-osce	sensevoice-no-itn	0	MSK0022	2076	159	0.076590	2164	220	0.101664
figshare-osce	sensevoice-no-itn	0	MSK0023	1184	110	0.092905	1229	143	0.116355
figshare-osce	sensevoice-no-itn	0	MSK0024	1162	72	0.061962	1193	102	0.085499
figshare-osce	sensevoice-no-itn	0	MSK0025	1526	110	0.072084	1580	146	0.092405
figshare-osce	sensevoice-no-itn	0	MSK0026	1319	101	0.076573	1365	145	0.106227
figshare-osce	sensevoice-no-itn	0	MSK0027	1328	132	0.099398	1377	175	0.127088
figshare-osce	sensevoice-no-itn	0	MSK0028	1776	155	0.087275	1836	204	0.111111
figshare-osce	sensevoice-no-itn	0	MSK0029	2175	224	0.102989	2268	295	0.130071
figshare-osce	sensevoice-no-itn	0	MSK0031	1244	116	0.093248	1299	161	0.123941
figshare-osce	sensevoice-no-itn	0	MSK0032	1161	96	0.082687	1198	97	0.080968
figshare-osce	sensevoice-no-itn	0	MSK0033	1623	142	0.087492	1687	184	0.109069
figshare-osce	sensevoice-no-itn	0	MSK0034	1381	180	0.130340	1448	233	0.160912
figshare-osce	sensevoice-no-itn	0	MSK0035	1535	143	0.093160	1596	192	0.120301
figshare-osce	sensevoice-no-itn	0	MSK0036	1693	131	0.077377	1757	178	0.101309
figshare-osce	sensevoice-no-itn	0	MSK0037	1622	154	0.094945	1682	200	0.118906
figshare-osce	sensevoice-no-itn	0	MSK0038	1808	134	0.074115	1895	194	0.102375
figshare-osce	sensevoice-no-itn	0	MSK0039	1345	105	0.078067	1404	153	0.108974
figshare-osce	sensevoice-no-itn	0	MSK0040	1432	110	0.076816	1488	163	0.109543
figshare-osce	sensevoice-no-itn	0	MSK0041	1532	119	0.077676	1583	165	0.104232
figshare-osce	sensevoice-no-itn	0	MSK0042	1462	155	0.106019	1522	160	0.105125
figshare-osce	sensevoice-no-itn	0	MSK0043	1697	169	0.099588	1772	172	0.097065
figshare-osce	sensevoice-no-itn	0	MSK0044	1133	129	0.113857	1177	134	0.113849
figshare-osce	sensevoice-no-itn	0	MSK0045	1350	108	0.080000	1394	145	0.104017
figshare-osce	sensevoice-no-itn	0	MSK0046	1176	98	0.083333	1225	141	0.115102
figshare-osce	sensevoice-no-itn	0	MSK0049	1325	120	0.090566	1372	161	0.117347
figshare-osce	sensevoice-no-itn	0	MSK0050	1238	99	0.079968	1285	137	0.106615
figshare-osce	sensevoice-no-itn	0	RES0001	1447	129	0.089150	1526	192	0.125819
figshare-osce	sensevoice-no-itn	0	RES0002	1129	308	0.272808	1162	335	0.288296
figshare-osce	sensevoice-no-itn	0	RES0003	1187	78	0.065712	1261	132	0.104679
figshare-osce	sensevoice-no-itn	0	RES0004	1614	165	0.102230	1723	240	0.139292
figshare-osce	sensevoice-no-itn	0	RES0005	1587	112	0.070573	1645	152	0.092401
figshare-osce	sensevoice-no-itn	0	RES0006	1186	119	0.100337	1240	160	0.129032
figshare-osce	sensevoice-no-itn	0	RES0007	1812	146	0.080574	1874	188	0.100320
figshare-osce	sensevoice-no-itn	0	RES0008	1112	84	0.075540	1171	125	0.106746
figshare-osce	sensevoice-no-itn	0	RES0009	1390	140	0.100719	1446	182	0.125864
figshare-osce	sensevoice-no-itn	0	RES0010	1036	155	0.149614	1070	182	0.170093
figshare-osce	sensevoice-no-itn	0	RES0011	1582	149	0.094185	1647	201	0.122040
figshare-osce	sensevoice-no-itn	0	RES0012	2062	193	0.093598	2168	272	0.125461
figshare-osce	sensevoice-no-itn	0	RES0013	1344	135	0.100446	1400	186	0.132857
figshare-osce	sensevoice-no-itn	0	RES0014	1368	138	0.100877	1429	194	0.135759
figshare-osce	sensevoice-no-itn	0	RES0015	1538	91	0.059168	1607	151	0.093964
figshare-osce	sensevoice-no-itn	0	RES0016	1268	75	0.059148	1327	130	0.097965
figshare-osce	sensevoice-no-itn	0	RES0017	1691	127	0.075103	1751	176	0.100514
figshare-osce	sensevoice-no-itn	0	RES0018	1284	114	0.088785	1334	149	0.111694
figshare-osce	sensevoice-no-itn	0	RES0019	1274	111	0.087127	1334	160	0.119940
figshare-osce	sensevoice-no-itn	0	RES0020	1358	139	0.102356	1413	186	0.131635
figshare-osce	sensevoice-no-itn	0	RES0021	1198	118	0.098497	1255	166	0.132271
figshare-osce	sensevoice-no-itn	0	RES0022	1921	174	0.090578	1999	237	0.118559
figshare-osce	sensevoice-no-itn	0	RES0023	1035	161	0.155556	1099	206	0.187443
figshare-osce	sensevoice-no-itn	0	RES0024	959	99	0.103233	1004	136	0.135458
figshare-osce	sensevoice-no-itn	0	RES0025	1327	149	0.112283	1393	205	0.147164
figshare-osce	sensevoice-no-itn	0	RES0026	1478	113	0.076455	1544	177	0.114637
figshare-osce	sensevoice-no-itn	0	RES0027	1308	108	0.082569	1366	155	0.113470
figshare-osce	sensevoice-no-itn	0	RES0028	1100	89	0.080909	1156	136	0.117647
figshare-osce	sensevoice-no-itn	0	RES0029	781	67	0.085787	811	95	0.117139
figshare-osce	sensevoice-no-itn	0	RES0030	1134	90	0.079365	1184	133	0.112331
figshare-osce	sensevoice-no-itn	0	RES0031	1294	92	0.071097	1343	135	0.100521
figshare-osce	sensevoice-no-itn	0	RES0032	1173	104	0.088662	1212	131	0.108086
figshare-osce	sensevoice-no-itn	0	RES0033	1316	80	0.060790	1372	123	0.089650
figshare-osce	sensevoice-no-itn	0	RES0034	1623	133	0.081947	1685	190	0.112760
figshare-osce	sensevoice-no-itn	0	RES0035	918	44	0.047930	958	80	0.083507
figshare-osce	sensevoice-no-itn	0	RES0036	1352	87	0.064349	1423	149	0.104708
figshare-osce	sensevoice-no-itn	0	RES0037	1376	133	0.096657	1453	187	0.128699
figshare-osce	sensevoice-no-itn	0	RES0038	1485	136	0.091582	1554	190	0.122265
figshare-osce	sensevoice-no-itn	0	RES0039	1592	156	0.097990	1672	207	0.123804
figshare-osce	sensevoice-no-itn	0	RES0042	1206	164	0.135987	1264	211	0.166930
figshare-osce	sensevoice-no-itn	0	RES0043	1432	185	0.129190	1503	240	0.159681
figshare-osce	sensevoice-no-itn	0	RES0044	1768	145	0.082014	1859	216	0.116192
figshare-osce	sensevoice-no-itn	0	RES0045	1145	83	0.072489	1204	123	0.102159
figshare-osce	sensevoice-no-itn	0	RES0046	1494	123	0.082329	1588	185	0.116499
figshare-osce	sensevoice-no-itn	0	RES0047	1530	145	0.094771	1628	212	0.130221
figshare-osce	sensevoice-no-itn	0	RES0048	1730	195	0.112717	1809	254	0.140409
figshare-osce	sensevoice-no-itn	0	RES0049	1549	144	0.092963	1622	197	0.121455
figshare-osce	sensevoice-no-itn	0	RES0050	1065	76	0.071362	1109	114	0.102795
figshare-osce	sensevoice-no-itn	0	RES0051	958	104	0.108559	997	143	0.143430
figshare-osce	sensevoice-no-itn	0	RES0052	776	102	0.131443	828	147	0.177536
figshare-osce	sensevoice-no-itn	0	RES0053	1917	334	0.174231	1982	401	0.202321
figshare-osce	sensevoice-no-itn	0	RES0054	2442	762	0.312039	2491	808	0.324368
figshare-osce	sensevoice-no-itn	0	RES0055	1313	228	0.173648	1375	283	0.205818
figshare-osce	sensevoice-no-itn	0	RES0056	1126	156	0.138544	1174	201	0.171210
figshare-osce	sensevoice-no-itn	0	RES0057	1203	241	0.200333	1245	269	0.216064
figshare-osce	sensevoice-no-itn	0	RES0058	1437	191	0.132916	1514	261	0.172391
figshare-osce	sensevoice-no-itn	0	RES0059	1291	152	0.117738	1358	206	0.151694
figshare-osce	sensevoice-no-itn	0	RES0060	1602	229	0.142946	1683	297	0.176471
figshare-osce	sensevoice-no-itn	0	RES0061	1696	199	0.117335	1783	257	0.144139
figshare-osce	sensevoice-no-itn	0	RES0062	1866	235	0.125938	1965	315	0.160305
figshare-osce	sensevoice-no-itn	0	RES0063	1373	167	0.121631	1439	211	0.146630
figshare-osce	sensevoice-no-itn	0	RES0064	1030	118	0.114563	1078	152	0.141002
figshare-osce	sensevoice-no-itn	0	RES0065	1045	121	0.115789	1089	160	0.146924
figshare-osce	sensevoice-no-itn	0	RES0066	1132	118	0.104240	1192	162	0.135906
figshare-osce	sensevoice-no-itn	0	RES0067	905	95	0.104972	946	121	0.127907
figshare-osce	sensevoice-no-itn	0	RES0068	1158	132	0.113990	1213	172	0.141797
figshare-osce	sensevoice-no-itn	0	RES0069	972	183	0.188272	1026	230	0.224172
figshare-osce	sensevoice-no-itn	0	RES0070	929	139	0.149623	976	183	0.187500
figshare-osce	sensevoice-no-itn	0	RES0071	1248	137	0.109776	1301	181	0.139124
figshare-osce	sensevoice-no-itn	0	RES0072	1124	142	0.126335	1182	187	0.158206
figshare-osce	sensevoice-no-itn	0	RES0073	1293	160	0.123743	1340	197	0.147015
figshare-osce	sensevoice-no-itn	0	RES0074	1187	118	0.099410	1246	160	0.128411
figshare-osce	sensevoice-no-itn	0	RES0075	1065	111	0.104225	1112	153	0.137590
figshare-osce	sensevoice-no-itn	0	RES0076	1500	148	0.098667	1569	198	0.126195
figshare-osce	sensevoice-no-itn	0	RES0077	1572	192	0.122137	1649	248	0.150394
figshare-osce	sensevoice-no-itn	0	RES0078	1104	148	0.134058	1140	177	0.155263
figshare-osce	sensevoice-no-itn	0	RES0079	803	104	0.129514	841	136	0.161712
figshare-osce	sensevoice-no-itn	0	RES0080	1167	148	0.126821	1225	188	0.153469
figshare-osce	sensevoice-no-itn	0	RES0081	1398	197	0.140916	1455	238	0.163574
figshare-osce	sensevoice-no-itn	0	RES0082	889	125	0.140607	932	153	0.164163
figshare-osce	sensevoice-no-itn	0	RES0083	949	148	0.155954	990	176	0.177778
figshare-osce	sensevoice-no-itn	0	RES0084	1494	130	0.087015	1562	190	0.121639
figshare-osce	sensevoice-no-itn	0	RES0085	912	113	0.123904	959	145	0.151199
figshare-osce	sensevoice-no-itn	0	RES0086	1462	175	0.119699	1523	225	0.147735
figshare-osce	sensevoice-no-itn	0	RES0087	1300	110	0.084615	1359	157	0.115526
figshare-osce	sensevoice-no-itn	0	RES0088	1318	108	0.081942	1373	155	0.112891
figshare-osce	sensevoice-no-itn	0	RES0089	1717	127	0.073966	1800	190	0.105556
figshare-osce	sensevoice-no-itn	0	RES0090	1147	73	0.063644	1193	110	0.092205
figshare-osce	sensevoice-no-itn	0	RES0091	862	60	0.069606	901	82	0.091010
figshare-osce	sensevoice-no-itn	0	RES0092	803	113	0.140722	837	133	0.158901
figshare-osce	sensevoice-no-itn	0	RES0093	1549	223	0.143964	1606	259	0.161270
figshare-osce	sensevoice-no-itn	0	RES0094	772	91	0.117876	793	109	0.137453
figshare-osce	sensevoice-no-itn	0	RES0095	1419	197	0.138830	1467	227	0.154738
figshare-osce	sensevoice-no-itn	0	RES0096	1233	240	0.194647	1292	285	0.220588
figshare-osce	sensevoice-no-itn	0	RES0097	1322	210	0.158850	1381	249	0.180304
figshare-osce	sensevoice-no-itn	0	RES0098	1424	126	0.088483	1474	157	0.106513
figshare-osce	sensevoice-no-itn	0	RES0099	1508	163	0.108090	1554	194	0.124839
figshare-osce	sensevoice-no-itn	0	RES0100	1715	144	0.083965	1767	182	0.102999
figshare-osce	sensevoice-no-itn	0	RES0101	1379	140	0.101523	1430	174	0.121678
figshare-osce	sensevoice-no-itn	0	RES0102	1960	175	0.089286	2025	217	0.107160
figshare-osce	sensevoice-no-itn	0	RES0103	1051	105	0.099905	1100	140	0.127273
figshare-osce	sensevoice-no-itn	0	RES0104	1485	144	0.096970	1563	196	0.125400
figshare-osce	sensevoice-no-itn	0	RES0105	1666	179	0.107443	1738	227	0.130610
figshare-osce	sensevoice-no-itn	0	RES0106	1242	133	0.107085	1307	184	0.140780
figshare-osce	sensevoice-no-itn	0	RES0107	1516	156	0.102902	1596	217	0.135965
figshare-osce	sensevoice-no-itn	0	RES0108	903	101	0.111849	950	138	0.145263
figshare-osce	sensevoice-no-itn	0	RES0109	795	87	0.109434	845	118	0.139645
figshare-osce	sensevoice-no-itn	0	RES0110	1505	139	0.092359	1565	177	0.113099
figshare-osce	sensevoice-no-itn	0	RES0111	923	84	0.091008	965	118	0.122280
figshare-osce	sensevoice-no-itn	0	RES0112	807	73	0.090458	835	94	0.112575
figshare-osce	sensevoice-no-itn	0	RES0113	1046	95	0.090822	1079	121	0.112141
figshare-osce	sensevoice-no-itn	0	RES0114	1586	168	0.105927	1673	232	0.138673
figshare-osce	sensevoice-no-itn	0	RES0116	1521	138	0.090730	1588	189	0.119018
figshare-osce	sensevoice-no-itn	0	RES0117	909	85	0.093509	951	117	0.123028
figshare-osce	sensevoice-no-itn	0	RES0118	926	64	0.069114	947	83	0.087645
figshare-osce	sensevoice-no-itn	0	RES0119	1307	82	0.062739	1359	120	0.088300
figshare-osce	sensevoice-no-itn	0	RES0120	1322	72	0.054463	1381	80	0.057929
figshare-osce	sensevoice-no-itn	0	RES0121	925	61	0.065946	962	67	0.069647
figshare-osce	sensevoice-no-itn	0	RES0122	1023	112	0.109482	1046	115	0.109943
figshare-osce	sensevoice-no-itn	0	RES0123	1670	197	0.117964	1716	201	0.117133
figshare-osce	sensevoice-no-itn	0	RES0124	1675	151	0.090149	1729	158	0.091382
figshare-osce	sensevoice-no-itn	0	RES0125	1578	164	0.103929	1638	166	0.101343
figshare-osce	sensevoice-no-itn	0	RES0126	1787	215	0.120313	1858	275	0.148009
figshare-osce	sensevoice-no-itn	0	RES0127	1404	144	0.102564	1461	183	0.125257
figshare-osce	sensevoice-no-itn	0	RES0128	1041	103	0.098943	1095	152	0.138813
figshare-osce	sensevoice-no-itn	0	RES0129	1020	109	0.106863	1078	150	0.139147
figshare-osce	sensevoice-no-itn	0	RES0130	1271	105	0.082612	1329	108	0.081264
figshare-osce	sensevoice-no-itn	0	RES0131	1159	134	0.115617	1231	137	0.111292
figshare-osce	sensevoice-no-itn	0	RES0132	1260	103	0.081746	1309	106	0.080978
figshare-osce	sensevoice-no-itn	0	RES0133	1221	128	0.104832	1264	130	0.102848
figshare-osce	sensevoice-no-itn	0	RES0134	1615	151	0.093498	1679	157	0.093508
figshare-osce	sensevoice-no-itn	0	RES0135	1160	125	0.107759	1224	130	0.106209
figshare-osce	sensevoice-no-itn	0	RES0136	1198	125	0.104341	1243	129	0.103781
figshare-osce	sensevoice-no-itn	0	RES0137	1226	145	0.118271	1274	152	0.119309
figshare-osce	sensevoice-no-itn	0	RES0138	1099	190	0.172884	1148	212	0.184669
figshare-osce	sensevoice-no-itn	0	RES0139	1082	140	0.129390	1131	149	0.131742
figshare-osce	sensevoice-no-itn	0	RES0140	881	119	0.135074	907	125	0.137817
figshare-osce	sensevoice-no-itn	0	RES0141	953	119	0.124869	987	120	0.121581
figshare-osce	sensevoice-no-itn	0	RES0142	761	109	0.143233	778	113	0.145244
figshare-osce	sensevoice-no-itn	0	RES0143	1094	133	0.121572	1119	137	0.122431
figshare-osce	sensevoice-no-itn	0	RES0144	1114	136	0.122083	1153	165	0.143105
figshare-osce	sensevoice-no-itn	0	RES0145	1273	160	0.125687	1326	194	0.146305
figshare-osce	sensevoice-no-itn	0	RES0146	866	106	0.122402	898	123	0.136971
figshare-osce	sensevoice-no-itn	0	RES0147	1218	166	0.136289	1274	203	0.159341
figshare-osce	sensevoice-no-itn	0	RES0148	1094	162	0.148080	1136	190	0.167254
figshare-osce	sensevoice-no-itn	0	RES0149	1219	144	0.118130	1270	175	0.137795
figshare-osce	sensevoice-no-itn	0	RES0150	1097	150	0.136737	1147	179	0.156059
figshare-osce	sensevoice-no-itn	0	RES0151	1110	125	0.112613	1157	159	0.137424
figshare-osce	sensevoice-no-itn	0	RES0152	1020	106	0.103922	1059	131	0.123702
figshare-osce	sensevoice-no-itn	0	RES0153	1055	123	0.116588	1103	157	0.142339
figshare-osce	sensevoice-no-itn	0	RES0154	902	103	0.114191	943	139	0.147402
figshare-osce	sensevoice-no-itn	0	RES0155	1374	161	0.117176	1439	202	0.140375
figshare-osce	sensevoice-no-itn	0	RES0156	957	127	0.132706	1016	166	0.163386
figshare-osce	sensevoice-no-itn	0	RES0158	1029	105	0.102041	1079	139	0.128823
figshare-osce	sensevoice-no-itn	0	RES0159	1072	116	0.108209	1104	136	0.123188
figshare-osce	sensevoice-no-itn	0	RES0160	1110	156	0.140541	1135	176	0.155066
figshare-osce	sensevoice-no-itn	0	RES0161	1009	140	0.138751	1034	152	0.147002
figshare-osce	sensevoice-no-itn	0	RES0162	1208	138	0.114238	1235	157	0.127126
figshare-osce	sensevoice-no-itn	0	RES0163	1156	110	0.095156	1200	147	0.122500
figshare-osce	sensevoice-no-itn	0	RES0164	1194	185	0.154941	1248	230	0.184295
figshare-osce	sensevoice-no-itn	0	RES0165	869	115	0.132336	909	150	0.165017
figshare-osce	sensevoice-no-itn	0	RES0166	1102	135	0.122505	1155	179	0.154978
figshare-osce	sensevoice-no-itn	0	RES0167	1124	93	0.082740	1181	134	0.113463
figshare-osce	sensevoice-no-itn	0	RES0168	1268	118	0.093060	1329	167	0.125658
figshare-osce	sensevoice-no-itn	0	RES0169	916	108	0.117904	946	130	0.137421
figshare-osce	sensevoice-no-itn	0	RES0170	1303	174	0.133538	1351	201	0.148779
figshare-osce	sensevoice-no-itn	0	RES0171	1319	149	0.112964	1368	177	0.129386
figshare-osce	sensevoice-no-itn	0	RES0172	1154	144	0.124783	1195	165	0.138075
figshare-osce	sensevoice-no-itn	0	RES0173	1204	152	0.126246	1262	188	0.148970
figshare-osce	sensevoice-no-itn	0	RES0174	1483	199	0.134187	1549	245	0.158167
figshare-osce	sensevoice-no-itn	0	RES0175	974	145	0.148871	1017	177	0.174041
figshare-osce	sensevoice-no-itn	0	RES0176	1253	143	0.114126	1305	185	0.141762
figshare-osce	sensevoice-no-itn	0	RES0177	1129	123	0.108946	1193	174	0.145851
figshare-osce	sensevoice-no-itn	0	RES0178	1058	138	0.130435	1125	187	0.166222
figshare-osce	sensevoice-no-itn	0	RES0179	1213	124	0.102226	1291	179	0.138652
figshare-osce	sensevoice-no-itn	0	RES0180	1009	110	0.109019	1065	155	0.145540
figshare-osce	sensevoice-no-itn	0	RES0181	1120	131	0.116964	1184	185	0.156250
figshare-osce	sensevoice-no-itn	0	RES0182	894	72	0.080537	945	113	0.119577
figshare-osce	sensevoice-no-itn	0	RES0183	1160	129	0.111207	1217	178	0.146261
figshare-osce	sensevoice-no-itn	0	RES0184	917	101	0.110142	970	146	0.150515
figshare-osce	sensevoice-no-itn	0	RES0185	1023	119	0.116325	1075	160	0.148837
figshare-osce	sensevoice-no-itn	0	RES0186	1009	94	0.093162	1069	136	0.127222
figshare-osce	sensevoice-no-itn	0	RES0187	1238	117	0.094507	1303	174	0.133538
figshare-osce	sensevoice-no-itn	0	RES0188	901	79	0.087680	957	123	0.128527
figshare-osce	sensevoice-no-itn	0	RES0189	1385	140	0.101083	1439	183	0.127172
figshare-osce	sensevoice-no-itn	0	RES0190	1233	109	0.088402	1290	154	0.119380
figshare-osce	sensevoice-no-itn	0	RES0191	881	67	0.076050	927	105	0.113269
figshare-osce	sensevoice-no-itn	0	RES0192	1215	124	0.102058	1280	172	0.134375
figshare-osce	sensevoice-no-itn	0	RES0193	1372	148	0.107872	1431	187	0.130678
figshare-osce	sensevoice-no-itn	0	RES0194	1329	148	0.111362	1395	193	0.138351
figshare-osce	sensevoice-no-itn	0	RES0195	1274	104	0.081633	1335	156	0.116854
figshare-osce	sensevoice-no-itn	0	RES0196	902	98	0.108647	943	135	0.143160
figshare-osce	sensevoice-no-itn	0	RES0197	917	103	0.112323	966	146	0.151139
figshare-osce	sensevoice-no-itn	0	RES0198	812	58	0.071429	857	93	0.108518
figshare-osce	sensevoice-no-itn	0	RES0199	1096	97	0.088504	1152	146	0.126736
figshare-osce	sensevoice-no-itn	0	RES0200	1293	168	0.129930	1351	213	0.157661
figshare-osce	sensevoice-no-itn	0	RES0201	1008	128	0.126984	1059	174	0.164306
figshare-osce	sensevoice-no-itn	0	RES0202	1455	171	0.117526	1522	219	0.143890
figshare-osce	sensevoice-no-itn	0	RES0203	875	121	0.138286	920	162	0.176087
figshare-osce	sensevoice-no-itn	0	RES0204	945	100	0.105820	995	136	0.136683
figshare-osce	sensevoice-no-itn	0	RES0205	1012	149	0.147233	1049	180	0.171592
figshare-osce	sensevoice-no-itn	0	RES0206	1316	177	0.134498	1354	210	0.155096
figshare-osce	sensevoice-no-itn	0	RES0207	776	121	0.155928	818	151	0.184597
figshare-osce	sensevoice-no-itn	0	RES0208	1286	157	0.122084	1322	181	0.136914
figshare-osce	sensevoice-no-itn	0	RES0209	1063	109	0.102540	1108	147	0.132671
figshare-osce	sensevoice-no-itn	0	RES0210	1089	132	0.121212	1139	169	0.148376
figshare-osce	sensevoice-no-itn	0	RES0211	1358	186	0.136966	1415	228	0.161131
figshare-osce	sensevoice-no-itn	0	RES0212	1262	97	0.076862	1304	131	0.100460
figshare-osce	sensevoice-no-itn	0	RES0213	1454	128	0.088033	1485	150	0.101010
figshare-osce	sensevoice-no-itn	0	RES0214	1085	92	0.084793	1123	127	0.113090
figshare-osce	sensevoice-no-itn	0	RES0215	1326	93	0.070136	1386	135	0.097403
figshare-osce	sensevoice-no-itn	0	RES0216	1560	104	0.066667	1604	140	0.087282
figshare-osce	sensevoice-no-itn	0	RES0217	1463	132	0.090226	1486	150	0.100942
figshare-osce	medasr	0	CAR0001	992	886	0.893145	1053	946	0.898386
figshare-osce	medasr	0	CAR0002	1023	162	0.158358	1067	203	0.190253
figshare-osce	medasr	0	CAR0003	1214	595	0.490115	1281	658	0.513661
figshare-osce	medasr	0	CAR0004	882	697	0.790249	920	734	0.797826
figshare-osce	medasr	0	CAR0005	1259	381	0.302621	1292	406	0.314241
figshare-osce	medasr	0	DER0001	1503	1384	0.920825	1554	1434	0.922780
figshare-osce	medasr	0	GAS0001	1005	764	0.760199	1033	791	0.765731
figshare-osce	medasr	0	GAS0002	1097	139	0.126709	1140	177	0.155263
figshare-osce	medasr	0	GAS0003	1059	972	0.917847	1093	1007	0.921317
figshare-osce	medasr	0	GAS0004	1137	913	0.802990	1180	954	0.808475
figshare-osce	medasr	0	GAS0005	1538	339	0.220416	1599	391	0.244528
figshare-osce	medasr	0	GAS0007	872	801	0.918578	903	832	0.921373
figshare-osce	medasr	0	GEN0001	1100	949	0.862727	1132	981	0.866608
figshare-osce	medasr	0	MSK0001	938	181	0.192964	983	220	0.223805
figshare-osce	medasr	0	MSK0003	1788	334	0.186801	1866	382	0.204716
figshare-osce	medasr	0	MSK0004	1073	232	0.216216	1125	266	0.236444
figshare-osce	medasr	0	MSK0005	1440	902	0.626389	1513	969	0.640449
figshare-osce	medasr	0	MSK0006	1688	782	0.463270	1781	865	0.485682
figshare-osce	medasr	0	MSK0007	1287	493	0.383061	1358	558	0.410898
figshare-osce	medasr	0	MSK0008	1358	653	0.480854	1417	708	0.499647
figshare-osce	medasr	0	MSK0009	1505	722	0.479734	1572	781	0.496819
figshare-osce	medasr	0	MSK0010	1442	282	0.195562	1505	328	0.217940
figshare-osce	medasr	0	MSK0011	1460	343	0.234932	1535	400	0.260586
figshare-osce	medasr	0	MSK0012	1580	449	0.284177	1652	510	0.308717
figshare-osce	medasr	0	MSK0013	1539	598	0.388564	1610	664	0.412422
figshare-osce	medasr	0	MSK0014	1514	381	0.251651	1575	429	0.272381
figshare-osce	medasr	0	MSK0015	1568	348	0.221939	1622	390	0.240444
figshare-osce	medasr	0	MSK0016	1982	891	0.449546	2064	961	0.465601
figshare-osce	medasr	0	MSK0017	1646	1064	0.646416	1735	1144	0.659366
figshare-osce	medasr	0	MSK0018	941	667	0.708820	976	697	0.714139
figshare-osce	medasr	0	MSK0019	1293	329	0.254447	1337	345	0.258040
figshare-osce	medasr	0	MSK0020	1605	729	0.454206	1683	796	0.472965
figshare-osce	medasr	0	MSK0021	1661	668	0.402167	1745	748	0.428653
figshare-osce	medasr	0	MSK0022	2076	307	0.147881	2164	372	0.171904
figshare-osce	medasr	0	MSK0023	1184	213	0.179899	1229	245	0.199349
figshare-osce	medasr	0	MSK0024	1162	468	0.402754	1193	495	0.414920
figshare-osce	medasr	0	MSK0025	1526	352	0.230668	1580	391	0.247468
figshare-osce	medasr	0	MSK0026	1319	451	0.341926	1365	492	0.360440
figshare-osce	medasr	0	MSK0027	1328	338	0.254518	1377	381	0.276688
figshare-osce	medasr	0	MSK0028	1776	266	0.149775	1836	317	0.172658
figshare-osce	medasr	0	MSK0029	2175	1425	0.655172	2268	1514	0.667549
figshare-osce	medasr	0	MSK0031	1244	369	0.296624	1299	413	0.317937
figshare-osce	medasr	0	MSK0032	1161	907	0.781223	1198	939	0.783806
figshare-osce	medasr	0	MSK0033	1623	733	0.451633	1687	782	0.463545
figshare-osce	medasr	0	MSK0034	1381	358	0.259232	1448	410	0.283149
figshare-osce	medasr	0	MSK0035	1535	578	0.376547	1596	631	0.395363
figshare-osce	medasr	0	MSK0036	1693	752	0.444182	1757	801	0.455891
figshare-osce	medasr	0	MSK0037	1622	261	0.160912	1682	304	0.180737
figshare-osce	medasr	0	MSK0038	1808	862	0.476770	1895	943	0.497625
figshare-osce	medasr	0	MSK0039	1345	784	0.582900	1404	840	0.598291
figshare-osce	medasr	0	MSK0040	1432	562	0.392458	1488	616	0.413978
figshare-osce	medasr	0	MSK0041	1532	714	0.466057	1583	764	0.482628
figshare-osce	medasr	0	MSK0042	1462	543	0.371409	1522	561	0.368594
figshare-osce	medasr	0	MSK0043	1697	1219	0.718326	1772	1279	0.721783
figshare-osce	medasr	0	MSK0044	1133	249	0.219771	1177	275	0.233645
figshare-osce	medasr	0	MSK0045	1350	590	0.437037	1394	631	0.452654
figshare-osce	medasr	0	MSK0046	1176	422	0.358844	1225	462	0.377143
figshare-osce	medasr	0	MSK0049	1325	514	0.387925	1372	557	0.405977
figshare-osce	medasr	0	MSK0050	1238	487	0.393376	1285	527	0.410117
figshare-osce	medasr	0	RES0001	1447	1012	0.699378	1526	1088	0.712975
figshare-osce	medasr	0	RES0002	1129	493	0.436670	1162	526	0.452668
figshare-osce	medasr	0	RES0003	1187	965	0.812974	1261	1035	0.820777
figshare-osce	medasr	0	RES0004	1614	1065	0.659851	1723	1163	0.674985
figshare-osce	medasr	0	RES0005	1587	228	0.143667	1645	266	0.161702
figshare-osce	medasr	0	RES0006	1186	193	0.162732	1240	231	0.186290
figshare-osce	medasr	0	RES0007	1812	705	0.389073	1874	754	0.402348
figshare-osce	medasr	0	RES0008	1112	1032	0.928058	1171	1091	0.931682
figshare-osce	medasr	0	RES0009	1390	1051	0.756115	1446	1105	0.764177
figshare-osce	medasr	0	RES0010	1036	789	0.761583	1070	823	0.769159
figshare-osce	medasr	0	RES0011	1582	1196	0.756005	1647	1260	0.765027
figshare-osce	medasr	0	RES0012	2062	1669	0.809408	2168	1772	0.817343
figshare-osce	medasr	0	RES0013	1344	838	0.623512	1400	890	0.635714
figshare-osce	medasr	0	RES0014	1368	1000	0.730994	1429	1060	0.741777
figshare-osce	medasr	0	RES0015	1538	1327	0.862809	1607	1393	0.866833
figshare-osce	medasr	0	RES0016	1268	600	0.473186	1327	651	0.490580
figshare-osce	medasr	0	RES0017	1691	237	0.140154	1751	284	0.162193
figshare-osce	medasr	0	RES0018	1284	317	0.246885	1334	351	0.263118
figshare-osce	medasr	0	RES0019	1274	603	0.473312	1334	659	0.494003
figshare-osce	medasr	0	RES0020	1358	916	0.674521	1413	966	0.683652
figshare-osce	medasr	0	RES0021	1198	662	0.552588	1255	709	0.564940
figshare-osce	medasr	0	RES0022	1921	1444	0.751692	1999	1523	0.761881
figshare-osce	medasr	0	RES0023	1035	879	0.849275	1099	941	0.856233
figshare-osce	medasr	0	RES0024	959	746	0.777894	1004	789	0.785857
figshare-osce	medasr	0	RES0025	1327	1133	0.853806	1393	1198	0.860014
figshare-osce	medasr	0	RES0026	1478	862	0.583221	1544	926	0.599741
figshare-osce	medasr	0	RES0027	1308	1024	0.782875	1366	1079	0.789898
figshare-osce	medasr	0	RES0028	1100	180	0.163636	1156	221	0.191176
figshare-osce	medasr	0	RES0029	781	173	0.221511	811	200	0.246609
figshare-osce	medasr	0	RES0030	1134	215	0.189594	1184	257	0.217061
figshare-osce	medasr	0	RES0031	1294	266	0.205564	1343	296	0.220402
figshare-osce	medasr	0	RES0032	1173	368	0.313725	1212	397	0.327558
figshare-osce	medasr	0	RES0033	1316	202	0.153495	1372	243	0.177114
figshare-osce	medasr	0	RES0034	1623	223	0.137400	1685	280	0.166172
figshare-osce	medasr	0	RES0035	918	352	0.383442	958	383	0.399791
figshare-osce	medasr	0	RES0036	1352	493	0.364645	1423	557	0.391427
figshare-osce	medasr	0	RES0037	1376	244	0.177326	1453	298	0.205093
figshare-osce	medasr	0	RES0038	1485	240	0.161616	1554	289	0.185972
figshare-osce	medasr	0	RES0039	1592	354	0.222362	1672	417	0.249402
figshare-osce	medasr	0	RES0042	1206	559	0.463516	1264	620	0.490506
figshare-osce	medasr	0	RES0043	1432	690	0.481844	1503	752	0.500333
figshare-osce	medasr	0	RES0044	1768	1089	0.615950	1859	1169	0.628833
figshare-osce	medasr	0	RES0045	1145	768	0.670742	1204	823	0.683555
figshare-osce	medasr	0	RES0046	1494	1018	0.681392	1588	1105	0.695844
figshare-osce	medasr	0	RES0047	1530	803	0.524837	1628	891	0.547297
figshare-osce	medasr	0	RES0048	1730	1152	0.665896	1809	1227	0.678275
figshare-osce	medasr	0	RES0049	1549	1157	0.746934	1622	1225	0.755240
figshare-osce	medasr	0	RES0050	1065	441	0.414085	1109	481	0.433724
figshare-osce	medasr	0	RES0051	958	499	0.520877	997	538	0.539619
figshare-osce	medasr	0	RES0052	776	304	0.391753	828	353	0.426329
figshare-osce	medasr	0	RES0053	1917	1168	0.609285	1982	1230	0.620585
figshare-osce	medasr	0	RES0054	2442	1824	0.746929	2491	1870	0.750703
figshare-osce	medasr	0	RES0055	1313	873	0.664890	1375	934	0.679273
figshare-osce	medasr	0	RES0056	1126	713	0.633215	1174	758	0.645656
figshare-osce	medasr	0	RES0057	1203	1171	0.973400	1245	1213	0.974297
figshare-osce	medasr	0	RES0058	1437	1210	0.842032	1514	1286	0.849406
figshare-osce	medasr	0	RES0059	1291	880	0.681642	1358	940	0.692194
figshare-osce	medasr	0	RES0060	1602	1410	0.880150	1683	1490	0.885324
figshare-osce	medasr	0	RES0061	1696	1458	0.859670	1783	1545	0.866517
figshare-osce	medasr	0	RES0062	1866	1282	0.687031	1965	1378	0.701272
figshare-osce	medasr	0	RES0063	1373	987	0.718864	1439	1050	0.729673
figshare-osce	medasr	0	RES0064	1030	637	0.618447	1078	681	0.631725
figshare-osce	medasr	0	RES0065	1045	383	0.366507	1089	426	0.391185
figshare-osce	medasr	0	RES0066	1132	704	0.621908	1192	755	0.633389
figshare-osce	medasr	0	RES0067	905	253	0.279558	946	284	0.300211
figshare-osce	medasr	0	RES0068	1158	446	0.385147	1213	492	0.405606
figshare-osce	medasr	0	RES0069	972	728	0.748971	1026	782	0.762183
figshare-osce	medasr	0	RES0070	929	532	0.572659	976	577	0.591189
figshare-osce	medasr	0	RES0071	1248	498	0.399038	1301	538	0.413528
figshare-osce	medasr	0	RES0072	1124	608	0.540925	1182	658	0.556684
figshare-osce	medasr	0	RES0073	1293	523	0.404486	1340	561	0.418657
figshare-osce	medasr	0	RES0074	1187	222	0.187026	1246	264	0.211878
figshare-osce	medasr	0	RES0075	1065	211	0.198122	1112	251	0.225719
figshare-osce	medasr	0	RES0076	1500	332	0.221333	1569	387	0.246654
figshare-osce	medasr	0	RES0077	1572	498	0.316794	1649	557	0.337780
figshare-osce	medasr	0	RES0078	1104	979	0.886775	1140	1015	0.890351
figshare-osce	medasr	0	RES0079	803	667	0.830635	841	705	0.838288
figshare-osce	medasr	0	RES0080	1167	908	0.778063	1225	966	0.788571
figshare-osce	medasr	0	RES0081	1398	1095	0.783262	1455	1152	0.791753
figshare-osce	medasr	0	RES0082	889	848	0.953881	932	891	0.956009
figshare-osce	medasr	0	RES0083	949	790	0.832455	990	831	0.839394
figshare-osce	medasr	0	RES0084	1494	378	0.253012	1562	424	0.271447
figshare-osce	medasr	0	RES0085	912	366	0.401316	959	406	0.423358
figshare-osce	medasr	0	RES0086	1462	430	0.294118	1523	480	0.315167
figshare-osce	medasr	0	RES0087	1300	415	0.319231	1359	465	0.342163
figshare-osce	medasr	0	RES0088	1318	278	0.210926	1373	324	0.235980
figshare-osce	medasr	0	RES0089	1717	681	0.396622	1800	744	0.413333
figshare-osce	medasr	0	RES0090	1147	222	0.193548	1193	265	0.222129
figshare-osce	medasr	0	RES0091	862	352	0.408353	901	382	0.423973
figshare-osce	medasr	0	RES0092	803	658	0.819427	837	692	0.826762
figshare-osce	medasr	0	RES0093	1549	1329	0.857973	1606	1384	0.861768
figshare-osce	medasr	0	RES0094	772	701	0.908031	793	722	0.910467
figshare-osce	medasr	0	RES0095	1419	992	0.699084	1467	1039	0.708248
figshare-osce	medasr	0	RES0096	1233	851	0.690187	1292	906	0.701238
figshare-osce	medasr	0	RES0097	1322	986	0.745840	1381	1043	0.755250
figshare-osce	medasr	0	RES0098	1424	235	0.165028	1474	272	0.184532
figshare-osce	medasr	0	RES0099	1508	398	0.263926	1554	430	0.276705
figshare-osce	medasr	0	RES0100	1715	323	0.188338	1767	367	0.207697
figshare-osce	medasr	0	RES0101	1379	256	0.185642	1430	296	0.206993
figshare-osce	medasr	0	RES0102	1960	383	0.195408	2025	429	0.211852
figshare-osce	medasr	0	RES0103	1051	192	0.182683	1100	222	0.201818
figshare-osce	medasr	0	RES0104	1485	451	0.303704	1563	515	0.329495
figshare-osce	medasr	0	RES0105	1666	412	0.247299	1738	462	0.265823
figshare-osce	medasr	0	RES0106	1242	914	0.735910	1307	978	0.748279
figshare-osce	medasr	0	RES0107	1516	826	0.544855	1596	901	0.564536
figshare-osce	medasr	0	RES0108	903	758	0.839424	950	805	0.847368
figshare-osce	medasr	0	RES0109	795	509	0.640252	845	553	0.654438
figshare-osce	medasr	0	RES0110	1505	671	0.445847	1565	718	0.458786
figshare-osce	medasr	0	RES0111	923	652	0.706392	965	692	0.717098
figshare-osce	medasr	0	RES0112	807	315	0.390335	835	337	0.403593
figshare-osce	medasr	0	RES0113	1046	822	0.785851	1079	855	0.792400
figshare-osce	medasr	0	RES0114	1586	1135	0.715637	1673	1219	0.728631
figshare-osce	medasr	0	RES0116	1521	970	0.637738	1588	1034	0.651134
figshare-osce	medasr	0	RES0117	909	614	0.675468	951	656	0.689800
figshare-osce	medasr	0	RES0118	926	733	0.791577	947	752	0.794087
figshare-osce	medasr	0	RES0119	1307	604	0.462127	1359	654	0.481236
figshare-osce	medasr	0	RES0120	1322	473	0.357791	1381	509	0.368573
figshare-osce	medasr	0	RES0121	925	660	0.713514	962	693	0.720374
figshare-osce	medasr	0	RES0122	1023	891	0.870968	1046	914	0.873805
figshare-osce	medasr	0	RES0123	1670	1481	0.886826	1716	1525	0.888695
figshare-osce	medasr	0	RES0124	1675	1369	0.817313	1729	1423	0.823019
figshare-osce	medasr	0	RES0125	1578	1279	0.810520	1638	1338	0.816850
figshare-osce	medasr	0	RES0126	1787	1438	0.804701	1858	1506	0.810549
figshare-osce	medasr	0	RES0127	1404	1145	0.815527	1461	1200	0.821355
figshare-osce	medasr	0	RES0128	1041	634	0.609030	1095	686	0.626484
figshare-osce	medasr	0	RES0129	1020	781	0.765686	1078	838	0.777365
figshare-osce	medasr	0	RES0130	1271	947	0.745083	1329	1003	0.754703
figshare-osce	medasr	0	RES0131	1159	968	0.835203	1231	1038	0.843217
figshare-osce	medasr	0	RES0132	1260	690	0.547619	1309	728	0.556150
figshare-osce	medasr	0	RES0133	1221	854	0.699427	1264	891	0.704905
figshare-osce	medasr	0	RES0134	1615	1207	0.747368	1679	1269	0.755807
figshare-osce	medasr	0	RES0135	1160	531	0.457759	1224	577	0.471405
figshare-osce	medasr	0	RES0136	1198	1160	0.968280	1243	1206	0.970233
figshare-osce	medasr	0	RES0137	1226	945	0.770799	1274	992	0.778650
figshare-osce	medasr	0	RES0138	1099	993	0.903549	1148	1045	0.910279
figshare-osce	medasr	0	RES0139	1082	1037	0.958410	1131	1085	0.959328
figshare-osce	medasr	0	RES0140	881	767	0.870602	907	792	0.873208
figshare-osce	medasr	0	RES0141	953	771	0.809024	987	804	0.814590
figshare-osce	medasr	0	RES0142	761	632	0.830486	778	648	0.832905
figshare-osce	medasr	0	RES0143	1094	1032	0.943327	1119	1057	0.944593
figshare-osce	medasr	0	RES0144	1114	1069	0.959605	1153	1108	0.960971
figshare-osce	medasr	0	RES0145	1273	1067	0.838178	1326	1120	0.844646
figshare-osce	medasr	0	RES0146	866	718	0.829099	898	750	0.835189
figshare-osce	medasr	0	RES0147	1218	952	0.781609	1274	1009	0.791994
figshare-osce	medasr	0	RES0148	1094	880	0.804388	1136	922	0.811620
figshare-osce	medasr	0	RES0149	1219	863	0.707957	1270	912	0.718110
figshare-osce	medasr	0	RES0150	1097	629	0.573382	1147	673	0.586748
figshare-osce	medasr	0	RES0151	1110	199	0.179279	1157	234	0.202247
figshare-osce	medasr	0	RES0152	1020	228	0.223529	1059	255	0.240793
figshare-osce	medasr	0	RES0153	1055	297	0.281517	1103	333	0.301904
figshare-osce	medasr	0	RES0154	902	205	0.227273	943	241	0.255567
figshare-osce	medasr	0	RES0155	1374	299	0.217613	1439	344	0.239055
figshare-osce	medasr	0	RES0156	957	204	0.213166	1016	244	0.240157
figshare-osce	medasr	0	RES0158	1029	296	0.287658	1079	333	0.308619
figshare-osce	medasr	0	RES0159	1072	837	0.780784	1104	867	0.785326
figshare-osce	medasr	0	RES0160	1110	843	0.759459	1135	868	0.764758
figshare-osce	medasr	0	RES0161	1009	649	0.643211	1034	670	0.647969
figshare-osce	medasr	0	RES0162	1208	1071	0.886589	1235	1098	0.889069
figshare-osce	medasr	0	RES0163	1156	993	0.858997	1200	1036	0.863333
figshare-osce	medasr	0	RES0164	1194	922	0.772194	1248	976	0.782051
figshare-osce	medasr	0	RES0165	869	665	0.765247	909	702	0.772277
figshare-osce	medasr	0	RES0166	1102	913	0.828494	1155	965	0.835498
figshare-osce	medasr	0	RES0167	1124	537	0.477758	1181	587	0.497036
figshare-osce	medasr	0	RES0168	1268	668	0.526814	1329	726	0.546275
figshare-osce	medasr	0	RES0169	916	762	0.831878	946	792	0.837209
figshare-osce	medasr	0	RES0170	1303	1149	0.881811	1351	1197	0.886010
figshare-osce	medasr	0	RES0171	1319	986	0.747536	1368	1035	0.756579
figshare-osce	medasr	0	RES0172	1154	991	0.858752	1195	1032	0.863598
figshare-osce	medasr	0	RES0173	1204	882	0.732558	1262	941	0.745642
figshare-osce	medasr	0	RES0174	1483	1025	0.691167	1549	1092	0.704971
figshare-osce	medasr	0	RES0175	974	756	0.776181	1017	798	0.784661
figshare-osce	medasr	0	RES0176	1253	953	0.760575	1305	1004	0.769349
figshare-osce	medasr	0	RES0177	1129	710	0.628875	1193	773	0.647946
figshare-osce	medasr	0	RES0178	1058	661	0.624764	1125	725	0.644444
figshare-osce	medasr	0	RES0179	1213	693	0.571311	1291	766	0.593338
figshare-osce	medasr	0	RES0180	1009	919	0.910803	1065	974	0.914554
figshare-osce	medasr	0	RES0181	1120	880	0.785714	1184	943	0.796453
figshare-osce	medasr	0	RES0182	894	677	0.757271	945	726	0.768254
figshare-osce	medasr	0	RES0183	1160	579	0.499138	1217	632	0.519310
figshare-osce	medasr	0	RES0184	917	587	0.640131	970	637	0.656701
figshare-osce	medasr	0	RES0185	1023	597	0.583578	1075	646	0.600930
figshare-osce	medasr	0	RES0186	1009	668	0.662042	1069	721	0.674462
figshare-osce	medasr	0	RES0187	1238	585	0.472536	1303	638	0.489639
figshare-osce	medasr	0	RES0188	901	519	0.576027	957	572	0.597701
figshare-osce	medasr	0	RES0189	1385	1240	0.895307	1439	1294	0.899236
figshare-osce	medasr	0	RES0190	1233	182	0.147607	1290	228	0.176744
figshare-osce	medasr	0	RES0191	881	440	0.499432	927	483	0.521036
figshare-osce	medasr	0	RES0192	1215	678	0.558025	1280	735	0.574219
figshare-osce	medasr	0	RES0193	1372	320	0.233236	1431	363	0.253669
figshare-osce	medasr	0	RES0194	1329	251	0.188864	1395	297	0.212903
figshare-osce	medasr	0	RES0195	1274	514	0.403454	1335	563	0.421723
figshare-osce	medasr	0	RES0196	902	285	0.315965	943	321	0.340403
figshare-osce	medasr	0	RES0197	917	279	0.304253	966	322	0.333333
figshare-osce	medasr	0	RES0198	812	253	0.311576	857	289	0.337223
figshare-osce	medasr	0	RES0199	1096	845	0.770985	1152	901	0.782118
figshare-osce	medasr	0	RES0200	1293	931	0.720031	1351	984	0.728349
figshare-osce	medasr	0	RES0201	1008	505	0.500992	1059	553	0.522191
figshare-osce	medasr	0	RES0202	1455	809	0.556014	1522	870	0.571616
figshare-osce	medasr	0	RES0203	875	438	0.500571	920	478	0.519565
figshare-osce	medasr	0	RES0204	945	749	0.792593	995	799	0.803015
figshare-osce	medasr	0	RES0205	1012	1012	1.000000	1049	1049	1.000000
figshare-osce	medasr	0	RES0206	1316	1118	0.849544	1354	1155	0.853028
figshare-osce	medasr	0	RES0207	776	764	0.984536	818	806	0.985330
figshare-osce	medasr	0	RES0208	1286	1155	0.898134	1322	1191	0.900908
figshare-osce	medasr	0	RES0209	1063	878	0.825964	1108	923	0.833032
figshare-osce	medasr	0	RES0210	1089	1089	1.000000	1139	1139	1.000000
figshare-osce	medasr	0	RES0211	1358	1354	0.997054	1415	1411	0.997173
figshare-osce	medasr	0	RES0212	1262	1196	0.947702	1304	1238	0.949387
figshare-osce	medasr	0	RES0213	1454	865	0.594911	1485	895	0.602694
figshare-osce	medasr	0	RES0214	1085	677	0.623963	1123	713	0.634907
figshare-osce	medasr	0	RES0215	1326	895	0.674962	1386	952	0.686869
figshare-osce	medasr	0	RES0216	1560	1300	0.833333	1604	1347	0.839776
figshare-osce	medasr	0	RES0217	1463	931	0.636364	1486	954	0.641992
figshare-osce	medasr-int8	0	CAR0001	992	603	0.607863	1053	662	0.628680
figshare-osce	medasr-int8	0	CAR0002	1023	162	0.158358	1067	203	0.190253
figshare-osce	medasr-int8	0	CAR0003	1214	605	0.498353	1281	667	0.520687
figshare-osce	medasr-int8	0	CAR0004	882	701	0.794785	920	737	0.801087
figshare-osce	medasr-int8	0	CAR0005	1259	538	0.427323	1292	566	0.438080
figshare-osce	medasr-int8	0	DER0001	1503	1402	0.932801	1554	1452	0.934363
figshare-osce	medasr-int8	0	GAS0001	1005	759	0.755224	1033	786	0.760891
figshare-osce	medasr-int8	0	GAS0002	1097	146	0.133090	1140	183	0.160526
figshare-osce	medasr-int8	0	GAS0003	1059	968	0.914070	1093	1003	0.917658
figshare-osce	medasr-int8	0	GAS0004	1137	922	0.810906	1180	963	0.816102
figshare-osce	medasr-int8	0	GAS0005	1538	676	0.439532	1599	731	0.457161
figshare-osce	medasr-int8	0	GAS0007	872	805	0.923165	903	836	0.925803
figshare-osce	medasr-int8	0	GEN0001	1100	953	0.866364	1132	985	0.870141
figshare-osce	medasr-int8	0	MSK0001	938	181	0.192964	983	218	0.221770
figshare-osce	medasr-int8	0	MSK0003	1788	329	0.184004	1866	380	0.203644
figshare-osce	medasr-int8	0	MSK0004	1073	225	0.209692	1125	259	0.230222
figshare-osce	medasr-int8	0	MSK0005	1440	629	0.436806	1513	693	0.458030
figshare-osce	medasr-int8	0	MSK0006	1688	697	0.412915	1781	781	0.438518
figshare-osce	medasr-int8	0	MSK0007	1287	499	0.387723	1358	563	0.414580
figshare-osce	medasr-int8	0	MSK0008	1358	665	0.489691	1417	721	0.508821
figshare-osce	medasr-int8	0	MSK0009	1505	718	0.477076	1572	779	0.495547
figshare-osce	medasr-int8	0	MSK0010	1442	274	0.190014	1505	319	0.211960
figshare-osce	medasr-int8	0	MSK0011	1460	345	0.236301	1535	402	0.261889
figshare-osce	medasr-int8	0	MSK0012	1580	507	0.320886	1652	571	0.345642
figshare-osce	medasr-int8	0	MSK0013	1539	637	0.413905	1610	703	0.436646
figshare-osce	medasr-int8	0	MSK0014	1514	384	0.253633	1575	434	0.275556
figshare-osce	medasr-int8	0	MSK0015	1568	355	0.226403	1622	396	0.244143
figshare-osce	medasr-int8	0	MSK0016	1982	898	0.453078	2064	968	0.468992
figshare-osce	medasr-int8	0	MSK0017	1646	1293	0.785541	1735	1378	0.794236
figshare-osce	medasr-int8	0	MSK0018	941	639	0.679065	976	669	0.685451
figshare-osce	medasr-int8	0	MSK0019	1293	330	0.255220	1337	347	0.259536
figshare-osce	medasr-int8	0	MSK0020	1605	727	0.452960	1683	796	0.472965
figshare-osce	medasr-int8	0	MSK0021	1661	680	0.409392	1745	760	0.435530
figshare-osce	medasr-int8	0	MSK0022	2076	303	0.145954	2164	366	0.169131
figshare-osce	medasr-int8	0	MSK0023	1184	214	0.180743	1229	243	0.197722
figshare-osce	medasr-int8	0	MSK0024	1162	459	0.395009	1193	487	0.408215
figshare-osce	medasr-int8	0	MSK0025	1526	311	0.203801	1580	347	0.219620
figshare-osce	medasr-int8	0	MSK0026	1319	455	0.344958	1365	494	0.361905
figshare-osce	medasr-int8	0	MSK0027	1328	339	0.255271	1377	382	0.277415
figshare-osce	medasr-int8	0	MSK0028	1776	260	0.146396	1836	314	0.171024
figshare-osce	medasr-int8	0	MSK0029	2175	1421	0.653333	2268	1510	0.665785
figshare-osce	medasr-int8	0	MSK0031	1244	399	0.320740	1299	444	0.341801
figshare-osce	medasr-int8	0	MSK0032	1161	342	0.294574	1198	354	0.295492
figshare-osce	medasr-int8	0	MSK0033	1623	639	0.393715	1687	685	0.406046
figshare-osce	medasr-int8	0	MSK0034	1381	362	0.262129	1448	416	0.287293
figshare-osce	medasr-int8	0	MSK0035	1535	604	0.393485	1596	658	0.412281
figshare-osce	medasr-int8	0	MSK0036	1693	749	0.442410	1757	798	0.454183
figshare-osce	medasr-int8	0	MSK0037	1622	253	0.155980	1682	298	0.177170
figshare-osce	medasr-int8	0	MSK0038	1808	861	0.476217	1895	939	0.495515
figshare-osce	medasr-int8	0	MSK0039	1345	719	0.534572	1404	776	0.552707
figshare-osce	medasr-int8	0	MSK0040	1432	572	0.399441	1488	626	0.420699
figshare-osce	medasr-int8	0	MSK0041	1532	724	0.472585	1583	774	0.488945
figshare-osce	medasr-int8	0	MSK0042	1462	319	0.218194	1522	332	0.218134
figshare-osce	medasr-int8	0	MSK0043	1697	383	0.225692	1772	409	0.230813
figshare-osce	medasr-int8	0	MSK0044	1133	250	0.220653	1177	274	0.232795
figshare-osce	medasr-int8	0	MSK0045	1350	582	0.431111	1394	623	0.446915
figshare-osce	medasr-int8	0	MSK0046	1176	478	0.406463	1225	521	0.425306
figshare-osce	medasr-int8	0	MSK0049	1325	502	0.378868	1372	546	0.397959
figshare-osce	medasr-int8	0	MSK0050	1238	482	0.389338	1285	523	0.407004
figshare-osce	medasr-int8	0	RES0001	1447	1005	0.694540	1526	1082	0.709043
figshare-osce	medasr-int8	0	RES0002	1129	501	0.443756	1162	535	0.460413
figshare-osce	medasr-int8	0	RES0003	1187	955	0.804549	1261	1026	0.813640
figshare-osce	medasr-int8	0	RES0004	1614	1055	0.653656	1723	1156	0.670923
figshare-osce	medasr-int8	0	RES0005	1587	236	0.148708	1645	273	0.165957
figshare-osce	medasr-int8	0	RES0006	1186	199	0.167791	1240	236	0.190323
figshare-osce	medasr-int8	0	RES0007	1812	702	0.387417	1874	751	0.400747
figshare-osce	medasr-int8	0	RES0008	1112	1003	0.901978	1171	1062	0.906917
figshare-osce	medasr-int8	0	RES0009	1390	1040	0.748201	1446	1094	0.756570
figshare-osce	medasr-int8	0	RES0010	1036	793	0.765444	1070	827	0.772897
figshare-osce	medasr-int8	0	RES0011	1582	1158	0.731985	1647	1221	0.741348
figshare-osce	medasr-int8	0	RES0012	2062	1584	0.768186	2168	1682	0.775830
figshare-osce	medasr-int8	0	RES0013	1344	835	0.621280	1400	887	0.633571
figshare-osce	medasr-int8	0	RES0014	1368	1040	0.760234	1429	1101	0.770469
figshare-osce	medasr-int8	0	RES0015	1538	1330	0.864759	1607	1396	0.868699
figshare-osce	medasr-int8	0	RES0016	1268	601	0.473975	1327	654	0.492841
figshare-osce	medasr-int8	0	RES0017	1691	244	0.144293	1751	291	0.166191
figshare-osce	medasr-int8	0	RES0018	1284	322	0.250779	1334	357	0.267616
figshare-osce	medasr-int8	0	RES0019	1274	598	0.469388	1334	654	0.490255
figshare-osce	medasr-int8	0	RES0020	1358	916	0.674521	1413	967	0.684360
figshare-osce	medasr-int8	0	RES0021	1198	643	0.536728	1255	691	0.550598
figshare-osce	medasr-int8	0	RES0022	1921	1416	0.737116	1999	1495	0.747874
figshare-osce	medasr-int8	0	RES0023	1035	877	0.847343	1099	939	0.854413
figshare-osce	medasr-int8	0	RES0024	959	734	0.765381	1004	778	0.774900
figshare-osce	medasr-int8	0	RES0025	1327	1098	0.827430	1393	1163	0.834889
figshare-osce	medasr-int8	0	RES0026	1478	846	0.572395	1544	908	0.588083
figshare-osce	medasr-int8	0	RES0027	1308	1040	0.795107	1366	1095	0.801611
figshare-osce	medasr-int8	0	RES0028	1100	188	0.170909	1156	229	0.198097
figshare-osce	medasr-int8	0	RES0029	781	160	0.204866	811	188	0.231813
figshare-osce	medasr-int8	0	RES0030	1134	218	0.192240	1184	260	0.219595
figshare-osce	medasr-int8	0	RES0031	1294	263	0.203246	1343	297	0.221147
figshare-osce	medasr-int8	0	RES0032	1173	362	0.308610	1212	393	0.324257
figshare-osce	medasr-int8	0	RES0033	1316	197	0.149696	1372	237	0.172741
figshare-osce	medasr-int8	0	RES0034	1623	510	0.314233	1685	569	0.337685
figshare-osce	medasr-int8	0	RES0035	918	369	0.401961	958	403	0.420668
figshare-osce	medasr-int8	0	RES0036	1352	506	0.374260	1423	568	0.399157
figshare-osce	medasr-int8	0	RES0037	1376	239	0.173692	1453	295	0.203028
figshare-osce	medasr-int8	0	RES0038	1485	228	0.153535	1554	277	0.178250
figshare-osce	medasr-int8	0	RES0039	1592	348	0.218593	1672	412	0.246411
figshare-osce	medasr-int8	0	RES0042	1206	512	0.424544	1264	570	0.450949
figshare-osce	medasr-int8	0	RES0043	1432	780	0.544693	1503	845	0.562209
figshare-osce	medasr-int8	0	RES0044	1768	1053	0.595588	1859	1131	0.608392
figshare-osce	medasr-int8	0	RES0045	1145	756	0.660262	1204	812	0.674419
figshare-osce	medasr-int8	0	RES0046	1494	1278	0.855422	1588	1370	0.862720
figshare-osce	medasr-int8	0	RES0047	1530	1168	0.763399	1628	1261	0.774570
figshare-osce	medasr-int8	0	RES0048	1730	1410	0.815029	1809	1487	0.822001
figshare-osce	medasr-int8	0	RES0049	1549	1128	0.728212	1622	1197	0.737978
figshare-osce	medasr-int8	0	RES0050	1065	429	0.402817	1109	471	0.424707
figshare-osce	medasr-int8	0	RES0051	958	491	0.512526	997	530	0.531595
figshare-osce	medasr-int8	0	RES0052	776	309	0.398196	828	356	0.429952
figshare-osce	medasr-int8	0	RES0053	1917	1136	0.592593	1982	1198	0.604440
figshare-osce	medasr-int8	0	RES0054	2442	1812	0.742015	2491	1859	0.746287
figshare-osce	medasr-int8	0	RES0055	1313	848	0.645849	1375	907	0.659636
figshare-osce	medasr-int8	0	RES0056	1126	697	0.619005	1174	743	0.632879
figshare-osce	medasr-int8	0	RES0057	1203	1174	0.975894	1245	1216	0.976707
figshare-osce	medasr-int8	0	RES0058	1437	1195	0.831594	1514	1271	0.839498
figshare-osce	medasr-int8	0	RES0059	1291	886	0.686290	1358	946	0.696613
figshare-osce	medasr-int8	0	RES0060	1602	1409	0.879526	1683	1489	0.884730
figshare-osce	medasr-int8	0	RES0061	1696	1441	0.849646	1783	1525	0.855300
figshare-osce	medasr-int8	0	RES0062	1866	1288	0.690247	1965	1383	0.703817
figshare-osce	medasr-int8	0	RES0063	1373	984	0.716679	1439	1046	0.726894
figshare-osce	medasr-int8	0	RES0064	1030	805	0.781553	1078	852	0.790353
figshare-osce	medasr-int8	0	RES0065	1045	364	0.348325	1089	407	0.373737
figshare-osce	medasr-int8	0	RES0066	1132	711	0.628092	1192	762	0.639262
figshare-osce	medasr-int8	0	RES0067	905	256	0.282873	946	289	0.305497
figshare-osce	medasr-int8	0	RES0068	1158	437	0.377375	1213	484	0.399011
figshare-osce	medasr-int8	0	RES0069	972	723	0.743827	1026	777	0.757310
figshare-osce	medasr-int8	0	RES0070	929	548	0.589882	976	594	0.608607
figshare-osce	medasr-int8	0	RES0071	1248	491	0.393429	1301	533	0.409685
figshare-osce	medasr-int8	0	RES0072	1124	303	0.269573	1182	350	0.296108
figshare-osce	medasr-int8	0	RES0073	1293	526	0.406806	1340	562	0.419403
figshare-osce	medasr-int8	0	RES0074	1187	220	0.185341	1246	263	0.211075
figshare-osce	medasr-int8	0	RES0075	1065	204	0.191549	1112	245	0.220324
figshare-osce	medasr-int8	0	RES0076	1500	343	0.228667	1569	399	0.254302
figshare-osce	medasr-int8	0	RES0077	1572	502	0.319338	1649	554	0.335961
figshare-osce	medasr-int8	0	RES0078	1104	977	0.884964	1140	1013	0.888596
figshare-osce	medasr-int8	0	RES0079	803	664	0.826899	841	702	0.834721
figshare-osce	medasr-int8	0	RES0080	1167	900	0.771208	1225	959	0.782857
figshare-osce	medasr-int8	0	RES0081	1398	1103	0.788984	1455	1160	0.797251
figshare-osce	medasr-int8	0	RES0082	889	832	0.935883	932	875	0.938841
figshare-osce	medasr-int8	0	RES0083	949	773	0.814542	990	814	0.822222
figshare-osce	medasr-int8	0	RES0084	1494	874	0.585007	1562	933	0.597311
figshare-osce	medasr-int8	0	RES0085	912	371	0.406798	959	414	0.431700
figshare-osce	medasr-int8	0	RES0086	1462	452	0.309166	1523	505	0.331582
figshare-osce	medasr-int8	0	RES0087	1300	400	0.307692	1359	449	0.330390
figshare-osce	medasr-int8	0	RES0088	1318	276	0.209408	1373	325	0.236708
figshare-osce	medasr-int8	0	RES0089	1717	686	0.399534	1800	749	0.416111
figshare-osce	medasr-int8	0	RES0090	1147	227	0.197908	1193	270	0.226320
figshare-osce	medasr-int8	0	RES0091	862	390	0.452436	901	420	0.466149
figshare-osce	medasr-int8	0	RES0092	803	657	0.818182	837	691	0.825568
figshare-osce	medasr-int8	0	RES0093	1549	1325	0.855391	1606	1382	0.860523
figshare-osce	medasr-int8	0	RES0094	772	694	0.898964	793	715	0.901639
figshare-osce	medasr-int8	0	RES0095	1419	979	0.689922	1467	1027	0.700068
figshare-osce	medasr-int8	0	RES0096	1233	849	0.688564	1292	905	0.700464
figshare-osce	medasr-int8	0	RES0097	1322	974	0.736762	1381	1031	0.746560
figshare-osce	medasr-int8	0	RES0098	1424	236	0.165730	1474	275	0.186567
figshare-osce	medasr-int8	0	RES0099	1508	386	0.255968	1554	420	0.270270
figshare-osce	medasr-int8	0	RES0100	1715	322	0.187755	1767	367	0.207697
figshare-osce	medasr-int8	0	RES0101	1379	253	0.183466	1430	293	0.204895
figshare-osce	medasr-int8	0	RES0102	1960	372	0.189796	2025	420	0.207407
figshare-osce	medasr-int8	0	RES0103	1051	193	0.183635	1100	222	0.201818
figshare-osce	medasr-int8	0	RES0104	1485	426	0.286869	1563	489	0.312860
figshare-osce	medasr-int8	0	RES0105	1666	406	0.243697	1738	457	0.262946
figshare-osce	medasr-int8	0	RES0106	1242	904	0.727858	1307	968	0.740627
figshare-osce	medasr-int8	0	RES0107	1516	821	0.541557	1596	897	0.562030
figshare-osce	medasr-int8	0	RES0108	903	770	0.852713	950	817	0.860000
figshare-osce	medasr-int8	0	RES0109	795	502	0.631447	845	546	0.646154
figshare-osce	medasr-int8	0	RES0110	1505	900	0.598007	1565	952	0.608307
figshare-osce	medasr-int8	0	RES0111	923	653	0.707476	965	694	0.719171
figshare-osce	medasr-int8	0	RES0112	807	303	0.375465	835	326	0.390419
figshare-osce	medasr-int8	0	RES0113	1046	820	0.783939	1079	853	0.790547
figshare-osce	medasr-int8	0	RES0114	1586	1143	0.720681	1673	1228	0.734011
figshare-osce	medasr-int8	0	RES0116	1521	967	0.635766	1588	1030	0.648615
figshare-osce	medasr-int8	0	RES0117	909	619	0.680968	951	661	0.695058
figshare-osce	medasr-int8	0	RES0118	926	730	0.788337	947	749	0.790919
figshare-osce	medasr-int8	0	RES0119	1307	601	0.459832	1359	650	0.478293
figshare-osce	medasr-int8	0	RES0120	1322	673	0.509077	1381	715	0.517741
figshare-osce	medasr-int8	0	RES0121	925	648	0.700541	962	681	0.707900
figshare-osce	medasr-int8	0	RES0122	1023	867	0.847507	1046	889	0.849904
figshare-osce	medasr-int8	0	RES0123	1670	1465	0.877246	1716	1510	0.879953
figshare-osce	medasr-int8	0	RES0124	1675	1321	0.788657	1729	1375	0.795257
figshare-osce	medasr-int8	0	RES0125	1578	1277	0.809252	1638	1336	0.815629
figshare-osce	medasr-int8	0	RES0126	1787	1426	0.797985	1858	1494	0.804090
figshare-osce	medasr-int8	0	RES0127	1404	1139	0.811254	1461	1194	0.817248
figshare-osce	medasr-int8	0	RES0128	1041	634	0.609030	1095	687	0.627397
figshare-osce	medasr-int8	0	RES0129	1020	782	0.766667	1078	839	0.778293
figshare-osce	medasr-int8	0	RES0130	1271	957	0.752950	1329	1013	0.762227
figshare-osce	medasr-int8	0	RES0131	1159	963	0.830889	1231	1033	0.839155
figshare-osce	medasr-int8	0	RES0132	1260	703	0.557937	1309	743	0.567609
figshare-osce	medasr-int8	0	RES0133	1221	845	0.692056	1264	882	0.697785
figshare-osce	medasr-int8	0	RES0134	1615	1296	0.802477	1679	1359	0.809410
figshare-osce	medasr-int8	0	RES0135	1160	516	0.444828	1224	562	0.459150
figshare-osce	medasr-int8	0	RES0136	1198	1159	0.967446	1243	1204	0.968624
figshare-osce	medasr-int8	0	RES0137	1226	947	0.772431	1274	994	0.780220
figshare-osce	medasr-int8	0	RES0138	1099	993	0.903549	1148	1045	0.910279
figshare-osce	medasr-int8	0	RES0139	1082	1038	0.959335	1131	1086	0.960212
figshare-osce	medasr-int8	0	RES0140	881	768	0.871737	907	793	0.874311
figshare-osce	medasr-int8	0	RES0141	953	772	0.810073	987	805	0.815603
figshare-osce	medasr-int8	0	RES0142	761	628	0.825230	778	644	0.827763
figshare-osce	medasr-int8	0	RES0143	1094	1031	0.942413	1119	1056	0.943700
figshare-osce	medasr-int8	0	RES0144	1114	1069	0.959605	1153	1108	0.960971
figshare-osce	medasr-int8	0	RES0145	1273	1065	0.836606	1326	1118	0.843137
figshare-osce	medasr-int8	0	RES0146	866	720	0.831409	898	752	0.837416
figshare-osce	medasr-int8	0	RES0147	1218	957	0.785714	1274	1013	0.795133
figshare-osce	medasr-int8	0	RES0148	1094	877	0.801645	1136	919	0.808979
figshare-osce	medasr-int8	0	RES0149	1219	870	0.713700	1270	919	0.723622
figshare-osce	medasr-int8	0	RES0150	1097	623	0.567912	1147	667	0.581517
figshare-osce	medasr-int8	0	RES0151	1110	326	0.293694	1157	361	0.312014
figshare-osce	medasr-int8	0	RES0152	1020	229	0.224510	1059	255	0.240793
figshare-osce	medasr-int8	0	RES0153	1055	307	0.290995	1103	344	0.311877
figshare-osce	medasr-int8	0	RES0154	902	198	0.219512	943	235	0.249205
figshare-osce	medasr-int8	0	RES0155	1374	306	0.222707	1439	350	0.243224
figshare-osce	medasr-int8	0	RES0156	957	212	0.221526	1016	253	0.249016
figshare-osce	medasr-int8	0	RES0158	1029	305	0.296404	1079	343	0.317887
figshare-osce	medasr-int8	0	RES0159	1072	820	0.764925	1104	850	0.769928
figshare-osce	medasr-int8	0	RES0160	1110	844	0.760360	1135	869	0.765639
figshare-osce	medasr-int8	0	RES0161	1009	644	0.638256	1034	665	0.643133
figshare-osce	medasr-int8	0	RES0162	1208	1061	0.878311	1235	1088	0.880972
figshare-osce	medasr-int8	0	RES0163	1156	1000	0.865052	1200	1043	0.869167
figshare-osce	medasr-int8	0	RES0164	1194	905	0.757956	1248	958	0.767628
figshare-osce	medasr-int8	0	RES0165	869	674	0.775604	909	711	0.782178
figshare-osce	medasr-int8	0	RES0166	1102	914	0.829401	1155	966	0.836364
figshare-osce	medasr-int8	0	RES0167	1124	543	0.483096	1181	595	0.503810
figshare-osce	medasr-int8	0	RES0168	1268	652	0.514196	1329	709	0.533484
figshare-osce	medasr-int8	0	RES0169	916	762	0.831878	946	791	0.836152
figshare-osce	medasr-int8	0	RES0170	1303	1129	0.866462	1351	1177	0.871207
figshare-osce	medasr-int8	0	RES0171	1319	844	0.639879	1368	891	0.651316
figshare-osce	medasr-int8	0	RES0172	1154	979	0.848354	1195	1020	0.853556
figshare-osce	medasr-int8	0	RES0173	1204	862	0.715947	1262	921	0.729794
figshare-osce	medasr-int8	0	RES0174	1483	1031	0.695212	1549	1098	0.708844
figshare-osce	medasr-int8	0	RES0175	974	752	0.772074	1017	794	0.780728
figshare-osce	medasr-int8	0	RES0176	1253	945	0.754190	1305	997	0.763985
figshare-osce	medasr-int8	0	RES0177	1129	701	0.620903	1193	764	0.640402
figshare-osce	medasr-int8	0	RES0178	1058	640	0.604915	1125	705	0.626667
figshare-osce	medasr-int8	0	RES0179	1213	606	0.499588	1291	674	0.522076
figshare-osce	medasr-int8	0	RES0180	1009	751	0.744301	1065	805	0.755869
figshare-osce	medasr-int8	0	RES0181	1120	888	0.792857	1184	951	0.803209
figshare-osce	medasr-int8	0	RES0182	894	658	0.736018	945	706	0.747090
figshare-osce	medasr-int8	0	RES0183	1160	558	0.481034	1217	612	0.502876
figshare-osce	medasr-int8	0	RES0184	917	579	0.631407	970	630	0.649485
figshare-osce	medasr-int8	0	RES0185	1023	686	0.670577	1075	736	0.684651
figshare-osce	medasr-int8	0	RES0186	1009	680	0.673935	1069	735	0.687558
figshare-osce	medasr-int8	0	RES0187	1238	589	0.475767	1303	644	0.494244
figshare-osce	medasr-int8	0	RES0188	901	522	0.579356	957	575	0.600836
figshare-osce	medasr-int8	0	RES0189	1385	188	0.135740	1439	230	0.159833
figshare-osce	medasr-int8	0	RES0190	1233	176	0.142741	1290	223	0.172868
figshare-osce	medasr-int8	0	RES0191	881	443	0.502838	927	486	0.524272
figshare-osce	medasr-int8	0	RES0192	1215	468	0.385185	1280	520	0.406250
figshare-osce	medasr-int8	0	RES0193	1372	314	0.228863	1431	356	0.248777
figshare-osce	medasr-int8	0	RES0194	1329	259	0.194883	1395	304	0.217921
figshare-osce	medasr-int8	0	RES0195	1274	450	0.353218	1335	502	0.376030
figshare-osce	medasr-int8	0	RES0196	902	269	0.298226	943	304	0.322375
figshare-osce	medasr-int8	0	RES0197	917	278	0.303162	966	322	0.333333
figshare-osce	medasr-int8	0	RES0198	812	253	0.311576	857	288	0.336056
figshare-osce	medasr-int8	0	RES0199	1096	792	0.722628	1152	846	0.734375
figshare-osce	medasr-int8	0	RES0200	1293	893	0.690642	1351	947	0.700962
figshare-osce	medasr-int8	0	RES0201	1008	500	0.496032	1059	547	0.516525
figshare-osce	medasr-int8	0	RES0202	1455	834	0.573196	1522	897	0.589356
figshare-osce	medasr-int8	0	RES0203	875	508	0.580571	920	548	0.595652
figshare-osce	medasr-int8	0	RES0204	945	749	0.792593	995	797	0.801005
figshare-osce	medasr-int8	0	RES0205	1012	1012	1.000000	1049	1049	1.000000
figshare-osce	medasr-int8	0	RES0206	1316	1087	0.825988	1354	1124	0.830133
figshare-osce	medasr-int8	0	RES0207	776	761	0.980670	818	803	0.981663
figshare-osce	medasr-int8	0	RES0208	1286	1125	0.874806	1322	1161	0.878215
figshare-osce	medasr-int8	0	RES0209	1063	886	0.833490	1108	931	0.840253
figshare-osce	medasr-int8	0	RES0210	1089	1089	1.000000	1139	1139	1.000000
figshare-osce	medasr-int8	0	RES0211	1358	1346	0.991163	1415	1403	0.991519
figshare-osce	medasr-int8	0	RES0212	1262	1194	0.946117	1304	1236	0.947853
figshare-osce	medasr-int8	0	RES0213	1454	893	0.614168	1485	924	0.622222
figshare-osce	medasr-int8	0	RES0214	1085	654	0.602765	1123	689	0.613535
figshare-osce	medasr-int8	0	RES0215	1326	871	0.656863	1386	928	0.669553
figshare-osce	medasr-int8	0	RES0216	1560	1295	0.830128	1604	1343	0.837282
figshare-osce	medasr-int8	0	RES0217	1463	925	0.632262	1486	948	0.637954
figshare-osce	paraformer-en	0	CAR0001	992	110	0.110887	1053	131	0.124406
figshare-osce	paraformer-en	0	CAR0002	1023	120	0.117302	1067	147	0.137769
figshare-osce	paraformer-en	0	CAR0003	1214	184	0.151565	1281	204	0.159251
figshare-osce	paraformer-en	0	CAR0004	882	156	0.176871	920	172	0.186957
figshare-osce	paraformer-en	0	CAR0005	1259	133	0.105639	1292	150	0.116099
figshare-osce	paraformer-en	0	DER0001	1503	294	0.195609	1554	318	0.204633
figshare-osce	paraformer-en	0	GAS0001	1005	233	0.231841	1033	243	0.235237
figshare-osce	paraformer-en	0	GAS0002	1097	154	0.140383	1140	176	0.154386
figshare-osce	paraformer-en	0	GAS0003	1059	186	0.175637	1093	214	0.195791
figshare-osce	paraformer-en	0	GAS0004	1137	240	0.211082	1180	258	0.218644
figshare-osce	paraformer-en	0	GAS0005	1538	264	0.171651	1599	291	0.181989
figshare-osce	paraformer-en	0	GAS0007	872	150	0.172018	903	162	0.179402
figshare-osce	paraformer-en	0	GEN0001	1100	176	0.160000	1132	194	0.171378
figshare-osce	paraformer-en	0	MSK0001	938	131	0.139659	983	174	0.177009
figshare-osce	paraformer-en	0	MSK0003	1788	229	0.128076	1866	274	0.146838
figshare-osce	paraformer-en	0	MSK0004	1073	191	0.178006	1125	222	0.197333
figshare-osce	paraformer-en	0	MSK0005	1440	222	0.154167	1513	235	0.155321
figshare-osce	paraformer-en	0	MSK0006	1688	212	0.125592	1781	237	0.133071
figshare-osce	paraformer-en	0	MSK0007	1287	137	0.106449	1358	191	0.140648
figshare-osce	paraformer-en	0	MSK0008	1358	192	0.141384	1417	235	0.165843
figshare-osce	paraformer-en	0	MSK0009	1505	216	0.143522	1572	275	0.174936
figshare-osce	paraformer-en	0	MSK0010	1442	163	0.113037	1505	221	0.146844
figshare-osce	paraformer-en	0	MSK0011	1460	208	0.142466	1535	276	0.179805
figshare-osce	paraformer-en	0	MSK0012	1580	161	0.101899	1652	207	0.125303
figshare-osce	paraformer-en	0	MSK0013	1539	168	0.109162	1610	218	0.135404
figshare-osce	paraformer-en	0	MSK0014	1514	204	0.134742	1575	248	0.157460
figshare-osce	paraformer-en	0	MSK0015	1568	247	0.157526	1622	286	0.176326
figshare-osce	paraformer-en	0	MSK0016	1982	287	0.144803	2064	308	0.149225
figshare-osce	paraformer-en	0	MSK0017	1646	241	0.146416	1735	260	0.149856
figshare-osce	paraformer-en	0	MSK0018	941	134	0.142402	976	150	0.153689
figshare-osce	paraformer-en	0	MSK0019	1293	187	0.144625	1337	218	0.163052
figshare-osce	paraformer-en	0	MSK0020	1605	268	0.166978	1683	294	0.174688
figshare-osce	paraformer-en	0	MSK0021	1661	289	0.173992	1745	312	0.178797
figshare-osce	paraformer-en	0	MSK0022	2076	201	0.096821	2164	264	0.121996
figshare-osce	paraformer-en	0	MSK0023	1184	150	0.126689	1229	180	0.146461
figshare-osce	paraformer-en	0	MSK0024	1162	128	0.110155	1193	145	0.121542
figshare-osce	paraformer-en	0	MSK0025	1526	130	0.085190	1580	147	0.093038
figshare-osce	paraformer-en	0	MSK0026	1319	175	0.132676	1365	212	0.155311
figshare-osce	paraformer-en	0	MSK0027	1328	165	0.124247	1377	197	0.143065
figshare-osce	paraformer-en	0	MSK0028	1776	201	0.113176	1836	257	0.139978
figshare-osce	paraformer-en	0	MSK0029	2175	373	0.171494	2268	395	0.174162
figshare-osce	paraformer-en	0	MSK0031	1244	226	0.181672	1299	242	0.186297
figshare-osce	paraformer-en	0	MSK0032	1161	179	0.154177	1198	208	0.173623
figshare-osce	paraformer-en	0	MSK0033	1623	196	0.120764	1687	250	0.148192
figshare-osce	paraformer-en	0	MSK0034	1381	173	0.125272	1448	210	0.145028
figshare-osce	paraformer-en	0	MSK0035	1535	178	0.115961	1596	216	0.135338
figshare-osce	paraformer-en	0	MSK0036	1693	206	0.121677	1757	255	0.145134
figshare-osce	paraformer-en	0	MSK0037	1622	188	0.115906	1682	234	0.139120
figshare-osce	paraformer-en	0	MSK0038	1808	277	0.153208	1895	291	0.153562
figshare-osce	paraformer-en	0	MSK0039	1345	232	0.172491	1404	246	0.175214
figshare-osce	paraformer-en	0	MSK0040	1432	156	0.108939	1488	200	0.134409
figshare-osce	paraformer-en	0	MSK0041	1532	197	0.128590	1583	220	0.138977
figshare-osce	paraformer-en	0	MSK0042	1462	302	0.206566	1522	311	0.204336
figshare-osce	paraformer-en	0	MSK0043	1697	282	0.166176	1772	310	0.174944
figshare-osce	paraformer-en	0	MSK0044	1133	200	0.176523	1177	220	0.186916
figshare-osce	paraformer-en	0	MSK0045	1350	202	0.149630	1394	227	0.162841
figshare-osce	paraformer-en	0	MSK0046	1176	204	0.173469	1225	228	0.186122
figshare-osce	paraformer-en	0	MSK0049	1325	167	0.126038	1372	172	0.125364
figshare-osce	paraformer-en	0	MSK0050	1238	138	0.111470	1285	161	0.125292
figshare-osce	paraformer-en	0	RES0001	1447	172	0.118867	1526	211	0.138270
figshare-osce	paraformer-en	0	RES0002	1129	367	0.325066	1162	386	0.332186
figshare-osce	paraformer-en	0	RES0003	1187	116	0.097725	1261	144	0.114195
figshare-osce	paraformer-en	0	RES0004	1614	244	0.151177	1723	304	0.176436
figshare-osce	paraformer-en	0	RES0005	1587	189	0.119093	1645	240	0.145897
figshare-osce	paraformer-en	0	RES0006	1186	182	0.153457	1240	224	0.180645
figshare-osce	paraformer-en	0	RES0007	1812	264	0.145695	1874	315	0.168090
figshare-osce	paraformer-en	0	RES0008	1112	155	0.139388	1171	203	0.173356
figshare-osce	paraformer-en	0	RES0009	1390	198	0.142446	1446	212	0.146611
figshare-osce	paraformer-en	0	RES0010	1036	243	0.234556	1070	259	0.242056
figshare-osce	paraformer-en	0	RES0011	1582	237	0.149810	1647	282	0.171220
figshare-osce	paraformer-en	0	RES0012	2062	333	0.161494	2168	389	0.179428
figshare-osce	paraformer-en	0	RES0013	1344	204	0.151786	1400	224	0.160000
figshare-osce	paraformer-en	0	RES0014	1368	203	0.148392	1429	235	0.164451
figshare-osce	paraformer-en	0	RES0015	1538	189	0.122887	1607	202	0.125700
figshare-osce	paraformer-en	0	RES0016	1268	166	0.130915	1327	177	0.133384
figshare-osce	paraformer-en	0	RES0017	1691	209	0.123596	1751	240	0.137065
figshare-osce	paraformer-en	0	RES0018	1284	166	0.129283	1334	190	0.142429
figshare-osce	paraformer-en	0	RES0019	1274	132	0.103611	1334	147	0.110195
figshare-osce	paraformer-en	0	RES0020	1358	197	0.145066	1413	205	0.145081
figshare-osce	paraformer-en	0	RES0021	1198	166	0.138564	1255	193	0.153785
figshare-osce	paraformer-en	0	RES0022	1921	255	0.132743	1999	303	0.151576
figshare-osce	paraformer-en	0	RES0023	1035	209	0.201932	1099	243	0.221110
figshare-osce	paraformer-en	0	RES0024	959	174	0.181439	1004	206	0.205179
figshare-osce	paraformer-en	0	RES0025	1327	207	0.155991	1393	253	0.181622
figshare-osce	paraformer-en	0	RES0026	1478	192	0.129905	1544	220	0.142487
figshare-osce	paraformer-en	0	RES0027	1308	180	0.137615	1366	198	0.144949
figshare-osce	paraformer-en	0	RES0028	1100	131	0.119091	1156	167	0.144464
figshare-osce	paraformer-en	0	RES0029	781	109	0.139565	811	136	0.167694
figshare-osce	paraformer-en	0	RES0030	1134	147	0.129630	1184	176	0.148649
figshare-osce	paraformer-en	0	RES0031	1294	138	0.106646	1343	181	0.134773
figshare-osce	paraformer-en	0	RES0032	1173	158	0.134697	1212	179	0.147690
figshare-osce	paraformer-en	0	RES0033	1316	158	0.120061	1372	194	0.141399
figshare-osce	paraformer-en	0	RES0034	1623	219	0.134935	1685	270	0.160237
figshare-osce	paraformer-en	0	RES0035	918	114	0.124183	958	133	0.138831
figshare-osce	paraformer-en	0	RES0036	1352	187	0.138314	1423	219	0.153900
figshare-osce	paraformer-en	0	RES0037	1376	155	0.112645	1453	197	0.135582
figshare-osce	paraformer-en	0	RES0038	1485	208	0.140067	1554	248	0.159588
figshare-osce	paraformer-en	0	RES0039	1592	222	0.139447	1672	252	0.150718
figshare-osce	paraformer-en	0	RES0042	1206	237	0.196517	1264	261	0.206487
figshare-osce	paraformer-en	0	RES0043	1432	276	0.192737	1503	305	0.202927
figshare-osce	paraformer-en	0	RES0044	1768	322	0.182127	1859	366	0.196880
figshare-osce	paraformer-en	0	RES0045	1145	120	0.104803	1204	143	0.118771
figshare-osce	paraformer-en	0	RES0046	1494	195	0.130522	1588	214	0.134761
figshare-osce	paraformer-en	0	RES0047	1530	197	0.128758	1628	226	0.138821
figshare-osce	paraformer-en	0	RES0048	1730	344	0.198844	1809	362	0.200111
figshare-osce	paraformer-en	0	RES0049	1549	323	0.208522	1622	337	0.207768
figshare-osce	paraformer-en	0	RES0050	1065	104	0.097653	1109	115	0.103697
figshare-osce	paraformer-en	0	RES0051	958	132	0.137787	997	151	0.151454
figshare-osce	paraformer-en	0	RES0052	776	143	0.184278	828	174	0.210145
figshare-osce	paraformer-en	0	RES0053	1917	471	0.245696	1982	494	0.249243
figshare-osce	paraformer-en	0	RES0054	2442	943	0.386159	2491	959	0.384986
figshare-osce	paraformer-en	0	RES0055	1313	339	0.258187	1375	366	0.266182
figshare-osce	paraformer-en	0	RES0056	1126	243	0.215808	1174	270	0.229983
figshare-osce	paraformer-en	0	RES0057	1203	370	0.307564	1245	391	0.314056
figshare-osce	paraformer-en	0	RES0058	1437	252	0.175365	1514	295	0.194848
figshare-osce	paraformer-en	0	RES0059	1291	228	0.176607	1358	254	0.187040
figshare-osce	paraformer-en	0	RES0060	1602	310	0.193508	1683	349	0.207368
figshare-osce	paraformer-en	0	RES0061	1696	299	0.176297	1783	345	0.193494
figshare-osce	paraformer-en	0	RES0062	1866	333	0.178457	1965	363	0.184733
figshare-osce	paraformer-en	0	RES0063	1373	242	0.176256	1439	253	0.175817
figshare-osce	paraformer-en	0	RES0064	1030	187	0.181553	1078	195	0.180891
figshare-osce	paraformer-en	0	RES0065	1045	210	0.200957	1089	228	0.209366
figshare-osce	paraformer-en	0	RES0066	1132	246	0.217314	1192	277	0.232383
figshare-osce	paraformer-en	0	RES0067	905	139	0.153591	946	152	0.160677
figshare-osce	paraformer-en	0	RES0068	1158	170	0.146805	1213	194	0.159934
figshare-osce	paraformer-en	0	RES0069	972	212	0.218107	1026	229	0.223197
figshare-osce	paraformer-en	0	RES0070	929	216	0.232508	976	235	0.240779
figshare-osce	paraformer-en	0	RES0071	1248	200	0.160256	1301	230	0.176787
figshare-osce	paraformer-en	0	RES0072	1124	224	0.199288	1182	260	0.219966
figshare-osce	paraformer-en	0	RES0073	1293	224	0.173241	1340	259	0.193284
figshare-osce	paraformer-en	0	RES0074	1187	198	0.166807	1246	235	0.188604
figshare-osce	paraformer-en	0	RES0075	1065	169	0.158685	1112	204	0.183453
figshare-osce	paraformer-en	0	RES0076	1500	261	0.174000	1569	295	0.188018
figshare-osce	paraformer-en	0	RES0077	1572	312	0.198473	1649	347	0.210431
figshare-osce	paraformer-en	0	RES0078	1104	270	0.244565	1140	286	0.250877
figshare-osce	paraformer-en	0	RES0079	803	196	0.244085	841	212	0.252081
figshare-osce	paraformer-en	0	RES0080	1167	232	0.198800	1225	256	0.208980
figshare-osce	paraformer-en	0	RES0081	1398	278	0.198856	1455	286	0.196564
figshare-osce	paraformer-en	0	RES0082	889	185	0.208099	932	195	0.209227
figshare-osce	paraformer-en	0	RES0083	949	222	0.233930	990	235	0.237374
figshare-osce	paraformer-en	0	RES0084	1494	185	0.123829	1562	204	0.130602
figshare-osce	paraformer-en	0	RES0085	912	165	0.180921	959	179	0.186653
figshare-osce	paraformer-en	0	RES0086	1462	244	0.166895	1523	259	0.170059
figshare-osce	paraformer-en	0	RES0087	1300	163	0.125385	1359	173	0.127299
figshare-osce	paraformer-en	0	RES0088	1318	186	0.141123	1373	203	0.147851
figshare-osce	paraformer-en	0	RES0089	1717	218	0.126966	1800	267	0.148333
figshare-osce	paraformer-en	0	RES0090	1147	105	0.091543	1193	130	0.108969
figshare-osce	paraformer-en	0	RES0091	862	93	0.107889	901	98	0.108768
figshare-osce	paraformer-en	0	RES0092	803	143	0.178082	837	145	0.173238
figshare-osce	paraformer-en	0	RES0093	1549	301	0.194319	1606	319	0.198630
figshare-osce	paraformer-en	0	RES0094	772	183	0.237047	793	188	0.237074
figshare-osce	paraformer-en	0	RES0095	1419	272	0.191684	1467	285	0.194274
figshare-osce	paraformer-en	0	RES0096	1233	245	0.198702	1292	270	0.208978
figshare-osce	paraformer-en	0	RES0097	1322	287	0.217095	1381	295	0.213613
figshare-osce	paraformer-en	0	RES0098	1424	217	0.152388	1474	243	0.164858
figshare-osce	paraformer-en	0	RES0099	1508	295	0.195623	1554	313	0.201416
figshare-osce	paraformer-en	0	RES0100	1715	262	0.152770	1767	294	0.166384
figshare-osce	paraformer-en	0	RES0101	1379	208	0.150834	1430	234	0.163636
figshare-osce	paraformer-en	0	RES0102	1960	291	0.148469	2025	314	0.155062
figshare-osce	paraformer-en	0	RES0103	1051	173	0.164605	1100	196	0.178182
figshare-osce	paraformer-en	0	RES0104	1485	252	0.169697	1563	282	0.180422
figshare-osce	paraformer-en	0	RES0105	1666	322	0.193277	1738	355	0.204258
figshare-osce	paraformer-en	0	RES0106	1242	220	0.177134	1307	256	0.195868
figshare-osce	paraformer-en	0	RES0107	1516	266	0.175462	1596	297	0.186090
figshare-osce	paraformer-en	0	RES0108	903	178	0.197121	950	192	0.202105
figshare-osce	paraformer-en	0	RES0109	795	120	0.150943	845	130	0.153846
figshare-osce	paraformer-en	0	RES0110	1505	224	0.148837	1565	253	0.161661
figshare-osce	paraformer-en	0	RES0111	923	164	0.177681	965	186	0.192746
figshare-osce	paraformer-en	0	RES0112	807	108	0.133829	835	115	0.137725
figshare-osce	paraformer-en	0	RES0113	1046	145	0.138623	1079	156	0.144578
figshare-osce	paraformer-en	0	RES0114	1586	299	0.188525	1673	317	0.189480
figshare-osce	paraformer-en	0	RES0116	1521	276	0.181460	1588	290	0.182620
figshare-osce	paraformer-en	0	RES0117	909	151	0.166117	951	164	0.172450
figshare-osce	paraformer-en	0	RES0118	926	153	0.165227	947	165	0.174234
figshare-osce	paraformer-en	0	RES0119	1307	156	0.119357	1359	165	0.121413
figshare-osce	paraformer-en	0	RES0120	1322	172	0.130106	1381	218	0.157857
figshare-osce	paraformer-en	0	RES0121	925	158	0.170811	962	178	0.185031
figshare-osce	paraformer-en	0	RES0122	1023	211	0.206256	1046	224	0.214149
figshare-osce	paraformer-en	0	RES0123	1670	403	0.241317	1716	430	0.250583
figshare-osce	paraformer-en	0	RES0124	1675	307	0.183284	1729	338	0.195489
figshare-osce	paraformer-en	0	RES0125	1578	345	0.218631	1638	382	0.233211
figshare-osce	paraformer-en	0	RES0126	1787	459	0.256855	1858	508	0.273412
figshare-osce	paraformer-en	0	RES0127	1404	278	0.198006	1461	302	0.206708
figshare-osce	paraformer-en	0	RES0128	1041	151	0.145053	1095	158	0.144292
figshare-osce	paraformer-en	0	RES0129	1020	182	0.178431	1078	197	0.182746
figshare-osce	paraformer-en	0	RES0130	1271	180	0.141621	1329	217	0.163281
figshare-osce	paraformer-en	0	RES0131	1159	173	0.149267	1231	211	0.171405
figshare-osce	paraformer-en	0	RES0132	1260	188	0.149206	1309	216	0.165011
figshare-osce	paraformer-en	0	RES0133	1221	192	0.157248	1264	215	0.170095
figshare-osce	paraformer-en	0	RES0134	1615	250	0.154799	1679	292	0.173913
figshare-osce	paraformer-en	0	RES0135	1160	192	0.165517	1224	224	0.183007
figshare-osce	paraformer-en	0	RES0136	1198	253	0.211185	1243	278	0.223652
figshare-osce	paraformer-en	0	RES0137	1226	260	0.212072	1274	288	0.226060
figshare-osce	paraformer-en	0	RES0138	1099	297	0.270246	1148	334	0.290941
figshare-osce	paraformer-en	0	RES0139	1082	249	0.230129	1131	283	0.250221
figshare-osce	paraformer-en	0	RES0140	881	188	0.213394	907	206	0.227122
figshare-osce	paraformer-en	0	RES0141	953	197	0.206716	987	216	0.218845
figshare-osce	paraformer-en	0	RES0142	761	171	0.224704	778	180	0.231362
figshare-osce	paraformer-en	0	RES0143	1094	253	0.231261	1119	267	0.238606
figshare-osce	paraformer-en	0	RES0144	1114	231	0.207361	1153	245	0.212489
figshare-osce	paraformer-en	0	RES0145	1273	259	0.203456	1326	280	0.211161
figshare-osce	paraformer-en	0	RES0146	866	162	0.187067	898	176	0.195991
figshare-osce	paraformer-en	0	RES0147	1218	240	0.197044	1274	260	0.204082
figshare-osce	paraformer-en	0	RES0148	1094	233	0.212980	1136	249	0.219190
figshare-osce	paraformer-en	0	RES0149	1219	230	0.188679	1270	237	0.186614
figshare-osce	paraformer-en	0	RES0150	1097	244	0.222425	1147	256	0.223191
figshare-osce	paraformer-en	0	RES0151	1110	163	0.146847	1157	193	0.166811
figshare-osce	paraformer-en	0	RES0152	1020	190	0.186275	1059	217	0.204910
figshare-osce	paraformer-en	0	RES0153	1055	194	0.183886	1103	225	0.203989
figshare-osce	paraformer-en	0	RES0154	902	166	0.184035	943	196	0.207847
figshare-osce	paraformer-en	0	RES0155	1374	280	0.203785	1439	307	0.213343
figshare-osce	paraformer-en	0	RES0156	957	176	0.183908	1016	203	0.199803
figshare-osce	paraformer-en	0	RES0158	1029	187	0.181730	1079	209	0.193698
figshare-osce	paraformer-en	0	RES0159	1072	236	0.220149	1104	252	0.228261
figshare-osce	paraformer-en	0	RES0160	1110	279	0.251351	1135	293	0.258150
figshare-osce	paraformer-en	0	RES0161	1009	185	0.183350	1034	188	0.181818
figshare-osce	paraformer-en	0	RES0162	1208	222	0.183775	1235	229	0.185425
figshare-osce	paraformer-en	0	RES0163	1156	213	0.184256	1200	240	0.200000
figshare-osce	paraformer-en	0	RES0164	1194	312	0.261307	1248	332	0.266026
figshare-osce	paraformer-en	0	RES0165	869	207	0.238205	909	224	0.246425
figshare-osce	paraformer-en	0	RES0166	1102	206	0.186933	1155	222	0.192208
figshare-osce	paraformer-en	0	RES0167	1124	195	0.173488	1181	222	0.187976
figshare-osce	paraformer-en	0	RES0168	1268	211	0.166404	1329	241	0.181339
figshare-osce	paraformer-en	0	RES0169	916	172	0.187773	946	181	0.191332
figshare-osce	paraformer-en	0	RES0170	1303	271	0.207982	1351	283	0.209474
figshare-osce	paraformer-en	0	RES0171	1319	234	0.177407	1368	253	0.184942
figshare-osce	paraformer-en	0	RES0172	1154	221	0.191508	1195	236	0.197490
figshare-osce	paraformer-en	0	RES0173	1204	233	0.193522	1262	252	0.199683
figshare-osce	paraformer-en	0	RES0174	1483	272	0.183412	1549	286	0.184635
figshare-osce	paraformer-en	0	RES0175	974	206	0.211499	1017	221	0.217306
figshare-osce	paraformer-en	0	RES0176	1253	216	0.172386	1305	236	0.180843
figshare-osce	paraformer-en	0	RES0177	1129	195	0.172719	1193	206	0.172674
figshare-osce	paraformer-en	0	RES0178	1058	211	0.199433	1125	231	0.205333
figshare-osce	paraformer-en	0	RES0179	1213	195	0.160758	1291	228	0.176607
figshare-osce	paraformer-en	0	RES0180	1009	173	0.171457	1065	184	0.172770
figshare-osce	paraformer-en	0	RES0181	1120	202	0.180357	1184	222	0.187500
figshare-osce	paraformer-en	0	RES0182	894	128	0.143177	945	159	0.168254
figshare-osce	paraformer-en	0	RES0183	1160	188	0.162069	1217	198	0.162695
figshare-osce	paraformer-en	0	RES0184	917	172	0.187568	970	189	0.194845
figshare-osce	paraformer-en	0	RES0185	1023	179	0.174976	1075	186	0.173023
figshare-osce	paraformer-en	0	RES0186	1009	161	0.159564	1069	190	0.177736
figshare-osce	paraformer-en	0	RES0187	1238	214	0.172859	1303	238	0.182655
figshare-osce	paraformer-en	0	RES0188	901	172	0.190899	957	185	0.193312
figshare-osce	paraformer-en	0	RES0189	1385	235	0.169675	1439	270	0.187630
figshare-osce	paraformer-en	0	RES0190	1233	155	0.125710	1290	196	0.151938
figshare-osce	paraformer-en	0	RES0191	881	136	0.154370	927	142	0.153182
figshare-osce	paraformer-en	0	RES0192	1215	210	0.172840	1280	228	0.178125
figshare-osce	paraformer-en	0	RES0193	1372	229	0.166910	1431	246	0.171908
figshare-osce	paraformer-en	0	RES0194	1329	195	0.146727	1395	211	0.151254
figshare-osce	paraformer-en	0	RES0195	1274	208	0.163265	1335	229	0.171536
figshare-osce	paraformer-en	0	RES0196	902	173	0.191796	943	185	0.196182
figshare-osce	paraformer-en	0	RES0197	917	147	0.160305	966	150	0.155280
figshare-osce	paraformer-en	0	RES0198	812	142	0.174877	857	153	0.178530
figshare-osce	paraformer-en	0	RES0199	1096	179	0.163321	1152	202	0.175347
figshare-osce	paraformer-en	0	RES0200	1293	265	0.204950	1351	279	0.206514
figshare-osce	paraformer-en	0	RES0201	1008	192	0.190476	1059	231	0.218130
figshare-osce	paraformer-en	0	RES0202	1455	278	0.191065	1522	307	0.201708
figshare-osce	paraformer-en	0	RES0203	875	166	0.189714	920	186	0.202174
figshare-osce	paraformer-en	0	RES0204	945	128	0.135450	995	163	0.163819
figshare-osce	paraformer-en	0	RES0205	1012	203	0.200593	1049	225	0.214490
figshare-osce	paraformer-en	0	RES0206	1316	288	0.218845	1354	293	0.216396
figshare-osce	paraformer-en	0	RES0207	776	159	0.204897	818	175	0.213936
figshare-osce	paraformer-en	0	RES0208	1286	274	0.213064	1322	296	0.223903
figshare-osce	paraformer-en	0	RES0209	1063	180	0.169332	1108	203	0.183213
figshare-osce	paraformer-en	0	RES0210	1089	183	0.168044	1139	202	0.177349
figshare-osce	paraformer-en	0	RES0211	1358	280	0.206186	1415	292	0.206360
figshare-osce	paraformer-en	0	RES0212	1262	129	0.102219	1304	160	0.122699
figshare-osce	paraformer-en	0	RES0213	1454	189	0.129986	1485	198	0.133333
figshare-osce	paraformer-en	0	RES0214	1085	167	0.153917	1123	179	0.159394
figshare-osce	paraformer-en	0	RES0215	1326	164	0.123680	1386	178	0.128427
figshare-osce	paraformer-en	0	RES0216	1560	219	0.140385	1604	232	0.144638
figshare-osce	paraformer-en	0	RES0217	1463	348	0.237867	1486	350	0.235532
primock57	whisper-distil-v3.5	0	day1_consultation01	1280	177	0.138281	1367	217	0.158742
primock57	whisper-distil-v3.5	0	day1_consultation02	1615	205	0.126935	1672	258	0.154306
primock57	whisper-distil-v3.5	0	day1_consultation03	1496	180	0.120321	1561	227	0.145420
primock57	whisper-distil-v3.5	0	day1_consultation04	1567	249	0.158902	1651	306	0.185342
primock57	whisper-distil-v3.5	0	day1_consultation05	1576	211	0.133883	1632	256	0.156863
primock57	whisper-distil-v3.5	0	day1_consultation06	1749	269	0.153802	1831	336	0.183506
primock57	whisper-distil-v3.5	0	day1_consultation07	2676	504	0.188341	2797	643	0.229889
primock57	whisper-distil-v3.5	0	day1_consultation08	1103	152	0.137806	1163	199	0.171109
primock57	whisper-distil-v3.5	0	day1_consultation09	1485	212	0.142761	1556	266	0.170951
primock57	whisper-distil-v3.5	0	day1_consultation10	1765	285	0.161473	1856	344	0.185345
primock57	whisper-distil-v3.5	0	day1_consultation11	2238	282	0.126005	2326	337	0.144884
primock57	whisper-distil-v3.5	0	day1_consultation12	1096	137	0.125000	1146	178	0.155323
primock57	whisper-distil-v3.5	0	day1_consultation13	1633	122	0.074709	1688	163	0.096564
primock57	whisper-distil-v3.5	0	day1_consultation14	1873	251	0.134010	1945	309	0.158869
primock57	whisper-distil-v3.5	0	day1_consultation15	1194	146	0.122278	1262	193	0.152932
primock57	whisper-distil-v3.5	0	day2_consultation01	1120	123	0.109821	1164	158	0.135739
primock57	whisper-distil-v3.5	0	day2_consultation02	1614	203	0.125774	1685	258	0.153116
primock57	whisper-distil-v3.5	0	day2_consultation03	1349	193	0.143069	1415	242	0.171025
primock57	whisper-distil-v3.5	0	day2_consultation04	1745	171	0.097994	1825	239	0.130959
primock57	whisper-distil-v3.5	0	day2_consultation05	1860	137	0.073656	1917	188	0.098070
primock57	whisper-distil-v3.5	0	day2_consultation06	1856	200	0.107759	1938	254	0.131063
primock57	whisper-distil-v3.5	0	day2_consultation07	1211	155	0.127993	1308	227	0.173547
primock57	whisper-distil-v3.5	0	day2_consultation08	1751	187	0.106796	1806	231	0.127907
primock57	whisper-distil-v3.5	0	day2_consultation09	975	117	0.120000	1015	155	0.152709
primock57	whisper-distil-v3.5	0	day2_consultation10	1725	155	0.089855	1791	214	0.119486
primock57	whisper-distil-v3.5	0	day3_consultation01	1226	158	0.128874	1277	194	0.151919
primock57	whisper-distil-v3.5	0	day3_consultation02	1089	121	0.111111	1137	160	0.140721
primock57	whisper-distil-v3.5	0	day3_consultation03	1762	211	0.119750	1847	266	0.144017
primock57	whisper-distil-v3.5	0	day3_consultation04	1062	143	0.134652	1112	178	0.160072
primock57	whisper-distil-v3.5	0	day3_consultation05	1074	104	0.096834	1121	139	0.123996
primock57	whisper-distil-v3.5	0	day3_consultation06	561	65	0.115865	592	86	0.145270
primock57	whisper-distil-v3.5	0	day3_consultation07	1115	164	0.147085	1177	198	0.168224
primock57	whisper-distil-v3.5	0	day3_consultation08	872	129	0.147936	918	159	0.173203
primock57	whisper-distil-v3.5	0	day3_consultation09	2073	325	0.156778	2130	359	0.168545
primock57	whisper-distil-v3.5	0	day3_consultation10	1300	103	0.079231	1355	140	0.103321
primock57	whisper-distil-v3.5	0	day4_consultation01	1234	123	0.099676	1274	158	0.124019
primock57	whisper-distil-v3.5	0	day4_consultation02	1188	86	0.072391	1244	126	0.101286
primock57	whisper-distil-v3.5	0	day4_consultation03	976	52	0.053279	1023	80	0.078201
primock57	whisper-distil-v3.5	0	day4_consultation04	938	59	0.062900	987	88	0.089159
primock57	whisper-distil-v3.5	0	day4_consultation05	1490	210	0.140940	1564	259	0.165601
primock57	whisper-distil-v3.5	0	day4_consultation06	1590	142	0.089308	1650	189	0.114545
primock57	whisper-distil-v3.5	0	day4_consultation07	1698	210	0.123675	1745	242	0.138682
primock57	whisper-distil-v3.5	0	day4_consultation08	1632	202	0.123775	1691	235	0.138971
primock57	whisper-distil-v3.5	0	day4_consultation09	1622	202	0.124538	1698	245	0.144287
primock57	whisper-distil-v3.5	0	day4_consultation10	1593	145	0.091023	1669	190	0.113841
primock57	whisper-distil-v3.5	0	day5_consultation01	1191	118	0.099076	1242	151	0.121578
primock57	whisper-distil-v3.5	0	day5_consultation02	1048	72	0.068702	1082	104	0.096118
primock57	whisper-distil-v3.5	0	day5_consultation03	2429	188	0.077398	2488	228	0.091640
primock57	whisper-distil-v3.5	0	day5_consultation04	1207	201	0.166529	1269	247	0.194641
primock57	whisper-distil-v3.5	0	day5_consultation05	853	96	0.112544	901	130	0.144284
primock57	whisper-distil-v3.5	0	day5_consultation06	1469	167	0.113683	1531	221	0.144350
primock57	whisper-distil-v3.5	0	day5_consultation07	1183	118	0.099746	1234	154	0.124797
primock57	whisper-distil-v3.5	0	day5_consultation08	1208	89	0.073675	1271	119	0.093627
primock57	whisper-distil-v3.5	0	day5_consultation09	1315	184	0.139924	1364	213	0.156158
primock57	whisper-distil-v3.5	0	day5_consultation10	1505	163	0.108306	1542	192	0.124514
primock57	whisper-distil-v3.5	0	day5_consultation11	1965	142	0.072265	2000	169	0.084500
primock57	whisper-distil-v3.5	0	day5_consultation12	767	60	0.078227	787	80	0.101652
primock57	whisper-turbo	0	day1_consultation01	1280	194	0.151562	1367	239	0.174835
primock57	whisper-turbo	0	day1_consultation02	1615	221	0.136842	1672	276	0.165072
primock57	whisper-turbo	0	day1_consultation03	1496	214	0.143048	1561	263	0.168482
primock57	whisper-turbo	0	day1_consultation04	1567	313	0.199745	1651	371	0.224712
primock57	whisper-turbo	0	day1_consultation05	1576	202	0.128173	1632	248	0.151961
primock57	whisper-turbo	0	day1_consultation06	1749	275	0.157233	1831	344	0.187875
primock57	whisper-turbo	0	day1_consultation07	2676	792	0.295964	2797	880	0.314623
primock57	whisper-turbo	0	day1_consultation08	1103	175	0.158658	1163	221	0.190026
primock57	whisper-turbo	0	day1_consultation09	1485	269	0.181145	1556	323	0.207584
primock57	whisper-turbo	0	day1_consultation10	1765	345	0.195467	1856	415	0.223599
primock57	whisper-turbo	0	day1_consultation11	2238	292	0.130474	2326	347	0.149183
primock57	whisper-turbo	0	day1_consultation12	1096	190	0.173358	1146	235	0.205061
primock57	whisper-turbo	0	day1_consultation13	1633	167	0.102266	1688	208	0.123223
primock57	whisper-turbo	0	day1_consultation14	1873	250	0.133476	1945	310	0.159383
primock57	whisper-turbo	0	day1_consultation15	1194	165	0.138191	1262	212	0.167987
primock57	whisper-turbo	0	day2_consultation01	1120	133	0.118750	1164	170	0.146048
primock57	whisper-turbo	0	day2_consultation02	1614	206	0.127633	1685	263	0.156083
primock57	whisper-turbo	0	day2_consultation03	1349	222	0.164566	1415	271	0.191519
primock57	whisper-turbo	0	day2_consultation04	1745	240	0.137536	1825	308	0.168767
primock57	whisper-turbo	0	day2_consultation05	1860	155	0.083333	1917	206	0.107460
primock57	whisper-turbo	0	day2_consultation06	1856	213	0.114763	1938	271	0.139835
primock57	whisper-turbo	0	day2_consultation07	1211	153	0.126342	1308	222	0.169725
primock57	whisper-turbo	0	day2_consultation08	1751	179	0.102227	1806	226	0.125138
primock57	whisper-turbo	0	day2_consultation09	975	114	0.116923	1015	152	0.149754
primock57	whisper-turbo	0	day2_consultation10	1725	185	0.107246	1791	240	0.134003
primock57	whisper-turbo	0	day3_consultation01	1226	165	0.134584	1277	202	0.158183
primock57	whisper-turbo	0	day3_consultation02	1089	154	0.141414	1137	196	0.172383
primock57	whisper-turbo	0	day3_consultation03	1762	233	0.132236	1847	292	0.158094
primock57	whisper-turbo	0	day3_consultation04	1062	151	0.142185	1112	186	0.167266
primock57	whisper-turbo	0	day3_consultation05	1074	104	0.096834	1121	138	0.123104
primock57	whisper-turbo	0	day3_consultation06	561	56	0.099822	592	78	0.131757
primock57	whisper-turbo	0	day3_consultation07	1115	145	0.130045	1177	180	0.152931
primock57	whisper-turbo	0	day3_consultation08	872	107	0.122706	918	138	0.150327
primock57	whisper-turbo	0	day3_consultation09	2073	204	0.098408	2130	243	0.114085
primock57	whisper-turbo	0	day3_consultation10	1300	106	0.081538	1355	145	0.107011
primock57	whisper-turbo	0	day4_consultation01	1234	128	0.103728	1274	161	0.126374
primock57	whisper-turbo	0	day4_consultation02	1188	89	0.074916	1244	132	0.106109
primock57	whisper-turbo	0	day4_consultation03	976	61	0.062500	1023	92	0.089932
primock57	whisper-turbo	0	day4_consultation04	938	69	0.073561	987	100	0.101317
primock57	whisper-turbo	0	day4_consultation05	1490	283	0.189933	1564	341	0.218031
primock57	whisper-turbo	0	day4_consultation06	1590	158	0.099371	1650	201	0.121818
primock57	whisper-turbo	0	day4_consultation07	1698	247	0.145465	1745	281	0.161032
primock57	whisper-turbo	0	day4_consultation08	1632	211	0.129289	1691	247	0.146067
primock57	whisper-turbo	0	day4_consultation09	1622	210	0.129470	1698	261	0.153710
primock57	whisper-turbo	0	day4_consultation10	1593	182	0.114250	1669	228	0.136609
primock57	whisper-turbo	0	day5_consultation01	1191	144	0.120907	1242	181	0.145733
primock57	whisper-turbo	0	day5_consultation02	1048	80	0.076336	1082	112	0.103512
primock57	whisper-turbo	0	day5_consultation03	2429	255	0.104981	2488	295	0.118569
primock57	whisper-turbo	0	day5_consultation04	1207	213	0.176471	1269	258	0.203310
primock57	whisper-turbo	0	day5_consultation05	853	100	0.117233	901	138	0.153163
primock57	whisper-turbo	0	day5_consultation06	1469	179	0.121852	1531	231	0.150882
primock57	whisper-turbo	0	day5_consultation07	1183	124	0.104818	1234	165	0.133712
primock57	whisper-turbo	0	day5_consultation08	1208	85	0.070364	1271	117	0.092054
primock57	whisper-turbo	0	day5_consultation09	1315	182	0.138403	1364	214	0.156891
primock57	whisper-turbo	0	day5_consultation10	1505	167	0.110963	1542	197	0.127756
primock57	whisper-turbo	0	day5_consultation11	1965	159	0.080916	2000	186	0.093000
primock57	whisper-turbo	0	day5_consultation12	767	62	0.080834	787	78	0.099111
primock57	whisper-base-en	0	day1_consultation01	1280	270	0.210938	1367	312	0.228237
primock57	whisper-base-en	0	day1_consultation02	1615	269	0.166563	1672	323	0.193182
primock57	whisper-base-en	0	day1_consultation03	1496	296	0.197861	1561	344	0.220372
primock57	whisper-base-en	0	day1_consultation04	1567	398	0.253989	1651	453	0.274379
primock57	whisper-base-en	0	day1_consultation05	1576	304	0.192893	1632	350	0.214461
primock57	whisper-base-en	0	day1_consultation06	1749	355	0.202973	1831	422	0.230475
primock57	whisper-base-en	0	day1_consultation07	2676	897	0.335202	2797	972	0.347515
primock57	whisper-base-en	0	day1_consultation08	1103	251	0.227561	1163	296	0.254514
primock57	whisper-base-en	0	day1_consultation09	1485	354	0.238384	1556	406	0.260925
primock57	whisper-base-en	0	day1_consultation10	1765	539	0.305382	1856	603	0.324892
primock57	whisper-base-en	0	day1_consultation11	2238	510	0.227882	2326	561	0.241187
primock57	whisper-base-en	0	day1_consultation12	1096	189	0.172445	1146	230	0.200698
primock57	whisper-base-en	0	day1_consultation13	1633	225	0.137783	1688	268	0.158768
primock57	whisper-base-en	0	day1_consultation14	1873	359	0.191671	1945	420	0.215938
primock57	whisper-base-en	0	day1_consultation15	1194	263	0.220268	1262	310	0.245642
primock57	whisper-base-en	0	day2_consultation01	1120	163	0.145536	1164	200	0.171821
primock57	whisper-base-en	0	day2_consultation02	1614	317	0.196406	1685	369	0.218991
primock57	whisper-base-en	0	day2_consultation03	1349	314	0.232765	1415	367	0.259364
primock57	whisper-base-en	0	day2_consultation04	1745	300	0.171920	1825	368	0.201644
primock57	whisper-base-en	0	day2_consultation05	1860	266	0.143011	1917	316	0.164841
primock57	whisper-base-en	0	day2_consultation06	1856	253	0.136315	1938	308	0.158927
primock57	whisper-base-en	0	day2_consultation07	1211	195	0.161024	1308	263	0.201070
primock57	whisper-base-en	0	day2_consultation08	1751	279	0.159338	1806	321	0.177741
primock57	whisper-base-en	0	day2_consultation09	975	144	0.147692	1015	177	0.174384
primock57	whisper-base-en	0	day2_consultation10	1725	239	0.138551	1791	289	0.161362
primock57	whisper-base-en	0	day3_consultation01	1226	239	0.194943	1277	275	0.215348
primock57	whisper-base-en	0	day3_consultation02	1089	157	0.144169	1137	196	0.172383
primock57	whisper-base-en	0	day3_consultation03	1762	293	0.166288	1847	350	0.189496
primock57	whisper-base-en	0	day3_consultation04	1062	220	0.207156	1112	259	0.232914
primock57	whisper-base-en	0	day3_consultation05	1074	168	0.156425	1121	206	0.183764
primock57	whisper-base-en	0	day3_consultation06	561	84	0.149733	592	107	0.180743
primock57	whisper-base-en	0	day3_consultation07	1115	269	0.241256	1177	303	0.257434
primock57	whisper-base-en	0	day3_consultation08	872	125	0.143349	918	155	0.168845
primock57	whisper-base-en	0	day3_consultation09	2073	213	0.102750	2130	252	0.118310
primock57	whisper-base-en	0	day3_consultation10	1300	121	0.093077	1355	158	0.116605
primock57	whisper-base-en	0	day4_consultation01	1234	193	0.156402	1274	227	0.178179
primock57	whisper-base-en	0	day4_consultation02	1188	111	0.093434	1244	157	0.126206
primock57	whisper-base-en	0	day4_consultation03	976	86	0.088115	1023	113	0.110459
primock57	whisper-base-en	0	day4_consultation04	938	96	0.102345	987	127	0.128673
primock57	whisper-base-en	0	day4_consultation05	1490	307	0.206040	1564	363	0.232097
primock57	whisper-base-en	0	day4_consultation06	1590	198	0.124528	1650	239	0.144848
primock57	whisper-base-en	0	day4_consultation07	1698	379	0.223204	1745	418	0.239542
primock57	whisper-base-en	0	day4_consultation08	1632	267	0.163603	1691	303	0.179184
primock57	whisper-base-en	0	day4_consultation09	1622	298	0.183724	1698	346	0.203769
primock57	whisper-base-en	0	day4_consultation10	1593	262	0.164470	1669	304	0.182145
primock57	whisper-base-en	0	day5_consultation01	1191	273	0.229219	1242	308	0.247987
primock57	whisper-base-en	0	day5_consultation02	1048	116	0.110687	1082	147	0.135860
primock57	whisper-base-en	0	day5_consultation03	2429	394	0.162207	2488	430	0.172830
primock57	whisper-base-en	0	day5_consultation04	1207	300	0.248550	1269	346	0.272656
primock57	whisper-base-en	0	day5_consultation05	853	123	0.144197	901	160	0.177580
primock57	whisper-base-en	0	day5_consultation06	1469	254	0.172907	1531	305	0.199216
primock57	whisper-base-en	0	day5_consultation07	1183	185	0.156382	1234	227	0.183955
primock57	whisper-base-en	0	day5_consultation08	1208	144	0.119205	1271	175	0.137687
primock57	whisper-base-en	0	day5_consultation09	1315	244	0.185551	1364	273	0.200147
primock57	whisper-base-en	0	day5_consultation10	1505	295	0.196013	1542	326	0.211414
primock57	whisper-base-en	0	day5_consultation11	1965	245	0.124682	2000	272	0.136000
primock57	whisper-base-en	0	day5_consultation12	767	183	0.238592	787	202	0.256671
primock57	qwen3-asr	0	day1_consultation01	1280	177	0.138281	1367	214	0.156547
primock57	qwen3-asr	0	day1_consultation02	1615	219	0.135604	1672	274	0.163876
primock57	qwen3-asr	0	day1_consultation03	1496	211	0.141043	1561	259	0.165919
primock57	qwen3-asr	0	day1_consultation04	1567	237	0.151244	1651	296	0.179285
primock57	qwen3-asr	0	day1_consultation05	1576	217	0.137690	1632	263	0.161152
primock57	qwen3-asr	0	day1_consultation06	1749	321	0.183533	1831	388	0.211906
primock57	qwen3-asr	0	day1_consultation07	2676	512	0.191330	2797	582	0.208080
primock57	qwen3-asr	0	day1_consultation08	1103	190	0.172257	1163	236	0.202923
primock57	qwen3-asr	0	day1_consultation09	1485	189	0.127273	1556	243	0.156170
primock57	qwen3-asr	0	day1_consultation10	1765	289	0.163739	1856	351	0.189116
primock57	qwen3-asr	0	day1_consultation11	2238	312	0.139410	2326	367	0.157782
primock57	qwen3-asr	0	day1_consultation12	1096	122	0.111314	1146	161	0.140489
primock57	qwen3-asr	0	day1_consultation13	1633	152	0.093080	1688	196	0.116114
primock57	qwen3-asr	0	day1_consultation14	1873	241	0.128671	1945	299	0.153728
primock57	qwen3-asr	0	day1_consultation15	1194	177	0.148241	1262	223	0.176704
primock57	qwen3-asr	0	day2_consultation01	1120	122	0.108929	1164	160	0.137457
primock57	qwen3-asr	0	day2_consultation02	1614	196	0.121437	1685	254	0.150742
primock57	qwen3-asr	0	day2_consultation03	1349	215	0.159377	1415	268	0.189399
primock57	qwen3-asr	0	day2_consultation04	1745	174	0.099713	1825	241	0.132055
primock57	qwen3-asr	0	day2_consultation05	1860	174	0.093548	1917	226	0.117893
primock57	qwen3-asr	0	day2_consultation06	1856	277	0.149246	1938	336	0.173375
primock57	qwen3-asr	0	day2_consultation07	1211	139	0.114781	1308	211	0.161315
primock57	qwen3-asr	0	day2_consultation08	1751	162	0.092519	1806	206	0.114064
primock57	qwen3-asr	0	day2_consultation09	975	112	0.114872	1015	150	0.147783
primock57	qwen3-asr	0	day2_consultation10	1725	141	0.081739	1791	197	0.109994
primock57	qwen3-asr	0	day3_consultation01	1226	165	0.134584	1277	198	0.155051
primock57	qwen3-asr	0	day3_consultation02	1089	118	0.108356	1137	158	0.138962
primock57	qwen3-asr	0	day3_consultation03	1762	309	0.175369	1847	363	0.196535
primock57	qwen3-asr	0	day3_consultation04	1062	143	0.134652	1112	179	0.160971
primock57	qwen3-asr	0	day3_consultation05	1074	97	0.090317	1121	131	0.116860
primock57	qwen3-asr	0	day3_consultation06	561	63	0.112299	592	81	0.136824
primock57	qwen3-asr	0	day3_consultation07	1115	159	0.142601	1177	189	0.160578
primock57	qwen3-asr	0	day3_consultation08	872	109	0.125000	918	142	0.154684
primock57	qwen3-asr	0	day3_consultation09	2073	171	0.082489	2130	205	0.096244
primock57	qwen3-asr	0	day3_consultation10	1300	136	0.104615	1355	175	0.129151
primock57	qwen3-asr	0	day4_consultation01	1234	128	0.103728	1274	162	0.127159
primock57	qwen3-asr	0	day4_consultation02	1188	81	0.068182	1244	122	0.098071
primock57	qwen3-asr	0	day4_consultation03	976	60	0.061475	1023	90	0.087977
primock57	qwen3-asr	0	day4_consultation04	938	61	0.065032	987	91	0.092199
primock57	qwen3-asr	0	day4_consultation05	1490	205	0.137584	1564	253	0.161765
primock57	qwen3-asr	0	day4_consultation06	1590	160	0.100629	1650	203	0.123030
primock57	qwen3-asr	0	day4_consultation07	1698	237	0.139576	1745	271	0.155301
primock57	qwen3-asr	0	day4_consultation08	1632	195	0.119485	1691	233	0.137788
primock57	qwen3-asr	0	day4_consultation09	1622	250	0.154131	1698	299	0.176090
primock57	qwen3-asr	0	day4_consultation10	1593	147	0.092279	1669	186	0.111444
primock57	qwen3-asr	0	day5_consultation01	1191	195	0.163728	1242	231	0.185990
primock57	qwen3-asr	0	day5_consultation02	1048	75	0.071565	1082	112	0.103512
primock57	qwen3-asr	0	day5_consultation03	2429	320	0.131741	2488	361	0.145096
primock57	qwen3-asr	0	day5_consultation04	1207	206	0.170671	1269	250	0.197006
primock57	qwen3-asr	0	day5_consultation05	853	108	0.126612	901	147	0.163152
primock57	qwen3-asr	0	day5_consultation06	1469	159	0.108237	1531	209	0.136512
primock57	qwen3-asr	0	day5_consultation07	1183	103	0.087067	1234	144	0.116694
primock57	qwen3-asr	0	day5_consultation08	1208	82	0.067881	1271	113	0.088906
primock57	qwen3-asr	0	day5_consultation09	1315	191	0.145247	1364	217	0.159091
primock57	qwen3-asr	0	day5_consultation10	1505	171	0.113621	1542	200	0.129702
primock57	qwen3-asr	0	day5_consultation11	1965	133	0.067684	2000	161	0.080500
primock57	qwen3-asr	0	day5_consultation12	767	71	0.092568	787	90	0.114358
primock57	parakeet-tdt-0.6b-v2	0	day1_consultation01	1280	158	0.123438	1367	194	0.141917
primock57	parakeet-tdt-0.6b-v2	0	day1_consultation02	1615	208	0.128793	1672	261	0.156100
primock57	parakeet-tdt-0.6b-v2	0	day1_consultation03	1496	193	0.129011	1561	241	0.154388
primock57	parakeet-tdt-0.6b-v2	0	day1_consultation04	1567	250	0.159541	1651	308	0.186554
primock57	parakeet-tdt-0.6b-v2	0	day1_consultation05	1576	172	0.109137	1632	218	0.133578
primock57	parakeet-tdt-0.6b-v2	0	day1_consultation06	1749	260	0.148656	1831	327	0.178591
primock57	parakeet-tdt-0.6b-v2	0	day1_consultation07	2676	535	0.199925	2797	613	0.219163
primock57	parakeet-tdt-0.6b-v2	0	day1_consultation08	1103	124	0.112421	1163	169	0.145314
primock57	parakeet-tdt-0.6b-v2	0	day1_consultation09	1485	226	0.152189	1556	280	0.179949
primock57	parakeet-tdt-0.6b-v2	0	day1_consultation10	1765	274	0.155241	1856	337	0.181573
primock57	parakeet-tdt-0.6b-v2	0	day1_consultation11	2238	326	0.145666	2326	382	0.164230
primock57	parakeet-tdt-0.6b-v2	0	day1_consultation12	1096	126	0.114964	1146	167	0.145724
primock57	parakeet-tdt-0.6b-v2	0	day1_consultation13	1633	127	0.077771	1688	167	0.098934
primock57	parakeet-tdt-0.6b-v2	0	day1_consultation14	1873	247	0.131874	1945	306	0.157326
primock57	parakeet-tdt-0.6b-v2	0	day1_consultation15	1194	163	0.136516	1262	210	0.166403
primock57	parakeet-tdt-0.6b-v2	0	day2_consultation01	1120	132	0.117857	1164	170	0.146048
primock57	parakeet-tdt-0.6b-v2	0	day2_consultation02	1614	205	0.127014	1685	261	0.154896
primock57	parakeet-tdt-0.6b-v2	0	day2_consultation03	1349	204	0.151223	1415	256	0.180919
primock57	parakeet-tdt-0.6b-v2	0	day2_consultation04	1745	185	0.106017	1825	251	0.137534
primock57	parakeet-tdt-0.6b-v2	0	day2_consultation05	1860	141	0.075806	1917	191	0.099635
primock57	parakeet-tdt-0.6b-v2	0	day2_consultation06	1856	197	0.106142	1938	256	0.132095
primock57	parakeet-tdt-0.6b-v2	0	day2_consultation07	1211	150	0.123865	1308	222	0.169725
primock57	parakeet-tdt-0.6b-v2	0	day2_consultation08	1751	165	0.094232	1806	211	0.116833
primock57	parakeet-tdt-0.6b-v2	0	day2_consultation09	975	97	0.099487	1015	136	0.133990
primock57	parakeet-tdt-0.6b-v2	0	day2_consultation10	1725	124	0.071884	1791	181	0.101061
primock57	parakeet-tdt-0.6b-v2	0	day3_consultation01	1226	157	0.128059	1277	191	0.149569
primock57	parakeet-tdt-0.6b-v2	0	day3_consultation02	1089	120	0.110193	1137	160	0.140721
primock57	parakeet-tdt-0.6b-v2	0	day3_consultation03	1762	228	0.129398	1847	285	0.154304
primock57	parakeet-tdt-0.6b-v2	0	day3_consultation04	1062	149	0.140301	1112	184	0.165468
primock57	parakeet-tdt-0.6b-v2	0	day3_consultation05	1074	122	0.113594	1121	155	0.138269
primock57	parakeet-tdt-0.6b-v2	0	day3_consultation06	561	60	0.106952	592	81	0.136824
primock57	parakeet-tdt-0.6b-v2	0	day3_consultation07	1115	158	0.141704	1177	192	0.163127
primock57	parakeet-tdt-0.6b-v2	0	day3_consultation08	872	111	0.127294	918	141	0.153595
primock57	parakeet-tdt-0.6b-v2	0	day3_consultation09	2073	168	0.081042	2130	202	0.094836
primock57	parakeet-tdt-0.6b-v2	0	day3_consultation10	1300	90	0.069231	1355	129	0.095203
primock57	parakeet-tdt-0.6b-v2	0	day4_consultation01	1234	114	0.092382	1274	148	0.116170
primock57	parakeet-tdt-0.6b-v2	0	day4_consultation02	1188	89	0.074916	1244	127	0.102090
primock57	parakeet-tdt-0.6b-v2	0	day4_consultation03	976	56	0.057377	1023	88	0.086022
primock57	parakeet-tdt-0.6b-v2	0	day4_consultation04	938	68	0.072495	987	98	0.099291
primock57	parakeet-tdt-0.6b-v2	0	day4_consultation05	1490	209	0.140268	1564	264	0.168798
primock57	parakeet-tdt-0.6b-v2	0	day4_consultation06	1590	138	0.086792	1650	183	0.110909
primock57	parakeet-tdt-0.6b-v2	0	day4_consultation07	1698	194	0.114252	1745	228	0.130659
primock57	parakeet-tdt-0.6b-v2	0	day4_consultation08	1632	211	0.129289	1691	245	0.144885
primock57	parakeet-tdt-0.6b-v2	0	day4_consultation09	1622	176	0.108508	1698	224	0.131920
primock57	parakeet-tdt-0.6b-v2	0	day4_consultation10	1593	164	0.102950	1669	210	0.125824
primock57	parakeet-tdt-0.6b-v2	0	day5_consultation01	1191	111	0.093199	1242	145	0.116747
primock57	parakeet-tdt-0.6b-v2	0	day5_consultation02	1048	74	0.070611	1082	108	0.099815
primock57	parakeet-tdt-0.6b-v2	0	day5_consultation03	2429	210	0.086455	2488	250	0.100482
primock57	parakeet-tdt-0.6b-v2	0	day5_consultation04	1207	198	0.164043	1269	246	0.193853
primock57	parakeet-tdt-0.6b-v2	0	day5_consultation05	853	87	0.101993	901	121	0.134295
primock57	parakeet-tdt-0.6b-v2	0	day5_consultation06	1469	149	0.101430	1531	202	0.131940
primock57	parakeet-tdt-0.6b-v2	0	day5_consultation07	1183	106	0.089603	1234	144	0.116694
primock57	parakeet-tdt-0.6b-v2	0	day5_consultation08	1208	84	0.069536	1271	114	0.089693
primock57	parakeet-tdt-0.6b-v2	0	day5_consultation09	1315	149	0.113308	1364	174	0.127566
primock57	parakeet-tdt-0.6b-v2	0	day5_consultation10	1505	160	0.106312	1542	189	0.122568
primock57	parakeet-tdt-0.6b-v2	0	day5_consultation11	1965	153	0.077863	2000	181	0.090500
primock57	parakeet-tdt-0.6b-v2	0	day5_consultation12	767	63	0.082138	787	82	0.104193
primock57	nemo-fastconformer	0	day1_consultation01	1280	373	0.291406	1367	437	0.319678
primock57	nemo-fastconformer	0	day1_consultation02	1615	425	0.263158	1672	481	0.287679
primock57	nemo-fastconformer	0	day1_consultation03	1496	537	0.358957	1561	599	0.383728
primock57	nemo-fastconformer	0	day1_consultation04	1567	498	0.317805	1651	568	0.344034
primock57	nemo-fastconformer	0	day1_consultation05	1576	497	0.315355	1632	547	0.335172
primock57	nemo-fastconformer	0	day1_consultation06	1749	509	0.291023	1831	582	0.317859
primock57	nemo-fastconformer	0	day1_consultation07	2676	1200	0.448430	2797	1311	0.468716
primock57	nemo-fastconformer	0	day1_consultation08	1103	423	0.383500	1163	479	0.411866
primock57	nemo-fastconformer	0	day1_consultation09	1485	480	0.323232	1556	540	0.347044
primock57	nemo-fastconformer	0	day1_consultation10	1765	750	0.424929	1856	831	0.447737
primock57	nemo-fastconformer	0	day1_consultation11	2238	689	0.307864	2326	751	0.322872
primock57	nemo-fastconformer	0	day1_consultation12	1096	323	0.294708	1146	370	0.322862
primock57	nemo-fastconformer	0	day1_consultation13	1633	416	0.254746	1688	467	0.276659
primock57	nemo-fastconformer	0	day1_consultation14	1873	625	0.333689	1945	689	0.354242
primock57	nemo-fastconformer	0	day1_consultation15	1194	408	0.341709	1262	467	0.370048
primock57	nemo-fastconformer	0	day2_consultation01	1120	275	0.245536	1164	318	0.273196
primock57	nemo-fastconformer	0	day2_consultation02	1614	492	0.304833	1685	555	0.329377
primock57	nemo-fastconformer	0	day2_consultation03	1349	663	0.491475	1415	725	0.512367
primock57	nemo-fastconformer	0	day2_consultation04	1745	597	0.342120	1825	673	0.368767
primock57	nemo-fastconformer	0	day2_consultation05	1860	589	0.316667	1917	643	0.335420
primock57	nemo-fastconformer	0	day2_consultation06	1856	511	0.275323	1938	581	0.299794
primock57	nemo-fastconformer	0	day2_consultation07	1211	314	0.259290	1308	399	0.305046
primock57	nemo-fastconformer	0	day2_consultation08	1751	637	0.363792	1806	686	0.379845
primock57	nemo-fastconformer	0	day2_consultation09	975	284	0.291282	1015	321	0.316256
primock57	nemo-fastconformer	0	day2_consultation10	1725	399	0.231304	1791	458	0.255723
primock57	nemo-fastconformer	0	day3_consultation01	1226	487	0.397227	1277	532	0.416601
primock57	nemo-fastconformer	0	day3_consultation02	1089	312	0.286501	1137	356	0.313105
primock57	nemo-fastconformer	0	day3_consultation03	1762	611	0.346765	1847	687	0.371955
primock57	nemo-fastconformer	0	day3_consultation04	1062	360	0.338983	1112	407	0.366007
primock57	nemo-fastconformer	0	day3_consultation05	1074	384	0.357542	1121	430	0.383586
primock57	nemo-fastconformer	0	day3_consultation06	561	228	0.406417	592	256	0.432432
primock57	nemo-fastconformer	0	day3_consultation07	1115	496	0.444843	1177	554	0.470688
primock57	nemo-fastconformer	0	day3_consultation08	872	325	0.372706	918	371	0.404139
primock57	nemo-fastconformer	0	day3_consultation09	2073	493	0.237820	2130	548	0.257277
primock57	nemo-fastconformer	0	day3_consultation10	1300	349	0.268462	1355	399	0.294465
primock57	nemo-fastconformer	0	day4_consultation01	1234	334	0.270665	1274	369	0.289639
primock57	nemo-fastconformer	0	day4_consultation02	1188	244	0.205387	1244	291	0.233923
primock57	nemo-fastconformer	0	day4_consultation03	976	189	0.193648	1023	230	0.224829
primock57	nemo-fastconformer	0	day4_consultation04	938	252	0.268657	987	293	0.296859
primock57	nemo-fastconformer	0	day4_consultation05	1490	439	0.294631	1564	509	0.325448
primock57	nemo-fastconformer	0	day4_consultation06	1590	442	0.277987	1650	498	0.301818
primock57	nemo-fastconformer	0	day4_consultation07	1698	597	0.351590	1745	640	0.366762
primock57	nemo-fastconformer	0	day4_consultation08	1632	486	0.297794	1691	539	0.318746
primock57	nemo-fastconformer	0	day4_consultation09	1622	582	0.358816	1698	647	0.381037
primock57	nemo-fastconformer	0	day4_consultation10	1593	597	0.374765	1669	661	0.396046
primock57	nemo-fastconformer	0	day5_consultation01	1191	439	0.368598	1242	482	0.388084
primock57	nemo-fastconformer	0	day5_consultation02	1048	299	0.285305	1082	334	0.308688
primock57	nemo-fastconformer	0	day5_consultation03	2429	887	0.365171	2488	939	0.377412
primock57	nemo-fastconformer	0	day5_consultation04	1207	507	0.420050	1269	563	0.443656
primock57	nemo-fastconformer	0	day5_consultation05	853	275	0.322392	901	318	0.352941
primock57	nemo-fastconformer	0	day5_consultation06	1469	628	0.427502	1531	685	0.447420
primock57	nemo-fastconformer	0	day5_consultation07	1183	401	0.338969	1234	450	0.364668
primock57	nemo-fastconformer	0	day5_consultation08	1208	284	0.235099	1271	338	0.265932
primock57	nemo-fastconformer	0	day5_consultation09	1315	595	0.452471	1364	641	0.469941
primock57	nemo-fastconformer	0	day5_consultation10	1505	572	0.380066	1542	606	0.392996
primock57	nemo-fastconformer	0	day5_consultation11	1965	390	0.198473	2000	420	0.210000
primock57	nemo-fastconformer	0	day5_consultation12	767	289	0.376793	787	307	0.390089
primock57	nemo-fastconformer-int8	0	day1_consultation01	1280	365	0.285156	1367	427	0.312363
primock57	nemo-fastconformer-int8	0	day1_consultation02	1615	402	0.248916	1672	458	0.273923
primock57	nemo-fastconformer-int8	0	day1_consultation03	1496	506	0.338235	1561	565	0.361947
primock57	nemo-fastconformer-int8	0	day1_consultation04	1567	459	0.292916	1651	526	0.318595
primock57	nemo-fastconformer-int8	0	day1_consultation05	1576	486	0.308376	1632	536	0.328431
primock57	nemo-fastconformer-int8	0	day1_consultation06	1749	447	0.255575	1831	515	0.281267
primock57	nemo-fastconformer-int8	0	day1_consultation07	2676	1181	0.441330	2797	1294	0.462639
primock57	nemo-fastconformer-int8	0	day1_consultation08	1103	413	0.374433	1163	468	0.402408
primock57	nemo-fastconformer-int8	0	day1_consultation09	1485	471	0.317172	1556	527	0.338689
primock57	nemo-fastconformer-int8	0	day1_consultation10	1765	715	0.405099	1856	795	0.428341
primock57	nemo-fastconformer-int8	0	day1_consultation11	2238	656	0.293119	2326	721	0.309974
primock57	nemo-fastconformer-int8	0	day1_consultation12	1096	296	0.270073	1146	344	0.300175
primock57	nemo-fastconformer-int8	0	day1_consultation13	1633	412	0.252296	1688	462	0.273697
primock57	nemo-fastconformer-int8	0	day1_consultation14	1873	607	0.324079	1945	672	0.345501
primock57	nemo-fastconformer-int8	0	day1_consultation15	1194	377	0.315745	1262	433	0.343106
primock57	nemo-fastconformer-int8	0	day2_consultation01	1120	261	0.233036	1164	302	0.259450
primock57	nemo-fastconformer-int8	0	day2_consultation02	1614	470	0.291202	1685	532	0.315727
primock57	nemo-fastconformer-int8	0	day2_consultation03	1349	656	0.486286	1415	719	0.508127
primock57	nemo-fastconformer-int8	0	day2_consultation04	1745	558	0.319771	1825	632	0.346301
primock57	nemo-fastconformer-int8	0	day2_consultation05	1860	549	0.295161	1917	602	0.314032
primock57	nemo-fastconformer-int8	0	day2_consultation06	1856	454	0.244612	1938	521	0.268834
primock57	nemo-fastconformer-int8	0	day2_consultation07	1211	287	0.236994	1308	371	0.283639
primock57	nemo-fastconformer-int8	0	day2_consultation08	1751	566	0.323244	1806	616	0.341085
primock57	nemo-fastconformer-int8	0	day2_consultation09	975	283	0.290256	1015	322	0.317241
primock57	nemo-fastconformer-int8	0	day2_consultation10	1725	408	0.236522	1791	468	0.261307
primock57	nemo-fastconformer-int8	0	day3_consultation01	1226	409	0.333605	1277	449	0.351605
primock57	nemo-fastconformer-int8	0	day3_consultation02	1089	285	0.261708	1137	328	0.288478
primock57	nemo-fastconformer-int8	0	day3_consultation03	1762	510	0.289444	1847	582	0.315106
primock57	nemo-fastconformer-int8	0	day3_consultation04	1062	353	0.332392	1112	396	0.356115
primock57	nemo-fastconformer-int8	0	day3_consultation05	1074	342	0.318436	1121	388	0.346120
primock57	nemo-fastconformer-int8	0	day3_consultation06	561	167	0.297683	592	194	0.327703
primock57	nemo-fastconformer-int8	0	day3_consultation07	1115	444	0.398206	1177	498	0.423110
primock57	nemo-fastconformer-int8	0	day3_consultation08	872	279	0.319954	918	323	0.351852
primock57	nemo-fastconformer-int8	0	day3_consultation09	2073	429	0.206946	2130	482	0.226291
primock57	nemo-fastconformer-int8	0	day3_consultation10	1300	301	0.231538	1355	351	0.259041
primock57	nemo-fastconformer-int8	0	day4_consultation01	1234	314	0.254457	1274	350	0.274725
primock57	nemo-fastconformer-int8	0	day4_consultation02	1188	213	0.179293	1244	261	0.209807
primock57	nemo-fastconformer-int8	0	day4_consultation03	976	179	0.183402	1023	220	0.215054
primock57	nemo-fastconformer-int8	0	day4_consultation04	938	225	0.239872	987	266	0.269504
primock57	nemo-fastconformer-int8	0	day4_consultation05	1490	405	0.271812	1564	470	0.300512
primock57	nemo-fastconformer-int8	0	day4_consultation06	1590	366	0.230189	1650	419	0.253939
primock57	nemo-fastconformer-int8	0	day4_consultation07	1698	543	0.319788	1745	587	0.336390
primock57	nemo-fastconformer-int8	0	day4_consultation08	1632	429	0.262868	1691	481	0.284447
primock57	nemo-fastconformer-int8	0	day4_consultation09	1622	536	0.330456	1698	596	0.351001
primock57	nemo-fastconformer-int8	0	day4_consultation10	1593	562	0.352793	1669	621	0.372079
primock57	nemo-fastconformer-int8	0	day5_consultation01	1191	412	0.345928	1242	455	0.366345
primock57	nemo-fastconformer-int8	0	day5_consultation02	1048	240	0.229008	1082	275	0.254159
primock57	nemo-fastconformer-int8	0	day5_consultation03	2429	821	0.337999	2488	871	0.350080
primock57	nemo-fastconformer-int8	0	day5_consultation04	1207	466	0.386081	1269	522	0.411348
primock57	nemo-fastconformer-int8	0	day5_consultation05	853	244	0.286049	901	286	0.317425
primock57	nemo-fastconformer-int8	0	day5_consultation06	1469	535	0.364193	1531	594	0.387982
primock57	nemo-fastconformer-int8	0	day5_consultation07	1183	346	0.292477	1234	393	0.318476
primock57	nemo-fastconformer-int8	0	day5_consultation08	1208	276	0.228477	1271	327	0.257278
primock57	nemo-fastconformer-int8	0	day5_consultation09	1315	540	0.410646	1364	585	0.428886
primock57	nemo-fastconformer-int8	0	day5_consultation10	1505	493	0.327575	1542	526	0.341115
primock57	nemo-fastconformer-int8	0	day5_consultation11	1965	341	0.173537	2000	371	0.185500
primock57	nemo-fastconformer-int8	0	day5_consultation12	767	249	0.324641	787	267	0.339263
primock57	nemotron	0	day1_consultation01	1280	502	0.392188	1367	547	0.400146
primock57	nemotron	0	day1_consultation02	1615	592	0.366563	1672	647	0.386962
primock57	nemotron	0	day1_consultation03	1496	530	0.354278	1561	578	0.370275
primock57	nemotron	0	day1_consultation04	1567	588	0.375239	1651	650	0.393701
primock57	nemotron	0	day1_consultation05	1576	574	0.364213	1632	620	0.379902
primock57	nemotron	0	day1_consultation06	1749	643	0.367639	1831	710	0.387766
primock57	nemotron	0	day1_consultation07	2676	1052	0.393124	2797	1129	0.403647
primock57	nemotron	0	day1_consultation08	1103	445	0.403445	1163	496	0.426483
primock57	nemotron	0	day1_consultation09	1485	553	0.372391	1556	612	0.393316
primock57	nemotron	0	day1_consultation10	1765	761	0.431161	1856	826	0.445043
primock57	nemotron	0	day1_consultation11	2238	876	0.391421	2326	937	0.402837
primock57	nemotron	0	day1_consultation12	1096	341	0.311131	1146	386	0.336824
primock57	nemotron	0	day1_consultation13	1633	559	0.342315	1688	602	0.356635
primock57	nemotron	0	day1_consultation14	1873	638	0.340630	1945	697	0.358355
primock57	nemotron	0	day1_consultation15	1194	551	0.461474	1262	602	0.477021
primock57	nemotron	0	day2_consultation01	1120	421	0.375893	1164	461	0.396048
primock57	nemotron	0	day2_consultation02	1614	609	0.377323	1685	673	0.399407
primock57	nemotron	0	day2_consultation03	1349	569	0.421794	1415	624	0.440989
primock57	nemotron	0	day2_consultation04	1745	616	0.353009	1825	687	0.376438
primock57	nemotron	0	day2_consultation05	1860	674	0.362366	1917	726	0.378717
primock57	nemotron	0	day2_consultation06	1856	660	0.355603	1938	720	0.371517
primock57	nemotron	0	day2_consultation07	1211	401	0.331131	1308	477	0.364679
primock57	nemotron	0	day2_consultation08	1751	587	0.335237	1806	636	0.352159
primock57	nemotron	0	day2_consultation09	975	363	0.372308	1015	401	0.395074
primock57	nemotron	0	day2_consultation10	1725	588	0.340870	1791	645	0.360134
primock57	nemotron	0	day3_consultation01	1226	469	0.382545	1277	508	0.397807
primock57	nemotron	0	day3_consultation02	1089	421	0.386593	1137	462	0.406332
primock57	nemotron	0	day3_consultation03	1762	697	0.395573	1847	760	0.411478
primock57	nemotron	0	day3_consultation04	1062	372	0.350282	1112	412	0.370504
primock57	nemotron	0	day3_consultation05	1074	423	0.393855	1121	464	0.413916
primock57	nemotron	0	day3_consultation06	561	217	0.386809	592	238	0.402027
primock57	nemotron	0	day3_consultation07	1115	371	0.332735	1177	410	0.348343
primock57	nemotron	0	day3_consultation08	872	343	0.393349	918	376	0.409586
primock57	nemotron	0	day3_consultation09	2073	752	0.362759	2130	790	0.370892
primock57	nemotron	0	day3_consultation10	1300	418	0.321538	1355	460	0.339483
primock57	nemotron	0	day4_consultation01	1234	479	0.388169	1274	517	0.405808
primock57	nemotron	0	day4_consultation02	1188	376	0.316498	1244	425	0.341640
primock57	nemotron	0	day4_consultation03	976	358	0.366803	1023	393	0.384164
primock57	nemotron	0	day4_consultation04	938	280	0.298507	987	315	0.319149
primock57	nemotron	0	day4_consultation05	1490	560	0.375839	1564	614	0.392583
primock57	nemotron	0	day4_consultation06	1590	648	0.407547	1650	696	0.421818
primock57	nemotron	0	day4_consultation07	1698	653	0.384570	1745	690	0.395415
primock57	nemotron	0	day4_consultation08	1632	623	0.381740	1691	662	0.391484
primock57	nemotron	0	day4_consultation09	1622	593	0.365598	1698	647	0.381037
primock57	nemotron	0	day4_consultation10	1593	530	0.332706	1669	575	0.344518
primock57	nemotron	0	day5_consultation01	1191	481	0.403862	1242	519	0.417874
primock57	nemotron	0	day5_consultation02	1048	303	0.289122	1082	335	0.309612
primock57	nemotron	0	day5_consultation03	2429	847	0.348703	2488	891	0.358119
primock57	nemotron	0	day5_consultation04	1207	524	0.434134	1269	580	0.457053
primock57	nemotron	0	day5_consultation05	853	228	0.267292	901	265	0.294118
primock57	nemotron	0	day5_consultation06	1469	557	0.379170	1531	612	0.399739
primock57	nemotron	0	day5_consultation07	1183	401	0.338969	1234	442	0.358185
primock57	nemotron	0	day5_consultation08	1208	368	0.304636	1271	402	0.316286
primock57	nemotron	0	day5_consultation09	1315	490	0.372624	1364	520	0.381232
primock57	nemotron	0	day5_consultation10	1505	501	0.332890	1542	535	0.346952
primock57	nemotron	0	day5_consultation11	1965	608	0.309415	2000	638	0.319000
primock57	nemotron	0	day5_consultation12	767	261	0.340287	787	281	0.357052
primock57	zipformer-zh-en	0	day1_consultation01	1280	516	0.403125	1367	584	0.427213
primock57	zipformer-zh-en	0	day1_consultation02	1615	689	0.426625	1672	746	0.446172
primock57	zipformer-zh-en	0	day1_consultation03	1496	768	0.513369	1561	807	0.516976
primock57	zipformer-zh-en	0	day1_consultation04	1567	684	0.436503	1651	725	0.439128
primock57	zipformer-zh-en	0	day1_consultation05	1576	715	0.453680	1632	758	0.464461
primock57	zipformer-zh-en	0	day1_consultation06	1749	721	0.412236	1831	790	0.431458
primock57	zipformer-zh-en	0	day1_consultation07	2676	1219	0.455531	2797	1313	0.469432
primock57	zipformer-zh-en	0	day1_consultation08	1103	471	0.427017	1163	514	0.441960
primock57	zipformer-zh-en	0	day1_consultation09	1485	682	0.459259	1556	727	0.467224
primock57	zipformer-zh-en	0	day1_consultation10	1765	1010	0.572238	1856	1069	0.575970
primock57	zipformer-zh-en	0	day1_consultation11	2238	883	0.394549	2326	927	0.398538
primock57	zipformer-zh-en	0	day1_consultation12	1096	380	0.346715	1146	418	0.364747
primock57	zipformer-zh-en	0	day1_consultation13	1633	553	0.338641	1688	588	0.348341
primock57	zipformer-zh-en	0	day1_consultation14	1873	771	0.411639	1945	823	0.423136
primock57	zipformer-zh-en	0	day1_consultation15	1194	522	0.437186	1262	570	0.451664
primock57	zipformer-zh-en	0	day2_consultation01	1120	350	0.312500	1164	378	0.324742
primock57	zipformer-zh-en	0	day2_consultation02	1614	523	0.324040	1685	565	0.335312
primock57	zipformer-zh-en	0	day2_consultation03	1349	829	0.614529	1415	881	0.622615
primock57	zipformer-zh-en	0	day2_consultation04	1745	581	0.332951	1825	607	0.332603
primock57	zipformer-zh-en	0	day2_consultation05	1860	559	0.300538	1917	594	0.309859
primock57	zipformer-zh-en	0	day2_consultation06	1856	523	0.281789	1938	574	0.296182
primock57	zipformer-zh-en	0	day2_consultation07	1211	386	0.318745	1308	426	0.325688
primock57	zipformer-zh-en	0	day2_consultation08	1751	678	0.387207	1806	710	0.393134
primock57	zipformer-zh-en	0	day2_consultation09	975	305	0.312821	1015	325	0.320197
primock57	zipformer-zh-en	0	day2_consultation10	1725	646	0.374493	1791	672	0.375209
primock57	zipformer-zh-en	0	day3_consultation01	1226	331	0.269984	1277	351	0.274863
primock57	zipformer-zh-en	0	day3_consultation02	1089	333	0.305785	1137	371	0.326297
primock57	zipformer-zh-en	0	day3_consultation03	1762	457	0.259364	1847	500	0.270709
primock57	zipformer-zh-en	0	day3_consultation04	1062	376	0.354049	1112	391	0.351619
primock57	zipformer-zh-en	0	day3_consultation05	1074	275	0.256052	1121	288	0.256913
primock57	zipformer-zh-en	0	day3_consultation06	561	223	0.397504	592	249	0.420608
primock57	zipformer-zh-en	0	day3_consultation07	1115	438	0.392825	1177	469	0.398471
primock57	zipformer-zh-en	0	day3_consultation08	872	376	0.431193	918	400	0.435730
primock57	zipformer-zh-en	0	day3_consultation09	2073	417	0.201158	2130	459	0.215493
primock57	zipformer-zh-en	0	day3_consultation10	1300	310	0.238462	1355	342	0.252399
primock57	zipformer-zh-en	0	day4_consultation01	1234	316	0.256078	1274	349	0.273940
primock57	zipformer-zh-en	0	day4_consultation02	1188	250	0.210438	1244	280	0.225080
primock57	zipformer-zh-en	0	day4_consultation03	976	241	0.246926	1023	259	0.253177
primock57	zipformer-zh-en	0	day4_consultation04	938	220	0.234542	987	245	0.248227
primock57	zipformer-zh-en	0	day4_consultation05	1490	540	0.362416	1564	580	0.370844
primock57	zipformer-zh-en	0	day4_consultation06	1590	383	0.240881	1650	429	0.260000
primock57	zipformer-zh-en	0	day4_consultation07	1698	619	0.364547	1745	658	0.377077
primock57	zipformer-zh-en	0	day4_consultation08	1632	534	0.327206	1691	566	0.334713
primock57	zipformer-zh-en	0	day4_consultation09	1622	620	0.382244	1698	680	0.400471
primock57	zipformer-zh-en	0	day4_consultation10	1593	672	0.421846	1669	722	0.432594
primock57	zipformer-zh-en	0	day5_consultation01	1191	472	0.396306	1242	506	0.407407
primock57	zipformer-zh-en	0	day5_consultation02	1048	269	0.256679	1082	285	0.263401
primock57	zipformer-zh-en	0	day5_consultation03	2429	747	0.307534	2488	773	0.310691
primock57	zipformer-zh-en	0	day5_consultation04	1207	464	0.384424	1269	505	0.397951
primock57	zipformer-zh-en	0	day5_consultation05	853	265	0.310668	901	300	0.332963
primock57	zipformer-zh-en	0	day5_consultation06	1469	515	0.350579	1531	544	0.355323
primock57	zipformer-zh-en	0	day5_consultation07	1183	383	0.323753	1234	418	0.338736
primock57	zipformer-zh-en	0	day5_consultation08	1208	287	0.237583	1271	304	0.239182
primock57	zipformer-zh-en	0	day5_consultation09	1315	592	0.450190	1364	626	0.458944
primock57	zipformer-zh-en	0	day5_consultation10	1505	475	0.315615	1542	501	0.324903
primock57	zipformer-zh-en	0	day5_consultation11	1965	518	0.263613	2000	545	0.272500
primock57	zipformer-zh-en	0	day5_consultation12	767	211	0.275098	787	218	0.277001
primock57	sensevoice	0	day1_consultation01	1280	264	0.206250	1367	313	0.228969
primock57	sensevoice	0	day1_consultation02	1615	343	0.212384	1672	399	0.238636
primock57	sensevoice	0	day1_consultation03	1496	352	0.235294	1561	401	0.256887
primock57	sensevoice	0	day1_consultation04	1567	390	0.248883	1651	450	0.272562
primock57	sensevoice	0	day1_consultation05	1576	294	0.186548	1632	340	0.208333
primock57	sensevoice	0	day1_consultation06	1749	386	0.220698	1831	451	0.246313
primock57	sensevoice	0	day1_consultation07	2676	946	0.353513	2797	1040	0.371827
primock57	sensevoice	0	day1_consultation08	1103	255	0.231188	1163	305	0.262253
primock57	sensevoice	0	day1_consultation09	1485	319	0.214815	1556	373	0.239717
primock57	sensevoice	0	day1_consultation10	1765	422	0.239093	1856	487	0.262392
primock57	sensevoice	0	day1_consultation11	2238	498	0.222520	2326	549	0.236028
primock57	sensevoice	0	day1_consultation12	1096	199	0.181569	1146	238	0.207679
primock57	sensevoice	0	day1_consultation13	1633	239	0.146356	1688	282	0.167062
primock57	sensevoice	0	day1_consultation14	1873	382	0.203951	1945	438	0.225193
primock57	sensevoice	0	day1_consultation15	1194	232	0.194305	1262	282	0.223455
primock57	sensevoice	0	day2_consultation01	1120	229	0.204464	1164	270	0.231959
primock57	sensevoice	0	day2_consultation02	1614	343	0.212515	1685	405	0.240356
primock57	sensevoice	0	day2_consultation03	1349	377	0.279466	1415	435	0.307420
primock57	sensevoice	0	day2_consultation04	1745	321	0.183954	1825	388	0.212603
primock57	sensevoice	0	day2_consultation05	1860	291	0.156452	1917	346	0.180490
primock57	sensevoice	0	day2_consultation06	1856	328	0.176724	1938	391	0.201754
primock57	sensevoice	0	day2_consultation07	1211	187	0.154418	1308	261	0.199541
primock57	sensevoice	0	day2_consultation08	1751	294	0.167904	1806	340	0.188261
primock57	sensevoice	0	day2_consultation09	975	168	0.172308	1015	206	0.202956
primock57	sensevoice	0	day2_consultation10	1725	249	0.144348	1791	304	0.169738
primock57	sensevoice	0	day3_consultation01	1226	223	0.181892	1277	258	0.202036
primock57	sensevoice	0	day3_consultation02	1089	177	0.162534	1137	214	0.188215
primock57	sensevoice	0	day3_consultation03	1762	270	0.153235	1847	327	0.177044
primock57	sensevoice	0	day3_consultation04	1062	184	0.173258	1112	220	0.197842
primock57	sensevoice	0	day3_consultation05	1074	148	0.137803	1121	183	0.163247
primock57	sensevoice	0	day3_consultation06	561	94	0.167558	592	114	0.192568
primock57	sensevoice	0	day3_consultation07	1115	217	0.194619	1177	257	0.218352
primock57	sensevoice	0	day3_consultation08	872	141	0.161697	918	175	0.190632
primock57	sensevoice	0	day3_consultation09	2073	229	0.110468	2130	266	0.124883
primock57	sensevoice	0	day3_consultation10	1300	133	0.102308	1355	170	0.125461
primock57	sensevoice	0	day4_consultation01	1234	192	0.155592	1274	229	0.179749
primock57	sensevoice	0	day4_consultation02	1188	138	0.116162	1244	185	0.148714
primock57	sensevoice	0	day4_consultation03	976	90	0.092213	1023	122	0.119257
primock57	sensevoice	0	day4_consultation04	938	92	0.098081	987	124	0.125633
primock57	sensevoice	0	day4_consultation05	1490	354	0.237584	1564	405	0.258951
primock57	sensevoice	0	day4_consultation06	1590	194	0.122013	1650	238	0.144242
primock57	sensevoice	0	day4_consultation07	1698	438	0.257951	1745	478	0.273926
primock57	sensevoice	0	day4_consultation08	1632	306	0.187500	1691	343	0.202839
primock57	sensevoice	0	day4_consultation09	1622	283	0.174476	1698	330	0.194346
primock57	sensevoice	0	day4_consultation10	1593	231	0.145009	1669	274	0.164170
primock57	sensevoice	0	day5_consultation01	1191	265	0.222502	1242	303	0.243961
primock57	sensevoice	0	day5_consultation02	1048	124	0.118321	1082	159	0.146950
primock57	sensevoice	0	day5_consultation03	2429	413	0.170029	2488	457	0.183682
primock57	sensevoice	0	day5_consultation04	1207	368	0.304888	1269	420	0.330969
primock57	sensevoice	0	day5_consultation05	853	200	0.234467	901	237	0.263041
primock57	sensevoice	0	day5_consultation06	1469	275	0.187202	1531	328	0.214239
primock57	sensevoice	0	day5_consultation07	1183	181	0.153001	1234	225	0.182334
primock57	sensevoice	0	day5_consultation08	1208	135	0.111755	1271	164	0.129032
primock57	sensevoice	0	day5_consultation09	1315	248	0.188593	1364	277	0.203079
primock57	sensevoice	0	day5_consultation10	1505	312	0.207309	1542	344	0.223087
primock57	sensevoice	0	day5_consultation11	1965	244	0.124173	2000	273	0.136500
primock57	sensevoice	0	day5_consultation12	767	102	0.132986	787	119	0.151207
primock57	sensevoice-no-itn	0	day1_consultation01	1280	251	0.196094	1367	295	0.215801
primock57	sensevoice-no-itn	0	day1_consultation02	1615	324	0.200619	1672	376	0.224880
primock57	sensevoice-no-itn	0	day1_consultation03	1496	321	0.214572	1561	367	0.235106
primock57	sensevoice-no-itn	0	day1_consultation04	1567	358	0.228462	1651	416	0.251969
primock57	sensevoice-no-itn	0	day1_consultation05	1576	273	0.173223	1632	319	0.195466
primock57	sensevoice-no-itn	0	day1_consultation06	1749	380	0.217267	1831	442	0.241398
primock57	sensevoice-no-itn	0	day1_consultation07	2676	867	0.323991	2797	946	0.338220
primock57	sensevoice-no-itn	0	day1_consultation08	1103	249	0.225748	1163	298	0.256234
primock57	sensevoice-no-itn	0	day1_consultation09	1485	306	0.206061	1556	359	0.230720
primock57	sensevoice-no-itn	0	day1_consultation10	1765	406	0.230028	1856	469	0.252694
primock57	sensevoice-no-itn	0	day1_consultation11	2238	476	0.212690	2326	526	0.226139
primock57	sensevoice-no-itn	0	day1_consultation12	1096	195	0.177920	1146	235	0.205061
primock57	sensevoice-no-itn	0	day1_consultation13	1633	228	0.139620	1688	274	0.162322
primock57	sensevoice-no-itn	0	day1_consultation14	1873	365	0.194875	1945	418	0.214910
primock57	sensevoice-no-itn	0	day1_consultation15	1194	239	0.200168	1262	286	0.226624
primock57	sensevoice-no-itn	0	day2_consultation01	1120	201	0.179464	1164	241	0.207045
primock57	sensevoice-no-itn	0	day2_consultation02	1614	319	0.197646	1685	380	0.225519
primock57	sensevoice-no-itn	0	day2_consultation03	1349	342	0.253521	1415	398	0.281272
primock57	sensevoice-no-itn	0	day2_consultation04	1745	283	0.162178	1825	350	0.191781
primock57	sensevoice-no-itn	0	day2_consultation05	1860	260	0.139785	1917	315	0.164319
primock57	sensevoice-no-itn	0	day2_consultation06	1856	321	0.172953	1938	381	0.196594
primock57	sensevoice-no-itn	0	day2_consultation07	1211	178	0.146986	1308	250	0.191131
primock57	sensevoice-no-itn	0	day2_consultation08	1751	268	0.153055	1806	312	0.172757
primock57	sensevoice-no-itn	0	day2_consultation09	975	158	0.162051	1015	196	0.193103
primock57	sensevoice-no-itn	0	day2_consultation10	1725	241	0.139710	1791	296	0.165271
primock57	sensevoice-no-itn	0	day3_consultation01	1226	214	0.174551	1277	246	0.192639
primock57	sensevoice-no-itn	0	day3_consultation02	1089	172	0.157943	1137	208	0.182938
primock57	sensevoice-no-itn	0	day3_consultation03	1762	265	0.150397	1847	317	0.171630
primock57	sensevoice-no-itn	0	day3_consultation04	1062	189	0.177966	1112	226	0.203237
primock57	sensevoice-no-itn	0	day3_consultation05	1074	141	0.131285	1121	176	0.157003
primock57	sensevoice-no-itn	0	day3_consultation06	561	94	0.167558	592	115	0.194257
primock57	sensevoice-no-itn	0	day3_consultation07	1115	210	0.188341	1177	249	0.211555
primock57	sensevoice-no-itn	0	day3_consultation08	872	135	0.154817	918	169	0.184096
primock57	sensevoice-no-itn	0	day3_consultation09	2073	221	0.106609	2130	257	0.120657
primock57	sensevoice-no-itn	0	day3_consultation10	1300	126	0.096923	1355	163	0.120295
primock57	sensevoice-no-itn	0	day4_consultation01	1234	186	0.150729	1274	224	0.175824
primock57	sensevoice-no-itn	0	day4_consultation02	1188	135	0.113636	1244	181	0.145498
primock57	sensevoice-no-itn	0	day4_consultation03	976	83	0.085041	1023	114	0.111437
primock57	sensevoice-no-itn	0	day4_consultation04	938	88	0.093817	987	119	0.120567
primock57	sensevoice-no-itn	0	day4_consultation05	1490	325	0.218121	1564	374	0.239130
primock57	sensevoice-no-itn	0	day4_consultation06	1590	179	0.112579	1650	223	0.135152
primock57	sensevoice-no-itn	0	day4_consultation07	1698	419	0.246761	1745	457	0.261891
primock57	sensevoice-no-itn	0	day4_consultation08	1632	286	0.175245	1691	322	0.190420
primock57	sensevoice-no-itn	0	day4_consultation09	1622	270	0.166461	1698	317	0.186690
primock57	sensevoice-no-itn	0	day4_consultation10	1593	223	0.139987	1669	266	0.159377
primock57	sensevoice-no-itn	0	day5_consultation01	1191	248	0.208228	1242	285	0.229469
primock57	sensevoice-no-itn	0	day5_consultation02	1048	116	0.110687	1082	151	0.139556
primock57	sensevoice-no-itn	0	day5_consultation03	2429	369	0.151914	2488	411	0.165193
primock57	sensevoice-no-itn	0	day5_consultation04	1207	341	0.282519	1269	391	0.308117
primock57	sensevoice-no-itn	0	day5_consultation05	853	182	0.213365	901	220	0.244173
primock57	sensevoice-no-itn	0	day5_consultation06	1469	270	0.183799	1531	324	0.211626
primock57	sensevoice-no-itn	0	day5_consultation07	1183	177	0.149620	1234	219	0.177472
primock57	sensevoice-no-itn	0	day5_consultation08	1208	134	0.110927	1271	163	0.128245
primock57	sensevoice-no-itn	0	day5_consultation09	1315	243	0.184791	1364	270	0.197947
primock57	sensevoice-no-itn	0	day5_consultation10	1505	291	0.193355	1542	322	0.208820
primock57	sensevoice-no-itn	0	day5_consultation11	1965	231	0.117557	2000	259	0.129500
primock57	sensevoice-no-itn	0	day5_consultation12	767	101	0.131682	787	119	0.151207
primock57	medasr	0	day1_consultation01	1280	1177	0.919531	1367	1263	0.923921
primock57	medasr	0	day1_consultation02	1615	1266	0.783901	1672	1320	0.789474
primock57	medasr	0	day1_consultation03	1496	1431	0.956551	1561	1496	0.958360
primock57	medasr	0	day1_consultation04	1567	1350	0.861519	1651	1434	0.868565
primock57	medasr	0	day1_consultation05	1576	1448	0.918782	1632	1504	0.921569
primock57	medasr	0	day1_consultation06	1749	1642	0.938822	1831	1724	0.941562
primock57	medasr	0	day1_consultation07	2676	2663	0.995142	2797	2784	0.995352
primock57	medasr	0	day1_consultation08	1103	1029	0.932910	1163	1089	0.936371
primock57	medasr	0	day1_consultation09	1485	1358	0.914478	1556	1427	0.917095
primock57	medasr	0	day1_consultation10	1765	1730	0.980170	1856	1821	0.981142
primock57	medasr	0	day1_consultation11	2238	2146	0.958892	2326	2233	0.960017
primock57	medasr	0	day1_consultation12	1096	823	0.750912	1146	873	0.761780
primock57	medasr	0	day1_consultation13	1633	1085	0.664421	1688	1139	0.674763
primock57	medasr	0	day1_consultation14	1873	1805	0.963695	1945	1877	0.965039
primock57	medasr	0	day1_consultation15	1194	1112	0.931323	1262	1180	0.935024
primock57	medasr	0	day2_consultation01	1120	902	0.805357	1164	946	0.812715
primock57	medasr	0	day2_consultation02	1614	1456	0.902107	1685	1526	0.905638
primock57	medasr	0	day2_consultation03	1349	1316	0.975537	1415	1382	0.976678
primock57	medasr	0	day2_consultation04	1745	1540	0.882521	1825	1618	0.886575
primock57	medasr	0	day2_consultation05	1860	1598	0.859140	1917	1656	0.863850
primock57	medasr	0	day2_consultation06	1856	1576	0.849138	1938	1657	0.855005
primock57	medasr	0	day2_consultation07	1211	1171	0.966969	1308	1268	0.969419
primock57	medasr	0	day2_consultation08	1751	1585	0.905197	1806	1640	0.908084
primock57	medasr	0	day2_consultation09	975	895	0.917949	1015	935	0.921182
primock57	medasr	0	day2_consultation10	1725	1494	0.866087	1791	1561	0.871580
primock57	medasr	0	day3_consultation01	1226	1161	0.946982	1277	1212	0.949099
primock57	medasr	0	day3_consultation02	1089	858	0.787879	1137	906	0.796834
primock57	medasr	0	day3_consultation03	1762	1618	0.918275	1847	1702	0.921494
primock57	medasr	0	day3_consultation04	1062	871	0.820151	1112	920	0.827338
primock57	medasr	0	day3_consultation05	1074	924	0.860335	1121	970	0.865299
primock57	medasr	0	day3_consultation06	561	500	0.891266	592	531	0.896959
primock57	medasr	0	day3_consultation07	1115	959	0.860090	1177	1018	0.864911
primock57	medasr	0	day3_consultation08	872	718	0.823394	918	764	0.832244
primock57	medasr	0	day3_consultation09	2073	1509	0.727931	2130	1566	0.735211
primock57	medasr	0	day3_consultation10	1300	1130	0.869231	1355	1183	0.873063
primock57	medasr	0	day4_consultation01	1234	938	0.760130	1274	978	0.767661
primock57	medasr	0	day4_consultation02	1188	1090	0.917508	1244	1146	0.921222
primock57	medasr	0	day4_consultation03	976	972	0.995902	1023	1019	0.996090
primock57	medasr	0	day4_consultation04	938	892	0.950959	987	941	0.953394
primock57	medasr	0	day4_consultation05	1490	1489	0.999329	1564	1563	0.999361
primock57	medasr	0	day4_consultation06	1590	1248	0.784906	1650	1306	0.791515
primock57	medasr	0	day4_consultation07	1698	1480	0.871614	1745	1527	0.875072
primock57	medasr	0	day4_consultation08	1632	1350	0.827206	1691	1406	0.831461
primock57	medasr	0	day4_consultation09	1622	1447	0.892109	1698	1527	0.899293
primock57	medasr	0	day4_consultation10	1593	1559	0.978657	1669	1635	0.979629
primock57	medasr	0	day5_consultation01	1191	1072	0.900084	1242	1123	0.904187
primock57	medasr	0	day5_consultation02	1048	809	0.771947	1082	844	0.780037
primock57	medasr	0	day5_consultation03	2429	2325	0.957184	2488	2383	0.957797
primock57	medasr	0	day5_consultation04	1207	1154	0.956089	1269	1216	0.958235
primock57	medasr	0	day5_consultation05	853	824	0.966002	901	872	0.967814
primock57	medasr	0	day5_consultation06	1469	1257	0.855684	1531	1318	0.860875
primock57	medasr	0	day5_consultation07	1183	1065	0.900254	1234	1116	0.904376
primock57	medasr	0	day5_consultation08	1208	942	0.779801	1271	1004	0.789929
primock57	medasr	0	day5_consultation09	1315	1251	0.951331	1364	1300	0.953079
primock57	medasr	0	day5_consultation10	1505	1335	0.887043	1542	1371	0.889105
primock57	medasr	0	day5_consultation11	1965	1676	0.852926	2000	1711	0.855500
primock57	medasr	0	day5_consultation12	767	653	0.851369	787	672	0.853875
primock57	medasr-int8	0	day1_consultation01	1280	1159	0.905469	1367	1245	0.910753
primock57	medasr-int8	0	day1_consultation02	1615	1410	0.873065	1672	1466	0.876794
primock57	medasr-int8	0	day1_consultation03	1496	1422	0.950535	1561	1487	0.952594
primock57	medasr-int8	0	day1_consultation04	1567	1337	0.853223	1651	1421	0.860690
primock57	medasr-int8	0	day1_consultation05	1576	1435	0.910533	1632	1491	0.913603
primock57	medasr-int8	0	day1_consultation06	1749	1656	0.946827	1831	1738	0.949208
primock57	medasr-int8	0	day1_consultation07	2676	2661	0.994395	2797	2782	0.994637
primock57	medasr-int8	0	day1_consultation08	1103	1028	0.932004	1163	1089	0.936371
primock57	medasr-int8	0	day1_consultation09	1485	1407	0.947475	1556	1476	0.948586
primock57	medasr-int8	0	day1_consultation10	1765	1741	0.986402	1856	1832	0.987069
primock57	medasr-int8	0	day1_consultation11	2238	2141	0.956658	2326	2228	0.957868
primock57	medasr-int8	0	day1_consultation12	1096	818	0.746350	1146	868	0.757417
primock57	medasr-int8	0	day1_consultation13	1633	1088	0.666258	1688	1143	0.677133
primock57	medasr-int8	0	day1_consultation14	1873	1796	0.958889	1945	1868	0.960411
primock57	medasr-int8	0	day1_consultation15	1194	1104	0.924623	1262	1172	0.928685
primock57	medasr-int8	0	day2_consultation01	1120	909	0.811607	1164	953	0.818729
primock57	medasr-int8	0	day2_consultation02	1614	1327	0.822181	1685	1398	0.829674
primock57	medasr-int8	0	day2_consultation03	1349	1312	0.972572	1415	1378	0.973852
primock57	medasr-int8	0	day2_consultation04	1745	1553	0.889971	1825	1632	0.894247
primock57	medasr-int8	0	day2_consultation05	1860	1415	0.760753	1917	1471	0.767345
primock57	medasr-int8	0	day2_consultation06	1856	1573	0.847522	1938	1653	0.852941
primock57	medasr-int8	0	day2_consultation07	1211	1126	0.929810	1308	1223	0.935015
primock57	medasr-int8	0	day2_consultation08	1751	1574	0.898915	1806	1629	0.901993
primock57	medasr-int8	0	day2_consultation09	975	886	0.908718	1015	926	0.912315
primock57	medasr-int8	0	day2_consultation10	1725	1506	0.873043	1791	1573	0.878280
primock57	medasr-int8	0	day3_consultation01	1226	1162	0.947798	1277	1213	0.949883
primock57	medasr-int8	0	day3_consultation02	1089	855	0.785124	1137	903	0.794195
primock57	medasr-int8	0	day3_consultation03	1762	1617	0.917707	1847	1701	0.920953
primock57	medasr-int8	0	day3_consultation04	1062	868	0.817326	1112	917	0.824640
primock57	medasr-int8	0	day3_consultation05	1074	922	0.858473	1121	968	0.863515
primock57	medasr-int8	0	day3_consultation06	561	498	0.887701	592	529	0.893581
primock57	medasr-int8	0	day3_consultation07	1115	962	0.862780	1177	1021	0.867460
primock57	medasr-int8	0	day3_consultation08	872	723	0.829128	918	769	0.837691
primock57	medasr-int8	0	day3_consultation09	2073	1501	0.724071	2130	1558	0.731455
primock57	medasr-int8	0	day3_consultation10	1300	1123	0.863846	1355	1176	0.867897
primock57	medasr-int8	0	day4_consultation01	1234	920	0.745543	1274	960	0.753532
primock57	medasr-int8	0	day4_consultation02	1188	1091	0.918350	1244	1145	0.920418
primock57	medasr-int8	0	day4_consultation03	976	972	0.995902	1023	1019	0.996090
primock57	medasr-int8	0	day4_consultation04	938	898	0.957356	987	947	0.959473
primock57	medasr-int8	0	day4_consultation05	1490	1489	0.999329	1564	1563	0.999361
primock57	medasr-int8	0	day4_consultation06	1590	1225	0.770440	1650	1284	0.778182
primock57	medasr-int8	0	day4_consultation07	1698	1473	0.867491	1745	1520	0.871060
primock57	medasr-int8	0	day4_consultation08	1632	1348	0.825980	1691	1404	0.830278
primock57	medasr-int8	0	day4_consultation09	1622	1439	0.887176	1698	1519	0.894582
primock57	medasr-int8	0	day4_consultation10	1593	1533	0.962335	1669	1609	0.964050
primock57	medasr-int8	0	day5_consultation01	1191	1063	0.892527	1242	1114	0.896940
primock57	medasr-int8	0	day5_consultation02	1048	767	0.731870	1082	801	0.740296
primock57	medasr-int8	0	day5_consultation03	2429	2315	0.953067	2488	2373	0.953778
primock57	medasr-int8	0	day5_consultation04	1207	1147	0.950290	1269	1209	0.952719
primock57	medasr-int8	0	day5_consultation05	853	823	0.964830	901	871	0.966704
primock57	medasr-int8	0	day5_consultation06	1469	1258	0.856365	1531	1320	0.862182
primock57	medasr-int8	0	day5_consultation07	1183	1062	0.897718	1234	1113	0.901945
primock57	medasr-int8	0	day5_consultation08	1208	933	0.772351	1271	994	0.782061
primock57	medasr-int8	0	day5_consultation09	1315	1257	0.955894	1364	1306	0.957478
primock57	medasr-int8	0	day5_consultation10	1505	1331	0.884385	1542	1367	0.886511
primock57	medasr-int8	0	day5_consultation11	1965	1678	0.853944	2000	1713	0.856500
primock57	medasr-int8	0	day5_consultation12	767	650	0.847458	787	669	0.850064
primock57	paraformer-en	0	day1_consultation01	1280	402	0.314063	1367	442	0.323336
primock57	paraformer-en	0	day1_consultation02	1615	433	0.268111	1672	491	0.293660
primock57	paraformer-en	0	day1_consultation03	1496	453	0.302807	1561	502	0.321589
primock57	paraformer-en	0	day1_consultation04	1567	485	0.309509	1651	541	0.327680
primock57	paraformer-en	0	day1_consultation05	1576	427	0.270939	1632	469	0.287377
primock57	paraformer-en	0	day1_consultation06	1749	513	0.293310	1831	575	0.314036
primock57	paraformer-en	0	day1_consultation07	2676	1063	0.397235	2797	1137	0.406507
primock57	paraformer-en	0	day1_consultation08	1103	328	0.297371	1163	372	0.319862
primock57	paraformer-en	0	day1_consultation09	1485	435	0.292929	1556	493	0.316838
primock57	paraformer-en	0	day1_consultation10	1765	582	0.329745	1856	649	0.349677
primock57	paraformer-en	0	day1_consultation11	2238	587	0.262288	2326	643	0.276440
primock57	paraformer-en	0	day1_consultation12	1096	304	0.277372	1146	347	0.302792
primock57	paraformer-en	0	day1_consultation13	1633	392	0.240049	1688	433	0.256517
primock57	paraformer-en	0	day1_consultation14	1873	560	0.298986	1945	616	0.316710
primock57	paraformer-en	0	day1_consultation15	1194	332	0.278057	1262	380	0.301109
primock57	paraformer-en	0	day2_consultation01	1120	325	0.290179	1164	362	0.310997
primock57	paraformer-en	0	day2_consultation02	1614	491	0.304213	1685	550	0.326409
primock57	paraformer-en	0	day2_consultation03	1349	487	0.361008	1415	539	0.380919
primock57	paraformer-en	0	day2_consultation04	1745	523	0.299713	1825	597	0.327123
primock57	paraformer-en	0	day2_consultation05	1860	521	0.280108	1917	566	0.295253
primock57	paraformer-en	0	day2_consultation06	1856	499	0.268858	1938	563	0.290506
primock57	paraformer-en	0	day2_consultation07	1211	287	0.236994	1308	356	0.272171
primock57	paraformer-en	0	day2_consultation08	1751	467	0.266705	1806	514	0.284607
primock57	paraformer-en	0	day2_consultation09	975	248	0.254359	1015	285	0.280788
primock57	paraformer-en	0	day2_consultation10	1725	495	0.286957	1791	550	0.307091
primock57	paraformer-en	0	day3_consultation01	1226	307	0.250408	1277	340	0.266249
primock57	paraformer-en	0	day3_consultation02	1089	272	0.249770	1137	309	0.271768
primock57	paraformer-en	0	day3_consultation03	1762	403	0.228717	1847	457	0.247428
primock57	paraformer-en	0	day3_consultation04	1062	302	0.284369	1112	340	0.305755
primock57	paraformer-en	0	day3_consultation05	1074	256	0.238361	1121	291	0.259590
primock57	paraformer-en	0	day3_consultation06	561	140	0.249554	592	164	0.277027
primock57	paraformer-en	0	day3_consultation07	1115	317	0.284305	1177	353	0.299915
primock57	paraformer-en	0	day3_consultation08	872	188	0.215596	918	221	0.240741
primock57	paraformer-en	0	day3_consultation09	2073	393	0.189580	2130	434	0.203756
primock57	paraformer-en	0	day3_consultation10	1300	208	0.160000	1355	246	0.181550
primock57	paraformer-en	0	day4_consultation01	1234	274	0.222042	1274	307	0.240973
primock57	paraformer-en	0	day4_consultation02	1188	255	0.214646	1244	294	0.236334
primock57	paraformer-en	0	day4_consultation03	976	150	0.153689	1023	176	0.172043
primock57	paraformer-en	0	day4_consultation04	938	196	0.208955	987	211	0.213779
primock57	paraformer-en	0	day4_consultation05	1490	798	0.535570	1564	860	0.549872
primock57	paraformer-en	0	day4_consultation06	1590	287	0.180503	1650	329	0.199394
primock57	paraformer-en	0	day4_consultation07	1698	581	0.342167	1745	615	0.352436
primock57	paraformer-en	0	day4_consultation08	1632	363	0.222426	1691	400	0.236546
primock57	paraformer-en	0	day4_consultation09	1622	464	0.286067	1698	512	0.301531
primock57	paraformer-en	0	day4_consultation10	1593	341	0.214062	1669	380	0.227681
primock57	paraformer-en	0	day5_consultation01	1191	351	0.294710	1242	388	0.312399
primock57	paraformer-en	0	day5_consultation02	1048	218	0.208015	1082	240	0.221811
primock57	paraformer-en	0	day5_consultation03	2429	608	0.250309	2488	647	0.260048
primock57	paraformer-en	0	day5_consultation04	1207	393	0.325601	1269	436	0.343578
primock57	paraformer-en	0	day5_consultation05	853	216	0.253224	901	250	0.277469
primock57	paraformer-en	0	day5_consultation06	1469	429	0.292035	1531	481	0.314174
primock57	paraformer-en	0	day5_consultation07	1183	289	0.244294	1234	323	0.261750
primock57	paraformer-en	0	day5_consultation08	1208	259	0.214404	1271	291	0.228954
primock57	paraformer-en	0	day5_consultation09	1315	382	0.290494	1364	412	0.302053
primock57	paraformer-en	0	day5_consultation10	1505	420	0.279070	1542	451	0.292477
primock57	paraformer-en	0	day5_consultation11	1965	486	0.247328	2000	508	0.254000
primock57	paraformer-en	0	day5_consultation12	767	167	0.217731	787	182	0.231258
nazmulkazi	whisper-distil-v3.5	0	D0420-S1-T01	2708	186	0.068685	2789	189	0.067766
nazmulkazi	whisper-distil-v3.5	0	D0420-S1-T02	519	22	0.042389	523	24	0.045889
nazmulkazi	whisper-distil-v3.5	0	D0420-S1-T03	953	51	0.053515	956	53	0.055439
nazmulkazi	whisper-distil-v3.5	0	D0420-S1-T04	1567	83	0.052967	1570	83	0.052866
nazmulkazi	whisper-distil-v3.5	0	D0420-S1-T05	2399	124	0.051688	2443	129	0.052804
nazmulkazi	whisper-distil-v3.5	0	D0420-S2-T01	6883	417	0.060584	6923	420	0.060667
nazmulkazi	whisper-distil-v3.5	0	D0420-S3-T01	1983	98	0.049420	1984	98	0.049395
nazmulkazi	whisper-distil-v3.5	0	D0420-S3-T02	5278	312	0.059113	5337	312	0.058460
nazmulkazi	whisper-distil-v3.5	0	D0420-S3-T03	4280	190	0.044393	4307	192	0.044579
nazmulkazi	whisper-distil-v3.5	0	D0420-S4-T01	2524	208	0.082409	2531	209	0.082576
nazmulkazi	whisper-distil-v3.5	0	D0420-S4-T02	8244	595	0.072174	8302	607	0.073115
nazmulkazi	whisper-distil-v3.5	0	D0421-S1-T01	6120	357	0.058333	6165	359	0.058232
nazmulkazi	whisper-distil-v3.5	0	D0421-S1-T02	4819	296	0.061424	4863	297	0.061073
nazmulkazi	whisper-distil-v3.5	0	D0421-S1-T03	2634	135	0.051253	2686	136	0.050633
nazmulkazi	whisper-distil-v3.5	0	D0421-S1-T04	3463	170	0.049090	3497	170	0.048613
nazmulkazi	whisper-distil-v3.5	0	D0421-S1-T05	3134	147	0.046905	3144	149	0.047392
nazmulkazi	whisper-distil-v3.5	0	D0421-S2-T01	8382	576	0.068719	8416	582	0.069154
nazmulkazi	whisper-distil-v3.5	0	D0421-S2-T02	6991	531	0.075955	7030	537	0.076387
nazmulkazi	whisper-distil-v3.5	0	D0421-S3-T01	3918	408	0.104135	3961	414	0.104519
nazmulkazi	whisper-distil-v3.5	0	D0421-S3-T02	3678	379	0.103045	3689	381	0.103280
nazmulkazi	whisper-distil-v3.5	0	D0421-S3-T03	4294	365	0.085002	4330	366	0.084527
nazmulkazi	whisper-distil-v3.5	0	D0421-S3-T04	3890	254	0.065296	3921	256	0.065289
nazmulkazi	whisper-distil-v3.5	0	D0421-S3-T05	4378	347	0.079260	4405	347	0.078774
nazmulkazi	whisper-distil-v3.5	0	D0422-S1-T01	6336	728	0.114899	6381	737	0.115499
nazmulkazi	whisper-distil-v3.5	0	D0422-S1-T02	4422	350	0.079150	4450	351	0.078876
nazmulkazi	whisper-distil-v3.5	0	D0422-S1-T03	3834	309	0.080595	3861	310	0.080290
nazmulkazi	whisper-distil-v3.5	0	D0422-S1-T04	3312	304	0.091787	3343	306	0.091535
nazmulkazi	whisper-distil-v3.5	0	D0422-S2-T01	3561	322	0.090424	3594	330	0.091820
nazmulkazi	whisper-distil-v3.5	0	D0422-S2-T02	11164	1050	0.094052	11272	1065	0.094482
nazmulkazi	whisper-distil-v3.5	0	D0422-S3-T01	8131	566	0.069610	8238	594	0.072105
nazmulkazi	whisper-distil-v3.5	0	D0422-S3-T02	3148	225	0.071474	3232	233	0.072092
nazmulkazi	whisper-distil-v3.5	0	D0422-S3-T03	4820	348	0.072199	4879	353	0.072351
nazmulkazi	whisper-distil-v3.5	0	D0422-S3-T04	2869	172	0.059951	2889	173	0.059882
nazmulkazi	whisper-distil-v3.5	0	D0422-S3-T05	1869	85	0.045479	1903	94	0.049396
nazmulkazi	whisper-distil-v3.5	0	D0422-S3-T06	761	52	0.068331	796	59	0.074121
nazmulkazi	whisper-distil-v3.5	0	D0422-S4-T01	7992	413	0.051677	8093	423	0.052267
nazmulkazi	whisper-distil-v3.5	0	D0422-S4-T02	6964	414	0.059449	7033	419	0.059576
nazmulkazi	whisper-distil-v3.5	0	D0422-S4-T03	3829	318	0.083050	3877	320	0.082538
nazmulkazi	whisper-distil-v3.5	0	D0422-S4-T04	4114	296	0.071949	4165	298	0.071549
nazmulkazi	whisper-distil-v3.5	0	D0422-S4-T05	3512	317	0.090262	3544	319	0.090011
nazmulkazi	whisper-distil-v3.5	0	D0423-S1-T01	9224	473	0.051279	9263	474	0.051171
nazmulkazi	whisper-distil-v3.5	0	D0423-S1-T02	5202	355	0.068243	5252	359	0.068355
nazmulkazi	whisper-distil-v3.5	0	D0423-S1-T03	2582	204	0.079009	2605	206	0.079079
nazmulkazi	whisper-distil-v3.5	0	D0423-S2-T01	2514	191	0.075975	2568	198	0.077103
nazmulkazi	whisper-distil-v3.5	0	D0423-S2-T02	3711	293	0.078954	3734	295	0.079004
nazmulkazi	whisper-distil-v3.5	0	D0423-S2-T03	4261	463	0.108660	4277	463	0.108253
nazmulkazi	whisper-distil-v3.5	0	D0424-S1-T01	2211	136	0.061511	2253	138	0.061252
nazmulkazi	whisper-distil-v3.5	0	D0424-S1-T02	2759	176	0.063791	2784	176	0.063218
nazmulkazi	whisper-distil-v3.5	0	D0424-S1-T03	3189	288	0.090310	3230	290	0.089783
nazmulkazi	whisper-distil-v3.5	0	D0424-S2-T01	7522	551	0.073252	7569	554	0.073193
nazmulkazi	whisper-distil-v3.5	0	D0424-S2-T02	6557	563	0.085862	6701	571	0.085211
nazmulkazi	whisper-distil-v3.5	0	D0424-S2-T03	6909	546	0.079027	7024	565	0.080438
nazmulkazi	whisper-distil-v3.5	0	D0424-S2-T04	5725	441	0.077031	5779	448	0.077522
nazmulkazi	whisper-distil-v3.5	0	D0424-S2-T05	5969	450	0.075390	6018	453	0.075274
nazmulkazi	whisper-distil-v3.5	0	D0424-S2-T06	4897	437	0.089238	4944	442	0.089401
nazmulkazi	whisper-distil-v3.5	0	D0424-S3-T01	9288	516	0.055556	9346	517	0.055318
nazmulkazi	whisper-distil-v3.5	0	D0424-S3-T02	4351	298	0.068490	4393	303	0.068973
nazmulkazi	whisper-distil-v3.5	0	D0424-S3-T03	2216	103	0.046480	2230	105	0.047085
nazmulkazi	whisper-distil-v3.5	0	D0424-S3-T04	1472	104	0.070652	1497	103	0.068804
nazmulkazi	whisper-distil-v3.5	0	D0425-S1-T01	1462	85	0.058140	1510	87	0.057616
nazmulkazi	whisper-distil-v3.5	0	D0425-S1-T02	3007	171	0.056867	3054	174	0.056974
nazmulkazi	whisper-distil-v3.5	0	D0425-S1-T03	2368	140	0.059122	2415	141	0.058385
nazmulkazi	whisper-distil-v3.5	0	D0425-S2-T01	7394	382	0.051664	7498	383	0.051080
nazmulkazi	whisper-distil-v3.5	0	D0425-S2-T02	4501	251	0.055765	4526	253	0.055899
nazmulkazi	whisper-distil-v3.5	0	D0425-S2-T03	3706	196	0.052887	3747	199	0.053109
nazmulkazi	whisper-distil-v3.5	0	D0425-S2-T04	3101	189	0.060948	3150	199	0.063175
nazmulkazi	whisper-distil-v3.5	0	D0425-S3-T01	4421	456	0.103144	4469	461	0.103155
nazmulkazi	whisper-distil-v3.5	0	D0425-S3-T02	4446	500	0.112461	4488	502	0.111854
nazmulkazi	whisper-distil-v3.5	0	D0425-S3-T03	3270	448	0.137003	3294	456	0.138434
nazmulkazi	whisper-distil-v3.5	0	D0425-S3-T04	2967	416	0.140209	3006	423	0.140719
nazmulkazi	whisper-distil-v3.5	0	D0425-S3-T05	2350	181	0.077021	2367	186	0.078580
nazmulkazi	whisper-turbo	0	D0420-S1-T01	2708	188	0.069424	2789	191	0.068483
nazmulkazi	whisper-turbo	0	D0420-S1-T02	519	19	0.036609	523	21	0.040153
nazmulkazi	whisper-turbo	0	D0420-S1-T03	953	49	0.051417	956	51	0.053347
nazmulkazi	whisper-turbo	0	D0420-S1-T04	1567	86	0.054882	1570	86	0.054777
nazmulkazi	whisper-turbo	0	D0420-S1-T05	2399	130	0.054189	2443	135	0.055260
nazmulkazi	whisper-turbo	0	D0420-S2-T01	6883	526	0.076420	6923	531	0.076701
nazmulkazi	whisper-turbo	0	D0420-S3-T01	1983	99	0.049924	1984	99	0.049899
nazmulkazi	whisper-turbo	0	D0420-S3-T02	5278	421	0.079765	5337	422	0.079071
nazmulkazi	whisper-turbo	0	D0420-S3-T03	4280	199	0.046495	4307	201	0.046668
nazmulkazi	whisper-turbo	0	D0420-S4-T01	2524	207	0.082013	2531	209	0.082576
nazmulkazi	whisper-turbo	0	D0420-S4-T02	8244	563	0.068292	8302	575	0.069260
nazmulkazi	whisper-turbo	0	D0421-S1-T01	6120	345	0.056373	6165	349	0.056610
nazmulkazi	whisper-turbo	0	D0421-S1-T02	4819	286	0.059348	4863	286	0.058811
nazmulkazi	whisper-turbo	0	D0421-S1-T03	2634	141	0.053531	2686	142	0.052867
nazmulkazi	whisper-turbo	0	D0421-S1-T04	3463	156	0.045048	3497	156	0.044610
nazmulkazi	whisper-turbo	0	D0421-S1-T05	3134	144	0.045948	3144	146	0.046438
nazmulkazi	whisper-turbo	0	D0421-S2-T01	8382	786	0.093772	8416	791	0.093988
nazmulkazi	whisper-turbo	0	D0421-S2-T02	6991	533	0.076241	7030	538	0.076529
nazmulkazi	whisper-turbo	0	D0421-S3-T01	3918	483	0.123277	3961	488	0.123201
nazmulkazi	whisper-turbo	0	D0421-S3-T02	3678	365	0.099239	3689	367	0.099485
nazmulkazi	whisper-turbo	0	D0421-S3-T03	4294	371	0.086400	4330	372	0.085912
nazmulkazi	whisper-turbo	0	D0421-S3-T04	3890	269	0.069152	3921	271	0.069115
nazmulkazi	whisper-turbo	0	D0421-S3-T05	4378	344	0.078575	4405	344	0.078093
nazmulkazi	whisper-turbo	0	D0422-S1-T01	6336	701	0.110638	6381	709	0.111111
nazmulkazi	whisper-turbo	0	D0422-S1-T02	4422	356	0.080507	4450	357	0.080225
nazmulkazi	whisper-turbo	0	D0422-S1-T03	3834	299	0.077986	3861	300	0.077700
nazmulkazi	whisper-turbo	0	D0422-S1-T04	3312	284	0.085749	3343	287	0.085851
nazmulkazi	whisper-turbo	0	D0422-S2-T01	3561	308	0.086493	3594	314	0.087368
nazmulkazi	whisper-turbo	0	D0422-S2-T02	11164	1026	0.091903	11272	1039	0.092175
nazmulkazi	whisper-turbo	0	D0422-S3-T01	8131	590	0.072562	8238	617	0.074897
nazmulkazi	whisper-turbo	0	D0422-S3-T02	3148	228	0.072427	3232	235	0.072710
nazmulkazi	whisper-turbo	0	D0422-S3-T03	4820	421	0.087344	4879	424	0.086903
nazmulkazi	whisper-turbo	0	D0422-S3-T04	2869	235	0.081910	2889	236	0.081689
nazmulkazi	whisper-turbo	0	D0422-S3-T05	1869	95	0.050829	1903	101	0.053074
nazmulkazi	whisper-turbo	0	D0422-S3-T06	761	63	0.082786	796	70	0.087940
nazmulkazi	whisper-turbo	0	D0422-S4-T01	7992	411	0.051426	8093	421	0.052020
nazmulkazi	whisper-turbo	0	D0422-S4-T02	6964	392	0.056289	7033	398	0.056590
nazmulkazi	whisper-turbo	0	D0422-S4-T03	3829	293	0.076521	3877	294	0.075832
nazmulkazi	whisper-turbo	0	D0422-S4-T04	4114	292	0.070977	4165	293	0.070348
nazmulkazi	whisper-turbo	0	D0422-S4-T05	3512	307	0.087415	3544	309	0.087190
nazmulkazi	whisper-turbo	0	D0423-S1-T01	9224	456	0.049436	9263	457	0.049336
nazmulkazi	whisper-turbo	0	D0423-S1-T02	5202	369	0.070934	5252	373	0.071021
nazmulkazi	whisper-turbo	0	D0423-S1-T03	2582	207	0.080170	2605	209	0.080230
nazmulkazi	whisper-turbo	0	D0423-S2-T01	2514	189	0.075179	2568	195	0.075935
nazmulkazi	whisper-turbo	0	D0423-S2-T02	3711	289	0.077877	3734	291	0.077933
nazmulkazi	whisper-turbo	0	D0423-S2-T03	4261	452	0.106078	4277	452	0.105682
nazmulkazi	whisper-turbo	0	D0424-S1-T01	2211	117	0.052917	2253	121	0.053706
nazmulkazi	whisper-turbo	0	D0424-S1-T02	2759	183	0.066328	2784	183	0.065733
nazmulkazi	whisper-turbo	0	D0424-S1-T03	3189	288	0.090310	3230	289	0.089474
nazmulkazi	whisper-turbo	0	D0424-S2-T01	7522	563	0.074847	7569	566	0.074779
nazmulkazi	whisper-turbo	0	D0424-S2-T02	6557	570	0.086930	6701	578	0.086256
nazmulkazi	whisper-turbo	0	D0424-S2-T03	6909	558	0.080764	7024	575	0.081862
nazmulkazi	whisper-turbo	0	D0424-S2-T04	5725	444	0.077555	5779	449	0.077695
nazmulkazi	whisper-turbo	0	D0424-S2-T05	5969	477	0.079913	6018	478	0.079428
nazmulkazi	whisper-turbo	0	D0424-S2-T06	4897	449	0.091689	4944	451	0.091222
nazmulkazi	whisper-turbo	0	D0424-S3-T01	9288	596	0.064169	9346	597	0.063878
nazmulkazi	whisper-turbo	0	D0424-S3-T02	4351	298	0.068490	4393	303	0.068973
nazmulkazi	whisper-turbo	0	D0424-S3-T03	2216	103	0.046480	2230	105	0.047085
nazmulkazi	whisper-turbo	0	D0424-S3-T04	1472	101	0.068614	1497	100	0.066800
nazmulkazi	whisper-turbo	0	D0425-S1-T01	1462	82	0.056088	1510	85	0.056291
nazmulkazi	whisper-turbo	0	D0425-S1-T02	3007	176	0.058530	3054	179	0.058612
nazmulkazi	whisper-turbo	0	D0425-S1-T03	2368	143	0.060389	2415	143	0.059213
nazmulkazi	whisper-turbo	0	D0425-S2-T01	7394	380	0.051393	7498	382	0.050947
nazmulkazi	whisper-turbo	0	D0425-S2-T02	4501	339	0.075317	4526	341	0.075342
nazmulkazi	whisper-turbo	0	D0425-S2-T03	3706	170	0.045872	3747	171	0.045637
nazmulkazi	whisper-turbo	0	D0425-S2-T04	3101	170	0.054821	3150	177	0.056190
nazmulkazi	whisper-turbo	0	D0425-S3-T01	4421	465	0.105180	4469	468	0.104721
nazmulkazi	whisper-turbo	0	D0425-S3-T02	4446	490	0.110211	4488	492	0.109626
nazmulkazi	whisper-turbo	0	D0425-S3-T03	3270	433	0.132416	3294	440	0.133576
nazmulkazi	whisper-turbo	0	D0425-S3-T04	2967	411	0.138524	3006	416	0.138390
nazmulkazi	whisper-turbo	0	D0425-S3-T05	2350	177	0.075319	2367	181	0.076468
nazmulkazi	whisper-base-en	0	D0420-S1-T01	2708	198	0.073117	2789	200	0.071710
nazmulkazi	whisper-base-en	0	D0420-S1-T02	519	26	0.050096	523	28	0.053537
nazmulkazi	whisper-base-en	0	D0420-S1-T03	953	60	0.062959	956	62	0.064854
nazmulkazi	whisper-base-en	0	D0420-S1-T04	1567	88	0.056158	1570	88	0.056051
nazmulkazi	whisper-base-en	0	D0420-S1-T05	2399	131	0.054606	2443	136	0.055669
nazmulkazi	whisper-base-en	0	D0420-S2-T01	6883	447	0.064943	6923	452	0.065290
nazmulkazi	whisper-base-en	0	D0420-S3-T01	1983	107	0.053959	1984	107	0.053931
nazmulkazi	whisper-base-en	0	D0420-S3-T02	5278	360	0.068208	5337	360	0.067454
nazmulkazi	whisper-base-en	0	D0420-S3-T03	4280	200	0.046729	4307	203	0.047133
nazmulkazi	whisper-base-en	0	D0420-S4-T01	2524	219	0.086767	2531	221	0.087317
nazmulkazi	whisper-base-en	0	D0420-S4-T02	8244	563	0.068292	8302	573	0.069020
nazmulkazi	whisper-base-en	0	D0421-S1-T01	6120	371	0.060621	6165	375	0.060827
nazmulkazi	whisper-base-en	0	D0421-S1-T02	4819	301	0.062461	4863	302	0.062102
nazmulkazi	whisper-base-en	0	D0421-S1-T03	2634	137	0.052012	2686	139	0.051750
nazmulkazi	whisper-base-en	0	D0421-S1-T04	3463	157	0.045336	3497	157	0.044896
nazmulkazi	whisper-base-en	0	D0421-S1-T05	3134	143	0.045629	3144	145	0.046120
nazmulkazi	whisper-base-en	0	D0421-S2-T01	8382	588	0.070150	8416	592	0.070342
nazmulkazi	whisper-base-en	0	D0421-S2-T02	6991	560	0.080103	7030	566	0.080512
nazmulkazi	whisper-base-en	0	D0421-S3-T01	3918	454	0.115875	3961	460	0.116132
nazmulkazi	whisper-base-en	0	D0421-S3-T02	3678	363	0.098695	3689	363	0.098401
nazmulkazi	whisper-base-en	0	D0421-S3-T03	4294	381	0.088728	4330	381	0.087991
nazmulkazi	whisper-base-en	0	D0421-S3-T04	3890	263	0.067609	3921	264	0.067330
nazmulkazi	whisper-base-en	0	D0421-S3-T05	4378	348	0.079488	4405	348	0.079001
nazmulkazi	whisper-base-en	0	D0422-S1-T01	6336	701	0.110638	6381	707	0.110798
nazmulkazi	whisper-base-en	0	D0422-S1-T02	4422	361	0.081637	4450	362	0.081348
nazmulkazi	whisper-base-en	0	D0422-S1-T03	3834	324	0.084507	3861	326	0.084434
nazmulkazi	whisper-base-en	0	D0422-S1-T04	3312	336	0.101449	3343	340	0.101705
nazmulkazi	whisper-base-en	0	D0422-S2-T01	3561	307	0.086212	3594	312	0.086811
nazmulkazi	whisper-base-en	0	D0422-S2-T02	11164	1039	0.093067	11272	1049	0.093062
nazmulkazi	whisper-base-en	0	D0422-S3-T01	8131	593	0.072931	8238	620	0.075261
nazmulkazi	whisper-base-en	0	D0422-S3-T02	3148	224	0.071156	3232	231	0.071473
nazmulkazi	whisper-base-en	0	D0422-S3-T03	4820	353	0.073237	4879	357	0.073171
nazmulkazi	whisper-base-en	0	D0422-S3-T04	2869	205	0.071453	2889	206	0.071305
nazmulkazi	whisper-base-en	0	D0422-S3-T05	1869	89	0.047619	1903	94	0.049396
nazmulkazi	whisper-base-en	0	D0422-S3-T06	761	51	0.067017	796	57	0.071608
nazmulkazi	whisper-base-en	0	D0422-S4-T01	7992	431	0.053929	8093	441	0.054492
nazmulkazi	whisper-base-en	0	D0422-S4-T02	6964	446	0.064044	7033	451	0.064126
nazmulkazi	whisper-base-en	0	D0422-S4-T03	3829	317	0.082789	3877	318	0.082022
nazmulkazi	whisper-base-en	0	D0422-S4-T04	4114	296	0.071949	4165	297	0.071309
nazmulkazi	whisper-base-en	0	D0422-S4-T05	3512	321	0.091401	3544	323	0.091140
nazmulkazi	whisper-base-en	0	D0423-S1-T01	9224	478	0.051821	9263	478	0.051603
nazmulkazi	whisper-base-en	0	D0423-S1-T02	5202	379	0.072857	5252	382	0.072734
nazmulkazi	whisper-base-en	0	D0423-S1-T03	2582	212	0.082107	2605	214	0.082150
nazmulkazi	whisper-base-en	0	D0423-S2-T01	2514	201	0.079952	2568	208	0.080997
nazmulkazi	whisper-base-en	0	D0423-S2-T02	3711	311	0.083805	3734	313	0.083824
nazmulkazi	whisper-base-en	0	D0423-S2-T03	4261	462	0.108425	4277	462	0.108020
nazmulkazi	whisper-base-en	0	D0424-S1-T01	2211	142	0.064224	2253	143	0.063471
nazmulkazi	whisper-base-en	0	D0424-S1-T02	2759	189	0.068503	2784	189	0.067888
nazmulkazi	whisper-base-en	0	D0424-S1-T03	3189	299	0.093760	3230	300	0.092879
nazmulkazi	whisper-base-en	0	D0424-S2-T01	7522	584	0.077639	7569	586	0.077421
nazmulkazi	whisper-base-en	0	D0424-S2-T02	6557	674	0.102791	6701	682	0.101776
nazmulkazi	whisper-base-en	0	D0424-S2-T03	6909	565	0.081777	7024	577	0.082147
nazmulkazi	whisper-base-en	0	D0424-S2-T04	5725	466	0.081397	5779	471	0.081502
nazmulkazi	whisper-base-en	0	D0424-S2-T05	5969	531	0.088960	6018	532	0.088401
nazmulkazi	whisper-base-en	0	D0424-S2-T06	4897	480	0.098019	4944	484	0.097896
nazmulkazi	whisper-base-en	0	D0424-S3-T01	9288	543	0.058463	9346	544	0.058207
nazmulkazi	whisper-base-en	0	D0424-S3-T02	4351	299	0.068720	4393	305	0.069429
nazmulkazi	whisper-base-en	0	D0424-S3-T03	2216	105	0.047383	2230	107	0.047982
nazmulkazi	whisper-base-en	0	D0424-S3-T04	1472	103	0.069973	1497	102	0.068136
nazmulkazi	whisper-base-en	0	D0425-S1-T01	1462	76	0.051984	1510	78	0.051656
nazmulkazi	whisper-base-en	0	D0425-S1-T02	3007	194	0.064516	3054	195	0.063851
nazmulkazi	whisper-base-en	0	D0425-S1-T03	2368	148	0.062500	2415	148	0.061284
nazmulkazi	whisper-base-en	0	D0425-S2-T01	7394	462	0.062483	7498	468	0.062417
nazmulkazi	whisper-base-en	0	D0425-S2-T02	4501	237	0.052655	4526	240	0.053027
nazmulkazi	whisper-base-en	0	D0425-S2-T03	3706	188	0.050729	3747	189	0.050440
nazmulkazi	whisper-base-en	0	D0425-S2-T04	3101	164	0.052886	3150	169	0.053651
nazmulkazi	whisper-base-en	0	D0425-S3-T01	4421	482	0.109025	4469	490	0.109644
nazmulkazi	whisper-base-en	0	D0425-S3-T02	4446	511	0.114935	4488	513	0.114305
nazmulkazi	whisper-base-en	0	D0425-S3-T03	3270	471	0.144037	3294	476	0.144505
nazmulkazi	whisper-base-en	0	D0425-S3-T04	2967	452	0.152342	3006	459	0.152695
nazmulkazi	whisper-base-en	0	D0425-S3-T05	2350	190	0.080851	2367	196	0.082805
nazmulkazi	qwen3-asr	0	D0420-S1-T01	2708	157	0.057976	2789	159	0.057010
nazmulkazi	qwen3-asr	0	D0420-S1-T02	519	20	0.038536	523	22	0.042065
nazmulkazi	qwen3-asr	0	D0420-S1-T03	953	62	0.065058	956	64	0.066946
nazmulkazi	qwen3-asr	0	D0420-S1-T04	1567	72	0.045948	1570	72	0.045860
nazmulkazi	qwen3-asr	0	D0420-S1-T05	2399	121	0.050438	2443	124	0.050757
nazmulkazi	qwen3-asr	0	D0420-S2-T01	6883	485	0.070463	6923	488	0.070490
nazmulkazi	qwen3-asr	0	D0420-S3-T01	1983	128	0.064549	1984	128	0.064516
nazmulkazi	qwen3-asr	0	D0420-S3-T02	5278	316	0.059871	5337	317	0.059397
nazmulkazi	qwen3-asr	0	D0420-S3-T03	4280	208	0.048598	4307	210	0.048758
nazmulkazi	qwen3-asr	0	D0420-S4-T01	2524	214	0.084786	2531	216	0.085342
nazmulkazi	qwen3-asr	0	D0420-S4-T02	8244	559	0.067807	8302	570	0.068658
nazmulkazi	qwen3-asr	0	D0421-S1-T01	6120	354	0.057843	6165	358	0.058070
nazmulkazi	qwen3-asr	0	D0421-S1-T02	4819	295	0.061216	4863	295	0.060662
nazmulkazi	qwen3-asr	0	D0421-S1-T03	2634	128	0.048595	2686	132	0.049144
nazmulkazi	qwen3-asr	0	D0421-S1-T04	3463	161	0.046491	3497	161	0.046039
nazmulkazi	qwen3-asr	0	D0421-S1-T05	3134	227	0.072431	3144	230	0.073155
nazmulkazi	qwen3-asr	0	D0421-S2-T01	8382	653	0.077905	8416	661	0.078541
nazmulkazi	qwen3-asr	0	D0421-S2-T02	6991	513	0.073380	7030	518	0.073684
nazmulkazi	qwen3-asr	0	D0421-S3-T01	3918	477	0.121746	3961	479	0.120929
nazmulkazi	qwen3-asr	0	D0421-S3-T02	3678	373	0.101414	3689	375	0.101654
nazmulkazi	qwen3-asr	0	D0421-S3-T03	4294	352	0.081975	4330	353	0.081524
nazmulkazi	qwen3-asr	0	D0421-S3-T04	3890	265	0.068123	3921	267	0.068095
nazmulkazi	qwen3-asr	0	D0421-S3-T05	4378	478	0.109182	4405	478	0.108513
nazmulkazi	qwen3-asr	0	D0422-S1-T01	6336	818	0.129104	6381	824	0.129133
nazmulkazi	qwen3-asr	0	D0422-S1-T02	4422	362	0.081863	4450	362	0.081348
nazmulkazi	qwen3-asr	0	D0422-S1-T03	3834	316	0.082420	3861	317	0.082103
nazmulkazi	qwen3-asr	0	D0422-S1-T04	3312	291	0.087862	3343	292	0.087347
nazmulkazi	qwen3-asr	0	D0422-S2-T01	3561	307	0.086212	3594	313	0.087090
nazmulkazi	qwen3-asr	0	D0422-S2-T02	11164	1020	0.091365	11272	1033	0.091643
nazmulkazi	qwen3-asr	0	D0422-S3-T01	8131	566	0.069610	8238	594	0.072105
nazmulkazi	qwen3-asr	0	D0422-S3-T02	3148	224	0.071156	3232	230	0.071163
nazmulkazi	qwen3-asr	0	D0422-S3-T03	4820	354	0.073444	4879	358	0.073376
nazmulkazi	qwen3-asr	0	D0422-S3-T04	2869	175	0.060997	2889	176	0.060921
nazmulkazi	qwen3-asr	0	D0422-S3-T05	1869	90	0.048154	1903	96	0.050447
nazmulkazi	qwen3-asr	0	D0422-S3-T06	761	50	0.065703	796	58	0.072864
nazmulkazi	qwen3-asr	0	D0422-S4-T01	7992	500	0.062563	8093	514	0.063512
nazmulkazi	qwen3-asr	0	D0422-S4-T02	6964	416	0.059736	7033	422	0.060003
nazmulkazi	qwen3-asr	0	D0422-S4-T03	3829	468	0.122225	3877	469	0.120970
nazmulkazi	qwen3-asr	0	D0422-S4-T04	4114	482	0.117161	4165	486	0.116687
nazmulkazi	qwen3-asr	0	D0422-S4-T05	3512	303	0.086276	3544	306	0.086343
nazmulkazi	qwen3-asr	0	D0423-S1-T01	9224	539	0.058435	9263	541	0.058404
nazmulkazi	qwen3-asr	0	D0423-S1-T02	5202	359	0.069012	5252	365	0.069497
nazmulkazi	qwen3-asr	0	D0423-S1-T03	2582	210	0.081332	2605	212	0.081382
nazmulkazi	qwen3-asr	0	D0423-S2-T01	2514	191	0.075975	2568	200	0.077882
nazmulkazi	qwen3-asr	0	D0423-S2-T02	3711	272	0.073296	3734	274	0.073380
nazmulkazi	qwen3-asr	0	D0423-S2-T03	4261	470	0.110303	4277	470	0.109890
nazmulkazi	qwen3-asr	0	D0424-S1-T01	2211	119	0.053822	2253	123	0.054594
nazmulkazi	qwen3-asr	0	D0424-S1-T02	2759	258	0.093512	2784	260	0.093391
nazmulkazi	qwen3-asr	0	D0424-S1-T03	3189	277	0.086861	3230	278	0.086068
nazmulkazi	qwen3-asr	0	D0424-S2-T01	7522	620	0.082425	7569	633	0.083631
nazmulkazi	qwen3-asr	0	D0424-S2-T02	6557	624	0.095165	6701	635	0.094762
nazmulkazi	qwen3-asr	0	D0424-S2-T03	6909	620	0.089738	7024	638	0.090831
nazmulkazi	qwen3-asr	0	D0424-S2-T04	5725	529	0.092402	5779	535	0.092577
nazmulkazi	qwen3-asr	0	D0424-S2-T05	5969	462	0.077400	6018	464	0.077102
nazmulkazi	qwen3-asr	0	D0424-S2-T06	4897	420	0.085767	4944	422	0.085356
nazmulkazi	qwen3-asr	0	D0424-S3-T01	9288	602	0.064815	9346	604	0.064627
nazmulkazi	qwen3-asr	0	D0424-S3-T02	4351	299	0.068720	4393	305	0.069429
nazmulkazi	qwen3-asr	0	D0424-S3-T03	2216	101	0.045578	2230	103	0.046188
nazmulkazi	qwen3-asr	0	D0424-S3-T04	1472	105	0.071332	1497	104	0.069472
nazmulkazi	qwen3-asr	0	D0425-S1-T01	1462	133	0.090971	1510	141	0.093377
nazmulkazi	qwen3-asr	0	D0425-S1-T02	3007	173	0.057532	3054	175	0.057302
nazmulkazi	qwen3-asr	0	D0425-S1-T03	2368	124	0.052365	2415	124	0.051346
nazmulkazi	qwen3-asr	0	D0425-S2-T01	7394	386	0.052204	7498	388	0.051747
nazmulkazi	qwen3-asr	0	D0425-S2-T02	4501	239	0.053099	4526	242	0.053469
nazmulkazi	qwen3-asr	0	D0425-S2-T03	3706	277	0.074744	3747	279	0.074460
nazmulkazi	qwen3-asr	0	D0425-S2-T04	3101	168	0.054176	3150	177	0.056190
nazmulkazi	qwen3-asr	0	D0425-S3-T01	4421	467	0.105632	4469	470	0.105169
nazmulkazi	qwen3-asr	0	D0425-S3-T02	4446	588	0.132254	4488	590	0.131462
nazmulkazi	qwen3-asr	0	D0425-S3-T03	3270	437	0.133639	3294	445	0.135094
nazmulkazi	qwen3-asr	0	D0425-S3-T04	2967	601	0.202562	3006	611	0.203260
nazmulkazi	qwen3-asr	0	D0425-S3-T05	2350	295	0.125532	2367	304	0.128433
nazmulkazi	parakeet-tdt-0.6b-v2	0	D0420-S1-T01	2708	174	0.064254	2789	179	0.064181
nazmulkazi	parakeet-tdt-0.6b-v2	0	D0420-S1-T02	519	17	0.032755	523	19	0.036329
nazmulkazi	parakeet-tdt-0.6b-v2	0	D0420-S1-T03	953	47	0.049318	956	49	0.051255
nazmulkazi	parakeet-tdt-0.6b-v2	0	D0420-S1-T04	1567	82	0.052329	1570	82	0.052229
nazmulkazi	parakeet-tdt-0.6b-v2	0	D0420-S1-T05	2399	128	0.053356	2443	134	0.054851
nazmulkazi	parakeet-tdt-0.6b-v2	0	D0420-S2-T01	6883	396	0.057533	6923	400	0.057778
nazmulkazi	parakeet-tdt-0.6b-v2	0	D0420-S3-T01	1983	97	0.048916	1984	97	0.048891
nazmulkazi	parakeet-tdt-0.6b-v2	0	D0420-S3-T02	5278	297	0.056271	5337	297	0.055649
nazmulkazi	parakeet-tdt-0.6b-v2	0	D0420-S3-T03	4280	200	0.046729	4307	201	0.046668
nazmulkazi	parakeet-tdt-0.6b-v2	0	D0420-S4-T01	2524	204	0.080824	2531	206	0.081391
nazmulkazi	parakeet-tdt-0.6b-v2	0	D0420-S4-T02	8244	566	0.068656	8302	577	0.069501
nazmulkazi	parakeet-tdt-0.6b-v2	0	D0421-S1-T01	6120	346	0.056536	6165	348	0.056448
nazmulkazi	parakeet-tdt-0.6b-v2	0	D0421-S1-T02	4819	280	0.058103	4863	280	0.057578
nazmulkazi	parakeet-tdt-0.6b-v2	0	D0421-S1-T03	2634	277	0.105163	2686	284	0.105733
nazmulkazi	parakeet-tdt-0.6b-v2	0	D0421-S1-T04	3463	156	0.045048	3497	156	0.044610
nazmulkazi	parakeet-tdt-0.6b-v2	0	D0421-S1-T05	3134	212	0.067645	3144	214	0.068066
nazmulkazi	parakeet-tdt-0.6b-v2	0	D0421-S2-T01	8382	545	0.065020	8416	551	0.065471
nazmulkazi	parakeet-tdt-0.6b-v2	0	D0421-S2-T02	6991	520	0.074381	7030	526	0.074822
nazmulkazi	parakeet-tdt-0.6b-v2	0	D0421-S3-T01	3918	410	0.104645	3961	415	0.104772
nazmulkazi	parakeet-tdt-0.6b-v2	0	D0421-S3-T02	3678	368	0.100054	3689	370	0.100298
nazmulkazi	parakeet-tdt-0.6b-v2	0	D0421-S3-T03	4294	359	0.083605	4330	361	0.083372
nazmulkazi	parakeet-tdt-0.6b-v2	0	D0421-S3-T04	3890	259	0.066581	3921	261	0.066565
nazmulkazi	parakeet-tdt-0.6b-v2	0	D0421-S3-T05	4378	332	0.075834	4405	332	0.075369
nazmulkazi	parakeet-tdt-0.6b-v2	0	D0422-S1-T01	6336	699	0.110322	6381	706	0.110641
nazmulkazi	parakeet-tdt-0.6b-v2	0	D0422-S1-T02	4422	354	0.080054	4450	354	0.079551
nazmulkazi	parakeet-tdt-0.6b-v2	0	D0422-S1-T03	3834	303	0.079030	3861	304	0.078736
nazmulkazi	parakeet-tdt-0.6b-v2	0	D0422-S1-T04	3312	284	0.085749	3343	289	0.086449
nazmulkazi	parakeet-tdt-0.6b-v2	0	D0422-S2-T01	3561	317	0.089020	3594	324	0.090150
nazmulkazi	parakeet-tdt-0.6b-v2	0	D0422-S2-T02	11164	1015	0.090917	11272	1028	0.091199
nazmulkazi	parakeet-tdt-0.6b-v2	0	D0422-S3-T01	8131	553	0.068011	8238	584	0.070891
nazmulkazi	parakeet-tdt-0.6b-v2	0	D0422-S3-T02	3148	222	0.070521	3232	231	0.071473
nazmulkazi	parakeet-tdt-0.6b-v2	0	D0422-S3-T03	4820	349	0.072407	4879	353	0.072351
nazmulkazi	parakeet-tdt-0.6b-v2	0	D0422-S3-T04	2869	176	0.061345	2889	177	0.061267
nazmulkazi	parakeet-tdt-0.6b-v2	0	D0422-S3-T05	1869	91	0.048689	1903	96	0.050447
nazmulkazi	parakeet-tdt-0.6b-v2	0	D0422-S3-T06	761	60	0.078844	796	67	0.084171
nazmulkazi	parakeet-tdt-0.6b-v2	0	D0422-S4-T01	7992	397	0.049675	8093	409	0.050538
nazmulkazi	parakeet-tdt-0.6b-v2	0	D0422-S4-T02	6964	411	0.059018	7033	417	0.059292
nazmulkazi	parakeet-tdt-0.6b-v2	0	D0422-S4-T03	3829	302	0.078872	3877	303	0.078153
nazmulkazi	parakeet-tdt-0.6b-v2	0	D0422-S4-T04	4114	290	0.070491	4165	292	0.070108
nazmulkazi	parakeet-tdt-0.6b-v2	0	D0422-S4-T05	3512	305	0.086845	3544	307	0.086625
nazmulkazi	parakeet-tdt-0.6b-v2	0	D0423-S1-T01	9224	450	0.048786	9263	450	0.048580
nazmulkazi	parakeet-tdt-0.6b-v2	0	D0423-S1-T02	5202	497	0.095540	5252	506	0.096344
nazmulkazi	parakeet-tdt-0.6b-v2	0	D0423-S1-T03	2582	209	0.080945	2605	211	0.080998
nazmulkazi	parakeet-tdt-0.6b-v2	0	D0423-S2-T01	2514	191	0.075975	2568	198	0.077103
nazmulkazi	parakeet-tdt-0.6b-v2	0	D0423-S2-T02	3711	283	0.076260	3734	285	0.076326
nazmulkazi	parakeet-tdt-0.6b-v2	0	D0423-S2-T03	4261	467	0.109599	4277	467	0.109189
nazmulkazi	parakeet-tdt-0.6b-v2	0	D0424-S1-T01	2211	120	0.054274	2253	123	0.054594
nazmulkazi	parakeet-tdt-0.6b-v2	0	D0424-S1-T02	2759	180	0.065241	2784	180	0.064655
nazmulkazi	parakeet-tdt-0.6b-v2	0	D0424-S1-T03	3189	273	0.085607	3230	275	0.085139
nazmulkazi	parakeet-tdt-0.6b-v2	0	D0424-S2-T01	7522	540	0.071789	7569	543	0.071740
nazmulkazi	parakeet-tdt-0.6b-v2	0	D0424-S2-T02	6557	590	0.089980	6701	599	0.089390
nazmulkazi	parakeet-tdt-0.6b-v2	0	D0424-S2-T03	6909	558	0.080764	7024	573	0.081577
nazmulkazi	parakeet-tdt-0.6b-v2	0	D0424-S2-T04	5725	432	0.075459	5779	437	0.075619
nazmulkazi	parakeet-tdt-0.6b-v2	0	D0424-S2-T05	5969	457	0.076562	6018	458	0.076105
nazmulkazi	parakeet-tdt-0.6b-v2	0	D0424-S2-T06	4897	433	0.088421	4944	436	0.088188
nazmulkazi	parakeet-tdt-0.6b-v2	0	D0424-S3-T01	9288	506	0.054479	9346	507	0.054248
nazmulkazi	parakeet-tdt-0.6b-v2	0	D0424-S3-T02	4351	268	0.061595	4393	273	0.062144
nazmulkazi	parakeet-tdt-0.6b-v2	0	D0424-S3-T03	2216	101	0.045578	2230	102	0.045740
nazmulkazi	parakeet-tdt-0.6b-v2	0	D0424-S3-T04	1472	102	0.069293	1497	101	0.067468
nazmulkazi	parakeet-tdt-0.6b-v2	0	D0425-S1-T01	1462	76	0.051984	1510	79	0.052318
nazmulkazi	parakeet-tdt-0.6b-v2	0	D0425-S1-T02	3007	155	0.051546	3054	157	0.051408
nazmulkazi	parakeet-tdt-0.6b-v2	0	D0425-S1-T03	2368	130	0.054899	2415	130	0.053830
nazmulkazi	parakeet-tdt-0.6b-v2	0	D0425-S2-T01	7394	370	0.050041	7498	372	0.049613
nazmulkazi	parakeet-tdt-0.6b-v2	0	D0425-S2-T02	4501	239	0.053099	4526	241	0.053248
nazmulkazi	parakeet-tdt-0.6b-v2	0	D0425-S2-T03	3706	178	0.048030	3747	179	0.047772
nazmulkazi	parakeet-tdt-0.6b-v2	0	D0425-S2-T04	3101	158	0.050951	3150	164	0.052063
nazmulkazi	parakeet-tdt-0.6b-v2	0	D0425-S3-T01	4421	470	0.106311	4469	479	0.107183
nazmulkazi	parakeet-tdt-0.6b-v2	0	D0425-S3-T02	4446	481	0.108187	4488	483	0.107620
nazmulkazi	parakeet-tdt-0.6b-v2	0	D0425-S3-T03	3270	439	0.134251	3294	445	0.135094
nazmulkazi	parakeet-tdt-0.6b-v2	0	D0425-S3-T04	2967	424	0.142905	3006	429	0.142715
nazmulkazi	parakeet-tdt-0.6b-v2	0	D0425-S3-T05	2350	184	0.078298	2367	191	0.080693
nazmulkazi	nemo-fastconformer	0	D0420-S1-T01	2708	309	0.114106	2789	353	0.126569
nazmulkazi	nemo-fastconformer	0	D0420-S1-T02	519	48	0.092486	523	53	0.101338
nazmulkazi	nemo-fastconformer	0	D0420-S1-T03	953	90	0.094439	956	95	0.099372
nazmulkazi	nemo-fastconformer	0	D0420-S1-T04	1567	129	0.082323	1570	135	0.085987
nazmulkazi	nemo-fastconformer	0	D0420-S1-T05	2399	210	0.087536	2443	238	0.097421
nazmulkazi	nemo-fastconformer	0	D0420-S2-T01	6883	652	0.094726	6923	665	0.096057
nazmulkazi	nemo-fastconformer	0	D0420-S3-T01	1983	190	0.095814	1984	196	0.098790
nazmulkazi	nemo-fastconformer	0	D0420-S3-T02	5278	550	0.104206	5337	571	0.106989
nazmulkazi	nemo-fastconformer	0	D0420-S3-T03	4280	376	0.087850	4307	393	0.091247
nazmulkazi	nemo-fastconformer	0	D0420-S4-T01	2524	310	0.122821	2531	312	0.123271
nazmulkazi	nemo-fastconformer	0	D0420-S4-T02	8244	938	0.113780	8302	970	0.116839
nazmulkazi	nemo-fastconformer	0	D0421-S1-T01	6120	549	0.089706	6165	576	0.093431
nazmulkazi	nemo-fastconformer	0	D0421-S1-T02	4819	516	0.107076	4863	546	0.112276
nazmulkazi	nemo-fastconformer	0	D0421-S1-T03	2634	233	0.088459	2686	266	0.099032
nazmulkazi	nemo-fastconformer	0	D0421-S1-T04	3463	244	0.070459	3497	266	0.076065
nazmulkazi	nemo-fastconformer	0	D0421-S1-T05	3134	213	0.067964	3144	221	0.070293
nazmulkazi	nemo-fastconformer	0	D0421-S2-T01	8382	790	0.094250	8416	815	0.096839
nazmulkazi	nemo-fastconformer	0	D0421-S2-T02	6991	795	0.113718	7030	816	0.116074
nazmulkazi	nemo-fastconformer	0	D0421-S3-T01	3918	572	0.145993	3961	596	0.150467
nazmulkazi	nemo-fastconformer	0	D0421-S3-T02	3678	530	0.144100	3689	538	0.145839
nazmulkazi	nemo-fastconformer	0	D0421-S3-T03	4294	525	0.122264	4330	538	0.124249
nazmulkazi	nemo-fastconformer	0	D0421-S3-T04	3890	478	0.122879	3921	489	0.124713
nazmulkazi	nemo-fastconformer	0	D0421-S3-T05	4378	535	0.122202	4405	547	0.124177
nazmulkazi	nemo-fastconformer	0	D0422-S1-T01	6336	895	0.141256	6381	921	0.144335
nazmulkazi	nemo-fastconformer	0	D0422-S1-T02	4422	520	0.117594	4450	532	0.119551
nazmulkazi	nemo-fastconformer	0	D0422-S1-T03	3834	403	0.105112	3861	410	0.106190
nazmulkazi	nemo-fastconformer	0	D0422-S1-T04	3312	403	0.121679	3343	420	0.125636
nazmulkazi	nemo-fastconformer	0	D0422-S2-T01	3561	478	0.134232	3594	498	0.138564
nazmulkazi	nemo-fastconformer	0	D0422-S2-T02	11164	1735	0.155410	11272	1805	0.160131
nazmulkazi	nemo-fastconformer	0	D0422-S3-T01	8131	766	0.094207	8238	824	0.100024
nazmulkazi	nemo-fastconformer	0	D0422-S3-T02	3148	379	0.120394	3232	425	0.131498
nazmulkazi	nemo-fastconformer	0	D0422-S3-T03	4820	545	0.113071	4879	578	0.118467
nazmulkazi	nemo-fastconformer	0	D0422-S3-T04	2869	325	0.113280	2889	329	0.113880
nazmulkazi	nemo-fastconformer	0	D0422-S3-T05	1869	160	0.085607	1903	183	0.096164
nazmulkazi	nemo-fastconformer	0	D0422-S3-T06	761	83	0.109067	796	100	0.125628
nazmulkazi	nemo-fastconformer	0	D0422-S4-T01	7992	729	0.091216	8093	778	0.096132
nazmulkazi	nemo-fastconformer	0	D0422-S4-T02	6964	652	0.093624	7033	689	0.097967
nazmulkazi	nemo-fastconformer	0	D0422-S4-T03	3829	458	0.119613	3877	477	0.123033
nazmulkazi	nemo-fastconformer	0	D0422-S4-T04	4114	417	0.101361	4165	429	0.103001
nazmulkazi	nemo-fastconformer	0	D0422-S4-T05	3512	423	0.120444	3544	437	0.123307
nazmulkazi	nemo-fastconformer	0	D0423-S1-T01	9224	929	0.100716	9263	953	0.102882
nazmulkazi	nemo-fastconformer	0	D0423-S1-T02	5202	545	0.104767	5252	568	0.108149
nazmulkazi	nemo-fastconformer	0	D0423-S1-T03	2582	307	0.118900	2605	319	0.122457
nazmulkazi	nemo-fastconformer	0	D0423-S2-T01	2514	394	0.156722	2568	426	0.165888
nazmulkazi	nemo-fastconformer	0	D0423-S2-T02	3711	414	0.111560	3734	426	0.114087
nazmulkazi	nemo-fastconformer	0	D0423-S2-T03	4261	573	0.134475	4277	578	0.135141
nazmulkazi	nemo-fastconformer	0	D0424-S1-T01	2211	225	0.101764	2253	244	0.108300
nazmulkazi	nemo-fastconformer	0	D0424-S1-T02	2759	313	0.113447	2784	326	0.117098
nazmulkazi	nemo-fastconformer	0	D0424-S1-T03	3189	415	0.130135	3230	427	0.132198
nazmulkazi	nemo-fastconformer	0	D0424-S2-T01	7522	786	0.104493	7569	805	0.106355
nazmulkazi	nemo-fastconformer	0	D0424-S2-T02	6557	872	0.132988	6701	917	0.136845
nazmulkazi	nemo-fastconformer	0	D0424-S2-T03	6909	923	0.133594	7024	984	0.140091
nazmulkazi	nemo-fastconformer	0	D0424-S2-T04	5725	752	0.131354	5779	779	0.134798
nazmulkazi	nemo-fastconformer	0	D0424-S2-T05	5969	779	0.130508	6018	799	0.132768
nazmulkazi	nemo-fastconformer	0	D0424-S2-T06	4897	691	0.141107	4944	713	0.144215
nazmulkazi	nemo-fastconformer	0	D0424-S3-T01	9288	856	0.092162	9346	872	0.093302
nazmulkazi	nemo-fastconformer	0	D0424-S3-T02	4351	431	0.099058	4393	449	0.102208
nazmulkazi	nemo-fastconformer	0	D0424-S3-T03	2216	156	0.070397	2230	161	0.072197
nazmulkazi	nemo-fastconformer	0	D0424-S3-T04	1472	147	0.099864	1497	160	0.106880
nazmulkazi	nemo-fastconformer	0	D0425-S1-T01	1462	121	0.082763	1510	145	0.096026
nazmulkazi	nemo-fastconformer	0	D0425-S1-T02	3007	264	0.087795	3054	280	0.091683
nazmulkazi	nemo-fastconformer	0	D0425-S1-T03	2368	233	0.098395	2415	262	0.108489
nazmulkazi	nemo-fastconformer	0	D0425-S2-T01	7394	592	0.080065	7498	618	0.082422
nazmulkazi	nemo-fastconformer	0	D0425-S2-T02	4501	333	0.073984	4526	336	0.074238
nazmulkazi	nemo-fastconformer	0	D0425-S2-T03	3706	331	0.089315	3747	355	0.094742
nazmulkazi	nemo-fastconformer	0	D0425-S2-T04	3101	248	0.079974	3150	270	0.085714
nazmulkazi	nemo-fastconformer	0	D0425-S3-T01	4421	566	0.128025	4469	580	0.129783
nazmulkazi	nemo-fastconformer	0	D0425-S3-T02	4446	592	0.133153	4488	612	0.136364
nazmulkazi	nemo-fastconformer	0	D0425-S3-T03	3270	522	0.159633	3294	532	0.161506
nazmulkazi	nemo-fastconformer	0	D0425-S3-T04	2967	534	0.179980	3006	553	0.183965
nazmulkazi	nemo-fastconformer	0	D0425-S3-T05	2350	224	0.095319	2367	228	0.096324
nazmulkazi	nemo-fastconformer-int8	0	D0420-S1-T01	2708	314	0.115953	2789	355	0.127286
nazmulkazi	nemo-fastconformer-int8	0	D0420-S1-T02	519	34	0.065511	523	37	0.070746
nazmulkazi	nemo-fastconformer-int8	0	D0420-S1-T03	953	98	0.102833	956	102	0.106695
nazmulkazi	nemo-fastconformer-int8	0	D0420-S1-T04	1567	132	0.084237	1570	139	0.088535
nazmulkazi	nemo-fastconformer-int8	0	D0420-S1-T05	2399	208	0.086703	2443	230	0.094147
nazmulkazi	nemo-fastconformer-int8	0	D0420-S2-T01	6883	640	0.092983	6923	655	0.094612
nazmulkazi	nemo-fastconformer-int8	0	D0420-S3-T01	1983	188	0.094806	1984	195	0.098286
nazmulkazi	nemo-fastconformer-int8	0	D0420-S3-T02	5278	533	0.100985	5337	562	0.105303
nazmulkazi	nemo-fastconformer-int8	0	D0420-S3-T03	4280	317	0.074065	4307	335	0.077780
nazmulkazi	nemo-fastconformer-int8	0	D0420-S4-T01	2524	307	0.121632	2531	311	0.122876
nazmulkazi	nemo-fastconformer-int8	0	D0420-S4-T02	8244	942	0.114265	8302	970	0.116839
nazmulkazi	nemo-fastconformer-int8	0	D0421-S1-T01	6120	539	0.088072	6165	565	0.091646
nazmulkazi	nemo-fastconformer-int8	0	D0421-S1-T02	4819	510	0.105831	4863	540	0.111043
nazmulkazi	nemo-fastconformer-int8	0	D0421-S1-T03	2634	219	0.083144	2686	245	0.091214
nazmulkazi	nemo-fastconformer-int8	0	D0421-S1-T04	3463	222	0.064106	3497	241	0.068916
nazmulkazi	nemo-fastconformer-int8	0	D0421-S1-T05	3134	238	0.075941	3144	248	0.078880
nazmulkazi	nemo-fastconformer-int8	0	D0421-S2-T01	8382	777	0.092699	8416	805	0.095651
nazmulkazi	nemo-fastconformer-int8	0	D0421-S2-T02	6991	782	0.111858	7030	803	0.114225
nazmulkazi	nemo-fastconformer-int8	0	D0421-S3-T01	3918	623	0.159010	3961	643	0.162333
nazmulkazi	nemo-fastconformer-int8	0	D0421-S3-T02	3678	552	0.150082	3689	564	0.152887
nazmulkazi	nemo-fastconformer-int8	0	D0421-S3-T03	4294	539	0.125524	4330	557	0.128637
nazmulkazi	nemo-fastconformer-int8	0	D0421-S3-T04	3890	409	0.105141	3921	424	0.108136
nazmulkazi	nemo-fastconformer-int8	0	D0421-S3-T05	4378	568	0.129740	4405	576	0.130760
nazmulkazi	nemo-fastconformer-int8	0	D0422-S1-T01	6336	893	0.140941	6381	923	0.144648
nazmulkazi	nemo-fastconformer-int8	0	D0422-S1-T02	4422	524	0.118498	4450	537	0.120674
nazmulkazi	nemo-fastconformer-int8	0	D0422-S1-T03	3834	405	0.105634	3861	411	0.106449
nazmulkazi	nemo-fastconformer-int8	0	D0422-S1-T04	3312	404	0.121981	3343	423	0.126533
nazmulkazi	nemo-fastconformer-int8	0	D0422-S2-T01	3561	473	0.132828	3594	493	0.137173
nazmulkazi	nemo-fastconformer-int8	0	D0422-S2-T02	11164	1720	0.154067	11272	1800	0.159688
nazmulkazi	nemo-fastconformer-int8	0	D0422-S3-T01	8131	769	0.094576	8238	829	0.100631
nazmulkazi	nemo-fastconformer-int8	0	D0422-S3-T02	3148	352	0.111817	3232	391	0.120978
nazmulkazi	nemo-fastconformer-int8	0	D0422-S3-T03	4820	513	0.106432	4879	538	0.110268
nazmulkazi	nemo-fastconformer-int8	0	D0422-S3-T04	2869	294	0.102475	2889	296	0.102458
nazmulkazi	nemo-fastconformer-int8	0	D0422-S3-T05	1869	164	0.087747	1903	186	0.097740
nazmulkazi	nemo-fastconformer-int8	0	D0422-S3-T06	761	92	0.120894	796	108	0.135678
nazmulkazi	nemo-fastconformer-int8	0	D0422-S4-T01	7992	699	0.087462	8093	749	0.092549
nazmulkazi	nemo-fastconformer-int8	0	D0422-S4-T02	6964	691	0.099225	7033	724	0.102943
nazmulkazi	nemo-fastconformer-int8	0	D0422-S4-T03	3829	437	0.114129	3877	459	0.118391
nazmulkazi	nemo-fastconformer-int8	0	D0422-S4-T04	4114	404	0.098201	4165	417	0.100120
nazmulkazi	nemo-fastconformer-int8	0	D0422-S4-T05	3512	395	0.112472	3544	415	0.117099
nazmulkazi	nemo-fastconformer-int8	0	D0423-S1-T01	9224	873	0.094644	9263	891	0.096189
nazmulkazi	nemo-fastconformer-int8	0	D0423-S1-T02	5202	557	0.107074	5252	587	0.111767
nazmulkazi	nemo-fastconformer-int8	0	D0423-S1-T03	2582	302	0.116964	2605	310	0.119002
nazmulkazi	nemo-fastconformer-int8	0	D0423-S2-T01	2514	349	0.138823	2568	378	0.147196
nazmulkazi	nemo-fastconformer-int8	0	D0423-S2-T02	3711	394	0.106171	3734	403	0.107927
nazmulkazi	nemo-fastconformer-int8	0	D0423-S2-T03	4261	555	0.130251	4277	559	0.130699
nazmulkazi	nemo-fastconformer-int8	0	D0424-S1-T01	2211	233	0.105382	2253	250	0.110963
nazmulkazi	nemo-fastconformer-int8	0	D0424-S1-T02	2759	312	0.113084	2784	322	0.115661
nazmulkazi	nemo-fastconformer-int8	0	D0424-S1-T03	3189	407	0.127626	3230	414	0.128173
nazmulkazi	nemo-fastconformer-int8	0	D0424-S2-T01	7522	788	0.104759	7569	809	0.106883
nazmulkazi	nemo-fastconformer-int8	0	D0424-S2-T02	6557	879	0.134055	6701	922	0.137591
nazmulkazi	nemo-fastconformer-int8	0	D0424-S2-T03	6909	903	0.130699	7024	958	0.136390
nazmulkazi	nemo-fastconformer-int8	0	D0424-S2-T04	5725	737	0.128734	5779	760	0.131511
nazmulkazi	nemo-fastconformer-int8	0	D0424-S2-T05	5969	743	0.124476	6018	761	0.126454
nazmulkazi	nemo-fastconformer-int8	0	D0424-S2-T06	4897	672	0.137227	4944	700	0.141586
nazmulkazi	nemo-fastconformer-int8	0	D0424-S3-T01	9288	763	0.082149	9346	783	0.083779
nazmulkazi	nemo-fastconformer-int8	0	D0424-S3-T02	4351	424	0.097449	4393	446	0.101525
nazmulkazi	nemo-fastconformer-int8	0	D0424-S3-T03	2216	157	0.070848	2230	162	0.072646
nazmulkazi	nemo-fastconformer-int8	0	D0424-S3-T04	1472	142	0.096467	1497	155	0.103540
nazmulkazi	nemo-fastconformer-int8	0	D0425-S1-T01	1462	109	0.074555	1510	127	0.084106
nazmulkazi	nemo-fastconformer-int8	0	D0425-S1-T02	3007	243	0.080811	3054	263	0.086117
nazmulkazi	nemo-fastconformer-int8	0	D0425-S1-T03	2368	203	0.085726	2415	223	0.092340
nazmulkazi	nemo-fastconformer-int8	0	D0425-S2-T01	7394	600	0.081147	7498	623	0.083089
nazmulkazi	nemo-fastconformer-int8	0	D0425-S2-T02	4501	303	0.067318	4526	304	0.067167
nazmulkazi	nemo-fastconformer-int8	0	D0425-S2-T03	3706	290	0.078251	3747	315	0.084067
nazmulkazi	nemo-fastconformer-int8	0	D0425-S2-T04	3101	235	0.075782	3150	255	0.080952
nazmulkazi	nemo-fastconformer-int8	0	D0425-S3-T01	4421	567	0.128252	4469	585	0.130902
nazmulkazi	nemo-fastconformer-int8	0	D0425-S3-T02	4446	602	0.135403	4488	619	0.137923
nazmulkazi	nemo-fastconformer-int8	0	D0425-S3-T03	3270	505	0.154434	3294	515	0.156345
nazmulkazi	nemo-fastconformer-int8	0	D0425-S3-T04	2967	536	0.180654	3006	552	0.183633
nazmulkazi	nemo-fastconformer-int8	0	D0425-S3-T05	2350	235	0.100000	2367	238	0.100549
nazmulkazi	nemotron	0	D0420-S1-T01	2708	1095	0.404357	2789	1123	0.402653
nazmulkazi	nemotron	0	D0420-S1-T02	519	205	0.394990	523	208	0.397706
nazmulkazi	nemotron	0	D0420-S1-T03	953	401	0.420776	956	402	0.420502
nazmulkazi	nemotron	0	D0420-S1-T04	1567	688	0.439056	1570	690	0.439490
nazmulkazi	nemotron	0	D0420-S1-T05	2399	896	0.373489	2443	907	0.371265
nazmulkazi	nemotron	0	D0420-S2-T01	6883	2814	0.408833	6923	2829	0.408638
nazmulkazi	nemotron	0	D0420-S3-T01	1983	684	0.344932	1984	684	0.344758
nazmulkazi	nemotron	0	D0420-S3-T02	5278	1788	0.338765	5337	1805	0.338205
nazmulkazi	nemotron	0	D0420-S3-T03	4280	1537	0.359112	4307	1549	0.359647
nazmulkazi	nemotron	0	D0420-S4-T01	2524	838	0.332013	2531	839	0.331490
nazmulkazi	nemotron	0	D0420-S4-T02	8244	2724	0.330422	8302	2743	0.330402
nazmulkazi	nemotron	0	D0421-S1-T01	6120	2218	0.362418	6165	2232	0.362044
nazmulkazi	nemotron	0	D0421-S1-T02	4819	1867	0.387425	4863	1882	0.387004
nazmulkazi	nemotron	0	D0421-S1-T03	2634	834	0.316629	2686	848	0.315711
nazmulkazi	nemotron	0	D0421-S1-T04	3463	1263	0.364713	3497	1275	0.364598
nazmulkazi	nemotron	0	D0421-S1-T05	3134	1084	0.345884	3144	1088	0.346056
nazmulkazi	nemotron	0	D0421-S2-T01	8382	3636	0.433787	8416	3646	0.433222
nazmulkazi	nemotron	0	D0421-S2-T02	6991	2955	0.422686	7030	2972	0.422760
nazmulkazi	nemotron	0	D0421-S3-T01	3918	1451	0.370342	3961	1465	0.369856
nazmulkazi	nemotron	0	D0421-S3-T02	3678	1416	0.384992	3689	1421	0.385199
nazmulkazi	nemotron	0	D0421-S3-T03	4294	1623	0.377969	4330	1631	0.376674
nazmulkazi	nemotron	0	D0421-S3-T04	3890	1358	0.349100	3921	1373	0.350166
nazmulkazi	nemotron	0	D0421-S3-T05	4378	1550	0.354043	4405	1558	0.353689
nazmulkazi	nemotron	0	D0422-S1-T01	6336	2721	0.429451	6381	2741	0.429556
nazmulkazi	nemotron	0	D0422-S1-T02	4422	1699	0.384215	4450	1710	0.384270
nazmulkazi	nemotron	0	D0422-S1-T03	3834	1432	0.373500	3861	1442	0.373478
nazmulkazi	nemotron	0	D0422-S1-T04	3312	1292	0.390097	3343	1304	0.390069
nazmulkazi	nemotron	0	D0422-S2-T01	3561	1261	0.354114	3594	1278	0.355593
nazmulkazi	nemotron	0	D0422-S2-T02	11164	3985	0.356951	11272	4021	0.356725
nazmulkazi	nemotron	0	D0422-S3-T01	8131	2897	0.356291	8238	2946	0.357611
nazmulkazi	nemotron	0	D0422-S3-T02	3148	1179	0.374524	3232	1213	0.375309
nazmulkazi	nemotron	0	D0422-S3-T03	4820	1724	0.357676	4879	1745	0.357655
nazmulkazi	nemotron	0	D0422-S3-T04	2869	1003	0.349599	2889	1008	0.348910
nazmulkazi	nemotron	0	D0422-S3-T05	1869	658	0.352060	1903	675	0.354703
nazmulkazi	nemotron	0	D0422-S3-T06	761	306	0.402102	796	318	0.399497
nazmulkazi	nemotron	0	D0422-S4-T01	7992	3024	0.378378	8093	3065	0.378722
nazmulkazi	nemotron	0	D0422-S4-T02	6964	2541	0.364877	7033	2567	0.364994
nazmulkazi	nemotron	0	D0422-S4-T03	3829	1422	0.371376	3877	1432	0.369358
nazmulkazi	nemotron	0	D0422-S4-T04	4114	1511	0.367282	4165	1523	0.365666
nazmulkazi	nemotron	0	D0422-S4-T05	3512	1401	0.398918	3544	1411	0.398138
nazmulkazi	nemotron	0	D0423-S1-T01	9224	3060	0.331743	9263	3071	0.331534
nazmulkazi	nemotron	0	D0423-S1-T02	5202	1815	0.348904	5252	1826	0.347677
nazmulkazi	nemotron	0	D0423-S1-T03	2582	967	0.374516	2605	974	0.373896
nazmulkazi	nemotron	0	D0423-S2-T01	2514	908	0.361177	2568	927	0.360981
nazmulkazi	nemotron	0	D0423-S2-T02	3711	1467	0.395311	3734	1474	0.394751
nazmulkazi	nemotron	0	D0423-S2-T03	4261	1642	0.385356	4277	1645	0.384615
nazmulkazi	nemotron	0	D0424-S1-T01	2211	773	0.349616	2253	782	0.347093
nazmulkazi	nemotron	0	D0424-S1-T02	2759	921	0.333817	2784	926	0.332615
nazmulkazi	nemotron	0	D0424-S1-T03	3189	1151	0.360928	3230	1162	0.359752
nazmulkazi	nemotron	0	D0424-S2-T01	7522	2723	0.362005	7569	2736	0.361474
nazmulkazi	nemotron	0	D0424-S2-T02	6557	2357	0.359463	6701	2391	0.356812
nazmulkazi	nemotron	0	D0424-S2-T03	6909	2357	0.341149	7024	2394	0.340831
nazmulkazi	nemotron	0	D0424-S2-T04	5725	1998	0.348996	5779	2011	0.347984
nazmulkazi	nemotron	0	D0424-S2-T05	5969	2201	0.368738	6018	2210	0.367232
nazmulkazi	nemotron	0	D0424-S2-T06	4897	1873	0.382479	4944	1890	0.382282
nazmulkazi	nemotron	0	D0424-S3-T01	9288	3748	0.403531	9346	3769	0.403274
nazmulkazi	nemotron	0	D0424-S3-T02	4351	1822	0.418754	4393	1841	0.419076
nazmulkazi	nemotron	0	D0424-S3-T03	2216	830	0.374549	2230	837	0.375336
nazmulkazi	nemotron	0	D0424-S3-T04	1472	553	0.375679	1497	565	0.377422
nazmulkazi	nemotron	0	D0425-S1-T01	1462	600	0.410397	1510	615	0.407285
nazmulkazi	nemotron	0	D0425-S1-T02	3007	1085	0.360825	3054	1096	0.358874
nazmulkazi	nemotron	0	D0425-S1-T03	2368	886	0.374155	2415	900	0.372671
nazmulkazi	nemotron	0	D0425-S2-T01	7394	2600	0.351636	7498	2627	0.350360
nazmulkazi	nemotron	0	D0425-S2-T02	4501	1955	0.434348	4526	1968	0.434821
nazmulkazi	nemotron	0	D0425-S2-T03	3706	1210	0.326498	3747	1219	0.325327
nazmulkazi	nemotron	0	D0425-S2-T04	3101	1138	0.366978	3150	1152	0.365714
nazmulkazi	nemotron	0	D0425-S3-T01	4421	1687	0.381588	4469	1700	0.380398
nazmulkazi	nemotron	0	D0425-S3-T02	4446	2083	0.468511	4488	2096	0.467023
nazmulkazi	nemotron	0	D0425-S3-T03	3270	1377	0.421101	3294	1382	0.419551
nazmulkazi	nemotron	0	D0425-S3-T04	2967	1289	0.434446	3006	1307	0.434797
nazmulkazi	nemotron	0	D0425-S3-T05	2350	996	0.423830	2367	1004	0.424166
nazmulkazi	zipformer-zh-en	0	D0420-S1-T01	2708	295	0.108936	2789	313	0.112227
nazmulkazi	zipformer-zh-en	0	D0420-S1-T02	519	45	0.086705	523	48	0.091778
nazmulkazi	zipformer-zh-en	0	D0420-S1-T03	953	94	0.098636	956	97	0.101464
nazmulkazi	zipformer-zh-en	0	D0420-S1-T04	1567	109	0.069560	1570	120	0.076433
nazmulkazi	zipformer-zh-en	0	D0420-S1-T05	2399	207	0.086286	2443	216	0.088416
nazmulkazi	zipformer-zh-en	0	D0420-S2-T01	6883	657	0.095453	6923	668	0.096490
nazmulkazi	zipformer-zh-en	0	D0420-S3-T01	1983	142	0.071609	1984	150	0.075605
nazmulkazi	zipformer-zh-en	0	D0420-S3-T02	5278	578	0.109511	5337	596	0.111673
nazmulkazi	zipformer-zh-en	0	D0420-S3-T03	4280	276	0.064486	4307	296	0.068725
nazmulkazi	zipformer-zh-en	0	D0420-S4-T01	2524	289	0.114501	2531	292	0.115369
nazmulkazi	zipformer-zh-en	0	D0420-S4-T02	8244	926	0.112324	8302	955	0.115033
nazmulkazi	zipformer-zh-en	0	D0421-S1-T01	6120	511	0.083497	6165	526	0.085320
nazmulkazi	zipformer-zh-en	0	D0421-S1-T02	4819	573	0.118904	4863	592	0.121736
nazmulkazi	zipformer-zh-en	0	D0421-S1-T03	2634	244	0.092635	2686	247	0.091958
nazmulkazi	zipformer-zh-en	0	D0421-S1-T04	3463	251	0.072481	3497	252	0.072062
nazmulkazi	zipformer-zh-en	0	D0421-S1-T05	3134	196	0.062540	3144	204	0.064885
nazmulkazi	zipformer-zh-en	0	D0421-S2-T01	8382	762	0.090909	8416	793	0.094225
nazmulkazi	zipformer-zh-en	0	D0421-S2-T02	6991	779	0.111429	7030	787	0.111949
nazmulkazi	zipformer-zh-en	0	D0421-S3-T01	3918	601	0.153395	3961	607	0.153244
nazmulkazi	zipformer-zh-en	0	D0421-S3-T02	3678	495	0.134584	3689	504	0.136622
nazmulkazi	zipformer-zh-en	0	D0421-S3-T03	4294	484	0.112715	4330	499	0.115242
nazmulkazi	zipformer-zh-en	0	D0421-S3-T04	3890	427	0.109769	3921	437	0.111451
nazmulkazi	zipformer-zh-en	0	D0421-S3-T05	4378	447	0.102101	4405	453	0.102838
nazmulkazi	zipformer-zh-en	0	D0422-S1-T01	6336	926	0.146149	6381	949	0.148723
nazmulkazi	zipformer-zh-en	0	D0422-S1-T02	4422	494	0.111714	4450	501	0.112584
nazmulkazi	zipformer-zh-en	0	D0422-S1-T03	3834	430	0.112154	3861	442	0.114478
nazmulkazi	zipformer-zh-en	0	D0422-S1-T04	3312	415	0.125302	3343	432	0.129225
nazmulkazi	zipformer-zh-en	0	D0422-S2-T01	3561	395	0.110924	3594	398	0.110740
nazmulkazi	zipformer-zh-en	0	D0422-S2-T02	11164	1466	0.131315	11272	1511	0.134049
nazmulkazi	zipformer-zh-en	0	D0422-S3-T01	8131	925	0.113762	8238	1025	0.124423
nazmulkazi	zipformer-zh-en	0	D0422-S3-T02	3148	339	0.107687	3232	373	0.115408
nazmulkazi	zipformer-zh-en	0	D0422-S3-T03	4820	577	0.119710	4879	613	0.125641
nazmulkazi	zipformer-zh-en	0	D0422-S3-T04	2869	334	0.116417	2889	336	0.116303
nazmulkazi	zipformer-zh-en	0	D0422-S3-T05	1869	158	0.084537	1903	175	0.091960
nazmulkazi	zipformer-zh-en	0	D0422-S3-T06	761	92	0.120894	796	103	0.129397
nazmulkazi	zipformer-zh-en	0	D0422-S4-T01	7992	709	0.088714	8093	740	0.091437
nazmulkazi	zipformer-zh-en	0	D0422-S4-T02	6964	611	0.087737	7033	629	0.089436
nazmulkazi	zipformer-zh-en	0	D0422-S4-T03	3829	437	0.114129	3877	468	0.120712
nazmulkazi	zipformer-zh-en	0	D0422-S4-T04	4114	401	0.097472	4165	410	0.098439
nazmulkazi	zipformer-zh-en	0	D0422-S4-T05	3512	419	0.119305	3544	432	0.121896
nazmulkazi	zipformer-zh-en	0	D0423-S1-T01	9224	739	0.080117	9263	742	0.080104
nazmulkazi	zipformer-zh-en	0	D0423-S1-T02	5202	481	0.092464	5252	500	0.095202
nazmulkazi	zipformer-zh-en	0	D0423-S1-T03	2582	283	0.109605	2605	289	0.110940
nazmulkazi	zipformer-zh-en	0	D0423-S2-T01	2514	311	0.123707	2568	329	0.128115
nazmulkazi	zipformer-zh-en	0	D0423-S2-T02	3711	434	0.116950	3734	453	0.121318
nazmulkazi	zipformer-zh-en	0	D0423-S2-T03	4261	552	0.129547	4277	554	0.129530
nazmulkazi	zipformer-zh-en	0	D0424-S1-T01	2211	252	0.113976	2253	261	0.115846
nazmulkazi	zipformer-zh-en	0	D0424-S1-T02	2759	250	0.090613	2784	254	0.091236
nazmulkazi	zipformer-zh-en	0	D0424-S1-T03	3189	390	0.122295	3230	402	0.124458
nazmulkazi	zipformer-zh-en	0	D0424-S2-T01	7522	915	0.121643	7569	973	0.128551
nazmulkazi	zipformer-zh-en	0	D0424-S2-T02	6557	867	0.132225	6701	910	0.135801
nazmulkazi	zipformer-zh-en	0	D0424-S2-T03	6909	879	0.127225	7024	946	0.134681
nazmulkazi	zipformer-zh-en	0	D0424-S2-T04	5725	709	0.123843	5779	741	0.128223
nazmulkazi	zipformer-zh-en	0	D0424-S2-T05	5969	703	0.117775	6018	726	0.120638
nazmulkazi	zipformer-zh-en	0	D0424-S2-T06	4897	667	0.136206	4944	699	0.141383
nazmulkazi	zipformer-zh-en	0	D0424-S3-T01	9288	741	0.079780	9346	757	0.080997
nazmulkazi	zipformer-zh-en	0	D0424-S3-T02	4351	425	0.097679	4393	449	0.102208
nazmulkazi	zipformer-zh-en	0	D0424-S3-T03	2216	152	0.068592	2230	157	0.070404
nazmulkazi	zipformer-zh-en	0	D0424-S3-T04	1472	155	0.105299	1497	160	0.106880
nazmulkazi	zipformer-zh-en	0	D0425-S1-T01	1462	128	0.087551	1510	136	0.090066
nazmulkazi	zipformer-zh-en	0	D0425-S1-T02	3007	266	0.088460	3054	280	0.091683
nazmulkazi	zipformer-zh-en	0	D0425-S1-T03	2368	192	0.081081	2415	201	0.083230
nazmulkazi	zipformer-zh-en	0	D0425-S2-T01	7394	654	0.088450	7498	686	0.091491
nazmulkazi	zipformer-zh-en	0	D0425-S2-T02	4501	387	0.085981	4526	392	0.086611
nazmulkazi	zipformer-zh-en	0	D0425-S2-T03	3706	299	0.080680	3747	322	0.085935
nazmulkazi	zipformer-zh-en	0	D0425-S2-T04	3101	239	0.077072	3150	260	0.082540
nazmulkazi	zipformer-zh-en	0	D0425-S3-T01	4421	686	0.155169	4469	713	0.159544
nazmulkazi	zipformer-zh-en	0	D0425-S3-T02	4446	636	0.143050	4488	659	0.146836
nazmulkazi	zipformer-zh-en	0	D0425-S3-T03	3270	557	0.170336	3294	565	0.171524
nazmulkazi	zipformer-zh-en	0	D0425-S3-T04	2967	574	0.193461	3006	586	0.194943
nazmulkazi	zipformer-zh-en	0	D0425-S3-T05	2350	264	0.112340	2367	269	0.113646
nazmulkazi	sensevoice	0	D0420-S1-T01	2708	170	0.062777	2789	173	0.062029
nazmulkazi	sensevoice	0	D0420-S1-T02	519	27	0.052023	523	29	0.055449
nazmulkazi	sensevoice	0	D0420-S1-T03	953	64	0.067156	956	66	0.069038
nazmulkazi	sensevoice	0	D0420-S1-T04	1567	84	0.053606	1570	84	0.053503
nazmulkazi	sensevoice	0	D0420-S1-T05	2399	136	0.056690	2443	142	0.058125
nazmulkazi	sensevoice	0	D0420-S2-T01	6883	471	0.068429	6923	475	0.068612
nazmulkazi	sensevoice	0	D0420-S3-T01	1983	110	0.055472	1984	110	0.055444
nazmulkazi	sensevoice	0	D0420-S3-T02	5278	348	0.065934	5337	349	0.065393
nazmulkazi	sensevoice	0	D0420-S3-T03	4280	210	0.049065	4307	213	0.049454
nazmulkazi	sensevoice	0	D0420-S4-T01	2524	225	0.089144	2531	226	0.089293
nazmulkazi	sensevoice	0	D0420-S4-T02	8244	600	0.072780	8302	611	0.073597
nazmulkazi	sensevoice	0	D0421-S1-T01	6120	396	0.064706	6165	395	0.064071
nazmulkazi	sensevoice	0	D0421-S1-T02	4819	325	0.067441	4863	325	0.066831
nazmulkazi	sensevoice	0	D0421-S1-T03	2634	142	0.053910	2686	143	0.053239
nazmulkazi	sensevoice	0	D0421-S1-T04	3463	158	0.045625	3497	158	0.045182
nazmulkazi	sensevoice	0	D0421-S1-T05	3134	147	0.046905	3144	149	0.047392
nazmulkazi	sensevoice	0	D0421-S2-T01	8382	588	0.070150	8416	593	0.070461
nazmulkazi	sensevoice	0	D0421-S2-T02	6991	565	0.080818	7030	569	0.080939
nazmulkazi	sensevoice	0	D0421-S3-T01	3918	431	0.110005	3961	437	0.110326
nazmulkazi	sensevoice	0	D0421-S3-T02	3678	394	0.107123	3689	395	0.107075
nazmulkazi	sensevoice	0	D0421-S3-T03	4294	365	0.085002	4330	366	0.084527
nazmulkazi	sensevoice	0	D0421-S3-T04	3890	267	0.068638	3921	268	0.068350
nazmulkazi	sensevoice	0	D0421-S3-T05	4378	346	0.079032	4405	346	0.078547
nazmulkazi	sensevoice	0	D0422-S1-T01	6336	768	0.121212	6381	773	0.121141
nazmulkazi	sensevoice	0	D0422-S1-T02	4422	368	0.083220	4450	368	0.082697
nazmulkazi	sensevoice	0	D0422-S1-T03	3834	334	0.087115	3861	335	0.086765
nazmulkazi	sensevoice	0	D0422-S1-T04	3312	303	0.091486	3343	307	0.091834
nazmulkazi	sensevoice	0	D0422-S2-T01	3561	313	0.087897	3594	316	0.087924
nazmulkazi	sensevoice	0	D0422-S2-T02	11164	984	0.088140	11272	993	0.088094
nazmulkazi	sensevoice	0	D0422-S3-T01	8131	608	0.074776	8238	628	0.076232
nazmulkazi	sensevoice	0	D0422-S3-T02	3148	234	0.074333	3232	240	0.074257
nazmulkazi	sensevoice	0	D0422-S3-T03	4820	405	0.084025	4879	409	0.083829
nazmulkazi	sensevoice	0	D0422-S3-T04	2869	195	0.067968	2889	196	0.067844
nazmulkazi	sensevoice	0	D0422-S3-T05	1869	101	0.054040	1903	104	0.054651
nazmulkazi	sensevoice	0	D0422-S3-T06	761	59	0.077530	796	61	0.076633
nazmulkazi	sensevoice	0	D0422-S4-T01	7992	449	0.056181	8093	456	0.056345
nazmulkazi	sensevoice	0	D0422-S4-T02	6964	438	0.062895	7033	443	0.062989
nazmulkazi	sensevoice	0	D0422-S4-T03	3829	323	0.084356	3877	324	0.083570
nazmulkazi	sensevoice	0	D0422-S4-T04	4114	316	0.076811	4165	317	0.076110
nazmulkazi	sensevoice	0	D0422-S4-T05	3512	333	0.094818	3544	335	0.094526
nazmulkazi	sensevoice	0	D0423-S1-T01	9224	492	0.053339	9263	492	0.053115
nazmulkazi	sensevoice	0	D0423-S1-T02	5202	351	0.067474	5252	351	0.066832
nazmulkazi	sensevoice	0	D0423-S1-T03	2582	219	0.084818	2605	222	0.085221
nazmulkazi	sensevoice	0	D0423-S2-T01	2514	203	0.080748	2568	211	0.082165
nazmulkazi	sensevoice	0	D0423-S2-T02	3711	285	0.076799	3734	289	0.077397
nazmulkazi	sensevoice	0	D0423-S2-T03	4261	480	0.112650	4277	480	0.112228
nazmulkazi	sensevoice	0	D0424-S1-T01	2211	144	0.065129	2253	145	0.064359
nazmulkazi	sensevoice	0	D0424-S1-T02	2759	194	0.070315	2784	194	0.069684
nazmulkazi	sensevoice	0	D0424-S1-T03	3189	294	0.092192	3230	295	0.091331
nazmulkazi	sensevoice	0	D0424-S2-T01	7522	565	0.075113	7569	567	0.074911
nazmulkazi	sensevoice	0	D0424-S2-T02	6557	612	0.093335	6701	617	0.092076
nazmulkazi	sensevoice	0	D0424-S2-T03	6909	583	0.084383	7024	594	0.084567
nazmulkazi	sensevoice	0	D0424-S2-T04	5725	477	0.083319	5779	483	0.083578
nazmulkazi	sensevoice	0	D0424-S2-T05	5969	489	0.081923	6018	492	0.081755
nazmulkazi	sensevoice	0	D0424-S2-T06	4897	468	0.095569	4944	470	0.095065
nazmulkazi	sensevoice	0	D0424-S3-T01	9288	561	0.060401	9346	563	0.060240
nazmulkazi	sensevoice	0	D0424-S3-T02	4351	306	0.070329	4393	307	0.069884
nazmulkazi	sensevoice	0	D0424-S3-T03	2216	117	0.052798	2230	119	0.053363
nazmulkazi	sensevoice	0	D0424-S3-T04	1472	110	0.074728	1497	111	0.074148
nazmulkazi	sensevoice	0	D0425-S1-T01	1462	80	0.054720	1510	80	0.052980
nazmulkazi	sensevoice	0	D0425-S1-T02	3007	180	0.059860	3054	181	0.059267
nazmulkazi	sensevoice	0	D0425-S1-T03	2368	121	0.051098	2415	121	0.050104
nazmulkazi	sensevoice	0	D0425-S2-T01	7394	443	0.059913	7498	444	0.059216
nazmulkazi	sensevoice	0	D0425-S2-T02	4501	283	0.062875	4526	285	0.062970
nazmulkazi	sensevoice	0	D0425-S2-T03	3706	190	0.051268	3747	191	0.050974
nazmulkazi	sensevoice	0	D0425-S2-T04	3101	175	0.056433	3150	177	0.056190
nazmulkazi	sensevoice	0	D0425-S3-T01	4421	475	0.107442	4469	480	0.107407
nazmulkazi	sensevoice	0	D0425-S3-T02	4446	533	0.119883	4488	535	0.119207
nazmulkazi	sensevoice	0	D0425-S3-T03	3270	466	0.142508	3294	470	0.142684
nazmulkazi	sensevoice	0	D0425-S3-T04	2967	435	0.146613	3006	441	0.146707
nazmulkazi	sensevoice	0	D0425-S3-T05	2350	186	0.079149	2367	191	0.080693
nazmulkazi	sensevoice-no-itn	0	D0420-S1-T01	2708	169	0.062408	2789	172	0.061671
nazmulkazi	sensevoice-no-itn	0	D0420-S1-T02	519	26	0.050096	523	28	0.053537
nazmulkazi	sensevoice-no-itn	0	D0420-S1-T03	953	65	0.068206	956	67	0.070084
nazmulkazi	sensevoice-no-itn	0	D0420-S1-T04	1567	86	0.054882	1570	86	0.054777
nazmulkazi	sensevoice-no-itn	0	D0420-S1-T05	2399	127	0.052939	2443	133	0.054441
nazmulkazi	sensevoice-no-itn	0	D0420-S2-T01	6883	455	0.066105	6923	458	0.066156
nazmulkazi	sensevoice-no-itn	0	D0420-S3-T01	1983	110	0.055472	1984	110	0.055444
nazmulkazi	sensevoice-no-itn	0	D0420-S3-T02	5278	357	0.067639	5337	357	0.066892
nazmulkazi	sensevoice-no-itn	0	D0420-S3-T03	4280	217	0.050701	4307	220	0.051080
nazmulkazi	sensevoice-no-itn	0	D0420-S4-T01	2524	220	0.087163	2531	221	0.087317
nazmulkazi	sensevoice-no-itn	0	D0420-S4-T02	8244	603	0.073144	8302	615	0.074079
nazmulkazi	sensevoice-no-itn	0	D0421-S1-T01	6120	385	0.062908	6165	385	0.062449
nazmulkazi	sensevoice-no-itn	0	D0421-S1-T02	4819	321	0.066611	4863	321	0.066009
nazmulkazi	sensevoice-no-itn	0	D0421-S1-T03	2634	137	0.052012	2686	140	0.052122
nazmulkazi	sensevoice-no-itn	0	D0421-S1-T04	3463	152	0.043893	3497	152	0.043466
nazmulkazi	sensevoice-no-itn	0	D0421-S1-T05	3134	146	0.046586	3144	148	0.047074
nazmulkazi	sensevoice-no-itn	0	D0421-S2-T01	8382	591	0.070508	8416	597	0.070936
nazmulkazi	sensevoice-no-itn	0	D0421-S2-T02	6991	561	0.080246	7030	565	0.080370
nazmulkazi	sensevoice-no-itn	0	D0421-S3-T01	3918	422	0.107708	3961	426	0.107549
nazmulkazi	sensevoice-no-itn	0	D0421-S3-T02	3678	397	0.107939	3689	398	0.107888
nazmulkazi	sensevoice-no-itn	0	D0421-S3-T03	4294	364	0.084769	4330	365	0.084296
nazmulkazi	sensevoice-no-itn	0	D0421-S3-T04	3890	264	0.067866	3921	265	0.067585
nazmulkazi	sensevoice-no-itn	0	D0421-S3-T05	4378	342	0.078118	4405	342	0.077639
nazmulkazi	sensevoice-no-itn	0	D0422-S1-T01	6336	753	0.118845	6381	758	0.118790
nazmulkazi	sensevoice-no-itn	0	D0422-S1-T02	4422	370	0.083673	4450	370	0.083146
nazmulkazi	sensevoice-no-itn	0	D0422-S1-T03	3834	330	0.086072	3861	331	0.085729
nazmulkazi	sensevoice-no-itn	0	D0422-S1-T04	3312	301	0.090882	3343	304	0.090936
nazmulkazi	sensevoice-no-itn	0	D0422-S2-T01	3561	316	0.088739	3594	320	0.089037
nazmulkazi	sensevoice-no-itn	0	D0422-S2-T02	11164	993	0.088947	11272	1002	0.088893
nazmulkazi	sensevoice-no-itn	0	D0422-S3-T01	8131	614	0.075513	8238	634	0.076960
nazmulkazi	sensevoice-no-itn	0	D0422-S3-T02	3148	229	0.072745	3232	235	0.072710
nazmulkazi	sensevoice-no-itn	0	D0422-S3-T03	4820	388	0.080498	4879	391	0.080139
nazmulkazi	sensevoice-no-itn	0	D0422-S3-T04	2869	190	0.066225	2889	191	0.066113
nazmulkazi	sensevoice-no-itn	0	D0422-S3-T05	1869	99	0.052970	1903	103	0.054125
nazmulkazi	sensevoice-no-itn	0	D0422-S3-T06	761	59	0.077530	796	61	0.076633
nazmulkazi	sensevoice-no-itn	0	D0422-S4-T01	7992	436	0.054555	8093	443	0.054739
nazmulkazi	sensevoice-no-itn	0	D0422-S4-T02	6964	444	0.063756	7033	449	0.063842
nazmulkazi	sensevoice-no-itn	0	D0422-S4-T03	3829	319	0.083312	3877	320	0.082538
nazmulkazi	sensevoice-no-itn	0	D0422-S4-T04	4114	315	0.076568	4165	316	0.075870
nazmulkazi	sensevoice-no-itn	0	D0422-S4-T05	3512	330	0.093964	3544	332	0.093679
nazmulkazi	sensevoice-no-itn	0	D0423-S1-T01	9224	493	0.053448	9263	493	0.053222
nazmulkazi	sensevoice-no-itn	0	D0423-S1-T02	5202	354	0.068051	5252	354	0.067403
nazmulkazi	sensevoice-no-itn	0	D0423-S1-T03	2582	224	0.086754	2605	226	0.086756
nazmulkazi	sensevoice-no-itn	0	D0423-S2-T01	2514	204	0.081146	2568	212	0.082555
nazmulkazi	sensevoice-no-itn	0	D0423-S2-T02	3711	291	0.078416	3734	295	0.079004
nazmulkazi	sensevoice-no-itn	0	D0423-S2-T03	4261	473	0.111007	4277	473	0.110592
nazmulkazi	sensevoice-no-itn	0	D0424-S1-T01	2211	142	0.064224	2253	143	0.063471
nazmulkazi	sensevoice-no-itn	0	D0424-S1-T02	2759	193	0.069953	2784	193	0.069325
nazmulkazi	sensevoice-no-itn	0	D0424-S1-T03	3189	297	0.093133	3230	298	0.092260
nazmulkazi	sensevoice-no-itn	0	D0424-S2-T01	7522	570	0.075778	7569	572	0.075571
nazmulkazi	sensevoice-no-itn	0	D0424-S2-T02	6557	606	0.092420	6701	611	0.091180
nazmulkazi	sensevoice-no-itn	0	D0424-S2-T03	6909	570	0.082501	7024	583	0.083001
nazmulkazi	sensevoice-no-itn	0	D0424-S2-T04	5725	470	0.082096	5779	477	0.082540
nazmulkazi	sensevoice-no-itn	0	D0424-S2-T05	5969	482	0.080751	6018	485	0.080592
nazmulkazi	sensevoice-no-itn	0	D0424-S2-T06	4897	464	0.094752	4944	466	0.094256
nazmulkazi	sensevoice-no-itn	0	D0424-S3-T01	9288	561	0.060401	9346	563	0.060240
nazmulkazi	sensevoice-no-itn	0	D0424-S3-T02	4351	297	0.068260	4393	298	0.067835
nazmulkazi	sensevoice-no-itn	0	D0424-S3-T03	2216	120	0.054152	2230	122	0.054709
nazmulkazi	sensevoice-no-itn	0	D0424-S3-T04	1472	111	0.075408	1497	110	0.073480
nazmulkazi	sensevoice-no-itn	0	D0425-S1-T01	1462	78	0.053352	1510	78	0.051656
nazmulkazi	sensevoice-no-itn	0	D0425-S1-T02	3007	182	0.060525	3054	184	0.060249
nazmulkazi	sensevoice-no-itn	0	D0425-S1-T03	2368	124	0.052365	2415	124	0.051346
nazmulkazi	sensevoice-no-itn	0	D0425-S2-T01	7394	432	0.058426	7498	433	0.057749
nazmulkazi	sensevoice-no-itn	0	D0425-S2-T02	4501	280	0.062208	4526	283	0.062528
nazmulkazi	sensevoice-no-itn	0	D0425-S2-T03	3706	185	0.049919	3747	187	0.049907
nazmulkazi	sensevoice-no-itn	0	D0425-S2-T04	3101	173	0.055788	3150	175	0.055556
nazmulkazi	sensevoice-no-itn	0	D0425-S3-T01	4421	473	0.106989	4469	476	0.106512
nazmulkazi	sensevoice-no-itn	0	D0425-S3-T02	4446	514	0.115610	4488	516	0.114973
nazmulkazi	sensevoice-no-itn	0	D0425-S3-T03	3270	469	0.143425	3294	473	0.143594
nazmulkazi	sensevoice-no-itn	0	D0425-S3-T04	2967	438	0.147624	3006	445	0.148037
nazmulkazi	sensevoice-no-itn	0	D0425-S3-T05	2350	181	0.077021	2367	186	0.078580
nazmulkazi	medasr	0	D0420-S1-T01	2708	438	0.161743	2789	452	0.162065
nazmulkazi	medasr	0	D0420-S1-T02	519	48	0.092486	523	50	0.095602
nazmulkazi	medasr	0	D0420-S1-T03	953	96	0.100735	956	97	0.101464
nazmulkazi	medasr	0	D0420-S1-T04	1567	1479	0.943842	1570	1481	0.943312
nazmulkazi	medasr	0	D0420-S1-T05	2399	319	0.132972	2443	330	0.135080
nazmulkazi	medasr	0	D0420-S2-T01	6883	710	0.103153	6923	717	0.103568
nazmulkazi	medasr	0	D0420-S3-T01	1983	181	0.091276	1984	181	0.091230
nazmulkazi	medasr	0	D0420-S3-T02	5278	2762	0.523304	5337	2812	0.526888
nazmulkazi	medasr	0	D0420-S3-T03	4280	453	0.105841	4307	462	0.107267
nazmulkazi	medasr	0	D0420-S4-T01	2524	930	0.368463	2531	934	0.369024
nazmulkazi	medasr	0	D0420-S4-T02	8244	4145	0.502790	8302	4183	0.503854
nazmulkazi	medasr	0	D0421-S1-T01	6120	1250	0.204248	6165	1270	0.206002
nazmulkazi	medasr	0	D0421-S1-T02	4819	1262	0.261880	4863	1292	0.265680
nazmulkazi	medasr	0	D0421-S1-T03	2634	320	0.121488	2686	332	0.123604
nazmulkazi	medasr	0	D0421-S1-T04	3463	700	0.202137	3497	720	0.205891
nazmulkazi	medasr	0	D0421-S1-T05	3134	741	0.236439	3144	746	0.237277
nazmulkazi	medasr	0	D0421-S2-T01	8382	2147	0.256144	8416	2161	0.256773
nazmulkazi	medasr	0	D0421-S2-T02	6991	1805	0.258189	7030	1822	0.259175
nazmulkazi	medasr	0	D0421-S3-T01	3918	748	0.190914	3961	771	0.194648
nazmulkazi	medasr	0	D0421-S3-T02	3678	1446	0.393148	3689	1450	0.393060
nazmulkazi	medasr	0	D0421-S3-T03	4294	2742	0.638565	4330	2766	0.638799
nazmulkazi	medasr	0	D0421-S3-T04	3890	1011	0.259897	3921	1030	0.262688
nazmulkazi	medasr	0	D0421-S3-T05	4378	654	0.149383	4405	665	0.150965
nazmulkazi	medasr	0	D0422-S1-T01	6336	1475	0.232797	6381	1504	0.235700
nazmulkazi	medasr	0	D0422-S1-T02	4422	746	0.168702	4450	758	0.170337
nazmulkazi	medasr	0	D0422-S1-T03	3834	1030	0.268649	3861	1048	0.271432
nazmulkazi	medasr	0	D0422-S1-T04	3312	1180	0.356280	3343	1203	0.359856
nazmulkazi	medasr	0	D0422-S2-T01	3561	2573	0.722550	3594	2598	0.722871
nazmulkazi	medasr	0	D0422-S2-T02	11164	7749	0.694106	11272	7828	0.694464
nazmulkazi	medasr	0	D0422-S3-T01	8131	1467	0.180421	8238	1517	0.184147
nazmulkazi	medasr	0	D0422-S3-T02	3148	537	0.170584	3232	567	0.175433
nazmulkazi	medasr	0	D0422-S3-T03	4820	737	0.152905	4879	753	0.154335
nazmulkazi	medasr	0	D0422-S3-T04	2869	420	0.146392	2889	424	0.146764
nazmulkazi	medasr	0	D0422-S3-T05	1869	196	0.104869	1903	204	0.107199
nazmulkazi	medasr	0	D0422-S3-T06	761	145	0.190539	796	162	0.203518
nazmulkazi	medasr	0	D0422-S4-T01	7992	6067	0.759134	8093	6161	0.761275
nazmulkazi	medasr	0	D0422-S4-T02	6964	1989	0.285612	7033	2028	0.288355
nazmulkazi	medasr	0	D0422-S4-T03	3829	884	0.230870	3877	921	0.237555
nazmulkazi	medasr	0	D0422-S4-T04	4114	1272	0.309188	4165	1301	0.312365
nazmulkazi	medasr	0	D0422-S4-T05	3512	1121	0.319191	3544	1147	0.323646
nazmulkazi	medasr	0	D0423-S1-T01	9224	2274	0.246531	9263	2290	0.247220
nazmulkazi	medasr	0	D0423-S1-T02	5202	909	0.174740	5252	934	0.177837
nazmulkazi	medasr	0	D0423-S1-T03	2582	435	0.168474	2605	440	0.168906
nazmulkazi	medasr	0	D0423-S2-T01	2514	352	0.140016	2568	376	0.146417
nazmulkazi	medasr	0	D0423-S2-T02	3711	485	0.130693	3734	490	0.131227
nazmulkazi	medasr	0	D0423-S2-T03	4261	710	0.166628	4277	715	0.167173
nazmulkazi	medasr	0	D0424-S1-T01	2211	1334	0.603347	2253	1371	0.608522
nazmulkazi	medasr	0	D0424-S1-T02	2759	546	0.197898	2784	561	0.201509
nazmulkazi	medasr	0	D0424-S1-T03	3189	1365	0.428034	3230	1399	0.433127
nazmulkazi	medasr	0	D0424-S2-T01	7522	967	0.128556	7569	979	0.129343
nazmulkazi	medasr	0	D0424-S2-T02	6557	2730	0.416349	6701	2794	0.416953
nazmulkazi	medasr	0	D0424-S2-T03	6909	1220	0.176581	7024	1260	0.179385
nazmulkazi	medasr	0	D0424-S2-T04	5725	876	0.153013	5779	890	0.154006
nazmulkazi	medasr	0	D0424-S2-T05	5969	2785	0.466577	6018	2805	0.466102
nazmulkazi	medasr	0	D0424-S2-T06	4897	3646	0.744537	4944	3677	0.743730
nazmulkazi	medasr	0	D0424-S3-T01	9288	6266	0.674634	9346	6306	0.674727
nazmulkazi	medasr	0	D0424-S3-T02	4351	883	0.202942	4393	904	0.205782
nazmulkazi	medasr	0	D0424-S3-T03	2216	288	0.129964	2230	294	0.131839
nazmulkazi	medasr	0	D0424-S3-T04	1472	185	0.125679	1497	197	0.131597
nazmulkazi	medasr	0	D0425-S1-T01	1462	269	0.183995	1510	278	0.184106
nazmulkazi	medasr	0	D0425-S1-T02	3007	1226	0.407715	3054	1247	0.408317
nazmulkazi	medasr	0	D0425-S1-T03	2368	981	0.414274	2415	994	0.411594
nazmulkazi	medasr	0	D0425-S2-T01	7394	1386	0.187449	7498	1425	0.190051
nazmulkazi	medasr	0	D0425-S2-T02	4501	535	0.118862	4526	542	0.119753
nazmulkazi	medasr	0	D0425-S2-T03	3706	349	0.094172	3747	353	0.094209
nazmulkazi	medasr	0	D0425-S2-T04	3101	379	0.122219	3150	395	0.125397
nazmulkazi	medasr	0	D0425-S3-T01	4421	3417	0.772902	4469	3463	0.774894
nazmulkazi	medasr	0	D0425-S3-T02	4446	2223	0.500000	4488	2259	0.503342
nazmulkazi	medasr	0	D0425-S3-T03	3270	1966	0.601223	3294	1988	0.603522
nazmulkazi	medasr	0	D0425-S3-T04	2967	1750	0.589821	3006	1784	0.593480
nazmulkazi	medasr	0	D0425-S3-T05	2350	1443	0.614043	2367	1459	0.616392
nazmulkazi	medasr-int8	0	D0420-S1-T01	2708	478	0.176514	2789	492	0.176407
nazmulkazi	medasr-int8	0	D0420-S1-T02	519	46	0.088632	523	49	0.093690
nazmulkazi	medasr-int8	0	D0420-S1-T03	953	94	0.098636	956	95	0.099372
nazmulkazi	medasr-int8	0	D0420-S1-T04	1567	1478	0.943204	1570	1480	0.942675
nazmulkazi	medasr-int8	0	D0420-S1-T05	2399	345	0.143810	2443	359	0.146950
nazmulkazi	medasr-int8	0	D0420-S2-T01	6883	707	0.102717	6923	715	0.103279
nazmulkazi	medasr-int8	0	D0420-S3-T01	1983	189	0.095310	1984	189	0.095262
nazmulkazi	medasr-int8	0	D0420-S3-T02	5278	2764	0.523683	5337	2810	0.526513
nazmulkazi	medasr-int8	0	D0420-S3-T03	4280	456	0.106542	4307	465	0.107964
nazmulkazi	medasr-int8	0	D0420-S4-T01	2524	916	0.362916	2531	920	0.363493
nazmulkazi	medasr-int8	0	D0420-S4-T02	8244	1764	0.213974	8302	1795	0.216213
nazmulkazi	medasr-int8	0	D0421-S1-T01	6120	1280	0.209150	6165	1297	0.210381
nazmulkazi	medasr-int8	0	D0421-S1-T02	4819	1194	0.247769	4863	1223	0.251491
nazmulkazi	medasr-int8	0	D0421-S1-T03	2634	321	0.121868	2686	333	0.123976
nazmulkazi	medasr-int8	0	D0421-S1-T04	3463	681	0.196650	3497	700	0.200172
nazmulkazi	medasr-int8	0	D0421-S1-T05	3134	710	0.226548	3144	716	0.227735
nazmulkazi	medasr-int8	0	D0421-S2-T01	8382	1771	0.211286	8416	1784	0.211977
nazmulkazi	medasr-int8	0	D0421-S2-T02	6991	1870	0.267487	7030	1887	0.268421
nazmulkazi	medasr-int8	0	D0421-S3-T01	3918	1129	0.288157	3961	1152	0.290836
nazmulkazi	medasr-int8	0	D0421-S3-T02	3678	1453	0.395052	3689	1457	0.394958
nazmulkazi	medasr-int8	0	D0421-S3-T03	4294	2753	0.641127	4330	2777	0.641339
nazmulkazi	medasr-int8	0	D0421-S3-T04	3890	982	0.252442	3921	1001	0.255292
nazmulkazi	medasr-int8	0	D0421-S3-T05	4378	659	0.150525	4405	670	0.152100
nazmulkazi	medasr-int8	0	D0422-S1-T01	6336	1483	0.234059	6381	1510	0.236640
nazmulkazi	medasr-int8	0	D0422-S1-T02	4422	740	0.167345	4450	751	0.168764
nazmulkazi	medasr-int8	0	D0422-S1-T03	3834	1015	0.264737	3861	1032	0.267288
nazmulkazi	medasr-int8	0	D0422-S1-T04	3312	1207	0.364432	3343	1231	0.368232
nazmulkazi	medasr-int8	0	D0422-S2-T01	3561	2174	0.610503	3594	2197	0.611297
nazmulkazi	medasr-int8	0	D0422-S2-T02	11164	7362	0.659441	11272	7434	0.659510
nazmulkazi	medasr-int8	0	D0422-S3-T01	8131	1422	0.174886	8238	1475	0.179048
nazmulkazi	medasr-int8	0	D0422-S3-T02	3148	2772	0.880559	3232	2847	0.880879
nazmulkazi	medasr-int8	0	D0422-S3-T03	4820	758	0.157261	4879	775	0.158844
nazmulkazi	medasr-int8	0	D0422-S3-T04	2869	821	0.286162	2889	826	0.285912
nazmulkazi	medasr-int8	0	D0422-S3-T05	1869	202	0.108079	1903	209	0.109827
nazmulkazi	medasr-int8	0	D0422-S3-T06	761	144	0.189225	796	164	0.206030
nazmulkazi	medasr-int8	0	D0422-S4-T01	7992	2819	0.352728	8093	2889	0.356975
nazmulkazi	medasr-int8	0	D0422-S4-T02	6964	1889	0.271252	7033	1927	0.273994
nazmulkazi	medasr-int8	0	D0422-S4-T03	3829	831	0.217028	3877	869	0.224142
nazmulkazi	medasr-int8	0	D0422-S4-T04	4114	1216	0.295576	4165	1247	0.299400
nazmulkazi	medasr-int8	0	D0422-S4-T05	3512	1132	0.322323	3544	1158	0.326749
nazmulkazi	medasr-int8	0	D0423-S1-T01	9224	2131	0.231028	9263	2147	0.231782
nazmulkazi	medasr-int8	0	D0423-S1-T02	5202	893	0.171665	5252	921	0.175362
nazmulkazi	medasr-int8	0	D0423-S1-T03	2582	438	0.169636	2605	444	0.170441
nazmulkazi	medasr-int8	0	D0423-S2-T01	2514	364	0.144789	2568	388	0.151090
nazmulkazi	medasr-int8	0	D0423-S2-T02	3711	490	0.132040	3734	495	0.132566
nazmulkazi	medasr-int8	0	D0423-S2-T03	4261	816	0.191504	4277	821	0.191957
nazmulkazi	medasr-int8	0	D0424-S1-T01	2211	1290	0.583446	2253	1327	0.588992
nazmulkazi	medasr-int8	0	D0424-S1-T02	2759	539	0.195361	2784	556	0.199713
nazmulkazi	medasr-int8	0	D0424-S1-T03	3189	1375	0.431170	3230	1409	0.436223
nazmulkazi	medasr-int8	0	D0424-S2-T01	7522	985	0.130949	7569	999	0.131986
nazmulkazi	medasr-int8	0	D0424-S2-T02	6557	3533	0.538813	6701	3614	0.539322
nazmulkazi	medasr-int8	0	D0424-S2-T03	6909	1238	0.179187	7024	1278	0.181948
nazmulkazi	medasr-int8	0	D0424-S2-T04	5725	907	0.158428	5779	924	0.159889
nazmulkazi	medasr-int8	0	D0424-S2-T05	5969	3790	0.634947	6018	3818	0.634430
nazmulkazi	medasr-int8	0	D0424-S2-T06	4897	3598	0.734736	4944	3630	0.734223
nazmulkazi	medasr-int8	0	D0424-S3-T01	9288	6341	0.682709	9346	6380	0.682645
nazmulkazi	medasr-int8	0	D0424-S3-T02	4351	1013	0.232820	4393	1035	0.235602
nazmulkazi	medasr-int8	0	D0424-S3-T03	2216	296	0.133574	2230	302	0.135426
nazmulkazi	medasr-int8	0	D0424-S3-T04	1472	201	0.136549	1497	212	0.141617
nazmulkazi	medasr-int8	0	D0425-S1-T01	1462	166	0.113543	1510	176	0.116556
nazmulkazi	medasr-int8	0	D0425-S1-T02	3007	1225	0.407383	3054	1245	0.407662
nazmulkazi	medasr-int8	0	D0425-S1-T03	2368	1177	0.497044	2415	1193	0.493996
nazmulkazi	medasr-int8	0	D0425-S2-T01	7394	2287	0.309305	7498	2347	0.313017
nazmulkazi	medasr-int8	0	D0425-S2-T02	4501	547	0.121529	4526	555	0.122625
nazmulkazi	medasr-int8	0	D0425-S2-T03	3706	337	0.090934	3747	342	0.091273
nazmulkazi	medasr-int8	0	D0425-S2-T04	3101	365	0.117704	3150	380	0.120635
nazmulkazi	medasr-int8	0	D0425-S3-T01	4421	3448	0.779914	4469	3494	0.781830
nazmulkazi	medasr-int8	0	D0425-S3-T02	4446	2264	0.509222	4488	2300	0.512478
nazmulkazi	medasr-int8	0	D0425-S3-T03	3270	1936	0.592049	3294	1958	0.594414
nazmulkazi	medasr-int8	0	D0425-S3-T04	2967	1746	0.588473	3006	1780	0.592149
nazmulkazi	medasr-int8	0	D0425-S3-T05	2350	1409	0.599574	2367	1426	0.602450
nazmulkazi	paraformer-en	0	D0420-S1-T01	2708	212	0.078287	2789	216	0.077447
nazmulkazi	paraformer-en	0	D0420-S1-T02	519	42	0.080925	523	44	0.084130
nazmulkazi	paraformer-en	0	D0420-S1-T03	953	72	0.075551	956	73	0.076360
nazmulkazi	paraformer-en	0	D0420-S1-T04	1567	95	0.060625	1570	95	0.060510
nazmulkazi	paraformer-en	0	D0420-S1-T05	2399	167	0.069612	2443	177	0.072452
nazmulkazi	paraformer-en	0	D0420-S2-T01	6883	526	0.076420	6923	542	0.078290
nazmulkazi	paraformer-en	0	D0420-S3-T01	1983	156	0.078669	1984	156	0.078629
nazmulkazi	paraformer-en	0	D0420-S3-T02	5278	487	0.092270	5337	492	0.092187
nazmulkazi	paraformer-en	0	D0420-S3-T03	4280	259	0.060514	4307	268	0.062224
nazmulkazi	paraformer-en	0	D0420-S4-T01	2524	276	0.109350	2531	278	0.109838
nazmulkazi	paraformer-en	0	D0420-S4-T02	8244	743	0.090126	8302	759	0.091424
nazmulkazi	paraformer-en	0	D0421-S1-T01	6120	463	0.075654	6165	472	0.076561
nazmulkazi	paraformer-en	0	D0421-S1-T02	4819	431	0.089438	4863	448	0.092124
nazmulkazi	paraformer-en	0	D0421-S1-T03	2634	161	0.061124	2686	166	0.061802
nazmulkazi	paraformer-en	0	D0421-S1-T04	3463	180	0.051978	3497	182	0.052045
nazmulkazi	paraformer-en	0	D0421-S1-T05	3134	176	0.056158	3144	178	0.056616
nazmulkazi	paraformer-en	0	D0421-S2-T01	8382	667	0.079575	8416	679	0.080680
nazmulkazi	paraformer-en	0	D0421-S2-T02	6991	759	0.108568	7030	770	0.109531
nazmulkazi	paraformer-en	0	D0421-S3-T01	3918	630	0.160796	3961	639	0.161323
nazmulkazi	paraformer-en	0	D0421-S3-T02	3678	459	0.124796	3689	463	0.125508
nazmulkazi	paraformer-en	0	D0421-S3-T03	4294	389	0.090592	4330	394	0.090993
nazmulkazi	paraformer-en	0	D0421-S3-T04	3890	320	0.082262	3921	327	0.083397
nazmulkazi	paraformer-en	0	D0421-S3-T05	4378	409	0.093422	4405	419	0.095119
nazmulkazi	paraformer-en	0	D0422-S1-T01	6336	855	0.134943	6381	867	0.135872
nazmulkazi	paraformer-en	0	D0422-S1-T02	4422	504	0.113976	4450	508	0.114157
nazmulkazi	paraformer-en	0	D0422-S1-T03	3834	391	0.101982	3861	395	0.102305
nazmulkazi	paraformer-en	0	D0422-S1-T04	3312	357	0.107790	3343	363	0.108585
nazmulkazi	paraformer-en	0	D0422-S2-T01	3561	337	0.094636	3594	344	0.095715
nazmulkazi	paraformer-en	0	D0422-S2-T02	11164	1138	0.101935	11272	1174	0.104152
nazmulkazi	paraformer-en	0	D0422-S3-T01	8131	667	0.082032	8238	700	0.084972
nazmulkazi	paraformer-en	0	D0422-S3-T02	3148	287	0.091169	3232	299	0.092512
nazmulkazi	paraformer-en	0	D0422-S3-T03	4820	449	0.093154	4879	456	0.093462
nazmulkazi	paraformer-en	0	D0422-S3-T04	2869	248	0.086441	2889	250	0.086535
nazmulkazi	paraformer-en	0	D0422-S3-T05	1869	104	0.055645	1903	111	0.058329
nazmulkazi	paraformer-en	0	D0422-S3-T06	761	72	0.094612	796	75	0.094221
nazmulkazi	paraformer-en	0	D0422-S4-T01	7992	557	0.069695	8093	572	0.070678
nazmulkazi	paraformer-en	0	D0422-S4-T02	6964	563	0.080844	7033	575	0.081757
nazmulkazi	paraformer-en	0	D0422-S4-T03	3829	380	0.099243	3877	386	0.099562
nazmulkazi	paraformer-en	0	D0422-S4-T04	4114	434	0.105493	4165	438	0.105162
nazmulkazi	paraformer-en	0	D0422-S4-T05	3512	395	0.112472	3544	401	0.113149
nazmulkazi	paraformer-en	0	D0423-S1-T01	9224	598	0.064831	9263	625	0.067473
nazmulkazi	paraformer-en	0	D0423-S1-T02	5202	424	0.081507	5252	428	0.081493
nazmulkazi	paraformer-en	0	D0423-S1-T03	2582	251	0.097211	2605	261	0.100192
nazmulkazi	paraformer-en	0	D0423-S2-T01	2514	260	0.103421	2568	272	0.105919
nazmulkazi	paraformer-en	0	D0423-S2-T02	3711	383	0.103207	3734	396	0.106052
nazmulkazi	paraformer-en	0	D0423-S2-T03	4261	513	0.120394	4277	519	0.121347
nazmulkazi	paraformer-en	0	D0424-S1-T01	2211	172	0.077793	2253	177	0.078562
nazmulkazi	paraformer-en	0	D0424-S1-T02	2759	245	0.088800	2784	246	0.088362
nazmulkazi	paraformer-en	0	D0424-S1-T03	3189	367	0.115083	3230	373	0.115480
nazmulkazi	paraformer-en	0	D0424-S2-T01	7522	685	0.091066	7569	691	0.091293
nazmulkazi	paraformer-en	0	D0424-S2-T02	6557	677	0.103248	6701	688	0.102671
nazmulkazi	paraformer-en	0	D0424-S2-T03	6909	664	0.096107	7024	681	0.096953
nazmulkazi	paraformer-en	0	D0424-S2-T04	5725	560	0.097817	5779	564	0.097595
nazmulkazi	paraformer-en	0	D0424-S2-T05	5969	600	0.100519	6018	604	0.100366
nazmulkazi	paraformer-en	0	D0424-S2-T06	4897	572	0.116806	4944	574	0.116100
nazmulkazi	paraformer-en	0	D0424-S3-T01	9288	632	0.068045	9346	640	0.068478
nazmulkazi	paraformer-en	0	D0424-S3-T02	4351	354	0.081361	4393	359	0.081721
nazmulkazi	paraformer-en	0	D0424-S3-T03	2216	127	0.057310	2230	130	0.058296
nazmulkazi	paraformer-en	0	D0424-S3-T04	1472	118	0.080163	1497	121	0.080828
nazmulkazi	paraformer-en	0	D0425-S1-T01	1462	103	0.070451	1510	108	0.071523
nazmulkazi	paraformer-en	0	D0425-S1-T02	3007	210	0.069837	3054	213	0.069745
nazmulkazi	paraformer-en	0	D0425-S1-T03	2368	163	0.068834	2415	165	0.068323
nazmulkazi	paraformer-en	0	D0425-S2-T01	7394	530	0.071680	7498	530	0.070686
nazmulkazi	paraformer-en	0	D0425-S2-T02	4501	316	0.070207	4526	318	0.070261
nazmulkazi	paraformer-en	0	D0425-S2-T03	3706	233	0.062871	3747	238	0.063517
nazmulkazi	paraformer-en	0	D0425-S2-T04	3101	211	0.068043	3150	222	0.070476
nazmulkazi	paraformer-en	0	D0425-S3-T01	4421	590	0.133454	4469	598	0.133811
nazmulkazi	paraformer-en	0	D0425-S3-T02	4446	605	0.136077	4488	608	0.135472
nazmulkazi	paraformer-en	0	D0425-S3-T03	3270	550	0.168196	3294	554	0.168185
nazmulkazi	paraformer-en	0	D0425-S3-T04	2967	514	0.173239	3006	526	0.174983
nazmulkazi	paraformer-en	0	D0425-S3-T05	2350	214	0.091064	2367	222	0.093790
figshare-osce	azure	1	CAR0001	992	49	0.049395	1053	54	0.051282
figshare-osce	azure	1	CAR0002	1023	48	0.046921	1067	49	0.045923
figshare-osce	azure	1	CAR0003	1214	54	0.044481	1281	56	0.043716
figshare-osce	azure	1	CAR0004	882	64	0.072562	920	70	0.076087
figshare-osce	azure	1	CAR0005	1259	61	0.048451	1292	69	0.053406
figshare-osce	azure	1	DER0001	1503	133	0.088490	1554	140	0.090090
figshare-osce	azure	1	GAS0001	1005	84	0.083582	1033	89	0.086157
figshare-osce	azure	1	GAS0002	1097	48	0.043756	1140	48	0.042105
figshare-osce	azure	1	GAS0003	1059	54	0.050992	1093	65	0.059469
figshare-osce	azure	1	GAS0004	1137	71	0.062445	1180	78	0.066102
figshare-osce	azure	1	GAS0005	1538	92	0.059818	1599	96	0.060038
figshare-osce	azure	1	GAS0007	872	64	0.073394	903	79	0.087486
figshare-osce	azure	1	MSK0001	938	43	0.045842	983	44	0.044761
figshare-osce	azure	1	MSK0003	1788	107	0.059843	1866	111	0.059486
figshare-osce	azure	1	MSK0004	1073	64	0.059646	1125	66	0.058667
figshare-osce	azure	1	MSK0005	1440	82	0.056944	1513	85	0.056180
figshare-osce	azure	1	MSK0006	1688	74	0.043839	1781	80	0.044919
figshare-osce	azure	1	MSK0007	1287	57	0.044289	1358	57	0.041973
figshare-osce	azure	1	MSK0008	1358	100	0.073638	1417	104	0.073394
figshare-osce	azure	1	MSK0009	1505	119	0.079070	1572	123	0.078244
figshare-osce	azure	1	MSK0010	1442	79	0.054785	1505	81	0.053821
figshare-osce	azure	1	MSK0011	1460	111	0.076027	1535	114	0.074267
figshare-osce	azure	1	MSK0012	1580	66	0.041772	1652	69	0.041768
figshare-osce	azure	1	MSK0013	1539	79	0.051332	1610	82	0.050932
figshare-osce	azure	1	MSK0015	1568	97	0.061862	1622	100	0.061652
figshare-osce	azure	1	MSK0016	1982	110	0.055499	2064	114	0.055233
figshare-osce	azure	1	MSK0017	1646	90	0.054678	1735	95	0.054755
figshare-osce	azure	1	MSK0018	941	39	0.041445	976	75	0.076844
figshare-osce	azure	1	MSK0019	1293	68	0.052591	1337	104	0.077786
figshare-osce	azure	1	MSK0020	1605	89	0.055452	1683	95	0.056447
figshare-osce	azure	1	MSK0021	1661	122	0.073450	1745	131	0.075072
figshare-osce	azure	1	MSK0022	2076	105	0.050578	2164	113	0.052218
figshare-osce	azure	1	MSK0023	1184	82	0.069257	1229	82	0.066721
figshare-osce	azure	1	MSK0024	1162	50	0.043029	1193	56	0.046940
figshare-osce	azure	1	MSK0025	1526	62	0.040629	1580	64	0.040506
figshare-osce	azure	1	MSK0026	1319	77	0.058378	1365	78	0.057143
figshare-osce	azure	1	MSK0027	1328	106	0.079819	1377	112	0.081336
figshare-osce	azure	1	MSK0028	1776	112	0.063063	1836	114	0.062092
figshare-osce	azure	1	MSK0029	2175	139	0.063908	2268	152	0.067019
figshare-osce	azure	1	MSK0031	1244	67	0.053859	1299	71	0.054657
figshare-osce	azure	1	MSK0032	1161	61	0.052541	1198	92	0.076795
figshare-osce	azure	1	MSK0033	1623	101	0.062230	1687	102	0.060462
figshare-osce	azure	1	MSK0034	1381	95	0.068791	1448	107	0.073895
figshare-osce	azure	1	MSK0035	1535	105	0.068404	1596	110	0.068922
figshare-osce	azure	1	MSK0036	1693	115	0.067927	1757	118	0.067160
figshare-osce	azure	1	MSK0037	1622	108	0.066584	1682	112	0.066587
figshare-osce	azure	1	MSK0038	1808	113	0.062500	1895	118	0.062269
figshare-osce	azure	1	MSK0039	1345	51	0.037918	1404	56	0.039886
figshare-osce	azure	1	MSK0040	1432	96	0.067039	1488	102	0.068548
figshare-osce	azure	1	MSK0041	1532	92	0.060052	1583	93	0.058749
figshare-osce	azure	1	MSK0042	1462	89	0.060876	1522	140	0.091984
figshare-osce	azure	1	MSK0043	1697	130	0.076606	1772	187	0.105530
figshare-osce	azure	1	MSK0044	1133	88	0.077670	1177	129	0.109601
figshare-osce	azure	1	MSK0045	1350	86	0.063704	1394	91	0.065280
figshare-osce	azure	1	MSK0046	1176	57	0.048469	1225	65	0.053061
figshare-osce	azure	1	MSK0049	1325	88	0.066415	1372	89	0.064869
figshare-osce	azure	1	MSK0050	1238	59	0.047658	1285	61	0.047471
figshare-osce	azure	1	RES0001	1447	95	0.065653	1526	96	0.062910
figshare-osce	azure	1	RES0002	1129	304	0.269265	1162	311	0.267642
figshare-osce	azure	1	RES0003	1187	62	0.052233	1261	65	0.051546
figshare-osce	azure	1	RES0004	1614	123	0.076208	1723	126	0.073128
figshare-osce	azure	1	RES0005	1587	88	0.055451	1645	91	0.055319
figshare-osce	azure	1	RES0006	1186	76	0.064081	1240	82	0.066129
figshare-osce	azure	1	GEN0001	1100	62	0.056364	1132	64	0.056537
figshare-osce	azure	1	MSK0014	1514	89	0.058785	1575	90	0.057143
figshare-osce	azure	1	RES0007	1812	117	0.064570	1874	118	0.062967
figshare-osce	azure	1	RES0008	1112	66	0.059353	1171	67	0.057216
figshare-osce	azure	1	RES0009	1390	95	0.068345	1446	95	0.065698
figshare-osce	azure	1	RES0010	1036	83	0.080116	1070	85	0.079439
figshare-osce	azure	1	RES0011	1582	90	0.056890	1647	94	0.057073
figshare-osce	azure	1	RES0012	2062	155	0.075170	2168	168	0.077491
figshare-osce	azure	1	RES0013	1344	84	0.062500	1400	91	0.065000
figshare-osce	azure	1	RES0014	1368	70	0.051170	1429	77	0.053884
figshare-osce	azure	1	RES0015	1538	56	0.036411	1607	57	0.035470
figshare-osce	azure	1	RES0016	1268	40	0.031546	1327	43	0.032404
figshare-osce	azure	1	RES0017	1691	96	0.056771	1751	99	0.056539
figshare-osce	azure	1	RES0018	1284	80	0.062305	1334	81	0.060720
figshare-osce	azure	1	RES0019	1274	74	0.058085	1334	74	0.055472
figshare-osce	azure	1	RES0020	1358	87	0.064065	1413	92	0.065110
figshare-osce	azure	1	RES0021	1198	94	0.078464	1255	98	0.078088
figshare-osce	azure	1	RES0022	1921	131	0.068194	1999	137	0.068534
figshare-osce	azure	1	RES0023	1035	101	0.097585	1099	107	0.097361
figshare-osce	azure	1	RES0024	959	76	0.079249	1004	76	0.075697
figshare-osce	azure	1	RES0025	1327	102	0.076865	1393	114	0.081838
figshare-osce	azure	1	RES0026	1478	90	0.060893	1544	102	0.066062
figshare-osce	azure	1	RES0027	1308	78	0.059633	1366	86	0.062958
figshare-osce	azure	1	RES0028	1100	64	0.058182	1156	65	0.056228
figshare-osce	azure	1	RES0029	781	35	0.044814	811	36	0.044390
figshare-osce	azure	1	RES0030	1134	64	0.056437	1184	68	0.057432
figshare-osce	azure	1	RES0031	1294	67	0.051777	1343	68	0.050633
figshare-osce	azure	1	RES0032	1173	60	0.051151	1212	69	0.056931
figshare-osce	azure	1	RES0033	1316	69	0.052432	1372	71	0.051749
figshare-osce	azure	1	RES0034	1623	74	0.045595	1685	79	0.046884
figshare-osce	azure	1	RES0035	918	24	0.026144	958	30	0.031315
figshare-osce	azure	1	RES0036	1352	62	0.045858	1423	77	0.054111
figshare-osce	azure	1	RES0037	1376	90	0.065407	1453	99	0.068135
figshare-osce	azure	1	RES0038	1485	87	0.058586	1554	92	0.059202
figshare-osce	azure	1	RES0039	1592	104	0.065327	1672	111	0.066388
figshare-osce	azure	1	RES0042	1206	91	0.075456	1264	110	0.087025
figshare-osce	azure	1	RES0043	1432	130	0.090782	1503	140	0.093147
figshare-osce	azure	1	RES0044	1768	92	0.052036	1859	97	0.052179
figshare-osce	azure	1	RES0045	1145	54	0.047162	1204	56	0.046512
figshare-osce	azure	1	RES0046	1494	73	0.048862	1588	76	0.047859
figshare-osce	azure	1	RES0047	1530	114	0.074510	1628	119	0.073096
figshare-osce	azure	1	RES0048	1730	75	0.043353	1809	78	0.043118
figshare-osce	azure	1	RES0049	1549	104	0.067140	1622	108	0.066584
figshare-osce	azure	1	RES0050	1065	50	0.046948	1109	53	0.047791
figshare-osce	azure	1	RES0051	958	87	0.090814	997	92	0.092277
figshare-osce	azure	1	RES0052	776	97	0.125000	828	98	0.118357
figshare-osce	azure	1	RES0053	1917	285	0.148670	1982	317	0.159939
figshare-osce	azure	1	RES0054	2442	674	0.276003	2491	683	0.274187
figshare-osce	azure	1	RES0055	1313	173	0.131759	1375	193	0.140364
figshare-osce	azure	1	RES0057	1203	199	0.165420	1245	216	0.173494
figshare-osce	azure	1	RES0058	1437	156	0.108559	1514	178	0.117569
figshare-osce	azure	1	RES0059	1291	153	0.118513	1358	162	0.119293
figshare-osce	azure	1	RES0060	1602	213	0.132959	1683	226	0.134284
figshare-osce	azure	1	RES0061	1696	204	0.120283	1783	211	0.118340
figshare-osce	azure	1	RES0062	1866	196	0.105038	1965	203	0.103308
figshare-osce	azure	1	RES0063	1373	144	0.104880	1439	147	0.102154
figshare-osce	azure	1	RES0064	1030	81	0.078641	1078	89	0.082560
figshare-osce	azure	1	RES0065	1045	93	0.088995	1089	108	0.099174
figshare-osce	azure	1	RES0066	1132	109	0.096290	1192	116	0.097315
figshare-osce	azure	1	RES0067	905	100	0.110497	946	102	0.107822
figshare-osce	azure	1	RES0068	1158	120	0.103627	1213	126	0.103875
figshare-osce	azure	1	RES0069	972	64	0.065844	1026	70	0.068226
figshare-osce	azure	1	RES0070	929	71	0.076426	976	77	0.078893
figshare-osce	azure	1	RES0071	1248	135	0.108173	1301	146	0.112221
figshare-osce	azure	1	RES0072	1124	142	0.126335	1182	153	0.129442
figshare-osce	azure	1	RES0073	1293	159	0.122970	1340	162	0.120896
figshare-osce	azure	1	RES0074	1187	135	0.113732	1246	136	0.109149
figshare-osce	azure	1	RES0075	1065	102	0.095775	1112	108	0.097122
figshare-osce	azure	1	RES0076	1500	151	0.100667	1569	160	0.101976
figshare-osce	azure	1	RES0077	1572	191	0.121501	1649	198	0.120073
figshare-osce	azure	1	RES0078	1104	135	0.122283	1140	141	0.123684
figshare-osce	azure	1	RES0079	803	109	0.135741	841	114	0.135553
figshare-osce	azure	1	RES0080	1167	157	0.134533	1225	162	0.132245
figshare-osce	azure	1	RES0081	1398	180	0.128755	1455	187	0.128522
figshare-osce	azure	1	RES0082	889	135	0.151856	932	138	0.148069
figshare-osce	azure	1	RES0083	949	108	0.113804	990	112	0.113131
figshare-osce	azure	1	RES0084	1494	110	0.073628	1562	130	0.083227
figshare-osce	azure	1	RES0085	912	75	0.082237	959	80	0.083420
figshare-osce	azure	1	RES0086	1462	177	0.121067	1523	195	0.128037
figshare-osce	azure	1	RES0087	1300	93	0.071538	1359	103	0.075791
figshare-osce	azure	1	RES0088	1318	86	0.065250	1373	88	0.064093
figshare-osce	azure	1	RES0089	1717	120	0.069889	1800	128	0.071111
figshare-osce	azure	1	RES0090	1147	52	0.045336	1193	56	0.046940
figshare-osce	azure	1	RES0091	862	32	0.037123	901	32	0.035516
figshare-osce	azure	1	RES0092	803	59	0.073474	837	63	0.075269
figshare-osce	azure	1	RES0093	1549	131	0.084571	1606	143	0.089041
figshare-osce	azure	1	RES0094	772	66	0.085492	793	70	0.088272
figshare-osce	azure	1	RES0095	1419	137	0.096547	1467	140	0.095433
figshare-osce	azure	1	RES0096	1233	122	0.098946	1292	132	0.102167
figshare-osce	azure	1	RES0097	1322	105	0.079425	1381	108	0.078204
figshare-osce	azure	1	RES0098	1424	93	0.065309	1474	96	0.065129
figshare-osce	azure	1	RES0099	1508	156	0.103448	1554	158	0.101673
figshare-osce	azure	1	RES0100	1715	118	0.068805	1767	119	0.067346
figshare-osce	azure	1	RES0101	1379	93	0.067440	1430	95	0.066434
figshare-osce	azure	1	RES0102	1960	136	0.069388	2025	139	0.068642
figshare-osce	azure	1	RES0103	1051	75	0.071361	1100	80	0.072727
figshare-osce	azure	1	RES0104	1485	95	0.063973	1563	101	0.064619
figshare-osce	azure	1	RES0105	1666	132	0.079232	1738	143	0.082278
figshare-osce	azure	1	RES0106	1242	82	0.066023	1307	94	0.071920
figshare-osce	azure	1	RES0107	1516	80	0.052770	1596	90	0.056391
figshare-osce	azure	1	RES0108	903	46	0.050941	950	51	0.053684
figshare-osce	azure	1	RES0109	795	29	0.036478	845	35	0.041420
figshare-osce	azure	1	RES0110	1505	71	0.047176	1565	79	0.050479
figshare-osce	azure	1	RES0111	923	64	0.069339	965	66	0.068394
figshare-osce	azure	1	RES0112	807	52	0.064436	835	52	0.062275
figshare-osce	azure	1	RES0113	1046	57	0.054493	1079	59	0.054680
figshare-osce	azure	1	RES0114	1586	85	0.053594	1673	94	0.056186
figshare-osce	azure	1	RES0116	1521	79	0.051940	1588	81	0.051008
figshare-osce	azure	1	RES0117	909	58	0.063806	951	66	0.069401
figshare-osce	azure	1	RES0118	926	37	0.039957	947	43	0.045407
figshare-osce	azure	1	RES0119	1307	36	0.027544	1359	40	0.029433
figshare-osce	azure	1	RES0120	1322	38	0.028744	1381	92	0.066618
figshare-osce	azure	1	RES0121	925	38	0.041081	962	70	0.072765
figshare-osce	azure	1	RES0122	1023	62	0.060606	1046	79	0.075526
figshare-osce	azure	1	RES0123	1670	113	0.067665	1716	151	0.087995
figshare-osce	azure	1	RES0124	1675	83	0.049552	1729	124	0.071718
figshare-osce	azure	1	RES0126	1787	140	0.078344	1858	151	0.081270
figshare-osce	azure	1	RES0127	1404	91	0.064815	1461	97	0.066393
figshare-osce	azure	1	RES0128	1041	69	0.066282	1095	75	0.068493
figshare-osce	azure	1	RES0129	1020	64	0.062745	1078	68	0.063080
figshare-osce	azure	1	RES0130	1271	78	0.061369	1329	114	0.085779
figshare-osce	azure	1	RES0131	1159	69	0.059534	1231	114	0.092608
figshare-osce	azure	1	RES0132	1260	66	0.052381	1309	106	0.080978
figshare-osce	azure	1	RES0133	1221	100	0.081900	1264	128	0.101266
figshare-osce	azure	1	RES0135	1160	85	0.073276	1224	129	0.105392
figshare-osce	azure	1	RES0136	1198	68	0.056761	1243	109	0.087691
figshare-osce	azure	1	RES0137	1226	90	0.073409	1274	119	0.093407
figshare-osce	azure	1	RES0138	1099	87	0.079163	1148	126	0.109756
figshare-osce	azure	1	RES0139	1082	86	0.079482	1131	125	0.110522
figshare-osce	azure	1	RES0140	881	84	0.095346	907	104	0.114664
figshare-osce	azure	1	RES0141	953	69	0.072403	987	93	0.094225
figshare-osce	azure	1	RES0142	761	58	0.076216	778	71	0.091260
figshare-osce	azure	1	RES0143	1094	89	0.081353	1119	107	0.095621
figshare-osce	azure	1	RES0144	1114	104	0.093357	1153	113	0.098005
figshare-osce	azure	1	RES0145	1273	108	0.084839	1326	115	0.086727
figshare-osce	azure	1	RES0146	866	91	0.105081	898	95	0.105791
figshare-osce	azure	1	RES0147	1218	122	0.100164	1274	131	0.102826
figshare-osce	azure	1	RES0148	1094	95	0.086837	1136	98	0.086268
figshare-osce	azure	1	RES0149	1219	69	0.056604	1270	70	0.055118
figshare-osce	azure	1	RES0150	1097	106	0.096627	1147	106	0.092415
figshare-osce	azure	1	RES0151	1110	85	0.076577	1157	89	0.076923
figshare-osce	azure	1	RES0152	1020	86	0.084314	1059	86	0.081209
figshare-osce	azure	1	RES0153	1055	73	0.069194	1103	74	0.067090
figshare-osce	azure	1	RES0154	902	64	0.070953	943	67	0.071050
figshare-osce	azure	1	RES0155	1374	92	0.066958	1439	98	0.068103
figshare-osce	azure	1	RES0156	957	73	0.076280	1016	76	0.074803
figshare-osce	azure	1	RES0158	1029	58	0.056365	1079	60	0.055607
figshare-osce	azure	1	RES0159	1072	57	0.053172	1104	62	0.056159
figshare-osce	azure	1	RES0160	1110	93	0.083784	1135	98	0.086344
figshare-osce	azure	1	RES0161	1009	92	0.091179	1034	95	0.091876
figshare-osce	azure	1	RES0162	1208	95	0.078642	1235	99	0.080162
figshare-osce	azure	1	RES0163	1156	89	0.076990	1200	96	0.080000
figshare-osce	azure	1	RES0164	1194	129	0.108040	1248	136	0.108974
figshare-osce	azure	1	RES0165	869	76	0.087457	909	87	0.095710
figshare-osce	azure	1	RES0166	1102	105	0.095281	1155	114	0.098701
figshare-osce	azure	1	RES0167	1124	61	0.054270	1181	72	0.060965
figshare-osce	azure	1	RES0168	1268	74	0.058360	1329	84	0.063205
figshare-osce	azure	1	RES0169	916	85	0.092795	946	90	0.095137
figshare-osce	azure	1	RES0170	1303	127	0.097467	1351	134	0.099186
figshare-osce	azure	1	RES0171	1319	111	0.084155	1368	113	0.082602
figshare-osce	azure	1	RES0172	1154	107	0.092721	1195	115	0.096234
figshare-osce	azure	1	RES0173	1204	110	0.091362	1262	114	0.090333
figshare-osce	azure	1	RES0174	1483	128	0.086312	1549	134	0.086507
figshare-osce	azure	1	RES0175	974	72	0.073922	1017	76	0.074730
figshare-osce	azure	1	RES0176	1253	88	0.070231	1305	94	0.072031
figshare-osce	azure	1	RES0177	1129	79	0.069973	1193	85	0.071249
figshare-osce	azure	1	RES0178	1058	76	0.071834	1125	87	0.077333
figshare-osce	azure	1	RES0179	1213	102	0.084089	1291	114	0.088304
figshare-osce	azure	1	RES0180	1009	74	0.073340	1065	80	0.075117
figshare-osce	azure	1	RES0181	1120	105	0.093750	1184	112	0.094595
figshare-osce	azure	1	RES0182	894	54	0.060403	945	60	0.063492
figshare-osce	azure	1	RES0183	1160	102	0.087931	1217	106	0.087099
figshare-osce	azure	1	RES0184	917	81	0.088332	970	87	0.089691
figshare-osce	azure	1	RES0185	1023	82	0.080156	1075	89	0.082791
figshare-osce	azure	1	RES0186	1009	71	0.070367	1069	79	0.073901
figshare-osce	azure	1	RES0187	1238	79	0.063813	1303	87	0.066769
figshare-osce	azure	1	RES0188	901	58	0.064373	957	62	0.064786
figshare-osce	azure	1	RES0189	1385	101	0.072924	1439	103	0.071577
figshare-osce	azure	1	RES0190	1233	80	0.064882	1290	81	0.062791
figshare-osce	azure	1	RES0191	881	55	0.062429	927	57	0.061489
figshare-osce	azure	1	RES0192	1215	76	0.062551	1280	82	0.064062
figshare-osce	azure	1	RES0193	1372	111	0.080904	1431	113	0.078966
figshare-osce	azure	1	RES0194	1329	103	0.077502	1395	109	0.078136
figshare-osce	azure	1	RES0195	1274	80	0.062794	1335	85	0.063670
figshare-osce	azure	1	RES0196	902	66	0.073171	943	73	0.077413
figshare-osce	azure	1	RES0197	917	56	0.061069	966	58	0.060041
figshare-osce	azure	1	RES0198	812	30	0.036946	857	32	0.037340
figshare-osce	azure	1	RES0199	1096	64	0.058394	1152	70	0.060764
figshare-osce	azure	1	RES0200	1293	123	0.095128	1351	126	0.093264
figshare-osce	azure	1	RES0201	1008	70	0.069444	1059	87	0.082153
figshare-osce	azure	1	RES0202	1455	123	0.084536	1522	128	0.084100
figshare-osce	azure	1	RES0203	875	45	0.051429	920	56	0.060870
figshare-osce	azure	1	RES0204	945	43	0.045503	995	53	0.053266
figshare-osce	azure	1	RES0205	1012	69	0.068182	1049	80	0.076263
figshare-osce	azure	1	RES0206	1316	125	0.094985	1354	131	0.096750
figshare-osce	azure	1	RES0207	776	54	0.069588	818	61	0.074572
figshare-osce	azure	1	RES0208	1286	118	0.091757	1322	128	0.096823
figshare-osce	azure	1	RES0209	1063	64	0.060207	1108	76	0.068592
figshare-osce	azure	1	RES0210	1089	71	0.065197	1139	86	0.075505
figshare-osce	azure	1	RES0211	1358	119	0.087629	1415	127	0.089753
figshare-osce	azure	1	RES0212	1262	66	0.052298	1304	68	0.052147
figshare-osce	azure	1	RES0213	1454	87	0.059835	1485	88	0.059259
figshare-osce	azure	1	RES0214	1085	65	0.059908	1123	72	0.064114
figshare-osce	azure	1	RES0215	1326	75	0.056561	1386	83	0.059885
figshare-osce	azure	1	RES0216	1560	57	0.036538	1604	60	0.037406
figshare-osce	azure	1	RES0217	1463	59	0.040328	1486	60	0.040377
figshare-osce	azure	1	RES0056	1126	138	0.122558	1174	153	0.130324
figshare-osce	azure	1	RES0125	1578	107	0.067807	1638	154	0.094017
figshare-osce	azure	1	RES0134	1615	98	0.060681	1679	143	0.085170
figshare-osce	google	1	CAR0001	992	103	0.103831	1053	163	0.154796
figshare-osce	google	1	CAR0002	1023	96	0.093842	1067	139	0.130272
figshare-osce	google	1	CAR0003	1214	112	0.092257	1281	180	0.140515
figshare-osce	google	1	CAR0004	882	136	0.154195	920	177	0.192391
figshare-osce	google	1	CAR0005	1259	109	0.086577	1292	144	0.111455
figshare-osce	google	1	DER0001	1503	243	0.161677	1554	292	0.187902
figshare-osce	google	1	GAS0001	1005	146	0.145274	1033	187	0.181026
figshare-osce	google	1	GAS0002	1097	74	0.067457	1140	114	0.100000
figshare-osce	google	1	GAS0003	1059	130	0.122757	1093	179	0.163769
figshare-osce	google	1	GAS0004	1137	133	0.116974	1180	187	0.158475
figshare-osce	google	1	GAS0005	1538	157	0.102081	1599	213	0.133208
figshare-osce	google	1	GAS0007	872	118	0.135321	903	160	0.177187
figshare-osce	google	1	GEN0001	1100	136	0.123636	1132	181	0.159894
figshare-osce	google	1	MSK0003	1788	181	0.101230	1866	239	0.128081
figshare-osce	google	1	MSK0004	1073	102	0.095061	1125	148	0.131556
figshare-osce	google	1	MSK0007	1287	99	0.076923	1358	166	0.122239
figshare-osce	google	1	MSK0008	1358	143	0.105302	1417	203	0.143260
figshare-osce	google	1	MSK0009	1505	172	0.114286	1572	236	0.150127
figshare-osce	google	1	MSK0010	1442	134	0.092926	1505	188	0.124917
figshare-osce	google	1	MSK0015	1568	203	0.129464	1622	250	0.154131
figshare-osce	google	1	MSK0016	1982	165	0.083249	2064	238	0.115310
figshare-osce	google	1	MSK0017	1646	217	0.131835	1735	285	0.164265
figshare-osce	google	1	MSK0019	1293	130	0.100541	1337	142	0.106208
figshare-osce	google	1	MSK0029	2175	258	0.118621	2268	341	0.150353
figshare-osce	google	1	MSK0037	1622	200	0.123305	1682	246	0.146254
figshare-osce	google	1	MSK0039	1345	140	0.104089	1404	198	0.141026
figshare-osce	google	1	MSK0043	1697	192	0.113141	1772	203	0.114560
figshare-osce	google	1	MSK0046	1176	151	0.128401	1225	200	0.163265
figshare-osce	google	1	RES0002	1129	328	0.290523	1162	359	0.308950
figshare-osce	google	1	RES0007	1812	177	0.097682	1874	231	0.123266
figshare-osce	google	1	RES0043	1432	180	0.125698	1503	237	0.157685
figshare-osce	google	1	RES0053	1917	369	0.192488	1982	464	0.234107
figshare-osce	google	1	RES0059	1291	228	0.176607	1358	290	0.213549
figshare-osce	google	1	RES0062	1866	346	0.185423	1965	430	0.218830
figshare-osce	google	1	RES0074	1187	185	0.155855	1246	240	0.192616
figshare-osce	google	1	RES0090	1147	144	0.125545	1193	187	0.156748
figshare-osce	google	1	RES0110	1505	144	0.095681	1565	202	0.129073
figshare-osce	google	1	RES0111	923	121	0.131094	965	168	0.174093
figshare-osce	google	1	RES0118	926	80	0.086393	947	109	0.115100
figshare-osce	google	1	RES0133	1221	170	0.139230	1264	175	0.138449
figshare-osce	google	1	RES0143	1094	164	0.149909	1119	179	0.159964
figshare-osce	google	1	RES0147	1218	214	0.175698	1274	259	0.203297
figshare-osce	google	1	RES0154	902	104	0.115299	943	146	0.154825
figshare-osce	google	1	RES0159	1072	152	0.141791	1104	181	0.163949
figshare-osce	google	1	RES0171	1319	241	0.182714	1368	282	0.206140
figshare-osce	google	1	RES0183	1160	169	0.145690	1217	229	0.188168
figshare-osce	google	1	RES0184	917	109	0.118866	970	160	0.164948
figshare-osce	google	1	RES0188	901	83	0.092120	957	137	0.143156
figshare-osce	google	1	RES0199	1096	126	0.114964	1152	184	0.159722
figshare-osce	google	1	RES0203	875	74	0.084571	920	124	0.134783
figshare-osce	google	1	MSK0001	938	87	0.092751	983	135	0.137335
figshare-osce	google	1	MSK0005	1440	117	0.081250	1513	180	0.118969
figshare-osce	google	1	MSK0006	1688	141	0.083531	1781	210	0.117911
figshare-osce	google	1	MSK0011	1460	201	0.137671	1535	266	0.173290
figshare-osce	google	1	MSK0012	1580	142	0.089873	1652	217	0.131356
figshare-osce	google	1	MSK0013	1539	123	0.079922	1610	188	0.116770
figshare-osce	google	1	MSK0014	1514	172	0.113606	1575	222	0.140952
figshare-osce	google	1	MSK0018	941	96	0.102019	976	113	0.115779
figshare-osce	google	1	MSK0020	1605	148	0.092212	1683	217	0.128936
figshare-osce	google	1	MSK0021	1661	196	0.118001	1745	261	0.149570
figshare-osce	google	1	MSK0022	2076	166	0.079961	2164	234	0.108133
figshare-osce	google	1	MSK0023	1184	107	0.090372	1229	143	0.116355
figshare-osce	google	1	MSK0024	1162	84	0.072289	1193	124	0.103940
figshare-osce	google	1	MSK0025	1526	106	0.069463	1580	144	0.091139
figshare-osce	google	1	MSK0026	1319	124	0.094011	1365	176	0.128938
figshare-osce	google	1	MSK0027	1328	137	0.103163	1377	190	0.137981
figshare-osce	google	1	MSK0028	1776	186	0.104730	1836	238	0.129630
figshare-osce	google	1	MSK0031	1244	123	0.098875	1299	169	0.130100
figshare-osce	google	1	MSK0032	1161	142	0.122308	1198	152	0.126878
figshare-osce	google	1	MSK0033	1623	159	0.097967	1687	204	0.120925
figshare-osce	google	1	MSK0034	1381	162	0.117306	1448	225	0.155387
figshare-osce	google	1	MSK0035	1535	150	0.097720	1596	206	0.129073
figshare-osce	google	1	MSK0036	1693	191	0.112817	1757	239	0.136027
figshare-osce	google	1	MSK0038	1808	203	0.112279	1895	273	0.144063
figshare-osce	google	1	MSK0040	1432	138	0.096369	1488	194	0.130376
figshare-osce	google	1	MSK0041	1532	181	0.118146	1583	228	0.144030
figshare-osce	google	1	MSK0042	1462	167	0.114227	1522	177	0.116294
figshare-osce	google	1	MSK0044	1133	123	0.108561	1177	134	0.113849
figshare-osce	google	1	MSK0045	1350	168	0.124444	1394	217	0.155667
figshare-osce	google	1	MSK0049	1325	153	0.115472	1372	198	0.144315
figshare-osce	google	1	MSK0050	1238	108	0.087237	1285	154	0.119844
figshare-osce	google	1	RES0001	1447	140	0.096752	1526	211	0.138270
figshare-osce	google	1	RES0003	1187	92	0.077506	1261	150	0.118953
figshare-osce	google	1	RES0004	1614	198	0.122677	1723	279	0.161927
figshare-osce	google	1	RES0005	1587	151	0.095148	1645	203	0.123404
figshare-osce	google	1	RES0006	1186	129	0.108769	1240	177	0.142742
figshare-osce	google	1	RES0008	1112	183	0.164568	1171	225	0.192143
figshare-osce	google	1	RES0009	1390	288	0.207194	1446	338	0.233748
figshare-osce	google	1	RES0010	1036	129	0.124517	1070	173	0.161682
figshare-osce	google	1	RES0011	1582	235	0.148546	1647	290	0.176078
figshare-osce	google	1	RES0012	2062	236	0.114452	2168	330	0.152214
figshare-osce	google	1	RES0013	1344	136	0.101190	1400	200	0.142857
figshare-osce	google	1	RES0014	1368	147	0.107456	1429	217	0.151854
figshare-osce	google	1	RES0015	1538	154	0.100130	1607	222	0.138146
figshare-osce	google	1	RES0016	1268	87	0.068612	1327	145	0.109269
figshare-osce	google	1	RES0017	1691	155	0.091662	1751	213	0.121645
figshare-osce	google	1	RES0018	1284	132	0.102804	1334	174	0.130435
figshare-osce	google	1	RES0019	1274	197	0.154631	1334	251	0.188156
figshare-osce	google	1	RES0020	1358	176	0.129602	1413	230	0.162774
figshare-osce	google	1	RES0021	1198	181	0.151085	1255	231	0.184064
figshare-osce	google	1	RES0022	1921	337	0.175429	1999	411	0.205603
figshare-osce	google	1	RES0023	1035	184	0.177778	1099	242	0.220200
figshare-osce	google	1	RES0024	959	171	0.178311	1004	218	0.217131
figshare-osce	google	1	RES0025	1327	194	0.146194	1393	258	0.185212
figshare-osce	google	1	RES0026	1478	167	0.112991	1544	239	0.154793
figshare-osce	google	1	RES0027	1308	199	0.152141	1366	264	0.193265
figshare-osce	google	1	RES0028	1100	90	0.081818	1156	139	0.120242
figshare-osce	google	1	RES0029	781	72	0.092190	811	103	0.127004
figshare-osce	google	1	RES0030	1134	93	0.082011	1184	145	0.122466
figshare-osce	google	1	RES0031	1294	131	0.101236	1343	180	0.134028
figshare-osce	google	1	RES0032	1173	87	0.074169	1212	124	0.102310
figshare-osce	google	1	RES0033	1316	134	0.101824	1372	183	0.133382
figshare-osce	google	1	RES0034	1623	140	0.086260	1685	196	0.116320
figshare-osce	google	1	RES0035	918	74	0.080610	958	121	0.126305
figshare-osce	google	1	RES0036	1352	122	0.090237	1423	198	0.139143
figshare-osce	google	1	RES0037	1376	116	0.084302	1453	172	0.118376
figshare-osce	google	1	RES0038	1485	128	0.086195	1554	196	0.126126
figshare-osce	google	1	RES0039	1592	165	0.103643	1672	228	0.136364
figshare-osce	google	1	RES0042	1206	142	0.117745	1264	205	0.162184
figshare-osce	google	1	RES0044	1768	151	0.085407	1859	227	0.122109
figshare-osce	google	1	RES0045	1145	117	0.102183	1204	158	0.131229
figshare-osce	google	1	RES0046	1494	157	0.105087	1588	229	0.144207
figshare-osce	google	1	RES0047	1530	191	0.124837	1628	267	0.164005
figshare-osce	google	1	RES0048	1730	193	0.111561	1809	268	0.148148
figshare-osce	google	1	RES0049	1549	196	0.126533	1622	262	0.161529
figshare-osce	google	1	RES0050	1065	101	0.094836	1109	140	0.126240
figshare-osce	google	1	RES0051	958	130	0.135699	997	176	0.176530
figshare-osce	google	1	RES0052	776	147	0.189433	828	198	0.239130
figshare-osce	google	1	RES0054	2442	761	0.311630	2491	834	0.334805
figshare-osce	google	1	RES0055	1313	250	0.190404	1375	314	0.228364
figshare-osce	google	1	RES0056	1126	196	0.174067	1174	255	0.217206
figshare-osce	google	1	RES0057	1203	318	0.264339	1245	366	0.293976
figshare-osce	google	1	RES0058	1437	277	0.192763	1514	349	0.230515
figshare-osce	google	1	RES0060	1602	355	0.221598	1683	433	0.257279
figshare-osce	google	1	RES0061	1696	326	0.192217	1783	397	0.222658
figshare-osce	google	1	RES0063	1373	213	0.155135	1439	266	0.184851
figshare-osce	google	1	RES0064	1030	121	0.117476	1078	165	0.153061
figshare-osce	google	1	RES0065	1045	183	0.175120	1089	246	0.225895
figshare-osce	google	1	RES0066	1132	141	0.124558	1192	203	0.170302
figshare-osce	google	1	RES0067	905	155	0.171271	946	185	0.195560
figshare-osce	google	1	RES0068	1158	170	0.146805	1213	229	0.188788
figshare-osce	google	1	RES0069	972	185	0.190329	1026	240	0.233918
figshare-osce	google	1	RES0070	929	169	0.181916	976	222	0.227459
figshare-osce	google	1	RES0071	1248	186	0.149038	1301	237	0.182168
figshare-osce	google	1	RES0072	1124	198	0.176157	1182	251	0.212352
figshare-osce	google	1	RES0073	1293	197	0.152359	1340	238	0.177612
figshare-osce	google	1	RES0075	1065	140	0.131455	1112	186	0.167266
figshare-osce	google	1	RES0076	1500	194	0.129333	1569	258	0.164436
figshare-osce	google	1	RES0077	1572	279	0.177481	1649	340	0.206186
figshare-osce	google	1	RES0078	1104	265	0.240036	1140	308	0.270175
figshare-osce	google	1	RES0079	803	228	0.283935	841	275	0.326992
figshare-osce	google	1	RES0080	1167	269	0.230506	1225	327	0.266939
figshare-osce	google	1	RES0081	1398	415	0.296853	1455	470	0.323024
figshare-osce	google	1	RES0082	889	276	0.310461	932	316	0.339056
figshare-osce	google	1	RES0083	949	223	0.234984	990	258	0.260606
figshare-osce	google	1	RES0084	1494	201	0.134538	1562	278	0.177977
figshare-osce	google	1	RES0085	912	163	0.178728	959	203	0.211679
figshare-osce	google	1	RES0086	1462	234	0.160055	1523	309	0.202889
figshare-osce	google	1	RES0087	1300	153	0.117692	1359	210	0.154525
figshare-osce	google	1	RES0088	1318	180	0.136571	1373	239	0.174071
figshare-osce	google	1	RES0089	1717	176	0.102504	1800	263	0.146111
figshare-osce	google	1	RES0091	862	84	0.097448	901	112	0.124306
figshare-osce	google	1	RES0092	803	147	0.183064	837	173	0.206691
figshare-osce	google	1	RES0093	1549	245	0.158167	1606	297	0.184932
figshare-osce	google	1	RES0094	772	111	0.143782	793	137	0.172762
figshare-osce	google	1	RES0095	1419	277	0.195208	1467	316	0.215406
figshare-osce	google	1	RES0096	1233	236	0.191403	1292	292	0.226006
figshare-osce	google	1	RES0097	1322	254	0.192133	1381	303	0.219406
figshare-osce	google	1	RES0098	1424	137	0.096208	1474	177	0.120081
figshare-osce	google	1	RES0099	1508	209	0.138594	1554	253	0.162806
figshare-osce	google	1	RES0100	1715	186	0.108455	1767	232	0.131296
figshare-osce	google	1	RES0101	1379	139	0.100798	1430	186	0.130070
figshare-osce	google	1	RES0102	1960	206	0.105102	2025	264	0.130370
figshare-osce	google	1	RES0103	1051	116	0.110371	1100	150	0.136364
figshare-osce	google	1	RES0104	1485	147	0.098990	1563	207	0.132438
figshare-osce	google	1	RES0105	1666	176	0.105642	1738	229	0.131761
figshare-osce	google	1	RES0106	1242	113	0.090982	1307	186	0.142311
figshare-osce	google	1	RES0107	1516	117	0.077177	1596	207	0.129699
figshare-osce	google	1	RES0108	903	107	0.118494	950	155	0.163158
figshare-osce	google	1	RES0109	795	96	0.120755	845	137	0.162130
figshare-osce	google	1	RES0112	807	100	0.123916	835	136	0.162874
figshare-osce	google	1	RES0113	1046	115	0.109943	1079	151	0.139944
figshare-osce	google	1	RES0114	1586	215	0.135561	1673	286	0.170950
figshare-osce	google	1	RES0116	1521	248	0.163051	1588	312	0.196474
figshare-osce	google	1	RES0117	909	111	0.122112	951	146	0.153523
figshare-osce	google	1	RES0119	1307	120	0.091813	1359	168	0.123620
figshare-osce	google	1	RES0120	1322	114	0.086233	1381	134	0.097031
figshare-osce	google	1	RES0121	925	102	0.110270	962	114	0.118503
figshare-osce	google	1	RES0122	1023	159	0.155425	1046	173	0.165392
figshare-osce	google	1	RES0123	1670	262	0.156886	1716	287	0.167249
figshare-osce	google	1	RES0124	1675	268	0.160000	1729	297	0.171776
figshare-osce	google	1	RES0125	1578	240	0.152091	1638	257	0.156899
figshare-osce	google	1	RES0126	1787	293	0.163962	1858	369	0.198601
figshare-osce	google	1	RES0127	1404	211	0.150285	1461	261	0.178645
figshare-osce	google	1	RES0128	1041	158	0.151777	1095	210	0.191781
figshare-osce	google	1	RES0129	1020	128	0.125490	1078	173	0.160482
figshare-osce	google	1	RES0130	1271	165	0.129819	1329	184	0.138450
figshare-osce	google	1	RES0131	1159	153	0.132010	1231	164	0.133225
figshare-osce	google	1	RES0132	1260	207	0.164286	1309	220	0.168067
figshare-osce	google	1	RES0134	1615	189	0.117028	1679	204	0.121501
figshare-osce	google	1	RES0135	1160	148	0.127586	1224	162	0.132353
figshare-osce	google	1	RES0136	1198	137	0.114357	1243	171	0.137570
figshare-osce	google	1	RES0137	1226	167	0.136215	1274	185	0.145212
figshare-osce	google	1	RES0138	1099	146	0.132848	1148	174	0.151568
figshare-osce	google	1	RES0139	1082	147	0.135860	1131	165	0.145889
figshare-osce	google	1	RES0140	881	163	0.185017	907	183	0.201764
figshare-osce	google	1	RES0141	953	164	0.172088	987	189	0.191489
figshare-osce	google	1	RES0142	761	129	0.169514	778	147	0.188946
figshare-osce	google	1	RES0144	1114	244	0.219031	1153	288	0.249783
figshare-osce	google	1	RES0145	1273	185	0.145326	1326	226	0.170437
figshare-osce	google	1	RES0146	866	173	0.199769	898	196	0.218263
figshare-osce	google	1	RES0148	1094	219	0.200183	1136	262	0.230634
figshare-osce	google	1	RES0149	1219	217	0.178015	1270	255	0.200787
figshare-osce	google	1	RES0150	1097	232	0.211486	1147	268	0.233653
figshare-osce	google	1	RES0151	1110	130	0.117117	1157	166	0.143475
figshare-osce	google	1	RES0152	1020	139	0.136275	1059	170	0.160529
figshare-osce	google	1	RES0153	1055	120	0.113744	1103	157	0.142339
figshare-osce	google	1	RES0155	1374	168	0.122271	1439	229	0.159138
figshare-osce	google	1	RES0156	957	129	0.134796	1016	171	0.168307
figshare-osce	google	1	RES0158	1029	100	0.097182	1079	143	0.132530
figshare-osce	google	1	RES0160	1110	189	0.170270	1135	218	0.192070
figshare-osce	google	1	RES0161	1009	158	0.156591	1034	177	0.171180
figshare-osce	google	1	RES0162	1208	209	0.173013	1235	239	0.193522
figshare-osce	google	1	RES0163	1156	200	0.173010	1200	244	0.203333
figshare-osce	google	1	RES0164	1194	292	0.244556	1248	346	0.277244
figshare-osce	google	1	RES0165	869	156	0.179517	909	196	0.215622
figshare-osce	google	1	RES0166	1102	234	0.212341	1155	288	0.249351
figshare-osce	google	1	RES0167	1124	108	0.096085	1181	157	0.132938
figshare-osce	google	1	RES0168	1268	139	0.109621	1329	204	0.153499
figshare-osce	google	1	RES0169	916	164	0.179039	946	200	0.211416
figshare-osce	google	1	RES0170	1303	224	0.171911	1351	263	0.194671
figshare-osce	google	1	RES0172	1154	255	0.220971	1195	281	0.235146
figshare-osce	google	1	RES0173	1204	252	0.209302	1262	301	0.238510
figshare-osce	google	1	RES0174	1483	265	0.178692	1549	330	0.213041
figshare-osce	google	1	RES0175	974	249	0.255647	1017	282	0.277286
figshare-osce	google	1	RES0176	1253	193	0.154030	1305	246	0.188506
figshare-osce	google	1	RES0177	1129	139	0.123118	1193	196	0.164292
figshare-osce	google	1	RES0178	1058	157	0.148393	1125	216	0.192000
figshare-osce	google	1	RES0179	1213	127	0.104699	1291	190	0.147173
figshare-osce	google	1	RES0180	1009	133	0.131814	1065	189	0.177465
figshare-osce	google	1	RES0181	1120	168	0.150000	1184	232	0.195946
figshare-osce	google	1	RES0182	894	98	0.109620	945	144	0.152381
figshare-osce	google	1	RES0185	1023	137	0.133920	1075	186	0.173023
figshare-osce	google	1	RES0186	1009	132	0.130823	1069	175	0.163704
figshare-osce	google	1	RES0187	1238	170	0.137318	1303	232	0.178051
figshare-osce	google	1	RES0189	1385	144	0.103971	1439	191	0.132731
figshare-osce	google	1	RES0190	1233	143	0.115977	1290	191	0.148062
figshare-osce	google	1	RES0191	881	86	0.097616	927	126	0.135922
figshare-osce	google	1	RES0192	1215	132	0.108642	1280	186	0.145313
figshare-osce	google	1	RES0193	1372	171	0.124636	1431	213	0.148847
figshare-osce	google	1	RES0194	1329	163	0.122649	1395	211	0.151254
figshare-osce	google	1	RES0195	1274	141	0.110675	1335	200	0.149813
figshare-osce	google	1	RES0196	902	138	0.152993	943	180	0.190880
figshare-osce	google	1	RES0197	917	104	0.113413	966	156	0.161491
figshare-osce	google	1	RES0198	812	77	0.094828	857	116	0.135356
figshare-osce	google	1	RES0200	1293	215	0.166280	1351	269	0.199112
figshare-osce	google	1	RES0201	1008	134	0.132937	1059	197	0.186025
figshare-osce	google	1	RES0202	1455	183	0.125773	1522	237	0.155716
figshare-osce	google	1	RES0204	945	83	0.087831	995	128	0.128643
figshare-osce	google	1	RES0205	1012	138	0.136364	1049	182	0.173499
figshare-osce	google	1	RES0206	1316	242	0.183891	1354	296	0.218612
figshare-osce	google	1	RES0207	776	106	0.136598	818	142	0.173594
figshare-osce	google	1	RES0208	1286	181	0.140747	1322	244	0.184569
figshare-osce	google	1	RES0209	1063	115	0.108184	1108	174	0.157040
figshare-osce	google	1	RES0210	1089	201	0.184573	1139	244	0.214223
figshare-osce	google	1	RES0211	1358	342	0.251841	1415	403	0.284806
figshare-osce	google	1	RES0212	1262	247	0.195721	1304	291	0.223160
figshare-osce	google	1	RES0213	1454	148	0.101788	1485	188	0.126599
figshare-osce	google	1	RES0214	1085	104	0.095853	1123	148	0.131790
figshare-osce	google	1	RES0215	1326	133	0.100302	1386	183	0.132035
figshare-osce	google	1	RES0216	1560	138	0.088462	1604	181	0.112843
figshare-osce	google	1	RES0217	1463	173	0.118250	1486	205	0.137954
figshare-osce	deepgram	1	CAR0001	992	48	0.048387	1053	104	0.098765
figshare-osce	deepgram	1	CAR0002	1023	47	0.045943	1067	86	0.080600
figshare-osce	deepgram	1	CAR0003	1214	70	0.057661	1281	118	0.092116
figshare-osce	deepgram	1	CAR0004	882	70	0.079365	920	94	0.102174
figshare-osce	deepgram	1	CAR0005	1259	66	0.052423	1292	99	0.076625
figshare-osce	deepgram	1	DER0001	1503	148	0.098470	1554	179	0.115187
figshare-osce	deepgram	1	GAS0001	1005	76	0.075622	1033	101	0.097773
figshare-osce	deepgram	1	GAS0002	1097	49	0.044667	1140	87	0.076316
figshare-osce	deepgram	1	GAS0003	1059	70	0.066100	1093	110	0.100640
figshare-osce	deepgram	1	GAS0004	1137	87	0.076517	1180	119	0.100847
figshare-osce	deepgram	1	GAS0005	1538	111	0.072172	1599	160	0.100063
figshare-osce	deepgram	1	GAS0007	872	88	0.100917	903	103	0.114064
figshare-osce	deepgram	1	GEN0001	1100	58	0.052727	1132	84	0.074205
figshare-osce	deepgram	1	MSK0003	1788	106	0.059284	1866	155	0.083065
figshare-osce	deepgram	1	MSK0004	1073	65	0.060578	1125	106	0.094222
figshare-osce	deepgram	1	MSK0007	1287	50	0.038850	1358	111	0.081738
figshare-osce	deepgram	1	MSK0008	1358	84	0.061856	1417	142	0.100212
figshare-osce	deepgram	1	MSK0009	1505	110	0.073090	1572	169	0.107506
figshare-osce	deepgram	1	MSK0010	1442	76	0.052705	1505	126	0.083721
figshare-osce	deepgram	1	MSK0015	1568	98	0.062500	1622	141	0.086930
figshare-osce	deepgram	1	MSK0016	1982	84	0.042381	2064	148	0.071705
figshare-osce	deepgram	1	MSK0017	1646	83	0.050425	1735	152	0.087608
figshare-osce	deepgram	1	MSK0019	1293	54	0.041763	1337	61	0.045625
figshare-osce	deepgram	1	MSK0029	2175	148	0.068046	2268	229	0.100970
figshare-osce	deepgram	1	MSK0037	1622	118	0.072750	1682	161	0.095719
figshare-osce	deepgram	1	MSK0039	1345	60	0.044610	1404	105	0.074786
figshare-osce	deepgram	1	MSK0043	1697	140	0.082499	1772	146	0.082393
figshare-osce	deepgram	1	MSK0046	1176	61	0.051871	1225	105	0.085714
figshare-osce	deepgram	1	RES0002	1129	299	0.264836	1162	328	0.282272
figshare-osce	deepgram	1	RES0007	1812	119	0.065673	1874	162	0.086446
figshare-osce	deepgram	1	RES0043	1432	131	0.091480	1503	184	0.122422
figshare-osce	deepgram	1	RES0053	1917	281	0.146583	1982	357	0.180121
figshare-osce	deepgram	1	RES0059	1291	155	0.120062	1358	211	0.155376
figshare-osce	deepgram	1	RES0062	1866	196	0.105038	1965	275	0.139949
figshare-osce	deepgram	1	RES0074	1187	131	0.110362	1246	174	0.139647
figshare-osce	deepgram	1	RES0090	1147	51	0.044464	1193	87	0.072925
figshare-osce	deepgram	1	RES0110	1505	71	0.047176	1565	116	0.074121
figshare-osce	deepgram	1	RES0111	923	57	0.061755	965	94	0.097409
figshare-osce	deepgram	1	RES0118	926	31	0.033477	947	50	0.052798
figshare-osce	deepgram	1	RES0133	1221	89	0.072891	1264	93	0.073576
figshare-osce	deepgram	1	RES0143	1094	85	0.077697	1119	96	0.085791
figshare-osce	deepgram	1	RES0147	1218	120	0.098522	1274	162	0.127159
figshare-osce	deepgram	1	RES0154	902	72	0.079823	943	108	0.114528
figshare-osce	deepgram	1	RES0159	1072	50	0.046642	1104	77	0.069746
figshare-osce	deepgram	1	RES0171	1319	121	0.091736	1368	160	0.116959
figshare-osce	deepgram	1	RES0183	1160	89	0.076724	1217	141	0.115859
figshare-osce	deepgram	1	RES0184	917	68	0.074155	970	114	0.117526
figshare-osce	deepgram	1	RES0188	901	55	0.061043	957	103	0.107628
figshare-osce	deepgram	1	RES0199	1096	61	0.055657	1152	117	0.101562
figshare-osce	deepgram	1	RES0203	875	53	0.060571	920	93	0.101087
figshare-osce	deepgram	1	MSK0001	938	56	0.059701	983	94	0.095626
figshare-osce	deepgram	1	MSK0005	1440	53	0.036806	1513	117	0.077330
figshare-osce	deepgram	1	MSK0006	1688	67	0.039692	1781	134	0.075239
figshare-osce	deepgram	1	MSK0011	1460	114	0.078082	1535	172	0.112052
figshare-osce	deepgram	1	MSK0012	1580	65	0.041139	1652	122	0.073850
figshare-osce	deepgram	1	MSK0013	1539	74	0.048083	1610	134	0.083230
figshare-osce	deepgram	1	MSK0014	1514	93	0.061427	1575	137	0.086984
figshare-osce	deepgram	1	MSK0018	941	38	0.040383	976	42	0.043033
figshare-osce	deepgram	1	MSK0020	1605	97	0.060436	1683	160	0.095068
figshare-osce	deepgram	1	MSK0021	1661	138	0.083082	1745	204	0.116905
figshare-osce	deepgram	1	MSK0022	2076	99	0.047688	2164	161	0.074399
figshare-osce	deepgram	1	MSK0023	1184	74	0.062500	1229	108	0.087876
figshare-osce	deepgram	1	MSK0024	1162	52	0.044750	1193	77	0.064543
figshare-osce	deepgram	1	MSK0025	1526	73	0.047837	1580	106	0.067089
figshare-osce	deepgram	1	MSK0026	1319	68	0.051554	1365	113	0.082784
figshare-osce	deepgram	1	MSK0027	1328	106	0.079819	1377	155	0.112564
figshare-osce	deepgram	1	MSK0028	1776	116	0.065315	1836	166	0.090414
figshare-osce	deepgram	1	MSK0031	1244	62	0.049839	1299	107	0.082371
figshare-osce	deepgram	1	MSK0032	1161	54	0.046512	1198	58	0.048414
figshare-osce	deepgram	1	MSK0033	1623	94	0.057917	1687	137	0.081209
figshare-osce	deepgram	1	MSK0034	1381	79	0.057205	1448	138	0.095304
figshare-osce	deepgram	1	MSK0035	1535	75	0.048860	1596	127	0.079574
figshare-osce	deepgram	1	MSK0036	1693	98	0.057885	1757	142	0.080820
figshare-osce	deepgram	1	MSK0038	1808	91	0.050332	1895	155	0.081794
figshare-osce	deepgram	1	MSK0040	1432	87	0.060754	1488	142	0.095430
figshare-osce	deepgram	1	MSK0041	1532	72	0.046997	1583	118	0.074542
figshare-osce	deepgram	1	MSK0042	1462	94	0.064295	1522	100	0.065703
figshare-osce	deepgram	1	MSK0044	1133	81	0.071492	1177	89	0.075616
figshare-osce	deepgram	1	MSK0045	1350	80	0.059259	1394	117	0.083931
figshare-osce	deepgram	1	MSK0049	1325	52	0.039245	1372	94	0.068513
figshare-osce	deepgram	1	MSK0050	1238	39	0.031502	1285	76	0.059144
figshare-osce	deepgram	1	RES0001	1447	100	0.069109	1526	164	0.107471
figshare-osce	deepgram	1	RES0003	1187	57	0.048020	1261	111	0.088025
figshare-osce	deepgram	1	RES0004	1614	120	0.074349	1723	199	0.115496
figshare-osce	deepgram	1	RES0005	1587	77	0.048519	1645	120	0.072948
figshare-osce	deepgram	1	RES0006	1186	63	0.053120	1240	106	0.085484
figshare-osce	deepgram	1	RES0008	1112	79	0.071043	1171	115	0.098207
figshare-osce	deepgram	1	RES0009	1390	100	0.071942	1446	142	0.098202
figshare-osce	deepgram	1	RES0010	1036	63	0.060811	1070	88	0.082243
figshare-osce	deepgram	1	RES0011	1582	95	0.060051	1647	148	0.089860
figshare-osce	deepgram	1	RES0012	2062	153	0.074200	2168	234	0.107934
figshare-osce	deepgram	1	RES0013	1344	86	0.063988	1400	137	0.097857
figshare-osce	deepgram	1	RES0014	1368	74	0.054094	1429	134	0.093772
figshare-osce	deepgram	1	RES0015	1538	55	0.035761	1607	117	0.072806
figshare-osce	deepgram	1	RES0016	1268	61	0.048107	1327	116	0.087415
figshare-osce	deepgram	1	RES0017	1691	78	0.046127	1751	129	0.073672
figshare-osce	deepgram	1	RES0018	1284	61	0.047508	1334	98	0.073463
figshare-osce	deepgram	1	RES0019	1274	57	0.044741	1334	106	0.079460
figshare-osce	deepgram	1	RES0020	1358	56	0.041237	1413	104	0.073602
figshare-osce	deepgram	1	RES0021	1198	72	0.060100	1255	125	0.099602
figshare-osce	deepgram	1	RES0022	1921	127	0.066111	1999	191	0.095548
figshare-osce	deepgram	1	RES0023	1035	93	0.089855	1099	139	0.126479
figshare-osce	deepgram	1	RES0024	959	69	0.071950	1004	108	0.107570
figshare-osce	deepgram	1	RES0025	1327	108	0.081387	1393	165	0.118449
figshare-osce	deepgram	1	RES0026	1478	78	0.052774	1544	144	0.093264
figshare-osce	deepgram	1	RES0027	1308	53	0.040520	1366	102	0.074671
figshare-osce	deepgram	1	RES0028	1100	68	0.061818	1156	114	0.098616
figshare-osce	deepgram	1	RES0029	781	41	0.052497	811	72	0.088779
figshare-osce	deepgram	1	RES0030	1134	72	0.063492	1184	113	0.095439
figshare-osce	deepgram	1	RES0031	1294	59	0.045595	1343	102	0.075949
figshare-osce	deepgram	1	RES0032	1173	67	0.057118	1212	99	0.081683
figshare-osce	deepgram	1	RES0033	1316	71	0.053951	1372	117	0.085277
figshare-osce	deepgram	1	RES0034	1623	70	0.043130	1685	126	0.074777
figshare-osce	deepgram	1	RES0035	918	42	0.045752	958	74	0.077244
figshare-osce	deepgram	1	RES0036	1352	76	0.056213	1423	130	0.091356
figshare-osce	deepgram	1	RES0037	1376	88	0.063953	1453	139	0.095664
figshare-osce	deepgram	1	RES0038	1485	94	0.063300	1554	144	0.092664
figshare-osce	deepgram	1	RES0039	1592	130	0.081658	1672	180	0.107656
figshare-osce	deepgram	1	RES0042	1206	95	0.078773	1264	154	0.121835
figshare-osce	deepgram	1	RES0044	1768	77	0.043552	1859	146	0.078537
figshare-osce	deepgram	1	RES0045	1145	55	0.048035	1204	94	0.078073
figshare-osce	deepgram	1	RES0046	1494	69	0.046185	1588	134	0.084383
figshare-osce	deepgram	1	RES0047	1530	91	0.059477	1628	163	0.100123
figshare-osce	deepgram	1	RES0048	1730	78	0.045087	1809	137	0.075732
figshare-osce	deepgram	1	RES0049	1549	103	0.066495	1622	157	0.096794
figshare-osce	deepgram	1	RES0050	1065	46	0.043192	1109	83	0.074842
figshare-osce	deepgram	1	RES0051	958	90	0.093946	997	133	0.133400
figshare-osce	deepgram	1	RES0052	776	95	0.122423	828	145	0.175121
figshare-osce	deepgram	1	RES0054	2442	675	0.276413	2491	725	0.291048
figshare-osce	deepgram	1	RES0055	1313	174	0.132521	1375	235	0.170909
figshare-osce	deepgram	1	RES0056	1126	137	0.121670	1174	189	0.160988
figshare-osce	deepgram	1	RES0057	1203	197	0.163757	1245	246	0.197590
figshare-osce	deepgram	1	RES0058	1437	183	0.127349	1514	251	0.165786
figshare-osce	deepgram	1	RES0060	1602	213	0.132959	1683	282	0.167558
figshare-osce	deepgram	1	RES0061	1696	194	0.114387	1783	257	0.144139
figshare-osce	deepgram	1	RES0063	1373	132	0.096140	1439	183	0.127172
figshare-osce	deepgram	1	RES0064	1030	83	0.080583	1078	122	0.113173
figshare-osce	deepgram	1	RES0065	1045	110	0.105263	1089	155	0.142332
figshare-osce	deepgram	1	RES0066	1132	124	0.109541	1192	168	0.140940
figshare-osce	deepgram	1	RES0067	905	109	0.120442	946	140	0.147992
figshare-osce	deepgram	1	RES0068	1158	108	0.093264	1213	154	0.126958
figshare-osce	deepgram	1	RES0069	972	60	0.061728	1026	110	0.107212
figshare-osce	deepgram	1	RES0070	929	83	0.089343	976	129	0.132172
figshare-osce	deepgram	1	RES0071	1248	152	0.121795	1301	192	0.147579
figshare-osce	deepgram	1	RES0072	1124	165	0.146797	1182	208	0.175973
figshare-osce	deepgram	1	RES0073	1293	147	0.113689	1340	185	0.138060
figshare-osce	deepgram	1	RES0075	1065	102	0.095775	1112	144	0.129496
figshare-osce	deepgram	1	RES0076	1500	154	0.102667	1569	207	0.131931
figshare-osce	deepgram	1	RES0077	1572	208	0.132316	1649	262	0.158884
figshare-osce	deepgram	1	RES0078	1104	132	0.119565	1140	171	0.150000
figshare-osce	deepgram	1	RES0079	803	107	0.133250	841	147	0.174792
figshare-osce	deepgram	1	RES0080	1167	155	0.132819	1225	203	0.165714
figshare-osce	deepgram	1	RES0081	1398	192	0.137339	1455	235	0.161512
figshare-osce	deepgram	1	RES0082	889	119	0.133858	932	152	0.163090
figshare-osce	deepgram	1	RES0083	949	110	0.115911	990	147	0.148485
figshare-osce	deepgram	1	RES0084	1494	104	0.069612	1562	173	0.110755
figshare-osce	deepgram	1	RES0085	912	74	0.081140	959	113	0.117831
figshare-osce	deepgram	1	RES0086	1462	164	0.112175	1523	225	0.147735
figshare-osce	deepgram	1	RES0087	1300	89	0.068462	1359	139	0.102281
figshare-osce	deepgram	1	RES0088	1318	101	0.076631	1373	151	0.109978
figshare-osce	deepgram	1	RES0089	1717	108	0.062900	1800	176	0.097778
figshare-osce	deepgram	1	RES0091	862	28	0.032483	901	49	0.054384
figshare-osce	deepgram	1	RES0092	803	64	0.079701	837	89	0.106332
figshare-osce	deepgram	1	RES0093	1549	132	0.085216	1606	177	0.110212
figshare-osce	deepgram	1	RES0094	772	57	0.073834	793	76	0.095839
figshare-osce	deepgram	1	RES0095	1419	116	0.081748	1467	149	0.101568
figshare-osce	deepgram	1	RES0096	1233	105	0.085158	1292	151	0.116873
figshare-osce	deepgram	1	RES0097	1322	97	0.073374	1381	135	0.097755
figshare-osce	deepgram	1	RES0098	1424	86	0.060393	1474	119	0.080733
figshare-osce	deepgram	1	RES0099	1508	138	0.091512	1554	171	0.110039
figshare-osce	deepgram	1	RES0100	1715	106	0.061808	1767	143	0.080928
figshare-osce	deepgram	1	RES0101	1379	87	0.063089	1430	128	0.089510
figshare-osce	deepgram	1	RES0102	1960	127	0.064796	2025	176	0.086914
figshare-osce	deepgram	1	RES0103	1051	85	0.080875	1100	116	0.105455
figshare-osce	deepgram	1	RES0104	1485	95	0.063973	1563	147	0.094050
figshare-osce	deepgram	1	RES0105	1666	129	0.077431	1738	180	0.103567
figshare-osce	deepgram	1	RES0106	1242	82	0.066023	1307	142	0.108646
figshare-osce	deepgram	1	RES0107	1516	82	0.054090	1596	153	0.095865
figshare-osce	deepgram	1	RES0108	903	50	0.055371	950	90	0.094737
figshare-osce	deepgram	1	RES0109	795	28	0.035220	845	62	0.073373
figshare-osce	deepgram	1	RES0112	807	45	0.055762	835	67	0.080240
figshare-osce	deepgram	1	RES0113	1046	56	0.053537	1079	81	0.075070
figshare-osce	deepgram	1	RES0114	1586	92	0.058008	1673	162	0.096832
figshare-osce	deepgram	1	RES0116	1521	84	0.055227	1588	144	0.090680
figshare-osce	deepgram	1	RES0117	909	50	0.055006	951	82	0.086225
figshare-osce	deepgram	1	RES0119	1307	50	0.038256	1359	84	0.061810
figshare-osce	deepgram	1	RES0120	1322	50	0.037821	1381	57	0.041274
figshare-osce	deepgram	1	RES0121	925	44	0.047568	962	51	0.053015
figshare-osce	deepgram	1	RES0122	1023	58	0.056696	1046	70	0.066922
figshare-osce	deepgram	1	RES0123	1670	104	0.062275	1716	116	0.067599
figshare-osce	deepgram	1	RES0124	1675	88	0.052537	1729	95	0.054945
figshare-osce	deepgram	1	RES0125	1578	93	0.058935	1638	101	0.061661
figshare-osce	deepgram	1	RES0126	1787	144	0.080582	1858	216	0.116254
figshare-osce	deepgram	1	RES0127	1404	89	0.063390	1461	136	0.093087
figshare-osce	deepgram	1	RES0128	1041	58	0.055716	1095	109	0.099543
figshare-osce	deepgram	1	RES0129	1020	69	0.067647	1078	113	0.104824
figshare-osce	deepgram	1	RES0130	1271	74	0.058222	1329	81	0.060948
figshare-osce	deepgram	1	RES0131	1159	65	0.056083	1231	73	0.059301
figshare-osce	deepgram	1	RES0132	1260	59	0.046825	1309	65	0.049656
figshare-osce	deepgram	1	RES0134	1615	78	0.048297	1679	81	0.048243
figshare-osce	deepgram	1	RES0135	1160	71	0.061207	1224	79	0.064542
figshare-osce	deepgram	1	RES0136	1198	71	0.059265	1243	88	0.070796
figshare-osce	deepgram	1	RES0137	1226	98	0.079935	1274	106	0.083203
figshare-osce	deepgram	1	RES0138	1099	90	0.081893	1148	100	0.087108
figshare-osce	deepgram	1	RES0139	1082	96	0.088725	1131	102	0.090186
figshare-osce	deepgram	1	RES0140	881	79	0.089671	907	89	0.098126
figshare-osce	deepgram	1	RES0141	953	69	0.072403	987	82	0.083080
figshare-osce	deepgram	1	RES0142	761	58	0.076216	778	66	0.084833
figshare-osce	deepgram	1	RES0144	1114	115	0.103232	1153	150	0.130095
figshare-osce	deepgram	1	RES0145	1273	91	0.071485	1326	127	0.095777
figshare-osce	deepgram	1	RES0146	866	90	0.103926	898	112	0.124722
figshare-osce	deepgram	1	RES0148	1094	83	0.075868	1136	114	0.100352
figshare-osce	deepgram	1	RES0149	1219	63	0.051682	1270	96	0.075591
figshare-osce	deepgram	1	RES0150	1097	96	0.087511	1147	124	0.108108
figshare-osce	deepgram	1	RES0151	1110	60	0.054054	1157	95	0.082109
figshare-osce	deepgram	1	RES0152	1020	73	0.071569	1059	99	0.093484
figshare-osce	deepgram	1	RES0153	1055	64	0.060664	1103	102	0.092475
figshare-osce	deepgram	1	RES0155	1374	102	0.074236	1439	149	0.103544
figshare-osce	deepgram	1	RES0156	957	68	0.071055	1016	106	0.104331
figshare-osce	deepgram	1	RES0158	1029	63	0.061224	1079	98	0.090825
figshare-osce	deepgram	1	RES0160	1110	93	0.083784	1135	128	0.112775
figshare-osce	deepgram	1	RES0161	1009	80	0.079286	1034	94	0.090909
figshare-osce	deepgram	1	RES0162	1208	87	0.072020	1235	111	0.089879
figshare-osce	deepgram	1	RES0163	1156	103	0.089100	1200	140	0.116667
figshare-osce	deepgram	1	RES0164	1194	124	0.103853	1248	164	0.131410
figshare-osce	deepgram	1	RES0165	869	82	0.094361	909	110	0.121012
figshare-osce	deepgram	1	RES0166	1102	125	0.113430	1155	160	0.138528
figshare-osce	deepgram	1	RES0167	1124	65	0.057829	1181	107	0.090601
figshare-osce	deepgram	1	RES0168	1268	83	0.065457	1329	134	0.100828
figshare-osce	deepgram	1	RES0169	916	84	0.091703	946	114	0.120507
figshare-osce	deepgram	1	RES0170	1303	152	0.116654	1351	185	0.136936
figshare-osce	deepgram	1	RES0172	1154	123	0.106586	1195	151	0.126360
figshare-osce	deepgram	1	RES0173	1204	114	0.094684	1262	156	0.123613
figshare-osce	deepgram	1	RES0175	974	77	0.079055	1017	106	0.104228
figshare-osce	deepgram	1	RES0176	1253	88	0.070231	1305	129	0.098851
figshare-osce	deepgram	1	RES0177	1129	82	0.072631	1193	136	0.113998
figshare-osce	deepgram	1	RES0178	1058	73	0.068998	1125	126	0.112000
figshare-osce	deepgram	1	RES0179	1213	87	0.071723	1291	142	0.109992
figshare-osce	deepgram	1	RES0180	1009	77	0.076313	1065	127	0.119249
figshare-osce	deepgram	1	RES0181	1120	109	0.097321	1184	167	0.141047
figshare-osce	deepgram	1	RES0182	894	51	0.057047	945	96	0.101587
figshare-osce	deepgram	1	RES0185	1023	75	0.073314	1075	116	0.107907
figshare-osce	deepgram	1	RES0186	1009	63	0.062438	1069	107	0.100094
figshare-osce	deepgram	1	RES0187	1238	87	0.070275	1303	147	0.112817
figshare-osce	deepgram	1	RES0189	1385	109	0.078700	1439	155	0.107714
figshare-osce	deepgram	1	RES0190	1233	73	0.059205	1290	118	0.091473
figshare-osce	deepgram	1	RES0191	881	53	0.060159	927	92	0.099245
figshare-osce	deepgram	1	RES0192	1215	72	0.059259	1280	120	0.093750
figshare-osce	deepgram	1	RES0193	1372	121	0.088192	1431	161	0.112509
figshare-osce	deepgram	1	RES0194	1329	115	0.086531	1395	160	0.114695
figshare-osce	deepgram	1	RES0195	1274	82	0.064364	1335	128	0.095880
figshare-osce	deepgram	1	RES0196	902	61	0.067627	943	103	0.109226
figshare-osce	deepgram	1	RES0197	917	62	0.067612	966	106	0.109731
figshare-osce	deepgram	1	RES0198	812	35	0.043103	857	74	0.086348
figshare-osce	deepgram	1	RES0200	1293	120	0.092807	1351	171	0.126573
figshare-osce	deepgram	1	RES0201	1008	80	0.079365	1059	130	0.122757
figshare-osce	deepgram	1	RES0202	1455	123	0.084536	1522	176	0.115637
figshare-osce	deepgram	1	RES0204	945	63	0.066667	995	93	0.093467
figshare-osce	deepgram	1	RES0205	1012	76	0.075099	1049	108	0.102955
figshare-osce	deepgram	1	RES0206	1316	133	0.101064	1354	177	0.130724
figshare-osce	deepgram	1	RES0207	776	73	0.094072	818	102	0.124694
figshare-osce	deepgram	1	RES0208	1286	115	0.089425	1322	160	0.121029
figshare-osce	deepgram	1	RES0209	1063	91	0.085607	1108	130	0.117329
figshare-osce	deepgram	1	RES0210	1089	75	0.068871	1139	117	0.102722
figshare-osce	deepgram	1	RES0211	1358	121	0.089102	1415	169	0.119435
figshare-osce	deepgram	1	RES0212	1262	56	0.044374	1304	89	0.068252
figshare-osce	deepgram	1	RES0213	1454	85	0.058459	1485	107	0.072054
figshare-osce	deepgram	1	RES0214	1085	54	0.049770	1123	91	0.081033
figshare-osce	deepgram	1	RES0215	1326	76	0.057315	1386	122	0.088023
figshare-osce	deepgram	1	RES0216	1560	52	0.033333	1604	89	0.055486
figshare-osce	deepgram	1	RES0217	1463	73	0.049897	1486	94	0.063257
figshare-osce	deepgram	1	RES0174	1483	118	0.079568	1549	167	0.107811
figshare-osce	assemblyai	1	CAR0001	992	44	0.044355	1053	97	0.092118
figshare-osce	assemblyai	1	CAR0002	1023	56	0.054741	1067	96	0.089972
figshare-osce	assemblyai	1	CAR0003	1214	60	0.049423	1281	117	0.091335
figshare-osce	assemblyai	1	CAR0004	882	77	0.087302	920	106	0.115217
figshare-osce	assemblyai	1	CAR0005	1259	75	0.059571	1292	104	0.080495
figshare-osce	assemblyai	1	DER0001	1503	121	0.080506	1554	156	0.100386
figshare-osce	assemblyai	1	GAS0001	1005	104	0.103483	1033	125	0.121007
figshare-osce	assemblyai	1	GAS0002	1097	48	0.043756	1140	84	0.073684
figshare-osce	assemblyai	1	GAS0003	1059	80	0.075543	1093	121	0.110704
figshare-osce	assemblyai	1	GAS0004	1137	81	0.071240	1180	119	0.100847
figshare-osce	assemblyai	1	GAS0005	1538	116	0.075423	1599	163	0.101939
figshare-osce	assemblyai	1	GAS0007	872	58	0.066514	903	82	0.090808
figshare-osce	assemblyai	1	GEN0001	1100	72	0.065455	1132	94	0.083039
figshare-osce	assemblyai	1	MSK0001	938	60	0.063966	983	103	0.104781
figshare-osce	assemblyai	1	MSK0003	1788	124	0.069351	1866	173	0.092712
figshare-osce	assemblyai	1	MSK0004	1073	90	0.083877	1125	128	0.113778
figshare-osce	assemblyai	1	MSK0005	1440	83	0.057639	1513	141	0.093192
figshare-osce	assemblyai	1	MSK0006	1688	91	0.053910	1781	157	0.088153
figshare-osce	assemblyai	1	MSK0007	1287	64	0.049728	1358	126	0.092784
figshare-osce	assemblyai	1	MSK0008	1358	81	0.059647	1417	140	0.098800
figshare-osce	assemblyai	1	MSK0009	1505	133	0.088372	1572	189	0.120229
figshare-osce	assemblyai	1	MSK0010	1442	78	0.054092	1505	126	0.083721
figshare-osce	assemblyai	1	MSK0011	1460	117	0.080137	1535	168	0.109446
figshare-osce	assemblyai	1	MSK0012	1580	78	0.049367	1652	136	0.082324
figshare-osce	assemblyai	1	MSK0013	1539	96	0.062378	1610	154	0.095652
figshare-osce	assemblyai	1	MSK0014	1514	91	0.060106	1575	133	0.084444
figshare-osce	assemblyai	1	MSK0015	1568	120	0.076531	1622	162	0.099877
figshare-osce	assemblyai	1	MSK0016	1982	124	0.062563	2064	185	0.089632
figshare-osce	assemblyai	1	MSK0017	1646	88	0.053463	1735	155	0.089337
figshare-osce	assemblyai	1	MSK0018	941	51	0.054198	976	56	0.057377
figshare-osce	assemblyai	1	MSK0019	1293	62	0.047951	1337	66	0.049364
figshare-osce	assemblyai	1	MSK0020	1605	108	0.067290	1683	169	0.100416
figshare-osce	assemblyai	1	MSK0021	1661	132	0.079470	1745	200	0.114613
figshare-osce	assemblyai	1	MSK0022	2076	137	0.065992	2164	200	0.092421
figshare-osce	assemblyai	1	MSK0023	1184	95	0.080236	1229	127	0.103336
figshare-osce	assemblyai	1	MSK0024	1162	55	0.047332	1193	87	0.072925
figshare-osce	assemblyai	1	MSK0025	1526	87	0.057012	1580	125	0.079114
figshare-osce	assemblyai	1	MSK0026	1319	75	0.056861	1365	119	0.087179
figshare-osce	assemblyai	1	MSK0027	1328	108	0.081325	1377	155	0.112564
figshare-osce	assemblyai	1	MSK0028	1776	143	0.080518	1836	191	0.104031
figshare-osce	assemblyai	1	MSK0029	2175	160	0.073563	2268	233	0.102734
figshare-osce	assemblyai	1	MSK0031	1244	80	0.064309	1299	126	0.096998
figshare-osce	assemblyai	1	MSK0032	1161	76	0.065461	1198	80	0.066778
figshare-osce	assemblyai	1	MSK0033	1623	106	0.065311	1687	148	0.087730
figshare-osce	assemblyai	1	MSK0034	1381	97	0.070239	1448	154	0.106354
figshare-osce	assemblyai	1	MSK0035	1535	110	0.071661	1596	162	0.101504
figshare-osce	assemblyai	1	MSK0036	1693	98	0.057885	1757	144	0.081958
figshare-osce	assemblyai	1	MSK0037	1622	144	0.088779	1682	191	0.113555
figshare-osce	assemblyai	1	MSK0039	1345	69	0.051301	1404	116	0.082621
figshare-osce	assemblyai	1	MSK0040	1432	105	0.073324	1488	158	0.106183
figshare-osce	assemblyai	1	MSK0041	1532	100	0.065274	1583	146	0.092230
figshare-osce	assemblyai	1	MSK0042	1462	113	0.077291	1522	118	0.077530
figshare-osce	assemblyai	1	MSK0043	1697	152	0.089570	1772	156	0.088036
figshare-osce	assemblyai	1	MSK0044	1133	78	0.068844	1177	86	0.073067
figshare-osce	assemblyai	1	MSK0045	1350	80	0.059259	1394	119	0.085366
figshare-osce	assemblyai	1	MSK0046	1176	55	0.046769	1225	98	0.080000
figshare-osce	assemblyai	1	MSK0049	1325	82	0.061887	1372	122	0.088921
figshare-osce	assemblyai	1	MSK0050	1238	79	0.063813	1285	117	0.091051
figshare-osce	assemblyai	1	RES0001	1447	124	0.085695	1526	187	0.122543
figshare-osce	assemblyai	1	RES0002	1129	298	0.263950	1162	325	0.279690
figshare-osce	assemblyai	1	RES0003	1187	69	0.058130	1261	121	0.095956
figshare-osce	assemblyai	1	RES0004	1614	130	0.080545	1723	204	0.118398
figshare-osce	assemblyai	1	RES0005	1587	105	0.066163	1645	145	0.088146
figshare-osce	assemblyai	1	RES0006	1186	84	0.070826	1240	123	0.099194
figshare-osce	assemblyai	1	RES0007	1812	139	0.076711	1874	181	0.096585
figshare-osce	assemblyai	1	RES0008	1112	70	0.062950	1171	111	0.094791
figshare-osce	assemblyai	1	RES0009	1390	120	0.086331	1446	160	0.110650
figshare-osce	assemblyai	1	RES0010	1036	120	0.115830	1070	142	0.132710
figshare-osce	assemblyai	1	RES0011	1582	133	0.084071	1647	187	0.113540
figshare-osce	assemblyai	1	RES0012	2062	193	0.093598	2168	273	0.125923
figshare-osce	assemblyai	1	RES0013	1344	93	0.069196	1400	142	0.101429
figshare-osce	assemblyai	1	RES0014	1368	82	0.059942	1429	137	0.095871
figshare-osce	assemblyai	1	RES0015	1538	72	0.046814	1607	133	0.082763
figshare-osce	assemblyai	1	RES0016	1268	46	0.036278	1327	100	0.075358
figshare-osce	assemblyai	1	RES0017	1691	114	0.067416	1751	163	0.093090
figshare-osce	assemblyai	1	RES0018	1284	106	0.082555	1334	140	0.104948
figshare-osce	assemblyai	1	RES0019	1274	78	0.061224	1334	127	0.095202
figshare-osce	assemblyai	1	RES0020	1358	101	0.074374	1413	147	0.104034
figshare-osce	assemblyai	1	RES0021	1198	100	0.083472	1255	145	0.115538
figshare-osce	assemblyai	1	RES0022	1921	165	0.085893	1999	227	0.113557
figshare-osce	assemblyai	1	RES0023	1035	107	0.103382	1099	153	0.139217
figshare-osce	assemblyai	1	RES0024	959	70	0.072993	1004	108	0.107570
figshare-osce	assemblyai	1	RES0025	1327	132	0.099472	1393	189	0.135678
figshare-osce	assemblyai	1	RES0026	1478	101	0.068336	1544	166	0.107513
figshare-osce	assemblyai	1	RES0027	1308	98	0.074924	1366	144	0.105417
figshare-osce	assemblyai	1	RES0028	1100	72	0.065455	1156	118	0.102076
figshare-osce	assemblyai	1	RES0029	781	48	0.061460	811	76	0.093711
figshare-osce	assemblyai	1	RES0030	1134	72	0.063492	1184	116	0.097973
figshare-osce	assemblyai	1	RES0031	1294	64	0.049459	1343	105	0.078183
figshare-osce	assemblyai	1	RES0032	1173	52	0.044331	1212	88	0.072607
figshare-osce	assemblyai	1	RES0033	1316	86	0.065350	1372	130	0.094752
figshare-osce	assemblyai	1	RES0034	1623	75	0.046211	1685	127	0.075371
figshare-osce	assemblyai	1	RES0035	918	31	0.033769	958	67	0.069937
figshare-osce	assemblyai	1	RES0036	1352	54	0.039941	1423	116	0.081518
figshare-osce	assemblyai	1	RES0037	1376	91	0.066134	1453	145	0.099794
figshare-osce	assemblyai	1	RES0038	1485	110	0.074074	1554	163	0.104891
figshare-osce	assemblyai	1	RES0039	1592	129	0.081030	1672	183	0.109450
figshare-osce	assemblyai	1	RES0042	1206	95	0.078773	1264	153	0.121044
figshare-osce	assemblyai	1	RES0043	1432	133	0.092877	1503	187	0.124418
figshare-osce	assemblyai	1	RES0044	1768	121	0.068439	1859	187	0.100592
figshare-osce	assemblyai	1	RES0045	1145	54	0.047162	1204	94	0.078073
figshare-osce	assemblyai	1	RES0046	1494	77	0.051539	1588	144	0.090680
figshare-osce	assemblyai	1	RES0047	1530	110	0.071895	1628	178	0.109337
figshare-osce	assemblyai	1	RES0048	1730	88	0.050867	1809	144	0.079602
figshare-osce	assemblyai	1	RES0049	1549	117	0.075533	1622	169	0.104192
figshare-osce	assemblyai	1	RES0050	1065	48	0.045070	1109	86	0.077547
figshare-osce	assemblyai	1	RES0051	958	89	0.092902	997	131	0.131394
figshare-osce	assemblyai	1	RES0052	776	83	0.106959	828	128	0.154589
figshare-osce	assemblyai	1	RES0053	1917	263	0.137194	1982	335	0.169021
figshare-osce	assemblyai	1	RES0054	2442	673	0.275594	2491	716	0.287435
figshare-osce	assemblyai	1	RES0055	1313	157	0.119573	1375	213	0.154909
figshare-osce	assemblyai	1	RES0056	1126	106	0.094139	1174	155	0.132027
figshare-osce	assemblyai	1	RES0057	1203	157	0.130507	1245	195	0.156627
figshare-osce	assemblyai	1	RES0058	1437	145	0.100905	1514	209	0.138045
figshare-osce	assemblyai	1	RES0059	1291	116	0.089853	1358	172	0.126657
figshare-osce	assemblyai	1	RES0060	1602	161	0.100499	1683	227	0.134878
figshare-osce	assemblyai	1	RES0061	1696	148	0.087264	1783	206	0.115536
figshare-osce	assemblyai	1	RES0062	1866	137	0.073419	1965	214	0.108906
figshare-osce	assemblyai	1	RES0063	1373	104	0.075747	1439	151	0.104934
figshare-osce	assemblyai	1	RES0064	1030	75	0.072816	1078	112	0.103896
figshare-osce	assemblyai	1	RES0065	1045	75	0.071770	1089	125	0.114784
figshare-osce	assemblyai	1	RES0066	1132	95	0.083922	1192	141	0.118289
figshare-osce	assemblyai	1	RES0067	905	79	0.087293	946	105	0.110994
figshare-osce	assemblyai	1	RES0068	1158	103	0.088946	1213	146	0.120363
figshare-osce	assemblyai	1	RES0069	972	65	0.066872	1026	110	0.107212
figshare-osce	assemblyai	1	RES0070	929	78	0.083961	976	121	0.123975
figshare-osce	assemblyai	1	RES0071	1248	103	0.082532	1301	150	0.115296
figshare-osce	assemblyai	1	RES0072	1124	100	0.088968	1182	147	0.124365
figshare-osce	assemblyai	1	RES0074	1187	74	0.062342	1246	116	0.093098
figshare-osce	assemblyai	1	RES0075	1065	62	0.058216	1112	103	0.092626
figshare-osce	assemblyai	1	RES0076	1500	84	0.056000	1569	137	0.087317
figshare-osce	assemblyai	1	RES0077	1572	116	0.073791	1649	171	0.103699
figshare-osce	assemblyai	1	RES0078	1104	91	0.082428	1140	123	0.107895
figshare-osce	assemblyai	1	MSK0038	1808	114	0.063053	1895	178	0.093931
figshare-osce	assemblyai	1	RES0073	1293	112	0.086620	1340	151	0.112687
figshare-osce	assemblyai	1	RES0079	803	83	0.103362	841	115	0.136742
figshare-osce	assemblyai	1	RES0080	1167	83	0.071123	1225	124	0.101224
figshare-osce	assemblyai	1	RES0081	1398	112	0.080114	1455	153	0.105155
figshare-osce	assemblyai	1	RES0082	889	77	0.086614	932	104	0.111588
figshare-osce	assemblyai	1	RES0083	949	86	0.090622	990	114	0.115152
figshare-osce	assemblyai	1	RES0084	1494	78	0.052209	1562	133	0.085147
figshare-osce	assemblyai	1	RES0085	912	47	0.051535	959	81	0.084463
figshare-osce	assemblyai	1	RES0086	1462	100	0.068399	1523	150	0.098490
figshare-osce	assemblyai	1	RES0087	1300	57	0.043846	1359	105	0.077263
figshare-osce	assemblyai	1	RES0088	1318	78	0.059181	1373	125	0.091042
figshare-osce	assemblyai	1	RES0089	1717	105	0.061153	1800	168	0.093333
figshare-osce	assemblyai	1	RES0090	1147	61	0.053182	1193	97	0.081308
figshare-osce	assemblyai	1	RES0091	862	31	0.035963	901	54	0.059933
figshare-osce	assemblyai	1	RES0092	803	77	0.095890	837	100	0.119474
figshare-osce	assemblyai	1	RES0093	1549	141	0.091026	1606	177	0.110212
figshare-osce	assemblyai	1	RES0094	772	52	0.067358	793	70	0.088272
figshare-osce	assemblyai	1	RES0095	1419	133	0.093728	1467	165	0.112474
figshare-osce	assemblyai	1	RES0096	1233	132	0.107056	1292	173	0.133901
figshare-osce	assemblyai	1	RES0097	1322	127	0.096067	1381	162	0.117306
figshare-osce	assemblyai	1	RES0098	1424	105	0.073736	1474	138	0.093623
figshare-osce	assemblyai	1	RES0099	1508	140	0.092838	1554	171	0.110039
figshare-osce	assemblyai	1	RES0100	1715	142	0.082799	1767	179	0.101302
figshare-osce	assemblyai	1	RES0101	1379	103	0.074692	1430	138	0.096503
figshare-osce	assemblyai	1	RES0102	1960	137	0.069898	2025	179	0.088395
figshare-osce	assemblyai	1	RES0103	1051	79	0.075167	1100	115	0.104545
figshare-osce	assemblyai	1	RES0104	1485	110	0.074074	1563	163	0.104287
figshare-osce	assemblyai	1	RES0105	1666	156	0.093637	1738	208	0.119678
figshare-osce	assemblyai	1	RES0106	1242	94	0.075684	1307	149	0.114002
figshare-osce	assemblyai	1	RES0107	1516	102	0.067282	1596	165	0.103383
figshare-osce	assemblyai	1	RES0108	903	56	0.062016	950	97	0.102105
figshare-osce	assemblyai	1	RES0109	795	42	0.052830	845	77	0.091124
figshare-osce	assemblyai	1	RES0110	1505	102	0.067774	1565	141	0.090096
figshare-osce	assemblyai	1	RES0111	923	60	0.065005	965	93	0.096373
figshare-osce	assemblyai	1	RES0112	807	47	0.058240	835	68	0.081437
figshare-osce	assemblyai	1	RES0113	1046	78	0.074570	1079	105	0.097312
figshare-osce	assemblyai	1	RES0114	1586	91	0.057377	1673	158	0.094441
figshare-osce	assemblyai	1	RES0116	1521	88	0.057857	1588	143	0.090050
figshare-osce	assemblyai	1	RES0117	909	59	0.064906	951	92	0.096740
figshare-osce	assemblyai	1	RES0118	926	39	0.042117	947	52	0.054910
figshare-osce	assemblyai	1	RES0119	1307	44	0.033665	1359	84	0.061810
figshare-osce	assemblyai	1	RES0120	1322	57	0.043116	1381	62	0.044895
figshare-osce	assemblyai	1	RES0121	925	47	0.050811	962	52	0.054054
figshare-osce	assemblyai	1	RES0122	1023	67	0.065494	1046	70	0.066922
figshare-osce	assemblyai	1	RES0123	1670	148	0.088623	1716	154	0.089744
figshare-osce	assemblyai	1	RES0124	1675	102	0.060896	1729	105	0.060729
figshare-osce	assemblyai	1	RES0125	1578	85	0.053866	1638	87	0.053114
figshare-osce	assemblyai	1	RES0126	1787	134	0.074986	1858	193	0.103875
figshare-osce	assemblyai	1	RES0127	1404	94	0.066952	1461	132	0.090349
figshare-osce	assemblyai	1	RES0128	1041	60	0.057637	1095	109	0.099543
figshare-osce	assemblyai	1	RES0129	1020	67	0.065686	1078	108	0.100186
figshare-osce	assemblyai	1	RES0130	1271	81	0.063729	1329	85	0.063958
figshare-osce	assemblyai	1	RES0131	1159	83	0.071613	1231	86	0.069862
figshare-osce	assemblyai	1	RES0132	1260	74	0.058730	1309	76	0.058060
figshare-osce	assemblyai	1	RES0133	1221	93	0.076167	1264	95	0.075158
figshare-osce	assemblyai	1	RES0134	1615	85	0.052632	1679	88	0.052412
figshare-osce	assemblyai	1	RES0135	1160	87	0.075000	1224	88	0.071895
figshare-osce	assemblyai	1	RES0136	1198	77	0.064274	1243	82	0.065969
figshare-osce	assemblyai	1	RES0137	1226	99	0.080750	1274	106	0.083203
figshare-osce	assemblyai	1	RES0138	1099	76	0.069154	1148	88	0.076655
figshare-osce	assemblyai	1	RES0139	1082	98	0.090573	1131	101	0.089302
figshare-osce	assemblyai	1	RES0140	881	83	0.094211	907	85	0.093716
figshare-osce	assemblyai	1	RES0141	953	71	0.074502	987	73	0.073961
figshare-osce	assemblyai	1	RES0142	761	76	0.099869	778	80	0.102828
figshare-osce	assemblyai	1	RES0143	1094	77	0.070384	1119	80	0.071492
figshare-osce	assemblyai	1	RES0144	1114	114	0.102334	1153	145	0.125759
figshare-osce	assemblyai	1	RES0145	1273	126	0.098979	1326	161	0.121418
figshare-osce	assemblyai	1	RES0146	866	85	0.098152	898	103	0.114699
figshare-osce	assemblyai	1	RES0147	1218	150	0.123153	1274	186	0.145997
figshare-osce	assemblyai	1	RES0148	1094	111	0.101463	1136	140	0.123239
figshare-osce	assemblyai	1	RES0149	1219	88	0.072190	1270	119	0.093701
figshare-osce	assemblyai	1	RES0150	1097	111	0.101185	1147	140	0.122058
figshare-osce	assemblyai	1	RES0151	1110	74	0.066667	1157	108	0.093345
figshare-osce	assemblyai	1	RES0152	1020	87	0.085294	1059	113	0.106704
figshare-osce	assemblyai	1	RES0153	1055	82	0.077725	1103	117	0.106074
figshare-osce	assemblyai	1	RES0154	902	75	0.083149	943	110	0.116649
figshare-osce	assemblyai	1	RES0155	1374	121	0.088064	1439	165	0.114663
figshare-osce	assemblyai	1	RES0156	957	74	0.077325	1016	111	0.109252
figshare-osce	assemblyai	1	RES0158	1029	68	0.066084	1079	103	0.095459
figshare-osce	assemblyai	1	RES0159	1072	58	0.054104	1104	80	0.072464
figshare-osce	assemblyai	1	RES0160	1110	105	0.094595	1135	128	0.112775
figshare-osce	assemblyai	1	RES0161	1009	107	0.106046	1034	121	0.117021
figshare-osce	assemblyai	1	RES0162	1208	112	0.092715	1235	131	0.106073
figshare-osce	assemblyai	1	RES0163	1156	99	0.085640	1200	136	0.113333
figshare-osce	assemblyai	1	RES0164	1194	126	0.105528	1248	171	0.137019
figshare-osce	assemblyai	1	RES0165	869	62	0.071346	909	99	0.108911
figshare-osce	assemblyai	1	RES0166	1102	99	0.089837	1155	145	0.125541
figshare-osce	assemblyai	1	RES0167	1124	98	0.087189	1181	140	0.118544
figshare-osce	assemblyai	1	RES0168	1268	95	0.074921	1329	144	0.108352
figshare-osce	assemblyai	1	RES0169	916	101	0.110262	946	127	0.134249
figshare-osce	assemblyai	1	RES0170	1303	144	0.110514	1351	170	0.125833
figshare-osce	assemblyai	1	RES0171	1319	106	0.080364	1368	131	0.095760
figshare-osce	assemblyai	1	RES0172	1154	112	0.097054	1195	135	0.112971
figshare-osce	assemblyai	1	RES0173	1204	126	0.104651	1262	168	0.133122
figshare-osce	assemblyai	1	RES0174	1483	132	0.089009	1549	181	0.116850
figshare-osce	assemblyai	1	RES0175	974	78	0.080082	1017	109	0.107178
figshare-osce	assemblyai	1	RES0176	1253	103	0.082203	1305	145	0.111111
figshare-osce	assemblyai	1	RES0177	1129	82	0.072631	1193	132	0.110645
figshare-osce	assemblyai	1	RES0178	1058	107	0.101134	1125	156	0.138667
figshare-osce	assemblyai	1	RES0179	1213	105	0.086562	1291	161	0.124710
figshare-osce	assemblyai	1	RES0180	1009	86	0.085233	1065	129	0.121127
figshare-osce	assemblyai	1	RES0181	1120	104	0.092857	1184	156	0.131757
figshare-osce	assemblyai	1	RES0182	894	70	0.078300	945	113	0.119577
figshare-osce	assemblyai	1	RES0183	1160	97	0.083621	1217	146	0.119967
figshare-osce	assemblyai	1	RES0184	917	83	0.090513	970	128	0.131959
figshare-osce	assemblyai	1	RES0185	1023	85	0.083089	1075	128	0.119070
figshare-osce	assemblyai	1	RES0186	1009	77	0.076313	1069	120	0.112254
figshare-osce	assemblyai	1	RES0187	1238	86	0.069467	1303	145	0.111282
figshare-osce	assemblyai	1	RES0188	901	58	0.064373	957	103	0.107628
figshare-osce	assemblyai	1	RES0189	1385	102	0.073646	1439	144	0.100069
figshare-osce	assemblyai	1	RES0190	1233	72	0.058394	1290	117	0.090698
figshare-osce	assemblyai	1	RES0191	881	49	0.055619	927	88	0.094930
figshare-osce	assemblyai	1	RES0192	1215	86	0.070782	1280	134	0.104688
figshare-osce	assemblyai	1	RES0193	1372	130	0.094752	1431	171	0.119497
figshare-osce	assemblyai	1	RES0194	1329	122	0.091798	1395	170	0.121864
figshare-osce	assemblyai	1	RES0195	1274	80	0.062794	1335	133	0.099625
figshare-osce	assemblyai	1	RES0196	902	69	0.076497	943	108	0.114528
figshare-osce	assemblyai	1	RES0197	917	71	0.077426	966	114	0.118012
figshare-osce	assemblyai	1	RES0198	812	39	0.048030	857	75	0.087515
figshare-osce	assemblyai	1	RES0199	1096	81	0.073905	1152	133	0.115451
figshare-osce	assemblyai	1	RES0200	1293	133	0.102862	1351	179	0.132494
figshare-osce	assemblyai	1	RES0201	1008	80	0.079365	1059	133	0.125590
figshare-osce	assemblyai	1	RES0202	1455	143	0.098282	1522	193	0.126807
figshare-osce	assemblyai	1	RES0203	875	48	0.054857	920	93	0.101087
figshare-osce	assemblyai	1	RES0204	945	65	0.068783	995	103	0.103518
figshare-osce	assemblyai	1	RES0205	1012	79	0.078063	1049	114	0.108675
figshare-osce	assemblyai	1	RES0206	1316	163	0.123860	1354	194	0.143279
figshare-osce	assemblyai	1	RES0207	776	60	0.077320	818	91	0.111247
figshare-osce	assemblyai	1	RES0208	1286	140	0.108865	1322	164	0.124054
figshare-osce	assemblyai	1	RES0209	1063	86	0.080903	1108	124	0.111913
figshare-osce	assemblyai	1	RES0210	1089	74	0.067952	1139	116	0.101844
figshare-osce	assemblyai	1	RES0211	1358	143	0.105302	1415	181	0.127915
figshare-osce	assemblyai	1	RES0212	1262	71	0.056260	1304	104	0.079755
figshare-osce	assemblyai	1	RES0213	1454	124	0.085282	1485	146	0.098316
figshare-osce	assemblyai	1	RES0214	1085	56	0.051613	1123	93	0.082814
figshare-osce	assemblyai	1	RES0215	1326	79	0.059578	1386	121	0.087302
figshare-osce	assemblyai	1	RES0216	1560	65	0.041667	1604	101	0.062968
figshare-osce	assemblyai	1	RES0217	1463	80	0.054682	1486	99	0.066622
figshare-osce	aws	1	CAR0001	992	58	0.058468	1053	62	0.058879
figshare-osce	aws	1	CAR0002	1023	57	0.055718	1067	59	0.055295
figshare-osce	aws	1	CAR0003	1214	63	0.051895	1281	67	0.052303
figshare-osce	aws	1	CAR0004	882	69	0.078231	920	73	0.079348
figshare-osce	aws	1	CAR0005	1259	58	0.046068	1292	66	0.051084
figshare-osce	aws	1	DER0001	1503	141	0.093812	1554	152	0.097812
figshare-osce	aws	1	GAS0001	1005	95	0.094527	1033	105	0.101646
figshare-osce	aws	1	GAS0002	1097	43	0.039198	1140	43	0.037719
figshare-osce	aws	1	GAS0003	1059	72	0.067989	1093	83	0.075938
figshare-osce	aws	1	GAS0004	1137	70	0.061566	1180	81	0.068644
figshare-osce	aws	1	GAS0005	1538	106	0.068921	1599	111	0.069418
figshare-osce	aws	1	GAS0007	872	56	0.064220	903	71	0.078627
figshare-osce	aws	1	GEN0001	1100	68	0.061818	1132	69	0.060954
figshare-osce	aws	1	MSK0003	1788	116	0.064877	1866	121	0.064845
figshare-osce	aws	1	MSK0004	1073	78	0.072693	1125	82	0.072889
figshare-osce	aws	1	MSK0007	1287	63	0.048951	1358	64	0.047128
figshare-osce	aws	1	MSK0008	1358	101	0.074374	1417	105	0.074100
figshare-osce	aws	1	MSK0009	1505	129	0.085714	1572	133	0.084606
figshare-osce	aws	1	MSK0010	1442	84	0.058252	1505	86	0.057143
figshare-osce	aws	1	MSK0015	1568	113	0.072066	1622	116	0.071517
figshare-osce	aws	1	MSK0016	1982	109	0.054995	2064	111	0.053779
figshare-osce	aws	1	MSK0017	1646	87	0.052855	1735	93	0.053602
figshare-osce	aws	1	MSK0019	1293	76	0.058778	1337	113	0.084518
figshare-osce	aws	1	MSK0029	2175	158	0.072644	2268	168	0.074074
figshare-osce	aws	1	MSK0037	1622	128	0.078915	1682	133	0.079073
figshare-osce	aws	1	MSK0039	1345	54	0.040149	1404	61	0.043447
figshare-osce	aws	1	MSK0043	1697	137	0.080731	1772	193	0.108916
figshare-osce	aws	1	MSK0046	1176	61	0.051871	1225	69	0.056327
figshare-osce	aws	1	RES0002	1129	301	0.266608	1162	311	0.267642
figshare-osce	aws	1	RES0007	1812	121	0.066777	1874	122	0.065101
figshare-osce	aws	1	RES0043	1432	113	0.078911	1503	123	0.081836
figshare-osce	aws	1	RES0053	1917	278	0.145018	1982	310	0.156408
figshare-osce	aws	1	RES0059	1291	165	0.127808	1358	178	0.131075
figshare-osce	aws	1	RES0062	1866	211	0.113076	1965	223	0.113486
figshare-osce	aws	1	RES0074	1187	139	0.117102	1246	143	0.114767
figshare-osce	aws	1	RES0090	1147	51	0.044464	1193	55	0.046102
figshare-osce	aws	1	RES0110	1505	61	0.040532	1565	74	0.047284
figshare-osce	aws	1	RES0111	923	56	0.060672	965	58	0.060104
figshare-osce	aws	1	RES0118	926	37	0.039957	947	49	0.051742
figshare-osce	aws	1	RES0133	1221	110	0.090090	1264	140	0.110759
figshare-osce	aws	1	RES0143	1094	91	0.083181	1119	112	0.100089
figshare-osce	aws	1	RES0147	1218	128	0.105090	1274	139	0.109105
figshare-osce	aws	1	RES0154	902	77	0.085366	943	82	0.086957
figshare-osce	aws	1	RES0159	1072	68	0.063433	1104	72	0.065217
figshare-osce	aws	1	RES0171	1319	112	0.084913	1368	114	0.083333
figshare-osce	aws	1	RES0183	1160	99	0.085345	1217	108	0.088743
figshare-osce	aws	1	RES0184	917	91	0.099237	970	98	0.101031
figshare-osce	aws	1	RES0188	901	59	0.065483	957	66	0.068966
figshare-osce	aws	1	RES0199	1096	75	0.068431	1152	79	0.068576
figshare-osce	aws	1	RES0203	875	41	0.046857	920	54	0.058696
figshare-osce	aws	1	MSK0001	938	55	0.058635	983	59	0.060020
figshare-osce	aws	1	MSK0005	1440	65	0.045139	1513	68	0.044944
figshare-osce	aws	1	MSK0006	1688	81	0.047986	1781	86	0.048287
figshare-osce	aws	1	MSK0011	1460	125	0.085616	1535	129	0.084039
figshare-osce	aws	1	MSK0012	1580	71	0.044937	1652	76	0.046005
figshare-osce	aws	1	MSK0013	1539	82	0.053281	1610	87	0.054037
figshare-osce	aws	1	MSK0014	1514	116	0.076618	1575	119	0.075556
figshare-osce	aws	1	MSK0018	941	43	0.045696	976	79	0.080943
figshare-osce	aws	1	MSK0020	1605	107	0.066667	1683	113	0.067142
figshare-osce	aws	1	MSK0021	1661	140	0.084287	1745	150	0.085960
figshare-osce	aws	1	MSK0022	2076	130	0.062620	2164	138	0.063771
figshare-osce	aws	1	MSK0023	1184	77	0.065034	1229	77	0.062653
figshare-osce	aws	1	MSK0024	1162	54	0.046472	1193	62	0.051970
figshare-osce	aws	1	MSK0025	1526	77	0.050459	1580	82	0.051899
figshare-osce	aws	1	MSK0026	1319	84	0.063685	1365	85	0.062271
figshare-osce	aws	1	MSK0027	1328	105	0.079066	1377	111	0.080610
figshare-osce	aws	1	MSK0028	1776	123	0.069257	1836	125	0.068083
figshare-osce	aws	1	MSK0031	1244	77	0.061897	1299	81	0.062356
figshare-osce	aws	1	MSK0032	1161	60	0.051680	1198	92	0.076795
figshare-osce	aws	1	MSK0033	1623	99	0.060998	1687	101	0.059870
figshare-osce	aws	1	MSK0034	1381	96	0.069515	1448	108	0.074586
figshare-osce	aws	1	MSK0035	1535	105	0.068404	1596	110	0.068922
figshare-osce	aws	1	MSK0036	1693	111	0.065564	1757	113	0.064314
figshare-osce	aws	1	MSK0038	1808	105	0.058075	1895	113	0.059631
figshare-osce	aws	1	MSK0040	1432	100	0.069832	1488	106	0.071237
figshare-osce	aws	1	MSK0041	1532	104	0.067885	1583	106	0.066961
figshare-osce	aws	1	MSK0042	1462	118	0.080711	1522	169	0.111038
figshare-osce	aws	1	MSK0044	1133	96	0.084731	1177	139	0.118097
figshare-osce	aws	1	MSK0045	1350	86	0.063704	1394	96	0.068867
figshare-osce	aws	1	MSK0049	1325	88	0.066415	1372	88	0.064140
figshare-osce	aws	1	MSK0050	1238	65	0.052504	1285	70	0.054475
figshare-osce	aws	1	RES0001	1447	105	0.072564	1526	106	0.069463
figshare-osce	aws	1	RES0003	1187	72	0.060657	1261	76	0.060270
figshare-osce	aws	1	RES0004	1614	130	0.080545	1723	136	0.078932
figshare-osce	aws	1	RES0005	1587	113	0.071204	1645	114	0.069301
figshare-osce	aws	1	RES0006	1186	79	0.066610	1240	81	0.065323
figshare-osce	aws	1	RES0008	1112	74	0.066547	1171	75	0.064048
figshare-osce	aws	1	RES0009	1390	103	0.074101	1446	105	0.072614
figshare-osce	aws	1	RES0010	1036	89	0.085907	1070	94	0.087850
figshare-osce	aws	1	RES0011	1582	112	0.070796	1647	120	0.072860
figshare-osce	aws	1	RES0012	2062	151	0.073230	2168	167	0.077030
figshare-osce	aws	1	RES0013	1344	95	0.070685	1400	105	0.075000
figshare-osce	aws	1	RES0014	1368	80	0.058480	1429	88	0.061582
figshare-osce	aws	1	RES0015	1538	71	0.046164	1607	73	0.045426
figshare-osce	aws	1	RES0016	1268	54	0.042587	1327	57	0.042954
figshare-osce	aws	1	RES0017	1691	106	0.062685	1751	110	0.062821
figshare-osce	aws	1	RES0018	1284	83	0.064642	1334	84	0.062969
figshare-osce	aws	1	RES0019	1274	77	0.060440	1334	77	0.057721
figshare-osce	aws	1	RES0020	1358	88	0.064801	1413	91	0.064402
figshare-osce	aws	1	RES0021	1198	101	0.084307	1255	109	0.086853
figshare-osce	aws	1	RES0022	1921	146	0.076002	1999	152	0.076038
figshare-osce	aws	1	RES0023	1035	77	0.074396	1099	85	0.077343
figshare-osce	aws	1	RES0024	959	78	0.081335	1004	80	0.079681
figshare-osce	aws	1	RES0025	1327	104	0.078372	1393	113	0.081120
figshare-osce	aws	1	RES0026	1478	98	0.066306	1544	107	0.069301
figshare-osce	aws	1	RES0027	1308	88	0.067278	1366	94	0.068814
figshare-osce	aws	1	RES0028	1100	71	0.064545	1156	75	0.064879
figshare-osce	aws	1	RES0029	781	48	0.061460	811	49	0.060419
figshare-osce	aws	1	RES0030	1134	88	0.077601	1184	91	0.076858
figshare-osce	aws	1	RES0031	1294	68	0.052550	1343	69	0.051378
figshare-osce	aws	1	RES0032	1173	60	0.051151	1212	72	0.059406
figshare-osce	aws	1	RES0033	1316	86	0.065350	1372	89	0.064869
figshare-osce	aws	1	RES0034	1623	85	0.052372	1685	89	0.052819
figshare-osce	aws	1	RES0035	918	31	0.033769	958	38	0.039666
figshare-osce	aws	1	RES0036	1352	66	0.048817	1423	80	0.056219
figshare-osce	aws	1	RES0037	1376	92	0.066860	1453	103	0.070888
figshare-osce	aws	1	RES0038	1485	98	0.065993	1554	104	0.066924
figshare-osce	aws	1	RES0039	1592	119	0.074749	1672	127	0.075957
figshare-osce	aws	1	RES0042	1206	93	0.077114	1264	112	0.088608
figshare-osce	aws	1	RES0044	1768	73	0.041290	1859	80	0.043034
figshare-osce	aws	1	RES0045	1145	62	0.054148	1204	64	0.053156
figshare-osce	aws	1	RES0046	1494	77	0.051539	1588	83	0.052267
figshare-osce	aws	1	RES0047	1530	108	0.070588	1628	115	0.070639
figshare-osce	aws	1	RES0048	1730	96	0.055491	1809	101	0.055832
figshare-osce	aws	1	RES0049	1549	104	0.067140	1622	107	0.065968
figshare-osce	aws	1	RES0050	1065	61	0.057277	1109	63	0.056808
figshare-osce	aws	1	RES0051	958	99	0.103340	997	108	0.108325
figshare-osce	aws	1	RES0052	776	105	0.135309	828	108	0.130435
figshare-osce	aws	1	RES0054	2442	670	0.274365	2491	683	0.274187
figshare-osce	aws	1	RES0055	1313	183	0.139375	1375	203	0.147636
figshare-osce	aws	1	RES0056	1126	134	0.119005	1174	148	0.126065
figshare-osce	aws	1	RES0057	1203	189	0.157107	1245	209	0.167871
figshare-osce	aws	1	RES0058	1437	175	0.121781	1514	197	0.130119
figshare-osce	aws	1	RES0060	1602	222	0.138577	1683	236	0.140226
figshare-osce	aws	1	RES0061	1696	211	0.124410	1783	221	0.123948
figshare-osce	aws	1	RES0063	1373	143	0.104151	1439	148	0.102849
figshare-osce	aws	1	RES0064	1030	83	0.080583	1078	93	0.086271
figshare-osce	aws	1	RES0065	1045	102	0.097608	1089	122	0.112029
figshare-osce	aws	1	RES0066	1132	108	0.095406	1192	113	0.094799
figshare-osce	aws	1	RES0067	905	109	0.120442	946	113	0.119450
figshare-osce	aws	1	RES0068	1158	115	0.099309	1213	123	0.101401
figshare-osce	aws	1	RES0069	972	63	0.064815	1026	68	0.066277
figshare-osce	aws	1	RES0070	929	83	0.089343	976	97	0.099385
figshare-osce	aws	1	RES0071	1248	146	0.116987	1301	160	0.122982
figshare-osce	aws	1	RES0072	1124	156	0.138790	1182	167	0.141286
figshare-osce	aws	1	RES0073	1293	169	0.130704	1340	172	0.128358
figshare-osce	aws	1	RES0075	1065	110	0.103286	1112	116	0.104317
figshare-osce	aws	1	RES0076	1500	168	0.112000	1569	176	0.112173
figshare-osce	aws	1	RES0077	1572	214	0.136132	1649	221	0.134021
figshare-osce	aws	1	RES0078	1104	123	0.111413	1140	133	0.116667
figshare-osce	aws	1	RES0079	803	96	0.119552	841	103	0.122473
figshare-osce	aws	1	RES0080	1167	151	0.129392	1225	155	0.126531
figshare-osce	aws	1	RES0081	1398	178	0.127325	1455	182	0.125086
figshare-osce	aws	1	RES0082	889	123	0.138358	932	129	0.138412
figshare-osce	aws	1	RES0083	949	109	0.114858	990	113	0.114141
figshare-osce	aws	1	RES0084	1494	126	0.084337	1562	145	0.092830
figshare-osce	aws	1	RES0085	912	83	0.091009	959	92	0.095933
figshare-osce	aws	1	RES0086	1462	174	0.119015	1523	195	0.128037
figshare-osce	aws	1	RES0087	1300	102	0.078462	1359	108	0.079470
figshare-osce	aws	1	RES0088	1318	103	0.078149	1373	106	0.077203
figshare-osce	aws	1	RES0089	1717	117	0.068142	1800	127	0.070556
figshare-osce	aws	1	RES0091	862	30	0.034803	901	30	0.033296
figshare-osce	aws	1	RES0092	803	68	0.084682	837	74	0.088411
figshare-osce	aws	1	RES0093	1549	135	0.087153	1606	143	0.089041
figshare-osce	aws	1	RES0094	772	63	0.081606	793	64	0.080706
figshare-osce	aws	1	RES0095	1419	142	0.100070	1467	151	0.102931
figshare-osce	aws	1	RES0096	1233	125	0.101379	1292	135	0.104489
figshare-osce	aws	1	RES0097	1322	108	0.081694	1381	113	0.081825
figshare-osce	aws	1	RES0098	1424	92	0.064607	1474	95	0.064450
figshare-osce	aws	1	RES0099	1508	158	0.104775	1554	158	0.101673
figshare-osce	aws	1	RES0100	1715	136	0.079300	1767	137	0.077533
figshare-osce	aws	1	RES0101	1379	99	0.071791	1430	102	0.071329
figshare-osce	aws	1	RES0102	1960	151	0.077041	2025	158	0.078025
figshare-osce	aws	1	RES0103	1051	80	0.076118	1100	86	0.078182
figshare-osce	aws	1	RES0104	1485	96	0.064646	1563	106	0.067818
figshare-osce	aws	1	RES0105	1666	134	0.080432	1738	142	0.081703
figshare-osce	aws	1	RES0106	1242	75	0.060386	1307	96	0.073451
figshare-osce	aws	1	RES0107	1516	73	0.048153	1596	95	0.059524
figshare-osce	aws	1	RES0108	903	58	0.064230	950	69	0.072632
figshare-osce	aws	1	RES0109	795	26	0.032704	845	34	0.040237
figshare-osce	aws	1	RES0112	807	47	0.058240	835	51	0.061078
figshare-osce	aws	1	RES0113	1046	53	0.050669	1079	56	0.051900
figshare-osce	aws	1	RES0114	1586	89	0.056116	1673	101	0.060371
figshare-osce	aws	1	RES0116	1521	88	0.057857	1588	92	0.057935
figshare-osce	aws	1	RES0117	909	59	0.064906	951	67	0.070452
figshare-osce	aws	1	RES0119	1307	45	0.034430	1359	49	0.036056
figshare-osce	aws	1	RES0120	1322	44	0.033283	1381	96	0.069515
figshare-osce	aws	1	RES0121	925	39	0.042162	962	73	0.075884
figshare-osce	aws	1	RES0122	1023	63	0.061584	1046	80	0.076482
figshare-osce	aws	1	RES0123	1670	106	0.063473	1716	141	0.082168
figshare-osce	aws	1	RES0124	1675	84	0.050149	1729	126	0.072874
figshare-osce	aws	1	RES0125	1578	91	0.057668	1638	141	0.086081
figshare-osce	aws	1	RES0126	1787	127	0.071069	1858	140	0.075350
figshare-osce	aws	1	RES0127	1404	93	0.066239	1461	99	0.067762
figshare-osce	aws	1	RES0128	1041	62	0.059558	1095	66	0.060274
figshare-osce	aws	1	RES0129	1020	73	0.071569	1078	76	0.070501
figshare-osce	aws	1	RES0130	1271	80	0.062943	1329	118	0.088789
figshare-osce	aws	1	RES0131	1159	67	0.057808	1231	115	0.093420
figshare-osce	aws	1	RES0132	1260	76	0.060317	1309	117	0.089381
figshare-osce	aws	1	RES0134	1615	96	0.059443	1679	141	0.083979
figshare-osce	aws	1	RES0135	1160	85	0.073276	1224	131	0.107026
figshare-osce	aws	1	RES0136	1198	76	0.063439	1243	116	0.093323
figshare-osce	aws	1	RES0137	1226	102	0.083197	1274	132	0.103611
figshare-osce	aws	1	RES0138	1099	83	0.075523	1148	122	0.106272
figshare-osce	aws	1	RES0139	1082	88	0.081331	1131	123	0.108753
figshare-osce	aws	1	RES0140	881	81	0.091941	907	100	0.110254
figshare-osce	aws	1	RES0141	953	60	0.062959	987	82	0.083080
figshare-osce	aws	1	RES0142	761	53	0.069645	778	66	0.084833
figshare-osce	aws	1	RES0144	1114	108	0.096948	1153	119	0.103209
figshare-osce	aws	1	RES0145	1273	113	0.088767	1326	124	0.093514
figshare-osce	aws	1	RES0146	866	88	0.101617	898	90	0.100223
figshare-osce	aws	1	RES0148	1094	99	0.090494	1136	103	0.090669
figshare-osce	aws	1	RES0149	1219	80	0.065628	1270	82	0.064567
figshare-osce	aws	1	RES0150	1097	94	0.085688	1147	97	0.084568
figshare-osce	aws	1	RES0151	1110	89	0.080180	1157	92	0.079516
figshare-osce	aws	1	RES0152	1020	79	0.077451	1059	79	0.074599
figshare-osce	aws	1	RES0153	1055	80	0.075829	1103	82	0.074343
figshare-osce	aws	1	RES0155	1374	107	0.077875	1439	112	0.077832
figshare-osce	aws	1	RES0156	957	76	0.079415	1016	79	0.077756
figshare-osce	aws	1	RES0158	1029	57	0.055394	1079	61	0.056534
figshare-osce	aws	1	RES0160	1110	100	0.090090	1135	106	0.093392
figshare-osce	aws	1	RES0161	1009	99	0.098117	1034	100	0.096712
figshare-osce	aws	1	RES0162	1208	97	0.080298	1235	101	0.081781
figshare-osce	aws	1	RES0163	1156	85	0.073529	1200	93	0.077500
figshare-osce	aws	1	RES0164	1194	124	0.103853	1248	133	0.106571
figshare-osce	aws	1	RES0165	869	73	0.084005	909	83	0.091309
figshare-osce	aws	1	RES0166	1102	101	0.091652	1155	112	0.096970
figshare-osce	aws	1	RES0167	1124	62	0.055160	1181	70	0.059272
figshare-osce	aws	1	RES0168	1268	73	0.057571	1329	80	0.060196
figshare-osce	aws	1	RES0169	916	85	0.092795	946	88	0.093023
figshare-osce	aws	1	RES0170	1303	125	0.095932	1351	132	0.097705
figshare-osce	aws	1	RES0172	1154	120	0.103986	1195	129	0.107950
figshare-osce	aws	1	RES0173	1204	122	0.101329	1262	131	0.103803
figshare-osce	aws	1	RES0174	1483	134	0.090357	1549	143	0.092318
figshare-osce	aws	1	RES0175	974	92	0.094456	1017	96	0.094395
figshare-osce	aws	1	RES0176	1253	103	0.082203	1305	110	0.084291
figshare-osce	aws	1	RES0177	1129	77	0.068202	1193	85	0.071249
figshare-osce	aws	1	RES0178	1058	81	0.076560	1125	95	0.084444
figshare-osce	aws	1	RES0179	1213	106	0.087387	1291	115	0.089078
figshare-osce	aws	1	RES0180	1009	83	0.082260	1065	89	0.083568
figshare-osce	aws	1	RES0181	1120	116	0.103571	1184	124	0.104730
figshare-osce	aws	1	RES0182	894	56	0.062640	945	68	0.071958
figshare-osce	aws	1	RES0185	1023	89	0.086999	1075	96	0.089302
figshare-osce	aws	1	RES0186	1009	80	0.079286	1069	87	0.081384
figshare-osce	aws	1	RES0187	1238	78	0.063005	1303	84	0.064467
figshare-osce	aws	1	RES0189	1385	108	0.077978	1439	109	0.075747
figshare-osce	aws	1	RES0190	1233	81	0.065693	1290	82	0.063566
figshare-osce	aws	1	RES0191	881	54	0.061294	927	58	0.062567
figshare-osce	aws	1	RES0192	1215	76	0.062551	1280	80	0.062500
figshare-osce	aws	1	RES0193	1372	126	0.091837	1431	128	0.089448
figshare-osce	aws	1	RES0194	1329	117	0.088036	1395	121	0.086738
figshare-osce	aws	1	RES0195	1274	78	0.061224	1335	85	0.063670
figshare-osce	aws	1	RES0196	902	67	0.074279	943	76	0.080594
figshare-osce	aws	1	RES0197	917	59	0.064340	966	62	0.064182
figshare-osce	aws	1	RES0198	812	35	0.043103	857	38	0.044341
figshare-osce	aws	1	RES0200	1293	142	0.109822	1351	146	0.108068
figshare-osce	aws	1	RES0201	1008	75	0.074405	1059	89	0.084042
figshare-osce	aws	1	RES0202	1455	119	0.081787	1522	124	0.081472
figshare-osce	aws	1	RES0204	945	44	0.046561	995	56	0.056281
figshare-osce	aws	1	RES0205	1012	71	0.070158	1049	84	0.080076
figshare-osce	aws	1	RES0206	1316	140	0.106383	1354	149	0.110044
figshare-osce	aws	1	RES0207	776	52	0.067010	818	60	0.073350
figshare-osce	aws	1	RES0208	1286	124	0.096423	1322	133	0.100605
figshare-osce	aws	1	RES0209	1063	67	0.063029	1108	81	0.073105
figshare-osce	aws	1	RES0210	1089	83	0.076217	1139	98	0.086040
figshare-osce	aws	1	RES0211	1358	126	0.092784	1415	135	0.095406
figshare-osce	aws	1	RES0212	1262	70	0.055468	1304	73	0.055982
figshare-osce	aws	1	RES0213	1454	84	0.057772	1485	85	0.057239
figshare-osce	aws	1	RES0214	1085	50	0.046083	1123	56	0.049866
figshare-osce	aws	1	RES0215	1326	68	0.051282	1386	74	0.053391
figshare-osce	aws	1	RES0216	1560	58	0.037179	1604	64	0.039900
figshare-osce	aws	1	RES0217	1463	69	0.047163	1486	72	0.048452
primock57	azure	1	day1_consultation01	1280	156	0.121875	1367	214	0.156547
primock57	azure	1	day1_consultation02	1615	169	0.104644	1672	193	0.115431
primock57	azure	1	day1_consultation03	1496	168	0.112299	1561	179	0.114670
primock57	azure	1	day1_consultation04	1567	184	0.117422	1651	200	0.121139
primock57	azure	1	day1_consultation05	1576	158	0.100254	1632	165	0.101103
primock57	azure	1	day1_consultation06	1749	192	0.109777	1831	202	0.110322
primock57	azure	1	day1_consultation07	2676	414	0.154709	2797	455	0.162674
primock57	azure	1	day1_consultation08	1103	120	0.108794	1163	128	0.110060
primock57	azure	1	day1_consultation09	1485	154	0.103704	1556	175	0.112468
primock57	azure	1	day1_consultation10	1765	252	0.142776	1856	279	0.150323
primock57	azure	1	day1_consultation11	2238	228	0.101877	2326	240	0.103181
primock57	azure	1	day1_consultation12	1096	115	0.104927	1146	124	0.108202
primock57	azure	1	day1_consultation13	1633	115	0.070423	1688	123	0.072867
primock57	azure	1	day1_consultation14	1873	192	0.102509	1945	212	0.108997
primock57	azure	1	day1_consultation15	1194	137	0.114740	1262	157	0.124406
primock57	azure	1	day2_consultation01	1120	118	0.105357	1164	126	0.108247
primock57	azure	1	day2_consultation02	1614	152	0.094176	1685	171	0.101484
primock57	azure	1	day2_consultation03	1349	175	0.129726	1415	196	0.138516
primock57	azure	1	day2_consultation04	1745	119	0.068195	1825	129	0.070685
primock57	azure	1	day2_consultation05	1860	133	0.071505	1917	140	0.073031
primock57	azure	1	day2_consultation06	1856	147	0.079203	1938	164	0.084623
primock57	azure	1	day2_consultation07	1211	110	0.090834	1308	140	0.107034
primock57	azure	1	day2_consultation08	1751	138	0.078812	1806	147	0.081395
primock57	azure	1	day2_consultation10	1725	117	0.067826	1791	130	0.072585
primock57	azure	1	day3_consultation01	1226	144	0.117455	1277	158	0.123727
primock57	azure	1	day3_consultation02	1089	105	0.096419	1137	117	0.102902
primock57	azure	1	day3_consultation03	1762	197	0.111805	1847	214	0.115864
primock57	azure	1	day3_consultation04	1062	132	0.124294	1112	140	0.125899
primock57	azure	1	day3_consultation05	1074	83	0.077281	1121	90	0.080285
primock57	azure	1	day3_consultation07	1115	136	0.121973	1177	146	0.124044
primock57	azure	1	day3_consultation08	872	105	0.120413	918	111	0.120915
primock57	azure	1	day3_consultation09	2073	152	0.073324	2130	170	0.079812
primock57	azure	1	day3_consultation10	1300	79	0.060769	1355	88	0.064945
primock57	azure	1	day4_consultation01	1234	113	0.091572	1274	131	0.102826
primock57	azure	1	day4_consultation02	1188	68	0.057239	1244	83	0.066720
primock57	azure	1	day4_consultation03	976	45	0.046107	1023	52	0.050831
primock57	azure	1	day4_consultation04	938	54	0.057569	987	60	0.060790
primock57	azure	1	day4_consultation05	1490	163	0.109396	1564	188	0.120205
primock57	azure	1	day4_consultation06	1590	105	0.066038	1650	120	0.072727
primock57	azure	1	day4_consultation07	1698	179	0.105418	1745	187	0.107163
primock57	azure	1	day4_consultation08	1632	155	0.094975	1691	165	0.097575
primock57	azure	1	day4_consultation09	1622	125	0.077065	1698	139	0.081861
primock57	azure	1	day4_consultation10	1593	115	0.072191	1669	128	0.076693
primock57	azure	1	day5_consultation01	1191	112	0.094039	1242	118	0.095008
primock57	azure	1	day5_consultation02	1048	62	0.059160	1082	67	0.061922
primock57	azure	1	day5_consultation03	2429	173	0.071223	2488	189	0.075965
primock57	azure	1	day5_consultation04	1207	189	0.156587	1269	205	0.161545
primock57	azure	1	day5_consultation05	853	77	0.090270	901	89	0.098779
primock57	azure	1	day5_consultation06	1469	104	0.070796	1531	122	0.079686
primock57	azure	1	day5_consultation07	1183	76	0.064243	1234	82	0.066451
primock57	azure	1	day5_consultation08	1208	61	0.050497	1271	66	0.051928
primock57	azure	1	day5_consultation09	1315	143	0.108745	1364	153	0.112170
primock57	azure	1	day5_consultation10	1505	135	0.089701	1542	139	0.090143
primock57	azure	1	day5_consultation11	1965	118	0.060051	2000	127	0.063500
primock57	azure	1	day5_consultation12	767	51	0.066493	787	54	0.068615
primock57	azure	1	day2_consultation09	975	74	0.075897	1015	81	0.079803
primock57	azure	1	day3_consultation06	561	52	0.092692	592	55	0.092905
primock57	google	1	day1_consultation01	1280	352	0.275000	1367	402	0.294075
primock57	google	1	day1_consultation02	1615	374	0.231579	1672	433	0.258971
primock57	google	1	day1_consultation03	1496	420	0.280749	1561	475	0.304292
primock57	google	1	day1_consultation04	1567	402	0.256541	1651	462	0.279830
primock57	google	1	day1_consultation05	1576	416	0.263959	1632	463	0.283701
primock57	google	1	day1_consultation06	1749	439	0.251001	1831	515	0.281267
primock57	google	1	day1_consultation07	2676	941	0.351644	2797	1033	0.369324
primock57	google	1	day1_consultation08	1103	290	0.262919	1163	338	0.290628
primock57	google	1	day1_consultation09	1485	341	0.229630	1556	404	0.259640
primock57	google	1	day1_consultation10	1765	647	0.366572	1856	719	0.387392
primock57	google	1	day1_consultation11	2238	491	0.219392	2326	552	0.237317
primock57	google	1	day1_consultation12	1096	236	0.215328	1146	280	0.244328
primock57	google	1	day1_consultation13	1633	251	0.153705	1688	309	0.183057
primock57	google	1	day1_consultation14	1873	401	0.214095	1945	470	0.241645
primock57	google	1	day1_consultation15	1194	282	0.236181	1262	338	0.267829
primock57	google	1	day2_consultation01	1120	280	0.250000	1164	321	0.275773
primock57	google	1	day2_consultation02	1614	363	0.224907	1685	427	0.253412
primock57	google	1	day2_consultation03	1349	473	0.350630	1415	531	0.375265
primock57	google	1	day2_consultation04	1745	427	0.244699	1825	499	0.273425
primock57	google	1	day2_consultation05	1860	385	0.206989	1917	445	0.232134
primock57	google	1	day2_consultation06	1856	367	0.197737	1938	430	0.221878
primock57	google	1	day2_consultation07	1211	211	0.174236	1308	295	0.225535
primock57	google	1	day2_consultation08	1751	366	0.209023	1806	416	0.230343
primock57	google	1	day2_consultation09	975	191	0.195897	1015	234	0.230542
primock57	google	1	day2_consultation10	1725	361	0.209275	1791	424	0.236739
primock57	google	1	day3_consultation01	1226	262	0.213703	1277	306	0.239624
primock57	google	1	day3_consultation02	1089	308	0.282828	1137	351	0.308707
primock57	google	1	day3_consultation03	1762	382	0.216799	1847	457	0.247428
primock57	google	1	day3_consultation04	1062	278	0.261770	1112	327	0.294065
primock57	google	1	day3_consultation05	1074	220	0.204842	1121	265	0.236396
primock57	google	1	day3_consultation06	561	173	0.308378	592	193	0.326014
primock57	google	1	day3_consultation07	1115	274	0.245740	1177	315	0.267630
primock57	google	1	day3_consultation08	872	218	0.250000	918	255	0.277778
primock57	google	1	day3_consultation09	2073	252	0.121563	2130	320	0.150235
primock57	google	1	day3_consultation10	1300	187	0.143846	1355	237	0.174908
primock57	google	1	day4_consultation01	1234	300	0.243112	1274	339	0.266091
primock57	google	1	day4_consultation02	1188	194	0.163300	1244	241	0.193730
primock57	google	1	day4_consultation03	976	165	0.169057	1023	202	0.197458
primock57	google	1	day4_consultation04	938	160	0.170576	987	195	0.197568
primock57	google	1	day4_consultation05	1490	326	0.218792	1564	399	0.255115
primock57	google	1	day4_consultation06	1590	238	0.149686	1650	289	0.175152
primock57	google	1	day4_consultation07	1698	491	0.289164	1745	533	0.305444
primock57	google	1	day4_consultation08	1632	444	0.272059	1691	493	0.291543
primock57	google	1	day4_consultation09	1622	346	0.213317	1698	406	0.239105
primock57	google	1	day4_consultation10	1593	403	0.252982	1669	456	0.273217
primock57	google	1	day5_consultation01	1191	361	0.303107	1242	400	0.322061
primock57	google	1	day5_consultation02	1048	207	0.197519	1082	243	0.224584
primock57	google	1	day5_consultation03	2429	572	0.235488	2488	618	0.248392
primock57	google	1	day5_consultation04	1207	367	0.304060	1269	426	0.335697
primock57	google	1	day5_consultation05	853	183	0.214537	901	219	0.243063
primock57	google	1	day5_consultation06	1469	361	0.245745	1531	420	0.274331
primock57	google	1	day5_consultation07	1183	295	0.249366	1234	341	0.276337
primock57	google	1	day5_consultation08	1208	208	0.172185	1271	251	0.197482
primock57	google	1	day5_consultation09	1315	453	0.344487	1364	485	0.355572
primock57	google	1	day5_consultation10	1505	386	0.256478	1542	421	0.273022
primock57	google	1	day5_consultation11	1965	298	0.151654	2000	331	0.165500
primock57	google	1	day5_consultation12	767	190	0.247718	787	212	0.269377
primock57	deepgram	1	day1_consultation01	1280	134	0.104688	1367	176	0.128749
primock57	deepgram	1	day1_consultation02	1615	179	0.110836	1672	233	0.139354
primock57	deepgram	1	day1_consultation03	1496	169	0.112968	1561	220	0.140935
primock57	deepgram	1	day1_consultation04	1567	174	0.111040	1651	234	0.141732
primock57	deepgram	1	day1_consultation05	1576	144	0.091371	1632	190	0.116422
primock57	deepgram	1	day1_consultation06	1749	184	0.105203	1831	253	0.138176
primock57	deepgram	1	day1_consultation07	2676	383	0.143124	2797	472	0.168752
primock57	deepgram	1	day1_consultation08	1103	123	0.111514	1163	169	0.145314
primock57	deepgram	1	day1_consultation09	1485	166	0.111785	1556	222	0.142674
primock57	deepgram	1	day1_consultation10	1765	248	0.140510	1856	319	0.171875
primock57	deepgram	1	day1_consultation11	2238	225	0.100536	2326	280	0.120378
primock57	deepgram	1	day1_consultation12	1096	94	0.085766	1146	134	0.116928
primock57	deepgram	1	day1_consultation13	1633	106	0.064911	1688	148	0.087678
primock57	deepgram	1	day1_consultation14	1873	183	0.097704	1945	246	0.126478
primock57	deepgram	1	day1_consultation15	1194	131	0.109715	1262	177	0.140254
primock57	deepgram	1	day2_consultation01	1120	115	0.102679	1164	155	0.133162
primock57	deepgram	1	day2_consultation02	1614	166	0.102850	1685	223	0.132344
primock57	deepgram	1	day2_consultation03	1349	158	0.117124	1415	210	0.148410
primock57	deepgram	1	day2_consultation04	1745	149	0.085387	1825	212	0.116164
primock57	deepgram	1	day2_consultation05	1860	118	0.063441	1917	170	0.088680
primock57	deepgram	1	day2_consultation06	1856	163	0.087823	1938	219	0.113003
primock57	deepgram	1	day2_consultation07	1211	95	0.078448	1308	174	0.133028
primock57	deepgram	1	day2_consultation08	1751	139	0.079383	1806	186	0.102990
primock57	deepgram	1	day2_consultation09	975	83	0.085128	1015	121	0.119212
primock57	deepgram	1	day2_consultation10	1725	119	0.068986	1791	178	0.099386
primock57	deepgram	1	day3_consultation01	1226	141	0.115008	1277	182	0.142522
primock57	deepgram	1	day3_consultation02	1089	99	0.090909	1137	138	0.121372
primock57	deepgram	1	day3_consultation03	1762	184	0.104427	1847	240	0.129940
primock57	deepgram	1	day3_consultation04	1062	135	0.127119	1112	170	0.152878
primock57	deepgram	1	day3_consultation05	1074	72	0.067039	1121	110	0.098127
primock57	deepgram	1	day3_consultation06	561	52	0.092692	592	73	0.123311
primock57	deepgram	1	day3_consultation07	1115	120	0.107623	1177	161	0.136788
primock57	deepgram	1	day3_consultation08	872	100	0.114679	918	137	0.149237
primock57	deepgram	1	day3_consultation09	2073	136	0.065605	2130	184	0.086385
primock57	deepgram	1	day3_consultation10	1300	89	0.068462	1355	132	0.097417
primock57	deepgram	1	day4_consultation01	1234	108	0.087520	1274	146	0.114600
primock57	deepgram	1	day4_consultation02	1188	67	0.056397	1244	105	0.084405
primock57	deepgram	1	day4_consultation03	976	39	0.039959	1023	72	0.070381
primock57	deepgram	1	day4_consultation04	938	61	0.065032	987	92	0.093212
primock57	deepgram	1	day4_consultation05	1490	157	0.105369	1564	213	0.136189
primock57	deepgram	1	day4_consultation06	1590	112	0.070440	1650	158	0.095758
primock57	deepgram	1	day4_consultation07	1698	159	0.093640	1745	188	0.107736
primock57	deepgram	1	day4_consultation08	1632	141	0.086397	1691	176	0.104080
primock57	deepgram	1	day4_consultation09	1622	150	0.092478	1698	197	0.116019
primock57	deepgram	1	day4_consultation10	1593	123	0.077213	1669	166	0.099461
primock57	deepgram	1	day5_consultation01	1191	95	0.079765	1242	127	0.102254
primock57	deepgram	1	day5_consultation02	1048	55	0.052481	1082	90	0.083179
primock57	deepgram	1	day5_consultation03	2429	168	0.069164	2488	210	0.084405
primock57	deepgram	1	day5_consultation04	1207	176	0.145816	1269	221	0.174153
primock57	deepgram	1	day5_consultation05	853	74	0.086753	901	108	0.119867
primock57	deepgram	1	day5_consultation06	1469	135	0.091899	1531	186	0.121489
primock57	deepgram	1	day5_consultation07	1183	82	0.069315	1234	121	0.098055
primock57	deepgram	1	day5_consultation08	1208	69	0.057119	1271	102	0.080252
primock57	deepgram	1	day5_consultation09	1315	154	0.117110	1364	181	0.132698
primock57	deepgram	1	day5_consultation10	1505	123	0.081728	1542	152	0.098573
primock57	deepgram	1	day5_consultation11	1965	106	0.053944	2000	133	0.066500
primock57	deepgram	1	day5_consultation12	767	46	0.059974	787	63	0.080051
primock57	assemblyai	1	day1_consultation01	1280	158	0.123438	1367	197	0.144111
primock57	assemblyai	1	day1_consultation02	1615	186	0.115170	1672	241	0.144139
primock57	assemblyai	1	day1_consultation03	1496	200	0.133690	1561	249	0.159513
primock57	assemblyai	1	day1_consultation04	1567	270	0.172304	1651	329	0.199273
primock57	assemblyai	1	day1_consultation05	1576	193	0.122462	1632	238	0.145833
primock57	assemblyai	1	day1_consultation06	1749	267	0.152659	1831	332	0.181322
primock57	assemblyai	1	day1_consultation07	2676	568	0.212257	2797	642	0.229532
primock57	assemblyai	1	day1_consultation08	1103	116	0.105168	1163	160	0.137575
primock57	assemblyai	1	day1_consultation09	1485	227	0.152862	1556	277	0.178021
primock57	assemblyai	1	day1_consultation10	1765	257	0.145609	1856	324	0.174569
primock57	assemblyai	1	day1_consultation11	2238	328	0.146559	2326	383	0.164660
primock57	assemblyai	1	day1_consultation13	1633	137	0.083895	1688	182	0.107820
primock57	assemblyai	1	day1_consultation14	1873	230	0.122798	1945	289	0.148586
primock57	assemblyai	1	day1_consultation15	1194	173	0.144891	1262	221	0.175119
primock57	assemblyai	1	day2_consultation01	1120	113	0.100893	1164	152	0.130584
primock57	assemblyai	1	day2_consultation02	1614	195	0.120818	1685	252	0.149555
primock57	assemblyai	1	day2_consultation03	1349	195	0.144552	1415	247	0.174558
primock57	assemblyai	1	day2_consultation04	1745	200	0.114613	1825	268	0.146849
primock57	assemblyai	1	day2_consultation05	1860	131	0.070430	1917	183	0.095462
primock57	assemblyai	1	day2_consultation06	1856	186	0.100216	1938	244	0.125903
primock57	assemblyai	1	day2_consultation07	1211	131	0.108175	1308	204	0.155963
primock57	assemblyai	1	day2_consultation08	1751	150	0.085665	1806	198	0.109635
primock57	assemblyai	1	day2_consultation09	975	99	0.101538	1015	136	0.133990
primock57	assemblyai	1	day2_consultation10	1725	129	0.074783	1791	185	0.103294
primock57	assemblyai	1	day3_consultation01	1226	173	0.141109	1277	209	0.163665
primock57	assemblyai	1	day3_consultation02	1089	137	0.125803	1137	178	0.156552
primock57	assemblyai	1	day3_consultation03	1762	234	0.132804	1847	289	0.156470
primock57	assemblyai	1	day3_consultation04	1062	146	0.137476	1112	183	0.164568
primock57	assemblyai	1	day3_consultation05	1074	95	0.088454	1121	130	0.115968
primock57	assemblyai	1	day3_consultation06	561	61	0.108734	592	81	0.136824
primock57	assemblyai	1	day3_consultation07	1115	150	0.134529	1177	185	0.157179
primock57	assemblyai	1	day3_consultation08	872	113	0.129587	918	143	0.155773
primock57	assemblyai	1	day3_consultation09	2073	174	0.083936	2130	211	0.099061
primock57	assemblyai	1	day3_consultation10	1300	92	0.070769	1355	132	0.097417
primock57	assemblyai	1	day4_consultation01	1234	95	0.076985	1274	131	0.102826
primock57	assemblyai	1	day4_consultation02	1188	65	0.054714	1244	105	0.084405
primock57	assemblyai	1	day4_consultation03	976	59	0.060451	1023	88	0.086022
primock57	assemblyai	1	day4_consultation04	938	71	0.075693	987	101	0.102330
primock57	assemblyai	1	day4_consultation05	1490	199	0.133557	1564	254	0.162404
primock57	assemblyai	1	day4_consultation06	1590	160	0.100629	1650	208	0.126061
primock57	assemblyai	1	day4_consultation07	1698	201	0.118375	1745	236	0.135244
primock57	assemblyai	1	day4_consultation08	1632	177	0.108456	1691	212	0.125370
primock57	assemblyai	1	day4_consultation09	1622	156	0.096178	1698	204	0.120141
primock57	assemblyai	1	day4_consultation10	1593	168	0.105461	1669	212	0.127022
primock57	assemblyai	1	day5_consultation01	1191	103	0.086482	1242	138	0.111111
primock57	assemblyai	1	day5_consultation02	1048	69	0.065840	1082	103	0.095194
primock57	assemblyai	1	day5_consultation03	2429	230	0.094689	2488	267	0.107315
primock57	assemblyai	1	day5_consultation04	1207	206	0.170671	1269	253	0.199370
primock57	assemblyai	1	day5_consultation05	853	100	0.117233	901	137	0.152053
primock57	assemblyai	1	day5_consultation06	1469	153	0.104152	1531	208	0.135859
primock57	assemblyai	1	day5_consultation07	1183	85	0.071851	1234	124	0.100486
primock57	assemblyai	1	day5_consultation08	1208	80	0.066225	1271	110	0.086546
primock57	assemblyai	1	day5_consultation09	1315	157	0.119392	1364	187	0.137097
primock57	assemblyai	1	day5_consultation10	1505	133	0.088372	1542	162	0.105058
primock57	assemblyai	1	day5_consultation11	1965	154	0.078372	2000	180	0.090000
primock57	assemblyai	1	day5_consultation12	767	43	0.056063	787	61	0.077510
primock57	assemblyai	1	day1_consultation12	1096	135	0.123175	1146	176	0.153578
primock57	aws	1	day1_consultation02	1615	157	0.097214	1672	181	0.108254
primock57	aws	1	day1_consultation03	1496	151	0.100936	1561	162	0.103780
primock57	aws	1	day1_consultation06	1749	177	0.101201	1831	189	0.103222
primock57	aws	1	day1_consultation07	2676	285	0.106502	2797	333	0.119056
primock57	aws	1	day1_consultation08	1103	97	0.087942	1163	104	0.089424
primock57	aws	1	day1_consultation09	1485	149	0.100337	1556	168	0.107969
primock57	aws	1	day1_consultation15	1194	140	0.117253	1262	159	0.125990
primock57	aws	1	day2_consultation01	1120	114	0.101786	1164	124	0.106529
primock57	aws	1	day2_consultation03	1349	157	0.116383	1415	175	0.123675
primock57	aws	1	day3_consultation03	1762	180	0.102157	1847	199	0.107742
primock57	aws	1	day3_consultation10	1300	71	0.054615	1355	81	0.059779
primock57	aws	1	day4_consultation03	976	29	0.029713	1023	35	0.034213
primock57	aws	1	day4_consultation06	1590	106	0.066667	1650	117	0.070909
primock57	aws	1	day4_consultation09	1622	119	0.073366	1698	136	0.080094
primock57	aws	1	day5_consultation03	2429	137	0.056402	2488	148	0.059486
primock57	aws	1	day5_consultation09	1315	133	0.101141	1364	143	0.104839
primock57	aws	1	day5_consultation10	1505	113	0.075083	1542	117	0.075875
primock57	aws	1	day1_consultation01	1280	131	0.102344	1367	191	0.139722
primock57	aws	1	day1_consultation04	1567	172	0.109764	1651	185	0.112053
primock57	aws	1	day1_consultation05	1576	116	0.073604	1632	121	0.074142
primock57	aws	1	day1_consultation10	1765	189	0.107082	1856	211	0.113685
primock57	aws	1	day1_consultation11	2238	189	0.084450	2326	202	0.086844
primock57	aws	1	day1_consultation12	1096	109	0.099453	1146	117	0.102094
primock57	aws	1	day1_consultation13	1633	89	0.054501	1688	97	0.057464
primock57	aws	1	day1_consultation14	1873	166	0.088628	1945	187	0.096144
primock57	aws	1	day2_consultation02	1614	148	0.091698	1685	168	0.099703
primock57	aws	1	day2_consultation04	1745	110	0.063037	1825	122	0.066849
primock57	aws	1	day2_consultation05	1860	90	0.048387	1917	98	0.051122
primock57	aws	1	day2_consultation06	1856	116	0.062500	1938	135	0.069659
primock57	aws	1	day2_consultation07	1211	110	0.090834	1308	141	0.107798
primock57	aws	1	day2_consultation08	1751	132	0.075385	1806	143	0.079181
primock57	aws	1	day2_consultation09	975	77	0.078974	1015	85	0.083744
primock57	aws	1	day2_consultation10	1725	85	0.049275	1791	101	0.056393
primock57	aws	1	day3_consultation01	1226	99	0.080750	1277	111	0.086922
primock57	aws	1	day3_consultation02	1089	95	0.087236	1137	109	0.095866
primock57	aws	1	day3_consultation04	1062	117	0.110169	1112	127	0.114209
primock57	aws	1	day3_consultation05	1074	78	0.072626	1121	83	0.074041
primock57	aws	1	day3_consultation06	561	51	0.090909	592	55	0.092905
primock57	aws	1	day3_consultation07	1115	118	0.105830	1177	131	0.111300
primock57	aws	1	day3_consultation08	872	96	0.110092	918	106	0.115468
primock57	aws	1	day3_consultation09	2073	127	0.061264	2130	142	0.066667
primock57	aws	1	day4_consultation01	1234	113	0.091572	1274	131	0.102826
primock57	aws	1	day4_consultation02	1188	61	0.051347	1244	72	0.057878
primock57	aws	1	day4_consultation04	938	57	0.060768	987	60	0.060790
primock57	aws	1	day4_consultation05	1490	157	0.105369	1564	184	0.117647
primock57	aws	1	day4_consultation07	1698	131	0.077150	1745	139	0.079656
primock57	aws	1	day4_consultation08	1632	133	0.081495	1691	141	0.083383
primock57	aws	1	day4_consultation10	1593	87	0.054614	1669	104	0.062313
primock57	aws	1	day5_consultation01	1191	86	0.072208	1242	92	0.074074
primock57	aws	1	day5_consultation02	1048	45	0.042939	1082	52	0.048059
primock57	aws	1	day5_consultation04	1207	171	0.141674	1269	185	0.145784
primock57	aws	1	day5_consultation05	853	77	0.090270	901	87	0.096559
primock57	aws	1	day5_consultation06	1469	107	0.072839	1531	122	0.079686
primock57	aws	1	day5_consultation07	1183	66	0.055790	1234	74	0.059968
primock57	aws	1	day5_consultation08	1208	68	0.056291	1271	74	0.058222
primock57	aws	1	day5_consultation11	1965	94	0.047837	2000	104	0.052000
primock57	aws	1	day5_consultation12	767	36	0.046936	787	39	0.049555
nazmulkazi	azure	1	D0420-S1-T01	2708	145	0.053545	2789	183	0.065615
nazmulkazi	azure	1	D0420-S1-T02	519	18	0.034682	523	23	0.043977
nazmulkazi	azure	1	D0420-S1-T04	1567	64	0.040842	1570	64	0.040764
nazmulkazi	azure	1	D0420-S1-T05	2399	112	0.046686	2443	132	0.054032
nazmulkazi	azure	1	D0420-S2-T01	6883	347	0.050414	6923	367	0.053012
nazmulkazi	azure	1	D0420-S3-T01	1983	82	0.041351	1984	82	0.041331
nazmulkazi	azure	1	D0420-S3-T02	5278	268	0.050777	5337	275	0.051527
nazmulkazi	azure	1	D0420-S3-T03	4280	168	0.039252	4307	176	0.040864
nazmulkazi	azure	1	D0420-S4-T01	2524	187	0.074089	2531	189	0.074674
nazmulkazi	azure	1	D0420-S4-T02	8244	513	0.062227	8302	540	0.065045
nazmulkazi	azure	1	D0421-S1-T01	6120	305	0.049837	6165	320	0.051906
nazmulkazi	azure	1	D0421-S1-T02	4819	269	0.055821	4863	287	0.059017
nazmulkazi	azure	1	D0421-S1-T03	2634	121	0.045938	2686	143	0.053239
nazmulkazi	azure	1	D0421-S1-T05	3134	130	0.041481	3144	135	0.042939
nazmulkazi	azure	1	D0421-S2-T01	8382	482	0.057504	8416	504	0.059886
nazmulkazi	azure	1	D0421-S3-T01	3918	392	0.100051	3961	398	0.100480
nazmulkazi	azure	1	D0421-S3-T02	3678	351	0.095432	3689	359	0.097316
nazmulkazi	azure	1	D0421-S3-T03	4294	310	0.072194	4330	319	0.073672
nazmulkazi	azure	1	D0421-S3-T04	3890	227	0.058355	3921	235	0.059934
nazmulkazi	azure	1	D0421-S3-T05	4378	314	0.071722	4405	330	0.074915
nazmulkazi	azure	1	D0422-S1-T01	6336	678	0.107008	6381	692	0.108447
nazmulkazi	azure	1	D0422-S1-T02	4422	337	0.076210	4450	344	0.077303
nazmulkazi	azure	1	D0422-S1-T04	3312	280	0.084541	3343	283	0.084655
nazmulkazi	azure	1	D0422-S2-T01	3561	287	0.080595	3594	295	0.082081
nazmulkazi	azure	1	D0422-S2-T02	11164	903	0.080885	11272	989	0.087740
nazmulkazi	azure	1	D0422-S3-T01	8131	508	0.062477	8238	552	0.067007
nazmulkazi	azure	1	D0422-S3-T02	3148	188	0.059720	3232	209	0.064666
nazmulkazi	azure	1	D0422-S3-T03	4820	320	0.066390	4879	333	0.068252
nazmulkazi	azure	1	D0422-S3-T04	2869	157	0.054723	2889	161	0.055729
nazmulkazi	azure	1	D0422-S3-T05	1869	81	0.043339	1903	92	0.048345
nazmulkazi	azure	1	D0422-S3-T06	761	50	0.065703	796	68	0.085427
nazmulkazi	azure	1	D0422-S4-T01	7992	378	0.047297	8093	407	0.050290
nazmulkazi	azure	1	D0422-S4-T02	6964	359	0.051551	7033	385	0.054742
nazmulkazi	azure	1	D0422-S4-T03	3829	280	0.073126	3877	294	0.075832
nazmulkazi	azure	1	D0422-S4-T04	4114	266	0.064657	4165	276	0.066267
nazmulkazi	azure	1	D0422-S4-T05	3512	289	0.082289	3544	296	0.083521
nazmulkazi	azure	1	D0423-S1-T01	9224	420	0.045533	9263	458	0.049444
nazmulkazi	azure	1	D0423-S1-T02	5202	326	0.062668	5252	342	0.065118
nazmulkazi	azure	1	D0423-S1-T03	2582	198	0.076685	2605	211	0.080998
nazmulkazi	azure	1	D0423-S2-T01	2514	180	0.071599	2568	199	0.077492
nazmulkazi	azure	1	D0423-S2-T02	3711	255	0.068715	3734	268	0.071773
nazmulkazi	azure	1	D0423-S2-T03	4261	440	0.103262	4277	446	0.104279
nazmulkazi	azure	1	D0424-S1-T01	2211	107	0.048394	2253	116	0.051487
nazmulkazi	azure	1	D0424-S1-T02	2759	151	0.054730	2784	157	0.056394
nazmulkazi	azure	1	D0424-S1-T03	3189	248	0.077767	3230	256	0.079257
nazmulkazi	azure	1	D0424-S2-T01	7522	498	0.066206	7569	527	0.069626
nazmulkazi	azure	1	D0424-S2-T03	6909	489	0.070777	7024	510	0.072608
nazmulkazi	azure	1	D0424-S2-T05	5969	400	0.067013	6018	407	0.067630
nazmulkazi	azure	1	D0424-S2-T06	4897	369	0.075352	4944	374	0.075647
nazmulkazi	azure	1	D0424-S3-T02	4351	263	0.060446	4393	280	0.063738
nazmulkazi	azure	1	D0424-S3-T04	1472	103	0.069973	1497	108	0.072144
nazmulkazi	azure	1	D0425-S1-T01	1462	70	0.047880	1510	80	0.052980
nazmulkazi	azure	1	D0425-S1-T02	3007	149	0.049551	3054	157	0.051408
nazmulkazi	azure	1	D0425-S1-T03	2368	117	0.049409	2415	126	0.052174
nazmulkazi	azure	1	D0425-S2-T01	7394	357	0.048282	7498	363	0.048413
nazmulkazi	azure	1	D0425-S2-T02	4501	223	0.049545	4526	233	0.051480
nazmulkazi	azure	1	D0425-S2-T03	3706	161	0.043443	3747	175	0.046704
nazmulkazi	azure	1	D0425-S2-T04	3101	133	0.042889	3150	147	0.046667
nazmulkazi	azure	1	D0425-S3-T01	4421	453	0.102466	4469	459	0.102708
nazmulkazi	azure	1	D0425-S3-T02	4446	479	0.107737	4488	487	0.108512
nazmulkazi	azure	1	D0425-S3-T03	3270	430	0.131498	3294	436	0.132362
nazmulkazi	azure	1	D0425-S3-T04	2967	415	0.139872	3006	429	0.142715
nazmulkazi	azure	1	D0420-S1-T03	953	53	0.055614	956	56	0.058577
nazmulkazi	azure	1	D0421-S1-T04	3463	136	0.039272	3497	143	0.040892
nazmulkazi	azure	1	D0421-S2-T02	6991	485	0.069375	7030	506	0.071977
nazmulkazi	azure	1	D0422-S1-T03	3834	279	0.072770	3861	289	0.074851
nazmulkazi	azure	1	D0424-S2-T02	6557	526	0.080220	6701	547	0.081630
nazmulkazi	azure	1	D0424-S2-T04	5725	388	0.067773	5779	405	0.070081
nazmulkazi	azure	1	D0424-S3-T01	9288	482	0.051895	9346	512	0.054783
nazmulkazi	azure	1	D0424-S3-T03	2216	87	0.039260	2230	91	0.040807
nazmulkazi	azure	1	D0425-S3-T05	2350	168	0.071489	2367	172	0.072666
nazmulkazi	google	1	D0420-S1-T01	2708	327	0.120753	2789	335	0.120115
nazmulkazi	google	1	D0420-S1-T02	519	41	0.078998	523	44	0.084130
nazmulkazi	google	1	D0420-S1-T03	953	112	0.117524	956	114	0.119247
nazmulkazi	google	1	D0420-S1-T04	1567	126	0.080408	1570	127	0.080892
nazmulkazi	google	1	D0420-S1-T05	2399	177	0.073781	2443	186	0.076136
nazmulkazi	google	1	D0420-S2-T01	6883	543	0.078890	6923	555	0.080168
nazmulkazi	google	1	D0420-S3-T01	1983	129	0.065053	1984	132	0.066532
nazmulkazi	google	1	D0420-S3-T02	5278	416	0.078818	5337	433	0.081132
nazmulkazi	google	1	D0420-S3-T03	4280	287	0.067056	4307	302	0.070118
nazmulkazi	google	1	D0420-S4-T01	2524	295	0.116878	2531	301	0.118925
nazmulkazi	google	1	D0421-S1-T01	6120	493	0.080556	6165	499	0.080941
nazmulkazi	google	1	D0421-S1-T02	4819	445	0.092343	4863	450	0.092535
nazmulkazi	google	1	D0421-S1-T03	2634	208	0.078967	2686	219	0.081534
nazmulkazi	google	1	D0421-S1-T04	3463	246	0.071037	3497	252	0.072062
nazmulkazi	google	1	D0421-S1-T05	3134	269	0.085833	3144	274	0.087150
nazmulkazi	google	1	D0421-S2-T01	8382	848	0.101169	8416	865	0.102780
nazmulkazi	google	1	D0421-S2-T02	6991	672	0.096124	7030	685	0.097440
nazmulkazi	google	1	D0421-S3-T01	3918	600	0.153139	3961	615	0.155264
nazmulkazi	google	1	D0421-S3-T02	3678	498	0.135400	3689	513	0.139062
nazmulkazi	google	1	D0421-S3-T03	4294	488	0.113647	4330	497	0.114781
nazmulkazi	google	1	D0421-S3-T04	3890	378	0.097172	3921	384	0.097934
nazmulkazi	google	1	D0421-S3-T05	4378	485	0.110781	4405	491	0.111464
nazmulkazi	google	1	D0422-S1-T01	6336	860	0.135732	6381	872	0.136656
nazmulkazi	google	1	D0422-S1-T02	4422	506	0.114428	4450	510	0.114607
nazmulkazi	google	1	D0422-S1-T03	3834	391	0.101982	3861	397	0.102823
nazmulkazi	google	1	D0422-S1-T04	3312	384	0.115942	3343	391	0.116961
nazmulkazi	google	1	D0422-S2-T01	3561	433	0.121595	3594	448	0.124652
nazmulkazi	google	1	D0422-S3-T02	3148	285	0.090534	3232	299	0.092512
nazmulkazi	google	1	D0422-S3-T03	4820	586	0.121577	4879	599	0.122771
nazmulkazi	google	1	D0422-S3-T04	2869	296	0.103172	2889	300	0.103842
nazmulkazi	google	1	D0422-S3-T05	1869	136	0.072766	1903	156	0.081976
nazmulkazi	google	1	D0422-S3-T06	761	66	0.086728	796	74	0.092965
nazmulkazi	google	1	D0422-S4-T01	7992	629	0.078704	8093	655	0.080934
nazmulkazi	google	1	D0422-S4-T02	6964	541	0.077685	7033	560	0.079625
nazmulkazi	google	1	D0422-S4-T03	3829	410	0.107078	3877	433	0.111684
nazmulkazi	google	1	D0422-S4-T04	4114	429	0.104278	4165	433	0.103962
nazmulkazi	google	1	D0422-S4-T05	3512	389	0.110763	3544	402	0.113431
nazmulkazi	google	1	D0423-S1-T02	5202	591	0.113610	5252	604	0.115004
nazmulkazi	google	1	D0423-S1-T03	2582	318	0.123160	2605	325	0.124760
nazmulkazi	google	1	D0423-S2-T01	2514	239	0.095068	2568	258	0.100467
nazmulkazi	google	1	D0423-S2-T02	3711	377	0.101590	3734	380	0.101768
nazmulkazi	google	1	D0423-S2-T03	4261	632	0.148322	4277	638	0.149170
nazmulkazi	google	1	D0424-S1-T01	2211	214	0.096789	2253	228	0.101198
nazmulkazi	google	1	D0424-S1-T02	2759	334	0.121058	2784	337	0.121049
nazmulkazi	google	1	D0424-S1-T03	3189	383	0.120100	3230	391	0.121053
nazmulkazi	google	1	D0424-S2-T01	7522	745	0.099043	7569	805	0.106355
nazmulkazi	google	1	D0424-S2-T02	6557	740	0.112856	6701	777	0.115953
nazmulkazi	google	1	D0424-S2-T03	6909	812	0.117528	7024	862	0.122722
nazmulkazi	google	1	D0424-S2-T04	5725	621	0.108472	5779	633	0.109535
nazmulkazi	google	1	D0424-S2-T05	5969	600	0.100519	6018	608	0.101030
nazmulkazi	google	1	D0424-S2-T06	4897	635	0.129671	4944	641	0.129652
nazmulkazi	google	1	D0424-S3-T02	4351	449	0.103195	4393	499	0.113590
nazmulkazi	google	1	D0424-S3-T03	2216	155	0.069946	2230	157	0.070404
nazmulkazi	google	1	D0424-S3-T04	1472	128	0.086957	1497	129	0.086172
nazmulkazi	google	1	D0425-S1-T01	1462	93	0.063611	1510	104	0.068874
nazmulkazi	google	1	D0425-S1-T02	3007	225	0.074825	3054	250	0.081860
nazmulkazi	google	1	D0425-S1-T03	2368	202	0.085304	2415	204	0.084472
nazmulkazi	google	1	D0425-S2-T01	7394	594	0.080335	7498	605	0.080688
nazmulkazi	google	1	D0425-S2-T02	4501	385	0.085537	4526	391	0.086390
nazmulkazi	google	1	D0425-S2-T03	3706	244	0.065839	3747	248	0.066186
nazmulkazi	google	1	D0425-S2-T04	3101	242	0.078039	3150	255	0.080952
nazmulkazi	google	1	D0425-S3-T01	4421	640	0.144764	4469	678	0.151712
nazmulkazi	google	1	D0425-S3-T02	4446	648	0.145749	4488	653	0.145499
nazmulkazi	google	1	D0425-S3-T03	3270	548	0.167584	3294	563	0.170917
nazmulkazi	google	1	D0425-S3-T04	2967	535	0.180317	3006	554	0.184298
nazmulkazi	google	1	D0425-S3-T05	2350	258	0.109787	2367	269	0.113646
nazmulkazi	google	1	D0420-S4-T02	8244	748	0.090733	8302	792	0.095399
nazmulkazi	deepgram	1	D0420-S1-T01	2708	152	0.056130	2789	154	0.055217
nazmulkazi	deepgram	1	D0420-S1-T02	519	19	0.036609	523	21	0.040153
nazmulkazi	deepgram	1	D0420-S1-T03	953	37	0.038825	956	39	0.040795
nazmulkazi	deepgram	1	D0420-S1-T04	1567	76	0.048500	1570	76	0.048408
nazmulkazi	deepgram	1	D0420-S1-T05	2399	119	0.049604	2443	124	0.050757
nazmulkazi	deepgram	1	D0420-S2-T01	6883	368	0.053465	6923	371	0.053589
nazmulkazi	deepgram	1	D0420-S3-T01	1983	97	0.048916	1984	97	0.048891
nazmulkazi	deepgram	1	D0420-S3-T02	5278	274	0.051914	5337	276	0.051714
nazmulkazi	deepgram	1	D0420-S3-T03	4280	190	0.044393	4307	193	0.044811
nazmulkazi	deepgram	1	D0420-S4-T01	2524	188	0.074485	2531	191	0.075464
nazmulkazi	deepgram	1	D0420-S4-T02	8244	529	0.064168	8302	563	0.067815
nazmulkazi	deepgram	1	D0421-S1-T01	6120	340	0.055556	6165	345	0.055961
nazmulkazi	deepgram	1	D0421-S1-T02	4819	259	0.053746	4863	259	0.053259
nazmulkazi	deepgram	1	D0421-S1-T03	2634	127	0.048216	2686	131	0.048771
nazmulkazi	deepgram	1	D0421-S1-T04	3463	141	0.040716	3497	141	0.040320
nazmulkazi	deepgram	1	D0421-S1-T05	3134	150	0.047862	3144	152	0.048346
nazmulkazi	deepgram	1	D0421-S2-T01	8382	523	0.062396	8416	531	0.063094
nazmulkazi	deepgram	1	D0421-S2-T02	6991	506	0.072379	7030	512	0.072831
nazmulkazi	deepgram	1	D0421-S3-T01	3918	405	0.103369	3961	415	0.104772
nazmulkazi	deepgram	1	D0421-S3-T02	3678	385	0.104676	3689	389	0.105449
nazmulkazi	deepgram	1	D0421-S3-T03	4294	345	0.080345	4330	347	0.080139
nazmulkazi	deepgram	1	D0421-S3-T04	3890	230	0.059126	3921	232	0.059169
nazmulkazi	deepgram	1	D0421-S3-T05	4378	320	0.073093	4405	320	0.072645
nazmulkazi	deepgram	1	D0422-S1-T01	6336	689	0.108744	6381	699	0.109544
nazmulkazi	deepgram	1	D0422-S1-T02	4422	337	0.076210	4450	339	0.076180
nazmulkazi	deepgram	1	D0422-S1-T03	3834	302	0.078769	3861	304	0.078736
nazmulkazi	deepgram	1	D0422-S1-T04	3312	281	0.084843	3343	290	0.086748
nazmulkazi	deepgram	1	D0422-S2-T01	3561	319	0.089582	3594	327	0.090985
nazmulkazi	deepgram	1	D0422-S2-T02	11164	993	0.088947	11272	1020	0.090490
nazmulkazi	deepgram	1	D0422-S3-T01	8131	530	0.065183	8238	627	0.076111
nazmulkazi	deepgram	1	D0422-S3-T02	3148	191	0.060673	3232	198	0.061262
nazmulkazi	deepgram	1	D0422-S3-T03	4820	324	0.067220	4879	329	0.067432
nazmulkazi	deepgram	1	D0422-S3-T04	2869	160	0.055769	2889	161	0.055729
nazmulkazi	deepgram	1	D0422-S3-T05	1869	85	0.045479	1903	100	0.052549
nazmulkazi	deepgram	1	D0422-S3-T06	761	59	0.077530	796	66	0.082915
nazmulkazi	deepgram	1	D0422-S4-T01	7992	406	0.050801	8093	427	0.052762
nazmulkazi	deepgram	1	D0422-S4-T02	6964	386	0.055428	7033	391	0.055595
nazmulkazi	deepgram	1	D0422-S4-T03	3829	322	0.084095	3877	330	0.085117
nazmulkazi	deepgram	1	D0422-S4-T04	4114	294	0.071463	4165	294	0.070588
nazmulkazi	deepgram	1	D0422-S4-T05	3512	307	0.087415	3544	311	0.087754
nazmulkazi	deepgram	1	D0423-S1-T01	9224	427	0.046292	9263	427	0.046097
nazmulkazi	deepgram	1	D0423-S1-T02	5202	331	0.063629	5252	336	0.063976
nazmulkazi	deepgram	1	D0423-S1-T03	2582	191	0.073974	2605	194	0.074472
nazmulkazi	deepgram	1	D0423-S2-T01	2514	178	0.070804	2568	191	0.074377
nazmulkazi	deepgram	1	D0423-S2-T02	3711	276	0.074373	3734	278	0.074451
nazmulkazi	deepgram	1	D0423-S2-T03	4261	449	0.105374	4277	449	0.104980
nazmulkazi	deepgram	1	D0424-S1-T01	2211	126	0.056988	2253	132	0.058589
nazmulkazi	deepgram	1	D0424-S1-T02	2759	165	0.059804	2784	165	0.059267
nazmulkazi	deepgram	1	D0424-S1-T03	3189	257	0.080590	3230	260	0.080495
nazmulkazi	deepgram	1	D0424-S2-T01	7522	506	0.067269	7569	544	0.071872
nazmulkazi	deepgram	1	D0424-S2-T02	6557	534	0.081440	6701	545	0.081331
nazmulkazi	deepgram	1	D0424-S2-T03	6909	524	0.075843	7024	560	0.079727
nazmulkazi	deepgram	1	D0424-S2-T04	5725	424	0.074061	5779	432	0.074753
nazmulkazi	deepgram	1	D0424-S2-T05	5969	416	0.069693	6018	418	0.069458
nazmulkazi	deepgram	1	D0424-S2-T06	4897	409	0.083521	4944	412	0.083333
nazmulkazi	deepgram	1	D0424-S3-T01	9288	477	0.051357	9346	478	0.051145
nazmulkazi	deepgram	1	D0424-S3-T02	4351	257	0.059067	4393	272	0.061917
nazmulkazi	deepgram	1	D0424-S3-T03	2216	87	0.039260	2230	90	0.040359
nazmulkazi	deepgram	1	D0424-S3-T04	1472	98	0.066576	1497	98	0.065464
nazmulkazi	deepgram	1	D0425-S1-T01	1462	80	0.054720	1510	87	0.057616
nazmulkazi	deepgram	1	D0425-S1-T02	3007	156	0.051879	3054	176	0.057629
nazmulkazi	deepgram	1	D0425-S1-T03	2368	128	0.054054	2415	128	0.053002
nazmulkazi	deepgram	1	D0425-S2-T01	7394	370	0.050041	7498	371	0.049480
nazmulkazi	deepgram	1	D0425-S2-T02	4501	228	0.050655	4526	232	0.051259
nazmulkazi	deepgram	1	D0425-S2-T03	3706	196	0.052887	3747	200	0.053376
nazmulkazi	deepgram	1	D0425-S2-T04	3101	157	0.050629	3150	161	0.051111
nazmulkazi	deepgram	1	D0425-S3-T01	4421	443	0.100204	4469	452	0.101141
nazmulkazi	deepgram	1	D0425-S3-T02	4446	482	0.108412	4488	484	0.107843
nazmulkazi	deepgram	1	D0425-S3-T03	3270	421	0.128746	3294	427	0.129630
nazmulkazi	deepgram	1	D0425-S3-T04	2967	411	0.138524	3006	419	0.139388
nazmulkazi	deepgram	1	D0425-S3-T05	2350	191	0.081277	2367	195	0.082383
nazmulkazi	assemblyai	1	D0420-S1-T01	2708	182	0.067208	2789	185	0.066332
nazmulkazi	assemblyai	1	D0420-S1-T02	519	19	0.036609	523	21	0.040153
nazmulkazi	assemblyai	1	D0420-S1-T03	953	55	0.057712	956	57	0.059623
nazmulkazi	assemblyai	1	D0420-S1-T04	1567	86	0.054882	1570	86	0.054777
nazmulkazi	assemblyai	1	D0420-S1-T05	2399	138	0.057524	2443	143	0.058535
nazmulkazi	assemblyai	1	D0420-S2-T01	6883	391	0.056807	6923	394	0.056912
nazmulkazi	assemblyai	1	D0420-S3-T01	1983	101	0.050933	1984	101	0.050907
nazmulkazi	assemblyai	1	D0420-S3-T02	5278	283	0.053619	5337	284	0.053213
nazmulkazi	assemblyai	1	D0420-S3-T03	4280	197	0.046028	4307	199	0.046204
nazmulkazi	assemblyai	1	D0420-S4-T01	2524	211	0.083597	2531	212	0.083761
nazmulkazi	assemblyai	1	D0420-S4-T02	8244	568	0.068899	8302	579	0.069742
nazmulkazi	assemblyai	1	D0421-S1-T01	6120	376	0.061438	6165	378	0.061314
nazmulkazi	assemblyai	1	D0421-S1-T02	4819	272	0.056443	4863	272	0.055933
nazmulkazi	assemblyai	1	D0421-S1-T03	2634	139	0.052771	2686	140	0.052122
nazmulkazi	assemblyai	1	D0421-S1-T04	3463	151	0.043604	3497	151	0.043180
nazmulkazi	assemblyai	1	D0421-S1-T05	3134	134	0.042757	3144	136	0.043257
nazmulkazi	assemblyai	1	D0421-S2-T02	6991	529	0.075669	7030	535	0.076102
nazmulkazi	assemblyai	1	D0421-S3-T01	3918	411	0.104900	3961	415	0.104772
nazmulkazi	assemblyai	1	D0421-S3-T02	3678	391	0.106308	3689	393	0.106533
nazmulkazi	assemblyai	1	D0421-S3-T03	4294	387	0.090126	4330	388	0.089607
nazmulkazi	assemblyai	1	D0421-S3-T04	3890	249	0.064010	3921	251	0.064014
nazmulkazi	assemblyai	1	D0421-S3-T05	4378	353	0.080630	4405	353	0.080136
nazmulkazi	assemblyai	1	D0422-S1-T01	6336	702	0.110795	6381	710	0.111268
nazmulkazi	assemblyai	1	D0422-S1-T02	4422	374	0.084577	4450	374	0.084045
nazmulkazi	assemblyai	1	D0422-S1-T03	3834	310	0.080856	3861	312	0.080808
nazmulkazi	assemblyai	1	D0422-S1-T04	3312	296	0.089372	3343	297	0.088842
nazmulkazi	assemblyai	1	D0422-S2-T01	3561	335	0.094075	3594	341	0.094880
nazmulkazi	assemblyai	1	D0422-S2-T02	11164	1314	0.117700	11272	1327	0.117725
nazmulkazi	assemblyai	1	D0422-S3-T01	8131	556	0.068380	8238	586	0.071134
nazmulkazi	assemblyai	1	D0422-S3-T02	3148	207	0.065756	3232	213	0.065903
nazmulkazi	assemblyai	1	D0422-S3-T03	4820	331	0.068672	4879	335	0.068662
nazmulkazi	assemblyai	1	D0422-S3-T04	2869	538	0.187522	2889	543	0.187954
nazmulkazi	assemblyai	1	D0422-S3-T05	1869	87	0.046549	1903	92	0.048345
nazmulkazi	assemblyai	1	D0422-S3-T06	761	52	0.068331	796	59	0.074121
nazmulkazi	assemblyai	1	D0422-S4-T01	7992	432	0.054054	8093	442	0.054615
nazmulkazi	assemblyai	1	D0422-S4-T02	6964	419	0.060167	7033	424	0.060287
nazmulkazi	assemblyai	1	D0422-S4-T03	3829	720	0.188039	3877	729	0.188032
nazmulkazi	assemblyai	1	D0422-S4-T04	4114	296	0.071949	4165	297	0.071309
nazmulkazi	assemblyai	1	D0422-S4-T05	3512	340	0.096811	3544	343	0.096783
nazmulkazi	assemblyai	1	D0423-S1-T01	9224	459	0.049761	9263	459	0.049552
nazmulkazi	assemblyai	1	D0423-S1-T02	5202	727	0.139754	5252	732	0.139375
nazmulkazi	assemblyai	1	D0423-S1-T03	2582	220	0.085205	2605	222	0.085221
nazmulkazi	assemblyai	1	D0423-S2-T01	2514	197	0.078361	2568	204	0.079439
nazmulkazi	assemblyai	1	D0423-S2-T02	3711	292	0.078685	3734	294	0.078736
nazmulkazi	assemblyai	1	D0423-S2-T03	4261	504	0.118282	4277	504	0.117840
nazmulkazi	assemblyai	1	D0424-S1-T01	2211	120	0.054274	2253	123	0.054594
nazmulkazi	assemblyai	1	D0424-S1-T02	2759	174	0.063066	2784	174	0.062500
nazmulkazi	assemblyai	1	D0424-S1-T03	3189	283	0.088743	3230	284	0.087926
nazmulkazi	assemblyai	1	D0424-S2-T01	7522	572	0.076044	7569	575	0.075968
nazmulkazi	assemblyai	1	D0424-S2-T02	6557	560	0.085405	6701	566	0.084465
nazmulkazi	assemblyai	1	D0424-S2-T03	6909	566	0.081922	7024	578	0.082289
nazmulkazi	assemblyai	1	D0424-S2-T04	5725	442	0.077205	5779	448	0.077522
nazmulkazi	assemblyai	1	D0424-S2-T06	4897	457	0.093322	4944	458	0.092638
nazmulkazi	assemblyai	1	D0424-S3-T01	9288	504	0.054264	9346	505	0.054034
nazmulkazi	assemblyai	1	D0424-S3-T02	4351	275	0.063204	4393	280	0.063738
nazmulkazi	assemblyai	1	D0424-S3-T03	2216	106	0.047834	2230	110	0.049327
nazmulkazi	assemblyai	1	D0424-S3-T04	1472	100	0.067935	1497	99	0.066132
nazmulkazi	assemblyai	1	D0425-S1-T01	1462	83	0.056772	1510	85	0.056291
nazmulkazi	assemblyai	1	D0425-S1-T02	3007	173	0.057532	3054	175	0.057302
nazmulkazi	assemblyai	1	D0425-S1-T03	2368	165	0.069679	2415	166	0.068737
nazmulkazi	assemblyai	1	D0425-S2-T01	7394	385	0.052069	7498	386	0.051480
nazmulkazi	assemblyai	1	D0425-S2-T02	4501	249	0.055321	4526	251	0.055457
nazmulkazi	assemblyai	1	D0425-S2-T03	3706	186	0.050189	3747	187	0.049907
nazmulkazi	assemblyai	1	D0425-S2-T04	3101	167	0.053854	3150	173	0.054921
nazmulkazi	assemblyai	1	D0425-S3-T01	4421	510	0.115359	4469	517	0.115686
nazmulkazi	assemblyai	1	D0425-S3-T02	4446	504	0.113360	4488	506	0.112745
nazmulkazi	assemblyai	1	D0425-S3-T03	3270	447	0.136697	3294	454	0.137826
nazmulkazi	assemblyai	1	D0425-S3-T04	2967	419	0.141220	3006	424	0.141051
nazmulkazi	assemblyai	1	D0425-S3-T05	2350	185	0.078723	2367	190	0.080270
nazmulkazi	assemblyai	1	D0421-S2-T01	8382	561	0.066929	8416	567	0.067372
nazmulkazi	assemblyai	1	D0424-S2-T05	5969	456	0.076395	6018	457	0.075939
nazmulkazi	aws	1	D0420-S1-T01	2708	152	0.056130	2789	193	0.069200
nazmulkazi	aws	1	D0420-S1-T04	1567	71	0.045310	1570	71	0.045223
nazmulkazi	aws	1	D0420-S4-T02	8244	520	0.063076	8302	549	0.066129
nazmulkazi	aws	1	D0421-S1-T01	6120	328	0.053595	6165	347	0.056285
nazmulkazi	aws	1	D0421-S2-T02	6991	502	0.071807	7030	523	0.074395
nazmulkazi	aws	1	D0421-S3-T04	3890	237	0.060925	3921	247	0.062994
nazmulkazi	aws	1	D0422-S1-T03	3834	301	0.078508	3861	312	0.080808
nazmulkazi	aws	1	D0422-S2-T01	3561	304	0.085369	3594	314	0.087368
nazmulkazi	aws	1	D0422-S2-T02	11164	947	0.084826	11272	1040	0.092264
nazmulkazi	aws	1	D0422-S3-T01	8131	519	0.063830	8238	595	0.072226
nazmulkazi	aws	1	D0422-S4-T03	3829	286	0.074693	3877	303	0.078153
nazmulkazi	aws	1	D0423-S2-T02	3711	249	0.067098	3734	262	0.070166
nazmulkazi	aws	1	D0424-S1-T03	3189	274	0.085920	3230	284	0.087926
nazmulkazi	aws	1	D0424-S2-T03	6909	511	0.073961	7024	535	0.076167
nazmulkazi	aws	1	D0424-S2-T05	5969	425	0.071201	6018	432	0.071785
nazmulkazi	aws	1	D0424-S3-T01	9288	485	0.052218	9346	515	0.055104
nazmulkazi	aws	1	D0425-S1-T01	1462	79	0.054036	1510	90	0.059603
nazmulkazi	aws	1	D0425-S1-T02	3007	153	0.050881	3054	161	0.052718
nazmulkazi	aws	1	D0425-S2-T02	4501	220	0.048878	4526	229	0.050597
nazmulkazi	aws	1	D0425-S2-T03	3706	161	0.043443	3747	176	0.046971
nazmulkazi	aws	1	D0425-S3-T04	2967	401	0.135153	3006	416	0.138390
nazmulkazi	aws	1	D0420-S1-T02	519	24	0.046243	523	29	0.055449
nazmulkazi	aws	1	D0420-S1-T03	953	38	0.039874	956	41	0.042887
nazmulkazi	aws	1	D0420-S1-T05	2399	121	0.050438	2443	141	0.057716
nazmulkazi	aws	1	D0420-S2-T01	6883	350	0.050850	6923	368	0.053156
nazmulkazi	aws	1	D0420-S3-T01	1983	96	0.048411	1984	96	0.048387
nazmulkazi	aws	1	D0420-S3-T02	5278	272	0.051535	5337	280	0.052464
nazmulkazi	aws	1	D0420-S3-T03	4280	184	0.042991	4307	195	0.045275
nazmulkazi	aws	1	D0420-S4-T01	2524	193	0.076466	2531	196	0.077440
nazmulkazi	aws	1	D0421-S1-T02	4819	255	0.052916	4863	274	0.056344
nazmulkazi	aws	1	D0421-S1-T03	2634	126	0.047836	2686	148	0.055101
nazmulkazi	aws	1	D0421-S1-T04	3463	147	0.042449	3497	154	0.044038
nazmulkazi	aws	1	D0421-S1-T05	3134	130	0.041481	3144	135	0.042939
nazmulkazi	aws	1	D0421-S2-T01	8382	531	0.063350	8416	555	0.065946
nazmulkazi	aws	1	D0421-S3-T01	3918	401	0.102348	3961	407	0.102752
nazmulkazi	aws	1	D0421-S3-T02	3678	364	0.098967	3689	372	0.100840
nazmulkazi	aws	1	D0421-S3-T03	4294	338	0.078714	4330	347	0.080139
nazmulkazi	aws	1	D0421-S3-T05	4378	332	0.075834	4405	348	0.079001
nazmulkazi	aws	1	D0422-S1-T01	6336	671	0.105903	6381	681	0.106723
nazmulkazi	aws	1	D0422-S1-T02	4422	341	0.077114	4450	349	0.078427
nazmulkazi	aws	1	D0422-S1-T04	3312	279	0.084239	3343	283	0.084655
nazmulkazi	aws	1	D0422-S3-T02	3148	198	0.062897	3232	219	0.067760
nazmulkazi	aws	1	D0422-S3-T03	4820	319	0.066183	4879	333	0.068252
nazmulkazi	aws	1	D0422-S3-T04	2869	161	0.056117	2889	165	0.057113
nazmulkazi	aws	1	D0422-S3-T05	1869	77	0.041199	1903	91	0.047819
nazmulkazi	aws	1	D0422-S3-T06	761	50	0.065703	796	69	0.086683
nazmulkazi	aws	1	D0422-S4-T01	7992	381	0.047673	8093	412	0.050908
nazmulkazi	aws	1	D0422-S4-T02	6964	365	0.052412	7033	393	0.055879
nazmulkazi	aws	1	D0422-S4-T04	4114	273	0.066359	4165	283	0.067947
nazmulkazi	aws	1	D0422-S4-T05	3512	303	0.086276	3544	310	0.087472
nazmulkazi	aws	1	D0423-S1-T01	9224	423	0.045859	9263	461	0.049768
nazmulkazi	aws	1	D0423-S1-T02	5202	332	0.063822	5252	350	0.066641
nazmulkazi	aws	1	D0423-S1-T03	2582	198	0.076685	2605	211	0.080998
nazmulkazi	aws	1	D0423-S2-T01	2514	186	0.073986	2568	208	0.080997
nazmulkazi	aws	1	D0423-S2-T03	4261	445	0.104436	4277	450	0.105214
nazmulkazi	aws	1	D0424-S1-T01	2211	116	0.052465	2253	126	0.055925
nazmulkazi	aws	1	D0424-S1-T02	2759	166	0.060167	2784	172	0.061782
nazmulkazi	aws	1	D0424-S2-T01	7522	517	0.068732	7569	551	0.072797
nazmulkazi	aws	1	D0424-S2-T02	6557	528	0.080525	6701	551	0.082227
nazmulkazi	aws	1	D0424-S2-T04	5725	394	0.068821	5779	412	0.071293
nazmulkazi	aws	1	D0424-S2-T06	4897	400	0.081683	4944	407	0.082322
nazmulkazi	aws	1	D0424-S3-T02	4351	268	0.061595	4393	287	0.065331
nazmulkazi	aws	1	D0424-S3-T03	2216	92	0.041516	2230	96	0.043049
nazmulkazi	aws	1	D0424-S3-T04	1472	102	0.069293	1497	107	0.071476
nazmulkazi	aws	1	D0425-S1-T03	2368	119	0.050253	2415	128	0.053002
nazmulkazi	aws	1	D0425-S2-T01	7394	351	0.047471	7498	358	0.047746
nazmulkazi	aws	1	D0425-S2-T04	3101	146	0.047082	3150	165	0.052381
nazmulkazi	aws	1	D0425-S3-T01	4421	459	0.103823	4469	473	0.105840
nazmulkazi	aws	1	D0425-S3-T02	4446	497	0.111786	4488	505	0.112522
nazmulkazi	aws	1	D0425-S3-T03	3270	443	0.135474	3294	453	0.137523
nazmulkazi	aws	1	D0425-S3-T05	2350	175	0.074468	2367	184	0.077736
