file_id	position	type	parakeet_word	medasr_word
CAR0001	38	ins		chat uh
CAR0001	184	sub	laying	laing
CAR0001	653	sub	are	either
CAR0001	906	sub	okay well that's great	kay oht unintelligible work
CAR0001	966	sub	think my father did i see	family have u stroke no stroke
CAR0001	980	ins		no okay uhm is was there anything else that she wanted to uhm tell me about today thatu on on history no i don't you
CAR0002	0	sub	what	bra
CAR0002	304	sub	does it	did not
CAR0002	725	sub	rizubastatin	rosuvastatin
CAR0002	727	sub	lesidopril	lisinopril
CAR0002	870	ins		uh usually
CAR0002	923	ins		one
CAR0002	943	ins		okay and any recreational drugs like marijuana uh uh no marijuana uh but i have used uh crystal meth in the past okay and what when was the last uh time that you ed crystal meth uhm uh six days ago six days ago okay and how often you use crystal meth uh uh it a couple of times a month couple of times a month okay okay and uh for how long has you been h using crystal meth uh for the last uh uh seven years seven years okay alright thank you
CAR0003	72	ins		wing to
CAR0003	95	sub	50 meters	5 mes
CAR0003	150	sub	yeah i guess i'd	a and breathlessness again
CAR0003	400	sub	laying	laing
CAR0003	404	sub	i'm laying	am laing
CAR0003	496	sub	any	change
CAR0003	784	sub	a	unintelligible
CAR0003	989	sub	a	hope
CAR0003	1219	sub	lasics	lasix
CAR0004	281	sub	does it stay in the same spot yeah i	numbness u interms past medical history condition dibetes bureies
CAR0004	334	sub	other than that	unintelligible do drink
CAR0004	346	sub	besides the pain no	alcohol and drug use
CAR0005	67	sub	spot	spt
CAR0005	423	sub	felt have made	unintelligible me to
CAR0005	799	sub	yeah i	echo you
CAR0005	841	sub	congratulations that's a really tough thing	congratulation that''unintelligible uhm unintelligible 'ting secondary
CAR0005	893	sub	know that you	unintelligible said uh
CAR0005	1109	sub	you've never	unintelligible unintelligible
CAR0005	1151	ins		didn'tunintell youible today uh echon no one i think that's uhm echo uh i think that's all that i wanted to talkunintelligible ky so what i am going to do is bring all this information to uh to your family doctor and uh we can come back together and talk to about the next step
GAS0001	0	sub	what	sens
GAS0001	415	sub	sort of stomach-related	u stomach related
GAS0001	513	sub	but i	butn'tn'tn't calc
GAS0001	718	ins		weren'tlyl uh see uhm any allergiesuh justel je me rash not real uhm and uh a couple of questions go social history you
GAS0001	750	ins		month prob okay uhm andugs no oal uhm are you
GAS0001	767	ins		have any medical conditions that run
GAS0001	815	sub	month ago probably okay	questions and uh pla
GAS0002	162	sub	the spot	this spt
GAS0002	321	sub	rate	rat
GAS0002	836	sub	and	add
GAS0002	882	sub	and consultant	okay consulted
GAS0002	897	ins		unintelligible okay and do you feel the need touh cut down on your drinking uh not really okay if you felt to by people cuninelligible your drinking no okay you felt guilty about your drinking uh no so should be uh no at at this time just wanting to gauge uh a sense of uh how you feel about your uh drinking levels at at this time uh and uh the followup question to that would be uh have you ever felt the need tou have a drink early in the morning uh no no i never drink drink in the morning okay and uh do use recreational drugs uh nounintellig okay and do you smoke cigarettes no and uh uh oh and then uh who are you living with currently at home uh so i am living with my two children and my partner and can you tell me a little bit about the home situation yeah the home situation fine like uh kids are doing great and uh the partner is very supportive uh no no issues that i can think of at home okay excellent
GAS0003	0	sub	what brings you in here today yeah hi i have	tact with anyone who has been ill recently terms of
GAS0003	146	sub	rate it right now it's about	use any recreational drugs like marijuanar
GAS0003	217	sub	go to	clarifyig come
GAS0004	284	ins		unintelligible uhm okay
GAS0004	593	sub	i had	idominal cramp
GAS0004	888	sub	am okay and	wanted to ask
GAS0005	1204	sub	have you traveled anywhere no we've	uh tra anywheremeka uh andh he
MSK0001	260	sub	stay	stain
MSK0001	602	sub	at	atin
MSK0001	886	ins		okaylr i said few more questions for you uh or you currently sexually active uh yes
MSK0001	887	ins		and who are you sexually active with any new partners at
MSK0001	903	ins		with more than one partner in the past past year uh uh
MSK0001	905	ins		have uh uh two wn over the past year okay and u uh do use any kind of protection uh yes always use uh the condoms okay alright so now i
MSK0003	374	ins		tho
MSK0003	390	sub	ones	one
MSK0003	791	ins		weight
MSK0003	1575	ins		uhm which can present in men- uh your age and it is kind like a progressive dull uh back pain and that has some morning stiffness as well sayh the there is definitely multiple things that it can be so first we would need to do a full physical examination and book an appointment for for that in person uhm and we will will get some lab work done as well as well as uh x-ray of the of the uh spine and their sacroiliac joints uhm and we will also get some blood work with cbc uh crp and esr so those are just inflammatory markers as well as the rheumatoid factor and nuclear uh antibodies there are just something that will test for different kind of rheumatological issues and uh and to see if you have any arthritis see how those are then we will also get an x-ray of your hands and knees uh since you are having pain there as well so yeah that those are some steps that will take you have any questions or concerns no that thatuns uhm that sounds great thank you alr yeah so we will uh get in touch with you shortly soundible great thank you uh think it ch
MSK0004	269	sub	just stay in	sta u wheres
MSK0004	287	sub	like interior	leg anterior
MSK0004	461	ins		weight
MSK0004	471	ins		low- right extremity
MSK0004	896	ins		u what we will do isuh we might need to get like a proper physical examination done uhm to make sure there is no fracture most likely though uh it seems that this may just be uh an ankle sprain uhm uh and due to uh you inverting your ankle the other day uhm what we can do is uh usually we just uh immobilize the ankleuh and then recommend applying ice uhm you can take some uh nsaids like advil for pain to help you uhm and it should uhm it should uh get better on its own with some physiotherapy later on as well uh however uhm if we find that on physical examination you were having h significant pain on palpation uh or any kind of bony pain uh we might also require to get an x-ray of uh the right foot and ankle uhm as well as fiterior lower leg uh so i will have you come come in in person and then uh go from there and see if we need an x-ray okay that's thank you alr take ca by pent
MSK0005	106	sub	pain yeah	elbow uhm
MSK0005	553	sub	no my weight's	nobody weight has
MSK0005	650	sub	i haven't had	evidence urinary uh
MSK0005	677	ins		swelling
MSK0005	749	sub	i place pain	uh bruise that
MSK0005	761	sub	aspect	spect
MSK0005	879	sub	that feels	do one
MSK0005	893	sub	that	unintelligible
MSK0005	1127	sub	have	hev
MSK0005	1241	ins		wrist extensor muscle group there uh so for this we basically recommend uh a couple
MSK0005	1242	ins		things to manage the pain uh but first likeu in terms of imaging i don't think it is necessary because it doesn' seem like there is any trauma and i am not too worried about any fractures uh so to help you treat this uh we recommend some activity modification so uh at work not doing things that are too repetitive especially if it iss using those uh extensor forearm muscles and and then you can use some use a compression sleeve as well continue taking tylenol or nsaids for the pain and uh really important is physical therapy uh to increase mo ility and strength in that arm uh and as well you can apply things like ice uh to it for like the pain and swelling if you see any uh yea also it should resolve in about six months to two years at most uh but normally it does uh go away a couple months with with some physical therapy and the the compression and splints if he choose to do that how is that sound those those u unintelligible ech
MSK0006	163	sub	gotta kinda stay still	got kind of sta
MSK0006	209	sub	all	tylenol
MSK0006	293	sub	1	one
MSK0006	546	ins		symptoms
MSK0006	573	ins		joint
MSK0006	580	sub	way	weight
MSK0006	583	ins		weight loss fevers or
MSK0006	583	sub	reserves	chills
MSK0006	585	sub	fears	fevers
MSK0006	594	ins		hearing
MSK0006	602	sub	i'm trying to submit no i haven't i mean anything	have shortness of breath or wheezing no having any symptoms
MSK0006	632	sub	changes	change
MSK0006	654	sub	how	have
MSK0006	690	ins		condition
MSK0006	708	sub	take amlotipine	uh amlodipine
MSK0006	760	sub	neurological	hal
MSK0006	985	sub	to	tod
MSK0006	1183	sub	front of your	fron uh side
MSK0006	1235	sub	it uh	hah unintelligible
MSK0006	1348	sub	when my	uh unintelligible
MSK0006	1478	ins		lumbar uh
MSK0006	1664	sub	yeah that sounds good	unintelligible okay he had
MSK0007	0	sub	how may	unintelligible hi
MSK0007	230	sub	helps	hep
MSK0007	295	sub	i'd say	uhm unintelligible
MSK0007	377	ins		ear
MSK0007	809	sub	how about	h unintelligible
MSK0007	980	sub	out	elbow
MSK0007	1036	sub	how about	heel bot
MSK0007	1055	sub	about	abo
MSK0007	1182	ins		uh a tendinopathy
MSK0008	0	sub	may i	h unintelligible
MSK0008	571	sub	whereabouts	pat
MSK0008	780	sub	echimosis	ecchymosis
MSK0008	1014	ins		echo
MSK0009	355	ins		calf
MSK0009	472	ins		echo
MSK0009	624	sub	not that	nothing have
MSK0009	695	sub	cruster	crestor
MSK0009	705	sub	a ramapro	uh ramipril
MSK0009	946	ins		unintelligible uhm
MSK0009	1141	ins		pot
MSK0009	1332	sub	gastrocnemia	gastrocnemius
MSK0009	1341	sub	footfall	fall
MSK0009	1475	sub	sounds	unintelligible
MSK0009	1481	ins		echo
MSK0010	417	sub	other	others
MSK0010	768	sub	you're getting	gettingu worsening
MSK0010	981	sub	id	advil
MSK0010	1434	sub	okay sounds	ay unintelligible
MSK0011	151	sub	pothole	hole
MSK0011	160	sub	right	rad
MSK0011	736	sub	was a	wasly complication
MSK0011	821	sub	yeah that's about it	uh uh yeah unintelligible
MSK0012	260	ins		yea unintelligible
MSK0012	278	sub	worst pain you've had in	worstuunintelligible s usually it is
MSK0012	625	sub	hurts	hurt
MSK0012	809	sub	walk harder	walkuh har
MSK0012	1231	sub	about if you're laying	if you are laing
MSK0013	354	sub	nope have	palpation navomiting
MSK0013	580	ins		uhm hypercholesterolemia
MSK0013	622	ins		uhm ramipril
MSK0013	625	sub	a toverstatin	uhm atorvastatin
MSK0013	1038	sub	i	unintelligible
MSK0013	1163	sub	and	unintelligible
MSK0013	1207	sub	and then	uh unintelligible
MSK0013	1333	ins		history you
MSK0013	1368	sub	like	a
MSK0014	5	sub	came	cam
MSK0014	786	ins		uh uhm furosemide
MSK0014	786	sub	fierosamide then a ramapurl	uh thenu ra- ramipril
MSK0014	896	ins		cabg or
MSK0014	945	sub	live	liv
MSK0014	1084	sub	and do you smoke	ad uh the smokes
MSK0014	1343	sub	maybe missed	be best
MSK0014	1394	ins		pseudogout
MSK0015	95	sub	when did this exactly start	uh and unintelligible star uh
MSK0015	128	sub	not that sorry no	unintelligible sorry know uhm
MSK0015	237	ins		like uh foot
MSK0015	848	ins		breech
MSK0015	955	sub	had	hospitalization
MSK0015	996	ins		u near
MSK0015	1197	ins		put
MSK0015	1307	sub	was	wat
MSK0015	1359	sub	synobitis	synovitis
MSK0015	1428	sub	synobitis	synovitis
MSK0016	10	sub	i guess	bing more
MSK0016	306	sub	few	three
MSK0016	360	sub	is it	unintelligible uh
MSK0016	483	sub	your	arm
MSK0016	684	sub	i have immunobesity class	or obesity classuuh sn
MSK0016	765	sub	your immunizations i am	my wrist u alight
MSK0016	812	ins		condition
MSK0016	892	sub	osteopher is a	osteoarthritis if you
MSK0016	920	sub	um how	uhunintig cancer
MSK0016	1374	sub	acronym	acromion
MSK0016	1498	sub	flex	flexor
MSK0016	1617	sub	tenouse	tinel's
MSK0016	1838	ins		nerve
MSK0016	1962	ins		to relieve pain uh and if if those don nott work we can try corticosteroids uh uh and if that doesn not work then we can also discuss surgery somet time down the line does that sound okay you no problem
MSK0017	318	sub	tempt in	ten bending
MSK0017	584	sub	how about changes	that uh change
MSK0017	738	sub	okay	unintelligible
MSK0017	983	sub	no i haven't traveled	do have a travel
MSK0017	1042	sub	kind	cah
MSK0017	1198	sub	flex	flexed
MSK0017	1221	sub	hurts that hurts	hurt again have
MSK0017	1263	ins		right
MSK0017	1307	sub	your	ear
MSK0017	1327	ins		ear
MSK0017	1430	sub	i need	either the
MSK0017	1436	sub	what's going on yeah	what what unintelligible ah
MSK0017	1470	sub	discs	disc
MSK0017	1517	ins		exam uh but if after we try some management and treatment plans it does not go away and it persists for more than eight weeks we do recommend imaging includingu an mri so uh in terms of management for right now uh modified activity at work on some short term bed rest uh very short term though uh asu and bed rest is only really recommended if you has severe back pain and muscle spasms uh and he definitely should be doing that for more than like 24 to 48 hours u physical activity can help uh so uh referral to phys- physical therapy or physiotherapy uh can help in rehab and they will give you some exercises that you can try at home to kind of uh strengthen those muscles and then ice and heating packs h temporarily can help uh medications like nsaids can help as well with the inflammation uh so we will try these things out and then we will continue to follow up uh yet if you have any questions or does not sound like an okay plan uh that all okay sounds good thank
MSK0018	282	sub	some	thumb
MSK0018	463	sub	do	unintelligible
MSK0018	503	sub	so um do	no i unintelligible
MSK0018	640	sub	more	lower
MSK0018	667	sub	um for me	uh deformity uh
MSK0018	754	sub	chromian	acromion
MSK0018	899	ins		uh and if it continues to happen u otherwise we can keep it immobilized for a few days to few weeks uhm depending on how bad the dislocation is uhm and then once that removed you can do some rehab as well to restore some range of motion does that sound like a good plan do have any questions or concerns in the meantime uh no i that's uh that's good okay
MSK0019	398	sub	nope	no
MSK0019	442	sub	tenures	change
MSK0019	538	sub	like that's	likeun unintelligible
MSK0019	556	ins		condition
MSK0019	558	ins		autoimmune condition
MSK0019	558	sub	not that	uh nothing
MSK0019	571	sub	aunt	ands
MSK0019	586	sub	yeah after	ye unintelligible
MSK0019	962	sub	pencil and	pens on
MSK0019	1113	sub	extend it	extended okay
MSK0020	80	sub	you	star
MSK0020	553	sub	nope changes	no change
MSK0020	624	sub	talmy	telmisartan
MSK0020	654	sub	12	atorvastatin
MSK0020	758	sub	conditions	condition
MSK0020	771	ins		date
MSK0020	1234	sub	crepidus	crepitus
MSK0020	1342	ins		one
MSK0020	1440	ins		to eventually rubb on bone which causes like the that that grating sensation and causes the pain uhm and it it happens an old age and happens with wear and tear uh so we di note that we will yeah we did the physical exam uh we
MSK0020	1441	ins		also get an x-ray of your hips and knees uh which can have some findings that align with osteoarthritis and basically for now we will try to manage it conservatively so uh you can take nsaids like ibuprofen uh for the pain or acetaminophen for the pain and we will also refer you to physiotherapy to strengthen those muscles around your joint and to increase flexibility and reduce that pain and and uh another thing that may be worth considering is occupational therapy because they uh help you find a way to do everyday tasks without putting too much stress on an already painful joint uhm and if these things don't work uh in the future we can also discuss things like uh steroid injections or joint replacement does uh that sound like a good planuky
MSK0021	425	ins		energy
MSK0021	435	sub	grashes	rashes
MSK0021	467	ins		nothing
MSK0021	520	ins		condition
MSK0021	995	ins		knee
MSK0021	1030	ins		new top
MSK0021	1585	ins		urin and if none of those nonsurgical treatments work uh oh sorry i also forgot to mention we will also refer you to physiotherapy to help you with the range of motion and strengthened uh endurance uh but if none of those nonsurgical treatments work we will also refer you to like an arthroscopy or u some sort of uh surgery that may be able to fix the issue more permanently does that sound
MSK0022	570	ins		foot
MSK0022	1294	sub	1	one
MSK0022	1306	sub	1	one
MSK0022	1325	sub	1	one
MSK0022	1375	ins		uh a
MSK0022	1691	ins		both
MSK0022	1723	sub	show	shy
MSK0022	1822	sub	just	uhs
MSK0023	6	sub	hi hi there i've	uh either i have
MSK0023	186	ins		unintelligible
MSK0023	670	sub	rest	rast
MSK0023	960	sub	those	unintelligible
MSK0023	1062	sub	oftentimes	times
MSK0024	351	ins		one
MSK0024	361	sub	i	ist
MSK0024	482	ins		and uh any kind change to
MSK0024	482	sub	no okay no okay	your bowel movement uhm
MSK0024	759	ins		tail
MSK0024	818	ins		red
MSK0024	918	sub	me	mea
MSK0024	1000	ins		disc
MSK0025	684	sub	no	noh
MSK0025	718	sub	do	unintelligible
MSK0025	777	ins		uhm echo
MSK0025	990	sub	then there are	acidentinible unintelligible uhm
MSK0025	1106	sub	yeah that	ye hurt
MSK0025	1224	sub	cauta	cauda
MSK0026	0	sub	how may	hep you
MSK0026	77	ins		knee
MSK0026	459	sub	no have	change se
MSK0026	671	ins		ramipril
MSK0026	724	ins		one one
MSK0026	794	sub	whereabouts i live in	uh whereb bos uhm
MSK0026	1035	ins		knee
MSK0026	1064	ins		bend
MSK0026	1101	sub	hurts	hurt
MSK0026	1196	ins		a
MSK0026	1289	sub	ansads	nsaids
MSK0027	193	ins		or itchy
MSK0027	794	sub	okay has she been around	oka unintelligible body who has
MSK0027	807	sub	traveled	travel
MSK0027	857	sub	how	unintelligible
MSK0027	867	sub	i'll ask	uh unintelligible
MSK0027	944	sub	it's misaligned	unintelligible uh
MSK0028	318	ins		nothing
MSK0028	412	sub	done	dot
MSK0028	436	ins		nothing nothing
MSK0028	667	sub	heart's	heart
MSK0028	784	ins		upper
MSK0028	1099	ins		weight
MSK0028	1106	ins		body
MSK0028	1515	sub	at	unintelligible
MSK0029	38	ins		a
MSK0029	293	sub	mostly backwards i'll get pain okay and you	moly back topic i did truy some uh
MSK0029	361	sub	or	sore
MSK0029	388	sub	into	anterior
MSK0029	393	sub	into	anterior
MSK0029	888	ins		vomit
MSK0029	893	sub	changes	change
MSK0029	1502	sub	sides	thighs
MSK0029	1979	ins		pain
MSK0029	1979	sub	a920	management
MSK0029	2029	ins		injections
MSK0029	2051	ins		help you with uh uh range of motion exercises and try to strengthen uh the muscles in that area and to improve your posture and normal movement uh that's kind of where we can start for now uhm and if it doesn't get any better we can uh talk about alternative management plan ss that sound okay unintelligible than you okay
MSK0031	280	sub	into	anterior
MSK0031	283	sub	and	anterior
MSK0031	448	sub	nope	no
MSK0031	487	ins		cough
MSK0031	509	sub	um how about changes	uhm hab change her
MSK0031	519	sub	how about changes	have change it
MSK0031	532	sub	healthy	unintelligible
MSK0031	539	ins		condition uh
MSK0031	562	sub	ramapril	ramipril
MSK0031	645	sub	not that i know of any	no p nouh any cancer uh
MSK0031	662	sub	ones	one
MSK0031	696	sub	a	unintelligible
MSK0031	847	sub	okay any	uh muscle
MSK0031	1099	ins		surgeer and rehab and medication so will definitely look into the surgical option first which is done uh using some internal repair with screws or you can do a total rep- hip replacement or a partial hip replacement uh the orthopedic surgeon uh will uh decide like which option is best for you after we uh refer you for a consult with them and then after that
MSK0031	1100	ins		uh they will likely refer you to
MSK0031	1102	ins		so physiotherrapy will focus on uh improving range of motion
MSK0031	1103	ins		strengthening the muscles in that area uh and for uh management of pain you can take ibuprofen or any over-the-counter pain medications for now does that sound okay unintelligible okay great no problem patientname thank
MSK0032	117	sub	trigger	unintelligible
MSK0032	348	sub	haven't	not
MSK0032	351	sub	medication	medications
MSK0032	475	sub	breathing um no	wheezing uh uh
MSK0032	621	sub	we've had i get	we give uh forget
MSK0032	627	sub	immunizations okay	immunization kay
MSK0032	644	ins		issue uh
MSK0032	649	ins		condition uh
MSK0032	1086	ins		pain killers uhm
MSK0032	1100	ins		here uh which will just take uh like a few minutes uh and and then uh after we reduce it back into its place uh she should have normal function of her arm again uh if she is still experiencing pain we can continue keeping it on a splint uh but uh otherwise i don't think we need any imaging for this at this mo- at this mo- uh time so do you have any questions or any concerns about that uh no u of the report okay great uh thank you
MSK0033	168	sub	does	digit
MSK0033	176	sub	right	rib
MSK0033	411	sub	pylonol	tylenol
MSK0033	735	sub	it's fun	its one
MSK0033	768	ins		uh grade
MSK0033	1021	sub	patel	patella
MSK0033	1058	sub	i see	unintelligible uhm
MSK0033	1194	sub	those are	this unintelligible
MSK0033	1512	ins		tendinitis
MSK0034	1021	sub	or	score
MSK0034	1024	sub	crutch	unintelligible
MSK0034	1048	sub	straight	unintelligible
MSK0034	1257	sub	epithesis	epiphysis
MSK0035	20	sub	hand's	hands
MSK0035	43	sub	all	als
MSK0035	1056	sub	bumps	bus
MSK0035	1222	sub	how	unintelligible
MSK0035	1243	sub	hurts	hus
MSK0035	1469	ins		likely
MSK0036	175	ins		write
MSK0036	179	ins		right handed ookay
MSK0036	182	sub	you	ment
MSK0036	326	ins		aching
MSK0036	849	ins		heart
MSK0036	868	sub	abnausea	nausea
MSK0036	1112	sub	smoke	smokes
MSK0036	1193	sub	1	one
MSK0036	1286	sub	how	unintelligible
MSK0036	1448	ins		yeah positive
MSK0036	1548	sub	ridiculopathy	radiculopathy
MSK0036	1564	sub	10l	tinel's
MSK0036	1568	sub	falin	phalen's
MSK0036	1638	ins		a
MSK0037	148	ins		not
MSK0037	308	ins		pat
MSK0037	422	ins		right
MSK0037	438	sub	like	leg
MSK0037	1131	sub	dupatrons contractor	dupuytren's contracture
MSK0037	1381	ins		crepitations
MSK0037	1462	sub	dupatrin's	dupuytren's
MSK0037	1472	sub	tinosynobitis	tenosynovitis
MSK0037	1513	ins		the tenosynovitis
MSK0037	1535	sub	dupatrin's	dupuytren's
MSK0037	1572	sub	sounds	unintelligible
MSK0038	1013	ins		knee
MSK0038	1095	sub	of your	knee cap
MSK0038	1197	ins		knee capp
MSK0038	1423	sub	same	unintelligible
MSK0038	1463	sub	to	flexor
MSK0038	1677	ins		uh and then if the pain is if the pain uh persists he can try some like ibuprofen for temporary relief uh we can talk about other treatments as well like u physiotherapy because uh it will be important to kind of strengcting those muscles around that joint as well as uh increase her range of motion so we can do we can put in a referral for that uh and if none of those uh work we can also discuss uh some other things like uh ultrasound therapy or like muscle stimulation uh shockwave therapy and then eventually if none of those other things work we can discuss surgical management uh itwar that it ever guess to that point does that sound okay it doua
MSK0039	12	sub	broke	unintelligible
MSK0039	77	sub	fell	fall
MSK0039	82	sub	stayed	sta
MSK0039	189	sub	initially	shin
MSK0039	262	sub	i've ever felt	that unintelligible okay
MSK0039	385	sub	i didn't	bre you
MSK0039	571	sub	no	unintelligible
MSK0039	610	ins		change
MSK0039	626	sub	nope changes	change it
MSK0039	659	sub	conditions	condition
MSK0039	741	sub	something	unintelligible
MSK0039	838	sub	probably like	unintelligible okay
MSK0039	913	sub	that sounds	unintelligible uny
MSK0039	956	sub	it's	swollen
MSK0039	990	sub	sky	skin
MSK0039	1042	sub	yeah the whole area	unintelligible what unintelligible uh
MSK0039	1128	ins		unintelligible unintell okay and u weightbearing are you able to stand up
MSK0039	1130	sub	i'm too scared to try	leg no youu unintellig possible
MSK0039	1143	sub	an idea	tibial fracture
MSK0039	1147	sub	have an extra end	with some x-rays uh
MSK0039	1154	sub	have um	is swollen
MSK0039	1158	ins		will probably try and uh apply a splint uh uh until the swelling goes down and and then uh we
MSK0039	1159	ins		uh uh refer you to an orthopedic surgeon for surg- for for the surgery itself so that could uh involve like uh you know them doing like an intramedullary nail
MSK0039	1162	ins		screws and uh like some sort of fixation uh but
MSK0039	1163	ins		the surgery your fracture will probably take about four to six months to heal completely uh so in that period uh
MSK0039	1165	ins		talk about like pain management and physiotherapy as well just uh to keep the muscles in that area strong and to increase your range of motion because thats do okay okayrase
MSK0040	116	ins		in uh unintelligible
MSK0040	955	sub	okay and	uhm unintelligible
MSK0040	1143	sub	fifth or	foot uh
MSK0040	1244	sub	plant reflection	plantar flexion
MSK0041	377	sub	no	weakness
MSK0041	676	sub	ramapol for	ramipril forlow
MSK0041	934	sub	eat	ate
MSK0041	1274	sub	analgic	antalgic
MSK0041	1401	ins		and uh thinking the most likely thing is that this is uh a gout flare and in particular in the uh toe like that it can be called podagra uhm and so we will need to get a uh aspiration of the joint fluid just to send it off and make sure that it is not uhm not an infection and that we are treating the the right thing uhm if this is gout and it comes back that this way uh is treated with the high dose high doses of anti-inflammatories uh and will start with uh medication called colchicine uhm to to help with this flare uh and in the meantime uh important things for uh preventing this in the future are uh diet and uh kind of lifestyle related with reducing things like red meats uh alcohol uh weight loss and uh just trying to improve uh the diabetes managements as well thank you we will get that
MSK0042	3	sub	help you uh	am just com
MSK0042	136	sub	on	arm
MSK0042	431	ins		heart
MSK0042	713	ins		immune
MSK0042	775	sub	live in	living uh
MSK0042	873	sub	okay well	kay unintelligible
MSK0042	927	sub	we've like um	would likeigemb saf
MSK0042	1129	sub	intelligent	antalgic
MSK0042	1161	sub	there	unintelligible
MSK0042	1319	sub	this people	the physical
MSK0042	1344	sub	um let me also like	uh nothing else i want
MSK0043	211	sub	like	sta
MSK0043	327	sub	stay	sta
MSK0043	560	sub	haven't traveled	not travel
MSK0043	599	sub	aspirations no	aspiration gone
MSK0043	725	sub	extra	extremities
MSK0043	917	sub	cause was yeah	possible yah the
MSK0043	1111	ins		okayha you had any hospitalizations or uh surgeries in the past uh
MSK0043	1503	ins		based on that we will understand the infection you have and what kind of infection you have we will start you on antibiotics uh right away uh uh today and so you will be uh here for a while until we get all those results back and you may also require uh an admission today as well okay uh thank you yeah that unintelligible alright yeah so uh yeah we will get all that done for you shortly andh we will go thereu thank you and we might also need an x-ray so just toctate w will we will come call you okay thank you alr
MSK0044	183	sub	anything it's it's	aching it is
MSK0044	212	sub	fault	unintelligible
MSK0044	396	sub	okay i see	unintelligible kay uh
MSK0044	507	sub	laying	laing
MSK0044	577	sub	conditions	condition
MSK0044	638	sub	or	major
MSK0044	898	ins		on cat
MSK0044	924	ins		so those were all the uh questions i had for you today uh we will do a full physical examination of the area uh wee we will definitely get an x-ray of the shoulder and clavicle uh to see what kind of it seems like you have a uh clavicular fracture from just the mechanism of the ear injury as well as everything you were describing uhm but it is important to understand how like what kind of clavicle injury it is and where it is affected if it is in the middle area on like uh outer areas of the clavicle uh and how much it is displaced because that will determine if we just need to reduce it here and then give you a sling and the we can go home that's usually the case but sometimes you may requireuh uh surgery as well and we will need to refer you to an orthopedic surgeon s i will will get h x-ray done uh and if you need anything for pain currently we will give you some medications here uh and then we will go over there alright thank you medicalprofessionalname unintelligible uh i will be hereu with you shortly that's all this good thank you so
MSK0045	102	sub	rotative	rotator
MSK0045	375	sub	cautious	cuff
MSK0045	391	sub	just went	justunint unintelligible
MSK0045	502	sub	anything	unintelligible
MSK0045	521	sub	does rest	unintelligible are
MSK0045	695	sub	modified	modi
MSK0045	866	sub	there okay	unintelligible you
MSK0045	1172	ins		x-rays before we if we need we can also get uh an ultrasound if uh we don't that we can't really tell from the x-rays and then from there uh we can get some blood work as well uh just her normal blood work as well as inflammation markers and then uh from there we will need to uh really uh discuss some management strategy so you have already tried some physiotherapy but we need to make sure that uh its is consistent uh because this is something that has a high recurrence rate and we will definitely need to finish the full course of physiotherapy however it may be uh because if physiotherapy does not work we may have to consider other options like uh corticostero- steroid inje s right anterior shoulder uh or some relief uh but as the first we will just traryge some conservative methods like physiotherapy pain management uh and then go go from there for the x-ras and the
MSK0046	239	sub	stay	sta
MSK0046	292	sub	pain that	unintelligible uh
MSK0046	312	sub	i	unintelligible
MSK0046	366	sub	repetitive	unintelligible
MSK0046	425	sub	conditions	condition
MSK0046	475	sub	conditions	condition
MSK0046	505	sub	marian	ovarian
MSK0046	646	sub	smoke	smokes
MSK0046	709	sub	an	unintelligible
MSK0046	752	sub	hurts okay	hurt kay
MSK0046	756	sub	hurts	hurt
MSK0046	905	sub	out	mouth
MSK0046	985	sub	those	unintelligible
MSK0046	1005	ins		de quervs tenosynovitis
MSK0046	1024	sub	mothers	others
MSK0046	1150	sub	the	conservative
MSK0046	1186	ins		effect as well uh butperi do some conservative management and see if that hopis only in a few days so hopefully uh will be try for his help and then we can go on
MSK0049	0	sub	hey how	unintelligible you
MSK0049	108	ins		uh knee
MSK0049	748	sub	ramaprol	ramipril
MSK0049	976	sub	hot	hod
MSK0049	1195	sub	you're not	dot uh
MSK0049	1245	ins		u would would' recommend ibuprofen or nsaids on a long-term basis although you could take those if you are having uh like an acute flareup of your pain uhm and thatn alsouh like topical uh agents such as uh like voltaren or something like that you could put on your knee and uh if it is really bad and keeps uh continuing on we can consider something like a a steroid injection as well thank you
MSK0050	0	sub	how may	hep you
MSK0050	188	sub	okay i see and	kay le uh unintelligible
MSK0050	529	sub	or feeling like you're	orheadedness orness nause change
MSK0050	632	sub	conditions before	cond unintelligible
MSK0050	729	sub	in a	int unintelligible
MSK0050	816	sub	um there's rheumato	there is rheumatoid
MSK0050	1054	ins		top
RES0001	399	sub	has it	uh change
RES0001	843	sub	lot of days okay yeah are you	echo uh no i i tri- i
RES0001	988	ins		uh history of
RES0001	996	ins		uh dvts
RES0001	1323	ins		embolism
RES0003	238	ins		sore
RES0003	600	sub	a reason to see	uh gestational diabetes it
RES0003	678	sub	along were	alo u
RES0003	1158	sub	we	unintelligible
RES0004	329	sub	check	che
RES0004	763	sub	anything in	dis nause
RES0004	1085	sub	and it's i think what is it	andvil uh don helped with uh uh
RES0004	1350	ins		one no
RES0004	1350	sub	one's	one
RES0004	1357	sub	yeah	one
RES0004	1447	sub	bases	basis
RES0004	1514	sub	bases	bas
RES0004	1569	sub	yeah	unintelligible
RES0005	181	ins		a
RES0005	278	ins		cold
RES0005	293	sub	the tolerant	uh tylenol
RES0005	805	sub	rozuvastatin	rosuvastatin
RES0005	1381	sub	i	else
RES0005	1447	sub	sounds	unintelligible
RES0005	1460	sub	like a	related to
RES0006	524	sub	you had	add uh
RES0006	746	sub	wondering if	ordering it
RES0006	874	sub	desk	best
RES0006	997	sub	follow-up	followup
RES0006	1188	sub	sounds	unintelligible
RES0007	328	ins		cat
RES0007	407	sub	cats and	cat that
RES0007	1013	sub	i	unintelligible
RES0007	1039	sub	so i	uh unintelligible
RES0007	1161	sub	can't when	asthma uh
RES0007	1185	ins		echo
RES0007	1243	ins		echo uh
RES0007	1507	sub	um	unintelligible
RES0007	1651	sub	family like my dad	familyr unintelligible okay uhm
RES0008	318	sub	the	thes
RES0008	653	sub	week	wee
RES0009	146	sub	same like when	sta just uh
RES0009	1077	sub	like i said like	uh unintelligible u two
RES0009	1167	sub	it sounds like you've been working	that i wanted to uh ask
RES0009	1208	ins		imaging to
RES0009	1249	ins		actually have and if if so uh offer the the right treatment we will get that
RES0010	138	ins		any sign
RES0010	682	sub	um so	uh unintelligible
RES0010	848	sub	d d problems	di dish problem
RES0010	1015	sub	okay	unintelligible
RES0011	332	sub	i	soli
RES0011	387	sub	no	fever
RES0011	438	sub	okay have	ors u
RES0011	883	sub	oh geez what's it	take uh ra- ramipril
RES0011	1358	sub	are you currently in a relationship no like i have i have a friend that i see	maybe uhm uh we will go from there uh so we will give you some fluids uhm
RES0011	1376	sub	we both like lost our	may bee some uh tylenol
RES0012	62	ins		unintelligible
RES0012	109	sub	yeah does	know unintelligible
RES0012	273	sub	it's because i really you know	rely havely rely active liketell have
RES0012	390	ins		but then i i will cough and
RES0012	1253	sub	there's	pha
RES0012	1387	sub	i geez my sister i saw my sister and	vascular stuff or it could be something like uh
RES0012	1563	sub	didn't really haven't traveled anywhere cool in a long time okay okay so just	do a physical exam of course uh and then from there we would uh
RES0012	1579	sub	going through what it could be that you have right now i'm thinking a few things	do some blood work uh to see if your white blood cell count is high uh
RES0012	1596	sub	i kind of like to go through and make sure we're not	then we can do a chest x-ray to see if there is
RES0012	1677	sub	so we'd have to do more in terms	i just spoke with like i hope like
RES0013	0	sub	hi i'm	pull mu
RES0013	145	sub	deep it's	dee hurt
RES0013	911	sub	well like i don't i think i got all the ones when i was	day ago correct uh yeah so it is unlikely that cancer would present itself
RES0013	995	sub	there anything that	an infection because
RES0013	999	ins		do not have a fever chills
RES0013	1026	ins		copd
RES0013	1028	ins		which is uh chronic obstructive
RES0013	1088	sub	it could be something	a chest x-ray and
RES0013	1095	ins		function test
RES0014	233	sub	that's scary	that sta
RES0014	426	sub	changes in	imaging done
RES0014	448	sub	no pus or	a chest x-ray
RES0014	460	sub	that right nope no	a pulmonary function test
RES0014	789	sub	but i don't think it has	uh started three months ago when
RES0014	972	sub	this has anything to do	uh uh bronchodilators will help
RES0014	978	sub	it but	your symptoms
RES0014	1049	sub	maybe sometimes at parties but	uh allergic rhinitis uh how
RES0015	1045	sub	mention what type	well also three
RES0015	1054	sub	been no i don't really remember i think it	like two of them have a call and one
RES0015	1148	sub	mentioned uh	have recently
RES0015	1315	sub	you do you drink alcohol no i i	a chest x-ray for that as well uh
RES0015	1347	sub	ever had unprotected sex no no okay okay	up further for other things like copd uh
RES0015	1369	sub	i hadn't	sound unintelligible
RES0016	470	sub	i would maybe have to	wouldunintelligibleimt she go unintelligible nths
RES0016	662	ins		condition
RES0016	723	sub	ramapurl	ramipril
RES0016	965	sub	and do you smoke	never smok unintelligible unellig
RES0016	1008	sub	actually worked at just the hospital i used	uh did you have anything that you wanted
RES0016	1017	ins		add that i may
RES0016	1035	ins		coming to oxygen be able
RES0016	1035	sub	breath all the time so i'm staying in my house most of the time okay and has anyone around	to breathe at one pointyou have for sure uh so we will try do a good job uh working
RES0016	1066	ins		right now it sounds like it could be uh pulmonary fibrosis either
RES0016	1068	ins		know an autoimmune process
RES0016	1068	sub	traveled anywhere recently nope no okay have you been worked up for this	uh or triggered uh after like an infection that you may have had
RES0016	1084	ins		uh we will definitely also look to see if it uh for ps the lung
RES0016	1084	sub	two years like have	cancer uh asthma and
RES0017	297	sub	to	tylenol
RES0017	476	sub	no	noh
RES0017	648	ins		change
RES0017	797	sub	how	elbow
RES0017	1412	sub	asbestos	best
RES0017	1496	sub	do you smoke	uh he smokes
RES0017	1632	ins		as uh something called uh well it could calluse pulmonary fibrosis and then also uh the joint uh pains that you have been experiencing uh might be another symptom that uh is suggestive of a connective tissue disease and uh it does not sound like you have a family history of those but uh we will do some lab work and investigations for uh for those including a chest x-ray and uh a chest ct unintelligible
RES0018	183	sub	tunnel	tylenol
RES0018	200	ins		cough
RES0018	309	ins		three
RES0018	380	sub	ruddy	runny
RES0018	557	sub	but	unintelligible
RES0018	615	ins		heart
RES0018	713	sub	and any	andunintelligible vomit
RES0018	752	sub	conditions	condition
RES0018	924	sub	my boss	unintelligible ist
RES0018	1181	sub	another	other
RES0018	1194	ins		uh you have an infection and so we will check some sputum cultures uh and we will also do a pcr uh nasal swab testing foruh covid uh so we will go ahead and order those tests and uh we will see what the the results say alrightuns good
RES0019	659	sub	problems	problem
RES0019	1199	ins		te blood cell count uh but uh for now we will get those tests ordered uh did you have any questions also have meningitis oh yeah uh uh are absolutely right so uh sorry i we will uh go ahead and uh uh investigate that as well and uh we might need to do uh a lumbar puncture uh or uh some blood work to look for uh signs of infection that might be needed to be treated uh with antibiotics okay
RES0020	1306	ins		est
RES0021	364	sub	that might be	fever uh cough
RES0021	583	sub	like going to	rigors we los
RES0021	627	sub	past week	wee overtheunter
RES0021	785	sub	it	either
RES0021	1000	sub	traveled	travel
RES0022	310	sub	okay so	echo sp
RES0022	1091	sub	i haven't got it	a followup patientname uhm
RES0022	1206	sub	if i if i	cocaine crystal meth untelligible
RES0022	1286	sub	you	run
RES0022	1370	sub	that's really the only	was there anything else
RES0022	1522	sub	appointment or at another time	uh symptoms are for covid
RES0022	1598	sub	like what	common cold
RES0022	1737	sub	for covid and so it's something that we'll want	positive we will as to notify public health so
RES0023	705	ins		u ramipril
RES0024	215	sub	any	vomit
RES0024	374	sub	have you had a	u currently sexually active
RES0024	503	sub	for when it's	had cancer before
RES0024	509	sub	and uh when did you start	no breast cancer or ovarian cancer
RES0024	592	sub	went	wanted
RES0024	610	sub	first time	history today
RES0024	765	sub	like do an edible or something but i don't smoke it	require a nasal swab test for that uhm usually uh results
RES0024	829	sub	family has anybody ever lost	uh symptoms are are gone
RES0025	415	sub	no	act
RES0025	479	sub	um	add
RES0025	491	sub	how	anxiety
RES0025	884	sub	in terms of your	uh syory prom uhm
RES0025	1130	sub	it's	har
RES0025	1271	sub	silenol	tylenol
RES0025	1292	sub	treatments	treatment
RES0026	99	ins		have had for fever i
RES0026	429	sub	it uh it's about	u che tema ymptomshensive
RES0026	496	sub	pain	pains
RES0026	777	sub	then i take a	low dose statin uh
RES0026	789	sub	when	one
RES0026	1023	sub	conditions	condition
RES0026	1392	ins		lo a
RES0027	490	sub	sweaty	feel
RES0027	919	sub	anything he works	lung condition con
RES0027	929	sub	lot of	heart attack
RES0027	953	sub	don't think so okay	am considering after hearing
RES0027	987	sub	your kids	uh fever
RES0027	1017	sub	dinner once	uh vomiting
RES0027	1040	sub	drinks per week all right	viral illness or possibly uh
RES0028	116	sub	rate	rat
RES0028	380	sub	okay have you traveled	kay havea uh travel
RES0028	390	sub	italy	unintelligible
RES0028	410	ins		uh kind of nausea or vomiting or
RES0028	647	sub	rutty	runny
RES0028	756	sub	few	three
RES0028	887	sub	cancers	cancer
RES0028	939	ins		lit you living like house apartment yeah i
RES0028	941	ins		currently work yeah i am in charge of uh a uh retail store as a manager there okay and do drink uh sometimes on weekends or if i am socializing with friends but not very often okay and do
RES0028	942	ins		use any recreational drugs like marijuana uh never okay and do you smoke uh yes i spoke uh about uh two packs of cigarettes per day uhu and i smoking since uh i was 12 okayr
RES0028	945	ins		i do get any exercise uh not really life
RES0028	946	ins		bit too busy andh had to hiick right right now unfortunately okay uh and how about your diet like with what is your regular diet look like u a lot of fast food i know i could work on that but uh again with the busy uh lifestyle we tend to eat a lot of fried foods and fatty foods i know i could do better okayk thank you
RES0029	365	sub	as though your heart's	th heart is racingun
RES0029	429	ins		no
RES0029	569	ins		nothing
RES0029	681	ins		apart k fairly well okay and do you smoke u i smok around like say two- a half to three packs per day i know yeahk i tried quitting before butunible have been smoking since i was 18 okay and do smoke marijuana no no no marijuana no other drugs okay and do drink alcohol uh yeah just like sometimes on the weekend i would just have a beer or two while watching the game but not not nothing regular okay thank
RES0030	99	sub	bring	bing
RES0030	225	ins		cough
RES0030	342	sub	haven't traveled anywhere	travel any way
RES0030	418	ins		a
RES0030	455	sub	how	no
RES0030	765	sub	non-medical	medical
RES0030	811	sub	lisenopro	lisinopril
RES0030	967	sub	but	add
RES0031	176	sub	what i drink	drin quo nothing
RES0031	185	sub	changed okay	change kay
RES0031	328	sub	wasn't	not
RES0031	333	ins		too
RES0031	499	sub	in	back
RES0031	579	sub	i'm not skinny	no skin uh
RES0031	687	sub	roundy	runny
RES0031	773	sub	smell	swell
RES0031	1257	ins		ok and do use a condom uh i al- i always uh tried to use a condom uh like the last thing uhm my parents could probably kick me out if i ever got to go pregnant so yeah i only always use a condom
RES0032	233	sub	uh everybody knows	a runny nose
RES0032	262	ins		cough
RES0032	570	sub	how	unintelligible
RES0032	724	sub	rotting os	runny nose
RES0032	744	sub	philippines	filipin
RES0032	847	sub	or any	ors ps
RES0032	978	ins		and any surgeries in the past no surgeries and have you been in contact with anyone uh who was ill i could know you mentioned in uh filipins you were exposed to some people with tb but anything since then uhellig uh and in your family has there been uh any history of any cancers or heart attacks uh any any medical conditions uh no heart attacks but uh by my fatherh died of lung cancer uh when he was 67 and currently uh do uh live in an apartment building anyone you live with yeah i live uh with my girlfriend u in an apartmentkay and you work uh yea i have been doing uh some a uh uh housing work in the dicility in the last seven several years and do currently drink uh no i don't drink alcohol m cigarettes yes i i do smoke cigarettes i have smoked most of my life similar to my my father uh probably one to two packs per day
RES0033	272	sub	cough's	cough
RES0033	489	sub	i'm	no
RES0033	494	sub	okay how	unintelligible ad
RES0033	734	ins		uh symptom- cold
RES0033	797	ins		uh tuberculosis
RES0033	971	sub	and	add
RES0033	1001	ins		nothing
RES0033	1021	sub	i'm	amm
RES0033	1089	ins		you drin alcohol uh not often like just uh when i am at like parties and like when i was at school uh just maybe some sometimes on the weekends but nothing regularly okay uh and uh have you tried uh any other drugs uh besides marijuana uhm just just marijuana i uhuh i tri sometimes at parties but nothing like regular uh i other than that like just sometimes i uh been offered like some pills at parties but other than that nothing else okay uh so it sounds occasional uh okay nothing i am not addicted or anything to any drugs okay
RES0033	1090	ins		smoke cigarettes uh i don't smoke cigarettes uh but i do have marijuana once or twice a week okay uhm and i can
RES0033	1091	ins		tell me a little bit about your diet and exercise uh sory i feel like i am fairly active uh even though i cf when i am exercising i i still play sofer uh with my friend and noteam uhm other than that i i would like to go biking uhm yes i feel like i am still pretty active but it is getting more difficult as with my calls uh other than that my diet has been pretty pretty good like at home especially i am getting uh threeals a day having a balanced diet soo yeah i feel i am doing well there okay
RES0034	0	sub	hi	either
RES0034	238	ins		cough
RES0034	381	sub	of her fever's	he fever has
RES0034	518	sub	changes	change
RES0034	791	ins		i
RES0034	1329	sub	who goes to daycare	gost to day care
RES0034	1401	ins		birth
RES0034	1563	sub	when	one
RES0035	70	sub	eight	unintelligible
RES0035	725	sub	or	unintelligible
RES0035	933	ins		and work kind of things do poor activity uhm i take walks when i can uh before this whole shortness of breath say uhm i used to ride my bike
RES0036	46	sub	when did	one under
RES0036	50	sub	start	star
RES0036	651	sub	amount	somewhat
RES0036	1042	sub	conditions	condition
RES0036	1136	sub	asbestos	asb
RES0036	1319	ins		uh an upper respiratory tract infection uhm the other things on differential would be u copd uh exacerbation uh due to your uh significant smoking history uh so we will we will do some investigations to figure out with this this and then perhaps give you uh antibiotics or other medications to help youunin unless it is a viral infection
RES0037	161	sub	as a	uh azithromycin
RES0037	668	ins		cough
RES0037	800	ins		bowel
RES0037	894	ins		condition
RES0037	933	sub	resubastatin	rosuvastatin
RES0037	1126	sub	anyone	one
RES0037	1219	sub	i've never	have ever
RES0037	1253	ins		uh tuberculosis as that is prevalent in some parts of ia uhm so we will do some uh we might get like a chest x-ray for that she may have uh pneumonia as well uhm and then we will go from there thats on good yah for sure okay r we willu uh uhuh after those tests have come back we will see you in the next appointment for followup uh thank
RES0038	77	sub	are	coughing
RES0038	488	ins		no
RES0038	492	sub	okay is your	you cough uh
RES0038	520	ins		cough
RES0038	612	ins		energy
RES0038	710	ins		cough
RES0038	1060	sub	lived	liv
RES0038	1438	sub	sounds	times
RES0039	114	sub	exposures	exposure
RES0039	250	sub	tuberosis	tuberculosis
RES0039	468	sub	an average	anunig sta
RES0039	618	sub	um how	uhm coughing
RES0039	724	sub	haven't	not
RES0039	813	ins		thatkay any changes in your bowel movements
RES0039	962	ins		at
RES0039	1348	sub	sounds good	unintelligible uhm
RES0039	1365	sub	or math anything	orig meth anythingel
RES0039	1392	sub	that's only a	i sooldly three
RES0039	1416	ins		raw
RES0039	1465	ins		uh uh tuberculosis
RES0042	40	sub	tenth	temp
RES0042	674	sub	cats and dogs	cat the dog
RES0042	680	sub	just environmental it's	this environmentals unintelligible
RES0042	721	ins		condition
RES0042	732	sub	that i don't think there's anything that stood	thatuntellig there unintelligible kay and have uh year
RES0042	831	sub	kids	kid
RES0042	917	sub	have	tho
RES0042	954	sub	think that's	hope uh
RES0042	995	sub	and	unintelligible
RES0042	1024	ins		as co so we will get you tested for thate will get you swab and you should have the results of the that swab in about 24 to 48 hours and you should uh isolate for 14 days regardless though because uh your symptoms do overlot with symptoms of covid uh and that includes isolating from uh your your children as well and yeah uh and if it
RES0042	1026	ins		it could be another viral illness that is going around at this time of year just so just make sure you are staying hydrated you are eating nutritionious foods and getting good sleep if your symptoms do become worse and if they become uh severe like you have a really high temperature you you have trouble breathing uh or you have any neurological symptoms like seizures or fainting spells uh se do go to the er and seek help how thatsound than you again
RES0043	124	sub	temps	temp
RES0043	216	ins		five
RES0043	232	ins		three
RES0043	253	sub	okay yeah	uhm act
RES0043	545	sub	heart's	heart
RES0043	1011	sub	goes to school right now so kind of hard	is heal act re any aliz thatten if youn't
RES0043	1130	sub	had an	hadu unintelligible
RES0043	1191	sub	swap	swab
RES0043	1248	sub	swap	swab
RES0043	1329	ins		issound kay you and uh and should have mentioned uh if if it justst the cough or if he
RES0043	1342	ins		the fever we would add everythings like asthma uh to the list of things he could be worked up for but uh
RES0043	1345	ins		it sounds like it sounds like an infection unintelligible aalright sounds great have a good day
RES0044	359	sub	i started	sta coughinga
RES0044	395	sub	when i've	one i
RES0044	439	sub	i was	unintelligible w
RES0044	495	sub	missed	mis
RES0044	589	sub	i don't	unintelligible rely
RES0044	767	ins		ger
RES0044	867	sub	um no i don't	h change toelbit uh
RES0044	933	sub	problems	problem
RES0044	1209	sub	i live in	h unintelligible kay
RES0044	1224	sub	um my fiance	unintelligible w house
RES0044	1609	ins		thats ing around at during this time of yearu and usually the treatment for that kind ofstth is supportive so make sure you are staying well hydrated eating nutritious foods uh you getting good sleep uh and if not and your symptoms you know you are having a productive cough uh you are really short of breath uh we can test you to see if you have some sort of bacterial pneumonia and those are usually treated with antibiotics s that' kind of the plan right now and so we will we will just start with that covid swell for now is that sound yeahuntellig i don't feelunintelligible want know if i have covid or yeah for sure and i and i think it is good that you came in often alright thank you i'm sorry
RES0045	66	sub	started	sta
RES0045	185	ins		uh drug
RES0045	514	sub	um really these last like	symptoms have got w not
RES0045	525	sub	changes in your taste i haven't really i thought well i	dominal viamin tolu condition cond uh no join the wee u
RES0045	714	sub	an otherwise	running a
RES0045	726	sub	surprised me yeah	high fever uh
RES0045	795	sub	you up to	having neurological symptoms
RES0045	858	sub	drink any alcohol no	having difficulty breathing uh
RES0045	868	sub	live right now	should come back
RES0045	946	sub	those were all the questions	how is thats unintelligible alright
RES0046	660	sub	blood	mas
RES0046	782	ins		uh nothing im i
RES0046	988	ins		tasteu diarrhea
RES0046	1076	ins		condition
RES0046	1365	sub	everything	unintelligible
RES0046	1457	ins		h to do some contact tracing if it' is not covid you you could possibly have uh some sort of other viral infection that' is going around these faces u unintelligible unintelligible thank you alrightunintig
RES0047	284	sub	kinda it	gut as
RES0047	386	sub	uh	uhs
RES0047	474	sub	yourself	unintelligible
RES0047	1041	sub	are there	add other
RES0047	1219	ins		s that you wanted to
RES0047	1226	ins		because it has been really difficult to buse y
RES0047	1231	ins		physical exam on
RES0047	1297	sub	those were all the questions that i had for you did you have any questions	you have moderate uh a moderate exacerbation we will also prescribe uh antibiotics and and
RES0047	1313	ins		steroids to go along with the short-acting beta- agonist and if it is
RES0047	1315	ins		if it becomes severe uh please do ck aid uh in the er and they
RES0047	1349	ins		your bronchodilators and steroids as well as antibiotics
RES0047	1355	ins		complications of uh pneumonia u and it does sound like it is
RES0047	1374	ins		overlap with uh
RES0047	1374	sub	reading to be between 88 to 92 percent if it is less than	viral viral illnesses we will we will we will work you up for
RES0047	1413	ins		up for copd how is that
RES0047	1413	sub	if we think	sound unintelligible k
RES0048	112	ins		have bowel
RES0048	395	sub	cough's	cough
RES0048	434	sub	caught	cut
RES0048	458	ins		and could you add
RES0048	472	sub	it probably	uh prob
RES0048	511	ins		little
RES0048	838	sub	changes	change
RES0048	913	sub	few	three
RES0048	1040	ins		condition
RES0048	1087	sub	ramaprillar or	uhu ramipril
RES0048	1095	sub	you're	tah
RES0048	1219	sub	big it was	b de runs
RES0048	1292	sub	okay well	intible mab
RES0048	1466	ins		will hear back within 24 to
RES0048	1504	ins		isolate from your wife as well as possible
RES0048	1504	sub	anywhere recently no we've been	and public health should be
RES0048	1510	sub	canada ontario i haven't left	if it is positive uh
RES0049	537	sub	yeah for	unintelligible t
RES0049	896	sub	currently just i was thinking	c justu uh unintelligible tylenol
RES0049	974	sub	conditions	cond
RES0049	1174	sub	drink not	back in
RES0049	1221	sub	my wife and daughter in	the result but regardless because
RES0049	1246	sub	i'm just kind of staying in	overlapmpom covid especially uh the loss
RES0049	1299	sub	i've been	you isolate
RES0050	753	sub	or in ontario at least anybody	are unintelligible le anybody who is
RES0050	907	sub	traveled	travel
RES0050	1085	sub	okay	echo
RES0051	433	sub	how about	uh unintelligible
RES0051	594	sub	are you in	yourization upd andh
RES0051	979	ins		so- self isolation
RES0052	89	sub	changed	change
RES0052	233	sub	knows	nose
RES0052	324	sub	changes	change
RES0052	450	sub	um how	you ras
RES0052	647	ins		daycar uh is anybody been sick there no i don't think so i i contacted them and uh checked but it seems like no one been sick okay and you has you have a travel anywhere uh no no not recently okay uhm and uh any lung conditions or heart conditions that
RES0052	647	sub	daycare um	run in
RES0052	653	ins		congenital
RES0052	664	sub	i lost very	the cough started
RES0052	688	ins		sentom h she has been congestedu she has think ey and cough right
RES0052	721	sub	my snows	eyes nose
RES0053	1864	ins		like a seizure any neurological issues uh he should go to the er and uh if his symptoms do become worse we can also prescribe him some steroids or epinephrine just to open up his airways uh and if it is really really bad uh he might be hospitalized as well so just keep an eye eye on on that for now uh and if you have any questions or concerns just give us a call that round unintelligible just keep an eye on him uh for the next five days or so uh and then give us a call if his symptoms are becoming worse or if they are not uh resolving and we will try to do an assessment on him uh of course we will do a physical exam today and we will let you know uh how severe his symptoms are most children will get over their infection on their own and he will he likely he likely won not need any additional treatments alright take care
RES0054	703	sub	i	coughs
RES0054	766	sub	never	faint
RES0054	894	sub	several	seborrheic
RES0054	918	sub	changes	change
RES0054	930	sub	i had	cold couple
RES0054	1171	sub	immunizations	imi
RES0054	1197	ins		shingrix
RES0054	1222	sub	getting those	ion the
RES0054	1493	sub	attack's	attacks
RES0054	1830	sub	so no not much okay okay well it's good to go out for a walk once in a while i think that's allowed during covid as long as you're being safe and who	h you ever been diagnosed with something called copd ay you ever had any pulmonary function tests or chest x-rays done in the past chest x-ray chest x-ray qu you have ques yeah
RES0054	2004	sub	bell okay have you	pulmonary function test and
RES0055	91	sub	topd	copd
RES0055	332	sub	were	aed
RES0055	382	sub	long-standing conditions	longstanding condition
RES0055	440	sub	i	bing
RES0055	485	sub	they're they're	unintelligible have
RES0055	551	sub	nope um changes	no uh change
RES0055	564	sub	okay	no
RES0055	806	sub	which puffer	know unintelligible
RES0055	829	sub	is uh called the spirit sky	ish call those spiriva okayunintigible yea
RES0055	882	sub	do	date
RES0055	887	sub	immunizations	immunization
RES0055	1259	sub	like	unintelligible
RES0055	1326	ins		iff
RES0055	1373	sub	your professors	ear puffers
RES0055	1382	sub	that have been destroyed	uh inhaled corticosteroids uh
RES0055	1387	sub	we find it	well as antibiotics
RES0055	1420	sub	and	unintelligible
RES0056	0	sub	what brings	cough for
RES0056	29	sub	yeah	star
RES0056	65	sub	last few	las uh
RES0056	310	sub	once and had	one uh have
RES0056	352	sub	the talonal	uh unintelligible
RES0056	503	sub	don't think so	do notheigb nausea
RES0056	621	sub	she didn't go	any family history
RES0056	632	sub	just	lung
RES0056	749	sub	conditions no	condition nohe
RES0056	825	ins		inin andintelligible kayon you have old cart mold or
RES0056	825	sub	i think probably in her 50s okay	asbestos no uh it fairly new report
RES0056	894	sub	you live right now i live in london right now i live with my wife	a covid swab just to rule that out u so you will get those results
RES0056	927	sub	fairly new apartment okay okay well those were all the questions that i had for you today did you have any questions for me you don't think	uh and public health will be in touch with you if it is positive uh just to do some contact tracing but if it is not covid
RES0056	968	sub	i was just a bit concerned about that yeah for sure honestly some of your	an eye on your symptoms if they become worse or if you are experiencing uh
RES0056	1042	ins		some antibiotics does not soundinkay
RES0058	363	sub	i think appetite's	years aolu cond
RES0058	1068	sub	problems	problem
RES0059	463	sub	day and	uh reactive
RES0059	1001	sub	bring up that i didn't	bing upuch on toay uh
RES0059	1197	sub	follow-up	followup
RES0059	1214	sub	yeah that sounds good	uh unintelligible so uh
RES0059	1257	ins		s toms because even though the you know the pcr stuff that we do to test for covid is supposed to be reliable and is supposedly specific and sensitive uh there are sometimes u false negative tests and you know so just to be on the safe side if you are experiencing any of the
RES0059	1258	ins		that overlap with covid symptoms uh isolate for two weeks uh but by the by the end of the week we should know uh what the test results are and then you will know for sure what you have yeah thank you
RES0060	33	sub	it	sick
RES0060	447	sub	past	top
RES0060	598	sub	on and	differential diagnoses
RES0060	788	sub	may have caused	should come back
RES0060	830	sub	went into quite a few stores	do encourage isolation for 14 days
RES0060	932	sub	last time i was at the	covid swab comes back negative sometimes
RES0060	967	sub	last time	falls negative
RES0060	1074	sub	later on in the	isolate for 14 days
RES0060	1080	sub	you would like yeah certainly	the swab comes back positive
RES0060	1086	sub	can talk about that later okay sounds good have you	will also notify public health so that they can get
RES0060	1204	sub	if you have any	so could be one
RES0060	1249	sub	earlier but have you had	are still sick uh or
RES0060	1316	sub	few beers on	bacterial infection uh
RES0060	1341	sub	a like duplex and rent the basement on a house nearby okay do	which case can prescribe uh antibiotics or gount all information uh unintelligible group
RES0060	1399	sub	no	unintelligible
RES0061	1634	sub	neurological longing	nausea vomiting
RES0061	1656	sub	swap	swab
RES0061	1738	sub	swap	swab
RES0061	1755	ins		false
RES0062	762	sub	um all	uh metoprolol
RES0062	942	sub	okay okay any	a statin uh
RES0062	1063	sub	yeah certainly	unintelligible oka
RES0062	1496	sub	there	pill
RES0062	1498	sub	pills like	sleep aid
RES0062	1520	sub	other	ops
RES0063	199	sub	hurts	hurt
RES0063	353	sub	no i haven't had any of those	uh nounig have that change mo uh
RES0063	445	sub	but how	unintelligible hm
RES0063	590	sub	ramapril	ramipril
RES0063	625	sub	those	unintelligible
RES0063	656	sub	shingrex for	shingrix shingle
RES0063	660	sub	pneumovacs	pneumovax
RES0063	722	ins		condition
RES0063	956	sub	in my	inline 20s
RES0063	1271	sub	sound that	found unintelligible
RES0063	1349	ins		never
RES0063	1351	sub	vaccines	vaccine
RES0063	1358	ins		youe had it is a good idea and even if you getu even if you get the flu your symptoms won not be as severe if you have the vaccine so it it is definitely something to consider ky or itigible aal take
RES0064	184	sub	changes	swelling
RES0064	346	sub	headache's gone	headaches got
RES0064	523	sub	try um	tylenol tylenol
RES0064	614	sub	conditions	condition
RES0064	755	sub	whole time okay yeah	score of right now
RES0064	885	sub	today	swab
RES0065	5	sub	melissa's support yeah i've	unintelligible uhm ye i
RES0065	33	ins		fever
RES0065	62	sub	how	unintelligible
RES0065	134	sub	say	sta
RES0065	252	sub	anyone that has been	any sick recent uh
RES0065	274	sub	foods makes	food make
RES0065	466	sub	how	unintelligible
RES0065	546	ins		noh
RES0065	693	ins		dok
RES0065	887	sub	do you think i have	ye also definitely uh at
RES0065	944	sub	all self-isolate	self isolate
RES0065	1026	sub	self-isolate	isolate
RES0066	106	sub	ones um	one uh
RES0066	142	sub	in with it	admitted they are
RES0066	259	sub	uh yellow scutum	yellow sputum uh
RES0066	398	sub	it's like	unintelligible kay
RES0066	445	sub	and just	general all
RES0066	770	sub	uh hypothirodism yeah	hypothyroidism yes sor
RES0066	886	sub	conditions	unintelligible
RES0066	991	ins		just recently admitted uh uh
RES0066	993	ins		might have another bacterial uh upat infection like a pneumonia or it
RES0066	1009	sub	like gosh 20 years and about a pack a day okay do	sure get covid scab done the we will also get uh since
RES0066	1022	ins		were admitted
RES0067	556	ins		she lives
RES0067	709	ins		your epi- epiglottis and it can kind of obstruct your throat and uh it it is very urgent matters that' is why we will make sure you can to the er and uh you know and mo go from there does that sound i not it may be very worriing right now and give any questions at all uh s so right now uh we just need to make sure that uh uh she is stable like all her vitals you know when she gets to the er uh they can give her the appropriate antibiotics as well and based on that uh we need to make sure her breath thing gets stabilized so she might be in the er for one day if they think she needs to be on a higher like uh more antibiotics in the hospital she might be in the hospital for a few more days or even a week so it is it is really hard to say right now but
RES0068	428	sub	yeah i've been	yea did feel
RES0068	593	sub	bit harder	b har
RES0068	1016	sub	decongestions	congestions
RES0068	1073	ins		uhm amoxicillin so it has only been three days right since you are having these symptoms and you you have had any high fever or anything like that you meaur temperture days u what i am going to you some antibiotics uh amoxicillin and then uh will see like after you fin that dose how you feel uh and we will set up another appointment for when uh you can do like p appointment or clinic appointment u when your dose is done telligible
RES0069	0	sub	would you mind by starting to tell me what	ando or uh u change that uh other symptoms
RES0069	164	sub	had	head
RES0069	448	sub	just worse and i	there anything else that
RES0069	497	sub	careful and come in just in case yeah certainly have	something we uh test for uhm although the symptoms that
RES0069	530	sub	it's not too bad i sometimes	feeling well with the muscle aches
RES0069	566	sub	tried to quit no okay if at any point this is something	mentioned it could be something like the common cold uh that uh
RES0070	67	sub	thunderclap kind of worst	uhm andociated symptoms uh
RES0070	281	ins		light
RES0070	281	sub	lights	sore
RES0070	469	sub	maybe	mab
RES0070	571	sub	no	unintelligible
RES0070	642	sub	do you smoke	uh he smokes
RES0070	723	ins		okay and you did not feel you had any triggers to your uh migraines that time yeah okay uh you travel anywhere alright uhm and sorry
RES0070	726	ins		i asked do you have a fever
RES0070	730	sub	and	symptoms
RES0070	738	ins		a headache that has been the most bothersome these these last uh couple of days which
RES0070	743	ins		uh but she have also had a sore throat uhm a cough shortness of breath uh as well as a little bit of uhm muscle aches and and fatigue over these couple of days anyth else okay uh so uhm i am going to uh i will get uh the attending and will go through a physical exam uh and uh get some investigations ordered so that we can uh try to figure out whats what' is going on okay her
RES0071	77	ins		uh a little
RES0071	106	ins		blood-tinged
RES0071	106	sub	blood tinge sputum	sputum echo uh
RES0071	328	ins		little
RES0071	330	sub	how	unintelligible
RES0071	794	ins		weight
RES0071	801	sub	i mean	weight has
RES0071	812	ins		pr-
RES0071	1055	sub	household at	house little
RES0071	1076	sub	weekends okay	wekes smokes
RES0071	1250	sub	we	weed
RES0072	110	sub	volunteered	vomited
RES0072	284	sub	ones	one
RES0072	833	sub	at all um i	little uh no about
RES0072	985	sub	conditions like	condition such
RES0072	1109	ins		at
RES0072	1170	ins		asked you uh any anything that i may have missistered anything one is on me no that is everything that that over the last couple of days okay so uh yeah there is uh it it seems that uh patientname from your age and some of your symptoms uh uh we will definitely do a testing for u uh strep throat uh and it seems that you meet uh that criteria and we also
RES0072	1174	ins		are having uh other symptoms as well uh just to do a covid test uh just in case and uh it has just been happening for one day it does not seem that you will take your temperature as well uh and uh we we might give you some antibiotics as well uh to treat you and relieve some of those symptoms sa h just u hangtype we will get the swab done for you for the covid test as well as strep throat and then we will go from there gre thank you unintelligible take carere patient
RES0073	430	sub	and	add
RES0073	718	sub	energy's	energy
RES0073	882	sub	not	nothing
RES0073	1047	ins		no sick
RES0073	1063	ins		sta
RES0073	1100	sub	right now with the	rightpendemic say unintelligible that
RES0073	1356	sub	there all	therel unintelligible
RES0074	55	ins		body
RES0074	652	sub	crester	crestor
RES0074	663	sub	uh uh	uhuh ramipril
RES0074	776	sub	we live	living uh
RES0074	816	ins		distant
RES0074	888	sub	kind of	cut it
RES0074	931	ins		five
RES0074	1090	sub	okay and so he hasn't	uh okayu sheah has not
RES0075	478	sub	yeah	unintelligible
RES0075	507	sub	heart's	heart
RES0075	626	sub	at	else
RES0075	788	sub	just with	u one
RES0075	807	ins		and uh have you had sexually transmitted infection before
RES0075	879	sub	are	run
RES0076	337	sub	really into	related to
RES0076	411	ins		any nausea or vomiting
RES0076	448	sub	two	three
RES0076	745	sub	or any	runny nose
RES0076	1291	ins		inform
RES0076	1422	ins		uh if if you still produc like the bloody sputum yah that has been coming up uh daily still okay so if if uh if you think you can produce that we we can even take a sample of that as well and see if there is anysence the one thing that we
RES0076	1423	ins		concerned about uh with some of your symptoms and a long history of uh smoking as well as lung cancer s yeah we we will do a chest x-ray get some cytology done as well and then uh once we have thath in the future we may need to maybe do a biopsy but right now we will do few of the first things that i mentioned and then go from there thats good thank
RES0077	116	ins		cough
RES0077	403	sub	calves	calf
RES0077	489	sub	conditions no i haven't okay okay	cond ations have it ka uh
RES0077	609	sub	haven't	not
RES0077	701	ins		uh a runny
RES0077	701	sub	uranium	nose
RES0077	978	sub	at all	little u
RES0077	1114	sub	changed at	change uh
RES0077	1237	sub	not that	no nothing
RES0077	1258	sub	springtime i'll get an	springt get itchy and
RES0077	1371	sub	similarity	sim
RES0077	1503	sub	self-isolate	isolate
RES0077	1548	sub	and self-isolate	himself isolate
RES0077	1596	sub	you're welcome take sure	come to re sign
RES0078	32	sub	okay gotten any	has mab go
RES0078	81	sub	really i mean	reallyan little uh
RES0078	665	ins		throat
RES0078	723	sub	cobd	copd
RES0078	730	sub	conditions high	condition her
RES0079	109	sub	okay and	bathing ation
RES0079	114	sub	started	run
RES0079	760	ins		it is possible that
RES0080	544	sub	have you had any	we loss in the
RES0080	768	sub	okay	alone
RES0080	905	sub	just have those delivery guys come in and bring basketball groceries	will order uh a chest x-ray uhm some blood gases uhm
RES0080	926	sub	you smoke	sputum culture
RES0080	939	sub	how long have you smoked for let's see about 45 years okay have you thought about quitting yeah	uhm possibly start uh uh antibiotics but uh depending on the severity uh we may not not need
RES0080	967	sub	i don't think i can quit it's not going to happen i can't live without my cigarettes okay the door is always open and certainly something we	yet uh uh but we will and then will also uh use some uh inhalers as well as uh inhaled steroids to help uh with the inflammation
RES0081	504	sub	smokes or	joint expsure
RES0081	650	sub	inhalers	irritability
RES0081	995	sub	trying to do some homeschooling i'm a homemaker so	will uhm uh check his his vital signs and
RES0081	1006	sub	have enough time to	a physical exam uhm
RES0081	1015	sub	his older brother and yeah okay has anybody in the home been	uh it does sound like it could be uh an thma exacerbation
RES0081	1083	sub	okay and are there any pets in the home nope any carpets or	uh but also using uh ventolin as well uh and we will assess
RES0081	1104	sub	windows no no we've got all	need for uh potential uh antibiotics
RES0081	1124	sub	does anybody smoke in the home	also steroid if if necessary uh
RES0081	1186	sub	family no or how	wheezing is getting worse
RES0081	1259	sub	and he can	some uh oxygen
RES0081	1267	sub	he's just he's feeling awful for sure yeah we'll check his	possibly uh uh some other therapies thank you with that c
RES0082	264	sub	couple more questions just to see	bacterial infection or there is something
RES0082	636	sub	younger brother all right and are	physical exam andn unintelligible y unintelligible
RES0083	550	sub	sleeping	sleep
RES0083	928	ins		tylenol
RES0083	932	sub	thylanol	tylenol
RES0083	942	sub	thyl	tylenol
RES0083	986	sub	okay	unintelligible
RES0084	285	sub	does the	unintelligible i
RES0084	788	sub	your heart's	heart is
RES0084	1031	sub	all your immunizations	your immunization uh
RES0084	1061	sub	conditions yeah	condition yah
RES0084	1109	sub	cancers	cancer
RES0084	1135	sub	okay how much	ookay and unintelligible
RES0084	1402	sub	swabs	swab
RES0084	1463	sub	deficits	deficit
RES0085	65	ins		i
RES0085	255	sub	like	leg
RES0085	707	ins		in some distress and we willke-
RES0085	707	sub	just really scaring us so i was just wondering if you know what	we will keep him hydrated and give him some oxygen uh and if
RES0085	721	sub	could be yeah so the grunting is worrisome he could have anything from	pneumonia uhm we will prescribe him some antibiotic had thatsound ye andally need
RES0085	782	sub	could keep	swab on
RES0085	785	sub	here at the hospital because he is	as well because his uh symptoms are
RES0086	259	sub	when did	unintelligible uh
RES0086	536	ins		heart
RES0086	668	sub	changes okay	changesu stuffy
RES0086	701	sub	you're laying	are laing
RES0086	972	sub	m1	lung
RES0086	1237	sub	so	unintelligible
RES0086	1322	sub	that's	best
RES0086	1370	ins		we will give you a long acting uho as well as an inhaled corticosteroid uh so actually you know what we will give you an inhaled corticosteroid and a shortacting beta agonist because you can't use both theuh both the steroid and the lung uh so we we will do we will we will start with the we will start with those two we will start with the short acting as well as inhaled corticosteroid uh and if we find that your asthma is just based on like uh exertion or like something called athletic asthma we
RES0086	1372	ins		try something callchromoin instead uh but we will discuss that more right now our priority is to get your symptoms under control so we will start with the short acting as well as the inhaled corticosteroid how is that sound unintelligible you and no problem
RES0087	168	sub	the flashlight	fsh light
RES0087	359	sub	okay	noh
RES0087	750	sub	any	infection
RES0087	832	sub	conditions or	condition to
RES0087	835	ins		condition
RES0087	1165	ins		his tympanic membrane has not perforated or
RES0087	1167	ins		pus in there we will prescribe him like 10 days of antibiotics we can give him either uh amoxicillin or if he has bad reactions to penicillin we can give him uh cefuroxime and then if uh ech it does not seem to have any systemic symptoms if he has systemic symptoms like fever which we will check for today uh and if he is like been really ill uh and he has like a middle ear effusion or bulging tympanic membrane again we will give him antibiotics for 10 days but if his tympanic membrane just bulging a little bit or if he has some middle ear effusion but no systemic symptoms like uh no fevers uh and and he seems to be fine otherwise w will reassess him in 2 to 48 hours to see if he is better and if he is not again we will prescribe him antibiotics had that sound that good thank you okayh no
RES0088	454	sub	wheeeezing	wheezing
RES0088	655	ins		unintelligible she
RES0088	1312	ins		conc great than you uh w uh and yeah we will just take and do a full examination and then go from
RES0089	285	sub	had	add
RES0089	526	sub	that	act
RES0089	538	sub	traveled	travel
RES0089	618	sub	it lasts	unintelligible uh
RES0089	625	sub	i kind	feel short
RES0089	1008	ins		spironolactone
RES0089	1064	sub	like the	uhunintelligible unintelligible
RES0089	1130	ins		spironolactone
RES0089	1583	sub	ventilin	ventolin
RES0089	1678	ins		exacerbation as well so we needtach some of that swelling uh goes down if we need to adjust her medications while you are here so yeah lets just uho i will get back to we will do some of those testing and then see where to go from there is that okay yakay than come
RES0090	121	ins		little
RES0090	203	sub	in my family	i found me
RES0090	254	sub	so there	sounell unintelligible
RES0090	337	ins		that nothing
RES0090	625	sub	anyone	one
RES0090	702	sub	some	vitamin
RES0090	1027	sub	any questions	inc estions
RES0091	91	sub	when did it	uh wanted to
RES0091	430	sub	an apartment a house i live in an	the past any recreational drugs like marijuana nook
RES0091	442	sub	live with anyone no just by	drink alcoholtlas ofin unintelligible kay uh
RES0091	585	sub	smoke cigarettes at all	are hydrating well uhm
RES0091	592	sub	smoked in the past no	can get some over-the-counter medications
RES0091	631	sub	questions i have right now do you have any	uh uh symptoms that for covid as well in
RES0092	99	sub	no	worried
RES0092	243	sub	this	infection
RES0092	274	sub	having a	inflammation of
RES0092	302	sub	day that it's worse or better anything	aira uh we can get a cough
RES0092	481	sub	any um you don't have	those symptoms come back again
RES0092	528	sub	few um roommates um i'm	fever u h we can
RES0092	548	sub	had um any contact with anyone who is	can definitely we can do something more about
RES0093	609	sub	uh a	my stomach
RES0093	747	sub	talk	pantoprazole
RES0093	1348	sub	mail	male
RES0093	1351	ins		heart
RES0093	1441	ins		neumoniaviral infection in your chest u will getch x done w have some labs done as well andticam
RES0095	335	ins		heart
RES0095	376	ins		eye
RES0095	657	sub	aspirate invaded	aspirin beta
RES0095	846	ins		ment
RES0095	914	sub	oh she	unintelligible soettes'oly
RES0095	1282	ins		so some of the shortness of breath it could be coming from fluid uh that has accumulated in your lungs and so uh uh w a oh another type of water pill now of furosemide uh to try and uh help get get rid of some of that fluids so will help with the breathing uh and in the meantime we will wait for the investigations to come back
RES0096	380	sub	from previously	uh des
RES0096	708	ins		they haven't helped okay uh and
RES0097	498	sub	heart's racing no okay	heart racingka and uh
RES0097	550	sub	how about any	unintelligible any uh
RES0097	1147	sub	him about his	andually the hospitalization
RES0097	1238	ins		uh antibiotic uh in this case uh but uh we will go through do a physical exam check some vitals uh and uh and go from
RES0098	31	ins		uh at
RES0098	81	sub	so yeah that's	sta that has
RES0098	622	sub	pendulin	ventolin
RES0098	734	ins		do have allergies in the spring uh i
RES0098	758	sub	ventilin	ventolin
RES0098	930	sub	just to backtrack	justu back track
RES0098	1014	ins		ventolin
RES0098	1200	ins		has uh the eczema that i have and my mom uh was also diagnosed with asthma when she was a child but she has been completely fine since then okay uh that's good that that if she has been okay uh is anybody in the family have any heart or or lung conditions or any cancers that run in the family uh my grandfather died of lung cancer but he was just uh smoked all throughout his life okay uh alright so uh that was all of the the questions that i wanted to ask uh today so the next part uh we will go on to do a a physical exam but did you have anything else that maybe i forgot to ask about today uh no i i i i think i know what this was caused by but yeah do sees you w i am sorrya will will trial some uh uh more puffers than see uh what what we could do concertainly it is sounding like uh an asthm- exacerbation and so uh definitely let let somebody know if uh your your uh breathing is getting more difficult yah that
RES0099	659	sub	gluted	glu
RES0099	715	ins		tylenol
RES0099	941	sub	any	body
RES0099	1257	ins		i i
RES0100	0	sub	um yes	unintelligible uh
RES0100	136	sub	say	sta
RES0100	369	sub	all right	headaches noalr
RES0100	503	sub	heart's	heart
RES0100	861	ins		i
RES0100	972	sub	no	joint
RES0100	1658	sub	mono-spot	monospot
RES0101	565	ins		your heart
RES0101	579	ins		like posture
RES0101	790	ins		blood
RES0101	791	sub	i'm taking a medication called ramapril	medication call uh ramipril uh ramipril
RES0101	803	sub	a	metformin
RES0101	1044	ins		knee
RES0101	1075	sub	twenties	20s
RES0101	1077	sub	thirties	30s
RES0101	1142	ins		uh no nothing im okay have you heard of anybody in the family having uh you said you have not had had this before but anybody in the family having a deep vein thrombosis or or pe not that no not really okay uh so uh that was everything that i wanted to uh ask about on history today we will do a physical exam will i listen to your chest to have a look at your leg uh we will also order uh some imaging studies if this ct uh pa it is called uh uh but be- before we go ahead with that was there anything else that that you want to add know i think that that is okay so we will get the uh lab work started as well as the imaging for ored it we will look for to see if there is any uh pulmonary embolism present because with the uh surgery last week and being immobilized for a period of time it is a risk factor for it and uh leg swelling with u coughing up blood can be symptoms of this so we will want to make sure uh to to to investigate for for pulmonary embolism kay thank you so much thank
RES0102	62	sub	has	sta
RES0102	407	sub	weren't	not
RES0102	452	ins		cough
RES0102	456	sub	popping	coughing
RES0102	701	sub	see and do	am sitting downkayving
RES0102	949	ins		sleep
RES0102	1192	sub	ramapril	ramipril
RES0102	1207	ins		uh escitalopram
RES0102	1302	sub	shelter	shoulder
RES0102	1541	sub	weights	weight
RES0103	877	ins		questions or concerns else right nowah based on her symptomsh she does seem to have some just cold-like symptoms viral symptoms uh and it it has been
RES0103	879	ins		said three or four days in total right yeah yeah yeah and so most likely it is just caused by uh viral infection like comm and cold perhaps uh she does not
RES0103	881	ins		uh worrying signs of any
RES0103	890	ins		and no signs of like a bacterial infection that i be concerned about that i would give antibiotics for right now uh
RES0103	890	sub	yeah based on	but definitely if
RES0103	895	ins		get worse at home uh and if
RES0103	896	ins		starts having any kind of shortness of breath increased coughing with producing uh uh more yellow or green material and if she gets more feverish so we will also do a physical exam and take her temperature today
RES0104	30	ins		uh uh rust
RES0104	30	sub	rust-colored	colored
RES0104	73	sub	a shorted	short of
RES0104	654	sub	vitals signed	vital signs
RES0104	1322	ins		uh unintelligible
RES0104	1344	ins		your vitals as well however yeah so after that uh since you are having some symptoms uh of what might be a pneumonia uh it can be a bacterial infection and viral infection we will have to get some blood work done uh as well as a chest x-ray uhm and right now with the pandemic going on uh we will also do a covid swab test for you as well just in case do that sound goodyah thatuh make that thank you ur and if if you while you are here if your shortness of breath gets any worse at
RES0105	20	sub	sure	sore
RES0105	139	sub	breath and	bre been
RES0105	220	sub	yeah	fever
RES0105	404	ins		copd
RES0105	481	sub	spariva	spiriva
RES0105	908	ins		ok uhm any kind of confusion uh or
RES0105	1447	ins		su you don't miss any kind of infection uh you are pneumo- like you can be having another copd exacerbation uhm but you also want to make
RES0105	1448	ins		you don't have like pneumonia or anything like that so uh we might have to do a chest x-ray as well but uh for now i say just tot we will get all your vitals done and then u go on from there good yah that's is good thank you alright and if you feel at all you are very short of breath uh uh we can give you uh some uh ventolin here as well and that uh if you need like we can give you like systemic coor- uh steroids as well uh to help some of your symptoms but yeah uh let's lets do some of the physical examinations first okay thats sounds good thank you uh p by
RES0106	122	sub	coughed	cough
RES0106	129	sub	hurts	hurt
RES0106	183	sub	the middle of my	uh okay unintelligible go
RES0106	552	sub	conditions no i	condition uh hospitalization
RES0106	1208	sub	treatments	treatment
RES0107	901	sub	i was going	some else uh
RES0107	953	sub	gunny	runny
RES0107	1321	sub	had for you	have unintelligible do
RES0107	1383	ins		uh rhinitis allergic rhinitis is caused by allergies to certain things so uhm we can get him allergy tested uhm and that will give us a better understanding of like what his triggers are and the way to treat that is to avoid those triggers those allergens uhm and if his symptoms are persistent uhm we will prescribe him also like an intranasal corticosteroid uh and there like other are like second line treatments as well like antihistamines and leukotrio like leukotriin receptor antagonist but those are only second line w will will see how he does with the inhaled corticosteroids at first how that soundunin okay great thank you
RES0108	31	sub	you mentioned	definitely do
RES0108	433	sub	are	ramipril
RES0108	493	sub	i have to take two bills instead of	ramipril is a type of ace inhibitor and
RES0108	532	sub	immunizations uh yeah i	medications and if your
RES0108	598	sub	yeah on the weekends	blood pressure medication for
RES0108	606	sub	drink and how	instead of ramipril
RES0108	627	sub	um have you been in contact	see if your coughing stops how
RES0109	182	sub	experienced something like	diagnosed with depression
RES0109	212	sub	shortness of breath um no no i don't think	medication uh im i'm on prozac prozac okay and
RES0109	286	sub	i	sta
RES0109	359	sub	guess it's not too bad yeah okay and how about like	went to w crossjopping andingn that uh have't travel to anywhere
RES0109	526	sub	year ago okay good good any	fever take like tylenol uh if
RES0109	560	sub	smoke no any other recreational	can take again an advil
RES0109	584	sub	is that for like	if your symptoms worsen
RES0110	112	sub	it's not	in muscle
RES0110	230	sub	is it	if dry
RES0110	235	sub	a	wet
RES0110	729	ins		do deep
RES0110	1188	sub	what about things	unintelligible are tksm
RES0110	1454	sub	isolated room	isol yourovid
RES0111	346	ins		immunization
RES0111	406	sub	past a	back to
RES0111	485	sub	um are	that swollen
RES0111	495	sub	do you	pretty swollen
RES0111	506	sub	my two	red given
RES0111	566	sub	smoke no	haveh inflammation
RES0111	626	sub	mood been okay okay okay	symptoms are somewhat overlapping with
RES0111	676	sub	mask yeah we do except sometimes i guess like	rapid strep test here as well uh just ruleig
RES0111	716	sub	know who travels okay do you feel like you've	to quarantine for the next 14 days uh until
RES0111	785	sub	family no i	management based on
RES0111	802	sub	questions i had	strep test result
RES0112	95	sub	great	cte
RES0112	241	sub	um how are you	been ha any dia
RES0112	540	sub	height	mouth
RES0113	45	sub	yeah	unintelligible
RES0113	224	sub	just on the front part	you had a fever cough
RES0113	316	sub	seven oh okay and then	headache that has gotten worse
RES0113	330	sub	uh it's just	and your headache
RES0113	452	sub	the night	an infection
RES0113	455	sub	no it hasn't opened yet okay um	including uh with covid being one of
RES0113	674	sub	traveled anywhere nope not recently	to quarantine for the for
RES0113	726	sub	gone out	can at
RES0113	830	sub	edibles of	any stiffness
RES0113	834	sub	it no any	your neck or
RES0113	892	sub	headache's pretty bad a	neck unintelligible al andquestion
RES0114	114	sub	up like this white	w materi andant come
RES0114	212	sub	changed	change
RES0114	664	sub	no i	nuse vomit
RES0114	740	ins		back
RES0114	744	sub	ask you	asked ill
RES0114	1025	sub	immunizations yep okay you're	immizations uh rat butu
RES0114	1086	ins		condition
RES0114	1139	sub	quit	one
RES0114	1162	sub	whole pack every day i would say for at	copd exacerbation but because your symptoms overlapped with those
RES0114	1255	sub	condo no it's pretty	correct step so far
RES0114	1332	sub	did you have any questions for me yeah i was just wondering what you think	some inhaled corticosteroids u and we will also check your oxygen saturation to make sure
RES0116	44	sub	kind	com
RES0116	858	ins		com
RES0116	886	sub	vachinal	vaginal
RES0116	1063	sub	live	lives
RES0116	1288	ins		otitis
RES0116	1348	sub	tintanic	tympanic
RES0116	1376	sub	tintonic	tympanic
RES0116	1428	sub	tintanic	tympanic
RES0116	1453	ins		prescribe him
RES0116	1462	sub	moxicillin and	amoxicillin u
RES0117	191	sub	earrings	hearing
RES0117	507	sub	drink alcohol no no not at all okay where do	on it is called the rightpe medications that we keep
RES0117	518	sub	live right now i just live in	on for two months men we continue
RES0117	632	sub	philippines before i used to go to india	isolation going and we will get you on
RES0117	649	sub	philippines okay	correct treatment
RES0118	875	sub	self-isolate	isol
RES0119	98	sub	weezing	wheezing
RES0119	540	sub	at all no	atth mpom fever
RES0119	577	sub	no	change
RES0119	1061	sub	don't	unintelligible
RES0119	1190	ins		under and if she has uh asthma or not and then we can try her on it called her short-acting beta a auntelligible and usually when she gets these sorpes of symptoms she can use the puffper to help her uh and if it uh helps her then it is most likely that she does have asthma and she will need uh the puffer and then she might also need another puffper which is an inhaled corticosteroid uh for the future to decrease uh the likelihood that this asthma gets worse in the future ointigible will t
RES0120	121	sub	any kind	unintelligible hopit
RES0120	517	sub	laying down	laing downka
RES0120	543	sub	at	allay
RES0120	674	sub	of	change
RES0120	879	sub	rimapro	ramipril
RES0120	886	sub	resubastatin	simvastatin
RES0120	915	sub	immobilized at all	immobilize it uh
RES0120	935	sub	cholectomy	cholecystectomy
RES0120	980	sub	what's your	what unintelligible
RES0120	1007	ins		upped about 20 years back i smoked for 25 years i smoked about a pack a day uhm ns or questions covid so right now
RES0120	1007	sub	yeah he's he's been okay okay that's good any kind	it is definitely something that is on everyone's mind some
RES0120	1051	ins		need to make sure nothing else
RES0120	1059	ins		can potentially have uh pneumonia
RES0120	1098	sub	do you drink alcohol	if it turns out
RES0120	1113	ins		see if you need to stay in the hospital for longer if you need uh any antibiotics within the hospital or you can take them
RES0120	1113	sub	there okay and	at home so
RES0120	1117	sub	so those were kind of	full physical examination and do
RES0120	1123	sub	the questions i had today do you have any concerns or questions	tests and then go from there okay's thank you a unintelligible a
RES0121	382	sub	tire	tired
RES0121	549	sub	as a barista	unintelligible ka environmentme
RES0121	780	sub	24 hours	4 isol
RES0122	65	sub	better or worse or	betun pret expt unintelligible
RES0122	385	sub	province no okay and do you currently work i work from home	uhstam therapy it will take time to get better uh but if
RES0122	495	sub	do you	if antibiotics
RES0122	630	sub	pain	symptoms
RES0122	710	sub	changes in your sense of smell yeah	fevers and u go from there also
RES0122	822	sub	the sinuses and	those symptoms uh
RES0123	974	sub	she's not	far h
RES0123	1237	sub	past okay okay	swab is back
RES0123	1274	sub	10 and then you've also developed	how to self isolate night which
RES0123	1421	sub	also	run
RES0123	1435	sub	or	labs
RES0124	25	ins		cuffing
RES0124	982	sub	a	pollen
RES0124	1232	sub	you've had these	you cing fit
RES0124	1411	sub	month so they	monthunintellig unintelligible alk
RES0125	484	sub	how is she	otherwise dical condition
RES0125	675	sub	working	diagnosed
RES0125	742	sub	taste	allergies
RES0125	1408	sub	swap	swab
RES0125	1520	ins		uh often times
RES0126	134	sub	coughed	cough
RES0126	915	sub	they never	ly history
RES0126	1040	sub	kind	lung
RES0126	1154	sub	then what's	dur uh
RES0126	1542	ins		ventolin
RES0126	1552	ins		uh uh some ventolin
RES0127	0	sub	what brings you in here	fe chills so cental cond
RES0127	231	sub	so stuffy and sometimes	completely confidential uhm unless
RES0127	295	sub	every morning um it's	marijuana about smoking no
RES0127	397	sub	besides that have you been having	as well assideintellig your home environment
RES0127	695	sub	recent exposures to	those uh allergen
RES0127	707	sub	well yeah i was kind of vacuuming	are potentially causing uh your symptoms uhm
RES0127	818	sub	been like eight years old eight or	something called likeer allergic rhinitis and uhm
RES0127	925	sub	yeah i	cause allergy
RES0127	975	sub	doctor okay okay and currently right now do you work at	meantime definitely uh like any antihistamine medications u would help with
RES0127	1027	sub	live with i live with	are also having uh congestion
RES0127	1036	sub	my younger	sneezing just
RES0127	1082	sub	ask you a	come back uh
RES0127	1106	sub	tried alcohol no not at all no have you	should it just isolate as much as he can
RES0127	1179	sub	questions that i have for	result they will give me
RES0128	59	sub	is it more like	critin sort of allergy
RES0128	357	sub	how about changing	have change in
RES0128	734	sub	took out	unintelligible cart
RES0128	753	ins		okayk and uhu what is onu as well uh whatnew prescription for unintelligible yh so uhm we are going to say he has never been diagnosed before we
RES0128	763	ins		we can do we can start by doing a pulmonary function test for him uh to
RES0128	766	ins		lung activity is like uhm so we will start
RES0128	769	ins		we will also because we are saying he is short of breath uh we will take
RES0128	770	ins		oxygen saturation as well uh
RES0128	784	ins		if it turns out he
RES0128	785	ins		asthma which in this
RES0128	837	sub	i had for you today did you have any questions of your own for me yeah i was just wondering	a covid swab and he should hear back about that in 24 to 48 hours uh untellig tellig thk you
RES0129	767	sub	recently not that i can think of okay	like he has a high fever uh which
RES0129	777	sub	in like daycare no no	does i will again prescribe
RES0130	923	sub	so i just gave them a try	then if we see consolidation or anything
RES0130	978	sub	this apartment	your lungs
RES0130	989	sub	just moved out of our house just to make	will discuss options for like biopsies uh which is
RES0130	1007	sub	sure have you been	diagnosing lung cancers also
RES0130	1049	sub	all of that	your symptoms have
RES0130	1095	sub	see the	cough up
RES0130	1104	sub	i was just hoping to get this figured out yeah for sure so there are a couple things	we will start we will start from there and then if those come back negative then we will
RES0130	1128	sub	because some of	other things that
RES0131	84	sub	then	drinker
RES0131	142	sub	does it sound	uhes haveh mab
RES0131	281	sub	inkiness in	you wanted
RES0131	380	sub	bit hot um and	swab from me today
RES0131	446	sub	mention it i	should hear back
RES0131	557	sub	otherwise healthy or do you have any	should self isolate for 14 days uh
RES0131	612	sub	you use yeah	comes back negative
RES0131	700	sub	to	one
RES0131	916	sub	you live and	some supportive care
RES0131	922	sub	live with yeah so i live	know staying hydrated eating well uh
RES0132	6	sub	help	hop
RES0132	714	ins		back
RES0132	769	sub	do you smoke cigarettes no i quit two years ago okay and that's great prior to that how long did you smoke for and how much oh for	family or there anybody who who has had uh problems with her heart or or lungs uhm my mom had lung cancer when she was 50 and uh
RES0132	798	sub	40 plus years i used to smoke a pack a day okay well that's great that you quit so congratulations thank you and do you drink alcohol i drink once in	alth like diabetes hypertension and high cholesterol runs on my run on my father's side of the familyuuntible anybody have uh heart atack or stroke uh yeah so my father had
RES0132	830	ins		heart
RES0132	858	sub	went	wanted
RES0132	860	sub	the stores and stuff like that yeah maybe from there yeah	add that i i may be forgot how can myself now
RES0132	898	sub	i live in an old building so maybe but it hasn't bugged me before okay and are you working currently or retired i'm retired okay what did you do before i used to work on the assembly line for chrysler okay were there	it be important to put on some oxygen first uh just to make sure that that is stable uhm and from there we will uh get a chest x-ray uh and uh run some lab work to to try to help figure out
RES0132	945	sub	you were aware of like things that you were breathing in not that i was aware of but there were always like smoke and fumes and things like that because it was like a factory so maybe right okay that	the diagnosis better but in the meantime we will use uh some inhalers uh because it is possible that this is a copd exacerbation similar to uh last year uh and the inhalers should help open up the airways uh
RES0133	661	sub	it's great	pla for
RES0133	795	sub	days ago but she seems to be better now and her voice	in this age group what experience with other drugs or alcohol or
RES0133	873	sub	there any	inflammation of
RES0133	974	sub	ask today	come back
RES0134	39	sub	as well okay	uh fever ma
RES0134	118	sub	a	hal
RES0134	280	sub	it lasts like less	deep breath ky so
RES0134	366	sub	heart's	heart
RES0134	781	sub	no	unintelligible
RES0134	844	sub	like alandronate alandronate	likeu alendronate alendronate
RES0134	850	sub	bispossonate okay	bisphosphonate okayunintintelligible
RES0134	879	sub	oh that's great uh	uhunin cond be oside
RES0134	1058	sub	anybody	hep
RES0134	1326	sub	would you	unintelligible uhmper
RES0135	111	sub	thirty nine each	39 unintelligible ah
RES0135	433	sub	this how	shaking intellintellible
RES0135	965	sub	exposed or	expoke sore
RES0135	974	sub	no we	unintelligible uhm
RES0135	1091	ins		better it her breathing uhm so the the physical exam and the the vital signs will really will help with uh
RES0135	1093	ins		will assess her work of breathing and to see oxygen uh levels uh and uh this could be uh caused by uh a viral infection which could be something along the lines of uh like a common cold type picture and we can get inflammation of the really small airways uh and uh it can cause cough uh and fever and some of the symptoms that she is experiencing i also uh these symptoms do overlap with covid as well uh and so the important to get uh a covid swab just in case uh but uh if that is the the scenario then it will be uh supportive care with oxygen fluids and we will
RES0135	1095	ins		her breathing is o okay possibly would would mean uh steroids and uh uh an an inhaler if necessary
RES0136	0	sub	what brings you	piration pneumonia uh
RES0136	881	sub	wake up okay	admit her as
RES0136	959	sub	haven't been doing that recently for	will get those tests done andkg
RES0137	40	sub	dried	dry
RES0137	188	sub	this	definitely
RES0137	217	sub	was just a watery	is very important to
RES0137	254	sub	better but then she	your child vaccinated uh
RES0137	313	sub	go yeah she just has	uh uh there is usually
RES0137	344	sub	couple minutes	vaccination for
RES0137	638	sub	was	usually
RES0137	738	sub	live with	is vomiting
RES0137	741	sub	do	coughing
RES0137	819	sub	you have any questions	some supportive care for
RES0137	845	sub	immunizations all up to	right now but definitely
RES0138	0	sub	what brings you	uness ting uhm
RES0139	0	sub	what	examination
RES0139	43	sub	how would you describe	doing pulmonary function test
RES0139	590	sub	lawyer okay and do	dry cough can be
RES0139	793	sub	mention	resolve
RES0140	0	sub	what brings you in today i just came in i just had this sudden just this morning after i woke	len a scan of your lungs uh to see uh what is going on we will also do an ultrasound
RES0140	25	sub	breath and	your leg
RES0140	47	sub	morning you said yeah were you absolutely fine	with uh blood thinners uh and we definitely
RES0140	61	sub	any trouble	to hospitalize
RES0140	172	sub	say any flights	oxygen to help
RES0140	259	sub	i also have	on blood thinners
RES0140	378	sub	tyl dose or maybe	vital signs uh uh
RES0140	498	sub	smoke or did you	some physiotherapy here while
RES0141	243	sub	like i can't i can't concentrate on work or	i conc h giving her symptoms uh we would
RES0141	290	sub	actually feel like i	uh a covid swab
RES0141	526	sub	counter so i do	headache and fever uh
RES0141	564	sub	have an	physical exam
RES0142	212	sub	your	exercise
RES0142	285	sub	family um i think my	the stu in your belly
RES0142	298	sub	okay and who	could cause spleen
RES0142	518	sub	have a	drinking water
RES0143	0	sub	what can i do for	uh ensure that nothing else
RES0143	112	sub	yellow	mono
RES0143	202	sub	you	pneumonia
RES0143	254	sub	bit congested i um i could	bacterial pneumonia for instance oft times
RES0143	587	sub	my parents	antibiotics uh
RES0143	686	sub	you see	physical exam
RES0144	0	sub	what can i do for	u that this sounds serious
RES0144	240	sub	get him to	be uh intubated
RES0144	255	sub	not much what happens when you	we will have all these discussions
RES0144	477	sub	point	labs
RES0145	989	ins		uh dry cough
RES0145	1053	sub	but yeah those are the	unintelligible uhm so it see
RES0145	1200	sub	just	stress
RES0145	1227	sub	just self-isolate	self isolate
RES0145	1237	sub	you'll	will
RES0146	0	sub	what	ade
RES0146	17	sub	this	stared
RES0146	454	sub	a	vitamin
RES0146	459	sub	so i	multivitaminparate vis
RES0146	554	sub	last few days okay	symptoms said yesterday evening
RES0147	447	sub	yeah i was	copd uh uhh
RES0147	472	sub	testing	ting
RES0147	679	sub	any exposures to any chemicals or	uhm uh uhm aortic stenosis vol
RES0147	774	ins		uh who lives
RES0147	992	sub	swap	swab
RES0147	1059	sub	cobd	copd
RES0148	456	sub	in the past have you	on to physical exam uh
RES0148	515	sub	along	wanted
RES0148	822	sub	quit before um i did but then	self isolate uhm for for 14 days
RES0148	866	sub	do you drink alcohol	we will get back
RES0149	475	sub	uh	ues
RES0149	654	sub	like periods	surgeries in
RES0149	812	sub	have you no i'm	anyu clotting disorders uh
RES0149	917	sub	my sister and yeah we live in an apartment together okay	some swelling uh ha have been after travels as well uh
RES0149	952	sub	your travels or anybody that you know of i don't think so no okay and do you smoke	history and before what went on to uh uh the physical exam want to check uh vital signs
RES0149	973	sub	do you drink alcohol no how about the use of any recreational	have a listen to your your heart and lungs and uh measure
RES0150	35	sub	started okay so can you	startedk uh unintelligible stated uhuah
RES0150	702	ins		one not
RES0150	962	ins		ey- red
RES0150	999	ins		uh u at the rash andge get the vitals uh but there is a concern that this is could be uh uhm measles and so uh it will be important to uhm have supportive uh management and uhm ensure that uhm it is not passed on to uh anybody else that reminds me yehe was uh playing with uh other children or any other kids uh experiencing similar symptoms im not sure yeah i would be uhm uh a a good idea w to uh want the uhm yeah contact uhm and and see uhm just to make sure that we u treating everybody uh appropriately uhm and then uh we can talk more about the vaccination uh later
RES0151	6	sub	yeah	unintelligible
RES0151	190	ins		uh no chest pain
RES0151	261	ins		unintelligible
RES0151	388	sub	alright and how	lr its unintelligible
RES0151	444	sub	how	unintelligible
RES0151	734	sub	live	lives
RES0151	801	sub	traveled	travel
RES0151	1046	ins		some of the symptoms that you you are having like uh uh cough and uh some nonspecific symptoms like that can show up in covid uh uh for sure so it will be important to get a test for that today we will which will require a nasal swab uh not being said it could be uh a another type of viral illness like the common cold which is causing your your symptoms here today uh and so it will be just be important to be uh diligent and if your symptoms not diligent with the testing i mean with the covid and if your symptoms get any worse uh we it might be uh important to uh go to the hospital or or the emergency department y unintelligible thank you so much patientne
RES0152	5	sub	hi nice to meet	h uh unintelligible justu
RES0152	63	ins		unintelligible
RES0152	234	ins		uh runny
RES0152	419	ins		sig
RES0152	442	sub	your heart's	heart is
RES0152	723	sub	philippines was	filipine sos
RES0152	776	sub	do you smoke	uh he smokes
RES0152	813	sub	so	sot
RES0152	856	sub	not	nothing
RES0152	993	sub	we'll reevaluate yeah sounds good	we will uh reevaluate unintelligible
RES0153	41	sub	um yeah	uhma a
RES0153	105	sub	horseness	hoarseness
RES0153	185	sub	deck	neck
RES0153	453	sub	your	heart
RES0153	555	sub	i may have	sore throat ay
RES0153	597	sub	cole	cold
RES0154	160	sub	strain that's come from uh taking	straining and discomfort when i take
RES0154	192	ins		a lot
RES0154	326	sub	my sheets	unintelligible ingchkayuh
RES0154	705	sub	do you	he smokes
RES0154	728	sub	twenties	20s
RES0154	809	ins		uh on my uh otheru okay uhm and uh have you had antibiotics recently like or or within the last uh six months for any reason no no unintelligible okay uh so so that was everything that i wanted to ask today on uh on history uh so anything that you also wanted to mention i i maybe forgot no i think that's all uhm okay so uh yeah with the the symptoms uh it could be uh a a pneumonia which could be bacterial or viral uhm as well as the possibility of uh something like uhm uh like covid which uh is of course a concern for today so we will go ahead and start those investigations and a swab uh and you may need uhh antibiotics for uhh for this if there there is a pneumonia so we will also get a a chest x-ray uh as well okay
RES0155	136	ins		no
RES0155	188	sub	or	sore
RES0155	380	sub	asking ask me to	gasking gasping for air
RES0155	396	sub	anything really	fevers or
RES0155	438	sub	realize something	other symptoms
RES0155	442	ins		uhm sore throat
RES0155	442	sub	i'm sort of leaving	runny nose uh anything
RES0155	617	ins		energy
RES0155	652	sub	pandemic	diarrhea
RES0155	699	ins		weight
RES0155	858	sub	ventilin	ventolin
RES0155	861	sub	cybacort	symbicort
RES0155	1199	ins		in hospital and monitor your uh response to them uh and then we will also get like uh your some of your blood work and chest x-ray just to see if there is any like pneumonia and lastly uh we will just get like
RES0155	1200	ins		covid swab done since some of these symptoms also overlap with uh covid symptoms uhm anyway so we'll so that that's what we will do uhm and i will let the emergency department know that uh you are on your way uh i we will need to get all those tests there uhm and then uh they will decide whether or not uh you need any kind of admission or you can just go home on antibiotics uhm from there okay okay that that's i'm good thk you yeah yeah we need take
RES0156	287	sub	just	unintelligible
RES0156	470	sub	rugs	drugs
RES0156	520	sub	mental conditions	medical condition
RES0156	710	ins		likely
RES0156	719	sub	that shows	history of
RES0156	724	ins		condition
RES0156	841	ins		uhm never worsened by exertion uhm at this age uh one thing that definitely we want to check is if she has asthma uhm she does have some other symptoms uh uh that are associated with asthma like it seems that she gets uhm some irritation through environmental factors as well so what we will do uh for her is uh get something called a pulmonary function test uh for her to see uh the adult test uh if if she in fact has asthma on and then based on that uh we will uh see if she needs any puffers uhm that can help relieve some of her symptoms uh and lastly uh since she is having a cough we will also do like a covid test just in case as well okay yeah that that sounds good
RES0156	843	ins		yah ands and then we will also do a full physical examination thats on great
RES0158	342	sub	last two	la runny
RES0158	391	ins		at
RES0158	465	ins		nausea
RES0158	543	sub	our sleep's	sleep has
RES0158	583	sub	conditions	condition
RES0158	762	ins		dau and
RES0158	766	ins		uh sta
RES0158	771	ins		one all
RES0158	900	ins		ffinitely impossibility and a lot of the symptoms that you are having overlap with covid symptoms uh so we will definitely get a covid swab test done for you today if usually comes back in the next 24 to 48 hours and until then uh uhm i would recommend that you isolate either in a room separately where i mak around your family members uhm uh isolate to the best of your abilities not go outside to see if someone else can get groceries for you guys as well and then uh depending on the test public health we will contact you with further instructions okay yeah that sounds good thank you u will take it take
RES0159	248	sub	and pain when taking those deep	andin whentke ba unintelligible ppening b
RES0159	546	sub	um medzinopro	lisinopril uh
RES0159	646	sub	the	bph
RES0159	767	sub	uh in	unintelligible inellig
RES0160	748	sub	ramapro	ramipril
RES0161	455	sub	uh	atorvastatin
RES0161	802	sub	thylenol is	tylenol to
RES0161	955	sub	all	unintelligible
RES0162	426	sub	oftentimes	times
RES0163	348	sub	um not really	andly c unintelligible
RES0163	555	sub	breath	bre
RES0163	582	sub	conditions	condition
RES0163	737	sub	do	unintelligible
RES0163	1123	ins		uh we might need to do some imaging and even perhaps send you to uh an ent specialistuh if we think it is obstructive sleep apnea for now we will just sta with the physical examination and go from there
RES0164	397	sub	caused him something	caus symptom uh
RES0164	944	ins		thes
RES0164	970	sub	concerns no okay so yeah so we'll be	muscle achesun k right we will do like
RES0165	512	sub	appetite no	a sant
RES0165	591	sub	conditions	condition
RES0165	863	ins		uhm as per uh management i think you can take over-the-counter medications like tylenol cold drink lots of fluids uh stay hydrated and if those if your symptoms worsen at all uh you canh contact us again an you
RES0166	636	ins		vein
RES0166	636	sub	ingrombosis	thrombosis
RES0166	788	sub	plotting	clotting
RES0166	791	sub	plotting	clotting
RES0166	1007	sub	want	immobilize
RES0167	458	sub	knock on wood	one would uh
RES0167	534	ins		immunization uh
RES0167	543	sub	shingrex i	shingrix uh
RES0167	546	sub	the shingrex the	shingrix unintelligible door
RES0167	953	sub	results	result
RES0167	968	ins		you know little bit
RES0167	979	sub	test	chest
RES0167	1027	sub	shouldn't be it's probably	should b probably one
RES0168	171	ins		throat
RES0168	204	sub	it's soaring	sore in
RES0168	421	sub	just	fron
RES0168	639	sub	long	lung
RES0168	734	sub	might be like once like per month or something okay	mighta andt k a bit of nasal decong t to
RES0168	855	sub	that's it	these decongestant
RES0168	863	sub	in my uh	prescribe some antibiotics
RES0168	874	sub	longer than we have him	you probably amoxicillin uh take
RES0168	883	sub	are the questions i have to give you any questions	for five to seven days uh and see if some
RES0168	1036	sub	don't buy you yourself in like four or forty-eight hours but what it sounds like	we will see how your symptoms are holding up at that point does not somewha
RES0168	1072	sub	have and	intellay problem
RES0169	0	sub	what brings you in today i've been having this	la coule medical conditioniesod or me environmental allerg y
RES0169	107	sub	you	tired
RES0169	263	sub	it's so i've	the common cold
RES0169	299	sub	last	flu
RES0169	371	sub	before okay uh and anything any	weh get a covid swab done
RES0169	426	sub	live with my mom okay do you have any	try it self isolate as much as possible don't
RES0169	505	sub	home okay good do you feel like	uh public health uh nurses and uh
RES0169	513	sub	or your mom may have had contact with anyone who could have potentially been	should uh just continue to if rest and and drink g lots of water
RES0169	531	sub	at school	take tylenol
RES0169	534	sub	something	advil
RES0169	593	sub	and anything that	hopefully your symptoms
RES0169	664	sub	that but	your symptoms
RES0169	750	sub	might have some sort of a	are having worsening symptoms definitely uh
RES0170	122	sub	was	cle
RES0170	499	sub	like when he	u likely tr
RES0171	284	sub	haven't brought up	think fibroids okay
RES0171	394	sub	day before i was yeah anything that's happened recently that's different or new well like about two weeks	weekends but maye thats like a glass or two uhm and uhm justu ye my uh father actually
RES0171	510	sub	actually yeah my right um my right	problem like medication and things like that
RES0171	670	sub	have any	reduce weight
RES0171	688	sub	getting any outside help	need more uh education
RES0171	763	sub	half a pack per day for how long yeah i mean i started	surgery and you uh were not moving around very much someometimes that causes
RES0171	781	sub	kids were born actually so like 10 years ago okay have you tried	blood uh not move around your body as it as as much as
RES0171	796	sub	down at all	usually does and
RES0171	811	sub	restarting quitting and restarting so	get turned into a clot
RES0171	838	sub	alcohol yeah i'll have uh some wine	settle into your lungs and that can
RES0171	908	sub	no i haven't had anything like that okay all right um so i guess	smoke and and your weight uh and your bmi is high increases your risk
RES0171	1005	sub	can talk more about that	will do an ultrasound of
RES0171	1013	sub	i guess you mentioned that	leg and we will do
RES0171	1052	sub	eat more vegetables and um have been trying to do	uh give you any medications uhu any blood thinning medicationunin
RES0172	43	sub	okay can	unintelligible h
RES0172	169	sub	yeah	sta
RES0172	279	sub	to give	some exposure
RES0172	375	sub	days and i	illness that they
RES0172	687	sub	that	others
RES0172	742	sub	are you	self isolate
RES0172	770	sub	home okay have you had any exposures to anyone who	least call thes back or her symptoms u improve uh
RES0173	545	sub	is there a	particular uh muscle
RES0173	582	sub	no	unintelligible
RES0173	891	sub	so i'm really very careful i'm not yeah i'm not maintaining social distancing with my boyfriend in	that was everything that i wanted to ask on on history today uh was there anything else
RES0173	926	sub	currently working	wanted to
RES0173	987	sub	stuff but i	bringing these symptoms
RES0174	216	sub	like 15	unintelligible hel
RES0174	244	sub	you get shorter	get short of
RES0174	1094	sub	you	smokes
RES0175	576	sub	brand	bra
RES0175	587	sub	hard	heart
RES0176	483	sub	a rotty	or runny
RES0176	547	sub	episode i kind	episodeh unintelligible uh
RES0177	312	sub	how about when he's laying	heo when he is laing
RES0177	329	sub	i think	e bre
RES0177	463	sub	changes	change
RES0177	636	sub	he	unintelligible
RES0177	706	sub	anyone he's been in	his symptoms are relapped
RES0177	721	sub	younger sister that	swab on him
RES0177	779	sub	few days okay and have you traveled anywhere recently	chest x-ray we will uh check his ox- oxygen
RES0177	839	sub	it's a newer home okay good so those are all the questions that i	we will start by uh giving him some amoxicillin uh covulate for uh furoxime
RES0177	855	sub	you did you have any questions of your own no i no that was everything i think	five days uhm and just keep monitoring his symptoms they should resolve in about five days when
RES0177	877	sub	other thing that i	course of antibiotics uhm
RES0177	885	sub	that just	complete if
RES0177	937	sub	about	five
RES0178	213	sub	does	dizzy
RES0178	513	sub	okay any	was normal
RES0178	659	sub	immunizations	immunization
RES0178	680	sub	conditions no	condition uh
RES0178	794	ins		as best
RES0179	440	sub	a	afib
RES0179	513	sub	that's	buts
RES0179	523	sub	so	sore
RES0179	526	sub	um tangent	uh change
RES0179	561	sub	no	cho
RES0179	873	sub	mentioned that you smoke um how much do you smoke and for how long have you been smoking i smoke about a pack per day um and i guess probably been smoking	you have any questions of your own for myself uh no just uh really wu to the lung cancer yeah for sure so uhm that is quite high on my differential right
RES0179	906	sub	for uh i mean i i guess like sixty years almost maybe longer um okay and before that i i there	just because of your age or smoking history and just the way are presenting uhm so we are going to do
RES0179	938	sub	day oh wow okay well it's good that	covid swab just to rule that out uh
RES0179	947	ins		should hear back in about 24
RES0179	955	ins		investigations for lung
RES0179	974	ins		effusions and then
RES0179	997	sub	my wife um in	the pet ct after
RES0179	1057	sub	no i don't think so	okay he had no problem
RES0180	0	sub	what brings	ch pain
RES0180	279	sub	your heart's	heart is
RES0180	611	sub	so okay and are you	echo lung or cond uh
RES0180	794	sub	last week or something like that but it it just went up it went away okay	if if your symptoms are going away after like a few weeks uh call us back
RES0181	295	sub	bringing up any	spum nause vomit
RES0181	537	sub	working i'm in school	lung conditions how wasr
RES0181	552	sub	or in half days like in person yeah	sorry to hear that uh u sore uh
RES0181	643	sub	but that's all she had she never had	of your mouth uh as well as the
RES0181	708	sub	you tried	no cough
RES0181	737	sub	is	swelling
RES0181	783	sub	sorry i	redness that
RES0181	824	sub	mention today no i don't think so when you asked me if my	see to detect for that uh however uh with uh uh uh yeah
RES0182	96	sub	like	change
RES0182	433	sub	urination or frequency	urinationrequ ras mucle
RES0182	483	sub	anything like	surg uh
RES0182	589	sub	live in an	wanted to ask
RES0182	638	sub	where did you move from i	hemoptysis and so we will do
RES0182	684	sub	my immediate family members were okay and do you smoke cigarettes no	u antibiotics uhm so that that will be over several months uh
RES0183	89	ins		hemoptysis no
RES0183	222	sub	strider has	uh stridor
RES0183	460	sub	or mentioned	orment noh
RES0183	596	ins		cough
RES0183	607	sub	strider	stridor
RES0183	819	sub	no okay and is	ay uh unintelligible go
RES0183	1038	sub	strider	stridor
RES0183	1071	ins		other
RES0184	321	sub	heart's	heart
RES0184	381	sub	school	echo
RES0184	447	ins		re hospitalizations
RES0185	275	sub	eight	night
RES0185	307	sub	and not your	uh nausea or
RES0185	496	sub	conditions i'm	condition uh
RES0185	601	sub	friends but that's i mean maybe	h uh a little bit of
RES0185	608	ins		cough uh was''
RES0185	737	sub	live right now so i just live in a student house	may have a viral infection uhm and because your symptoms overlo
RES0185	749	sub	oh yeah sorry	covid swab on
RES0185	767	ins		it it it is most likely
RES0185	767	sub	there any old carpets you know reasons for	to be a common cold in which case
RES0185	785	ins		hydration nutrition good sleep uhm but if your symptoms get
RES0185	791	ins		weakness or seizures uh you should get
RES0185	801	ins		like that so unintelligible are uhm alright
RES0185	801	sub	worse it's mostly like	take ca unintelligible patname
RES0186	695	sub	live right now so i live in a house	should hear back in about 24 to 48 hours
RES0186	746	sub	essentials and i do work at a factory and so i mean there	er uh if you are experiencing things like uh weakness seizures like uh
RES0186	821	sub	newer home and we've done some renovations okay	of those will definitely help as well s
RES0186	853	sub	i	problem
RES0187	157	sub	lot	life
RES0187	169	sub	changed my	change ine
RES0187	202	sub	yeah	unintelligible
RES0187	326	sub	blood right	bloody and
RES0187	470	sub	your	heart
RES0187	660	ins		condition
RES0187	717	sub	for	far
RES0187	774	sub	you smoke it or edibles um	iible u smoker excuse me uhm
RES0187	893	sub	in an	unintelligible weeokay
RES0187	915	sub	no	one
RES0187	941	ins		we kind of have outs not to not to show up uhigible were one were drinking like smoking we may share like a joint sounin dont want to get everyone se sons yeah share and were you live right now
RES0187	947	ins		any old carpet that schoolv as best is anything that could make your condition worse no no
RES0187	963	ins		just wanted to see what
RES0187	971	ins		are going to do a covid sw on you because a
RES0187	973	ins		your symptoms do lineign with those of covid so i just
RES0187	988	ins		48 hours uh in the meantime you should isolate for two weeks uh and if it is
RES0187	989	ins		covid uhm it could be another viral infection s been going around this time of year either way uh kind of management plan is
RES0187	996	ins		are hydrated
RES0187	996	sub	know when we're when we're drinking	eat well uh sleep well uh
RES0187	1003	ins		if your symptoms become worse severe or
RES0187	1041	sub	no	problem
RES0188	590	sub	immunizations	immunization
RES0188	881	ins		keep him hydrated uhm we will also give him some antibiotics if uh if it turns out he has pneumonia yeah uh does that okayun good than youy unintelligible
RES0189	96	ins		down stairs
RES0189	109	sub	downstairs	stairs
RES0189	423	sub	homophysis	hemoptysis
RES0189	495	ins		that pains character like as it is sharp dull or achy it is more just an ache and it is kind of more of a discomfort than a pain it kind of goes away once my episode of coughing and shortness of breath is relieved with some rest okay uh and
RES0189	499	ins		experiencing any fevers or chills yah i have been
RES0189	575	sub	nice threats	night sweats
RES0189	593	sub	no my	weight has
RES0189	665	sub	no have	abdominal painha
RES0189	835	ins		ventolin
RES0189	1043	sub	i	ist
RES0189	1264	ins		ng with wheezing and kind of this chest discomfort that you are experiencing uh and so uh this will require uh some antibiotics as well uh and depending on the severity of uh symptoms possibly some uh steroids as well to help with the uh inflammation okay unintelligible thk you
RES0190	139	sub	the atotsular	you tonsillar
RES0190	617	sub	no not that i know	h nothing okay uh uh
RES0190	924	sub	loving	living
RES0190	1077	ins		now with no cough uh uh tonsillar exudate uh uh a fever uh also your age and the uh like swelling uh and redness that you noticed in the back of your throat is likely a group a strep pharyngitis that is causing this uh and with your exposure to your brother who also received antibiotics uh could be potentially be a sick contact for you that you were around so uh this would require antibiotics as well uh for yourself and we will do a rapid strep antigen test uh to check for this uh and wait on the the result for that uh because it it still could possibly be uh a viral illness and so that test is negative and we are thinking it is a viral illness then we might uh hold off on the antibiotics u for now and monitor sy oms and if at any point things get worse like you start to get shortness of breath or your fevers getting worse and it is not uh not being controlled then uh we will reassess the the situation okay it sounds good thank you so much thank you
RES0191	282	sub	coughed	cough
RES0191	725	sub	i do i'll	kay uh add
RES0191	839	ins		uh obstru without fever and uh without uh uh like changes to smell and alsou without pain it is uh most likely a viral uh rhinosinusitis uh and uh however uh this could have symptoms that overlap with uh with covid uh and so we will still uh end up doing a a a swab even though the the most likely diagnosis is going to be a uh viral acute rhinosinusitis uhhoul you have any other
RES0192	180	sub	orthopnia is what	orthopnea uhm and
RES0192	533	sub	heart's	heart
RES0192	1186	sub	asbestos-related	related
RES0193	164	sub	exercised	exercise
RES0193	185	sub	are these coffee	the the coughing
RES0193	305	sub	i see	illness uh
RES0193	313	sub	or any	runny nose
RES0193	360	sub	haven't	not
RES0193	432	sub	changes	change
RES0193	445	sub	any	change
RES0193	1043	sub	and so	anduh unintelligible
RES0193	1153	ins		especiallyly uh due to his age and the symptoms that he
RES0193	1168	sub	that's the other thing	definitely that is something
RES0193	1191	ins		like a full physical examination uh listen to
RES0193	1258	sub	you want to find out more um	anything like an allergy testing or uh
RES0193	1270	ins		help manage his symptoms with a puffer for example like ventolin and inhaled corticosteroid but those were just some discussions
RES0193	1274	ins		near future
RES0194	397	sub	haven't	not
RES0194	453	sub	manage to	ment you
RES0194	524	sub	family who's	fam has
RES0194	568	ins		unintelligible
RES0194	671	ins		weight
RES0194	964	sub	off for	offer the
RES0194	1009	sub	right	rat
RES0194	1150	ins		over la with uh the cluster of symptoms that someone may get with covid so we will do a swab on you today uh and uh recommend that you isolate for two weeksuh until your symptoms have uh gone uh and the test result you will get you will get back in the next 24 to 48 hours and alongside your test results you will also get further instructions from public healtth about whether or not you need another swab later on and when to return to work okayh that unintelligible good thank you and always and it can definitely also be another viral infection as well even if it is not covid in which case it it just you just need to get some rest dehydrated uh and let it take its course okayu that unintelligible could be covid or i viral illness yeah okay thank you
RES0195	19	ins		short
RES0195	279	ins		shin
RES0195	488	sub	okay and	unintelligible ationunintelligiblet
RES0195	925	sub	conditions um no	condition uhm nolung
RES0195	931	sub	conditions	condition
RES0195	1046	ins		definitely one thing we need to out the shortness of
RES0195	1046	sub	i drink once in a while	breath is viral or viral infection
RES0195	1053	ins		coronavirus so we
RES0195	1070	ins		shortness of breath some other uh symptomsuh the ras below the k erythema nodosum and irritation
RES0195	1076	ins		family history
RES0195	1076	sub	any questions for me no like what do	of autoimmune conditions as well so sometimes uh
RES0195	1104	ins		something like uh sarcoidosis uh which can cause uh fibrosis in your lungs that ma
RES0195	1121	ins		chest x-ray and also
RES0195	1141	ins		what comes back uh we may have to refer you
RES0195	1143	sub	few months and you're having with	rheumatologist for further management and treatment
RES0196	109	sub	do	unintelligible
RES0196	144	sub	okay	unintelligible
RES0196	154	sub	year	ear
RES0196	156	sub	year	ear
RES0196	316	sub	past two	unintelligible uhm
RES0196	695	sub	was	lis
RES0196	704	ins		today so definitely since there is a risk that she might be having another ear infection uh we will need to do like a full physical examination i will have to look into her ear to see uhm if i see any inflammation or perforation and then based on that uh we will discuss some management uhm she may require some uh antibiotics like she has had before uh but well depend on what uh i see on physical examination she has been having a fever so she might uh uhm and it has only been three days right so we may even uh do some conservative management and uhm get her to take some maybe pain medications and then go from there or ear drops uhm uh yeah so we will do the examination and then go from there uhm she since she has if had the fever and the ear pain she is not really having any other symptoms so uh i dont think she needs to get tested for covid right now but uh that is something we can consider as well if she develops other
RES0196	704	sub	younger sister	symptoms it
RES0197	116	sub	ventilin deventilin	ventolin ventinost
RES0197	363	sub	port	sore
RES0197	365	ins		runny
RES0197	365	sub	bonus um	nose uh
RES0197	395	sub	ventiline	ventolin
RES0197	408	sub	ventilin um	ventolin uh
RES0197	553	sub	ventilin	ventolin
RES0197	586	sub	that's about it	unintelligible ky uhm
RES0197	607	sub	and	unintelligible
RES0197	770	sub	conditions at	condition though
RES0197	832	sub	ventilin	ventolin
RES0197	835	ins		ma wee will
RES0198	560	sub	i'm in school right now	okay and so living uh
RES0198	598	sub	maybe	drugs
RES0198	600	ins		uh cocaineu heroin any like no uh and do drink alcohol no no uhm and do smoke tobacco no so uh those were all the questions uh i had for
RES0198	613	ins		it is uh most likely
RES0198	617	ins		the common cold uh it takes uh a few weeks for the symptoms to get relieved but there is not uh much
RES0198	618	ins		we can do beside supportive care so make sure you get uh you stay well hydrated uh you can use over-the-counter medications uh like tylenol cold uhm that if if you to relieve some of your symptoms but uh since right now we in a pandemic uh some of these symptoms can also be uh seen in covid patient so we will also get a swab done
RES0198	622	ins		you should have the results back by 48 hours uh and until then uh we recommend
RES0198	629	ins		not see anyone else uh and then once the results come
RES0198	629	sub	do	back
RES0198	631	ins		will get further instructions from public health okay that
RES0199	123	sub	tyl	tylenol
RES0199	251	sub	it's kind	come sta
RES0199	413	ins		he fatigue uh i guess just a little bit tired over the
RES0199	543	sub	when did	unintelligible rt
RES0199	642	ins		unintelligible uhm usual feel whatever i
RES0199	642	sub	um are you throwing up	e conent food content do
RES0199	648	sub	blood	vomiting
RES0199	705	ins		family history of lung or heart condition
RES0199	706	sub	feelings of like um feeling like you're bloated	smoke no no okay uhm have uh marijuana
RES0199	715	sub	gassy um	heroin opioid
RES0199	766	ins		anyone sick
RES0199	875	ins		management kind of
RES0199	878	sub	yeah just by myself though okay um any	are well hydrated eating nutritionious foods sleeping well
RES0200	0	sub	i	unintelligible
RES0200	67	sub	okay you	okns copd
RES0200	123	sub	you	ion
RES0200	309	sub	no not really it's	uhuninigible wa unintelligible nookau
RES0200	342	sub	no	orthopnea
RES0200	351	sub	the puffers that you're	unintelligible ventolin unintelliguninig relie
RES0200	385	sub	then i'm on this other	theper uh unintelligible elliguninellible uh
RES0200	429	sub	when i'm having	whenuntig unintelligible breaing
RES0200	552	sub	so	sore
RES0200	565	sub	your	ear
RES0200	578	sub	my weight's been pretty steady	re pretad chs uh may
RES0200	650	sub	conditions i	condition uhuh
RES0200	798	sub	immunizations yeah	immunization unintell
RES0200	828	sub	yeah i got the both	allies h no family history
RES0200	834	ins		lung
RES0200	986	ins		uh cbc
RES0200	996	ins		chest
RES0200	1072	sub	have you traveled anywhere recently no just been at our house okay all right well those were all the questions that i had did	symptoms somewhat over alock with those of covid we will also do a covid swab test to make sure it is not that and
RES0200	1097	sub	have any questions of your own yeah i was just wondering what this can be yeah you know it sounds like you have a couple	should hear back uhm about those results in 24 to 48 hours how is that doound what good thank you okay he had no problem
RES0201	128	sub	stayed	sta
RES0201	208	ins		pain
RES0201	522	sub	anything like that	any fever uhm
RES0201	588	sub	okay well we might	uhm ell unintelligible unintelligible
RES0201	623	sub	conditions that you	condition you uh
RES0201	704	sub	do	dok
RES0201	910	sub	you still	symptoms and
RES0201	970	sub	okay well	unintelligible than
RES0202	24	sub	friday	cda
RES0202	136	sub	time and	head andu
RES0202	224	ins		five
RES0202	238	ins		three
RES0202	389	sub	certain	sever
RES0202	552	sub	heart's racing	heart racingt
RES0202	664	sub	those are	unintelligible andlaing
RES0202	690	sub	no	change
RES0202	950	sub	like it's	unintelligible u
RES0202	1185	sub	swap	swab
RES0202	1240	sub	swap	swab
RES0202	1318	ins		is thats i a go okayuntible youinelligible and should have mentioned uh if if it was just the cough or if he was just short of breath or something
RES0202	1320	ins		and he did not have the fever we would add thingings like asthma uh to the list of things he could be worked up for but uh right now
RES0202	1323	ins		like it sounds like an infection unintelligible aalright sounds great haveve a
RES0203	177	sub	yeah	unintelligible
RES0203	311	sub	okay	unintelligible
RES0203	458	sub	to	unintelligible
RES0203	486	sub	environmental things no okay okay have	enviunin thingigible uhmin unintelligible kay uhm
RES0203	573	sub	cancers	cancer
RES0203	576	ins		problem
RES0203	615	sub	okay and we've got	uhm unintelligible ok uhh
RES0203	785	ins		self isolate
RES0203	883	sub	well	unintelligible
RES0204	467	sub	recently okay	get short
RES0204	476	sub	okay no okay	breath or wheezy
RES0206	287	sub	exacerbations i haven't	exacerbation pe yearsned
RES0206	699	sub	something this time	copd exacerbation worsen
RES0206	815	sub	copes are getting better do you	copd symptoms uh we would also
RES0206	933	sub	sense of	labs and
RES0206	940	sub	sense of	vital signs
RES0206	995	sub	house my husband okay and do	er and be admitted or if
RES0208	229	sub	she thought	shet fel
RES0208	464	sub	same	fevers
RES0208	557	sub	is it sort	and difficulty breathing
RES0208	667	sub	traveled anywhere outside the province	are having difficult breathing go
RES0208	790	sub	help so i stopped great that's great	see if there is anything an infection
RES0209	732	sub	family	medications
RES0209	781	sub	your sister uh yeah that's right	maybe will be better be able
RES0209	794	sub	school online	better control
RES0213	772	sub	it's hard	i har
RES0213	973	sub	okay and	alo in't
RES0214	357	sub	week okay how's	weekkay unintelligible uh
RES0214	1011	sub	and your husband self-isolate	your husband's self isolate
RES0215	57	sub	presented	present
RES0215	89	ins		that was just with any type of activity
RES0215	232	sub	so here	sor tact
RES0215	725	sub	already	ees
RES0215	931	sub	these episodes	not stt
RES0216	13	sub	maybe	mas
RES0217	128	sub	around	ipe
RES0217	234	sub	reflecting	ras
RES0217	250	sub	abiotics	antibiotics
RES0217	547	sub	it but	geral consideration
RES0217	1149	sub	ticks	tics
RES0217	1170	sub	ticks	tics
RES0217	1175	sub	look ticks	lo tics
