dataset	file_id	pattern	ref_words	parakeet_words	medasr_words	medasr_correct
primock57	day1_consultation01	NUMERIC	yeah six			unalignable
primock57	day1_consultation01	LATERALITY	left	yeah		unalignable
primock57	day1_consultation01	NEGATION_FLIP	um	no		unalignable
primock57	day1_consultation01	NEGATION_FLIP	uh no			unalignable
primock57	day1_consultation01	NEGATION_FLIP	no			unalignable
primock57	day1_consultation01	NEGATION_FLIP	nothing	think		unalignable
primock57	day1_consultation01	LATERALITY	um	right		unalignable
primock57	day1_consultation01	LATERALITY	fine	right		unalignable
primock57	day1_consultation01	NUMERIC	two		next two two to three days	0
primock57	day1_consultation01	NEGATION_FLIP	no			unalignable
primock57	day1_consultation02	NEGATION_FLIP	it's a bit it's not			unalignable
primock57	day1_consultation02	NEGATION_FLIP	can't			unalignable
primock57	day1_consultation02	NEGATION_FLIP	can't			unalignable
primock57	day1_consultation02	NEGATION_FLIP	cannot uh	kind of		unalignable
primock57	day1_consultation02	NUMERIC	four days ago			unalignable
primock57	day1_consultation02	NEGATION_FLIP	i cannot um	i'm kind of		unalignable
primock57	day1_consultation02	NEGATION_FLIP	cannot	of		unalignable
primock57	day1_consultation02	NEGATION_FLIP	ok	no		unalignable
primock57	day1_consultation02	NEGATION_FLIP	no	okay		unalignable
primock57	day1_consultation02	NUMERIC	thirty	31		unalignable
primock57	day1_consultation02	NUMERIC	one uh			unalignable
primock57	day1_consultation02	NEGATION_FLIP	nothing			unalignable
primock57	day1_consultation02	NEGATION_FLIP	ok ok	didn't okay		unalignable
primock57	day1_consultation02	NUMERIC	ten	10	10	0
primock57	day1_consultation03	LATERALITY	left	left-hand		unalignable
primock57	day1_consultation03	NEGATION_FLIP	why don't we			unalignable
primock57	day1_consultation03	LATERALITY	left			unalignable
primock57	day1_consultation03	NEGATION_FLIP	yes no			unalignable
primock57	day1_consultation03	NEGATION_FLIP	nothing			unalignable
primock57	day1_consultation03	NEGATION_FLIP	no	okay		unalignable
primock57	day1_consultation03	NEGATION_FLIP	no			unalignable
primock57	day1_consultation03	NEGATION_FLIP	no	okay		unalignable
primock57	day1_consultation03	NEGATION_FLIP	no ok alright	okay all right		unalignable
primock57	day1_consultation03	LATERALITY	right			unalignable
primock57	day1_consultation04	NUMERIC	or two	of the		unalignable
primock57	day1_consultation04	NEGATION_FLIP	you didn't			unalignable
primock57	day1_consultation04	NUMERIC	first	sweats		unalignable
primock57	day1_consultation04	NEGATION_FLIP	no			unalignable
primock57	day1_consultation04	NEGATION_FLIP	no			unalignable
primock57	day1_consultation04	NEGATION_FLIP	yes no			unalignable
primock57	day1_consultation04	NEGATION_FLIP	they're not			unalignable
primock57	day1_consultation04	NEGATION_FLIP	no			unalignable
primock57	day1_consultation04	NEGATION_FLIP	no			unalignable
primock57	day1_consultation04	NUMERIC	type two			unalignable
primock57	day1_consultation04	NEGATION_FLIP	you	no		unalignable
primock57	day1_consultation04	NEGATION_FLIP	not			unalignable
primock57	day1_consultation04	NEGATION_FLIP	no			unalignable
primock57	day1_consultation05	NEGATION_FLIP	no	okay		unalignable
primock57	day1_consultation05	NEGATION_FLIP	i've never			unalignable
primock57	day1_consultation05	NEGATION_FLIP	not that			unalignable
primock57	day1_consultation05	NEGATION_FLIP	no ok alright	okay all right		unalignable
primock57	day1_consultation05	NEGATION_FLIP	no			unalignable
primock57	day1_consultation05	NEGATION_FLIP	no	okay		unalignable
primock57	day1_consultation05	NEGATION_FLIP	no ok alright	okay all right		unalignable
primock57	day1_consultation05	NUMERIC	it's it's	one we		unalignable
primock57	day1_consultation06	LATERALITY	right	okay		unalignable
primock57	day1_consultation06	NEGATION_FLIP	uh bisoprolol the	not prol that		unalignable
primock57	day1_consultation06	NEGATION_FLIP	uh bisoprolol	not prolol		unalignable
primock57	day1_consultation06	NUMERIC	a thousand ok alright	simbastatin okay all right		unalignable
primock57	day1_consultation06	NEGATION_FLIP	no	okay		unalignable
primock57	day1_consultation06	NUMERIC	sixties	60s		unalignable
primock57	day1_consultation06	NUMERIC	sixties ok	60s okay		unalignable
primock57	day1_consultation06	NEGATION_FLIP	no uh			unalignable
primock57	day1_consultation06	NUMERIC	twenty	25		unalignable
primock57	day1_consultation06	NUMERIC	five			unalignable
primock57	day1_consultation06	NEGATION_FLIP	i don't			unalignable
primock57	day1_consultation06	NEGATION_FLIP	and	no		unalignable
primock57	day1_consultation07	LATERALITY	right	but		unalignable
primock57	day1_consultation07	NEGATION_FLIP	my wife's	no bike's		unalignable
primock57	day1_consultation07	NEGATION_FLIP	no um and uh any other symptoms	there it seems like it's definitely trouble		unalignable
primock57	day1_consultation07	LATERALITY	right			unalignable
primock57	day1_consultation07	NEGATION_FLIP	nothing table um			unalignable
primock57	day1_consultation07	NEGATION_FLIP	not not			unalignable
primock57	day1_consultation07	LATERALITY	right aye			unalignable
primock57	day1_consultation07	LATERALITY	ah right yeah uh			unalignable
primock57	day1_consultation07	NEGATION_FLIP	haven't			unalignable
primock57	day1_consultation07	NUMERIC	fit	50		unalignable
primock57	day1_consultation07	NUMERIC	i'm i'm fifty			unalignable
primock57	day1_consultation07	NEGATION_FLIP	uh	no		unalignable
primock57	day1_consultation07	NEGATION_FLIP	it's not			unalignable
primock57	day1_consultation07	NEGATION_FLIP	no ok	okay okay		unalignable
primock57	day1_consultation07	NEGATION_FLIP	it's it's not it's not			unalignable
primock57	day1_consultation07	NEGATION_FLIP	no	okay		unalignable
primock57	day1_consultation07	NEGATION_FLIP	it's not			unalignable
primock57	day1_consultation07	NEGATION_FLIP	haven't you know			unalignable
primock57	day1_consultation07	NUMERIC	the first			unalignable
primock57	day1_consultation07	NUMERIC	four	okay		unalignable
primock57	day1_consultation07	NUMERIC	five days ago			unalignable
primock57	day1_consultation07	NEGATION_FLIP	no i haven't	or have you		unalignable
primock57	day1_consultation07	NUMERIC	two aye			unalignable
primock57	day1_consultation07	NUMERIC	uh or ok	a one okay		unalignable
primock57	day1_consultation07	NEGATION_FLIP	i haven't got			unalignable
primock57	day1_consultation07	LATERALITY	long-term right ok	long term okay		unalignable
primock57	day1_consultation07	NEGATION_FLIP	not that i'm			unalignable
primock57	day1_consultation07	NEGATION_FLIP	you know nah not just			unalignable
primock57	day1_consultation07	NEGATION_FLIP	not			unalignable
primock57	day1_consultation07	NEGATION_FLIP	nothing	anything		unalignable
primock57	day1_consultation07	NEGATION_FLIP	not			unalignable
primock57	day1_consultation07	NUMERIC	four			unalignable
primock57	day1_consultation07	NUMERIC	nine			unalignable
primock57	day1_consultation07	LATERALITY	right yes aye			unalignable
primock57	day1_consultation07	NUMERIC	twenty	24	24 to4unintrea	0
primock57	day1_consultation07	NUMERIC	four		24 to4unintrea	0
primock57	day1_consultation07	NUMERIC	forty	48		unalignable
primock57	day1_consultation07	NUMERIC	eight			unalignable
primock57	day1_consultation07	NEGATION_FLIP	go	won't		unalignable
primock57	day1_consultation07	NUMERIC	twenty	24		unalignable
primock57	day1_consultation07	NUMERIC	four			unalignable
primock57	day1_consultation07	NUMERIC	forty	48		unalignable
primock57	day1_consultation07	NUMERIC	eight			unalignable
primock57	day1_consultation07	NEGATION_FLIP	not			unalignable
primock57	day1_consultation07	LATERALITY	right			unalignable
primock57	day1_consultation08	NUMERIC	twenty six twenty	26 26 okay		unalignable
primock57	day1_consultation08	NUMERIC	six ok			unalignable
primock57	day1_consultation08	NEGATION_FLIP	no			unalignable
primock57	day1_consultation08	NEGATION_FLIP	no ok	yep okay		unalignable
primock57	day1_consultation08	NEGATION_FLIP	don't	mean		unalignable
primock57	day1_consultation08	NEGATION_FLIP	certainly	don't		unalignable
primock57	day1_consultation08	LATERALITY	right	great		unalignable
primock57	day1_consultation09	NUMERIC	nineteen	19		unalignable
primock57	day1_consultation09	NEGATION_FLIP	not			unalignable
primock57	day1_consultation09	LATERALITY	right right	okay okay		unalignable
primock57	day1_consultation09	NEGATION_FLIP	not			unalignable
primock57	day1_consultation09	NEGATION_FLIP	no			unalignable
primock57	day1_consultation09	NEGATION_FLIP	not that i've			unalignable
primock57	day1_consultation09	NEGATION_FLIP	hope you don't mind	hoping that we are		unalignable
primock57	day1_consultation09	NEGATION_FLIP	don't think i've ever			unalignable
primock57	day1_consultation09	NEGATION_FLIP	no	okay		unalignable
primock57	day1_consultation09	NUMERIC	three weeks ago ok			unalignable
primock57	day1_consultation09	NEGATION_FLIP	i don't no no			unalignable
primock57	day1_consultation09	NEGATION_FLIP	it wasn't			unalignable
primock57	day1_consultation09	LATERALITY	right	okay		unalignable
primock57	day1_consultation09	NEGATION_FLIP	i don't			unalignable
primock57	day1_consultation09	NUMERIC	three	three-day	has threeday	0
primock57	day1_consultation10	NUMERIC	nineteen	19		unalignable
primock57	day1_consultation10	NUMERIC	nineteen	19		unalignable
primock57	day1_consultation10	NEGATION_FLIP	no	okay		unalignable
primock57	day1_consultation10	NEGATION_FLIP	no			unalignable
primock57	day1_consultation10	LATERALITY	right um			unalignable
primock57	day1_consultation10	NEGATION_FLIP	like yeah ok uh	no no not that		unalignable
primock57	day1_consultation10	NEGATION_FLIP	no no not uh uh			unalignable
primock57	day1_consultation10	NEGATION_FLIP	no			unalignable
primock57	day1_consultation10	NEGATION_FLIP	like i dunno	i don't know		unalignable
primock57	day1_consultation10	LATERALITY	yeah yeah that's it yeah yeah that's right ok			unalignable
primock57	day1_consultation10	NUMERIC	clindamycin mycin ok ok ok then i	clindusin that looked like half years ago		unalignable
primock57	day1_consultation10	NEGATION_FLIP	no or generally			unalignable
primock57	day1_consultation10	NUMERIC	three	three-day	threeda co	0
primock57	day1_consultation11	NEGATION_FLIP	this audio and then it's absolutely fine just connection on the screen uh	have a connection on the screen it's audio no no it's actually fine		unalignable
primock57	day1_consultation11	NUMERIC	seven twenty seven	27 27 okay		unalignable
primock57	day1_consultation11	NUMERIC	twenty seven ok			unalignable
primock57	day1_consultation11	NEGATION_FLIP	not			unalignable
primock57	day1_consultation11	NEGATION_FLIP	no i			unalignable
primock57	day1_consultation11	NEGATION_FLIP	i don't			unalignable
primock57	day1_consultation11	NUMERIC	ten	10		unalignable
primock57	day1_consultation11	NUMERIC	is it ten			unalignable
primock57	day1_consultation11	NUMERIC	ten	10		unalignable
primock57	day1_consultation11	NUMERIC	solid six ok	okay all right		unalignable
primock57	day1_consultation11	NEGATION_FLIP	uh no	i know		unalignable
primock57	day1_consultation11	NEGATION_FLIP	i'm not			unalignable
primock57	day1_consultation11	NEGATION_FLIP	no	know		unalignable
primock57	day1_consultation11	NEGATION_FLIP	no			unalignable
primock57	day1_consultation11	NEGATION_FLIP	i'm not			unalignable
primock57	day1_consultation11	NEGATION_FLIP	i don't			unalignable
primock57	day1_consultation11	NEGATION_FLIP	i don't			unalignable
primock57	day1_consultation11	NEGATION_FLIP	not of that 'cause uh	there because uh it's always		unalignable
primock57	day1_consultation11	NEGATION_FLIP	don't			unalignable
primock57	day1_consultation11	NEGATION_FLIP	um i i don't			unalignable
primock57	day1_consultation11	NEGATION_FLIP	haven't			unalignable
primock57	day1_consultation11	NEGATION_FLIP	um not			unalignable
primock57	day1_consultation11	NEGATION_FLIP	not but			unalignable
primock57	day1_consultation11	LATERALITY	um right			unalignable
primock57	day1_consultation11	NUMERIC	forty	48		unalignable
primock57	day1_consultation11	NUMERIC	eight			unalignable
primock57	day1_consultation12	NUMERIC	forty eight	48 okay		unalignable
primock57	day1_consultation12	LATERALITY	right um			unalignable
primock57	day1_consultation12	NEGATION_FLIP	not		not not really no	1
primock57	day1_consultation12	NEGATION_FLIP	no ok alright	okay all right		unalignable
primock57	day1_consultation12	NEGATION_FLIP	no	okay		unalignable
primock57	day1_consultation12	NEGATION_FLIP	not	okay		unalignable
primock57	day1_consultation12	NUMERIC	ten	10	10	0
primock57	day1_consultation12	NUMERIC	twenty	24		unalignable
primock57	day1_consultation12	NUMERIC	four			unalignable
primock57	day1_consultation12	NUMERIC	forty	48		unalignable
primock57	day1_consultation12	NUMERIC	eight			unalignable
primock57	day1_consultation13	NUMERIC	twenty	26		unalignable
primock57	day1_consultation13	NUMERIC	six			unalignable
primock57	day1_consultation13	NUMERIC	eight	okay	eightperiodelligible decrib	0
primock57	day1_consultation13	NEGATION_FLIP	no	know	no	1
primock57	day1_consultation13	NEGATION_FLIP	no vomiting ok			unalignable
primock57	day1_consultation13	NEGATION_FLIP	ok ok yeah probably	okay okay no problem		unalignable
primock57	day1_consultation13	NEGATION_FLIP	no			unalignable
primock57	day1_consultation13	LATERALITY	right ok			unalignable
primock57	day1_consultation13	NUMERIC	five	years		unalignable
primock57	day1_consultation13	NUMERIC	too	two		unalignable
primock57	day1_consultation14	NUMERIC	fifty	50		unalignable
primock57	day1_consultation14	NUMERIC	fifty ok	50 okay		unalignable
primock57	day1_consultation14	NEGATION_FLIP	nothing nothing on the ears			unalignable
primock57	day1_consultation14	NEGATION_FLIP	no	or		unalignable
primock57	day1_consultation14	NEGATION_FLIP	not			unalignable
primock57	day1_consultation14	NEGATION_FLIP	not really day to day when you			unalignable
primock57	day1_consultation14	NEGATION_FLIP	not			unalignable
primock57	day1_consultation14	NEGATION_FLIP	not			unalignable
primock57	day1_consultation14	NUMERIC	a	100		unalignable
primock57	day1_consultation14	NUMERIC	hundred percent			unalignable
primock57	day1_consultation14	NEGATION_FLIP	nausea	no		unalignable
primock57	day1_consultation14	NEGATION_FLIP	it didn't			unalignable
primock57	day1_consultation14	NEGATION_FLIP	ok no i	okay yeah and		unalignable
primock57	day1_consultation14	LATERALITY	um	right		unalignable
primock57	day1_consultation14	LATERALITY	right ok ok			unalignable
primock57	day1_consultation14	NEGATION_FLIP	if you don't	should i say		unalignable
primock57	day1_consultation14	NEGATION_FLIP	no			unalignable
primock57	day1_consultation14	LATERALITY	right	great		unalignable
primock57	day1_consultation14	LATERALITY	right ok	oh wait		unalignable
primock57	day1_consultation14	NUMERIC	ten	10		unalignable
primock57	day1_consultation14	NEGATION_FLIP	no			unalignable
primock57	day1_consultation15	NUMERIC	forty five	45 45		unalignable
primock57	day1_consultation15	NUMERIC	forty five			unalignable
primock57	day1_consultation15	NEGATION_FLIP	i don't get yeah um ok alright	palm okay all right do you notice		unalignable
primock57	day1_consultation15	NEGATION_FLIP	yeah but isn't sorry			unalignable
primock57	day1_consultation15	NUMERIC	two	2		unalignable
primock57	day1_consultation15	NUMERIC	two	2		unalignable
primock57	day1_consultation15	NEGATION_FLIP	no ok family	family history wise	family	0
primock57	day1_consultation15	LATERALITY	ok	right		unalignable
primock57	day1_consultation15	NUMERIC	uh	e45		unalignable
primock57	day1_consultation15	NUMERIC	e forty five			unalignable
primock57	day1_consultation15	NUMERIC	uh	10		unalignable
primock57	day1_consultation15	NUMERIC	ten			unalignable
primock57	day1_consultation15	NUMERIC	fourteen	14	14	0
primock57	day2_consultation01	NUMERIC	uh thirty	31st of		unalignable
primock57	day2_consultation01	NUMERIC	first			unalignable
primock57	day2_consultation01	NUMERIC	nineteen	1990		unalignable
primock57	day2_consultation01	NUMERIC	ninety			unalignable
primock57	day2_consultation01	NUMERIC	six	six-week		unalignable
primock57	day2_consultation01	NEGATION_FLIP	uh	no		unalignable
primock57	day2_consultation01	LATERALITY	left ear ok			unalignable
primock57	day2_consultation01	NEGATION_FLIP	ok um	no okay		unalignable
primock57	day2_consultation01	NEGATION_FLIP	uh nah i'll do	no i don't know		unalignable
primock57	day2_consultation01	NEGATION_FLIP	uh it's it's not			unalignable
primock57	day2_consultation01	NEGATION_FLIP	not			unalignable
primock57	day2_consultation01	NEGATION_FLIP	no			unalignable
primock57	day2_consultation01	LATERALITY	ok um right			unalignable
primock57	day2_consultation01	NUMERIC	one of us over	and also have a		unalignable
primock57	day2_consultation02	NUMERIC	fifth	5th		unalignable
primock57	day2_consultation02	NUMERIC	uh nineteen	1973 okay		unalignable
primock57	day2_consultation02	NUMERIC	seventy three ok			unalignable
primock57	day2_consultation02	NEGATION_FLIP	i cannot	kind of		unalignable
primock57	day2_consultation02	LATERALITY	um	right		unalignable
primock57	day2_consultation02	LATERALITY	right ok			unalignable
primock57	day2_consultation02	NEGATION_FLIP	no			unalignable
primock57	day2_consultation02	NUMERIC	uh sorry	double check		unalignable
primock57	day2_consultation02	NUMERIC	uh fifty three	53 53 okay		unalignable
primock57	day2_consultation02	NUMERIC	fifty three ok			unalignable
primock57	day2_consultation02	NEGATION_FLIP	not			unalignable
primock57	day2_consultation02	NEGATION_FLIP	no um	you know		unalignable
primock57	day2_consultation02	LATERALITY	medical history yeah right ok ok uh			unalignable
primock57	day2_consultation02	NEGATION_FLIP	no sure and um do you um			unalignable
primock57	day2_consultation02	LATERALITY	uh	right		unalignable
primock57	day2_consultation02	NUMERIC	four	400		unalignable
primock57	day2_consultation02	NUMERIC	hundred			unalignable
primock57	day2_consultation02	NUMERIC	two	three		unalignable
primock57	day2_consultation03	NUMERIC	forty	40		unalignable
primock57	day2_consultation03	NUMERIC	you're	40		unalignable
primock57	day2_consultation03	NUMERIC	forty			unalignable
primock57	day2_consultation03	NEGATION_FLIP	i not that			unalignable
primock57	day2_consultation03	NEGATION_FLIP	nothing			unalignable
primock57	day2_consultation03	NEGATION_FLIP	don't think so			unalignable
primock57	day2_consultation03	NEGATION_FLIP	pardon ohh	don't oh		unalignable
primock57	day2_consultation03	NEGATION_FLIP	no alright ok	okay all right		unalignable
primock57	day2_consultation03	NEGATION_FLIP	yeah so no uh	yes i know i		unalignable
primock57	day2_consultation03	LATERALITY	um	right		unalignable
primock57	day2_consultation03	LATERALITY	ok right	okay okay		unalignable
primock57	day2_consultation04	NUMERIC	god i'm forty five			unalignable
primock57	day2_consultation04	NUMERIC	ok uh and	45 45 okay		unalignable
primock57	day2_consultation04	NUMERIC	uh	15		unalignable
primock57	day2_consultation04	NUMERIC	fifteen			unalignable
primock57	day2_consultation04	NUMERIC	um w	w65 okay		unalignable
primock57	day2_consultation04	NUMERIC	six five that's great ok			unalignable
primock57	day2_consultation04	LATERALITY	right	okay		unalignable
primock57	day2_consultation04	LATERALITY	right ok um			unalignable
primock57	day2_consultation04	NUMERIC	two	your		unalignable
primock57	day2_consultation04	NUMERIC	eleven	11		unalignable
primock57	day2_consultation04	NUMERIC	twelve	12	12	0
primock57	day2_consultation04	NUMERIC	sixty	66	66 to74tible	0
primock57	day2_consultation04	NUMERIC	six		66 to74tible	0
primock57	day2_consultation04	NUMERIC	seventy four	70 fold		unalignable
primock57	day2_consultation04	LATERALITY	right			unalignable
primock57	day2_consultation04	NEGATION_FLIP	no	okay		unalignable
primock57	day2_consultation04	NEGATION_FLIP	no	okay		unalignable
primock57	day2_consultation04	NEGATION_FLIP	i'm gonna not i'm not			unalignable
primock57	day2_consultation04	NUMERIC	forty five forty	45 45 okay		unalignable
primock57	day2_consultation04	NUMERIC	five ok			unalignable
primock57	day2_consultation05	NUMERIC	thirty	32		unalignable
primock57	day2_consultation05	NUMERIC	two			unalignable
primock57	day2_consultation05	NUMERIC	thirty	32		unalignable
primock57	day2_consultation05	NUMERIC	two			unalignable
primock57	day2_consultation05	NUMERIC	thirty	32		unalignable
primock57	day2_consultation05	NUMERIC	two			unalignable
primock57	day2_consultation05	NUMERIC	ab one	ab1 cb2		unalignable
primock57	day2_consultation05	NUMERIC	cb two			unalignable
primock57	day2_consultation05	NUMERIC	few	three		unalignable
primock57	day2_consultation05	LATERALITY	right			unalignable
primock57	day2_consultation05	NUMERIC	seventy	75	75 mg	0
primock57	day2_consultation05	NUMERIC	five		75 mg	0
primock57	day2_consultation05	LATERALITY	right ok	wow okay	wfe kay unintellible	0
primock57	day2_consultation05	NEGATION_FLIP	have	haven't		unalignable
primock57	day2_consultation05	NEGATION_FLIP	that's that's that's not a problem you know you			unalignable
primock57	day2_consultation05	NUMERIC	when they	one day		unalignable
primock57	day2_consultation05	NEGATION_FLIP	isn't a			unalignable
primock57	day2_consultation06	NUMERIC	i am	i'm 27		unalignable
primock57	day2_consultation06	NUMERIC	twenty seven			unalignable
primock57	day2_consultation06	NUMERIC	nineteen ninety	1991 17th		unalignable
primock57	day2_consultation06	NUMERIC	one um seventeenth			unalignable
primock57	day2_consultation06	LATERALITY	right			unalignable
primock57	day2_consultation06	NEGATION_FLIP	i don't	sure sure		unalignable
primock57	day2_consultation06	NEGATION_FLIP	sure sure no			unalignable
primock57	day2_consultation06	NEGATION_FLIP	no	okay		unalignable
primock57	day2_consultation06	NUMERIC	um	two		unalignable
primock57	day2_consultation06	NUMERIC	one of	okay okay		unalignable
primock57	day2_consultation06	NUMERIC	the two ok			unalignable
primock57	day2_consultation06	NEGATION_FLIP	i don't have			unalignable
primock57	day2_consultation06	LATERALITY	right		one	0
primock57	day2_consultation06	NEGATION_FLIP	no			unalignable
primock57	day2_consultation07	NUMERIC	nineteen	1958		unalignable
primock57	day2_consultation07	NUMERIC	fifty eight uh			unalignable
primock57	day2_consultation07	NUMERIC	eighth	8th		unalignable
primock57	day2_consultation07	NUMERIC	fifty	50		unalignable
primock57	day2_consultation07	NUMERIC	fifty	51		unalignable
primock57	day2_consultation07	NUMERIC	one fifty one			unalignable
primock57	day2_consultation07	NUMERIC	sixty	60		unalignable
primock57	day2_consultation07	NUMERIC	six	okay		unalignable
primock57	day2_consultation07	NEGATION_FLIP	not		of nausea not no vomiting but	1
primock57	day2_consultation07	NEGATION_FLIP	not			unalignable
primock57	day2_consultation07	LATERALITY	is	right		unalignable
primock57	day2_consultation07	NEGATION_FLIP	don't worry who's	is there anyone		unalignable
primock57	day2_consultation07	NUMERIC	ten	10		unalignable
primock57	day2_consultation07	NUMERIC	fifteen	15		unalignable
primock57	day2_consultation07	NUMERIC	fifteen	15		unalignable
primock57	day2_consultation07	NUMERIC	sixty	60		unalignable
primock57	day2_consultation07	NUMERIC	sixty	60		unalignable
primock57	day2_consultation07	NUMERIC	around sixty yes	okay all right		unalignable
primock57	day2_consultation07	LATERALITY	right			unalignable
primock57	day2_consultation07	NEGATION_FLIP	ok ok no and um what what uh			unalignable
primock57	day2_consultation07	NUMERIC	double	double-check		unalignable
primock57	day2_consultation08	NUMERIC	second	2nd		unalignable
primock57	day2_consultation08	NUMERIC	um	1992		unalignable
primock57	day2_consultation08	NUMERIC	nineteen ninety two			unalignable
primock57	day2_consultation08	NUMERIC	double check			unalignable
primock57	day2_consultation08	NEGATION_FLIP	uh	no		unalignable
primock57	day2_consultation08	NUMERIC	in	68		unalignable
primock57	day2_consultation08	NUMERIC	his sixties um sixty eight			unalignable
primock57	day2_consultation09	NUMERIC	twelve	12		unalignable
primock57	day2_consultation09	NUMERIC	nineteen	1958		unalignable
primock57	day2_consultation09	NUMERIC	fifty eight			unalignable
primock57	day2_consultation09	NEGATION_FLIP	um mmm no			unalignable
primock57	day2_consultation09	NUMERIC	two	2	type two diabetes and	1
primock57	day2_consultation09	NEGATION_FLIP	uh but don't			unalignable
primock57	day2_consultation10	NUMERIC	sixteenth	16th		unalignable
primock57	day2_consultation10	NUMERIC	nineteen eighty two	1982 that's great		unalignable
primock57	day2_consultation10	NUMERIC	five thirty	5 30ish		unalignable
primock57	day2_consultation10	NUMERIC	seven	7		unalignable
primock57	day2_consultation10	NEGATION_FLIP	i wouldn't say unhealthy			unalignable
primock57	day2_consultation10	LATERALITY	ohh right	that's the	ma	0
primock57	day2_consultation10	NUMERIC	um one	1 5	1 5	0
primock57	day2_consultation10	NUMERIC	point five			unalignable
primock57	day2_consultation10	NUMERIC	two	2	2 l	0
primock57	day3_consultation01	NUMERIC	first	1st		unalignable
primock57	day3_consultation01	NUMERIC	ninety-nine ok	99 okay		unalignable
primock57	day3_consultation01	LATERALITY	yeah right			unalignable
primock57	day3_consultation01	NEGATION_FLIP	i don't	and a		unalignable
primock57	day3_consultation01	NEGATION_FLIP	after	not		unalignable
primock57	day3_consultation01	LATERALITY	i think ok right ok uh			unalignable
primock57	day3_consultation01	NEGATION_FLIP	no ok			unalignable
primock57	day3_consultation01	NEGATION_FLIP	got no i do			unalignable
primock57	day3_consultation01	NUMERIC	six oh you all			unalignable
primock57	day3_consultation01	LATERALITY	ohh i feel a little dizzy right now			unalignable
primock57	day3_consultation01	NEGATION_FLIP	no ok			unalignable
primock57	day3_consultation01	NEGATION_FLIP	yeah ohh no			unalignable
primock57	day3_consultation01	NUMERIC	nine nine			unalignable
primock57	day3_consultation02	NUMERIC	uhh	2112		unalignable
primock57	day3_consultation02	NUMERIC	twenty-one twelve			unalignable
primock57	day3_consultation02	NUMERIC	nineteen	1986		unalignable
primock57	day3_consultation02	NUMERIC	um	nw36pq		unalignable
primock57	day3_consultation02	NUMERIC	nw three six pq			unalignable
primock57	day3_consultation02	NUMERIC	first	us		unalignable
primock57	day3_consultation02	NEGATION_FLIP	i haven't			unalignable
primock57	day3_consultation02	NEGATION_FLIP	not	many		unalignable
primock57	day3_consultation02	NEGATION_FLIP	no no no			unalignable
primock57	day3_consultation02	NEGATION_FLIP	it's not it's	how would it		unalignable
primock57	day3_consultation02	NEGATION_FLIP	it's not	be localized		unalignable
primock57	day3_consultation03	NUMERIC	i'm thirty five years old	30 percent that's going to		unalignable
primock57	day3_consultation03	NEGATION_FLIP	it stopped	it's not		unalignable
primock57	day3_consultation03	NEGATION_FLIP	not	unwell		unalignable
primock57	day3_consultation03	NUMERIC	yeah two twenty nine uh			unalignable
primock57	day3_consultation03	NEGATION_FLIP	you're not		you know you know	0
primock57	day3_consultation03	NEGATION_FLIP	yes no problem ok and uh			unalignable
primock57	day3_consultation03	NEGATION_FLIP	warrant	weren't	we urgently warrant a physical examination at this point in time i think	1
primock57	day3_consultation03	NEGATION_FLIP	at all i haven't	could you repeat that		unalignable
primock57	day3_consultation03	NUMERIC	oh three	old 300		unalignable
primock57	day3_consultation03	NUMERIC	hundred			unalignable
primock57	day3_consultation04	NUMERIC	fourteenth november nineteen ninety six	the 14th of june 1996		unalignable
primock57	day3_consultation04	NUMERIC	twenty eight	28 cricks		unalignable
primock57	day3_consultation04	NUMERIC	sw	s7191ez		unalignable
primock57	day3_consultation04	NUMERIC	nineteen one ez			unalignable
primock57	day3_consultation04	LATERALITY	ok righty-ho	right you		unalignable
primock57	day3_consultation04	LATERALITY	ok right			unalignable
primock57	day3_consultation04	NUMERIC	to three			unalignable
primock57	day3_consultation04	NEGATION_FLIP	no	now		unalignable
primock57	day3_consultation04	NUMERIC	um	380		unalignable
primock57	day3_consultation04	NUMERIC	three eighty			unalignable
primock57	day3_consultation04	NUMERIC	three ok yeah			unalignable
primock57	day3_consultation04	NEGATION_FLIP	ok now	no no		unalignable
primock57	day3_consultation04	NUMERIC	four		four hours but	1
primock57	day3_consultation04	NUMERIC	three	two	two	0
primock57	day3_consultation04	NEGATION_FLIP	no that's thanks			unalignable
primock57	day3_consultation05	NUMERIC	date of	1980 okay		unalignable
primock57	day3_consultation05	NUMERIC	birth um nineteen eighty ok			unalignable
primock57	day3_consultation05	NUMERIC	sw	sw40ng		unalignable
primock57	day3_consultation05	NUMERIC	four zero ng			unalignable
primock57	day3_consultation05	NEGATION_FLIP	i can't			unalignable
primock57	day3_consultation05	NEGATION_FLIP	ok no	okay okay		unalignable
primock57	day3_consultation05	NEGATION_FLIP	no			unalignable
primock57	day3_consultation05	LATERALITY	ok righty-ho ok	right here okay		unalignable
primock57	day3_consultation05	LATERALITY	ok righty-ho	right here		unalignable
primock57	day3_consultation05	NEGATION_FLIP	ok	no		unalignable
primock57	day3_consultation05	NUMERIC	double	develop	develop	0
primock57	day3_consultation05	NUMERIC	ten days	10 days'		unalignable
primock57	day3_consultation06	NEGATION_FLIP	uh not really			unalignable
primock57	day3_consultation06	NUMERIC	uh	61280		unalignable
primock57	day3_consultation06	NUMERIC	six twelve uh eighty			unalignable
primock57	day3_consultation06	NUMERIC	uh	62		unalignable
primock57	day3_consultation06	NUMERIC	sixty two			unalignable
primock57	day3_consultation06	NUMERIC	sw sixteen	sw166jt that's		unalignable
primock57	day3_consultation06	NUMERIC	six jt			unalignable
primock57	day3_consultation06	NUMERIC	fifteen	15		unalignable
primock57	day3_consultation06	LATERALITY	right			unalignable
primock57	day3_consultation07	NUMERIC	seventeen	17		unalignable
primock57	day3_consultation07	NUMERIC	nineteen	1987		unalignable
primock57	day3_consultation07	NUMERIC	eighty seven			unalignable
primock57	day3_consultation07	NUMERIC	sixty hanover	and over		unalignable
primock57	day3_consultation07	NEGATION_FLIP	haven't	i		unalignable
primock57	day3_consultation07	NEGATION_FLIP	no nothing ok	you notice okay		unalignable
primock57	day3_consultation07	NEGATION_FLIP	but not	some of		unalignable
primock57	day3_consultation07	NEGATION_FLIP	mark no	marks okay		unalignable
primock57	day3_consultation07	NEGATION_FLIP	neither	nailer		unalignable
primock57	day3_consultation07	NEGATION_FLIP	you don't			unalignable
primock57	day3_consultation08	NUMERIC	twenty	29th		unalignable
primock57	day3_consultation08	NUMERIC	ninth			unalignable
primock57	day3_consultation08	NUMERIC	nineteen eighty	1980 okay		unalignable
primock57	day3_consultation08	NEGATION_FLIP	no more ok	normal okay absolutely		unalignable
primock57	day3_consultation08	NEGATION_FLIP	no			unalignable
primock57	day3_consultation08	NEGATION_FLIP	like that no no			unalignable
primock57	day3_consultation09	NUMERIC	sixteen nineteen	16th 1976		unalignable
primock57	day3_consultation09	NUMERIC	seventy six			unalignable
primock57	day3_consultation09	LATERALITY	left handed so	left-handed so i		unalignable
primock57	day3_consultation09	NEGATION_FLIP	nothing	pain		unalignable
primock57	day3_consultation09	NUMERIC	three	three-year	three-yar universary	0
primock57	day3_consultation09	NUMERIC	twenty	20-20	to 20	0
primock57	day3_consultation09	NUMERIC	twenty		to 20	0
primock57	day3_consultation09	LATERALITY	right exactly			unalignable
primock57	day3_consultation09	NUMERIC	twenty	20		unalignable
primock57	day3_consultation09	NEGATION_FLIP	no ok	yeah okay		unalignable
primock57	day3_consultation09	NUMERIC	twenty	20		unalignable
primock57	day3_consultation09	NEGATION_FLIP	i'm not		not	1
primock57	day3_consultation10	NUMERIC	oh nine	092983 okay		unalignable
primock57	day3_consultation10	NUMERIC	two nine eighty-three ok			unalignable
primock57	day3_consultation10	NUMERIC	two	231		unalignable
primock57	day3_consultation10	NUMERIC	three one			unalignable
primock57	day3_consultation10	NUMERIC	uh four to		four to five	0
primock57	day3_consultation10	NUMERIC	ten	10		unalignable
primock57	day3_consultation10	NUMERIC	ten	10		unalignable
primock57	day3_consultation10	NUMERIC	uh sixty-two	62 okay		unalignable
primock57	day3_consultation10	NEGATION_FLIP	no			unalignable
primock57	day3_consultation10	NUMERIC	forty-eight	48		unalignable
primock57	day3_consultation10	NUMERIC	forty-eight	48		unalignable
primock57	day4_consultation01	NUMERIC	i'm one of			unalignable
primock57	day4_consultation01	NUMERIC	seventh	7th		unalignable
primock57	day4_consultation01	NUMERIC	nineteen seventy	1974 74		unalignable
primock57	day4_consultation01	NUMERIC	four seventy four			unalignable
primock57	day4_consultation01	NUMERIC	fifty four	54 perfect		unalignable
primock57	day4_consultation01	NUMERIC	suppose i'd	supposedly 53		unalignable
primock57	day4_consultation01	NUMERIC	be fifty three well			unalignable
primock57	day4_consultation01	NUMERIC	ten say	10 okay		unalignable
primock57	day4_consultation01	NUMERIC	ten ok ten	10 okay and		unalignable
primock57	day4_consultation01	NUMERIC	seven	it's		unalignable
primock57	day4_consultation01	LATERALITY	ohh ok ohh right but		right but in the meantime i think we should stay on the phone so i can	1
primock57	day4_consultation01	NEGATION_FLIP	uh	no		unalignable
primock57	day4_consultation01	NEGATION_FLIP	not			unalignable
primock57	day4_consultation01	LATERALITY	and arm	right now		unalignable
primock57	day4_consultation01	LATERALITY	right ok and			unalignable
primock57	day4_consultation02	NUMERIC	uh	35		unalignable
primock57	day4_consultation02	NUMERIC	thirty five			unalignable
primock57	day4_consultation02	NUMERIC	seventh uh	7th great		unalignable
primock57	day4_consultation02	NUMERIC	ninety three			unalignable
primock57	day4_consultation02	NUMERIC	one time one			unalignable
primock57	day4_consultation02	NEGATION_FLIP	not not			unalignable
primock57	day4_consultation02	NEGATION_FLIP	no			unalignable
primock57	day4_consultation02	NUMERIC	fifty-fifty	50-50		unalignable
primock57	day4_consultation02	NUMERIC	uh	10		unalignable
primock57	day4_consultation02	NUMERIC	ten			unalignable
primock57	day4_consultation02	NUMERIC	ten	10		unalignable
primock57	day4_consultation02	NUMERIC	ten	10		unalignable
primock57	day4_consultation02	NEGATION_FLIP	uh	no		unalignable
primock57	day4_consultation02	LATERALITY	right	well		unalignable
primock57	day4_consultation02	NEGATION_FLIP	no			unalignable
primock57	day4_consultation03	NUMERIC	twentieth	20th		unalignable
primock57	day4_consultation03	NUMERIC	april nineteen eighty	the 4th 1980		unalignable
primock57	day4_consultation03	NUMERIC	nineteen	1983		unalignable
primock57	day4_consultation03	NUMERIC	eighty three			unalignable
primock57	day4_consultation03	NUMERIC	thirty	30		unalignable
primock57	day4_consultation03	NEGATION_FLIP	don't			unalignable
primock57	day4_consultation04	NUMERIC	forty	40		unalignable
primock57	day4_consultation04	NEGATION_FLIP	think so	don't know		unalignable
primock57	day4_consultation04	NEGATION_FLIP	cannot we we			unalignable
primock57	day4_consultation04	NUMERIC	ten	10		unalignable
primock57	day4_consultation05	NUMERIC	first	1st		unalignable
primock57	day4_consultation05	NUMERIC	um uh	1992 okay		unalignable
primock57	day4_consultation05	NUMERIC	nineteen ninety two ok ok			unalignable
primock57	day4_consultation05	NUMERIC	um of	am 1990		unalignable
primock57	day4_consultation05	NUMERIC	nineteen ninety			unalignable
primock57	day4_consultation05	NUMERIC	forty	48		unalignable
primock57	day4_consultation05	NUMERIC	eight			unalignable
primock57	day4_consultation05	NUMERIC	forty	48		unalignable
primock57	day4_consultation05	NUMERIC	eight			unalignable
primock57	day4_consultation05	NEGATION_FLIP	uh i don't know			unalignable
primock57	day4_consultation05	NUMERIC	um	10		unalignable
primock57	day4_consultation05	NUMERIC	ten			unalignable
primock57	day4_consultation05	NUMERIC	ten minute	10 minutes		unalignable
primock57	day4_consultation05	LATERALITY	right			unalignable
primock57	day4_consultation05	NEGATION_FLIP	have any today	haven't eaten anything		unalignable
primock57	day4_consultation05	NEGATION_FLIP	haven't ok ok			unalignable
primock57	day4_consultation05	NEGATION_FLIP	i haven't			unalignable
primock57	day4_consultation05	NUMERIC	some	three		unalignable
primock57	day4_consultation05	NUMERIC	mmm ok uh-huh and please	to alphitomol and three is		unalignable
primock57	day4_consultation05	NEGATION_FLIP	ok i didn't	okay so that's		unalignable
primock57	day4_consultation05	NEGATION_FLIP	didn't			unalignable
primock57	day4_consultation05	NUMERIC	four days	for bed		unalignable
primock57	day4_consultation06	NUMERIC	twenty	22nd		unalignable
primock57	day4_consultation06	NUMERIC	second uh			unalignable
primock57	day4_consultation06	NUMERIC	ninety	90		unalignable
primock57	day4_consultation06	NUMERIC	ten	10		unalignable
primock57	day4_consultation06	NUMERIC	ten	10		unalignable
primock57	day4_consultation06	NEGATION_FLIP	it's not	out of		unalignable
primock57	day4_consultation06	NUMERIC	ok so it's a first like this i			unalignable
primock57	day4_consultation06	NUMERIC	year four			unalignable
primock57	day4_consultation06	NEGATION_FLIP	no	it		unalignable
primock57	day4_consultation06	NEGATION_FLIP	that all ok no			unalignable
primock57	day4_consultation06	NUMERIC	forty	40	40	0
primock57	day4_consultation06	NUMERIC	seventy	72	7	0
primock57	day4_consultation06	NUMERIC	two		two hours migraines can last	1
primock57	day4_consultation06	LATERALITY	good	right		unalignable
primock57	day4_consultation07	NUMERIC	uh	9th		unalignable
primock57	day4_consultation07	NUMERIC	uh ninth			unalignable
primock57	day4_consultation07	NUMERIC	two thousand	2016 okay		unalignable
primock57	day4_consultation07	NUMERIC	and sixteen ok			unalignable
primock57	day4_consultation07	LATERALITY	great	right		unalignable
primock57	day4_consultation07	NEGATION_FLIP	no			unalignable
primock57	day4_consultation07	NEGATION_FLIP	night-time no	night time		unalignable
primock57	day4_consultation07	NEGATION_FLIP	hasn't been superbad			unalignable
primock57	day4_consultation07	NEGATION_FLIP	no	medical		unalignable
primock57	day4_consultation07	NUMERIC	uh no one in	or p's none of		unalignable
primock57	day4_consultation07	NEGATION_FLIP	don't you		you	0
primock57	day4_consultation07	NEGATION_FLIP	uh no no ok		no okay	1
primock57	day4_consultation07	LATERALITY	so like my nose is	nose is tiny now right	all unintell unintelligible tuesd sant sounintell	1
primock57	day4_consultation07	NUMERIC	well	12		unalignable
primock57	day4_consultation07	NUMERIC	it was twelve			unalignable
primock57	day4_consultation07	NEGATION_FLIP	yes no not that			unalignable
primock57	day4_consultation07	NEGATION_FLIP	uh and you no not not that not that you can think of ok um			unalignable
primock57	day4_consultation07	NEGATION_FLIP	see no go and see	seek local attention gains here	you to see ctp and uninig	0
primock57	day4_consultation08	NUMERIC	eighth	8th		unalignable
primock57	day4_consultation08	NUMERIC	nineteen	1982		unalignable
primock57	day4_consultation08	NUMERIC	eighty two			unalignable
primock57	day4_consultation08	NEGATION_FLIP	no			unalignable
primock57	day4_consultation08	NEGATION_FLIP	i'm not			unalignable
primock57	day4_consultation08	NEGATION_FLIP	not			unalignable
primock57	day4_consultation08	LATERALITY	right k			unalignable
primock57	day4_consultation08	NEGATION_FLIP	you've not so		not	1
primock57	day4_consultation08	NEGATION_FLIP	not			unalignable
primock57	day4_consultation08	NUMERIC	fifteen	15		unalignable
primock57	day4_consultation08	NEGATION_FLIP	no			unalignable
primock57	day4_consultation08	NUMERIC	fifteen	15		unalignable
primock57	day4_consultation08	NEGATION_FLIP	nothing that sort	at all okay		unalignable
primock57	day4_consultation08	NEGATION_FLIP	no	now		unalignable
primock57	day4_consultation08	NEGATION_FLIP	no			unalignable
primock57	day4_consultation08	NEGATION_FLIP	not			unalignable
primock57	day4_consultation08	NEGATION_FLIP	no			unalignable
primock57	day4_consultation09	NUMERIC	nineteen ninety two	1992 92 okay		unalignable
primock57	day4_consultation09	NUMERIC	ninety two ok			unalignable
primock57	day4_consultation09	NUMERIC	ninety	1992		unalignable
primock57	day4_consultation09	NUMERIC	two			unalignable
primock57	day4_consultation09	NUMERIC	twenty six um	26 26 yeah		unalignable
primock57	day4_consultation09	NUMERIC	twenty six			unalignable
primock57	day4_consultation09	NEGATION_FLIP	wouldn't say			unalignable
primock57	day4_consultation09	NEGATION_FLIP	not			unalignable
primock57	day4_consultation09	NUMERIC	seventeen sixteen	17 16		unalignable
primock57	day4_consultation09	NEGATION_FLIP	no no um			unalignable
primock57	day4_consultation09	NEGATION_FLIP	they're	aren't		unalignable
primock57	day4_consultation09	NUMERIC	one	on		unalignable
primock57	day4_consultation09	NEGATION_FLIP	i don't			unalignable
primock57	day4_consultation09	NUMERIC	five or		someust sytm	0
primock57	day4_consultation09	NUMERIC	first	for		unalignable
primock57	day4_consultation10	NUMERIC	um	23rd		unalignable
primock57	day4_consultation10	NUMERIC	twenty third			unalignable
primock57	day4_consultation10	NUMERIC	nineteen	1995		unalignable
primock57	day4_consultation10	NUMERIC	ninety five			unalignable
primock57	day4_consultation10	NEGATION_FLIP	nothing			unalignable
primock57	day4_consultation10	NUMERIC	three and a			unalignable
primock57	day4_consultation10	NEGATION_FLIP	uh don't			unalignable
primock57	day4_consultation10	NEGATION_FLIP	no	know		unalignable
primock57	day4_consultation10	NEGATION_FLIP	i	no		unalignable
primock57	day5_consultation01	NUMERIC	doctor geraghty ohh	oh one more		unalignable
primock57	day5_consultation01	NUMERIC	five um	5 king's		unalignable
primock57	day5_consultation01	NUMERIC	twentieth	20th		unalignable
primock57	day5_consultation01	NUMERIC	the fourth nineteen	august 1990 okay		unalignable
primock57	day5_consultation01	NUMERIC	ninety ok			unalignable
primock57	day5_consultation01	NEGATION_FLIP	uh	no		unalignable
primock57	day5_consultation01	NEGATION_FLIP	no	i've		unalignable
primock57	day5_consultation01	NEGATION_FLIP	um no			unalignable
primock57	day5_consultation01	NEGATION_FLIP	not	something		unalignable
primock57	day5_consultation01	NUMERIC	uh and	the first		unalignable
primock57	day5_consultation02	NUMERIC	um	30		unalignable
primock57	day5_consultation02	NUMERIC	thirty			unalignable
primock57	day5_consultation02	NUMERIC	sw	sw22hz		unalignable
primock57	day5_consultation02	NUMERIC	two two hz hello			unalignable
primock57	day5_consultation02	NUMERIC	forty oh	140274 okay		unalignable
primock57	day5_consultation02	NUMERIC	two nineteen seventy four ok			unalignable
primock57	day5_consultation02	NUMERIC	it stays	six days		unalignable
primock57	day5_consultation02	NUMERIC	seven and			unalignable
primock57	day5_consultation02	NEGATION_FLIP	no			unalignable
primock57	day5_consultation02	NEGATION_FLIP	habit	no		unalignable
primock57	day5_consultation02	NEGATION_FLIP	no			unalignable
primock57	day5_consultation02	NEGATION_FLIP	pardon no birth			unalignable
primock57	day5_consultation02	NUMERIC	two	200		unalignable
primock57	day5_consultation02	NUMERIC	hundred			unalignable
primock57	day5_consultation03	NUMERIC	nineteenth	19th		unalignable
primock57	day5_consultation03	NUMERIC	nineteen	1993		unalignable
primock57	day5_consultation03	NUMERIC	ninety three			unalignable
primock57	day5_consultation03	NUMERIC	uh sixty	64 clivedon		unalignable
primock57	day5_consultation03	NUMERIC	four cliveden			unalignable
primock57	day5_consultation03	NEGATION_FLIP	and i don't		i	0
primock57	day5_consultation03	LATERALITY	right			unalignable
primock57	day5_consultation03	NUMERIC	ten eleven	10 11		unalignable
primock57	day5_consultation03	NUMERIC	ten	10		unalignable
primock57	day5_consultation03	NEGATION_FLIP	it's not			unalignable
primock57	day5_consultation03	NEGATION_FLIP	not just			unalignable
primock57	day5_consultation03	NUMERIC	drugs ok	one okay		unalignable
primock57	day5_consultation04	NUMERIC	twenty	2023		unalignable
primock57	day5_consultation04	NUMERIC	twenty three			unalignable
primock57	day5_consultation04	NUMERIC	nineteen ninety-six ok	may 1996 okay		unalignable
primock57	day5_consultation04	NUMERIC	um sixty	60 calone		unalignable
primock57	day5_consultation04	NEGATION_FLIP	no it's	i know		unalignable
primock57	day5_consultation04	NUMERIC	two	three		unalignable
primock57	day5_consultation04	NUMERIC	three	four		unalignable
primock57	day5_consultation04	NEGATION_FLIP	yes	no		unalignable
primock57	day5_consultation04	NEGATION_FLIP	it's now yeah not			unalignable
primock57	day5_consultation04	NEGATION_FLIP	very small	is no		unalignable
primock57	day5_consultation04	NEGATION_FLIP	so	no		unalignable
primock57	day5_consultation05	NEGATION_FLIP	i don't			unalignable
primock57	day5_consultation05	NEGATION_FLIP	i wasn't	i'm also		unalignable
primock57	day5_consultation05	NUMERIC	thirty seven	37 37		unalignable
primock57	day5_consultation05	NUMERIC	what was it thirty seven			unalignable
primock57	day5_consultation05	NUMERIC	three	three-day		unalignable
primock57	day5_consultation06	NUMERIC	fourth	4th		unalignable
primock57	day5_consultation06	NUMERIC	nineteen eighty	1984 okay		unalignable
primock57	day5_consultation06	NUMERIC	four ok			unalignable
primock57	day5_consultation06	NUMERIC	fifty	52		unalignable
primock57	day5_consultation06	NEGATION_FLIP	um no	i'm okay		unalignable
primock57	day5_consultation06	NEGATION_FLIP	i can't			unalignable
primock57	day5_consultation07	NUMERIC	bullock uh	black 20th		unalignable
primock57	day5_consultation07	NUMERIC	nineteen	1958		unalignable
primock57	day5_consultation07	NUMERIC	fifty eight hello			unalignable
primock57	day5_consultation07	NUMERIC	uh seven three four	74 brother and hill		unalignable
primock57	day5_consultation07	NUMERIC	twenty thirty	20 30		unalignable
primock57	day5_consultation07	NEGATION_FLIP	no	nope		unalignable
primock57	day5_consultation07	NEGATION_FLIP	no			unalignable
primock57	day5_consultation07	NEGATION_FLIP	no vomiting diarrhoea	you haunting diarrhea		unalignable
primock57	day5_consultation07	NEGATION_FLIP	no ok	yep okay		unalignable
primock57	day5_consultation07	NUMERIC	two hundred	200 okay		unalignable
primock57	day5_consultation07	NUMERIC	sixty	65		unalignable
primock57	day5_consultation07	NUMERIC	five			unalignable
primock57	day5_consultation07	NUMERIC	thirty seven point	37 5 38	37 5 38	0
primock57	day5_consultation07	NUMERIC	five thirty eight um			unalignable
primock57	day5_consultation07	NEGATION_FLIP	yep i'm not at home			unalignable
primock57	day5_consultation08	NUMERIC	twenty second of december nineteen ninety uh address uh	22nd december 1990 dress as a 3d 60 strong		unalignable
primock57	day5_consultation08	NUMERIC	sixteen			unalignable
primock57	day5_consultation08	NUMERIC	have	one		unalignable
primock57	day5_consultation08	NEGATION_FLIP	no			unalignable
primock57	day5_consultation08	NUMERIC	thirty	37		unalignable
primock57	day5_consultation08	NUMERIC	seven			unalignable
primock57	day5_consultation09	NUMERIC	fourteenth	14th		unalignable
primock57	day5_consultation09	NUMERIC	nineteen	1989		unalignable
primock57	day5_consultation09	NUMERIC	eighty nine			unalignable
primock57	day5_consultation09	NUMERIC	one	1		unalignable
primock57	day5_consultation09	NEGATION_FLIP	where's	wasn't		unalignable
primock57	day5_consultation09	LATERALITY	that you see that ok right			unalignable
primock57	day5_consultation09	NEGATION_FLIP	i don't			unalignable
primock57	day5_consultation09	NEGATION_FLIP	yeah not			unalignable
primock57	day5_consultation09	NUMERIC	one	mine		unalignable
primock57	day5_consultation09	NUMERIC	uh ok	one okay		unalignable
primock57	day5_consultation09	NEGATION_FLIP	uh	no		unalignable
primock57	day5_consultation09	NEGATION_FLIP	no			unalignable
primock57	day5_consultation10	NUMERIC	um it's um	thursday 12 o'clock		unalignable
primock57	day5_consultation10	NEGATION_FLIP	no more headache it's			unalignable
primock57	day5_consultation10	NUMERIC	if	10		unalignable
primock57	day5_consultation10	NUMERIC	ten			unalignable
primock57	day5_consultation10	NEGATION_FLIP	no no no			unalignable
primock57	day5_consultation10	NEGATION_FLIP	um no these headaches	because this one is		unalignable
primock57	day5_consultation10	NUMERIC	um no these headaches	because this one is		unalignable
primock57	day5_consultation10	NEGATION_FLIP	nausea	no		unalignable
primock57	day5_consultation10	NEGATION_FLIP	no no no			unalignable
primock57	day5_consultation10	NEGATION_FLIP	none of those			unalignable
primock57	day5_consultation10	NEGATION_FLIP	nothing else ok um			unalignable
primock57	day5_consultation11	NUMERIC	first nineteen	1st 1980		unalignable
primock57	day5_consultation11	NUMERIC	eighty			unalignable
primock57	day5_consultation11	NUMERIC	uh sixty	60 sloan		unalignable
primock57	day5_consultation11	NEGATION_FLIP	not			unalignable
primock57	day5_consultation11	NUMERIC	few	three		unalignable
primock57	day5_consultation11	NEGATION_FLIP	not	that		unalignable
primock57	day5_consultation11	NUMERIC	twenty	20		unalignable
primock57	day5_consultation11	LATERALITY	here right and			unalignable
primock57	day5_consultation11	LATERALITY	to the right			unalignable
primock57	day5_consultation11	NUMERIC	four	400		unalignable
primock57	day5_consultation11	NUMERIC	hundred			unalignable
primock57	day5_consultation11	NEGATION_FLIP	no uh			unalignable
primock57	day5_consultation11	NEGATION_FLIP	no	nope		unalignable
primock57	day5_consultation11	NEGATION_FLIP	no			unalignable
primock57	day5_consultation11	NEGATION_FLIP	no no	nope okay		unalignable
primock57	day5_consultation11	NEGATION_FLIP	no no			unalignable
primock57	day5_consultation11	LATERALITY	right			unalignable
primock57	day5_consultation12	NUMERIC	twenty	28		unalignable
primock57	day5_consultation12	NUMERIC	eight			unalignable
primock57	day5_consultation12	NUMERIC	four oh five nine	4059c clerk and well		unalignable
primock57	day5_consultation12	NEGATION_FLIP	no um			unalignable
primock57	day5_consultation12	NEGATION_FLIP	no			unalignable
primock57	day5_consultation12	NUMERIC	ten is	it was		unalignable
primock57	day5_consultation12	NEGATION_FLIP	not that i can		no that i can think	1
figshare-osce	CAR0001	NUMERIC	39	i'm	uh unin9 uh the	0
figshare-osce	CAR0001	NUMERIC	8 ok	okay um	may be uh	0
figshare-osce	CAR0001	NEGATION_FLIP	didnt	didn't	did feelf uh	1
figshare-osce	CAR0001	NUMERIC	1	one	one	0
figshare-osce	CAR0001	NUMERIC	10 10	ten ten	to 10 10 being the	1
figshare-osce	CAR0001	NEGATION_FLIP	havent	haven't		unalignable
figshare-osce	CAR0001	NEGATION_FLIP	no	okay	okay	0
figshare-osce	CAR0001	NEGATION_FLIP	no	okay	kay uhm	0
figshare-osce	CAR0001	NEGATION_FLIP	havent	haven't		unalignable
figshare-osce	CAR0001	NUMERIC	5	five	mg okay uhm and uh	0
figshare-osce	CAR0001	NEGATION_FLIP	a stroke no strokes ok and then any cancers in the family no ok and is there anything else that you wanted to tell me about today that that i on on history no i dont think so i think you asked me everything		u stroke no stroke okay and then uh any cancers in the family no okay uhm is was there anything else that she wanted to uhm tell me about today thatu on on history no i don't you everything	1
figshare-osce	CAR0002	NUMERIC	10 zero being the least	do you remember with some	to 10 0 being the list a one	0
figshare-osce	CAR0002	NUMERIC	10	ten	in your life 10 being the worst	1
figshare-osce	CAR0002	NEGATION_FLIP	havent	haven't	haven't	0
figshare-osce	CAR0002	NEGATION_FLIP	havent	haven't	would	1
figshare-osce	CAR0002	NEGATION_FLIP	ok and any recreational drugs like marijuana um no marijuana but i have used crystal meth in the past ok and when was the last time that you used crystal meth um six days ago six days ago ok and how often do you use crystal meth um i would say a couple of times a month a couple of times a month ok alright and for how long have you been using crystal meth uh for the last seven years seven years ok		okay and any recreational drugs like marijuana uh uh no marijuana uh but i have used uh crystal meth in the past okay and what when was the last uh time that you ed crystal meth uhm uh six days ago six days ago okay and how often you use crystal meth uh uh it a couple of times a month couple of times a month okay okay and uh for how long has you been h using crystal meth uh for the last uh uh seven years seven years okay alright thank you	1
figshare-osce	CAR0002	NUMERIC	ok and any recreational drugs like marijuana um no marijuana but i have used crystal meth in the past ok and when was the last time that you used crystal meth um six days ago six days ago ok and how often do you use crystal meth um i would say a couple of times a month a couple of times a month ok alright and for how long have you been using crystal meth uh for the last seven years seven years ok		okay and any recreational drugs like marijuana uh uh no marijuana uh but i have used uh crystal meth in the past okay and what when was the last uh time that you ed crystal meth uhm uh six days ago six days ago okay and how often you use crystal meth uh uh it a couple of times a month couple of times a month okay okay and uh for how long has you been h using crystal meth uh for the last uh uh seven years seven years okay alright thank you	1
figshare-osce	CAR0003	NEGATION_FLIP	uh	no		unalignable
figshare-osce	CAR0003	NEGATION_FLIP	dont	don't		unalignable
figshare-osce	CAR0003	NUMERIC	34	four		unalignable
figshare-osce	CAR0003	NUMERIC	2	two	unintell okay and uh	0
figshare-osce	CAR0003	NEGATION_FLIP	nope ok	no okay		unalignable
figshare-osce	CAR0003	NUMERIC	3	three	three	0
figshare-osce	CAR0003	NEGATION_FLIP	doesnt	doesn't		unalignable
figshare-osce	CAR0003	NEGATION_FLIP	dont	don't		unalignable
figshare-osce	CAR0004	NUMERIC	3	three		unalignable
figshare-osce	CAR0004	NEGATION_FLIP	does	doesn't		unalignable
figshare-osce	CAR0004	NEGATION_FLIP	hasnt ok	hasn't okay		unalignable
figshare-osce	CAR0004	NUMERIC	1	one		unalignable
figshare-osce	CAR0004	NUMERIC	10	uh		unalignable
figshare-osce	CAR0004	NUMERIC	10	ten		unalignable
figshare-osce	CAR0004	NUMERIC	a	six		unalignable
figshare-osce	CAR0004	NUMERIC	6			unalignable
figshare-osce	CAR0004	NUMERIC	10 ok	ten okay		unalignable
figshare-osce	CAR0004	NEGATION_FLIP	no ok alright	okay all right		unalignable
figshare-osce	CAR0004	NEGATION_FLIP	no no ok	nope nope okay	u interms	0
figshare-osce	CAR0004	NUMERIC	25 year old	25-year-old okay and		unalignable
figshare-osce	CAR0004	NEGATION_FLIP	no ok	nope okay		unalignable
figshare-osce	CAR0004	NEGATION_FLIP	ok and where are you a student what do you do im studying engineering at western alright and currently where do you live do you live in student housing an apartment or a house i live with my parents well my mom now in a house right and you drink at all any alcohol i drink occasionally maybe one or two drinks on the weekends ok and any recreational drug use like marijuana or cocaine no and do you smoke no alright so those are all the questions we had for you today and yeah it must be really difficult and scary for you right now but well make sure to get to the bottom of this to see whats going on so what we can do is get you an ecg to see how your heart is functioning and then see getting the blood work if we need it for the future but yeah right now i would say try not to worry too much about it right now and see um what some of those tests come back thank you so yeah youre welcome		and unintelligible do drink at all alcohol and drug use like marijuana or coaine and and mustry u will make sure to get to the bottom of what is going on so we can do is uh get you an ecg to see uh how your heart is functioning and then uh see get get any blood work uh if we needed in the future but yeah right now i would they try not to uh worry too much about it right now and see uh uh what what some of those tests come back so yeah you wal	1
figshare-osce	CAR0004	LATERALITY	ok and where are you a student what do you do im studying engineering at western alright and currently where do you live do you live in student housing an apartment or a house i live with my parents well my mom now in a house right and you drink at all any alcohol i drink occasionally maybe one or two drinks on the weekends ok and any recreational drug use like marijuana or cocaine no and do you smoke no alright so those are all the questions we had for you today and yeah it must be really difficult and scary for you right now but well make sure to get to the bottom of this to see whats going on so what we can do is get you an ecg to see how your heart is functioning and then see getting the blood work if we need it for the future but yeah right now i would say try not to worry too much about it right now and see um what some of those tests come back thank you so yeah youre welcome		and unintelligible do drink at all alcohol and drug use like marijuana or coaine and and mustry u will make sure to get to the bottom of what is going on so we can do is uh get you an ecg to see uh how your heart is functioning and then uh see get get any blood work uh if we needed in the future but yeah right now i would they try not to uh worry too much about it right now and see uh uh what what some of those tests come back so yeah you wal	1
figshare-osce	CAR0004	NUMERIC	ok and where are you a student what do you do im studying engineering at western alright and currently where do you live do you live in student housing an apartment or a house i live with my parents well my mom now in a house right and you drink at all any alcohol i drink occasionally maybe one or two drinks on the weekends ok and any recreational drug use like marijuana or cocaine no and do you smoke no alright so those are all the questions we had for you today and yeah it must be really difficult and scary for you right now but well make sure to get to the bottom of this to see whats going on so what we can do is get you an ecg to see how your heart is functioning and then see getting the blood work if we need it for the future but yeah right now i would say try not to worry too much about it right now and see um what some of those tests come back thank you so yeah youre welcome		and unintelligible do drink at all alcohol and drug use like marijuana or coaine and and mustry u will make sure to get to the bottom of what is going on so we can do is uh get you an ecg to see uh how your heart is functioning and then uh see get get any blood work uh if we needed in the future but yeah right now i would they try not to uh worry too much about it right now and see uh uh what what some of those tests come back so yeah you wal	0
figshare-osce	CAR0005	NUMERIC	2	two	i am	0
figshare-osce	CAR0005	NEGATION_FLIP	dont	don't		unalignable
figshare-osce	CAR0005	NUMERIC	um 2030	to 30	to 30	0
figshare-osce	CAR0005	NUMERIC	during the 2	two weeks okay	uhm uh twoeks	0
figshare-osce	CAR0005	NUMERIC	10	ten	zero to 10 zero being no pain and	0
figshare-osce	CAR0005	NUMERIC	10	ten	pend	0
figshare-osce	CAR0005	NUMERIC	4	four	uhunintellig k	0
figshare-osce	CAR0005	NUMERIC	10 ok	ten okay		unalignable
figshare-osce	CAR0005	NEGATION_FLIP	dont	don't	but	1
figshare-osce	CAR0005	NUMERIC	2		two	0
figshare-osce	CAR0005	NEGATION_FLIP	cant	can't	cann't	1
figshare-osce	CAR0005	NEGATION_FLIP	hasnt	hasn't	hasn't	0
figshare-osce	CAR0005	NUMERIC	two	two-week	twowek	0
figshare-osce	CAR0005	NEGATION_FLIP	havent	haven't		unalignable
figshare-osce	CAR0005	NEGATION_FLIP	havent ok	haven't okay	it okay	1
figshare-osce	CAR0005	NEGATION_FLIP	havent	haven't	haveuninelligkay	1
figshare-osce	CAR0005	NEGATION_FLIP	dont	don't	don't	0
figshare-osce	CAR0005	NEGATION_FLIP	dont	don't	don't	0
figshare-osce	CAR0005	NEGATION_FLIP	dont	don't	don't	0
figshare-osce	CAR0005	NEGATION_FLIP	havent	haven't		unalignable
figshare-osce	CAR0005	NEGATION_FLIP	havent	haven't	have without	1
figshare-osce	CAR0005	NEGATION_FLIP	dont	don't	don't	0
figshare-osce	CAR0005	NEGATION_FLIP	hasnt	hasn't	hasn't	0
figshare-osce	CAR0005	NEGATION_FLIP	hasnt	hasn't	that hasn't	0
figshare-osce	CAR0005	LATERALITY	right yeah exactly	okay and you've	uhmokay and unintelligible unintelligible	0
figshare-osce	CAR0005	NEGATION_FLIP	didnt	didn't	didn'tunintell youible	1
figshare-osce	CAR0005	NEGATION_FLIP	uh no i think thats um yeah i think thats all that i wanted to talk about today ok so what im going to do is bring all this information to your family doctor and we can come back together and talk to you about the next steps awesome thank you thanks for coming in		today uh echon no one i think that's uhm echo uh i think that's all that i wanted to talkunintelligible ky so what i am going to do is bring all this information to uh to your family doctor and uh we can come back together and talk to about the next step also than you thanks for coming again	1
figshare-osce	DER0001	NUMERIC	45 year old	45-year-old man it's		unalignable
figshare-osce	DER0001	NEGATION_FLIP	dont	don't		unalignable
figshare-osce	DER0001	NEGATION_FLIP	didnt	didn't		unalignable
figshare-osce	DER0001	NEGATION_FLIP	double check	double-check no		unalignable
figshare-osce	DER0001	NUMERIC	double check	double-check no		unalignable
figshare-osce	DER0001	NEGATION_FLIP	dont	don't		unalignable
figshare-osce	DER0001	NUMERIC	9	nine		unalignable
figshare-osce	DER0001	NEGATION_FLIP	dont	don't		unalignable
figshare-osce	DER0001	NEGATION_FLIP	dont	don't		unalignable
figshare-osce	DER0001	NEGATION_FLIP	no	okay		unalignable
figshare-osce	DER0001	LATERALITY	right	hey		unalignable
figshare-osce	DER0001	NEGATION_FLIP	dont	don't		unalignable
figshare-osce	DER0001	NEGATION_FLIP	it	doesn't		unalignable
figshare-osce	DER0001	NUMERIC	4	four		unalignable
figshare-osce	DER0001	NEGATION_FLIP	dont	don't		unalignable
figshare-osce	DER0001	NEGATION_FLIP	cant	can't		unalignable
figshare-osce	DER0001	NEGATION_FLIP	dont	don't		unalignable
figshare-osce	DER0001	NUMERIC	2	two		unalignable
figshare-osce	DER0001	NUMERIC	2 4	two four		unalignable
figshare-osce	DER0001	NUMERIC	3	three		unalignable
figshare-osce	GAS0001	NUMERIC	9	nine		unalignable
figshare-osce	GAS0001	NEGATION_FLIP	dont	don't		unalignable
figshare-osce	GAS0001	NEGATION_FLIP	dont	don't		unalignable
figshare-osce	GAS0001	NUMERIC	2	two		unalignable
figshare-osce	GAS0001	NEGATION_FLIP	doesnt	doesn't		unalignable
figshare-osce	GAS0001	NEGATION_FLIP	dont	don't	youn' youn'	1
figshare-osce	GAS0001	NEGATION_FLIP	dont	don't		unalignable
figshare-osce	GAS0001	NEGATION_FLIP	dont	don't		unalignable
figshare-osce	GAS0001	NEGATION_FLIP	dont	don't		unalignable
figshare-osce	GAS0001	NEGATION_FLIP	dont	don't		unalignable
figshare-osce	GAS0001	NEGATION_FLIP	dont	don't		unalignable
figshare-osce	GAS0001	NEGATION_FLIP	dont	don't		unalignable
figshare-osce	GAS0001	NEGATION_FLIP	dont	don't		unalignable
figshare-osce	GAS0001	NEGATION_FLIP	dont	don't		unalignable
figshare-osce	GAS0001	NEGATION_FLIP	dont	don't		unalignable
figshare-osce	GAS0001	NEGATION_FLIP	dont	don't		unalignable
figshare-osce	GAS0001	NEGATION_FLIP	uh no		no	1
figshare-osce	GAS0001	NEGATION_FLIP	you	haven't	uh haven'	1
figshare-osce	GAS0001	NEGATION_FLIP	werent	weren't	weren'tlyl uh see uhm	1
figshare-osce	GAS0001	NEGATION_FLIP	um and you consume any illicit drugs no no alright are you currently sexually active yeah just like with my boyfriend and do you use protection while having sex yeah we we just use condoms i used to be on birth control but it always made me feel like like kind of sick so i dont use that anymore mhm i see ok uh and um lets see family history do you do you have any medical conditions that run in your family uh like i dont i dont think so i guess my dad my dad has like high blood pressure yeah i dont think theres anything else alright alright well thank you so much for spending time with me today i think i have gathered all the information that i would have liked i will go talk to my attending well come back and maybe ask a couple more questions and then share the plan with you ok thank you youre welcome		prob okay uhm andugs no oal uhm are you currently sexually active boyfriend and uhirth control but uh and uhm let's see family history do you do have any medical conditions that run your faily uh uh like i don't i don't think so i guess my dad my dad has like high blood pressure inible thank you so much for spending time with me today uh i think i have uh gathered all the information that i would have like i will go after my attending will come back maybe ask a couple more questions and uh pla	1
figshare-osce	GAS0002	NUMERIC	few	two	the last few days and it got	1
figshare-osce	GAS0002	NUMERIC	3	three	but three	0
figshare-osce	GAS0002	NUMERIC	1	one	one	0
figshare-osce	GAS0002	NUMERIC	10 10	ten ten	to 10 10 being the most severe pain what would you	1
figshare-osce	GAS0002	NUMERIC	8 ok	eight okay	eight okay	0
figshare-osce	GAS0002	NEGATION_FLIP	didnt	didn't	didn'	1
figshare-osce	GAS0002	NEGATION_FLIP	didnt	didn't	not	0
figshare-osce	GAS0002	NEGATION_FLIP	havent	haven't	haven't	0
figshare-osce	GAS0002	NEGATION_FLIP	havent	haven't	have not	0
figshare-osce	GAS0002	NEGATION_FLIP	hasnt	hasn't	not	0
figshare-osce	GAS0002	NEGATION_FLIP	dont	don't	don't	0
figshare-osce	GAS0002	NEGATION_FLIP	mean	don't	have	1
figshare-osce	GAS0002	NEGATION_FLIP	dont	don't	don't	0
figshare-osce	GAS0002	NEGATION_FLIP	didnt	didn't	didn't	0
figshare-osce	GAS0002	NEGATION_FLIP	no		no i	1
figshare-osce	GAS0002	NEGATION_FLIP	dont	don't	don't	0
figshare-osce	GAS0002	NEGATION_FLIP	not		not that i know	1
figshare-osce	GAS0002	NEGATION_FLIP	no ok	nope okay	no okay	1
figshare-osce	GAS0002	NEGATION_FLIP	glasses of wine every night ok and do you feel the need to cut down on your drinking no not really ok have you ever felt annoyed by people criticizing your drinking uh no ok have you felt guilty about your drinking uh no so should i be uhm no at the at this time just wanting to gauge a sense of how you feel about your drinking levels at this time and the follow up question to that would be have you ever felt the need to have a drink early in the morning uh no no ive never drank i dont drink in the morning ok and do you use recreational drugs uh no never ok and do you smoke cigarettes nope and um do oh and then um who are you living with currently at home and so im living with my two children and my partner and can you tell me a little bit about the home situation yeah the home situation is fine like kids are doing great and my partner is very supportive no no issues that i can think of at home ok excellent		unintelligible okay and do you feel the need touh cut down on your drinking uh not really okay if you felt to by people cuninelligible your drinking no okay you felt guilty about your drinking uh no so should be uh no at at this time just wanting to gauge uh a sense of uh how you feel about your uh drinking levels at at this time uh and uh the followup question to that would be uh have you ever felt the need tou have a drink early in the morning uh no no i never drink drink in the morning okay and uh do use recreational drugs uh nounintellig okay and do you smoke cigarettes no and uh uh oh and then uh who are you living with currently at home uh so i am living with my two children and my partner and can you tell me a little bit about the home situation yeah the home situation fine like uh kids are doing great and uh the partner is very supportive uh no no issues that i can think of at home okay excellent	1
figshare-osce	GAS0002	NUMERIC	glasses of wine every night ok and do you feel the need to cut down on your drinking no not really ok have you ever felt annoyed by people criticizing your drinking uh no ok have you felt guilty about your drinking uh no so should i be uhm no at the at this time just wanting to gauge a sense of how you feel about your drinking levels at this time and the follow up question to that would be have you ever felt the need to have a drink early in the morning uh no no ive never drank i dont drink in the morning ok and do you use recreational drugs uh no never ok and do you smoke cigarettes nope and um do oh and then um who are you living with currently at home and so im living with my two children and my partner and can you tell me a little bit about the home situation yeah the home situation is fine like kids are doing great and my partner is very supportive no no issues that i can think of at home ok excellent		unintelligible okay and do you feel the need touh cut down on your drinking uh not really okay if you felt to by people cuninelligible your drinking no okay you felt guilty about your drinking uh no so should be uh no at at this time just wanting to gauge uh a sense of uh how you feel about your uh drinking levels at at this time uh and uh the followup question to that would be uh have you ever felt the need tou have a drink early in the morning uh no no i never drink drink in the morning okay and uh do use recreational drugs uh nounintellig okay and do you smoke cigarettes no and uh uh oh and then uh who are you living with currently at home uh so i am living with my two children and my partner and can you tell me a little bit about the home situation yeah the home situation fine like uh kids are doing great and uh the partner is very supportive uh no no issues that i can think of at home okay excellent	1
figshare-osce	GAS0003	NUMERIC	1	one		unalignable
figshare-osce	GAS0003	NUMERIC	10	ten		unalignable
figshare-osce	GAS0003	NUMERIC	10	ten		unalignable
figshare-osce	GAS0003	NUMERIC	10	ten		unalignable
figshare-osce	GAS0003	NUMERIC	8	eight		unalignable
figshare-osce	GAS0003	NUMERIC	8 ok	okay yeah		unalignable
figshare-osce	GAS0003	NUMERIC	8	eight		unalignable
figshare-osce	GAS0003	NUMERIC	8	eight		unalignable
figshare-osce	GAS0003	NEGATION_FLIP	wasnt	wasn't		unalignable
figshare-osce	GAS0003	NEGATION_FLIP	dont	don't		unalignable
figshare-osce	GAS0003	NEGATION_FLIP	dont	don't		unalignable
figshare-osce	GAS0003	NEGATION_FLIP	didnt	didn't		unalignable
figshare-osce	GAS0003	NEGATION_FLIP	didnt havent	i haven't		unalignable
figshare-osce	GAS0003	NEGATION_FLIP	havent	haven't		unalignable
figshare-osce	GAS0003	NEGATION_FLIP	dont	don't		unalignable
figshare-osce	GAS0003	NEGATION_FLIP	havent	haven't		unalignable
figshare-osce	GAS0003	NEGATION_FLIP	dont	don't		unalignable
figshare-osce	GAS0003	NEGATION_FLIP	dont	don't		unalignable
figshare-osce	GAS0003	NEGATION_FLIP	havent	haven't		unalignable
figshare-osce	GAS0003	NEGATION_FLIP	dont	don't		unalignable
figshare-osce	GAS0003	NEGATION_FLIP	dont	don't		unalignable
figshare-osce	GAS0003	NEGATION_FLIP	dont	don't		unalignable
figshare-osce	GAS0003	NEGATION_FLIP	dont	don't		unalignable
figshare-osce	GAS0003	NEGATION_FLIP	no			unalignable
figshare-osce	GAS0003	NEGATION_FLIP	dont ok	don't okay		unalignable
figshare-osce	GAS0003	NEGATION_FLIP	havent	haven't		unalignable
figshare-osce	GAS0003	NEGATION_FLIP	dont	don't		unalignable
figshare-osce	GAS0003	NEGATION_FLIP	ok and do you use any recreational drugs like marijuana no i dont ok alright so um thats all the questions i have and just to clarify does your pain come and go or is it constant yes so initially it would come and go but now so for the first 2 hours it would come and go and when i would have this pain when i was eating it would come and go but over the past six hours its just been constant ok alright		use any recreational drugs like marijuanar so that all the questions i have and just to clarifyig come and go or it constant initially it would come and go but now so for the first two hours it would come and go uh and when i would have the painunt is eating it would come and go uh but over the past six hours it just been constant	0
figshare-osce	GAS0003	NUMERIC	ok and do you use any recreational drugs like marijuana no i dont ok alright so um thats all the questions i have and just to clarify does your pain come and go or is it constant yes so initially it would come and go but now so for the first 2 hours it would come and go and when i would have this pain when i was eating it would come and go but over the past six hours its just been constant ok alright		use any recreational drugs like marijuanar so that all the questions i have and just to clarifyig come and go or it constant initially it would come and go but now so for the first two hours it would come and go uh and when i would have the painunt is eating it would come and go uh but over the past six hours it just been constant	0
figshare-osce	GAS0004	NEGATION_FLIP	couldnt	couldn't		unalignable
figshare-osce	GAS0004	NEGATION_FLIP	couldnt	couldn't	in't uh't	1
figshare-osce	GAS0004	NEGATION_FLIP	uhm no		uhm b	0
figshare-osce	GAS0004	NEGATION_FLIP	dont	don't		unalignable
figshare-osce	GAS0004	NEGATION_FLIP	dont	don't		unalignable
figshare-osce	GAS0004	NEGATION_FLIP	dont	don't		unalignable
figshare-osce	GAS0004	NEGATION_FLIP	didnt	didn't		unalignable
figshare-osce	GAS0004	NEGATION_FLIP	dont	don't	don't	0
figshare-osce	GAS0004	NUMERIC	5	five		unalignable
figshare-osce	GAS0004	NEGATION_FLIP	havent	haven't		unalignable
figshare-osce	GAS0004	NEGATION_FLIP	didnt	didn't		unalignable
figshare-osce	GAS0004	NEGATION_FLIP	didnt	didn't		unalignable
figshare-osce	GAS0004	NEGATION_FLIP	wasnt	wasn't		unalignable
figshare-osce	GAS0004	NEGATION_FLIP	dont	don't		unalignable
figshare-osce	GAS0004	NEGATION_FLIP	dont	don't		unalignable
figshare-osce	GAS0004	NEGATION_FLIP	dont	don't		unalignable
figshare-osce	GAS0004	NEGATION_FLIP	havent	haven't		unalignable
figshare-osce	GAS0004	NEGATION_FLIP	havent	haven't		unalignable
figshare-osce	GAS0004	NEGATION_FLIP	dont i dont know ok ok im im just gonna	don't know okay okay okay and i'm just going to		unalignable
figshare-osce	GAS0004	NEGATION_FLIP	like	wasn't		unalignable
figshare-osce	GAS0004	NEGATION_FLIP	nope	no		unalignable
figshare-osce	GAS0004	NEGATION_FLIP	dont	don't		unalignable
figshare-osce	GAS0004	NEGATION_FLIP	over to ask you about your family history does anyone in your family have any history of digestive problems or um abdominal problems abdominal surgery my brother had appendicitis when he was young um my mom has had a hysterectomy if that counts yeah nothing else ok ok thank you for sharing that with me so i think thats everything that i wanted to ask you for today		you about your family history doesn'tone your family have any history of digestive problems or uhm abdominal problems abdominal surgeries uhm uh mynnd brother had uh appendicitis uh when he was young uhm my uhm mom has had a hysterectomyunintelligible uh so i think everying that i wanted to ask you for today	0
figshare-osce	GAS0005	NUMERIC	3	three	three	0
figshare-osce	GAS0005	NUMERIC	383	3	3	0
figshare-osce	GAS0005	NUMERIC	3	three	three	0
figshare-osce	GAS0005	NEGATION_FLIP	no		like no no real changes	1
figshare-osce	GAS0005	NEGATION_FLIP	couldnt	couldn't	cannot	0
figshare-osce	GAS0005	NEGATION_FLIP	didnt	didn't	didn't	0
figshare-osce	GAS0005	NEGATION_FLIP	didnt	didn't	didn't	0
figshare-osce	GAS0005	NEGATION_FLIP	no		color changes no no	1
figshare-osce	GAS0005	NEGATION_FLIP	didnt	didn't		unalignable
figshare-osce	GAS0005	NUMERIC	6	six	six	0
figshare-osce	GAS0005	NEGATION_FLIP	nope ok	no okay		unalignable
figshare-osce	GAS0005	NEGATION_FLIP	dont	don't	don't	0
figshare-osce	GAS0005	NEGATION_FLIP	he	didn't	feeling	1
figshare-osce	GAS0005	NEGATION_FLIP	no			unalignable
figshare-osce	GAS0005	NEGATION_FLIP	hasnt	hasn't	has	1
figshare-osce	GAS0005	NEGATION_FLIP	so hes	no he's	no	0
figshare-osce	GAS0005	NEGATION_FLIP	yeah he didnt	think he's didn't	didn' didn'	1
figshare-osce	GAS0005	NEGATION_FLIP	yeah	haven't	we yeah we	1
figshare-osce	GAS0005	NEGATION_FLIP	not		excellent and does he have any allergies uh no uh not not anything that we know	1
figshare-osce	GAS0005	NUMERIC	39	thirty-nine	vaginal delivery uh no issues uh he was born at 39 weeks	1
figshare-osce	GAS0005	NEGATION_FLIP	didnt	didn't	did	1
figshare-osce	GAS0005	NEGATION_FLIP	dont	don't	not	0
figshare-osce	GAS0005	NUMERIC	3	three	33 kg okay	0
figshare-osce	GAS0005	NUMERIC	10	ten	10-year-old	0
figshare-osce	GAS0005	NEGATION_FLIP	dont	don't	don't	0
figshare-osce	GAS0005	NEGATION_FLIP	dont	don't	don't	0
figshare-osce	GAS0005	NEGATION_FLIP	dont	don't	don't	0
figshare-osce	GAS0005	NEGATION_FLIP	know	no	andh he had no	0
figshare-osce	GAS0005	NEGATION_FLIP	dont	don't	don't	0
figshare-osce	GAS0005	NEGATION_FLIP	nope	no	no	0
figshare-osce	GAS0005	NUMERIC	10	10-year-old	are getting the 10 year	1
figshare-osce	GAS0005	NEGATION_FLIP	uh no		uh no history of any kind of	1
figshare-osce	GAS0005	NEGATION_FLIP	dont	don't	don't	0
figshare-osce	GAS0007	NUMERIC	3	three		unalignable
figshare-osce	GAS0007	NEGATION_FLIP	havent	haven't		unalignable
figshare-osce	GAS0007	NEGATION_FLIP	didnt	didn't		unalignable
figshare-osce	GAS0007	NUMERIC	2	okay		unalignable
figshare-osce	GAS0007	NUMERIC	metformin metformin	four minutes		unalignable
figshare-osce	GAS0007	NEGATION_FLIP	no	nah		unalignable
figshare-osce	GAS0007	NEGATION_FLIP	not			unalignable
figshare-osce	GAS0007	NEGATION_FLIP	not that			unalignable
figshare-osce	GAS0007	NEGATION_FLIP	no			unalignable
figshare-osce	GAS0007	NUMERIC	two	2-4		unalignable
figshare-osce	GAS0007	NUMERIC	four			unalignable
figshare-osce	GAS0007	NEGATION_FLIP	didnt	didn't	did'	1
figshare-osce	GEN0001	NEGATION_FLIP	dont	don't	don't	0
figshare-osce	GEN0001	NUMERIC	2	two		unalignable
figshare-osce	GEN0001	NUMERIC	4	four		unalignable
figshare-osce	GEN0001	NUMERIC	5	five		unalignable
figshare-osce	GEN0001	NUMERIC	3	three		unalignable
figshare-osce	GEN0001	NUMERIC	3	three		unalignable
figshare-osce	GEN0001	NEGATION_FLIP	hasnt	hasn't		unalignable
figshare-osce	GEN0001	NEGATION_FLIP	havent	haven't		unalignable
figshare-osce	GEN0001	NEGATION_FLIP	havent	haven't		unalignable
figshare-osce	GEN0001	NEGATION_FLIP	havent	haven't		unalignable
figshare-osce	GEN0001	NEGATION_FLIP	nothing	it's		unalignable
figshare-osce	GEN0001	NEGATION_FLIP	dont	don't		unalignable
figshare-osce	GEN0001	NEGATION_FLIP	didnt	didn't		unalignable
figshare-osce	GEN0001	NEGATION_FLIP	dont	don't		unalignable
figshare-osce	GEN0001	NEGATION_FLIP	not			unalignable
figshare-osce	GEN0001	NEGATION_FLIP	yeah	no		unalignable
figshare-osce	GEN0001	NEGATION_FLIP	dont	don't		unalignable
figshare-osce	GEN0001	NEGATION_FLIP	havent	haven't		unalignable
figshare-osce	GEN0001	NEGATION_FLIP	dont	don't		unalignable
figshare-osce	GEN0001	NEGATION_FLIP	i	don't		unalignable
figshare-osce	GEN0001	NEGATION_FLIP	didnt	didn't		unalignable
figshare-osce	GEN0001	NEGATION_FLIP	no	so		unalignable
figshare-osce	MSK0001	LATERALITY	right	rated	radiated	0
figshare-osce	MSK0001	NUMERIC	1	one		unalignable
figshare-osce	MSK0001	NUMERIC	10 uh	ten one	to 10 uh	1
figshare-osce	MSK0001	NUMERIC	1		one	0
figshare-osce	MSK0001	NUMERIC	10	ten	10 being the worst how much would	1
figshare-osce	MSK0001	NUMERIC	2	two	2	1
figshare-osce	MSK0001	NUMERIC	10 ok	ten okay	10 okay uh	1
figshare-osce	MSK0001	NEGATION_FLIP	cant	can't	canot	1
figshare-osce	MSK0001	NEGATION_FLIP	havent	haven't	haven't	0
figshare-osce	MSK0001	NEGATION_FLIP	not			unalignable
figshare-osce	MSK0001	NEGATION_FLIP	hasnt	hasn't	hasn'	1
figshare-osce	MSK0001	NEGATION_FLIP	uh no	nope that	any hospitalizations before uh no	1
figshare-osce	MSK0001	NEGATION_FLIP	and who are you sexually active with any new partners at all uh no new partners um just my girlfriend uh and uh how many im sorry go ahead um just my my girlfriend recently ok and have you been sexually active with more than one partner in the past past year uh yes i have um um two women over the past year ok and um do you use any kind of protection yes always use uh condoms ok alright so now im just going to get the patients vitals		and who are you sexually active with any new partners at all uh no new partners uh just my girlfriend uh and uh i mey i a sorry go uhj just wy about my girlfriend recently okay and have you uh been sexually active with more than one partner in the past past year uh uh yes i have uh uh two wn over the past year okay and u uh do use any kind of protection uh yes always use uh the condoms okay alright so now i am just geting get the patient's vitals	1
figshare-osce	MSK0001	NUMERIC	and who are you sexually active with any new partners at all uh no new partners um just my girlfriend uh and uh how many im sorry go ahead um just my my girlfriend recently ok and have you been sexually active with more than one partner in the past past year uh yes i have um um two women over the past year ok and um do you use any kind of protection yes always use uh condoms ok alright so now im just going to get the patients vitals		and who are you sexually active with any new partners at all uh no new partners uh just my girlfriend uh and uh i mey i a sorry go uhj just wy about my girlfriend recently okay and have you uh been sexually active with more than one partner in the past past year uh uh yes i have uh uh two wn over the past year okay and u uh do use any kind of protection uh yes always use uh the condoms okay alright so now i am just geting get the patient's vitals	1
figshare-osce	MSK0003	NEGATION_FLIP	cant	can't	canot	1
figshare-osce	MSK0003	NEGATION_FLIP	wouldnt	wouldn't	not	0
figshare-osce	MSK0003	NUMERIC	0	zero	0er	0
figshare-osce	MSK0003	NUMERIC	10	ten	to 10 with	1
figshare-osce	MSK0003	NUMERIC	0	zero		unalignable
figshare-osce	MSK0003	NUMERIC	10	ten	in your life and 10 being the worst	1
figshare-osce	MSK0003	NUMERIC	0	zero	zer	0
figshare-osce	MSK0003	NEGATION_FLIP	didnt	didn't	not	0
figshare-osce	MSK0003	NUMERIC	5 6	five six	to six	0
figshare-osce	MSK0003	NEGATION_FLIP	didnt	didn't	not	0
figshare-osce	MSK0003	NEGATION_FLIP	not in		and have you ever had any previous episodes that are similar to this uh not not	1
figshare-osce	MSK0003	NEGATION_FLIP	dont	don't	don'	1
figshare-osce	MSK0003	NEGATION_FLIP	havent	haven't	have	1
figshare-osce	MSK0003	NEGATION_FLIP	havent	haven't	not	0
figshare-osce	MSK0003	NEGATION_FLIP	havent	haven't	have not	0
figshare-osce	MSK0003	NEGATION_FLIP	havent	haven't	have	1
figshare-osce	MSK0003	NEGATION_FLIP	nope	no	no i have not	0
figshare-osce	MSK0003	NEGATION_FLIP	havent	haven't		unalignable
figshare-osce	MSK0003	NEGATION_FLIP	hasnt	hasn't	nott	1
figshare-osce	MSK0003	NEGATION_FLIP	hasnt	hasn't	not	0
figshare-osce	MSK0003	NEGATION_FLIP	dont	don't		unalignable
figshare-osce	MSK0003	NEGATION_FLIP	havent	haven't	not	0
figshare-osce	MSK0003	NUMERIC	3	three	three	0
figshare-osce	MSK0003	NUMERIC	uhm im 26	i'm 2026 okay	26	1
figshare-osce	MSK0003	NEGATION_FLIP	dont	don't	not	0
figshare-osce	MSK0003	NUMERIC	for	four	four	0
figshare-osce	MSK0003	NEGATION_FLIP	which can present in men your age and its kind of like a progressive dull back pain and that has some morning stiffness as well so yeah theres definitely multiple things that it can be so first we would need to do a full physical examination and book an appointment or for that in person and we will get some lab work done as well as well as a x ray of the of the spine and your sacroiliac joints and well also get some blood work with cbc crand esr so those are just inflammatory markers as well as the rheumatoid factor antinuclear antibodies those are just some things that will test for different kind of rheumatological issues and to see if you have any arthritis so yeah those are and then will also get an x ray of your hands and knees since youre having pain there as well so yeah those are some steps that well take do you have any questions or concerns no that that sounds that sounds great thank you alright yeah so i will get in touch with you shortly sounds great thank you alright take care bye bye		which can present in men- uh your age and it is kind like a progressive dull uh back pain and that has some morning stiffness as well sayh the there is definitely multiple things that it can be so first we would need to do a full physical examination and book an appointment for for that in person uhm and we will will get some lab work done as well as well as uh x-ray of the of the uh spine and their sacroiliac joints uhm and we will also get some blood work with cbc uh crp and esr so those are just inflammatory markers as well as the rheumatoid factor and nuclear uh antibodies there are just something that will test for different kind of rheumatological issues and uh and to see if you have any arthritis see how those are then we will also get an x-ray of your hands and knees uh since you are having pain there as well so yeah that those are some steps that will take you have any questions or concerns no that thatuns uhm that sounds great thank you alr yeah so we will uh get in touch with you shortly soundible great thank you uh think it ch	1
figshare-osce	MSK0003	NUMERIC	which can present in men your age and its kind of like a progressive dull back pain and that has some morning stiffness as well so yeah theres definitely multiple things that it can be so first we would need to do a full physical examination and book an appointment or for that in person and we will get some lab work done as well as well as a x ray of the of the spine and your sacroiliac joints and well also get some blood work with cbc crand esr so those are just inflammatory markers as well as the rheumatoid factor antinuclear antibodies those are just some things that will test for different kind of rheumatological issues and to see if you have any arthritis so yeah those are and then will also get an x ray of your hands and knees since youre having pain there as well so yeah those are some steps that well take do you have any questions or concerns no that that sounds that sounds great thank you alright yeah so i will get in touch with you shortly sounds great thank you alright take care bye bye		which can present in men- uh your age and it is kind like a progressive dull uh back pain and that has some morning stiffness as well sayh the there is definitely multiple things that it can be so first we would need to do a full physical examination and book an appointment for for that in person uhm and we will will get some lab work done as well as well as uh x-ray of the of the uh spine and their sacroiliac joints uhm and we will also get some blood work with cbc uh crp and esr so those are just inflammatory markers as well as the rheumatoid factor and nuclear uh antibodies there are just something that will test for different kind of rheumatological issues and uh and to see if you have any arthritis see how those are then we will also get an x-ray of your hands and knees uh since you are having pain there as well so yeah that those are some steps that will take you have any questions or concerns no that thatuns uhm that sounds great thank you alr yeah so we will uh get in touch with you shortly soundible great thank you uh think it ch	1
figshare-osce	MSK0004	NEGATION_FLIP	didnt	didn't	did	1
figshare-osce	MSK0004	NEGATION_FLIP	havent	haven't	not	0
figshare-osce	MSK0004	LATERALITY	right		right	1
figshare-osce	MSK0004	LATERALITY	right			unalignable
figshare-osce	MSK0004	NEGATION_FLIP	cant	can't	canot	1
figshare-osce	MSK0004	NEGATION_FLIP	dont	don't	not	0
figshare-osce	MSK0004	NEGATION_FLIP	what well do is we might need to get like a proper physical examination done to make sure there is no fracture most likely though it seems that this may just be an ankle sprain uh due to you inverting your ankle the other day uhm what we can do is usually we just immobilize the ankle and then recommend applying ice you can take some nsaids like advil for pain to help you and it should it should get better on its own with some physiotherapy later on as well however if we find that on physical examination you are having significant pain on palpation or any kind of bony pain we might also require you to get an x ray of the right foot and ankle as well as just your lower leg so yeah well have you come come in in person and then go from there and see if you need an x ray ok that sounds good thank you alright take care bye		what we will do isuh we might need to get like a proper physical examination done uhm to make sure there is no fracture most likely though uh it seems that this may just be uh an ankle sprain uhm uh and due to uh you inverting your ankle the other day uhm what we can do is uh usually we just uh immobilize the ankleuh and then recommend applying ice uhm you can take some uh nsaids like advil for pain to help you uhm and it should uhm it should uh get better on its own with some physiotherapy later on as well uh however uhm if we find that on physical examination you were having h significant pain on palpation uh or any kind of bony pain uh we might also require to get an x-ray of uh the right foot and ankle uhm as well as fiterior lower leg uh so i will have you come come in in person and then uh go from there and see if we need an x-ray okay that's thank you alr take ca by pent	1
figshare-osce	MSK0004	LATERALITY	what well do is we might need to get like a proper physical examination done to make sure there is no fracture most likely though it seems that this may just be an ankle sprain uh due to you inverting your ankle the other day uhm what we can do is usually we just immobilize the ankle and then recommend applying ice you can take some nsaids like advil for pain to help you and it should it should get better on its own with some physiotherapy later on as well however if we find that on physical examination you are having significant pain on palpation or any kind of bony pain we might also require you to get an x ray of the right foot and ankle as well as just your lower leg so yeah well have you come come in in person and then go from there and see if you need an x ray ok that sounds good thank you alright take care bye		what we will do isuh we might need to get like a proper physical examination done uhm to make sure there is no fracture most likely though uh it seems that this may just be uh an ankle sprain uhm uh and due to uh you inverting your ankle the other day uhm what we can do is uh usually we just uh immobilize the ankleuh and then recommend applying ice uhm you can take some uh nsaids like advil for pain to help you uhm and it should uhm it should uh get better on its own with some physiotherapy later on as well uh however uhm if we find that on physical examination you were having h significant pain on palpation uh or any kind of bony pain uh we might also require to get an x-ray of uh the right foot and ankle uhm as well as fiterior lower leg uh so i will have you come come in in person and then uh go from there and see if we need an x-ray okay that's thank you alr take ca by pent	1
figshare-osce	MSK0005	NEGATION_FLIP	wasnt	wasn't		unalignable
figshare-osce	MSK0005	NUMERIC	1	one		unalignable
figshare-osce	MSK0005	NUMERIC	10 10	ten ten	f	0
figshare-osce	MSK0005	NEGATION_FLIP	havent	haven't		unalignable
figshare-osce	MSK0005	LATERALITY	cause im right	because i'm right-handed		unalignable
figshare-osce	MSK0005	NEGATION_FLIP	no			unalignable
figshare-osce	MSK0005	NEGATION_FLIP	havent	haven't		unalignable
figshare-osce	MSK0005	NEGATION_FLIP	havent	haven't		unalignable
figshare-osce	MSK0005	NEGATION_FLIP	havent	haven't	evid of	1
figshare-osce	MSK0005	NEGATION_FLIP	havent	haven't		unalignable
figshare-osce	MSK0005	NEGATION_FLIP	dont	don't	it don't	0
figshare-osce	MSK0005	NEGATION_FLIP	no		biceps uh no no	1
figshare-osce	MSK0005	NEGATION_FLIP	doesnt	doesn't	but but doesn't causeunig have	0
figshare-osce	MSK0005	NEGATION_FLIP	doesnt	doesn't	but don't	0
figshare-osce	MSK0005	NEGATION_FLIP	no neurological issues in the family ok		no neurological issues in the family okay unintig	1
figshare-osce	MSK0005	NEGATION_FLIP	no		autoimmune conditions uh no nothing like that	1
figshare-osce	MSK0005	NEGATION_FLIP	havent	haven't	i' smoke	1
figshare-osce	MSK0005	NEGATION_FLIP	i	don't	uh i'	1
figshare-osce	MSK0005	NEGATION_FLIP	havent	haven't		unalignable
figshare-osce	MSK0005	NEGATION_FLIP	your wrist extensor muscle group there um so for this we basically recommend um a couple of things to manage the pain uh but first like in terms of imaging i dont think it is necessary because it doesnt seem like there was any trauma and im not too worried about any fractures um so to help you treat this um we recommend some activity modifications so um at work not doing things that are too repetitive especially if its using those um extensor forearm muscles um and then you can use some use a compression sleeve as well continue taking tylenol or nsaids for the pain and uh really important is physical therapy um to increase mobility and strength in that arm uh and as well you can apply things like ice um to it for like the pain and swelling if you see any uh yeah so it should resolve in about six months to two years at most uh but normally it does um go away in a couple of months with some physical therapy and the compression and splints if you choose to do that how does that sound yeah that that sounds um good thank you yeah no worries		wrist extensor muscle group there uh so for this we basically recommend uh a couple of things to manage the pain uh but first likeu in terms of imaging i don't think it is necessary because it doesn' seem like there is any trauma and i am not too worried about any fractures uh so to help you treat this uh we recommend some activity modification so uh at work not doing things that are too repetitive especially if it iss using those uh extensor forearm muscles and and then you can use some use a compression sleeve as well continue taking tylenol or nsaids for the pain and uh really important is physical therapy uh to increase mo ility and strength in that arm uh and as well you can apply things like ice uh to it for like the pain and swelling if you see any uh yea also it should resolve in about six months to two years at most uh but normally it does uh go away a couple months with with some physical therapy and the the compression and splints if he choose to do that how is that sound those those u unintelligible ech	1
figshare-osce	MSK0005	NUMERIC	your wrist extensor muscle group there um so for this we basically recommend um a couple of things to manage the pain uh but first like in terms of imaging i dont think it is necessary because it doesnt seem like there was any trauma and im not too worried about any fractures um so to help you treat this um we recommend some activity modifications so um at work not doing things that are too repetitive especially if its using those um extensor forearm muscles um and then you can use some use a compression sleeve as well continue taking tylenol or nsaids for the pain and uh really important is physical therapy um to increase mobility and strength in that arm uh and as well you can apply things like ice um to it for like the pain and swelling if you see any uh yeah so it should resolve in about six months to two years at most uh but normally it does um go away in a couple of months with some physical therapy and the compression and splints if you choose to do that how does that sound yeah that that sounds um good thank you yeah no worries		wrist extensor muscle group there uh so for this we basically recommend uh a couple of things to manage the pain uh but first likeu in terms of imaging i don't think it is necessary because it doesn' seem like there is any trauma and i am not too worried about any fractures uh so to help you treat this uh we recommend some activity modification so uh at work not doing things that are too repetitive especially if it iss using those uh extensor forearm muscles and and then you can use some use a compression sleeve as well continue taking tylenol or nsaids for the pain and uh really important is physical therapy uh to increase mo ility and strength in that arm uh and as well you can apply things like ice uh to it for like the pain and swelling if you see any uh yea also it should resolve in about six months to two years at most uh but normally it does uh go away a couple months with with some physical therapy and the the compression and splints if he choose to do that how is that sound those those u unintelligible ech	1
figshare-osce	MSK0006	NUMERIC	uh	two	really intense in the last uh like	1
figshare-osce	MSK0006	NUMERIC	like 2		really intense in the last uh like two	0
figshare-osce	MSK0006	NEGATION_FLIP	hasnt	hasn't		unalignable
figshare-osce	MSK0006	NEGATION_FLIP	dont	don't		unalignable
figshare-osce	MSK0006	NEGATION_FLIP	dont i	don't haven't		unalignable
figshare-osce	MSK0006	NEGATION_FLIP	havent	haven't		unalignable
figshare-osce	MSK0006	NEGATION_FLIP	ive	haven't		unalignable
figshare-osce	MSK0006	NEGATION_FLIP	no	and		unalignable
figshare-osce	MSK0006	NEGATION_FLIP	havent	haven't		unalignable
figshare-osce	MSK0006	NEGATION_FLIP	hearing smell or	hearings no kids	changes to your vision hearing smell or taste no	0
figshare-osce	MSK0006	NEGATION_FLIP	havent been any having any	haven't i mean anything things	having any symptoms like that	1
figshare-osce	MSK0006	NEGATION_FLIP	havent	haven't		unalignable
figshare-osce	MSK0006	NEGATION_FLIP	dont	don't		unalignable
figshare-osce	MSK0006	NEGATION_FLIP	dont	don't		unalignable
figshare-osce	MSK0006	NEGATION_FLIP	dont ok	don't okay		unalignable
figshare-osce	MSK0006	NEGATION_FLIP	havent	haven't		unalignable
figshare-osce	MSK0006	NEGATION_FLIP	dont	don't	what don't do	0
figshare-osce	MSK0006	NEGATION_FLIP	doesnt	doesn't		unalignable
figshare-osce	MSK0006	NEGATION_FLIP	dont ok	don't okay	don't okay have it	0
figshare-osce	MSK0006	NEGATION_FLIP	doesnt	doesn't	not	0
figshare-osce	MSK0006	NEGATION_FLIP	dont	don't	don't	0
figshare-osce	MSK0006	NEGATION_FLIP	doesnt	doesn't	doesn'	1
figshare-osce	MSK0006	NUMERIC	6	six	six	0
figshare-osce	MSK0006	NUMERIC	8	eight	eight	0
figshare-osce	MSK0007	NUMERIC	1	one	what is the severity of the pain on a scale of 1 to 10 with 10 being the worst pain	0
figshare-osce	MSK0007	NUMERIC	10	ten	what is the severity of the pain on a scale of 1 to 10 with 10 being the worst pain	0
figshare-osce	MSK0007	NUMERIC	10	ten	what is the severity of the pain on a scale of 1 to 10 with 10 being the worst pain	0
figshare-osce	MSK0007	NUMERIC	5 ok	five okay	uhm unintelligible five okay and uhm uh should	0
figshare-osce	MSK0007	NEGATION_FLIP	no	okay		unalignable
figshare-osce	MSK0007	NEGATION_FLIP	havent	haven't		unalignable
figshare-osce	MSK0007	NEGATION_FLIP	dont	don't	g	1
figshare-osce	MSK0007	NEGATION_FLIP	dont	don't		unalignable
figshare-osce	MSK0007	NEGATION_FLIP	no			unalignable
figshare-osce	MSK0007	NEGATION_FLIP	isnt	isn't	isn't	0
figshare-osce	MSK0008	NEGATION_FLIP	dont	don't		unalignable
figshare-osce	MSK0008	NUMERIC	1	one	than one	0
figshare-osce	MSK0008	NUMERIC	5 ok	five okay		unalignable
figshare-osce	MSK0008	NEGATION_FLIP	dont	don't	re uh okay uh	1
figshare-osce	MSK0008	NEGATION_FLIP	um	no		unalignable
figshare-osce	MSK0008	NEGATION_FLIP	or	not		unalignable
figshare-osce	MSK0008	NEGATION_FLIP	no	okay	okay and uh	0
figshare-osce	MSK0008	NEGATION_FLIP	are	aren't	reflexes are normal	1
figshare-osce	MSK0008	NEGATION_FLIP	arent	aren't	are'	1
figshare-osce	MSK0009	NUMERIC	1	one	1 to 10 10 being the worst pain	0
figshare-osce	MSK0009	NUMERIC	10 10	ten ten	1 to 10 10 being the worst pain	0
figshare-osce	MSK0009	NUMERIC	6 ok um	a six okay	6i okay uhm	0
figshare-osce	MSK0009	NUMERIC	3	three	three	0
figshare-osce	MSK0009	NEGATION_FLIP	dont	don't	don't	0
figshare-osce	MSK0009	NEGATION_FLIP	didnt	didn't	didn't	0
figshare-osce	MSK0009	NEGATION_FLIP	didnt	didn't	didn't	0
figshare-osce	MSK0009	NEGATION_FLIP	no ok	nope okay	have you had any shortness of breath no okay uhm	1
figshare-osce	MSK0009	NEGATION_FLIP	no		no i i	1
figshare-osce	MSK0009	NEGATION_FLIP	i	don't	no i i	0
figshare-osce	MSK0009	NEGATION_FLIP	dont	don't	don't	0
figshare-osce	MSK0009	NEGATION_FLIP	um nope	no okay	uh no okay uhm	0
figshare-osce	MSK0009	NEGATION_FLIP	dont ok im	don't okay okay	okay uhm okay uh	1
figshare-osce	MSK0009	NEGATION_FLIP	i	don't	don't	0
figshare-osce	MSK0009	NEGATION_FLIP	wouldnt	wouldn't	wouldn't	0
figshare-osce	MSK0009	NEGATION_FLIP	i	don't	i	1
figshare-osce	MSK0009	NUMERIC	2	two	two	0
figshare-osce	MSK0010	NUMERIC	5	five	five	0
figshare-osce	MSK0010	NEGATION_FLIP	wasnt	wasn't	wasn't	0
figshare-osce	MSK0010	NEGATION_FLIP	dont	don't	don't	0
figshare-osce	MSK0010	NUMERIC	1	one	how would what would you say the severity of the pain is on a scale of 1 to 10 uhm if	0
figshare-osce	MSK0010	NUMERIC	10	ten	how would what would you say the severity of the pain is on a scale of 1 to 10 uhm if	0
figshare-osce	MSK0010	NUMERIC	7 ok	seven okay	ven h okay uhm andu	0
figshare-osce	MSK0010	NEGATION_FLIP	no	nope	no	1
figshare-osce	MSK0010	NEGATION_FLIP	no ok	nope okay		unalignable
figshare-osce	MSK0010	NEGATION_FLIP	havent	haven't		unalignable
figshare-osce	MSK0010	NEGATION_FLIP	um nope	no okay	no okay uhm	0
figshare-osce	MSK0010	NEGATION_FLIP	havent	haven't	haven't	0
figshare-osce	MSK0010	NEGATION_FLIP	havent	haven't	haven'	1
figshare-osce	MSK0010	NEGATION_FLIP	not		yeah if yeah not not just like that but if you were to like press down on it	1
figshare-osce	MSK0011	LATERALITY	right which		which right which hand is	1
figshare-osce	MSK0011	NUMERIC	1000 pm	p m	p m	0
figshare-osce	MSK0011	LATERALITY	right		mostly right my hand	1
figshare-osce	MSK0011	NUMERIC	zero	0	0	0
figshare-osce	MSK0011	NUMERIC	1010	10	10	0
figshare-osce	MSK0011	NUMERIC	three	3	3	0
figshare-osce	MSK0011	NEGATION_FLIP	dont	don't	don't	0
figshare-osce	MSK0011	NEGATION_FLIP	havent	haven't	would use theunlute	1
figshare-osce	MSK0011	NEGATION_FLIP	havent ok	haven't okay	have itka	1
figshare-osce	MSK0011	NEGATION_FLIP	couldnt	couldn't	couldn'	1
figshare-osce	MSK0011	NUMERIC	2	two	two	0
figshare-osce	MSK0011	NEGATION_FLIP	cant	can't	can	1
figshare-osce	MSK0011	NEGATION_FLIP	doesnt	doesn't		unalignable
figshare-osce	MSK0012	NEGATION_FLIP	not		no	1
figshare-osce	MSK0012	NUMERIC	zero	0	0	0
figshare-osce	MSK0012	NUMERIC	5	five	5 to 6	0
figshare-osce	MSK0012	NUMERIC	6	six	5 to 6	0
figshare-osce	MSK0012	NUMERIC	10	ten	10 but when it gets bad and	1
figshare-osce	MSK0012	NUMERIC	8	eight	give it an 8	1
figshare-osce	MSK0012	NUMERIC	10 ok	ten okay	10 okay or	1
figshare-osce	MSK0012	NEGATION_FLIP	um no	i know	i know	0
figshare-osce	MSK0012	NUMERIC	67	seven	seven	0
figshare-osce	MSK0012	NEGATION_FLIP	dont ok	don't okay	uh uh go	1
figshare-osce	MSK0012	NEGATION_FLIP	no		any increased fatigue no no any rashes or skin changes	1
figshare-osce	MSK0012	NEGATION_FLIP	dont	don't	don't	0
figshare-osce	MSK0012	NEGATION_FLIP	no its	know it's	warm okay uhm	0
figshare-osce	MSK0012	NEGATION_FLIP	its not			unalignable
figshare-osce	MSK0012	NEGATION_FLIP	cant	can't		unalignable
figshare-osce	MSK0012	NEGATION_FLIP	havent	haven't	haven't	0
figshare-osce	MSK0013	NUMERIC	2	two	two	0
figshare-osce	MSK0013	NUMERIC	3	three	three	0
figshare-osce	MSK0013	NEGATION_FLIP	you	don't		unalignable
figshare-osce	MSK0013	NEGATION_FLIP	cant	can't		unalignable
figshare-osce	MSK0013	NEGATION_FLIP	dont	don't	don't	0
figshare-osce	MSK0013	NEGATION_FLIP	cant	can't	can't	0
figshare-osce	MSK0013	NEGATION_FLIP	didnt	didn't	didn't	0
figshare-osce	MSK0013	NEGATION_FLIP	no	nope		unalignable
figshare-osce	MSK0013	NUMERIC	eight point	8 1	8 8 1	0
figshare-osce	MSK0013	NUMERIC	81		8 8 1	0
figshare-osce	MSK0013	NEGATION_FLIP	havent	haven't	uh haven't	0
figshare-osce	MSK0013	NEGATION_FLIP	dont	don't	lea okay uh	1
figshare-osce	MSK0013	NEGATION_FLIP	dont	don't		unalignable
figshare-osce	MSK0013	NUMERIC	5	five		unalignable
figshare-osce	MSK0013	NEGATION_FLIP	not			unalignable
figshare-osce	MSK0013	NEGATION_FLIP	cant	can't	can't	0
figshare-osce	MSK0013	NEGATION_FLIP	cant	can't	can't	0
figshare-osce	MSK0013	NEGATION_FLIP	arent	aren't	aren't	0
figshare-osce	MSK0014	NEGATION_FLIP	dont	don't	don'	1
figshare-osce	MSK0014	NUMERIC	5	five	five	0
figshare-osce	MSK0014	NEGATION_FLIP	i	don't	in some of my joints but i i	1
figshare-osce	MSK0014	NEGATION_FLIP	dont	don't	don't	0
figshare-osce	MSK0014	NEGATION_FLIP	didnt ok	didn't okay	didn't okay	0
figshare-osce	MSK0014	NEGATION_FLIP	i	haven't	a steroid injection to the same knee just a week ago but no i i	0
figshare-osce	MSK0014	NEGATION_FLIP	havent	haven't	haven't	0
figshare-osce	MSK0014	NEGATION_FLIP	no	nope	sore throat no	1
figshare-osce	MSK0014	NEGATION_FLIP	no	nope	had any cough or shortness of breath no how about any	1
figshare-osce	MSK0014	NEGATION_FLIP	um nope alright	no all right	uh no alright have you had any loss of appetite no and have you had any abdominal pain no have you had any changes to your bowel movements	0
figshare-osce	MSK0014	NEGATION_FLIP	no	nope	alright have you had any loss of appetite no and have you had any abdominal pain no have you had any changes to your bowel movements	1
figshare-osce	MSK0014	NEGATION_FLIP	no	nope	alright have you had any loss of appetite no and have you had any abdominal pain no have you had any changes to your bowel movements	1
figshare-osce	MSK0014	NEGATION_FLIP	no ok	nope okay	no okay uh	1
figshare-osce	MSK0014	NEGATION_FLIP	nope ok	no okay	no okay	0
figshare-osce	MSK0014	NEGATION_FLIP	no	nope	no and	1
figshare-osce	MSK0014	NEGATION_FLIP	dont	don't	don't	0
figshare-osce	MSK0014	NEGATION_FLIP	dont	don't	don't	0
figshare-osce	MSK0014	NEGATION_FLIP	cant	can't	you can't	0
figshare-osce	MSK0014	NEGATION_FLIP	dont	don't	don't	0
figshare-osce	MSK0014	NEGATION_FLIP	dont	don't	i'	1
figshare-osce	MSK0014	NEGATION_FLIP	no		no or burning sensations no	1
figshare-osce	MSK0014	NEGATION_FLIP	dont	don't	don't	0
figshare-osce	MSK0015	NUMERIC	daughter is	daughter's five	my daughter is	1
figshare-osce	MSK0015	NUMERIC	5		five	0
figshare-osce	MSK0015	NEGATION_FLIP	any injuries	not that	no unintelligible	0
figshare-osce	MSK0015	NEGATION_FLIP	hasnt	hasn't	hasn't	0
figshare-osce	MSK0015	NEGATION_FLIP	havent	haven't	haven't	0
figshare-osce	MSK0015	NEGATION_FLIP	not		not been able to walk then	1
figshare-osce	MSK0015	NUMERIC	1 12	a half	and half	0
figshare-osce	MSK0015	NEGATION_FLIP	didnt	didn't	didn't	0
figshare-osce	MSK0015	NEGATION_FLIP	no	okay	okay uhm	0
figshare-osce	MSK0015	NEGATION_FLIP	havent	haven't	haven't	0
figshare-osce	MSK0015	NEGATION_FLIP	didnt	didn't	didn't	0
figshare-osce	MSK0015	NEGATION_FLIP	cant	can't		unalignable
figshare-osce	MSK0015	NEGATION_FLIP	dont	don't		unalignable
figshare-osce	MSK0015	NEGATION_FLIP	dont	don't	not	0
figshare-osce	MSK0016	NEGATION_FLIP	its kind	that hasn't	go hasn'	1
figshare-osce	MSK0016	NUMERIC	1	one		unalignable
figshare-osce	MSK0016	NUMERIC	10 10 being	tends to be		unalignable
figshare-osce	MSK0016	NUMERIC	6 ok ok	six okay okay	six a u	0
figshare-osce	MSK0016	NUMERIC	really like over these last three		like over the last three months the first time	0
figshare-osce	MSK0016	NUMERIC	like	three	like	1
figshare-osce	MSK0016	NUMERIC	3		three fingersk	0
figshare-osce	MSK0016	NUMERIC	to	two		unalignable
figshare-osce	MSK0016	NEGATION_FLIP	havent	haven't		unalignable
figshare-osce	MSK0016	NEGATION_FLIP	havent	haven't		unalignable
figshare-osce	MSK0016	NEGATION_FLIP	havent	haven't		unalignable
figshare-osce	MSK0016	NEGATION_FLIP	havent	haven't		unalignable
figshare-osce	MSK0016	NEGATION_FLIP	havent	haven't		unalignable
figshare-osce	MSK0016	NEGATION_FLIP	no			unalignable
figshare-osce	MSK0016	NEGATION_FLIP	havent	haven't		unalignable
figshare-osce	MSK0016	NEGATION_FLIP	i	haven't		unalignable
figshare-osce	MSK0016	NEGATION_FLIP	havent	haven't		unalignable
figshare-osce	MSK0016	NUMERIC	5	five	uh five	0
figshare-osce	MSK0016	NUMERIC	10	ten	to 10 cigarettes per day	1
figshare-osce	MSK0016	NUMERIC	10	ten		unalignable
figshare-osce	MSK0016	NEGATION_FLIP	dont	don't		unalignable
figshare-osce	MSK0016	NEGATION_FLIP	dont	don't		unalignable
figshare-osce	MSK0016	NUMERIC	wine	one		unalignable
figshare-osce	MSK0016	NEGATION_FLIP	dont	don't		unalignable
figshare-osce	MSK0016	NUMERIC	10	ten	partner now for uh over 10 years and	1
figshare-osce	MSK0016	NEGATION_FLIP	doesnt	doesn't	other the do uh can	1
figshare-osce	MSK0016	NUMERIC	2	two	two	0
figshare-osce	MSK0016	NEGATION_FLIP	dont	don't	not	0
figshare-osce	MSK0016	NEGATION_FLIP	to relieve pain um and if those dont work we can try corticosteroids um and if that doesnt work then we can also discuss surgery sometime down the line does that sound ok it does yeah thank you yeah no problem		while you sleep to relieve those nighttime symptoms uh you can take some nsaids to relieve pain uh and if if those don nott work we can try corticosteroids uh uh and if that doesn not work then we can also discuss surgery somet time down the line does that sound okay you no problem	1
figshare-osce	MSK0017	LATERALITY	right			unalignable
figshare-osce	MSK0017	NEGATION_FLIP	hasnt	hasn't		unalignable
figshare-osce	MSK0017	NEGATION_FLIP	cant	can't		unalignable
figshare-osce	MSK0017	NEGATION_FLIP	dont	don't		unalignable
figshare-osce	MSK0017	NEGATION_FLIP	dont	don't	don't	0
figshare-osce	MSK0017	NUMERIC	1	one	w	0
figshare-osce	MSK0017	NUMERIC	10 10	tempt in	ten bending	0
figshare-osce	MSK0017	NUMERIC	7	seven		unalignable
figshare-osce	MSK0017	NUMERIC	7 ok	seven okay		unalignable
figshare-osce	MSK0017	NEGATION_FLIP	uh	no	weakness uh no muscle weakness	0
figshare-osce	MSK0017	NEGATION_FLIP	havent	haven't		unalignable
figshare-osce	MSK0017	NEGATION_FLIP	havent	haven't	have'	1
figshare-osce	MSK0017	NEGATION_FLIP	i	don't		unalignable
figshare-osce	MSK0017	NEGATION_FLIP	um	no	uh	1
figshare-osce	MSK0017	NEGATION_FLIP	dont	don't		unalignable
figshare-osce	MSK0017	NEGATION_FLIP	i dont	uh don't		unalignable
figshare-osce	MSK0017	NEGATION_FLIP	havent	haven't		unalignable
figshare-osce	MSK0017	NEGATION_FLIP	dont	don't		unalignable
figshare-osce	MSK0017	NEGATION_FLIP	havent	haven't	do have a travel	1
figshare-osce	MSK0017	LATERALITY	right		right right knee and your left knee uh not really no	0
figshare-osce	MSK0017	LATERALITY	um but if after we try some management and treatment plans it doesnt go away and it persists for more than eight weeks we do recommend imaging including an mri so uh in terms of management for right now um modified activity at work um some short term bed rest uh very short term though um and bed rest is only really recommended if you have severe back pain and muscle spasms um and you definitely shouldnt be doing that for more than like 24 to 48 hours and physical activity can help um so referral to physical therapy or physiotherapy um can help in rehab and theyll give you some exercises that you can try at home to kind of um strengthen those muscles and then ice and heating packs um temporarily can help uh medications like nsaids can help as well with the inflammation um so well try these things out and then well continue to follow up um yeah did you have any questions or does that sound like an ok plan uh that sounds like a good plan ok sounds good thank you		uh but if after we try some management and treatment plans it does not go away and it persists for more than eight weeks we do recommend imaging includingu an mri so uh in terms of management for right now uh modified activity at work on some short term bed rest uh very short term though uh asu and bed rest is only really recommended if you has severe back pain and muscle spasms uh and he definitely should be doing that for more than like 24 to 48 hours u physical activity can help uh so uh referral to phys- physical therapy or physiotherapy uh can help in rehab and they will give you some exercises that you can try at home to kind of uh strengthen those muscles and then ice and heating packs h temporarily can help uh medications like nsaids can help as well with the inflammation uh so we will try these things out and then we will continue to follow up uh yet if you have any questions or does not sound like an okay plan uh that all okay sounds good thank you	1
figshare-osce	MSK0017	NUMERIC	um but if after we try some management and treatment plans it doesnt go away and it persists for more than eight weeks we do recommend imaging including an mri so uh in terms of management for right now um modified activity at work um some short term bed rest uh very short term though um and bed rest is only really recommended if you have severe back pain and muscle spasms um and you definitely shouldnt be doing that for more than like 24 to 48 hours and physical activity can help um so referral to physical therapy or physiotherapy um can help in rehab and theyll give you some exercises that you can try at home to kind of um strengthen those muscles and then ice and heating packs um temporarily can help uh medications like nsaids can help as well with the inflammation um so well try these things out and then well continue to follow up um yeah did you have any questions or does that sound like an ok plan uh that sounds like a good plan ok sounds good thank you		uh but if after we try some management and treatment plans it does not go away and it persists for more than eight weeks we do recommend imaging includingu an mri so uh in terms of management for right now uh modified activity at work on some short term bed rest uh very short term though uh asu and bed rest is only really recommended if you has severe back pain and muscle spasms uh and he definitely should be doing that for more than like 24 to 48 hours u physical activity can help uh so uh referral to phys- physical therapy or physiotherapy uh can help in rehab and they will give you some exercises that you can try at home to kind of uh strengthen those muscles and then ice and heating packs h temporarily can help uh medications like nsaids can help as well with the inflammation uh so we will try these things out and then we will continue to follow up uh yet if you have any questions or does not sound like an okay plan uh that all okay sounds good thank you	1
figshare-osce	MSK0018	NEGATION_FLIP	havent ive	haven't i've	have	1
figshare-osce	MSK0018	NEGATION_FLIP	cant	can't	can't	0
figshare-osce	MSK0018	NUMERIC	2	two	two	0
figshare-osce	MSK0018	NUMERIC	2	two	twours a	0
figshare-osce	MSK0018	NUMERIC	1	one		unalignable
figshare-osce	MSK0018	NUMERIC	10 10	ten ten		unalignable
figshare-osce	MSK0018	NEGATION_FLIP	dont	don't		unalignable
figshare-osce	MSK0018	NUMERIC	8	eight	eight	0
figshare-osce	MSK0018	NUMERIC	8	eight	eight	0
figshare-osce	MSK0018	NUMERIC	9 8	nine eight	nine	0
figshare-osce	MSK0018	NUMERIC	9	huh	m andar	0
figshare-osce	MSK0018	NEGATION_FLIP	cant	can't	can	1
figshare-osce	MSK0018	NEGATION_FLIP	cant	can't	can't	0
figshare-osce	MSK0018	NEGATION_FLIP	dont	don't	don't	0
figshare-osce	MSK0018	NEGATION_FLIP	no okay uh		soum have anyible uhm	0
figshare-osce	MSK0018	NEGATION_FLIP	dont	don't	don't	0
figshare-osce	MSK0018	NEGATION_FLIP	cant	can't	can't	0
figshare-osce	MSK0018	NEGATION_FLIP	no okay			unalignable
figshare-osce	MSK0018	NEGATION_FLIP	uh no	nope fever	no confusion or memory loss uh no uh weight loss uh no fevers or chills no rashes	1
figshare-osce	MSK0018	NEGATION_FLIP	no uh		no uh changes in	1
figshare-osce	MSK0018	NEGATION_FLIP	no um		vision hearing smell or taste uh no uh	1
figshare-osce	MSK0018	NEGATION_FLIP	no		no chest pain or heart palpitations no changes in	1
figshare-osce	MSK0018	NEGATION_FLIP	no	nope	bowel movements no changes in voiding no	1
figshare-osce	MSK0018	NEGATION_FLIP	no	so	no no	1
figshare-osce	MSK0018	NEGATION_FLIP	uh no	um nope	marijuana uh no uh do	1
figshare-osce	MSK0018	NEGATION_FLIP	but	no	no	0
figshare-osce	MSK0018	NEGATION_FLIP	not		not really okay	1
figshare-osce	MSK0018	NEGATION_FLIP	no	nope	at home okay any sick contacts no no okay so now	1
figshare-osce	MSK0018	NEGATION_FLIP	dont think	don't really	don't	0
figshare-osce	MSK0018	NEGATION_FLIP	no okay		hurt not as much no no okay and then can i get	1
figshare-osce	MSK0018	NEGATION_FLIP	i	can't		unalignable
figshare-osce	MSK0018	NEGATION_FLIP	arent	aren't	aren't	0
figshare-osce	MSK0018	NEGATION_FLIP	doesnt	doesn't	doesn't	0
figshare-osce	MSK0018	NEGATION_FLIP	um	aren't	uhm aren't	0
figshare-osce	MSK0018	NEGATION_FLIP	and its it continues to happen okay um otherwise we can keep it immobilized for a few days to a few weeks um depending on how bad the dislocation is um and then once thats removed you can do some rehab as well to restore some range of motion does that sound like a good plan do you have any questions or concerns in the meantime uh no i think thats uh thats great okay		and if it continues to happen u otherwise we can keep it immobilized for a few days to few weeks uhm depending on how bad the dislocation is uhm and then once that removed you can do some rehab as well to restore some range of motion does that sound like a good plan do have any questions or concerns in the meantime uh no i that's uh that's good okay	1
figshare-osce	MSK0019	NUMERIC	1	one		unalignable
figshare-osce	MSK0019	NUMERIC	10 10 being	ten can be	to 10 10 being the worst pain	1
figshare-osce	MSK0019	NUMERIC	a 6	uh six	likeu six	0
figshare-osce	MSK0019	NUMERIC	7	seven	se7	0
figshare-osce	MSK0019	NEGATION_FLIP	hasnt	hasn't	hasn't	0
figshare-osce	MSK0019	NEGATION_FLIP	no	nope	noticed any muscle weakness uh no no any headaches no dizziness no uh weight loss	1
figshare-osce	MSK0019	NEGATION_FLIP	no	nope	no fevers or chills no	1
figshare-osce	MSK0019	NEGATION_FLIP	no	nope	no fevers or chills no	1
figshare-osce	MSK0019	NEGATION_FLIP	no	nope	vision hearing smell or taste no uh coughing shortness of breath or wheezing no	1
figshare-osce	MSK0019	NEGATION_FLIP	no	nope	chest pain or heart palpitations no uh changes in	1
figshare-osce	MSK0019	NEGATION_FLIP	no ive	know i've	no	1
figshare-osce	MSK0019	NUMERIC	hes 60	is sixty		unalignable
figshare-osce	MSK0019	NUMERIC	four year old		four yourar-old	1
figshare-osce	MSK0019	NEGATION_FLIP	no	nope	you traveled anywhere recently no okay	1
figshare-osce	MSK0019	NEGATION_FLIP	dont	don't	don't	0
figshare-osce	MSK0019	NEGATION_FLIP	doesnt	doesn't	doesn't	0
figshare-osce	MSK0019	NEGATION_FLIP	not			unalignable
figshare-osce	MSK0019	NEGATION_FLIP	doesnt	doesn't	not	0
figshare-osce	MSK0019	NEGATION_FLIP	do	don't	build those muscles around that that area and if those still do	1
figshare-osce	MSK0019	NUMERIC	6	six	six	0
figshare-osce	MSK0019	NUMERIC	12	twelve	to 12 months	1
figshare-osce	MSK0020	NUMERIC	10 10	ten ten	one to 10 10 being the worst pain	0
figshare-osce	MSK0020	NUMERIC	7	seven	seven	0
figshare-osce	MSK0020	NEGATION_FLIP	dont	don't		unalignable
figshare-osce	MSK0020	NEGATION_FLIP	no	nope	any headaches no no	1
figshare-osce	MSK0020	NEGATION_FLIP	havent	haven't		unalignable
figshare-osce	MSK0020	NEGATION_FLIP	no	fears	fevers or chills uh no fevers or chills no	1
figshare-osce	MSK0020	NEGATION_FLIP	no	nope	or fainting no	1
figshare-osce	MSK0020	NEGATION_FLIP	uh no	nope okay	urinating uh no	1
figshare-osce	MSK0020	NEGATION_FLIP	dont	don't	don't	0
figshare-osce	MSK0020	NEGATION_FLIP	cant	can't	can't	0
figshare-osce	MSK0020	NEGATION_FLIP	wasnt	wasn't	wasn't	0
figshare-osce	MSK0020	NEGATION_FLIP	no	nope	uh travel anywhere no no	1
figshare-osce	MSK0020	NEGATION_FLIP	no	okay	okay have any uh	0
figshare-osce	MSK0020	NEGATION_FLIP	uh	no	deformity or skin changes there uh no no	0
figshare-osce	MSK0020	NEGATION_FLIP	no ok im gonna	okay i'm going to	deformity or skin changes there uh no no okay i'm going to	1
figshare-osce	MSK0020	NEGATION_FLIP	cant	can't	can't	0
figshare-osce	MSK0020	NEGATION_FLIP	eventually rub on bone which causes like the grading sensation and causes the pain uhm and its it happens in old age it happens with wear and tear so to diagnose it we well yeah we did the physical exam we can also get an xray of your hips and knees which can have some findings that align with osteoarthritis and basically for now well try to manage it conservatively so you can take and sets like ibuprofen for the pain or acetaminophen for the pain well also refer you to physiotherapy to strengthen those muscles around your joint and to increase flexibility and reduce that pain uhm and another thing that may be worth considering is occupational therapy because they can help you find ways to do everyday tasks without putting too much stress on an already painful joint and if these things dont work in the future we can also discuss things like steroid injections or joint replacement does that sound like a good plan yeah that sounds great thank you so much ok yeah no worries		eventually rubb on bone which causes like the that that grating sensation and causes the pain uhm and it it happens an old age and happens with wear and tear uh so we di note that we will yeah we did the physical exam uh we can also get an x-ray of your hips and knees uh which can have some findings that align with osteoarthritis and basically for now we will try to manage it conservatively so uh you can take nsaids like ibuprofen uh for the pain or acetaminophen for the pain and we will also refer you to physiotherapy to strengthen those muscles around your joint and to increase flexibility and reduce that pain and and uh another thing that may be worth considering is occupational therapy because they uh help you find a way to do everyday tasks without putting too much stress on an already painful joint uhm and if these things don't work uh in the future we can also discuss things like uh steroid injections or joint replacement does uh that sound like a good planuky	1
figshare-osce	MSK0021	NEGATION_FLIP	hasnt	hasn't	hasn'	1
figshare-osce	MSK0021	NEGATION_FLIP	havent	haven't		unalignable
figshare-osce	MSK0021	NUMERIC	one	what	what	0
figshare-osce	MSK0021	NUMERIC	10	1010	to 10	1
figshare-osce	MSK0021	NUMERIC	10		can be no	0
figshare-osce	MSK0021	NUMERIC	7 7	seven okay	seven okay	0
figshare-osce	MSK0021	NEGATION_FLIP	havent ok	haven't okay	havek	1
figshare-osce	MSK0021	NEGATION_FLIP	nope	no	and	1
figshare-osce	MSK0021	NEGATION_FLIP	nothing		look look	0
figshare-osce	MSK0021	NEGATION_FLIP	havent	haven't	have without	1
figshare-osce	MSK0021	NEGATION_FLIP	havent	haven't		unalignable
figshare-osce	MSK0021	NEGATION_FLIP	dont	don't		unalignable
figshare-osce	MSK0021	NUMERIC	6	six		unalignable
figshare-osce	MSK0021	NUMERIC	7 years ok	okay all right		unalignable
figshare-osce	MSK0021	NEGATION_FLIP	dont	don't		unalignable
figshare-osce	MSK0021	NEGATION_FLIP	dont	don't		unalignable
figshare-osce	MSK0021	NEGATION_FLIP	dont	don't		unalignable
figshare-osce	MSK0021	NEGATION_FLIP	dont	don't		unalignable
figshare-osce	MSK0021	NEGATION_FLIP	no weve	nope we've		unalignable
figshare-osce	MSK0021	LATERALITY	the kneecap uhm	my left knee	all my left knee	0
figshare-osce	MSK0021	NEGATION_FLIP	doesnt	doesn't	doesn't	0
figshare-osce	MSK0021	NEGATION_FLIP	doesnt	doesn't	not	0
figshare-osce	MSK0021	NEGATION_FLIP	and if none of those nonsurgical treatments work oh sorry i also forgot to mention will also refer you to physiotherapy to help you with the range of motion and strength and endurance but of those non surgical treatments work well also refer you to like am arthroscopy or some sort of surgery that may be able to fix the issue more permanently does that sound ok it does yeah thank you ok yeah no worries		and if none of those nonsurgical treatments work uh oh sorry i also forgot to mention we will also refer you to physiotherapy to help you with the range of motion and strengthened uh endurance uh but if none of those nonsurgical treatments work we will also refer you to like an arthroscopy or u some sort of uh surgery that may be able to fix the issue more permanently does that sound okay okayrase	1
figshare-osce	MSK0022	NEGATION_FLIP	havent	haven't	haven't	0
figshare-osce	MSK0022	NEGATION_FLIP	dont	don't	don'	1
figshare-osce	MSK0022	NUMERIC	6 ok	six okay	sex khave	0
figshare-osce	MSK0022	NEGATION_FLIP	it	doesn't	tried creams and stuff too but it it	1
figshare-osce	MSK0022	NEGATION_FLIP	havent	haven't	haven't	0
figshare-osce	MSK0022	NEGATION_FLIP	cant	can't	can't	0
figshare-osce	MSK0022	NEGATION_FLIP	havent	haven't	haven't	0
figshare-osce	MSK0022	NEGATION_FLIP	hasnt	hasn't	hasn't	0
figshare-osce	MSK0022	NEGATION_FLIP	dont	don't	don't	0
figshare-osce	MSK0022	NEGATION_FLIP	havent	haven't	haven't	0
figshare-osce	MSK0022	NEGATION_FLIP	havent	haven't	haven't	0
figshare-osce	MSK0022	NEGATION_FLIP	i	don't	i	1
figshare-osce	MSK0022	NUMERIC	one	1	type one diabetes anything like that	1
figshare-osce	MSK0022	NUMERIC	one	1	i think my cousin actually has type one diabetes	1
figshare-osce	MSK0022	NUMERIC	one	1	i have a cousin with type one diabetes as well	1
figshare-osce	MSK0022	NUMERIC	shes 4 ok	she's four okay	for kay uhm	0
figshare-osce	MSK0022	NEGATION_FLIP	i	don't	i i	1
figshare-osce	MSK0022	NEGATION_FLIP	didnt	didn't	didn't	0
figshare-osce	MSK0022	NEGATION_FLIP	dont ok	don't okay	okay uhm	1
figshare-osce	MSK0022	NEGATION_FLIP	didnt	didn't	didn't	0
figshare-osce	MSK0022	NEGATION_FLIP	dont	don't	don't	0
figshare-osce	MSK0022	NEGATION_FLIP	dont	don't	don't	0
figshare-osce	MSK0022	NEGATION_FLIP	cant	can't	can't	0
figshare-osce	MSK0022	NEGATION_FLIP	um no	i was	uh i was	0
figshare-osce	MSK0022	NEGATION_FLIP	doesnt	doesn't	doesn't	0
figshare-osce	MSK0023	NUMERIC	6	six	six	0
figshare-osce	MSK0023	NEGATION_FLIP	i	haven't	was able to kind of limp off the court but since then i i	1
figshare-osce	MSK0023	NUMERIC	9	nine	nine	0
figshare-osce	MSK0023	NUMERIC	10	ten	it's had	0
figshare-osce	MSK0023	NEGATION_FLIP	i	haven't	other symptoms like fainting dizziness no i i	0
figshare-osce	MSK0023	NEGATION_FLIP	no mr	numbness or	numbness or	0
figshare-osce	MSK0023	NEGATION_FLIP	cant	can't	can't	0
figshare-osce	MSK0023	NEGATION_FLIP	cant	can't	can't	0
figshare-osce	MSK0023	NEGATION_FLIP	no	nope	no i	1
figshare-osce	MSK0023	NEGATION_FLIP	dont i	don't take	don't i	0
figshare-osce	MSK0023	NEGATION_FLIP	dont ok	don't okay	don't okay	0
figshare-osce	MSK0023	NEGATION_FLIP	no		not	1
figshare-osce	MSK0023	NEGATION_FLIP	dont	don't	don't	0
figshare-osce	MSK0023	NEGATION_FLIP	werent	weren't	were	1
figshare-osce	MSK0023	NUMERIC	a sister	she's eight	a sister	1
figshare-osce	MSK0023	NUMERIC	shes 8		uh eight	0
figshare-osce	MSK0023	NEGATION_FLIP	dont	don't	don't	0
figshare-osce	MSK0023	NEGATION_FLIP	cant	can't	can't	0
figshare-osce	MSK0023	NEGATION_FLIP	and only	don't really	swelling and only i	1
figshare-osce	MSK0023	NEGATION_FLIP	cant	can't	can't	0
figshare-osce	MSK0024	NEGATION_FLIP	ok	no	uhm	1
figshare-osce	MSK0024	NEGATION_FLIP	nope	no	any uh	1
figshare-osce	MSK0024	NEGATION_FLIP	havent	haven't		unalignable
figshare-osce	MSK0024	NEGATION_FLIP	dont	don't		unalignable
figshare-osce	MSK0025	NEGATION_FLIP	cant	can't	can't	0
figshare-osce	MSK0025	NEGATION_FLIP	dont	didn't	didn't	0
figshare-osce	MSK0025	NUMERIC	1	one	and ok and how would you describe your pain right now on a scale of 1 to 10 10 being the worst pain	0
figshare-osce	MSK0025	NUMERIC	10 10	ten ten	and ok and how would you describe your pain right now on a scale of 1 to 10 10 being the worst pain	0
figshare-osce	MSK0025	NUMERIC	8	eight		unalignable
figshare-osce	MSK0025	NUMERIC	9	nine	nine	0
figshare-osce	MSK0025	NEGATION_FLIP	dont	don't	don't	0
figshare-osce	MSK0025	NEGATION_FLIP	isnt	isn't	in	1
figshare-osce	MSK0025	LATERALITY	rate	right	injury	1
figshare-osce	MSK0025	NEGATION_FLIP	should	shouldn't	that should that	1
figshare-osce	MSK0025	NEGATION_FLIP	didnt	didn't	didn't	0
figshare-osce	MSK0025	NEGATION_FLIP	didnt	didn't	didn't	0
figshare-osce	MSK0025	NEGATION_FLIP	no	any	no	1
figshare-osce	MSK0025	NEGATION_FLIP	cant	can't	can't mo	0
figshare-osce	MSK0025	NEGATION_FLIP	cant	can't	can't get	0
figshare-osce	MSK0025	NEGATION_FLIP	cant	can't	can't	0
figshare-osce	MSK0026	LATERALITY	right	okay	h okay	0
figshare-osce	MSK0026	NUMERIC	one		when	0
figshare-osce	MSK0026	NUMERIC	6 ok	six okay	okay uh uh i	0
figshare-osce	MSK0026	NUMERIC	2	two	two	0
figshare-osce	MSK0026	NUMERIC	one		have one one	1
figshare-osce	MSK0026	NEGATION_FLIP	dont	don't	i don't uh	0
figshare-osce	MSK0026	NEGATION_FLIP	dont	don't	don't	0
figshare-osce	MSK0027	NUMERIC	3	three-year-old	uh three-year-old uh	0
figshare-osce	MSK0027	NEGATION_FLIP	cant	can't	can't	0
figshare-osce	MSK0027	NEGATION_FLIP	dont	don't	don't	0
figshare-osce	MSK0027	NEGATION_FLIP	doesnt	doesn't	doesn't	0
figshare-osce	MSK0027	NEGATION_FLIP	dont	don't	don't	0
figshare-osce	MSK0027	NUMERIC	37	half	isu 37 and1 2	0
figshare-osce	MSK0027	NUMERIC	12			unalignable
figshare-osce	MSK0027	NUMERIC	7	seven-year-old	seven-year-old brother uhm	0
figshare-osce	MSK0027	NEGATION_FLIP	dont	don't	don't	0
figshare-osce	MSK0027	NEGATION_FLIP	cant	can't	can't	0
figshare-osce	MSK0027	NEGATION_FLIP	wont	won't	won't	0
figshare-osce	MSK0028	NEGATION_FLIP	hasnt	hasn't	hasn't	0
figshare-osce	MSK0028	NEGATION_FLIP	know	no	no	0
figshare-osce	MSK0028	NEGATION_FLIP	wasnt	wasn't	wasn't	0
figshare-osce	MSK0028	NEGATION_FLIP	dont	don't	don't	0
figshare-osce	MSK0028	NEGATION_FLIP	i	didn't	and i i	1
figshare-osce	MSK0028	NEGATION_FLIP	nothing	nothing's	tried to just rest and i tried to use some ice but nothing	1
figshare-osce	MSK0028	NUMERIC	8	eight	eight	0
figshare-osce	MSK0028	NUMERIC	9 ok	nine okay	nine okay	0
figshare-osce	MSK0028	NEGATION_FLIP	no ok		no okay	1
figshare-osce	MSK0028	NEGATION_FLIP	no		no how about any	1
figshare-osce	MSK0028	NEGATION_FLIP	no	nope	have you had a cough no any shortness of breath no	1
figshare-osce	MSK0028	NEGATION_FLIP	no ok	nope okay	have you had a cough no any shortness of breath no okay	1
figshare-osce	MSK0028	NEGATION_FLIP	no	nope	any wheezing no	1
figshare-osce	MSK0028	NEGATION_FLIP	no	nope	have you had any chest pain no have you had any	1
figshare-osce	MSK0028	NEGATION_FLIP	no	nope	no any lightheadedness or dizziness	1
figshare-osce	MSK0028	NEGATION_FLIP	no	nope	no any nausea or vomiting no any changes to your bowel	1
figshare-osce	MSK0028	NEGATION_FLIP	no	nope	no any nausea or vomiting no any changes to your bowel	1
figshare-osce	MSK0028	NEGATION_FLIP	no alright	all right	changes to your nails or hair no alright and have you had any neurological symptoms such as numbness or tingling	1
figshare-osce	MSK0028	NEGATION_FLIP	dont	don't	don't	0
figshare-osce	MSK0028	NEGATION_FLIP	cant	can't		unalignable
figshare-osce	MSK0028	NEGATION_FLIP	cant	can't		unalignable
figshare-osce	MSK0028	NEGATION_FLIP	didnt	didn't	didn't	0
figshare-osce	MSK0028	NEGATION_FLIP	dont	don't	don't	0
figshare-osce	MSK0028	NEGATION_FLIP	uhm	no	feel warm on that side uhm	1
figshare-osce	MSK0028	NEGATION_FLIP	cant	can't	can't	0
figshare-osce	MSK0028	NEGATION_FLIP	cant	can't	can't le	0
figshare-osce	MSK0028	NEGATION_FLIP	cant	can't	can't	0
figshare-osce	MSK0028	NEGATION_FLIP	dont	don't	don't	0
figshare-osce	MSK0029	NEGATION_FLIP	didnt	didn't	didn't	0
figshare-osce	MSK0029	NEGATION_FLIP	didnt	didn't		unalignable
figshare-osce	MSK0029	NEGATION_FLIP	no its i like			unalignable
figshare-osce	MSK0029	NEGATION_FLIP	can	can't		unalignable
figshare-osce	MSK0029	NEGATION_FLIP	didnt	didn't		unalignable
figshare-osce	MSK0029	NEGATION_FLIP	dont	don't		unalignable
figshare-osce	MSK0029	NEGATION_FLIP	dont	don't	don'	1
figshare-osce	MSK0029	NEGATION_FLIP	havent	haven't	haven't	0
figshare-osce	MSK0029	NEGATION_FLIP	is	isn't		unalignable
figshare-osce	MSK0029	NEGATION_FLIP	didnt	didn't		unalignable
figshare-osce	MSK0029	NUMERIC	1	one	h	0
figshare-osce	MSK0029	NUMERIC	10 10	ten ten		unalignable
figshare-osce	MSK0029	NUMERIC	6	six		unalignable
figshare-osce	MSK0029	NUMERIC	7 ok ok	seven okay okay		unalignable
figshare-osce	MSK0029	NEGATION_FLIP	havent	haven't		unalignable
figshare-osce	MSK0029	NEGATION_FLIP	havent	haven't		unalignable
figshare-osce	MSK0029	NEGATION_FLIP	havent	haven't	haven'	1
figshare-osce	MSK0029	NEGATION_FLIP	haven	haven't		unalignable
figshare-osce	MSK0029	NEGATION_FLIP	dont	don't		unalignable
figshare-osce	MSK0029	NEGATION_FLIP	dont ok	don't okay		unalignable
figshare-osce	MSK0029	NEGATION_FLIP	dont	don't		unalignable
figshare-osce	MSK0029	NEGATION_FLIP	hasnt	hasn't		unalignable
figshare-osce	MSK0029	NEGATION_FLIP	don	don't	don't	0
figshare-osce	MSK0029	NEGATION_FLIP	no pain	okay okay	have it	0
figshare-osce	MSK0029	NEGATION_FLIP	not so		not also wash uh	1
figshare-osce	MSK0029	NEGATION_FLIP	too but	i'm not		unalignable
figshare-osce	MSK0029	NUMERIC	pain	a920	for pain management you can rest	1
figshare-osce	MSK0029	NEGATION_FLIP	help you with range of motion exercises and try to strengthen the muscles in that area and to improve your posture and normal movement and thats kind of where we can start for now and if it doesnt get any better we can talk about alternative management plans does that sound ok it does yeah that that makes sense thank you ok yeah no worries		basically help you with uh uh range of motion exercises and try to strengthen uh the muscles in that area and to improve your posture and normal movement uh that's kind of where we can start for now uhm and if it doesn't get any better we can uh talk about alternative management plan ss that sound okay unintelligible than you okay	1
figshare-osce	MSK0031	NEGATION_FLIP	couldnt	couldn't		unalignable
figshare-osce	MSK0031	NUMERIC	1st	first		unalignable
figshare-osce	MSK0031	NEGATION_FLIP	wasnt	wasn't		unalignable
figshare-osce	MSK0031	NEGATION_FLIP	didnt	didn't	did' didt	1
figshare-osce	MSK0031	NEGATION_FLIP	didnt	didn't		unalignable
figshare-osce	MSK0031	LATERALITY	like i	right now	extreme pain like i	1
figshare-osce	MSK0031	NEGATION_FLIP	i cant even	can't even uh	can't even uh	0
figshare-osce	MSK0031	NEGATION_FLIP	cant ok so you	can't wait there uh	can't say can't wa be uh	0
figshare-osce	MSK0031	NEGATION_FLIP	cant	can't	can't	0
figshare-osce	MSK0031	NUMERIC	10 10	ten tending	1tening	0
figshare-osce	MSK0031	NUMERIC	10	ten		unalignable
figshare-osce	MSK0031	NUMERIC	10 ok	ten okay	never experienced pain like this 10 okay	1
figshare-osce	MSK0031	NEGATION_FLIP	isnt	isn't		unalignable
figshare-osce	MSK0031	NEGATION_FLIP	i	don't	don not	0
figshare-osce	MSK0031	NEGATION_FLIP	dont	don't	don't	0
figshare-osce	MSK0031	NEGATION_FLIP	no	nope	no confusion or memory loss no uh joint pains or muscle aches elsewhere	1
figshare-osce	MSK0031	NUMERIC	60s ok ok	sixties okay okay	he died of a heart attack in his 60s okay okay a	1
figshare-osce	MSK0031	NEGATION_FLIP	dont	don't	don't	0
figshare-osce	MSK0031	NEGATION_FLIP	didnt	didn't	you didn'ted	1
figshare-osce	MSK0031	NEGATION_FLIP	havent	haven't	have	1
figshare-osce	MSK0031	NEGATION_FLIP	cant	can't	u can't	0
figshare-osce	MSK0031	NEGATION_FLIP	i	don't	don't	0
figshare-osce	MSK0031	NUMERIC	one	when	when	0
figshare-osce	MSK0031	NEGATION_FLIP	cant	can't	uh	1
figshare-osce	MSK0031	NEGATION_FLIP	dont	don't	don't	0
figshare-osce	MSK0031	NUMERIC	surgeries and rehab and medication so we will definitely look into the surgical option first which is done using some internal repair with screws or you can do a total hip replacement or a partial hip replacement the orthopaedic surgeon will uh decide like which option is best for you after we refer you for a consult with them and then after that		surgeer and rehab and medication so will definitely look into the surgical option first which is done uh using some internal repair with screws or you can do a total rep- hip replacement or a partial hip replacement uh the orthopedic surgeon uh will uh decide like which option is best for you after we uh refer you for a consult with them and then after that surgery	1
figshare-osce	MSK0031	NEGATION_FLIP	much ok great no problem			unalignable
figshare-osce	MSK0032	LATERALITY	right		that	0
figshare-osce	MSK0032	NEGATION_FLIP	dont	don't	don't	0
figshare-osce	MSK0032	NEGATION_FLIP	didnt	didn't	didn't	0
figshare-osce	MSK0032	NEGATION_FLIP	havent	haven't	not	0
figshare-osce	MSK0032	NUMERIC	1	one	yah one	0
figshare-osce	MSK0032	NUMERIC	10 10 being	ten can be	unintell being the worst type of pain how bad	0
figshare-osce	MSK0032	NUMERIC	7	seven		unalignable
figshare-osce	MSK0032	NEGATION_FLIP	no	nope	memory loss or confusion no	1
figshare-osce	MSK0032	NEGATION_FLIP	no	nope	dizziness or fainting spells no any weight loss recently no fevers or chills	1
figshare-osce	MSK0032	NEGATION_FLIP	no fevers	nope fever	dizziness or fainting spells no any weight loss recently no fevers or chills	1
figshare-osce	MSK0032	NEGATION_FLIP	no uh	nope actually	uh rashes uh no uh changes in vision hearing smell or taste no uh any coughing shortness of breath or wheezing	1
figshare-osce	MSK0032	NEGATION_FLIP	no	nope	uh rashes uh no uh changes in vision hearing smell or taste no uh any coughing shortness of breath or wheezing	1
figshare-osce	MSK0032	NEGATION_FLIP	no	nope	uh any chest pain or heart palpitations no uh any changes in bowel	1
figshare-osce	MSK0032	NEGATION_FLIP	no um		uh no uh have	1
figshare-osce	MSK0032	NEGATION_FLIP	no		no no no changes okay	1
figshare-osce	MSK0032	NEGATION_FLIP	didnt	didn't	not	0
figshare-osce	MSK0032	NEGATION_FLIP	hasnt	hasn't	not	0
figshare-osce	MSK0032	NEGATION_FLIP	no	nope	autoimmune conditions no cancers	1
figshare-osce	MSK0032	NEGATION_FLIP	dont	don't	don't	0
figshare-osce	MSK0032	NEGATION_FLIP	dont	don't	do the left yeaun okayt about uhm	1
figshare-osce	MSK0032	NEGATION_FLIP	dont	don't	don't	0
figshare-osce	MSK0032	NEGATION_FLIP	doesnt	doesn't	doesn't	0
figshare-osce	MSK0032	NEGATION_FLIP	didnt	didn't		unalignable
figshare-osce	MSK0032	NEGATION_FLIP	here which will just take uh like a few minutes um and and then after we reduce it back into its place um she should have normal function of her arm again um if shes still experiencing pain we can continue keeping it on a splint um but otherwise i dont think we need any imaging for this at this um at this time so did you have any questions or any concerns about that no i think thats um thats a good plan okay great um thank you thank you		put the radius back into its normal position here uh which will just take uh like a few minutes uh and and then uh after we reduce it back into its place uh she should have normal function of her arm again uh if she is still experiencing pain we can continue keeping it on a splint uh but uh otherwise i don't think we need any imaging for this at this mo- at this mo- uh time so do you have any questions or any concerns about that uh no u of the report okay great uh thank you	1
figshare-osce	MSK0033	NUMERIC	1010	10	10	0
figshare-osce	MSK0033	NEGATION_FLIP	havent	haven't		unalignable
figshare-osce	MSK0033	NEGATION_FLIP	dont	don't	don't	0
figshare-osce	MSK0033	NEGATION_FLIP	not not		no not no	1
figshare-osce	MSK0033	NEGATION_FLIP	dont	don't	don't	0
figshare-osce	MSK0033	NEGATION_FLIP	havent	haven't	haven't	0
figshare-osce	MSK0033	NEGATION_FLIP	havent	haven't	haven't	0
figshare-osce	MSK0033	NEGATION_FLIP	havent	haven't	haven't	0
figshare-osce	MSK0033	NEGATION_FLIP	i	haven't	recent or like past history of any hospitalizations or surgeries no i i	0
figshare-osce	MSK0033	NEGATION_FLIP	not		no not nothing like that no	1
figshare-osce	MSK0033	NUMERIC	grade	seven	grade	1
figshare-osce	MSK0033	NUMERIC	7		uhm	0
figshare-osce	MSK0033	NEGATION_FLIP	wont	won't	won't	0
figshare-osce	MSK0033	NEGATION_FLIP	dont	don't	don't	0
figshare-osce	MSK0033	NEGATION_FLIP	dont	don't	don't	0
figshare-osce	MSK0033	NEGATION_FLIP	doesnt	doesn't	doesn't	0
figshare-osce	MSK0033	NEGATION_FLIP	isnt	isn't	isn'	1
figshare-osce	MSK0034	NEGATION_FLIP	didnt	didn't	did fell	1
figshare-osce	MSK0034	NEGATION_FLIP	havent ok	haven't okay		unalignable
figshare-osce	MSK0034	NUMERIC	8	eight		unalignable
figshare-osce	MSK0034	NEGATION_FLIP	um noo	no no		unalignable
figshare-osce	MSK0034	NEGATION_FLIP	doesnt	doesn't	doesn't	0
figshare-osce	MSK0034	NUMERIC	7 year old sister ok	seven-year-old sister okay all right	sister ok alright	0
figshare-osce	MSK0034	NEGATION_FLIP	i	no	tr no uhm	0
figshare-osce	MSK0034	NEGATION_FLIP	havent ok	haven't okay	scho okay and uhm uh or	1
figshare-osce	MSK0034	NEGATION_FLIP	dont	don't	don't	0
figshare-osce	MSK0034	NEGATION_FLIP	dont	don't	don't	0
figshare-osce	MSK0034	NUMERIC	uhm im about 48 ok ok alright	about four eight okay okay all right	uhm im about fo eight okay okay alright so	0
figshare-osce	MSK0035	NEGATION_FLIP	dont	don't		unalignable
figshare-osce	MSK0035	NEGATION_FLIP	didnt	didn't		unalignable
figshare-osce	MSK0035	NEGATION_FLIP	dont	don't		unalignable
figshare-osce	MSK0035	NUMERIC	1	one	and what is the severity of the pain on a scale of 1 to 10 with 10 being the worst pain	0
figshare-osce	MSK0035	NUMERIC	10	ten	and what is the severity of the pain on a scale of 1 to 10 with 10 being the worst pain	0
figshare-osce	MSK0035	NUMERIC	10	ten	and what is the severity of the pain on a scale of 1 to 10 with 10 being the worst pain	0
figshare-osce	MSK0035	NEGATION_FLIP	uh	no		unalignable
figshare-osce	MSK0035	NEGATION_FLIP	uhm nope	no okay		unalignable
figshare-osce	MSK0035	NEGATION_FLIP	no alright	all right		unalignable
figshare-osce	MSK0035	NEGATION_FLIP	havent	haven't		unalignable
figshare-osce	MSK0035	NEGATION_FLIP	dont ok uh	don't okay and		unalignable
figshare-osce	MSK0035	NUMERIC	2	two		unalignable
figshare-osce	MSK0035	NEGATION_FLIP	dont	don't		unalignable
figshare-osce	MSK0035	LATERALITY	is the right wrist		the right wrist	1
figshare-osce	MSK0035	NEGATION_FLIP	dont	don't	don't	0
figshare-osce	MSK0035	NEGATION_FLIP	didnt	didn't	didn'	1
figshare-osce	MSK0036	NUMERIC	2	two	two	0
figshare-osce	MSK0036	NEGATION_FLIP	havent	haven't	in't	1
figshare-osce	MSK0036	LATERALITY	left handed im right	left-handed i'm right-handed okay	left handed i'm right handed	1
figshare-osce	MSK0036	NEGATION_FLIP	dont	don't	don't	0
figshare-osce	MSK0036	NUMERIC	1st 2	first two	two uh	0
figshare-osce	MSK0036	NEGATION_FLIP	havent	haven't	haven'	1
figshare-osce	MSK0036	NUMERIC	1	one	severity of the pain on a scale of 1 to 10 10 being the worst	0
figshare-osce	MSK0036	NUMERIC	10 10	ten ten	severity of the pain on a scale of 1 to 10 10 being the worst	0
figshare-osce	MSK0036	NUMERIC	a	five	e five uh	0
figshare-osce	MSK0036	NUMERIC	5		e five uh	0
figshare-osce	MSK0036	NEGATION_FLIP	dont	don't	don't	0
figshare-osce	MSK0036	NEGATION_FLIP	uhm	no	do you have any allergies uhm	1
figshare-osce	MSK0036	NUMERIC	one	1	like hypothyroidism or type one diabetes	1
figshare-osce	MSK0036	NUMERIC	tenel	10l	tinel's	1
figshare-osce	MSK0036	NEGATION_FLIP	dont	don't	don'	1
figshare-osce	MSK0037	NUMERIC	4th	fourth	fourth	0
figshare-osce	MSK0037	NUMERIC	5th	fifth	fifth	0
figshare-osce	MSK0037	NEGATION_FLIP	dont	don't	don't	0
figshare-osce	MSK0037	NUMERIC	4th	fourth	fourth	0
figshare-osce	MSK0037	NUMERIC	5th	fifth	fifth	0
figshare-osce	MSK0037	NEGATION_FLIP	doesnt	doesn't	doesn't	0
figshare-osce	MSK0037	NEGATION_FLIP	isnt	isn't	isn' god	1
figshare-osce	MSK0037	NEGATION_FLIP	havent	haven't	haven't	0
figshare-osce	MSK0037	LATERALITY	im right	i'm right-handed	i'm right handed as well	1
figshare-osce	MSK0037	NEGATION_FLIP	no	nope		unalignable
figshare-osce	MSK0037	NEGATION_FLIP	no ok	nope okay	been sick no okay	1
figshare-osce	MSK0037	NEGATION_FLIP	dont	don't	don't	0
figshare-osce	MSK0037	NUMERIC	3 ok	three okay	okay uhm	0
figshare-osce	MSK0037	NEGATION_FLIP	havent	haven't	having	1
figshare-osce	MSK0037	NEGATION_FLIP	havent	haven't	haven't	0
figshare-osce	MSK0037	NEGATION_FLIP	i	don't	not too bad like i i	0
figshare-osce	MSK0037	NEGATION_FLIP	dont	don't		unalignable
figshare-osce	MSK0037	NEGATION_FLIP	not		but not not anything too like i like	1
figshare-osce	MSK0037	NEGATION_FLIP	cant	can't	can't	0
figshare-osce	MSK0037	NEGATION_FLIP	dont	don't	don't	0
figshare-osce	MSK0037	NEGATION_FLIP	uh do	don't know	uh do doing what we can with therapy to try	1
figshare-osce	MSK0038	NUMERIC	1	one		unalignable
figshare-osce	MSK0038	NUMERIC	10 10	ten tending		unalignable
figshare-osce	MSK0038	NEGATION_FLIP	dont	don't		unalignable
figshare-osce	MSK0038	NEGATION_FLIP	didnt	didn't		unalignable
figshare-osce	MSK0038	NEGATION_FLIP	no			unalignable
figshare-osce	MSK0038	NEGATION_FLIP	havent	haven't		unalignable
figshare-osce	MSK0038	NEGATION_FLIP	havent	haven't		unalignable
figshare-osce	MSK0038	NEGATION_FLIP	havent	haven't		unalignable
figshare-osce	MSK0038	NEGATION_FLIP	havent	haven't		unalignable
figshare-osce	MSK0038	NEGATION_FLIP	havent	haven't		unalignable
figshare-osce	MSK0038	NEGATION_FLIP	havent	haven't	haven't not	0
figshare-osce	MSK0038	NEGATION_FLIP	havent	haven't	haven't have thato uh	0
figshare-osce	MSK0038	NEGATION_FLIP	nothing		nothing like that	1
figshare-osce	MSK0038	NEGATION_FLIP	i	don't		unalignable
figshare-osce	MSK0038	NEGATION_FLIP	i	don't		unalignable
figshare-osce	MSK0038	NEGATION_FLIP	dont	don't		unalignable
figshare-osce	MSK0038	NEGATION_FLIP	dont	don't		unalignable
figshare-osce	MSK0038	NEGATION_FLIP	didnt	didn't		unalignable
figshare-osce	MSK0038	NEGATION_FLIP	i	haven't		unalignable
figshare-osce	MSK0038	NEGATION_FLIP	dont	don't		unalignable
figshare-osce	MSK0038	NEGATION_FLIP	doesnt	doesn't	th i do	1
figshare-osce	MSK0038	NEGATION_FLIP	dont	don't	don'	1
figshare-osce	MSK0038	NEGATION_FLIP	cant	can't		unalignable
figshare-osce	MSK0038	NEGATION_FLIP	um and then if the pain is if the pain uh persists you can try some like ibuprofen for temporary relief um we can talk about other treatments as well like physiotherapy because um itll be important to kind of strengthen those muscles around that joint as well as um increase your range of motion so we can do we can put in a referral for that um and if none of those work we can also discuss um some other things like ultrasound therapy or like muscle stimulation um shockwave therapy and then eventually if none of those other things work we can discuss surgical management but uh its rare that it ever gets to that point does that sound ok it does yeah thank you so much ok yeah no worries		uh and then if the pain is if the pain uh persists he can try some like ibuprofen for temporary relief uh we can talk about other treatments as well like u physiotherapy because uh it will be important to kind of strengcting those muscles around that joint as well as uh increase her range of motion so we can do we can put in a referral for that uh and if none of those uh work we can also discuss uh some other things like uh ultrasound therapy or like muscle stimulation uh shockwave therapy and then eventually if none of those other things work we can discuss surgical management uh itwar that it ever guess to that point does that sound okay it doua	1
figshare-osce	MSK0039	NEGATION_FLIP	um i didnt wanna	i didn't want to	did not want to	0
figshare-osce	MSK0039	NUMERIC	1	one	one	0
figshare-osce	MSK0039	NUMERIC	10 10	ten ten	to 10 10 being the worst pain ever how	1
figshare-osce	MSK0039	NUMERIC	at	ten	itun time	1
figshare-osce	MSK0039	NUMERIC	10			unalignable
figshare-osce	MSK0039	NEGATION_FLIP	didnt	didn't	bre you	1
figshare-osce	MSK0039	NEGATION_FLIP	no	nope	confusion or memory loss no	1
figshare-osce	MSK0039	NEGATION_FLIP	no	nope	vision hearing smell or taste no	1
figshare-osce	MSK0039	NEGATION_FLIP	no		shortness of breath or wheezing no no nothing like that no	1
figshare-osce	MSK0039	NEGATION_FLIP	nope	no	no	0
figshare-osce	MSK0039	NEGATION_FLIP	no	nope	abdominal pain no	1
figshare-osce	MSK0039	NEGATION_FLIP	um	don't	uh don't	0
figshare-osce	MSK0039	NEGATION_FLIP	dont	don't	don't	0
figshare-osce	MSK0039	NUMERIC	in her fifties ok late fifties	yeah 50s okay in her 50s		unalignable
figshare-osce	MSK0039	NEGATION_FLIP	ive never			unalignable
figshare-osce	MSK0039	NUMERIC	sixties ok ok	60s okay okay		unalignable
figshare-osce	MSK0039	NEGATION_FLIP	not		unintelligible unintell okay	0
figshare-osce	MSK0039	NEGATION_FLIP	about weight bearing are you able to stand up at all on that leg no i just i just got time to call the ambulance i knew i knew it was just not possible ok alright		u weightbearing are you able to stand up at all on that leg no youu unintellig possible okay alright	1
figshare-osce	MSK0039	NUMERIC	the surgery your fracture will probably take about four to six months to heal completely uh so in that period um		but after the surgery your fracture will probably take about four to six months to heal completely uh so in that period uh	1
figshare-osce	MSK0039	NEGATION_FLIP	talk about like pain management and physiotherapy as well just to keep the muscles in that area strong and to increase your range of motion does that sound ok that sounds good alright thank you so much ok yeah no worries		we can talk about like pain management and physiotherapy as well just uh to keep the muscles in that area strong and to increase your range of motion because thats do okay okayrase	0
figshare-osce	MSK0040	NEGATION_FLIP	doesnt	doesn't	not	0
figshare-osce	MSK0040	NEGATION_FLIP	doesnt	doesn't		unalignable
figshare-osce	MSK0040	NUMERIC	one	1	with10	0
figshare-osce	MSK0040	NUMERIC	7	seven		unalignable
figshare-osce	MSK0040	NUMERIC	8 ok	eight okay		unalignable
figshare-osce	MSK0040	NEGATION_FLIP	any	no		unalignable
figshare-osce	MSK0040	NEGATION_FLIP	uh no headaches	and have you		unalignable
figshare-osce	MSK0040	NEGATION_FLIP	havent	haven't		unalignable
figshare-osce	MSK0040	NUMERIC	4	four	bruise about 4	1
figshare-osce	MSK0040	NUMERIC	5th	fifth	foot uh	0
figshare-osce	MSK0041	NEGATION_FLIP	havent	haven't	a	1
figshare-osce	MSK0041	NEGATION_FLIP	cant	can't		unalignable
figshare-osce	MSK0041	NEGATION_FLIP	doesnt	doesn't		unalignable
figshare-osce	MSK0041	NEGATION_FLIP	cant	can't		unalignable
figshare-osce	MSK0041	NEGATION_FLIP	cant	can't		unalignable
figshare-osce	MSK0041	NEGATION_FLIP	cant	can't		unalignable
figshare-osce	MSK0041	NUMERIC	10	ten		unalignable
figshare-osce	MSK0041	NUMERIC	8 ok	eight okay		unalignable
figshare-osce	MSK0041	NEGATION_FLIP	nope	no		unalignable
figshare-osce	MSK0041	NEGATION_FLIP	dont	don't		unalignable
figshare-osce	MSK0041	NEGATION_FLIP	dont	don't		unalignable
figshare-osce	MSK0041	NUMERIC	2	two		unalignable
figshare-osce	MSK0041	NEGATION_FLIP	dont	don't	nott	1
figshare-osce	MSK0041	NUMERIC	2nd 5th	to fifth	to fifth	0
figshare-osce	MSK0041	NEGATION_FLIP	taking the most likely thing is that this is a gout flare and in particular in the toe like that it could be called podagra and so we will need to get a aspiration of the joint fluid just to send it off and make sure that its not not an infection and that were treating the right thing if this is gout and it comes back that this way its treated with that high dose high doses of anti inflammatories i will start with medication called colchicine to help with this flare and in the meantime important things for preventing this in the future are diet and kind of lifestyle related with reducing things like red meats alcohol weight loss and um just trying to improve the diabetes management as well ok that sounds great thank you alright thank you we will get that started		uh thinking the most likely thing is that this is uh a gout flare and in particular in the uh toe like that it can be called podagra uhm and so we will need to get a uh aspiration of the joint fluid just to send it off and make sure that it is not uhm not an infection and that we are treating the the right thing uhm if this is gout and it comes back that this way uh is treated with the high dose high doses of anti-inflammatories uh and will start with uh medication called colchicine uhm to to help with this flare uh and in the meantime uh important things for uh preventing this in the future are uh diet and uh kind of lifestyle related with reducing things like red meats uh alcohol uh weight loss and uh just trying to improve uh the diabetes managements as well thank you we will get that started	1
figshare-osce	MSK0041	LATERALITY	taking the most likely thing is that this is a gout flare and in particular in the toe like that it could be called podagra and so we will need to get a aspiration of the joint fluid just to send it off and make sure that its not not an infection and that were treating the right thing if this is gout and it comes back that this way its treated with that high dose high doses of anti inflammatories i will start with medication called colchicine to help with this flare and in the meantime important things for preventing this in the future are diet and kind of lifestyle related with reducing things like red meats alcohol weight loss and um just trying to improve the diabetes management as well ok that sounds great thank you alright thank you we will get that started		uh thinking the most likely thing is that this is uh a gout flare and in particular in the uh toe like that it can be called podagra uhm and so we will need to get a uh aspiration of the joint fluid just to send it off and make sure that it is not uhm not an infection and that we are treating the the right thing uhm if this is gout and it comes back that this way uh is treated with the high dose high doses of anti-inflammatories uh and will start with uh medication called colchicine uhm to to help with this flare uh and in the meantime uh important things for uh preventing this in the future are uh diet and uh kind of lifestyle related with reducing things like red meats uh alcohol uh weight loss and uh just trying to improve uh the diabetes managements as well thank you we will get that started	1
figshare-osce	MSK0042	NUMERIC	a couple	two um	probably a couple	1
figshare-osce	MSK0042	NEGATION_FLIP	wouldnt	wouldn't		unalignable
figshare-osce	MSK0042	NEGATION_FLIP	dont	don't	not	0
figshare-osce	MSK0042	NUMERIC	2	two	2 to 3	0
figshare-osce	MSK0042	NUMERIC	3 centimetres its	three centimeters it's	2 to 3 cm it uh	0
figshare-osce	MSK0042	NEGATION_FLIP	dont	don't	not	0
figshare-osce	MSK0042	NEGATION_FLIP	havent	haven't	not	0
figshare-osce	MSK0042	NEGATION_FLIP	havent	haven't	evidence of	1
figshare-osce	MSK0042	NEGATION_FLIP	no	nope		unalignable
figshare-osce	MSK0042	NEGATION_FLIP	no		no okay	1
figshare-osce	MSK0042	NEGATION_FLIP	not			unalignable
figshare-osce	MSK0042	NEGATION_FLIP	wouldnt	wouldn't	not	0
figshare-osce	MSK0042	NEGATION_FLIP	havent	haven't		unalignable
figshare-osce	MSK0042	NEGATION_FLIP	i	don't	don't	0
figshare-osce	MSK0042	NEGATION_FLIP	no weve	oh we've	oh	0
figshare-osce	MSK0042	NEGATION_FLIP	havent	haven't	haven	1
figshare-osce	MSK0042	NEGATION_FLIP	havent	haven't	it	1
figshare-osce	MSK0042	NEGATION_FLIP	uh no we	i know we've	i know would likeigemb saf	0
figshare-osce	MSK0042	NEGATION_FLIP	dont	don't		unalignable
figshare-osce	MSK0042	NEGATION_FLIP	dont	don't	not	0
figshare-osce	MSK0042	NEGATION_FLIP	dont	don't	not	0
figshare-osce	MSK0042	NEGATION_FLIP	dont im	don't i'm	don't	0
figshare-osce	MSK0042	NEGATION_FLIP	no	um	know	0
figshare-osce	MSK0042	NEGATION_FLIP	no			unalignable
figshare-osce	MSK0042	NEGATION_FLIP	nothing else i wanted	let me also like	nothing else i want	1
figshare-osce	MSK0042	NEGATION_FLIP	dont	don't	not	0
figshare-osce	MSK0043	NEGATION_FLIP	no		no no trauma uh or anything like that	1
figshare-osce	MSK0043	NEGATION_FLIP	cant	can't	can't uh	0
figshare-osce	MSK0043	NUMERIC	uh	one	one	0
figshare-osce	MSK0043	NUMERIC	1			unalignable
figshare-osce	MSK0043	NUMERIC	10	ten	to 10 sorry	1
figshare-osce	MSK0043	NUMERIC	0	zero	0er	0
figshare-osce	MSK0043	NUMERIC	10 with 10	ten but ten	to 10 with 10 being the worst pain	1
figshare-osce	MSK0043	NUMERIC	9	nine	ne	0
figshare-osce	MSK0043	NUMERIC	9	nine	n9ine	0
figshare-osce	MSK0043	NEGATION_FLIP	havent	haven't	not	0
figshare-osce	MSK0043	NEGATION_FLIP	no		no no i	1
figshare-osce	MSK0043	NEGATION_FLIP	didnt	didn't	didn'	1
figshare-osce	MSK0043	NEGATION_FLIP	i	didn't	get to uh i i	1
figshare-osce	MSK0043	NEGATION_FLIP	havent	haven't	not	0
figshare-osce	MSK0043	NEGATION_FLIP	dont	don't	don'	1
figshare-osce	MSK0043	NEGATION_FLIP	havent	haven't	not travel	0
figshare-osce	MSK0043	NEGATION_FLIP	uh	haven't	uh i	1
figshare-osce	MSK0043	NEGATION_FLIP	no			unalignable
figshare-osce	MSK0043	NEGATION_FLIP	havent	haven't	haven'	1
figshare-osce	MSK0043	NEGATION_FLIP	havent	haven't	haven'	1
figshare-osce	MSK0043	NEGATION_FLIP	hasnt	hasn't	not	0
figshare-osce	MSK0043	NEGATION_FLIP	dont	don't	don't	0
figshare-osce	MSK0043	NEGATION_FLIP	wasnt	wasn't	was nottver thought	1
figshare-osce	MSK0043	NEGATION_FLIP	havent	haven't	have itokay	1
figshare-osce	MSK0043	NEGATION_FLIP	dont	don't	don't	0
figshare-osce	MSK0043	NEGATION_FLIP	dont	don't	think that is	1
figshare-osce	MSK0043	LATERALITY	then based on that well understand um the infection you have and what kind of infection you have we will start you on antibiotics right away um today and so you will be um here for a while until we get all those results back and you may also require um an admission today as well okay uh thank you yeah that that sounds good alright yeah so yeah well get all that done for you shortly and uh well go from there right thank you and um we might also need an xray so just sit tight well well come call you okay thank you alright youre welcome		based on that we will understand the infection you have and what kind of infection you have we will start you on antibiotics uh right away uh uh today and so you will be uh here for a while until we get all those results back and you may also require uh an admission today as well okay uh thank you yeah that unintelligible alright yeah so uh yeah we will get all that done for you shortly andh we will go thereu thank you and we might also need an x-ray so just toctate w will we will come call you okay thank you alr	1
figshare-osce	MSK0044	NUMERIC	2	two	two	0
figshare-osce	MSK0044	LATERALITY	right	made	rated	0
figshare-osce	MSK0044	NUMERIC	0	zero	zer	0
figshare-osce	MSK0044	NUMERIC	10 10	ten to	to 10 10 being the worst pain	1
figshare-osce	MSK0044	NUMERIC	10 it	ten there's	tab that	0
figshare-osce	MSK0044	NEGATION_FLIP	havent	haven't	flaxed out and	1
figshare-osce	MSK0044	NEGATION_FLIP	havent	haven't	have	1
figshare-osce	MSK0044	NEGATION_FLIP	havent	haven't	haven'	1
figshare-osce	MSK0044	NEGATION_FLIP	havent	haven't	have it okayr	1
figshare-osce	MSK0044	NEGATION_FLIP	i	didn't	any loss of consciousness or anything like that no no i i	0
figshare-osce	MSK0044	NEGATION_FLIP	dont	don't		unalignable
figshare-osce	MSK0044	NEGATION_FLIP	havent	haven't	not'h	1
figshare-osce	MSK0044	NEGATION_FLIP	havent	haven't	not	0
figshare-osce	MSK0044	NEGATION_FLIP	no		any dizziness fainting episodes uh no nothing like	1
figshare-osce	MSK0044	NEGATION_FLIP	havent	haven't	haven'	1
figshare-osce	MSK0044	NEGATION_FLIP	havent	haven't	haven't	0
figshare-osce	MSK0044	NEGATION_FLIP	not		no that e ok	1
figshare-osce	MSK0045	NUMERIC	zero	0	z0	0
figshare-osce	MSK0045	NUMERIC	seven ok	7 okay		unalignable
figshare-osce	MSK0045	NEGATION_FLIP	dont	don't	don't	0
figshare-osce	MSK0045	NEGATION_FLIP	not but		not but i	1
figshare-osce	MSK0045	NEGATION_FLIP	didnt	didn't	did	1
figshare-osce	MSK0045	NEGATION_FLIP	any um	no okay	any	1
figshare-osce	MSK0045	NEGATION_FLIP	dont	don't	don't	0
figshare-osce	MSK0045	NUMERIC	some	one		unalignable
figshare-osce	MSK0045	NEGATION_FLIP	doesnt	doesn't		unalignable
figshare-osce	MSK0045	NUMERIC	6	six	six	0
figshare-osce	MSK0045	NUMERIC	12	twelve	to 12 months it	1
figshare-osce	MSK0045	LATERALITY	x rays from before we if we need to we can also get an ultrasound if um we dont uh we cant really tell from the x rays and then from there um we can get some blood work as well um just your normal blood work as well as inflammation markers and then um from there well need to uh really um discuss some management strategies so youve already tried some physiotherapy but now we need to make sure thats uh its its consistent because this is something that has a high recurrence rate and we will definitely need to finish the full course of physiotherapy whatever it may be um because if physiotherapy doesnt work we may have to consider like other options like um corticosteroid injections right into your shoulder ok for some relief but yeah so first well just try some conservative methods like physiotherapy pain management uh and then go from there how does that sound that sounds pretty good thank you welcome alright so well call you for the xrays and then well go from there ok sounds good		x-rays before we if we need we can also get uh an ultrasound if uh we don't that we can't really tell from the x-rays and then from there uh we can get some blood work as well uh just her normal blood work as well as inflammation markers and then uh from there we will need to uh really uh discuss some management strategy so you have already tried some physiotherapy but we need to make sure that uh its is consistent uh because this is something that has a high recurrence rate and we will definitely need to finish the full course of physiotherapy however it may be uh because if physiotherapy does not work we may have to consider other options like uh corticostero- steroid inje s right anterior shoulder uh or some relief uh but as the first we will just traryge some conservative methods like physiotherapy pain management uh and then go go from there for the x-ras and the	1
figshare-osce	MSK0045	NUMERIC	x rays from before we if we need to we can also get an ultrasound if um we dont uh we cant really tell from the x rays and then from there um we can get some blood work as well um just your normal blood work as well as inflammation markers and then um from there well need to uh really um discuss some management strategies so youve already tried some physiotherapy but now we need to make sure thats uh its its consistent because this is something that has a high recurrence rate and we will definitely need to finish the full course of physiotherapy whatever it may be um because if physiotherapy doesnt work we may have to consider like other options like um corticosteroid injections right into your shoulder ok for some relief but yeah so first well just try some conservative methods like physiotherapy pain management uh and then go from there how does that sound that sounds pretty good thank you welcome alright so well call you for the xrays and then well go from there ok sounds good		x-rays before we if we need we can also get uh an ultrasound if uh we don't that we can't really tell from the x-rays and then from there uh we can get some blood work as well uh just her normal blood work as well as inflammation markers and then uh from there we will need to uh really uh discuss some management strategy so you have already tried some physiotherapy but we need to make sure that uh its is consistent uh because this is something that has a high recurrence rate and we will definitely need to finish the full course of physiotherapy however it may be uh because if physiotherapy does not work we may have to consider other options like uh corticostero- steroid inje s right anterior shoulder uh or some relief uh but as the first we will just traryge some conservative methods like physiotherapy pain management uh and then go go from there for the x-ras and the	1
figshare-osce	MSK0046	LATERALITY	im left handed	and i'm left-handed	am left handed so	1
figshare-osce	MSK0046	NUMERIC	10 10 being	ten to mean	on a scale of uh zero to 10 10 being the worst pain	0
figshare-osce	MSK0046	NUMERIC	6 ok	six okay	six	0
figshare-osce	MSK0046	NEGATION_FLIP	havent	haven't	haven't	0
figshare-osce	MSK0046	LATERALITY	left handed yes ok alright	left-handed yes okay all right	so are you left yes okayunintelligha	1
figshare-osce	MSK0046	NEGATION_FLIP	havent	haven't	uh have't	1
figshare-osce	MSK0046	NEGATION_FLIP	havent ok alright	haven't okay um	have' uhm crlyunintelluation	1
figshare-osce	MSK0046	NEGATION_FLIP	wasnt	wasn't		unalignable
figshare-osce	MSK0046	NEGATION_FLIP	dont	don't	don't	0
figshare-osce	MSK0046	NEGATION_FLIP	dont	don't		unalignable
figshare-osce	MSK0046	NUMERIC	effect as well um but at first yeah lets just do some conservative management and see if that helps its only been a few days so hopefully um what we try first helps and then we can go on from there ok yeah that sounds great thank you welcome take care you too		and that often has some effect as well uh butperi do some conservative management and see if that hopis only in a few days so hopefully uh will be try for his help and then we can go on	0
figshare-osce	MSK0049	NEGATION_FLIP	havent	haven't	not	0
figshare-osce	MSK0049	NUMERIC	1	one	one	0
figshare-osce	MSK0049	NUMERIC	uh 7	seven okay	seven uhm	0
figshare-osce	MSK0049	NEGATION_FLIP	no	okay		unalignable
figshare-osce	MSK0049	NUMERIC	20	twenty		unalignable
figshare-osce	MSK0049	NUMERIC	7	seven		unalignable
figshare-osce	MSK0049	NEGATION_FLIP	dont	don't		unalignable
figshare-osce	MSK0050	NEGATION_FLIP	doesnt	doesn't	i doesn'	1
figshare-osce	MSK0050	NEGATION_FLIP	wouldnt	wouldn't	would'	1
figshare-osce	MSK0050	NEGATION_FLIP	dont	don't		unalignable
figshare-osce	MSK0050	NEGATION_FLIP	no	okay	go	0
figshare-osce	MSK0050	NEGATION_FLIP	no		hands we loc	0
figshare-osce	MSK0050	NEGATION_FLIP	are	aren't	and are you working currently	1
figshare-osce	MSK0050	NEGATION_FLIP	dont ok	don't okay	don't okay	0
figshare-osce	MSK0050	NEGATION_FLIP	dont	don't	don't	0
figshare-osce	RES0001	NUMERIC	8	eight		unalignable
figshare-osce	RES0001	NUMERIC	uh around	15 20	say uh around	1
figshare-osce	RES0001	NUMERIC	1520		20	0
figshare-osce	RES0001	NEGATION_FLIP	havent	haven't		unalignable
figshare-osce	RES0001	NUMERIC	1	one		unalignable
figshare-osce	RES0001	NUMERIC	10 10	ten ten	10	1
figshare-osce	RES0001	NUMERIC	7	seven		unalignable
figshare-osce	RES0001	NUMERIC	8 ok	eight okay		unalignable
figshare-osce	RES0001	NUMERIC	100	hundred		unalignable
figshare-osce	RES0001	NEGATION_FLIP	not like me ok			unalignable
figshare-osce	RES0001	NEGATION_FLIP	though	no		unalignable
figshare-osce	RES0001	LATERALITY	left legs		left my left le is	1
figshare-osce	RES0001	NEGATION_FLIP	um	no		unalignable
figshare-osce	RES0001	NEGATION_FLIP	dont	don't	don't	0
figshare-osce	RES0001	NEGATION_FLIP	i i	haven't okay		unalignable
figshare-osce	RES0001	NEGATION_FLIP	know	didn't		unalignable
figshare-osce	RES0001	NEGATION_FLIP	havent	haven't		unalignable
figshare-osce	RES0001	NEGATION_FLIP	didnt	didn't	didn't	0
figshare-osce	RES0001	NEGATION_FLIP	dont	don't	don't	0
figshare-osce	RES0001	NEGATION_FLIP	havent	haven't	haven't	0
figshare-osce	RES0001	NEGATION_FLIP	dont ok	don't okay		unalignable
figshare-osce	RES0001	NEGATION_FLIP	cant	can't		unalignable
figshare-osce	RES0001	NEGATION_FLIP	i	can't	no i i	0
figshare-osce	RES0001	NEGATION_FLIP	hadnt	hadn't	hadn't	0
figshare-osce	RES0001	NEGATION_FLIP	dont	don't	don't	0
figshare-osce	RES0002	NUMERIC	my son hes 2 1 2	son he's two and a half	so my my son uh he is21 2 months old	0
figshare-osce	RES0002	NEGATION_FLIP	werent	weren't	weren't	0
figshare-osce	RES0002	NUMERIC	2 litres	two liters	2 l	1
figshare-osce	RES0002	NEGATION_FLIP	wouldnt	wouldn't	uhm and uh has	1
figshare-osce	RES0002	NEGATION_FLIP	he	hasn't	no he actually he	0
figshare-osce	RES0002	NEGATION_FLIP	havent	haven't	have't	1
figshare-osce	RES0002	NEGATION_FLIP	wouldnt	wouldn't		unalignable
figshare-osce	RES0002	NEGATION_FLIP	don	don't		unalignable
figshare-osce	RES0003	NUMERIC	3	three		unalignable
figshare-osce	RES0003	NUMERIC	23	three		unalignable
figshare-osce	RES0003	NUMERIC	3	three		unalignable
figshare-osce	RES0003	NEGATION_FLIP	he	didn't		unalignable
figshare-osce	RES0003	NEGATION_FLIP	hasnt	hasn't		unalignable
figshare-osce	RES0003	NEGATION_FLIP	hasnt	hasn't		unalignable
figshare-osce	RES0003	NEGATION_FLIP	hasnt	hasn't		unalignable
figshare-osce	RES0003	NUMERIC	394 ok	4 okay		unalignable
figshare-osce	RES0003	NEGATION_FLIP	not			unalignable
figshare-osce	RES0003	NEGATION_FLIP	havent	haven't		unalignable
figshare-osce	RES0003	NEGATION_FLIP	hasnt	hasn't	a the-counter	1
figshare-osce	RES0003	NUMERIC	um shes 2	she's two she's		unalignable
figshare-osce	RES0003	NEGATION_FLIP	havent	haven't		unalignable
figshare-osce	RES0003	NEGATION_FLIP	hasnt	hasn't		unalignable
figshare-osce	RES0003	NEGATION_FLIP	we	didn't	he has	1
figshare-osce	RES0003	NEGATION_FLIP	um	hasn't		unalignable
figshare-osce	RES0003	NEGATION_FLIP	no			unalignable
figshare-osce	RES0003	NUMERIC	3	three	like just over 3	1
figshare-osce	RES0003	NEGATION_FLIP	havent	haven't	would do unint	1
figshare-osce	RES0004	NUMERIC	1	one	one	0
figshare-osce	RES0004	NUMERIC	10 10	ten ten	to 10 tending theor uh	1
figshare-osce	RES0004	NUMERIC	387	7	7	0
figshare-osce	RES0004	NEGATION_FLIP	cant	can't		unalignable
figshare-osce	RES0004	NEGATION_FLIP	havent	haven't		unalignable
figshare-osce	RES0004	NEGATION_FLIP	havent	haven't		unalignable
figshare-osce	RES0004	NEGATION_FLIP	havent	haven't		unalignable
figshare-osce	RES0004	NEGATION_FLIP	i	haven't		unalignable
figshare-osce	RES0004	NEGATION_FLIP	um	no		unalignable
figshare-osce	RES0004	NEGATION_FLIP	dont	don't		unalignable
figshare-osce	RES0004	NEGATION_FLIP	havent	haven't		unalignable
figshare-osce	RES0004	NEGATION_FLIP	um no			unalignable
figshare-osce	RES0004	NEGATION_FLIP	dont	don't		unalignable
figshare-osce	RES0004	NEGATION_FLIP	she	wasn't		unalignable
figshare-osce	RES0004	NEGATION_FLIP	dont	don't		unalignable
figshare-osce	RES0004	NEGATION_FLIP	no ones		no one	1
figshare-osce	RES0004	NEGATION_FLIP	no ones		no one to go	1
figshare-osce	RES0005	NEGATION_FLIP	doesnt feel	doesn't fill	feel like the whole	1
figshare-osce	RES0005	NEGATION_FLIP	hasnt	hasn't	hasn't	0
figshare-osce	RES0005	NEGATION_FLIP	havent	haven't	haven't	0
figshare-osce	RES0005	NEGATION_FLIP	havent	haven't	non't howinelligible	1
figshare-osce	RES0005	NUMERIC	1	one	one	0
figshare-osce	RES0005	NUMERIC	12 months	month i've	month uh	0
figshare-osce	RES0005	NUMERIC	8	eight	eight	0
figshare-osce	RES0005	NUMERIC	10	ten	to 10 pounds	1
figshare-osce	RES0005	NEGATION_FLIP	dont	don't	don't	0
figshare-osce	RES0005	NEGATION_FLIP	no ok	nope okay	sore throat no okay	1
figshare-osce	RES0005	NEGATION_FLIP	no	nope	you been having any chest pain no any heart palpitations	1
figshare-osce	RES0005	NEGATION_FLIP	no	nope	and uh have you been having any abdominal pain no any urinary problems uh no any bowel problems like diarrhea or constipation no nothing like that	1
figshare-osce	RES0005	NEGATION_FLIP	no		and uh have you been having any abdominal pain no any urinary problems uh no any bowel problems like diarrhea or constipation no nothing like that	1
figshare-osce	RES0005	NEGATION_FLIP	no	nope	joint pains or or muscle pains no any weakness	1
figshare-osce	RES0005	NUMERIC	3	three	three	0
figshare-osce	RES0005	NEGATION_FLIP	havent	haven't	haven't	0
figshare-osce	RES0005	NEGATION_FLIP	didnt	didn't	didn't	0
figshare-osce	RES0005	NEGATION_FLIP	dont	don't	don't	0
figshare-osce	RES0005	NUMERIC	two		to	0
figshare-osce	RES0005	NEGATION_FLIP	dont	don't	don't	0
figshare-osce	RES0006	NEGATION_FLIP	dont	don't		unalignable
figshare-osce	RES0006	NUMERIC	5	five	five	0
figshare-osce	RES0006	NUMERIC	10	ten	to 10 teaspoons a day uh	1
figshare-osce	RES0006	NEGATION_FLIP	havent	haven't	haven't	0
figshare-osce	RES0006	NEGATION_FLIP	i	don't	no i i	0
figshare-osce	RES0006	NEGATION_FLIP	hasnt	hasn't	hasn't	0
figshare-osce	RES0006	NEGATION_FLIP	cant	can't	can't	0
figshare-osce	RES0006	NEGATION_FLIP	no ok	nope okay	any instances where you felt like your heart was racing no okay	1
figshare-osce	RES0006	NEGATION_FLIP	no ok	nope okay	going to pass out no okay uh	1
figshare-osce	RES0006	NEGATION_FLIP	not		noticed it but i had it before like with asthma as well but not not that much	1
figshare-osce	RES0006	NEGATION_FLIP	no	nope	any bowel problems no	1
figshare-osce	RES0006	NUMERIC	10	ten	i would say probably at least six to 10 times in a week	0
figshare-osce	RES0006	NEGATION_FLIP	no alright	all right	alright and have you been in the hospital recently no alright so	1
figshare-osce	RES0006	NEGATION_FLIP	not		yeah not not really ready to quit	1
figshare-osce	RES0006	NEGATION_FLIP	dont	don't	don't	0
figshare-osce	RES0007	NEGATION_FLIP	dont	don't	don't	0
figshare-osce	RES0007	NEGATION_FLIP	couldnt	couldn't	couldn't	0
figshare-osce	RES0007	NEGATION_FLIP	cant	can't	can't	0
figshare-osce	RES0007	NEGATION_FLIP	kinda cant	of can't		unalignable
figshare-osce	RES0007	NEGATION_FLIP	i	don't		unalignable
figshare-osce	RES0007	NEGATION_FLIP	cant	can't	can't	0
figshare-osce	RES0007	NEGATION_FLIP	couldnt	couldn't	couldn't	0
figshare-osce	RES0007	NEGATION_FLIP	dont	don't	don't	0
figshare-osce	RES0007	NEGATION_FLIP	didnt	didn't		unalignable
figshare-osce	RES0007	NEGATION_FLIP	dont	don't		unalignable
figshare-osce	RES0007	NUMERIC	1	i'm	uh iununtible a	0
figshare-osce	RES0007	NEGATION_FLIP	didnt	didn't	didn't	0
figshare-osce	RES0007	NEGATION_FLIP	dont	don't	don't	0
figshare-osce	RES0007	NUMERIC	1	one	one	0
figshare-osce	RES0007	NUMERIC	2	two	two	0
figshare-osce	RES0007	NEGATION_FLIP	dont	don't		unalignable
figshare-osce	RES0007	NEGATION_FLIP	dont	don't		unalignable
figshare-osce	RES0007	NEGATION_FLIP	no	that's		unalignable
figshare-osce	RES0007	NEGATION_FLIP	not that ok			unalignable
figshare-osce	RES0007	NEGATION_FLIP	dont	don't		unalignable
figshare-osce	RES0007	NEGATION_FLIP	dont	don't		unalignable
figshare-osce	RES0007	NEGATION_FLIP	cant	can't		unalignable
figshare-osce	RES0007	LATERALITY	right		okay i	0
figshare-osce	RES0007	NEGATION_FLIP	dont	don't	don't	0
figshare-osce	RES0007	NEGATION_FLIP	no	okay	no	1
figshare-osce	RES0007	NEGATION_FLIP	no			unalignable
figshare-osce	RES0007	NEGATION_FLIP	havent ok	haven't okay		unalignable
figshare-osce	RES0007	NEGATION_FLIP	doesnt	doesn't	ma youngerly	1
figshare-osce	RES0008	NUMERIC	3	three		unalignable
figshare-osce	RES0008	NEGATION_FLIP	cant	can't		unalignable
figshare-osce	RES0008	NEGATION_FLIP	cant	can't		unalignable
figshare-osce	RES0008	NEGATION_FLIP	havent	haven't		unalignable
figshare-osce	RES0008	NEGATION_FLIP	dont	don't		unalignable
figshare-osce	RES0008	LATERALITY	right sided			unalignable
figshare-osce	RES0008	NUMERIC	386	6		unalignable
figshare-osce	RES0008	NUMERIC	sglt	sglt2		unalignable
figshare-osce	RES0008	NUMERIC	2			unalignable
figshare-osce	RES0008	NEGATION_FLIP	no	of		unalignable
figshare-osce	RES0008	NEGATION_FLIP	havent	haven't		unalignable
figshare-osce	RES0008	NUMERIC	sg	sglt2		unalignable
figshare-osce	RES0008	NUMERIC	lt2			unalignable
figshare-osce	RES0008	NEGATION_FLIP	dont	don't		unalignable
figshare-osce	RES0008	NEGATION_FLIP	dont	don't		unalignable
figshare-osce	RES0009	NEGATION_FLIP	dont	don't		unalignable
figshare-osce	RES0009	NEGATION_FLIP	i	don't		unalignable
figshare-osce	RES0009	NEGATION_FLIP	dont	don't		unalignable
figshare-osce	RES0009	NUMERIC	5	five		unalignable
figshare-osce	RES0009	NEGATION_FLIP	dont	don't		unalignable
figshare-osce	RES0009	NEGATION_FLIP	cant	can't	can't	0
figshare-osce	RES0009	NUMERIC	5	five		unalignable
figshare-osce	RES0009	NEGATION_FLIP	i	don't		unalignable
figshare-osce	RES0009	NEGATION_FLIP	cant	can't		unalignable
figshare-osce	RES0009	NUMERIC	two 5	to five		unalignable
figshare-osce	RES0009	NEGATION_FLIP	that	not		unalignable
figshare-osce	RES0009	LATERALITY	thats the thing that it seems weird right ok um	it's a pain so that's easier to read okay uh		unalignable
figshare-osce	RES0009	NEGATION_FLIP	havent	haven't		unalignable
figshare-osce	RES0009	NEGATION_FLIP	i dont	uh no		unalignable
figshare-osce	RES0009	NEGATION_FLIP	dont	don't		unalignable
figshare-osce	RES0009	NEGATION_FLIP	wasnt	wasn't		unalignable
figshare-osce	RES0009	NEGATION_FLIP	wasnt	wasn't		unalignable
figshare-osce	RES0009	NEGATION_FLIP	wasnt	wasn't		unalignable
figshare-osce	RES0009	NEGATION_FLIP	no no	nope nope		unalignable
figshare-osce	RES0009	NEGATION_FLIP	dont	don't		unalignable
figshare-osce	RES0009	NEGATION_FLIP	i	don't		unalignable
figshare-osce	RES0009	NEGATION_FLIP	dont	don't		unalignable
figshare-osce	RES0009	NEGATION_FLIP	have my wisdom teeth	haven't listened to that		unalignable
figshare-osce	RES0009	NEGATION_FLIP	dont	don't		unalignable
figshare-osce	RES0009	NEGATION_FLIP	didnt	didn't		unalignable
figshare-osce	RES0009	NEGATION_FLIP	dont	don't	don't	0
figshare-osce	RES0009	NEGATION_FLIP	dont	don't	don't	0
figshare-osce	RES0009	NEGATION_FLIP	dont	don't		unalignable
figshare-osce	RES0009	NEGATION_FLIP	havent	haven't	haven't	0
figshare-osce	RES0009	NEGATION_FLIP	not			unalignable
figshare-osce	RES0009	NUMERIC	2			unalignable
figshare-osce	RES0009	NEGATION_FLIP	no ok	that okay	not okay uh	1
figshare-osce	RES0009	NEGATION_FLIP	dont	don't	uh u	1
figshare-osce	RES0009	NUMERIC	5	five		unalignable
figshare-osce	RES0009	NEGATION_FLIP	havent	haven't		unalignable
figshare-osce	RES0009	LATERALITY	have a pulmonary embolism and so were going to do some lab work and imaging to investigate that ok i yeah is that scary is that bad it can vary from being mild to severe and so thats what we want to get some of the imaging and lab work to see well to first confirm if thats what you actually have and if so offer the right treatment ok thanks doctor welcome will get that started		have a pulmonary embolism uhm and so uh we are going to uh do some lab work and imaging to uh investigate that uh it can it can vary from being mild to uh to severe and uh so that is what we want to uh get some of the imaging and lab work to see uh what to first confirm if that is what you actually have and if if so uh offer the the right treatment we will get that started	1
figshare-osce	RES0009	NUMERIC	have a pulmonary embolism and so were going to do some lab work and imaging to investigate that ok i yeah is that scary is that bad it can vary from being mild to severe and so thats what we want to get some of the imaging and lab work to see well to first confirm if thats what you actually have and if so offer the right treatment ok thanks doctor welcome will get that started		have a pulmonary embolism uhm and so uh we are going to uh do some lab work and imaging to uh investigate that uh it can it can vary from being mild to uh to severe and uh so that is what we want to uh get some of the imaging and lab work to see uh what to first confirm if that is what you actually have and if if so uh offer the the right treatment we will get that started	1
figshare-osce	RES0010	NEGATION_FLIP	right	no		unalignable
figshare-osce	RES0010	LATERALITY	right	no		unalignable
figshare-osce	RES0010	NEGATION_FLIP	dont	don't		unalignable
figshare-osce	RES0010	NEGATION_FLIP	havent	haven't	haven't noted	0
figshare-osce	RES0010	NEGATION_FLIP	not			unalignable
figshare-osce	RES0010	NEGATION_FLIP	dont	don't		unalignable
figshare-osce	RES0010	NEGATION_FLIP	havent	haven't		unalignable
figshare-osce	RES0010	NEGATION_FLIP	dont	don't		unalignable
figshare-osce	RES0010	NEGATION_FLIP	uh no alright alright	all right all right	u	0
figshare-osce	RES0010	NEGATION_FLIP	cant	can't		unalignable
figshare-osce	RES0010	NUMERIC	2	two		unalignable
figshare-osce	RES0010	NEGATION_FLIP	wasnt	wasn't		unalignable
figshare-osce	RES0010	NEGATION_FLIP	dont	don't	don't	0
figshare-osce	RES0010	NEGATION_FLIP	havent	haven't		unalignable
figshare-osce	RES0010	NEGATION_FLIP	havent	haven't		unalignable
figshare-osce	RES0010	NEGATION_FLIP	dont	don't	don't	0
figshare-osce	RES0010	NEGATION_FLIP	dont	don't	don't	0
figshare-osce	RES0010	NEGATION_FLIP	no	okay	no no	1
figshare-osce	RES0010	NEGATION_FLIP	dont	don't	smokeple beerkend	1
figshare-osce	RES0010	NEGATION_FLIP	dont	don't		unalignable
figshare-osce	RES0010	NEGATION_FLIP	havent	haven't	haven't	0
figshare-osce	RES0011	NEGATION_FLIP	cant	can't	cant	1
figshare-osce	RES0011	NEGATION_FLIP	cant	can't		unalignable
figshare-osce	RES0011	NEGATION_FLIP	dont	don't		unalignable
figshare-osce	RES0011	NEGATION_FLIP	dont	don't		unalignable
figshare-osce	RES0011	NEGATION_FLIP	havent	haven't	have'	1
figshare-osce	RES0011	NUMERIC	4	four	to	0
figshare-osce	RES0011	NEGATION_FLIP	couldnt	couldn't	could'	1
figshare-osce	RES0011	NEGATION_FLIP	cant ok	can't okay	can't okay uh	0
figshare-osce	RES0011	NEGATION_FLIP	cant	can't		unalignable
figshare-osce	RES0011	NEGATION_FLIP	nothing			unalignable
figshare-osce	RES0011	NEGATION_FLIP	dont	don't		unalignable
figshare-osce	RES0011	NEGATION_FLIP	cant	can't		unalignable
figshare-osce	RES0011	NEGATION_FLIP	wasnt	wasn't		unalignable
figshare-osce	RES0011	NEGATION_FLIP	no			unalignable
figshare-osce	RES0011	NEGATION_FLIP	dont	don't		unalignable
figshare-osce	RES0011	NEGATION_FLIP	dont	don't		unalignable
figshare-osce	RES0011	NEGATION_FLIP	havent	haven't		unalignable
figshare-osce	RES0011	NEGATION_FLIP	havent	haven't		unalignable
figshare-osce	RES0011	NEGATION_FLIP	dont	don't		unalignable
figshare-osce	RES0011	NEGATION_FLIP	havent	haven't		unalignable
figshare-osce	RES0011	NEGATION_FLIP	cant	can't	can't	0
figshare-osce	RES0011	NEGATION_FLIP	dont	don't		unalignable
figshare-osce	RES0011	NEGATION_FLIP	not			unalignable
figshare-osce	RES0011	NEGATION_FLIP	dont	don't		unalignable
figshare-osce	RES0011	NEGATION_FLIP	didnt	didn't	didn't anyon	0
figshare-osce	RES0011	NEGATION_FLIP	didnt	didn't		unalignable
figshare-osce	RES0011	NEGATION_FLIP	didnt	didn't		unalignable
figshare-osce	RES0011	NEGATION_FLIP	not			unalignable
figshare-osce	RES0011	NUMERIC	12 a	a half		unalignable
figshare-osce	RES0011	NEGATION_FLIP	no	okay		unalignable
figshare-osce	RES0012	NUMERIC	2	two		unalignable
figshare-osce	RES0012	NEGATION_FLIP	havent	haven't		unalignable
figshare-osce	RES0012	NUMERIC	2	two		unalignable
figshare-osce	RES0012	NEGATION_FLIP	havent	haven't		unalignable
figshare-osce	RES0012	NEGATION_FLIP	dont	don't		unalignable
figshare-osce	RES0012	NEGATION_FLIP	i	don't		unalignable
figshare-osce	RES0012	NEGATION_FLIP	havent	haven't	uh have'	1
figshare-osce	RES0012	NEGATION_FLIP	havent	haven't		unalignable
figshare-osce	RES0012	NEGATION_FLIP	dont think not not like		don' think	0
figshare-osce	RES0012	NEGATION_FLIP	not like			unalignable
figshare-osce	RES0012	NEGATION_FLIP	yeah	don't		unalignable
figshare-osce	RES0012	NUMERIC	like	two	go more than like	1
figshare-osce	RES0012	NUMERIC	2		two	0
figshare-osce	RES0012	NEGATION_FLIP	mean	haven't	and how far can you walk before you start feeling shortness of breath i mean i	1
figshare-osce	RES0012	NEGATION_FLIP	dont	don't		unalignable
figshare-osce	RES0012	NEGATION_FLIP	dont	don't		unalignable
figshare-osce	RES0012	NEGATION_FLIP	dont	don't		unalignable
figshare-osce	RES0012	NEGATION_FLIP	when youre i dont	you're i don't know		unalignable
figshare-osce	RES0012	NEGATION_FLIP	like i	you don't		unalignable
figshare-osce	RES0012	NEGATION_FLIP	no	okay		unalignable
figshare-osce	RES0012	NEGATION_FLIP	havent	haven't		unalignable
figshare-osce	RES0012	NEGATION_FLIP	havent	haven't		unalignable
figshare-osce	RES0012	NEGATION_FLIP	dont know	don't and		unalignable
figshare-osce	RES0012	NEGATION_FLIP	havent	haven't		unalignable
figshare-osce	RES0012	NEGATION_FLIP	cant	can't		unalignable
figshare-osce	RES0012	NEGATION_FLIP	dont	don't		unalignable
figshare-osce	RES0012	NEGATION_FLIP	dont	don't		unalignable
figshare-osce	RES0012	NEGATION_FLIP	not like not			unalignable
figshare-osce	RES0012	LATERALITY	right	i've		unalignable
figshare-osce	RES0012	NEGATION_FLIP	havent	haven't		unalignable
figshare-osce	RES0012	NUMERIC	1	one		unalignable
figshare-osce	RES0012	NEGATION_FLIP	alright theres no	think there was	oka yea sorigm	0
figshare-osce	RES0012	NEGATION_FLIP	dont	don't		unalignable
figshare-osce	RES0012	NEGATION_FLIP	dont	don't		unalignable
figshare-osce	RES0012	NEGATION_FLIP	um	wasn't		unalignable
figshare-osce	RES0012	NEGATION_FLIP	dont	don't		unalignable
figshare-osce	RES0012	NEGATION_FLIP	havent	haven't		unalignable
figshare-osce	RES0012	NEGATION_FLIP	didnt	didn't		unalignable
figshare-osce	RES0012	NEGATION_FLIP	no ok			unalignable
figshare-osce	RES0012	NEGATION_FLIP	so ive	i haven't		unalignable
figshare-osce	RES0012	NEGATION_FLIP	dont	don't		unalignable
figshare-osce	RES0012	NEGATION_FLIP	havent	haven't		unalignable
figshare-osce	RES0012	NUMERIC	5	five		unalignable
figshare-osce	RES0012	NUMERIC	10	ten		unalignable
figshare-osce	RES0012	NEGATION_FLIP	dont	don't		unalignable
figshare-osce	RES0012	NEGATION_FLIP	dont	don't		unalignable
figshare-osce	RES0012	NEGATION_FLIP	didnt	didn't		unalignable
figshare-osce	RES0012	NEGATION_FLIP	havent	haven't	trouble that were	1
figshare-osce	RES0012	NEGATION_FLIP	didnt	didn't		unalignable
figshare-osce	RES0012	NEGATION_FLIP	wasnt	wasn't	you was not	0
figshare-osce	RES0012	NEGATION_FLIP	um so yeah so for right now well start we can start by doing some blood work first i do a physical exam of course and then from there we would kind of do some blood work to see if your white blood cell count is high and then we can do a chest xray to see if there is like a consolidation if theres pneumonia or you know or or anything viral um do you have any questionsanything that you wanted to add that i missed i dont think i dont think so um yeah i just hope i can get feeling better hope its not anything serious like i i think yeah i just hope its like i hope like you said its like i got like an infection or something and it will just be gone soon yeah yeah it does sound like it from the timeline like you started coughing two days ago and then the difficulty breathing or shortness of breath also two days ago and then the chest pain just seems like its from you coughing a lot it can do that yeah ok yeah yeah ok so i guess we will see you at our follow up and after all of these investigations are done		uh echo uh so we yea so for right now we will start we can start by doing some blood work first i do a physical exam of course uh and then from there we would uh kind of do some blood work uh to see if your white blood cell count is high uh and then we can do a chest x-ray to see if there is like a consolidation if there is pneumonia or you know uh or or anything viral uh do you have any questions anything that you wanted to add that i missed echo think i don't think so uh echo yeah just i think get is feeling better i hope it is not anything serious like i think yeah i just spoke with like i hope like you that is like it go like an infection is something just bek gone so yeah yeah it goes sound like it from the timeline like he started coughing two days ago uh and then difficulty breathing or shortness of breath uh also two days ago and then the chest pain just seems like it is from you coughing a lot ohun do that yeah unintelligible yeah yeah okay so i guess we will see you at our followup uh after all of these investigations are done	1
figshare-osce	RES0012	LATERALITY	um so yeah so for right now well start we can start by doing some blood work first i do a physical exam of course and then from there we would kind of do some blood work to see if your white blood cell count is high and then we can do a chest xray to see if there is like a consolidation if theres pneumonia or you know or or anything viral um do you have any questionsanything that you wanted to add that i missed i dont think i dont think so um yeah i just hope i can get feeling better hope its not anything serious like i i think yeah i just hope its like i hope like you said its like i got like an infection or something and it will just be gone soon yeah yeah it does sound like it from the timeline like you started coughing two days ago and then the difficulty breathing or shortness of breath also two days ago and then the chest pain just seems like its from you coughing a lot it can do that yeah ok yeah yeah ok so i guess we will see you at our follow up and after all of these investigations are done		uh echo uh so we yea so for right now we will start we can start by doing some blood work first i do a physical exam of course uh and then from there we would uh kind of do some blood work uh to see if your white blood cell count is high uh and then we can do a chest x-ray to see if there is like a consolidation if there is pneumonia or you know uh or or anything viral uh do you have any questions anything that you wanted to add that i missed echo think i don't think so uh echo yeah just i think get is feeling better i hope it is not anything serious like i think yeah i just spoke with like i hope like you that is like it go like an infection is something just bek gone so yeah yeah it goes sound like it from the timeline like he started coughing two days ago uh and then difficulty breathing or shortness of breath uh also two days ago and then the chest pain just seems like it is from you coughing a lot ohun do that yeah unintelligible yeah yeah okay so i guess we will see you at our followup uh after all of these investigations are done	1
figshare-osce	RES0012	NUMERIC	um so yeah so for right now well start we can start by doing some blood work first i do a physical exam of course and then from there we would kind of do some blood work to see if your white blood cell count is high and then we can do a chest xray to see if there is like a consolidation if theres pneumonia or you know or or anything viral um do you have any questionsanything that you wanted to add that i missed i dont think i dont think so um yeah i just hope i can get feeling better hope its not anything serious like i i think yeah i just hope its like i hope like you said its like i got like an infection or something and it will just be gone soon yeah yeah it does sound like it from the timeline like you started coughing two days ago and then the difficulty breathing or shortness of breath also two days ago and then the chest pain just seems like its from you coughing a lot it can do that yeah ok yeah yeah ok so i guess we will see you at our follow up and after all of these investigations are done		uh echo uh so we yea so for right now we will start we can start by doing some blood work first i do a physical exam of course uh and then from there we would uh kind of do some blood work uh to see if your white blood cell count is high uh and then we can do a chest x-ray to see if there is like a consolidation if there is pneumonia or you know uh or or anything viral uh do you have any questions anything that you wanted to add that i missed echo think i don't think so uh echo yeah just i think get is feeling better i hope it is not anything serious like i think yeah i just spoke with like i hope like you that is like it go like an infection is something just bek gone so yeah yeah it goes sound like it from the timeline like he started coughing two days ago uh and then difficulty breathing or shortness of breath uh also two days ago and then the chest pain just seems like it is from you coughing a lot ohun do that yeah unintelligible yeah yeah okay so i guess we will see you at our followup uh after all of these investigations are done	1
figshare-osce	RES0013	NEGATION_FLIP	cant	can't		unalignable
figshare-osce	RES0013	NEGATION_FLIP	didnt	didn't		unalignable
figshare-osce	RES0013	NEGATION_FLIP	didnt	didn't		unalignable
figshare-osce	RES0013	NEGATION_FLIP	cant	can't	can't	0
figshare-osce	RES0013	NEGATION_FLIP	cant	can't	can't	0
figshare-osce	RES0013	NEGATION_FLIP	werent	weren't	weren'th	1
figshare-osce	RES0013	NUMERIC	1	one	one	0
figshare-osce	RES0013	NUMERIC	10	ten	to 10	1
figshare-osce	RES0013	NEGATION_FLIP	dont	don't		unalignable
figshare-osce	RES0013	NEGATION_FLIP	cant	can't		unalignable
figshare-osce	RES0013	NEGATION_FLIP	i	don't		unalignable
figshare-osce	RES0013	NEGATION_FLIP	dont	don't		unalignable
figshare-osce	RES0013	NEGATION_FLIP	dont	don't		unalignable
figshare-osce	RES0013	NEGATION_FLIP	dont	don't		unalignable
figshare-osce	RES0013	NEGATION_FLIP	dont	don't		unalignable
figshare-osce	RES0013	NEGATION_FLIP	dont	don't		unalignable
figshare-osce	RES0013	NEGATION_FLIP	doesnt its	doesn't it's		unalignable
figshare-osce	RES0013	NEGATION_FLIP	cant	can't		unalignable
figshare-osce	RES0013	NEGATION_FLIP	no			unalignable
figshare-osce	RES0013	NEGATION_FLIP	dont i dont	didn't want to	want to	1
figshare-osce	RES0013	NEGATION_FLIP	didnt	didn't		unalignable
figshare-osce	RES0013	NEGATION_FLIP	dont	don't		unalignable
figshare-osce	RES0013	NEGATION_FLIP	wasnt	wasn't	it was'	1
figshare-osce	RES0013	NEGATION_FLIP	havent	haven't		unalignable
figshare-osce	RES0013	NEGATION_FLIP	havent	haven't	have'	1
figshare-osce	RES0013	NEGATION_FLIP	dont	don't	don't	0
figshare-osce	RES0013	NEGATION_FLIP	dont	don't	not	0
figshare-osce	RES0013	NEGATION_FLIP	doesnt	doesn't	not	0
figshare-osce	RES0013	NEGATION_FLIP	dont	don't	not	0
figshare-osce	RES0013	NEGATION_FLIP	werent	weren't	not	0
figshare-osce	RES0013	NUMERIC	and then other things could be like copbecause you which is a chronic obstructive pulmonary disease because you have been smoking since college and thats basically just inflammation in your lungs that causes your airways to narrow and so you may have a hard time breathing so for all of these things we first start by doing some blood work and then well do some imaging like a chest xray and a pulmonary function test if indicated and so that will give us a better idea of what you have and how we can best help you sounds good yeah yeah i just really want to get a good breath so yeah whatever we can do yeah for sure and then in the meantime well keep monitoring you to make sure your vitals are ok and if we need to give you oxygen we will thatd be great ok thank you		and then other things could be like copd because you which is uh chronic obstructive pulmonary disease because you have been smoking since college uh and that is basically just uh inflammation in your lungs that causes your airway to narrow uh and so you may have a hard time breathing uh so for all of these things we first start by doing some blood work and then we will uh do some imaging like a chest x-ray and a pulmonary function test if indicated and so that will give us a better idea of what you have and how we can best help you justally want to get a good breath so it whatver can do yeah for sure and then in the meantime we will uh keep him on it and you to make sure your vitals are okay and if we need to give you oxygen we will unintelligible okay thk you	1
figshare-osce	RES0014	NEGATION_FLIP	cant	can't	canot	1
figshare-osce	RES0014	NEGATION_FLIP	cant	can't		unalignable
figshare-osce	RES0014	NEGATION_FLIP	cant	can't		unalignable
figshare-osce	RES0014	NUMERIC	10 10	ten ten	one to 10 10 being the worst	0
figshare-osce	RES0014	NUMERIC	8	eight		unalignable
figshare-osce	RES0014	NUMERIC	3	three		unalignable
figshare-osce	RES0014	NEGATION_FLIP	dont its	don't it's		unalignable
figshare-osce	RES0014	NEGATION_FLIP	dont	don't		unalignable
figshare-osce	RES0014	NEGATION_FLIP	dont	don't		unalignable
figshare-osce	RES0014	NEGATION_FLIP	no	nope		unalignable
figshare-osce	RES0014	NEGATION_FLIP	no			unalignable
figshare-osce	RES0014	NEGATION_FLIP	no ok	nope okay		unalignable
figshare-osce	RES0014	NEGATION_FLIP	dont	don't		unalignable
figshare-osce	RES0014	NEGATION_FLIP	havent	haven't		unalignable
figshare-osce	RES0014	NEGATION_FLIP	havent	haven't		unalignable
figshare-osce	RES0014	NEGATION_FLIP	uh	no		unalignable
figshare-osce	RES0014	NEGATION_FLIP	no			unalignable
figshare-osce	RES0014	NEGATION_FLIP	nope	no		unalignable
figshare-osce	RES0014	NEGATION_FLIP	no	nope		unalignable
figshare-osce	RES0014	NEGATION_FLIP	movement no	movements nope		unalignable
figshare-osce	RES0014	NEGATION_FLIP	no	nope		unalignable
figshare-osce	RES0014	NEGATION_FLIP	no	nope		unalignable
figshare-osce	RES0014	NEGATION_FLIP	no	nope		unalignable
figshare-osce	RES0014	NEGATION_FLIP	no	nope		unalignable
figshare-osce	RES0014	NEGATION_FLIP	dont	don't		unalignable
figshare-osce	RES0014	NEGATION_FLIP	no	nope		unalignable
figshare-osce	RES0014	NEGATION_FLIP	dont	don't		unalignable
figshare-osce	RES0014	NEGATION_FLIP	nothing			unalignable
figshare-osce	RES0014	NEGATION_FLIP	uh	don't		unalignable
figshare-osce	RES0014	NEGATION_FLIP	not	or		unalignable
figshare-osce	RES0014	NEGATION_FLIP	no	nope		unalignable
figshare-osce	RES0014	NEGATION_FLIP	no ive	nope i've		unalignable
figshare-osce	RES0014	NEGATION_FLIP	dont	don't		unalignable
figshare-osce	RES0014	NEGATION_FLIP	dont	don't		unalignable
figshare-osce	RES0014	NEGATION_FLIP	dont	don't		unalignable
figshare-osce	RES0014	NEGATION_FLIP	dont	don't		unalignable
figshare-osce	RES0014	NEGATION_FLIP	dont	don't		unalignable
figshare-osce	RES0014	NEGATION_FLIP	uh not really just maybe like the normal amount like if im running around too much i feel shortness of breath but i think it just got worse over the last few months ok and then have you ever had any imaging done in the past like a chest xray or investigations like a pulmonary function test no i dont recall having any of that done ok alright well those are all the questions i had for you if you didnt have anything else to add i guess we will conclude by saying that what you have we have a differential diagnosis for this um it sounds like what you have is asthma since your symptoms started three months ago when you moved into a flat with your friends and it seems like this smoking and cold is triggering that and so well work you up with a pulmonary function test to start and well see if bronchodilators will help with your symptoms and if it doesnt well also rule out other things like pneumonia or like allergic rhinitis how does that sound yeah that sounds good ok sounds great well well see you soon then alright thank you take care you too		got worse over the last ye more okay and then has you ever had any imaging done in the past like a chest x-ray or investigations like a pulmonary function test no i don knowellig okay alright w those are all the questions i had for you if you don't have anything else to add i guess we will conclude by uh saying that what you have uh we have a differential diagnosis for this uh it sounds like what you have is asthma uh since your symptoms uh started three months ago when you moved into a flat with your friends and it seems like you mo smoking and cold triggering that uh so we will work you up with uh pulmonary function test to start and we will see if uh uh bronchodilators will help with your symptoms and if it doesn't we will also uh rule out other things like pneumonia or like uh allergic rhinitis uh how to that sounduninellig okay sounds great well we will see you so then thank you ta care	1
figshare-osce	RES0014	NUMERIC	uh not really just maybe like the normal amount like if im running around too much i feel shortness of breath but i think it just got worse over the last few months ok and then have you ever had any imaging done in the past like a chest xray or investigations like a pulmonary function test no i dont recall having any of that done ok alright well those are all the questions i had for you if you didnt have anything else to add i guess we will conclude by saying that what you have we have a differential diagnosis for this um it sounds like what you have is asthma since your symptoms started three months ago when you moved into a flat with your friends and it seems like this smoking and cold is triggering that and so well work you up with a pulmonary function test to start and well see if bronchodilators will help with your symptoms and if it doesnt well also rule out other things like pneumonia or like allergic rhinitis how does that sound yeah that sounds good ok sounds great well well see you soon then alright thank you take care you too		got worse over the last ye more okay and then has you ever had any imaging done in the past like a chest x-ray or investigations like a pulmonary function test no i don knowellig okay alright w those are all the questions i had for you if you don't have anything else to add i guess we will conclude by uh saying that what you have uh we have a differential diagnosis for this uh it sounds like what you have is asthma uh since your symptoms uh started three months ago when you moved into a flat with your friends and it seems like you mo smoking and cold triggering that uh so we will work you up with uh pulmonary function test to start and we will see if uh uh bronchodilators will help with your symptoms and if it doesn't we will also uh rule out other things like pneumonia or like uh allergic rhinitis uh how to that sounduninellig okay sounds great well we will see you so then thank you ta care	1
figshare-osce	RES0015	NEGATION_FLIP	cant	can't	can't	0
figshare-osce	RES0015	NEGATION_FLIP	cant	can't	can't findunle	0
figshare-osce	RES0015	NEGATION_FLIP	nothing		nothing really	1
figshare-osce	RES0015	NEGATION_FLIP	i	don't	don't	0
figshare-osce	RES0015	NEGATION_FLIP	like	don't		unalignable
figshare-osce	RES0015	NUMERIC	10 10 being	ten can be	10 ka	1
figshare-osce	RES0015	NUMERIC	8	eight		unalignable
figshare-osce	RES0015	NEGATION_FLIP	no	nope	sore throat no	1
figshare-osce	RES0015	NEGATION_FLIP	no	nope	eye pain no changes in your vision	1
figshare-osce	RES0015	NEGATION_FLIP	havent	haven't	h i'	1
figshare-osce	RES0015	NEGATION_FLIP	dont	don't		unalignable
figshare-osce	RES0015	NEGATION_FLIP	havent	haven't		unalignable
figshare-osce	RES0015	NEGATION_FLIP	i	don't	wheezing uh no i i	0
figshare-osce	RES0015	NEGATION_FLIP	i	don't		unalignable
figshare-osce	RES0015	NEGATION_FLIP	no	nope	iness fatingell meical condition	0
figshare-osce	RES0015	NEGATION_FLIP	no	nope		unalignable
figshare-osce	RES0015	NEGATION_FLIP	no its	nope it's		unalignable
figshare-osce	RES0015	NEGATION_FLIP	no ok	nope okay		unalignable
figshare-osce	RES0015	NEGATION_FLIP	couldnt	couldn't	could not	0
figshare-osce	RES0015	NEGATION_FLIP	and	didn't		unalignable
figshare-osce	RES0015	NEGATION_FLIP	didnt	didn't		unalignable
figshare-osce	RES0015	NEGATION_FLIP	dont	don't		unalignable
figshare-osce	RES0015	NEGATION_FLIP	hasnt	hasn't		unalignable
figshare-osce	RES0015	NUMERIC	5	five		unalignable
figshare-osce	RES0015	NUMERIC	10	ten		unalignable
figshare-osce	RES0015	NEGATION_FLIP	dont	don't		unalignable
figshare-osce	RES0015	NEGATION_FLIP	dont	don't		unalignable
figshare-osce	RES0015	NEGATION_FLIP	hadnt	hadn't		unalignable
figshare-osce	RES0015	NEGATION_FLIP	so yeah this is just like my first time visiting a doctor in this country and like i was just very scared that it might be something serious so just wanted to know what it can be yeah for sure so the first thing we want to rule out is tb because you have recently moved to canada from a country where it is i believe it is endemic so and some of your most of your symptoms fit with tb and how it presents so we just want to make sure its not that because it is highly infectious and and we dont want it to spread so we can do like a afb smear or i think they have other diagnostic work up for that too so well do that first if not we can check to see if its like another another typical pneumonia we can do a chest x ray for that as well if both of those turn out to be negatives then well have to work you up further for other things like copor lung cancer how does that sound that sounds good thank you		so youa this is just like my first time visiting a doctor in this country andunintelligible might be something uh serious so just wanted to know what it can be yah for sure so the first thing we want to rule out is tb uh because you have recently moved to candida from uh a country where it is i believe is it it is endemic uh so and some of your most of your symptoms fit with tb and how it presents so we just want to make sure it is not that because it is highly infectious and uh we do not want it to spread soo uh we can do like u an ab smear or i think they have other uh diagnostic uh workup for that too so we will do that after if not we can check uh to see if it is uh likeuo- another typical pneumonia uh we can do a chest x-ray for that as well uh and if both of those uh turn out to be negative then we will wo- have to work you up further for other things like copd uh or lung cancer how is that sound unintelligible	1
figshare-osce	RES0015	NUMERIC	so yeah this is just like my first time visiting a doctor in this country and like i was just very scared that it might be something serious so just wanted to know what it can be yeah for sure so the first thing we want to rule out is tb because you have recently moved to canada from a country where it is i believe it is endemic so and some of your most of your symptoms fit with tb and how it presents so we just want to make sure its not that because it is highly infectious and and we dont want it to spread so we can do like a afb smear or i think they have other diagnostic work up for that too so well do that first if not we can check to see if its like another another typical pneumonia we can do a chest x ray for that as well if both of those turn out to be negatives then well have to work you up further for other things like copor lung cancer how does that sound that sounds good thank you		so youa this is just like my first time visiting a doctor in this country andunintelligible might be something uh serious so just wanted to know what it can be yah for sure so the first thing we want to rule out is tb uh because you have recently moved to candida from uh a country where it is i believe is it it is endemic uh so and some of your most of your symptoms fit with tb and how it presents so we just want to make sure it is not that because it is highly infectious and uh we do not want it to spread soo uh we can do like u an ab smear or i think they have other uh diagnostic uh workup for that too so we will do that after if not we can check uh to see if it is uh likeuo- another typical pneumonia uh we can do a chest x-ray for that as well uh and if both of those uh turn out to be negative then we will wo- have to work you up further for other things like copd uh or lung cancer how is that sound unintelligible	1
figshare-osce	RES0016	NEGATION_FLIP	cant	can't		unalignable
figshare-osce	RES0016	NEGATION_FLIP	no		gradually on its own no no real triggers that i can remember	1
figshare-osce	RES0016	NEGATION_FLIP	cant	can't	cano	1
figshare-osce	RES0016	NEGATION_FLIP	cant	can't	canot	1
figshare-osce	RES0016	NUMERIC	1	one		unalignable
figshare-osce	RES0016	NUMERIC	10	ten		unalignable
figshare-osce	RES0016	NUMERIC	10			unalignable
figshare-osce	RES0016	NEGATION_FLIP	no		dry cough no no i	1
figshare-osce	RES0016	NEGATION_FLIP	dont	don't	do	1
figshare-osce	RES0016	NEGATION_FLIP	havent	haven't		unalignable
figshare-osce	RES0016	NEGATION_FLIP	no	nope	uh he	0
figshare-osce	RES0016	NEGATION_FLIP	no	nope	changes in your hearing or ear pain no	1
figshare-osce	RES0016	NEGATION_FLIP	no	nope		unalignable
figshare-osce	RES0016	NEGATION_FLIP	not			unalignable
figshare-osce	RES0016	NUMERIC	3	three	like3 kgty ted somet a get	0
figshare-osce	RES0016	NEGATION_FLIP	no heart	nope heart's		unalignable
figshare-osce	RES0016	NEGATION_FLIP	uh no	nope okay		unalignable
figshare-osce	RES0016	NEGATION_FLIP	no	nope	allergies no	1
figshare-osce	RES0016	NUMERIC	2	two	two	0
figshare-osce	RES0016	NEGATION_FLIP	marijuana	no	marijuana no cocaine nothing like that	0
figshare-osce	RES0016	NEGATION_FLIP	cant	can't		unalignable
figshare-osce	RES0016	NEGATION_FLIP	um	no		unalignable
figshare-osce	RES0016	NEGATION_FLIP	no	nope		unalignable
figshare-osce	RES0016	NEGATION_FLIP	ok well those were all the questions that i had did you have anything that you wanted to add that i maybe missed uh no i just its been going on for two years and i feel like its getting worse and worse and yeah im just scared of having to you know go on oxygen or like just not being able to breathe at one point yeah for sure so we will try to do a good job working you up for everything that we think it may be and right now it sounds like it could be pulmonary fibrosis either like you know an autoimmune process or triggered after like an infection that you may have had in the past we will definitely also look into see if its perhaps a lung cancer asthma and you mentioned you dont smoke so we dont think it could be copbut well also test for that in case all everything else comes back negative ok sounds good thank you so much thank you take care you too		those are all the questions that i had uh did you have anything that you wanted to add that i may be missed uh no just it has been going on for two years and i feel like it getting worse and worse just sc of coming to oxygen be able to breathe at one pointyou have for sure uh so we will try do a good job uh working you up for everything that we think it may be uh and right now it sounds like it could be uh pulmonary fibrosis either like you know an autoimmune process uh or triggered uh after like an infection that you may have had in the past uh we will definitely also look to see if it uh for ps the lung cancer uh asthma and you mentioned you do not smoke so we do not think it could be copd but we will also uh test for that in case all everything else comes back negative thank you takeke care	1
figshare-osce	RES0016	LATERALITY	ok well those were all the questions that i had did you have anything that you wanted to add that i maybe missed uh no i just its been going on for two years and i feel like its getting worse and worse and yeah im just scared of having to you know go on oxygen or like just not being able to breathe at one point yeah for sure so we will try to do a good job working you up for everything that we think it may be and right now it sounds like it could be pulmonary fibrosis either like you know an autoimmune process or triggered after like an infection that you may have had in the past we will definitely also look into see if its perhaps a lung cancer asthma and you mentioned you dont smoke so we dont think it could be copbut well also test for that in case all everything else comes back negative ok sounds good thank you so much thank you take care you too		those are all the questions that i had uh did you have anything that you wanted to add that i may be missed uh no just it has been going on for two years and i feel like it getting worse and worse just sc of coming to oxygen be able to breathe at one pointyou have for sure uh so we will try do a good job uh working you up for everything that we think it may be uh and right now it sounds like it could be uh pulmonary fibrosis either like you know an autoimmune process uh or triggered uh after like an infection that you may have had in the past uh we will definitely also look to see if it uh for ps the lung cancer uh asthma and you mentioned you do not smoke so we do not think it could be copd but we will also uh test for that in case all everything else comes back negative thank you takeke care	1
figshare-osce	RES0016	NUMERIC	ok well those were all the questions that i had did you have anything that you wanted to add that i maybe missed uh no i just its been going on for two years and i feel like its getting worse and worse and yeah im just scared of having to you know go on oxygen or like just not being able to breathe at one point yeah for sure so we will try to do a good job working you up for everything that we think it may be and right now it sounds like it could be pulmonary fibrosis either like you know an autoimmune process or triggered after like an infection that you may have had in the past we will definitely also look into see if its perhaps a lung cancer asthma and you mentioned you dont smoke so we dont think it could be copbut well also test for that in case all everything else comes back negative ok sounds good thank you so much thank you take care you too		those are all the questions that i had uh did you have anything that you wanted to add that i may be missed uh no just it has been going on for two years and i feel like it getting worse and worse just sc of coming to oxygen be able to breathe at one pointyou have for sure uh so we will try do a good job uh working you up for everything that we think it may be uh and right now it sounds like it could be uh pulmonary fibrosis either like you know an autoimmune process uh or triggered uh after like an infection that you may have had in the past uh we will definitely also look to see if it uh for ps the lung cancer uh asthma and you mentioned you do not smoke so we do not think it could be copd but we will also uh test for that in case all everything else comes back negative thank you takeke care	1
figshare-osce	RES0017	NEGATION_FLIP	cant	can't	can't	0
figshare-osce	RES0017	NEGATION_FLIP	cant	can't	can't	0
figshare-osce	RES0017	NEGATION_FLIP	dont	don't	nott	1
figshare-osce	RES0017	NEGATION_FLIP	not		exercising a lot more but not not too much	1
figshare-osce	RES0017	NEGATION_FLIP	hasnt	hasn't	not	0
figshare-osce	RES0017	NEGATION_FLIP	doesnt	doesn't	does not	0
figshare-osce	RES0017	NEGATION_FLIP	cant	can't	can't	0
figshare-osce	RES0017	NUMERIC	1520	15-20	20	0
figshare-osce	RES0017	NEGATION_FLIP	not		pounds but not not too much	1
figshare-osce	RES0017	NEGATION_FLIP	havent	haven't		unalignable
figshare-osce	RES0017	NEGATION_FLIP	no	nope	loss of taste no alright	1
figshare-osce	RES0017	NEGATION_FLIP	i	don't	i	1
figshare-osce	RES0017	NEGATION_FLIP	dont	don't	don't	0
figshare-osce	RES0017	NEGATION_FLIP	cant	can't	can't	0
figshare-osce	RES0017	NEGATION_FLIP	know	don't	don't	0
figshare-osce	RES0017	NEGATION_FLIP	dont	don't	don't	0
figshare-osce	RES0017	NEGATION_FLIP	so no	sort of	okay uh sort of	0
figshare-osce	RES0017	NUMERIC	5	five	five	0
figshare-osce	RES0017	NUMERIC	10	ten	to 10 cigarettes for around 20 years	0
figshare-osce	RES0018	NUMERIC	2	two	two	0
figshare-osce	RES0018	NEGATION_FLIP	dont	don't	don't	0
figshare-osce	RES0018	NEGATION_FLIP	havent	haven't	have'u	1
figshare-osce	RES0018	NUMERIC	3		three	0
figshare-osce	RES0018	NEGATION_FLIP	havent	haven't	haven't	0
figshare-osce	RES0018	NEGATION_FLIP	dont	don't	don't	0
figshare-osce	RES0018	NEGATION_FLIP	dont	don't	don't	0
figshare-osce	RES0018	NEGATION_FLIP	cant	can't	can't	0
figshare-osce	RES0018	NEGATION_FLIP	couldnt	couldn't	could	1
figshare-osce	RES0018	NEGATION_FLIP	hasnt	hasn't	that hasn't	0
figshare-osce	RES0018	NEGATION_FLIP	havent	haven't	not	0
figshare-osce	RES0018	NEGATION_FLIP	dont	don't	not't	1
figshare-osce	RES0018	NEGATION_FLIP	didnt	didn't	didn'	1
figshare-osce	RES0018	NEGATION_FLIP	dont	don't	don't	0
figshare-osce	RES0018	NEGATION_FLIP	i	haven't	i	1
figshare-osce	RES0018	NEGATION_FLIP	havent	haven't	have't	1
figshare-osce	RES0018	NEGATION_FLIP	no other	what her	just my wife no other sexual partners	1
figshare-osce	RES0018	NEGATION_FLIP	not		no not really not nothing like this	1
figshare-osce	RES0018	NEGATION_FLIP	no ok	nope okay	strokes in the family no okay	1
figshare-osce	RES0018	NUMERIC	covid19	covid-19	covid-19	0
figshare-osce	RES0019	NUMERIC	3	three	three	0
figshare-osce	RES0019	NUMERIC	past three days	path reaches okay	headache been going on for uh the same amount of time so like the past three days	1
figshare-osce	RES0019	NEGATION_FLIP	dont	don't		unalignable
figshare-osce	RES0019	NEGATION_FLIP	nothing	nothing's		unalignable
figshare-osce	RES0019	NEGATION_FLIP	wouldnt	wouldn't	lying flatoka uhm and uh	1
figshare-osce	RES0019	NUMERIC	a	six		unalignable
figshare-osce	RES0019	NUMERIC	6			unalignable
figshare-osce	RES0019	NEGATION_FLIP	didnt	didn't		unalignable
figshare-osce	RES0019	NEGATION_FLIP	didnt	didn't		unalignable
figshare-osce	RES0019	NEGATION_FLIP	dont	don't		unalignable
figshare-osce	RES0019	NEGATION_FLIP	havent	haven't		unalignable
figshare-osce	RES0019	NEGATION_FLIP	no alright	all right	r	0
figshare-osce	RES0019	NEGATION_FLIP	we	don't		unalignable
figshare-osce	RES0019	NEGATION_FLIP	over the counter i dont	over-the-counter i don't all right	over-the-counter don't	0
figshare-osce	RES0019	NUMERIC	one	one's		unalignable
figshare-osce	RES0019	NEGATION_FLIP	no one i			unalignable
figshare-osce	RES0019	NUMERIC	no one i			unalignable
figshare-osce	RES0019	NEGATION_FLIP	dont ok	don't okay		unalignable
figshare-osce	RES0019	NEGATION_FLIP	dont	don't		unalignable
figshare-osce	RES0019	NEGATION_FLIP	dont	don't		unalignable
figshare-osce	RES0019	NUMERIC	388	8	uh	0
figshare-osce	RES0019	NUMERIC	covid19	covid-19	covid-19	0
figshare-osce	RES0019	LATERALITY	blood cell count but um for now we will get those tests ordered did you have any questions ok yeah that sounds great do you think i could also have you know meningitis or something cause i was reading online on google and thats the first thing that came up oh yeah youre youre absolutely right so um sorry i we will go ahead and investigate that as well and we might need to do a lumbar puncture or some blood work to look for signs of infection that might be needed to be treated with antibiotics ok alright that sounds good thank you		blood cell count uh but uh for now we will get those tests ordered uh did you have any questions also have meningitis oh yeah uh uh are absolutely right so uh sorry i we will uh go ahead and uh uh investigate that as well and uh we might need to do uh a lumbar puncture uh or uh some blood work to look for uh signs of infection that might be needed to be treated uh with antibiotics okay than	1
figshare-osce	RES0019	NUMERIC	blood cell count but um for now we will get those tests ordered did you have any questions ok yeah that sounds great do you think i could also have you know meningitis or something cause i was reading online on google and thats the first thing that came up oh yeah youre youre absolutely right so um sorry i we will go ahead and investigate that as well and we might need to do a lumbar puncture or some blood work to look for signs of infection that might be needed to be treated with antibiotics ok alright that sounds good thank you		blood cell count uh but uh for now we will get those tests ordered uh did you have any questions also have meningitis oh yeah uh uh are absolutely right so uh sorry i we will uh go ahead and uh uh investigate that as well and uh we might need to do uh a lumbar puncture uh or uh some blood work to look for uh signs of infection that might be needed to be treated uh with antibiotics okay than	0
figshare-osce	RES0020	NEGATION_FLIP	no			unalignable
figshare-osce	RES0020	NEGATION_FLIP	havent	haven't		unalignable
figshare-osce	RES0020	NEGATION_FLIP	um	no		unalignable
figshare-osce	RES0020	NUMERIC	2	two		unalignable
figshare-osce	RES0020	NUMERIC	2 ok	yes okay		unalignable
figshare-osce	RES0020	NUMERIC	3	three		unalignable
figshare-osce	RES0020	NEGATION_FLIP	dont	don't		unalignable
figshare-osce	RES0020	NEGATION_FLIP	dont ok	don't okay		unalignable
figshare-osce	RES0020	NEGATION_FLIP	no no	nope nope		unalignable
figshare-osce	RES0020	NEGATION_FLIP	didnt	didn't		unalignable
figshare-osce	RES0020	NUMERIC	covid19	covid-19	covid-19	0
figshare-osce	RES0020	NUMERIC	14	14-day	14-day period uh	0
figshare-osce	RES0021	NEGATION_FLIP	havent	haven't		unalignable
figshare-osce	RES0021	NUMERIC	383	three	3	0
figshare-osce	RES0021	NEGATION_FLIP	doesnt	doesn't		unalignable
figshare-osce	RES0021	NEGATION_FLIP	dont	don't	don'	1
figshare-osce	RES0021	NEGATION_FLIP	dont	don't	don't	0
figshare-osce	RES0021	NEGATION_FLIP	dont	don't	don't	0
figshare-osce	RES0021	NUMERIC	10	ten	cough like this before maybe like 10 years ago when i had some sort of viral infection they said	1
figshare-osce	RES0021	NEGATION_FLIP	not			unalignable
figshare-osce	RES0021	NEGATION_FLIP	cant	can't		unalignable
figshare-osce	RES0021	NEGATION_FLIP	dont	don't		unalignable
figshare-osce	RES0021	NEGATION_FLIP	nothing			unalignable
figshare-osce	RES0021	NEGATION_FLIP	dont	don't		unalignable
figshare-osce	RES0021	NEGATION_FLIP	checked	can't		unalignable
figshare-osce	RES0021	NEGATION_FLIP	ok no	okay and	reastlative with u	0
figshare-osce	RES0021	NEGATION_FLIP	didnt	didn't	did'	1
figshare-osce	RES0021	NUMERIC	covid19	covid-19	covid-19	0
figshare-osce	RES0021	NUMERIC	for	covid-19	will do some testing for for	1
figshare-osce	RES0021	NUMERIC	covid19		covid-19	0
figshare-osce	RES0022	NEGATION_FLIP	cant	can't	canthing	1
figshare-osce	RES0022	NEGATION_FLIP	havent	haven't	haven't	0
figshare-osce	RES0022	NEGATION_FLIP	dont	don't		unalignable
figshare-osce	RES0022	NEGATION_FLIP	no	okay		unalignable
figshare-osce	RES0022	NEGATION_FLIP	dont	don't		unalignable
figshare-osce	RES0022	NEGATION_FLIP	dont	don't		unalignable
figshare-osce	RES0022	NEGATION_FLIP	couldnt	couldn't		unalignable
figshare-osce	RES0022	NEGATION_FLIP	dont	don't		unalignable
figshare-osce	RES0022	NEGATION_FLIP	havent	haven't		unalignable
figshare-osce	RES0022	NEGATION_FLIP	ok uh	no okay		unalignable
figshare-osce	RES0022	NEGATION_FLIP	dont	don't		unalignable
figshare-osce	RES0022	NEGATION_FLIP	didnt	didn't		unalignable
figshare-osce	RES0022	NEGATION_FLIP	didnt	didn't		unalignable
figshare-osce	RES0022	NEGATION_FLIP	let me	i don't		unalignable
figshare-osce	RES0022	NEGATION_FLIP	havent	haven't		unalignable
figshare-osce	RES0022	NEGATION_FLIP	wasnt	wasn't		unalignable
figshare-osce	RES0022	NEGATION_FLIP	havent	haven't		unalignable
figshare-osce	RES0022	NEGATION_FLIP	havent	haven't		unalignable
figshare-osce	RES0022	NEGATION_FLIP	wasnt	wasn't		unalignable
figshare-osce	RES0022	NEGATION_FLIP	havent	haven't		unalignable
figshare-osce	RES0022	NEGATION_FLIP	dont	don't		unalignable
figshare-osce	RES0022	NEGATION_FLIP	dont	don't		unalignable
figshare-osce	RES0022	NEGATION_FLIP	dont	don't		unalignable
figshare-osce	RES0022	NEGATION_FLIP	hasnt	hasn't		unalignable
figshare-osce	RES0022	NEGATION_FLIP	havent	haven't		unalignable
figshare-osce	RES0022	NEGATION_FLIP	dont	don't		unalignable
figshare-osce	RES0022	NEGATION_FLIP	hasnt	hasn't		unalignable
figshare-osce	RES0022	NEGATION_FLIP	dont	don't		unalignable
figshare-osce	RES0022	NEGATION_FLIP	no	okay	untelligible and uh	0
figshare-osce	RES0022	NEGATION_FLIP	no i see ok		untelligible and uh	0
figshare-osce	RES0022	NEGATION_FLIP	didnt	didn't	did'	1
figshare-osce	RES0022	NUMERIC	covid19	covid	covid	0
figshare-osce	RES0022	NUMERIC	pne	one	one	0
figshare-osce	RES0022	NEGATION_FLIP	or you could have a bacterial infection thats not covid really related at all or this could be an exacerbation of your copand maybe we need we need to just titrate your inhaler so well need to just run some lab work and do the pcr nasal swab as part of the work up an we will see what some of those investigations show oh geez ok ok its all in the meantime youll need to quarantine for 14 days and if the results are positive well after note notified public health so that the appropriate contact tracing can be made but well get the investigation started now ok thanks doc alright youre welcome		or you could have a bacterial infection that is not uh covid rel- related at all or this could be uh an exacerbation of your uh copd and maybe uh we ne we need to just titrate your inhaler so we will need to uh uh just run some lab work and do the pcr nasal swab uh as part of the workup and we will see what some of those investigations show okay so in the meantime uh needs to quarantine for 14 days uh and uh if the results are positive we will as to notify public health so that the appropriate contact tracing can be made but we will get investigation started now okay	1
figshare-osce	RES0022	NUMERIC	or you could have a bacterial infection thats not covid really related at all or this could be an exacerbation of your copand maybe we need we need to just titrate your inhaler so well need to just run some lab work and do the pcr nasal swab as part of the work up an we will see what some of those investigations show oh geez ok ok its all in the meantime youll need to quarantine for 14 days and if the results are positive well after note notified public health so that the appropriate contact tracing can be made but well get the investigation started now ok thanks doc alright youre welcome		or you could have a bacterial infection that is not uh covid rel- related at all or this could be uh an exacerbation of your uh copd and maybe uh we ne we need to just titrate your inhaler so we will need to uh uh just run some lab work and do the pcr nasal swab uh as part of the workup and we will see what some of those investigations show okay so in the meantime uh needs to quarantine for 14 days uh and uh if the results are positive we will as to notify public health so that the appropriate contact tracing can be made but we will get investigation started now okay	1
figshare-osce	RES0023	NUMERIC	5 days	okay five		unalignable
figshare-osce	RES0023	NUMERIC	ok 5			unalignable
figshare-osce	RES0023	NEGATION_FLIP	havent	haven't		unalignable
figshare-osce	RES0023	NEGATION_FLIP	dont	don't		unalignable
figshare-osce	RES0023	NUMERIC	5	five		unalignable
figshare-osce	RES0023	NEGATION_FLIP	havent thats	haven't that's		unalignable
figshare-osce	RES0023	NUMERIC	5	five		unalignable
figshare-osce	RES0023	NUMERIC	10	ten		unalignable
figshare-osce	RES0023	NEGATION_FLIP	havent	haven't	haven'	1
figshare-osce	RES0023	NUMERIC	3	three		unalignable
figshare-osce	RES0023	NUMERIC	4	four		unalignable
figshare-osce	RES0023	NEGATION_FLIP	do	don't		unalignable
figshare-osce	RES0023	NEGATION_FLIP	not do you use cannabis or any other substances no i dont use anything like that ok ok well i think that just about covers the things that i wanted to ask you today so based on the symptoms youre experiencing it sounds like it could be some kind of infective process like maybe some kind of viral infection that were concerned about particularly this year id really like to get a swab done on you its not necessarily covid but it potentially could be so what were going to have to ask you to do is to self isolate you and your family for 14 days and hopefully will get the results back shortly and youll know whether your covitest is positive or not ok does that sound like a good plan to you yeah that sounds good ok well thanks for chatting with me we will get that swab done right away thank you		cannabis or any other substances you so based on the symptoms you are experiencing it sounds like it be some kind of uh infective process like may some kind of viral infection uh covid-19 is something that we are concerned about partul to get a swab done on you uh it is not necessarily covid but uh it potentially could be so uhm what we are going to have as you to do is to self isolate you and your family for 14 days and hopefully look get the results back shortly and you will know whether your covid test is posit or not thanks for chatting with me thank you	1
figshare-osce	RES0023	LATERALITY	not do you use cannabis or any other substances no i dont use anything like that ok ok well i think that just about covers the things that i wanted to ask you today so based on the symptoms youre experiencing it sounds like it could be some kind of infective process like maybe some kind of viral infection that were concerned about particularly this year id really like to get a swab done on you its not necessarily covid but it potentially could be so what were going to have to ask you to do is to self isolate you and your family for 14 days and hopefully will get the results back shortly and youll know whether your covitest is positive or not ok does that sound like a good plan to you yeah that sounds good ok well thanks for chatting with me we will get that swab done right away thank you		cannabis or any other substances you so based on the symptoms you are experiencing it sounds like it be some kind of uh infective process like may some kind of viral infection uh covid-19 is something that we are concerned about partul to get a swab done on you uh it is not necessarily covid but uh it potentially could be so uhm what we are going to have as you to do is to self isolate you and your family for 14 days and hopefully look get the results back shortly and you will know whether your covid test is posit or not thanks for chatting with me thank you	0
figshare-osce	RES0023	NUMERIC	not do you use cannabis or any other substances no i dont use anything like that ok ok well i think that just about covers the things that i wanted to ask you today so based on the symptoms youre experiencing it sounds like it could be some kind of infective process like maybe some kind of viral infection that were concerned about particularly this year id really like to get a swab done on you its not necessarily covid but it potentially could be so what were going to have to ask you to do is to self isolate you and your family for 14 days and hopefully will get the results back shortly and youll know whether your covitest is positive or not ok does that sound like a good plan to you yeah that sounds good ok well thanks for chatting with me we will get that swab done right away thank you		cannabis or any other substances you so based on the symptoms you are experiencing it sounds like it be some kind of uh infective process like may some kind of viral infection uh covid-19 is something that we are concerned about partul to get a swab done on you uh it is not necessarily covid but uh it potentially could be so uhm what we are going to have as you to do is to self isolate you and your family for 14 days and hopefully look get the results back shortly and you will know whether your covid test is posit or not thanks for chatting with me thank you	0
figshare-osce	RES0024	NEGATION_FLIP	dont	don't		unalignable
figshare-osce	RES0024	NEGATION_FLIP	cant i	can't like		unalignable
figshare-osce	RES0024	NEGATION_FLIP	cant	can't		unalignable
figshare-osce	RES0024	NEGATION_FLIP	cant	can't		unalignable
figshare-osce	RES0024	NEGATION_FLIP	didnt	didn't		unalignable
figshare-osce	RES0024	NEGATION_FLIP	isnt	isn't	is	1
figshare-osce	RES0024	NEGATION_FLIP	havent	haven't		unalignable
figshare-osce	RES0024	NEGATION_FLIP	havent	haven't		unalignable
figshare-osce	RES0024	NEGATION_FLIP	no	nope		unalignable
figshare-osce	RES0024	NEGATION_FLIP	no ok	nope okay		unalignable
figshare-osce	RES0024	NEGATION_FLIP	dont	don't		unalignable
figshare-osce	RES0024	NEGATION_FLIP	dont	don't		unalignable
figshare-osce	RES0024	NEGATION_FLIP	dont	don't		unalignable
figshare-osce	RES0024	NEGATION_FLIP	dont	don't		unalignable
figshare-osce	RES0024	NEGATION_FLIP	dont	don't		unalignable
figshare-osce	RES0024	NEGATION_FLIP	dont	don't		unalignable
figshare-osce	RES0024	NEGATION_FLIP	dont	don't		unalignable
figshare-osce	RES0024	NEGATION_FLIP	dont	don't		unalignable
figshare-osce	RES0024	NEGATION_FLIP	dont	don't		unalignable
figshare-osce	RES0024	NEGATION_FLIP	dont	don't		unalignable
figshare-osce	RES0024	NEGATION_FLIP	ok do you know breast cancer ovarian cancer no ok so that that was all i wanted to ask about on uh the history today was there anything else that i maybe forgot to ask about mmm i dont know thats it ok so uh yeah with uh the symptoms of losing your smell over the last day or so we will certainly look into whether or not this is caused by coviand so that will require a nasal swab test for that usually the results are coming back now within 48 hours hopefully but still will be required to self isolate now for the next 14 days after your symptoms are gone so we will let you know when the results come back from this test though ok ok geez ok thank you alright youre welcome		or ovarian cancer okay uhm so that that uh was i wanted to ask about on uh the history today was or anything else uh that i may be forgot to ask about ka uhm so uh yeah with uh the symptoms of uh losing hersmell over the last uh day or so we will certainly look into uh whether or not this is caused by uh covid and so uh that will require a nasal swab test for that uhm usually uh results are coming back now within 48 hours hopefully but uh still will require to self isolate now uh the next 14 days uh after your uh symptoms are are gone so uh we will let you know when the uh results come back from this test though come	1
figshare-osce	RES0024	NUMERIC	ok do you know breast cancer ovarian cancer no ok so that that was all i wanted to ask about on uh the history today was there anything else that i maybe forgot to ask about mmm i dont know thats it ok so uh yeah with uh the symptoms of losing your smell over the last day or so we will certainly look into whether or not this is caused by coviand so that will require a nasal swab test for that usually the results are coming back now within 48 hours hopefully but still will be required to self isolate now for the next 14 days after your symptoms are gone so we will let you know when the results come back from this test though ok ok geez ok thank you alright youre welcome		or ovarian cancer okay uhm so that that uh was i wanted to ask about on uh the history today was or anything else uh that i may be forgot to ask about ka uhm so uh yeah with uh the symptoms of uh losing hersmell over the last uh day or so we will certainly look into uh whether or not this is caused by uh covid and so uh that will require a nasal swab test for that uhm usually uh results are coming back now within 48 hours hopefully but uh still will require to self isolate now uh the next 14 days uh after your uh symptoms are are gone so uh we will let you know when the uh results come back from this test though come	1
figshare-osce	RES0025	NEGATION_FLIP	dont	don't		unalignable
figshare-osce	RES0025	NUMERIC	2	two		unalignable
figshare-osce	RES0025	NEGATION_FLIP	dont	don't		unalignable
figshare-osce	RES0025	NEGATION_FLIP	didnt	didn't		unalignable
figshare-osce	RES0025	NEGATION_FLIP	it like	don't know		unalignable
figshare-osce	RES0025	NEGATION_FLIP	it hasnt so	hasn't so it		unalignable
figshare-osce	RES0025	NEGATION_FLIP	hasnt	hasn't		unalignable
figshare-osce	RES0025	NEGATION_FLIP	havent	haven't		unalignable
figshare-osce	RES0025	NEGATION_FLIP	i	haven't		unalignable
figshare-osce	RES0025	NEGATION_FLIP	havent	haven't		unalignable
figshare-osce	RES0025	NEGATION_FLIP	wouldnt	wouldn't		unalignable
figshare-osce	RES0025	NEGATION_FLIP	havent	haven't		unalignable
figshare-osce	RES0025	NUMERIC	one	one's		unalignable
figshare-osce	RES0025	NEGATION_FLIP	havent	haven't	have'	1
figshare-osce	RES0025	NEGATION_FLIP	havent	haven't		unalignable
figshare-osce	RES0025	NUMERIC	covid19	covid-19	covid-19 thatuh	0
figshare-osce	RES0025	NEGATION_FLIP	cant	can't		unalignable
figshare-osce	RES0025	NEGATION_FLIP	dont	don't		unalignable
figshare-osce	RES0026	NEGATION_FLIP	doesnt	doesn't	not	0
figshare-osce	RES0026	NEGATION_FLIP	havent	haven't	not	0
figshare-osce	RES0026	NEGATION_FLIP	um	doesn't		unalignable
figshare-osce	RES0026	NEGATION_FLIP	havent	haven't		unalignable
figshare-osce	RES0026	NEGATION_FLIP	not			unalignable
figshare-osce	RES0026	NEGATION_FLIP	werent	weren't	were	1
figshare-osce	RES0026	NEGATION_FLIP	dont	don't		unalignable
figshare-osce	RES0026	NEGATION_FLIP	not		not	1
figshare-osce	RES0026	NEGATION_FLIP	doesnt	doesn't	not	0
figshare-osce	RES0026	NEGATION_FLIP	dont	don't	don'	1
figshare-osce	RES0027	NEGATION_FLIP	cant	can't		unalignable
figshare-osce	RES0027	NEGATION_FLIP	havent ok	haven't okay		unalignable
figshare-osce	RES0027	NEGATION_FLIP	dont	don't		unalignable
figshare-osce	RES0027	NEGATION_FLIP	cant	can't		unalignable
figshare-osce	RES0027	LATERALITY	ok um	okay right		unalignable
figshare-osce	RES0027	NEGATION_FLIP	mmmm	no		unalignable
figshare-osce	RES0027	NEGATION_FLIP	no alright	all right		unalignable
figshare-osce	RES0027	NEGATION_FLIP	no dizziness alright	dizziness all right		unalignable
figshare-osce	RES0027	NEGATION_FLIP	cant	can't		unalignable
figshare-osce	RES0027	NEGATION_FLIP	arent	aren't		unalignable
figshare-osce	RES0027	NEGATION_FLIP	dont	don't		unalignable
figshare-osce	RES0027	NEGATION_FLIP	dont	don't		unalignable
figshare-osce	RES0027	NEGATION_FLIP	no ok	nope okay		unalignable
figshare-osce	RES0027	NEGATION_FLIP	doesnt	doesn't		unalignable
figshare-osce	RES0027	NEGATION_FLIP	doesnt	doesn't		unalignable
figshare-osce	RES0027	NEGATION_FLIP	didnt	didn't		unalignable
figshare-osce	RES0027	NEGATION_FLIP	im considering after hearing about your symptoms of having this cough and fever and being tired these last few days especially with your husband being sick with nausea vomiting and not feeling well that being said it could be another type of viral illness or possibly a bacterial infection but certainly we will order some investigations some blood work a pcr nasal swab that will actually test for covias well as a chest x ray to start with um and we will wait for some of those results to come back ok yeah that sounds good alright so well get that started ok thank you		considering after hearing about your symptoms of having this cough and uh fever and being uh tired these last few days uh especially with uh your husbanding being sick with uh vomiting and not feeling well that being said it could be uh another type of viral illness or possibly uh a bacterial infection uh but uh certainly we will will order some investigations uh some blood work a pcr uh nasal swab that will actually test for covid uh as well as a uh chest x-ray to start with uh and uh we will wait for some of those results to come back alright so we will get that started	1
figshare-osce	RES0028	NUMERIC	zero	0	0	0
figshare-osce	RES0028	NUMERIC	zero	0	0	0
figshare-osce	RES0028	NUMERIC	six ok	6 okay	si si okay	0
figshare-osce	RES0028	NEGATION_FLIP	werent	weren't	weren'	1
figshare-osce	RES0028	NEGATION_FLIP	werent	weren't	uh	1
figshare-osce	RES0028	NEGATION_FLIP	didnt	didn't	not	0
figshare-osce	RES0028	NUMERIC	50s	fifties	say in her 50s but i	1
figshare-osce	RES0028	NEGATION_FLIP	dont	don't	not	0
figshare-osce	RES0028	NEGATION_FLIP	house apartment yeah i live in an apartment by myself ok and do you currently work yeah im in charge of um a retail store as a manager there ok and do drink sometimes on weekends or if im socializing with friends but not very often ok and do you use any recreational drugs like marijuana never ok and do you smoke yes i smoke about 2 packs of cigarettes per day and ive been smoking since i was 12 ok alright and in terms of your daily routine like do you get any exercise uh not really lifes a bit too busy and hectic right now right now unfortunately ok and how about your diet like what is your regular diet look like a lot of fast food i know i could work on that but again with the busy lifestyle we tend to eat a lot of fried foods and fatty foods i know i could do better ok great thank you		house apartment yeah i live uh in an apartment by myself oka and do currently work yeah i am in charge of uh a uh retail store as a manager there okay and do drink uh sometimes on weekends or if i am socializing with friends but not very often okay and do you use any recreational drugs like marijuana uh never okay and do you smoke uh yes i spoke uh about uh two packs of cigarettes per day uhu and i smoking since uh i was 12 okayr and in terms of your daily routine like i do get any exercise uh not really life a bit too busy andh had to hiick right right now unfortunately okay uh and how about your diet like with what is your regular diet look like u a lot of fast food i know i could work on that but uh again with the busy uh lifestyle we tend to eat a lot of fried foods and fatty foods i know i could do better okayk thank you	1
figshare-osce	RES0028	LATERALITY	house apartment yeah i live in an apartment by myself ok and do you currently work yeah im in charge of um a retail store as a manager there ok and do drink sometimes on weekends or if im socializing with friends but not very often ok and do you use any recreational drugs like marijuana never ok and do you smoke yes i smoke about 2 packs of cigarettes per day and ive been smoking since i was 12 ok alright and in terms of your daily routine like do you get any exercise uh not really lifes a bit too busy and hectic right now right now unfortunately ok and how about your diet like what is your regular diet look like a lot of fast food i know i could work on that but again with the busy lifestyle we tend to eat a lot of fried foods and fatty foods i know i could do better ok great thank you		house apartment yeah i live uh in an apartment by myself oka and do currently work yeah i am in charge of uh a uh retail store as a manager there okay and do drink uh sometimes on weekends or if i am socializing with friends but not very often okay and do you use any recreational drugs like marijuana uh never okay and do you smoke uh yes i spoke uh about uh two packs of cigarettes per day uhu and i smoking since uh i was 12 okayr and in terms of your daily routine like i do get any exercise uh not really life a bit too busy andh had to hiick right right now unfortunately okay uh and how about your diet like with what is your regular diet look like u a lot of fast food i know i could work on that but uh again with the busy uh lifestyle we tend to eat a lot of fried foods and fatty foods i know i could do better okayk thank you	1
figshare-osce	RES0028	NUMERIC	house apartment yeah i live in an apartment by myself ok and do you currently work yeah im in charge of um a retail store as a manager there ok and do drink sometimes on weekends or if im socializing with friends but not very often ok and do you use any recreational drugs like marijuana never ok and do you smoke yes i smoke about 2 packs of cigarettes per day and ive been smoking since i was 12 ok alright and in terms of your daily routine like do you get any exercise uh not really lifes a bit too busy and hectic right now right now unfortunately ok and how about your diet like what is your regular diet look like a lot of fast food i know i could work on that but again with the busy lifestyle we tend to eat a lot of fried foods and fatty foods i know i could do better ok great thank you		house apartment yeah i live uh in an apartment by myself oka and do currently work yeah i am in charge of uh a uh retail store as a manager there okay and do drink uh sometimes on weekends or if i am socializing with friends but not very often okay and do you use any recreational drugs like marijuana uh never okay and do you smoke uh yes i spoke uh about uh two packs of cigarettes per day uhu and i smoking since uh i was 12 okayr and in terms of your daily routine like i do get any exercise uh not really life a bit too busy andh had to hiick right right now unfortunately okay uh and how about your diet like with what is your regular diet look like u a lot of fast food i know i could work on that but uh again with the busy uh lifestyle we tend to eat a lot of fried foods and fatty foods i know i could do better okayk thank you	0
figshare-osce	RES0029	NUMERIC	2	two	two	0
figshare-osce	RES0029	NEGATION_FLIP	cant	can't	cant catch my	1
figshare-osce	RES0029	NEGATION_FLIP	no	i've		unalignable
figshare-osce	RES0029	NEGATION_FLIP	no ok	nope okay		unalignable
figshare-osce	RES0029	NEGATION_FLIP	no	nope		unalignable
figshare-osce	RES0029	NEGATION_FLIP	no		pretty healthy recently no no cough or no	1
figshare-osce	RES0029	NUMERIC	3	three	aroundu three	0
figshare-osce	RES0029	NEGATION_FLIP	nothing		hay fever but nothing nothing else i have like a lot of allergies any allergies to medications	1
figshare-osce	RES0029	NEGATION_FLIP	so im doing fairly well ok and do you smoke i smoke around like id say 2 and a half to 3 packs per day i know its yeah i have tried quitting before but i would say ive been smoking since i was 18 ok and do you smoke marijuana no no no marijuana no other drugs ok and do you drink alcohol yeah its just like sometimes on the weekend ill just have a beer or two while watching the game but not nothing regular ok thank you		apart k fairly well okay and do you smoke u i smok around like say two- a half to three packs per day i know yeahk i tried quitting before butunible have been smoking since i was 18 okay and do smoke marijuana no no no marijuana no other drugs okay and do drink alcohol uh yeah just like sometimes on the weekend i would just have a beer or two while watching the game but not not nothing regular okay thank you	1
figshare-osce	RES0029	NUMERIC	so im doing fairly well ok and do you smoke i smoke around like id say 2 and a half to 3 packs per day i know its yeah i have tried quitting before but i would say ive been smoking since i was 18 ok and do you smoke marijuana no no no marijuana no other drugs ok and do you drink alcohol yeah its just like sometimes on the weekend ill just have a beer or two while watching the game but not nothing regular ok thank you		apart k fairly well okay and do you smoke u i smok around like say two- a half to three packs per day i know yeahk i tried quitting before butunible have been smoking since i was 18 okay and do smoke marijuana no no no marijuana no other drugs okay and do drink alcohol uh yeah just like sometimes on the weekend i would just have a beer or two while watching the game but not not nothing regular okay thank you	0
figshare-osce	RES0030	NEGATION_FLIP	cant	can't	can't	0
figshare-osce	RES0030	NEGATION_FLIP	havent	haven't	any way okay uh	1
figshare-osce	RES0030	NEGATION_FLIP	havent	haven't	not	0
figshare-osce	RES0030	NUMERIC	5	five	five	0
figshare-osce	RES0030	NEGATION_FLIP	wasnt	wasn't	wasn't	0
figshare-osce	RES0030	NEGATION_FLIP	havent	haven't	haven't	0
figshare-osce	RES0030	NEGATION_FLIP	doesnt	doesn't	doesn't	0
figshare-osce	RES0030	NEGATION_FLIP	dont	don't	don't	0
figshare-osce	RES0030	NEGATION_FLIP	know	no	no	0
figshare-osce	RES0030	NEGATION_FLIP	nothing	that	what	0
figshare-osce	RES0030	NUMERIC	78	eight	cardiovascular issues or any cancers uh my father had a heart attack when he was 78 and	1
figshare-osce	RES0030	NEGATION_FLIP	dont	don't	don't	0
figshare-osce	RES0030	NEGATION_FLIP	um	no	no	0
figshare-osce	RES0030	NUMERIC	5	five		unalignable
figshare-osce	RES0030	NUMERIC	6	six	six	0
figshare-osce	RES0030	NUMERIC	40	forty	nearly 40 years	1
figshare-osce	RES0031	NEGATION_FLIP	havent	haven't		unalignable
figshare-osce	RES0031	NEGATION_FLIP	nothing	nothing's	nothing really	1
figshare-osce	RES0031	NEGATION_FLIP	wasnt	wasn't	not	0
figshare-osce	RES0031	NEGATION_FLIP	i	didn't	i i	1
figshare-osce	RES0031	NEGATION_FLIP	i	don't	don not't	1
figshare-osce	RES0031	NEGATION_FLIP	havent	haven't	have'	1
figshare-osce	RES0031	NEGATION_FLIP	didnt	didn't	nott	1
figshare-osce	RES0031	NEGATION_FLIP	havent	haven't	haven't	0
figshare-osce	RES0031	NEGATION_FLIP	dont	don't	not	0
figshare-osce	RES0031	NUMERIC	150	fifteen	around 150 and that	1
figshare-osce	RES0031	NEGATION_FLIP	hasnt	hasn't	not	0
figshare-osce	RES0031	NEGATION_FLIP	didnt	didn't	not	0
figshare-osce	RES0031	NEGATION_FLIP	didnt	didn't	nott	1
figshare-osce	RES0031	NEGATION_FLIP	didnt	didn't		unalignable
figshare-osce	RES0031	NEGATION_FLIP	know	no	not that i know	0
figshare-osce	RES0031	NEGATION_FLIP	havent	haven't		unalignable
figshare-osce	RES0031	NEGATION_FLIP	havent	haven't	in't notic	1
figshare-osce	RES0031	NEGATION_FLIP	dont	don't	don't	0
figshare-osce	RES0031	NEGATION_FLIP	dont	don't	don'	1
figshare-osce	RES0031	NUMERIC	2	two	two	0
figshare-osce	RES0031	NEGATION_FLIP	dont	don't	don't	0
figshare-osce	RES0031	NUMERIC	2	two	two	0
figshare-osce	RES0031	NEGATION_FLIP	i	don't	but throughout the week i i	1
figshare-osce	RES0032	NEGATION_FLIP	wanted me to	why i didn't		unalignable
figshare-osce	RES0032	NUMERIC	4th	fourth	fourth	0
figshare-osce	RES0032	NEGATION_FLIP	havent	haven't	not	0
figshare-osce	RES0032	NEGATION_FLIP	havent	haven't	try	1
figshare-osce	RES0032	NEGATION_FLIP	cant	can't	can't	0
figshare-osce	RES0032	NEGATION_FLIP	dont	don't	i do not	0
figshare-osce	RES0032	NEGATION_FLIP	dont	don't	uh in't	1
figshare-osce	RES0032	NEGATION_FLIP	and any surgeries in the past no surgeries and have you been in contact with anyone who is ill i know you mentioned in the philippines you were exposed to some people with tb but anything since then not that i can think everybodys been healthy ok and and in your family has there been any history of any cancers or heart attacks any any medical conditions no heart attacks but uh my father died of lung cancer when he was 67 and currently do you live in an apartment building is there anyone you live with yeah i live with my girlfriend in an apartment ok and do you work currently yeah ive been doing some housing work in the philippines the last seven several years ok and do you currently drink uh no i dont drink alcohol any recreational drugs like marijuana no uh any and you smoke cigarettes at all yes i i do smoke cigarettes i ive smoked most of my life similar to my my father probably 1 to 2 packs per day		any hospitalization in the past no and any surgeries in the past no surgeries and have you been in contact with anyone uh who was ill i could know you mentioned in uh filipins you were exposed to some people with tb but anything since then uhellig uh and in your family has there been uh any history of any cancers or heart attacks uh any any medical conditions uh no heart attacks but uh by my fatherh died of lung cancer uh when he was 67 and currently uh do uh live in an apartment building anyone you live with yeah i live uh with my girlfriend u in an apartmentkay and you work uh yea i have been doing uh some a uh uh housing work in the dicility in the last seven several years and do currently drink uh no i don't drink alcohol m cigarettes yes i i do smoke cigarettes i have smoked most of my life similar to my my father uh probably one to two packs per day	1
figshare-osce	RES0032	NUMERIC	and any surgeries in the past no surgeries and have you been in contact with anyone who is ill i know you mentioned in the philippines you were exposed to some people with tb but anything since then not that i can think everybodys been healthy ok and and in your family has there been any history of any cancers or heart attacks any any medical conditions no heart attacks but uh my father died of lung cancer when he was 67 and currently do you live in an apartment building is there anyone you live with yeah i live with my girlfriend in an apartment ok and do you work currently yeah ive been doing some housing work in the philippines the last seven several years ok and do you currently drink uh no i dont drink alcohol any recreational drugs like marijuana no uh any and you smoke cigarettes at all yes i i do smoke cigarettes i ive smoked most of my life similar to my my father probably 1 to 2 packs per day		any hospitalization in the past no and any surgeries in the past no surgeries and have you been in contact with anyone uh who was ill i could know you mentioned in uh filipins you were exposed to some people with tb but anything since then uhellig uh and in your family has there been uh any history of any cancers or heart attacks uh any any medical conditions uh no heart attacks but uh by my fatherh died of lung cancer uh when he was 67 and currently uh do uh live in an apartment building anyone you live with yeah i live uh with my girlfriend u in an apartmentkay and you work uh yea i have been doing uh some a uh uh housing work in the dicility in the last seven several years and do currently drink uh no i don't drink alcohol m cigarettes yes i i do smoke cigarettes i have smoked most of my life similar to my my father uh probably one to two packs per day	0
figshare-osce	RES0033	NEGATION_FLIP	no	okay	kay	0
figshare-osce	RES0033	NEGATION_FLIP	mean	haven't	didn't	0
figshare-osce	RES0033	NEGATION_FLIP	i	didn't	really i i	1
figshare-osce	RES0033	NEGATION_FLIP	havent	haven't		unalignable
figshare-osce	RES0033	NEGATION_FLIP	cant	can't	can't	0
figshare-osce	RES0033	NEGATION_FLIP	no	gonna	no no nausea or vomiting	1
figshare-osce	RES0033	NEGATION_FLIP	didnt	didn't	didn't	0
figshare-osce	RES0033	NEGATION_FLIP	didnt	didn't	didn't	0
figshare-osce	RES0033	NEGATION_FLIP	dont	don't	don't	0
figshare-osce	RES0033	NEGATION_FLIP	peeing alright no issues there ok	already know what you say okay	p alright no issues there okay uh	1
figshare-osce	RES0033	NEGATION_FLIP	dont	don't	don't	0
figshare-osce	RES0033	NEGATION_FLIP	dont	don't	don't	0
figshare-osce	RES0033	NEGATION_FLIP	dont	don't	don't	0
figshare-osce	RES0033	NEGATION_FLIP	ive been	no i've	uh i	1
figshare-osce	RES0033	NEGATION_FLIP	dont	don't	not	0
figshare-osce	RES0033	NEGATION_FLIP	nothing		but yeah nothing nothing else that i know	1
figshare-osce	RES0033	NEGATION_FLIP	alcohol uh not often like just when im at like parties and like when i was at school just maybe sometimes on the weekends but nothing regularly ok um and have you tried any other drugs besides marijuana um just just marijuana i i try sometimes at parties but nothing like regular uh other than that like just sometimes ive been offered like some pills at parties but other than that nothing else so it sounds occasional ok nothing like it im not addicted or anything to any drugs ok do you smoke cigarettes i dont smoke cigarettes but i do have marijuana once or twice in a week ok and and uh can you tell me a little bit about your diet and exercise i feel like im fairly active even though like i cough when im exercising i still play soccer with my friends and on a team other than that i like to go biking um yeah i feel like im still pretty active but it is getting more difficult with my cough other than that my diet has been pretty pretty good like at home especially im getting three meals a day and having a balanced diet so yeah i feel im doing well there ok great		alcohol uh not often like just uh when i am at like parties and like when i was at school uh just maybe some sometimes on the weekends but nothing regularly okay uh and uh have you tried uh any other drugs uh besides marijuana uhm just just marijuana i uhuh i tri sometimes at parties but nothing like regular uh i other than that like just sometimes i uh been offered like some pills at parties but other than that nothing else okay uh so it sounds occasional uh okay nothing i am not addicted or anything to any drugs okay do smoke cigarettes uh i don't smoke cigarettes uh but i do have marijuana once or twice a week okay uhm and i can you tell me a little bit about your diet and exercise uh sory i feel like i am fairly active uh even though i cf when i am exercising i i still play sofer uh with my friend and noteam uhm other than that i i would like to go biking uhm yes i feel like i am still pretty active but it is getting more difficult as with my calls uh other than that my diet has been pretty pretty good like at home especially i am getting uh threeals a day having a balanced diet soo yeah i feel i am doing well there okay great	1
figshare-osce	RES0033	NUMERIC	alcohol uh not often like just when im at like parties and like when i was at school just maybe sometimes on the weekends but nothing regularly ok um and have you tried any other drugs besides marijuana um just just marijuana i i try sometimes at parties but nothing like regular uh other than that like just sometimes ive been offered like some pills at parties but other than that nothing else so it sounds occasional ok nothing like it im not addicted or anything to any drugs ok do you smoke cigarettes i dont smoke cigarettes but i do have marijuana once or twice in a week ok and and uh can you tell me a little bit about your diet and exercise i feel like im fairly active even though like i cough when im exercising i still play soccer with my friends and on a team other than that i like to go biking um yeah i feel like im still pretty active but it is getting more difficult with my cough other than that my diet has been pretty pretty good like at home especially im getting three meals a day and having a balanced diet so yeah i feel im doing well there ok great		alcohol uh not often like just uh when i am at like parties and like when i was at school uh just maybe some sometimes on the weekends but nothing regularly okay uh and uh have you tried uh any other drugs uh besides marijuana uhm just just marijuana i uhuh i tri sometimes at parties but nothing like regular uh i other than that like just sometimes i uh been offered like some pills at parties but other than that nothing else okay uh so it sounds occasional uh okay nothing i am not addicted or anything to any drugs okay do smoke cigarettes uh i don't smoke cigarettes uh but i do have marijuana once or twice a week okay uhm and i can you tell me a little bit about your diet and exercise uh sory i feel like i am fairly active uh even though i cf when i am exercising i i still play sofer uh with my friend and noteam uhm other than that i i would like to go biking uhm yes i feel like i am still pretty active but it is getting more difficult as with my calls uh other than that my diet has been pretty pretty good like at home especially i am getting uh threeals a day having a balanced diet soo yeah i feel i am doing well there okay great	0
figshare-osce	RES0034	NEGATION_FLIP	have	haven't	they have been going on for the last three and a half to four days	1
figshare-osce	RES0034	NEGATION_FLIP	hasnt	hasn't	not	0
figshare-osce	RES0034	NEGATION_FLIP	hasnt	hasn't	not	0
figshare-osce	RES0034	NEGATION_FLIP	wasnt	wasn't	was not	0
figshare-osce	RES0034	NEGATION_FLIP	didnt	didn't	nott	1
figshare-osce	RES0034	NEGATION_FLIP	dont	don't	don't	0
figshare-osce	RES0034	NUMERIC	45	five	uh	0
figshare-osce	RES0034	NEGATION_FLIP	didnt	didn't	not	0
figshare-osce	RES0034	NEGATION_FLIP	didnt	didn't	i did	1
figshare-osce	RES0034	NEGATION_FLIP	didnt	didn't	didn't	0
figshare-osce	RES0034	NEGATION_FLIP	doesnt	doesn't	didn'	1
figshare-osce	RES0034	NEGATION_FLIP	no		any discharge from either eye uh no how about any discharge from	1
figshare-osce	RES0034	NEGATION_FLIP	no	nope	noticed no	1
figshare-osce	RES0034	NEGATION_FLIP	no		any rashes uh no i	1
figshare-osce	RES0034	NEGATION_FLIP	didnt	didn't	no no	0
figshare-osce	RES0034	NEGATION_FLIP	not		no no	1
figshare-osce	RES0034	NEGATION_FLIP	no ok	nope okay	like new rashes no okay	1
figshare-osce	RES0034	NEGATION_FLIP	i	couldn't	could not	0
figshare-osce	RES0034	NEGATION_FLIP	didnt	didn't	didn't	0
figshare-osce	RES0034	NEGATION_FLIP	dont	don't	don't	0
figshare-osce	RES0034	NEGATION_FLIP	havent	haven't	in notice	1
figshare-osce	RES0034	NEGATION_FLIP	hasnt	hasn't	hasn'th	1
figshare-osce	RES0034	NEGATION_FLIP	i	don't	impressions over the ribs uh no i i	0
figshare-osce	RES0034	NEGATION_FLIP	uh no	nope okay	around her lips or mouth uh no	1
figshare-osce	RES0034	NEGATION_FLIP	hasnt	hasn't	hasn't	0
figshare-osce	RES0034	NEGATION_FLIP	no ok	nope okay	noticed no okay uh	1
figshare-osce	RES0034	NUMERIC	5 ok	five okay	five okayuh	0
figshare-osce	RES0034	NEGATION_FLIP	no	nope	no just the light treatment but other than that nothing	1
figshare-osce	RES0034	NEGATION_FLIP	didnt	didn't	didn' relya	1
figshare-osce	RES0034	NEGATION_FLIP	didnt	didn't	did	1
figshare-osce	RES0035	NUMERIC	about	eight	eight	0
figshare-osce	RES0035	NUMERIC	8			unalignable
figshare-osce	RES0035	NUMERIC	8	eight	unintelligible	0
figshare-osce	RES0035	NEGATION_FLIP	no ok	so uh		unalignable
figshare-osce	RES0035	NUMERIC	200	hundred		unalignable
figshare-osce	RES0035	NEGATION_FLIP	doesnt its	doesn't it's		unalignable
figshare-osce	RES0035	NUMERIC	2	two		unalignable
figshare-osce	RES0035	NUMERIC	3	three	go three	0
figshare-osce	RES0036	NEGATION_FLIP	dont	don't	do't	1
figshare-osce	RES0036	NEGATION_FLIP	havent	haven't	haven'	1
figshare-osce	RES0036	NEGATION_FLIP	wouldnt	wouldn't	wn't	1
figshare-osce	RES0036	NEGATION_FLIP	it	doesn't	is it worse in the morning or at night it it	1
figshare-osce	RES0036	NEGATION_FLIP	dont	don't	don't	0
figshare-osce	RES0036	NUMERIC	1	one	one	0
figshare-osce	RES0036	NUMERIC	10	ten	felt in your life and 10 being the	1
figshare-osce	RES0036	NUMERIC	a 7	seven okay		unalignable
figshare-osce	RES0036	NUMERIC	spread to	of two	re two	0
figshare-osce	RES0036	NEGATION_FLIP	dont know	don't think	don' know if	1
figshare-osce	RES0036	NEGATION_FLIP	havent	haven't		unalignable
figshare-osce	RES0036	NUMERIC	5	five	about5 mg okay	0
figshare-osce	RES0036	NUMERIC	5	five	fiveks oka uh	0
figshare-osce	RES0036	NUMERIC	3	three	three	0
figshare-osce	RES0037	NEGATION_FLIP	dont	don't	say okay uh in	1
figshare-osce	RES0037	NEGATION_FLIP	didnt	didn't	did	1
figshare-osce	RES0037	NEGATION_FLIP	not			unalignable
figshare-osce	RES0037	NEGATION_FLIP	they	didn't	when i got back and they they	1
figshare-osce	RES0037	NEGATION_FLIP	any	neither	other	1
figshare-osce	RES0037	NEGATION_FLIP	no	okay	okay	0
figshare-osce	RES0037	NEGATION_FLIP	no ok	nope okay	have you experienced any kind of dizziness or fainting spells no okay i	1
figshare-osce	RES0037	NEGATION_FLIP	havent	haven't	have	1
figshare-osce	RES0037	NEGATION_FLIP	for me or any questions or concerns um not right now ok so well be doing some investigations since you recently traveled to india we need to make sure that you dont have tuberculosis as thats prevalent in some parts of india so we will do some we might get like a chest xray for that you may have a pneumonia as well and then well go from there does that sound good yeah for sure ok alright well yeah well after those tests have come back well see you in the next appointment for follow up thank you youre welcome		for me or any questions or concerns uh no right now okay so we will be doing some investigations uh since he recently traveled to india we need to make sure that you don't have uh tuberculosis as that is prevalent in some parts of ia uhm so we will do some uh we might get like a chest x-ray for that she may have uh pneumonia as well uhm and then we will go from there thats on good yah for sure okay r we willu uh uhuh after those tests have come back we will see you in the next appointment for followup uh thank you o	1
figshare-osce	RES0037	LATERALITY	for me or any questions or concerns um not right now ok so well be doing some investigations since you recently traveled to india we need to make sure that you dont have tuberculosis as thats prevalent in some parts of india so we will do some we might get like a chest xray for that you may have a pneumonia as well and then well go from there does that sound good yeah for sure ok alright well yeah well after those tests have come back well see you in the next appointment for follow up thank you youre welcome		for me or any questions or concerns uh no right now okay so we will be doing some investigations uh since he recently traveled to india we need to make sure that you don't have uh tuberculosis as that is prevalent in some parts of ia uhm so we will do some uh we might get like a chest x-ray for that she may have uh pneumonia as well uhm and then we will go from there thats on good yah for sure okay r we willu uh uhuh after those tests have come back we will see you in the next appointment for followup uh thank you o	1
figshare-osce	RES0038	NEGATION_FLIP	dont	don't	uh maybe uh	1
figshare-osce	RES0038	NEGATION_FLIP	are	aren't		unalignable
figshare-osce	RES0038	NEGATION_FLIP	couldnt	couldn't	have see	1
figshare-osce	RES0038	NEGATION_FLIP	havent	haven't	not	0
figshare-osce	RES0038	NEGATION_FLIP	no	nope	any changes in your appetite no	1
figshare-osce	RES0038	NEGATION_FLIP	havent ok	haven't okay	have it	1
figshare-osce	RES0038	NEGATION_FLIP	dont	don't	don't	0
figshare-osce	RES0038	NEGATION_FLIP	dont	don't	don't	0
figshare-osce	RES0038	NEGATION_FLIP	dont	don't	don't	0
figshare-osce	RES0038	NEGATION_FLIP	dont	don't	don't	0
figshare-osce	RES0039	LATERALITY	read	right		unalignable
figshare-osce	RES0039	NEGATION_FLIP	dont	don't		unalignable
figshare-osce	RES0039	NEGATION_FLIP	dont	don't	not	0
figshare-osce	RES0039	NEGATION_FLIP	notnothing	nothing	nothing	0
figshare-osce	RES0039	NEGATION_FLIP	doesnt	doesn't	not	0
figshare-osce	RES0039	NEGATION_FLIP	havent	haven't	not	0
figshare-osce	RES0039	NEGATION_FLIP	havent	haven't		unalignable
figshare-osce	RES0039	NEGATION_FLIP	no ok	nope okay	limbs at all no okay	1
figshare-osce	RES0039	NEGATION_FLIP	uh no		smell uh no nothing like	1
figshare-osce	RES0039	NEGATION_FLIP	havent	haven't	not	0
figshare-osce	RES0039	NUMERIC	15	fifteen	down like 15 pounds since the	1
figshare-osce	RES0039	NEGATION_FLIP	wasnt	wasn't	maybe wasn nott	1
figshare-osce	RES0039	NEGATION_FLIP	wasnt	wasn't	wasn'	1
figshare-osce	RES0039	NEGATION_FLIP	no		has had diabetes for quite some time but no no lung problems	1
figshare-osce	RES0039	NEGATION_FLIP	well	not	uh	1
figshare-osce	RES0039	NEGATION_FLIP	dont	don't	don't	0
figshare-osce	RES0042	NUMERIC	3	three	three days i have	0
figshare-osce	RES0042	NEGATION_FLIP	i	don't	been coughing its i i	1
figshare-osce	RES0042	NEGATION_FLIP	wont	won't	won't	0
figshare-osce	RES0042	NUMERIC	temp in	tenth and	today i took my temp and	1
figshare-osce	RES0042	NUMERIC	9	knowing		unalignable
figshare-osce	RES0042	NEGATION_FLIP	didnt	didn't	didn't	0
figshare-osce	RES0042	NUMERIC	3	three		unalignable
figshare-osce	RES0042	NUMERIC	3	okay		unalignable
figshare-osce	RES0042	NEGATION_FLIP	didnt	didn't		unalignable
figshare-osce	RES0042	NUMERIC	temp	tenth	thising uhka	1
figshare-osce	RES0042	NEGATION_FLIP	cant	can't		unalignable
figshare-osce	RES0042	NEGATION_FLIP	no no		n orkin	0
figshare-osce	RES0042	NEGATION_FLIP	weight loss	uh no		unalignable
figshare-osce	RES0042	NEGATION_FLIP	nothing	think		unalignable
figshare-osce	RES0042	NEGATION_FLIP	no	mash		unalignable
figshare-osce	RES0042	NEGATION_FLIP	dont	don't	do' real	1
figshare-osce	RES0042	NEGATION_FLIP	didnt	didn't	it didn't	0
figshare-osce	RES0042	NEGATION_FLIP	couldnt	couldn't	couldn't	0
figshare-osce	RES0042	NEGATION_FLIP	wasnt	wasn't	wasn't	0
figshare-osce	RES0042	NEGATION_FLIP	dont	don't		unalignable
figshare-osce	RES0042	NEGATION_FLIP	havent	haven't	have say okayu a	1
figshare-osce	RES0042	NEGATION_FLIP	but not	okay sure	uh	0
figshare-osce	RES0042	NEGATION_FLIP	dont	don't		unalignable
figshare-osce	RES0042	NEGATION_FLIP	well get you tested for that and well get you a swab and you should have the results of the that swab in about 24 to 48 hours and then you should isolate for 14 days regardless though because your symptoms do overlap with symptoms of coviand and that includes isolating from your your children as well oh ok and yeah and if its not coviit could be another viral illness thats going around at this time of year just so just make sure youre staying hydrated youre eating nutritious foods and getting good sleep if your symptoms do become worse and if they become uhm severe like you have a really high temperature you have trouble breathing or you have any neurological symptoms like seizures or fainting spells please do go to the er and seek help how does that sound ah yeah i guess that sounds good this is how its gotta be right yeah unfortunately or yeah well thank you again no thank you have a good day you too		so we will get you tested for thate will get you swab and you should have the results of the that swab in about 24 to 48 hours and you should uh isolate for 14 days regardless though because uh your symptoms do overlot with symptoms of covid uh and that includes isolating from uh your your children as well and yeah uh and if it is not covid it could be another viral illness that is going around at this time of year just so just make sure you are staying hydrated you are eating nutritionious foods and getting good sleep if your symptoms do become worse and if they become uh severe like you have a really high temperature you you have trouble breathing uh or you have any neurological symptoms like seizures or fainting spells uh se do go to the er and seek help how thatsound than you again	1
figshare-osce	RES0042	LATERALITY	well get you tested for that and well get you a swab and you should have the results of the that swab in about 24 to 48 hours and then you should isolate for 14 days regardless though because your symptoms do overlap with symptoms of coviand and that includes isolating from your your children as well oh ok and yeah and if its not coviit could be another viral illness thats going around at this time of year just so just make sure youre staying hydrated youre eating nutritious foods and getting good sleep if your symptoms do become worse and if they become uhm severe like you have a really high temperature you have trouble breathing or you have any neurological symptoms like seizures or fainting spells please do go to the er and seek help how does that sound ah yeah i guess that sounds good this is how its gotta be right yeah unfortunately or yeah well thank you again no thank you have a good day you too		so we will get you tested for thate will get you swab and you should have the results of the that swab in about 24 to 48 hours and you should uh isolate for 14 days regardless though because uh your symptoms do overlot with symptoms of covid uh and that includes isolating from uh your your children as well and yeah uh and if it is not covid it could be another viral illness that is going around at this time of year just so just make sure you are staying hydrated you are eating nutritionious foods and getting good sleep if your symptoms do become worse and if they become uh severe like you have a really high temperature you you have trouble breathing uh or you have any neurological symptoms like seizures or fainting spells uh se do go to the er and seek help how thatsound than you again	0
figshare-osce	RES0042	NUMERIC	well get you tested for that and well get you a swab and you should have the results of the that swab in about 24 to 48 hours and then you should isolate for 14 days regardless though because your symptoms do overlap with symptoms of coviand and that includes isolating from your your children as well oh ok and yeah and if its not coviit could be another viral illness thats going around at this time of year just so just make sure youre staying hydrated youre eating nutritious foods and getting good sleep if your symptoms do become worse and if they become uhm severe like you have a really high temperature you have trouble breathing or you have any neurological symptoms like seizures or fainting spells please do go to the er and seek help how does that sound ah yeah i guess that sounds good this is how its gotta be right yeah unfortunately or yeah well thank you again no thank you have a good day you too		so we will get you tested for thate will get you swab and you should have the results of the that swab in about 24 to 48 hours and you should uh isolate for 14 days regardless though because uh your symptoms do overlot with symptoms of covid uh and that includes isolating from uh your your children as well and yeah uh and if it is not covid it could be another viral illness that is going around at this time of year just so just make sure you are staying hydrated you are eating nutritionious foods and getting good sleep if your symptoms do become worse and if they become uh severe like you have a really high temperature you you have trouble breathing uh or you have any neurological symptoms like seizures or fainting spells uh se do go to the er and seek help how thatsound than you again	1
figshare-osce	RES0043	NEGATION_FLIP	dont	don't		unalignable
figshare-osce	RES0043	NUMERIC	1001	1	if	0
figshare-osce	RES0043	NUMERIC	5		five	0
figshare-osce	RES0043	NUMERIC	3		three	0
figshare-osce	RES0043	NEGATION_FLIP	havent	haven't		unalignable
figshare-osce	RES0043	NEGATION_FLIP	no			unalignable
figshare-osce	RES0043	NEGATION_FLIP	dont	don't		unalignable
figshare-osce	RES0043	NEGATION_FLIP	hasnt	hasn't		unalignable
figshare-osce	RES0043	NEGATION_FLIP	havent	haven't	haven't	0
figshare-osce	RES0043	NEGATION_FLIP	havent	haven't	haven'tintellig	1
figshare-osce	RES0043	NEGATION_FLIP	dont	don't		unalignable
figshare-osce	RES0043	NEGATION_FLIP	dont	don't		unalignable
figshare-osce	RES0043	NEGATION_FLIP	dont	don't		unalignable
figshare-osce	RES0043	NEGATION_FLIP	doesnt	doesn't		unalignable
figshare-osce	RES0043	NEGATION_FLIP	wasnt	wasn't		unalignable
figshare-osce	RES0043	NEGATION_FLIP	havent	haven't		unalignable
figshare-osce	RES0043	NEGATION_FLIP	dont	don't		unalignable
figshare-osce	RES0043	NEGATION_FLIP	and	no	and	1
figshare-osce	RES0043	NEGATION_FLIP	hasnt like	hasn't decided		unalignable
figshare-osce	RES0043	NEGATION_FLIP	hasnt	hasn't		unalignable
figshare-osce	RES0043	NEGATION_FLIP	dont	don't		unalignable
figshare-osce	RES0043	NEGATION_FLIP	hasnt	hasn't		unalignable
figshare-osce	RES0043	NEGATION_FLIP	not			unalignable
figshare-osce	RES0043	NEGATION_FLIP	havent	haven't		unalignable
figshare-osce	RES0043	NEGATION_FLIP	dont	don't		unalignable
figshare-osce	RES0043	NEGATION_FLIP	dont	don't		unalignable
figshare-osce	RES0043	LATERALITY	sorry	right	sorhead unintellibleun	1
figshare-osce	RES0043	NEGATION_FLIP	it	doesn't	doesn't	0
figshare-osce	RES0043	LATERALITY	was just the cough or if he was just short of breath or something like that and he didnt have the fever we would add everythings like asthma to the list of things he could be worked up for but right now it sounds like a it sounds like an infection ok yeah thats good to know alright sounds great have a good day you too thanks		justst the cough or if he was just short of breath or something like that and he did not have the fever we would add everythings like asthma uh to the list of things he could be worked up for but uh right now it it sounds like it sounds like an infection unintelligible aalright sounds great have a good day	1
figshare-osce	RES0044	NUMERIC	2	two		unalignable
figshare-osce	RES0044	NEGATION_FLIP	no			unalignable
figshare-osce	RES0044	NEGATION_FLIP	dont	don't		unalignable
figshare-osce	RES0044	NEGATION_FLIP	dont	don't	don't	0
figshare-osce	RES0044	NEGATION_FLIP	i	didn't	feel better i i	1
figshare-osce	RES0044	NEGATION_FLIP	dont	don't	don't anyth	0
figshare-osce	RES0044	NEGATION_FLIP	dont	don't	don't	0
figshare-osce	RES0044	NEGATION_FLIP	dont	don't	that don't enough	0
figshare-osce	RES0044	NEGATION_FLIP	dont	don't		unalignable
figshare-osce	RES0044	NEGATION_FLIP	dont	don't	don't uhm	0
figshare-osce	RES0044	NEGATION_FLIP	dont	don't	don't	0
figshare-osce	RES0044	NEGATION_FLIP	dont	don't	don't	0
figshare-osce	RES0044	NEGATION_FLIP	dont	don't	don't	0
figshare-osce	RES0044	NEGATION_FLIP	dont	don't	don't	0
figshare-osce	RES0044	NEGATION_FLIP	dont	don't	gon't	1
figshare-osce	RES0044	NEGATION_FLIP	dont	don't	don't	0
figshare-osce	RES0044	NEGATION_FLIP	no			unalignable
figshare-osce	RES0044	NEGATION_FLIP	dont i	don't faint		unalignable
figshare-osce	RES0044	NEGATION_FLIP	dont	don't	h change toelbit uh	1
figshare-osce	RES0044	NEGATION_FLIP	no ok	oh okay	oa uhm	0
figshare-osce	RES0044	NEGATION_FLIP	havent	haven't	haven't	0
figshare-osce	RES0044	NEGATION_FLIP	dont	don't		unalignable
figshare-osce	RES0044	NEGATION_FLIP	dont	don't		unalignable
figshare-osce	RES0044	NEGATION_FLIP	havent	haven't	haven't	0
figshare-osce	RES0044	NEGATION_FLIP	dont	don't	in't maintelligible	1
figshare-osce	RES0044	NEGATION_FLIP	dont	don't	in't may be like it	1
figshare-osce	RES0044	NUMERIC	3	three	three	0
figshare-osce	RES0044	NUMERIC	4	four	four	0
figshare-osce	RES0044	NEGATION_FLIP	havent	haven't		unalignable
figshare-osce	RES0044	NEGATION_FLIP	dont	don't		unalignable
figshare-osce	RES0044	NEGATION_FLIP	i	didn't	i questioned it but i i	1
figshare-osce	RES0044	NEGATION_FLIP	dont	don't		unalignable
figshare-osce	RES0044	NEGATION_FLIP	dont	don't		unalignable
figshare-osce	RES0044	NEGATION_FLIP	arent	aren't		unalignable
figshare-osce	RES0044	NEGATION_FLIP	didnt	didn't	didn't	0
figshare-osce	RES0044	NEGATION_FLIP	going around at during this time of year um and usually the treatment for that kind of stuff is supportive so make sure youre staying well hydrated youre eating nutritious foods uh youre getting good sleep um and if not and your symptoms you know youre having a productive cough um youre really short of breath uh we can test you to see if you have some sort of bacterial pneumonia and those are usually treated with antibiotics so thats kind of the plan right now um so well just start with that covid swab for now how does that sound yeah that that sounds great thats really what it like i i dont feel super sick i just really wanna know if i have covid or not yeah for sure and i and i think its good that you came in awesome alright thank you ok thanks		ing around at during this time of yearu and usually the treatment for that kind ofstth is supportive so make sure you are staying well hydrated eating nutritious foods uh you getting good sleep uh and if not and your symptoms you know you are having a productive cough uh you are really short of breath uh we can test you to see if you have some sort of bacterial pneumonia and those are usually treated with antibiotics s that' kind of the plan right now and so we will we will just start with that covid swell for now is that sound yeahuntellig i don't feelunintelligible want know if i have covid or yeah for sure and i and i think it is good that you came in often alright thank you i'm sorry than	1
figshare-osce	RES0044	LATERALITY	going around at during this time of year um and usually the treatment for that kind of stuff is supportive so make sure youre staying well hydrated youre eating nutritious foods uh youre getting good sleep um and if not and your symptoms you know youre having a productive cough um youre really short of breath uh we can test you to see if you have some sort of bacterial pneumonia and those are usually treated with antibiotics so thats kind of the plan right now um so well just start with that covid swab for now how does that sound yeah that that sounds great thats really what it like i i dont feel super sick i just really wanna know if i have covid or not yeah for sure and i and i think its good that you came in awesome alright thank you ok thanks		ing around at during this time of yearu and usually the treatment for that kind ofstth is supportive so make sure you are staying well hydrated eating nutritious foods uh you getting good sleep uh and if not and your symptoms you know you are having a productive cough uh you are really short of breath uh we can test you to see if you have some sort of bacterial pneumonia and those are usually treated with antibiotics s that' kind of the plan right now and so we will we will just start with that covid swell for now is that sound yeahuntellig i don't feelunintelligible want know if i have covid or yeah for sure and i and i think it is good that you came in often alright thank you i'm sorry than	1
figshare-osce	RES0045	NUMERIC	4	four		unalignable
figshare-osce	RES0045	NEGATION_FLIP	didnt	didn't		unalignable
figshare-osce	RES0045	NUMERIC	1	one	one	0
figshare-osce	RES0045	NUMERIC	10 10	ten ten	to 10 10 being the worst how bad is it uh	1
figshare-osce	RES0045	NUMERIC	uh	six	to 10 10 being the worst how bad is it uh	0
figshare-osce	RES0045	NUMERIC	6		si okay	0
figshare-osce	RES0045	NEGATION_FLIP	havent	haven't		unalignable
figshare-osce	RES0045	NEGATION_FLIP	havent	haven't		unalignable
figshare-osce	RES0045	NUMERIC	2	two		unalignable
figshare-osce	RES0045	NEGATION_FLIP	havent	haven't		unalignable
figshare-osce	RES0045	NEGATION_FLIP	wasnt	wasn't		unalignable
figshare-osce	RES0045	NEGATION_FLIP	couldnt	couldn't		unalignable
figshare-osce	RES0045	NEGATION_FLIP	wasnt	wasn't		unalignable
figshare-osce	RES0045	NEGATION_FLIP	havent	haven't		unalignable
figshare-osce	RES0045	NEGATION_FLIP	havent	haven't		unalignable
figshare-osce	RES0045	NEGATION_FLIP	havent	haven't		unalignable
figshare-osce	RES0045	NEGATION_FLIP	havent	haven't		unalignable
figshare-osce	RES0045	NEGATION_FLIP	no			unalignable
figshare-osce	RES0045	NUMERIC	uh	three	andsh everym totacts rely uhsbly	1
figshare-osce	RES0045	NUMERIC	3		andsh everym totacts rely uhsbly	0
figshare-osce	RES0045	NUMERIC	24	2020	4	0
figshare-osce	RES0045	NEGATION_FLIP	to 48 hours uh in the meantime you should isolate for 14 days and that includes from family members when possible and public health will get in touch with you if those results are positive and so they can they can do some contact tracing if its not covid it could be another viral illness thats going around and i guess the best therapy for that is staying hydrated um getting good sleep and eating nutritious foods uh but if your symptoms get worse like youre running a really high fever um youre having neurological symptoms like you know seizures or fainting spells um or if youre having difficulty breathing um you should come back to the er so how does that sound yeah its really informative thank you alright take care thank you		to 48 hours uh in the meantime you should isolate for 14 days and that includes from family members when possible and public health will get in touch with you if those results are positive and uh so they can they can do some uh contact tracing if it is not covid uh it could be another viral illness that is going around and i guess the best therapy for that is staying hydrated u getting good sleep and eating nutriicious foods uh but if your symptoms get worse like you are running a really high fever uh you are having neurological symptoms like you know seizures or fainting spells or if you having difficulty breathing uh you should come back to the er so how is thats unintelligible alright take ca you	1
figshare-osce	RES0045	NUMERIC	to 48 hours uh in the meantime you should isolate for 14 days and that includes from family members when possible and public health will get in touch with you if those results are positive and so they can they can do some contact tracing if its not covid it could be another viral illness thats going around and i guess the best therapy for that is staying hydrated um getting good sleep and eating nutritious foods uh but if your symptoms get worse like youre running a really high fever um youre having neurological symptoms like you know seizures or fainting spells um or if youre having difficulty breathing um you should come back to the er so how does that sound yeah its really informative thank you alright take care thank you		to 48 hours uh in the meantime you should isolate for 14 days and that includes from family members when possible and public health will get in touch with you if those results are positive and uh so they can they can do some uh contact tracing if it is not covid uh it could be another viral illness that is going around and i guess the best therapy for that is staying hydrated u getting good sleep and eating nutriicious foods uh but if your symptoms get worse like you are running a really high fever uh you are having neurological symptoms like you know seizures or fainting spells or if you having difficulty breathing uh you should come back to the er so how is thats unintelligible alright take ca you	1
figshare-osce	RES0046	NEGATION_FLIP	i	haven't		unalignable
figshare-osce	RES0046	NUMERIC	1	one		unalignable
figshare-osce	RES0046	NUMERIC	10 10	ten ten		unalignable
figshare-osce	RES0046	NUMERIC	7	seven		unalignable
figshare-osce	RES0046	NEGATION_FLIP	cant	can't		unalignable
figshare-osce	RES0046	NEGATION_FLIP	no			unalignable
figshare-osce	RES0046	NEGATION_FLIP	havent	haven't		unalignable
figshare-osce	RES0046	NEGATION_FLIP	havent ok	haven't okay		unalignable
figshare-osce	RES0046	NEGATION_FLIP	it	hasn't		unalignable
figshare-osce	RES0046	NEGATION_FLIP	havent	haven't		unalignable
figshare-osce	RES0046	NEGATION_FLIP	havent	haven't		unalignable
figshare-osce	RES0046	NEGATION_FLIP	isnt	isn't	isn't	0
figshare-osce	RES0046	NEGATION_FLIP	nothing im		and what makes it worse what makes it better uh nothing im	1
figshare-osce	RES0046	NUMERIC	1	one		unalignable
figshare-osce	RES0046	NUMERIC	10 10	ten ten	100	0
figshare-osce	RES0046	NUMERIC	4 ok	four okay		unalignable
figshare-osce	RES0046	NEGATION_FLIP	havent	haven't		unalignable
figshare-osce	RES0046	NEGATION_FLIP	dont	don't	you do not	0
figshare-osce	RES0046	NUMERIC	10	ten	about 10 years ago	1
figshare-osce	RES0046	NEGATION_FLIP	dont	don't		unalignable
figshare-osce	RES0046	NEGATION_FLIP	havent	haven't		unalignable
figshare-osce	RES0046	NEGATION_FLIP	no			unalignable
figshare-osce	RES0046	NUMERIC	uh	ten		unalignable
figshare-osce	RES0046	NUMERIC	10			unalignable
figshare-osce	RES0046	NEGATION_FLIP	no ok	oh okay		unalignable
figshare-osce	RES0046	NEGATION_FLIP	no	okay		unalignable
figshare-osce	RES0046	NEGATION_FLIP	havent ok	haven't okay	kay uh	1
figshare-osce	RES0046	NEGATION_FLIP	uh to do some contact tracing if its not covid you you could possibly have um some sort of other viral infection thats going around these days um how does that sound yeah it sounds great thank you alright no worries		h to do some contact tracing if it' is not covid you you could possibly have uh some sort of other viral infection that' is going around these faces u unintelligible unintelligible thank you alrightunintig	1
figshare-osce	RES0047	NUMERIC	three			unalignable
figshare-osce	RES0047	NEGATION_FLIP	hasnt	hasn't	hasn'	1
figshare-osce	RES0047	NUMERIC	1	one	one	0
figshare-osce	RES0047	NUMERIC	10 10	ten ten	to 10 10 being the worst where would you put	1
figshare-osce	RES0047	NUMERIC	an 8 its	uh eight it's	sayin it has	0
figshare-osce	RES0047	NEGATION_FLIP	havent	haven't		unalignable
figshare-osce	RES0047	NEGATION_FLIP	doesnt	doesn't		unalignable
figshare-osce	RES0047	NEGATION_FLIP	havent	haven't		unalignable
figshare-osce	RES0047	NUMERIC	maybe	ten		unalignable
figshare-osce	RES0047	NUMERIC	10		10 pounds over the last last couple of years	1
figshare-osce	RES0047	NEGATION_FLIP	havent	haven't		unalignable
figshare-osce	RES0047	NEGATION_FLIP	dont	don't		unalignable
figshare-osce	RES0047	NUMERIC	2	two	two	0
figshare-osce	RES0048	NUMERIC	3	three	three	0
figshare-osce	RES0048	NUMERIC	10	ten	10 days	1
figshare-osce	RES0048	NEGATION_FLIP	dont	don't	don't	0
figshare-osce	RES0048	NEGATION_FLIP	dont	don't	don'	1
figshare-osce	RES0048	NEGATION_FLIP	didnt	didn't		unalignable
figshare-osce	RES0048	NEGATION_FLIP	havent	haven't		unalignable
figshare-osce	RES0048	NUMERIC	1	one	one	0
figshare-osce	RES0048	NUMERIC	10 10	ten ten	to 10 10 being the worst how bad is	1
figshare-osce	RES0048	NEGATION_FLIP	couldnt	couldn't		unalignable
figshare-osce	RES0048	NEGATION_FLIP	dont	don't	don't	0
figshare-osce	RES0048	NEGATION_FLIP	not		not not	1
figshare-osce	RES0048	NEGATION_FLIP	didnt notice	haven't noticed	non notic anying thatkay have	1
figshare-osce	RES0048	NEGATION_FLIP	hasnt	hasn't		unalignable
figshare-osce	RES0048	NEGATION_FLIP	havent	haven't		unalignable
figshare-osce	RES0048	NEGATION_FLIP	havent	haven't		unalignable
figshare-osce	RES0048	NEGATION_FLIP	havent	haven't		unalignable
figshare-osce	RES0048	NEGATION_FLIP	no no		had a runny nose or stuffy nose no no no no congestion really	1
figshare-osce	RES0048	NEGATION_FLIP	dont	don't		unalignable
figshare-osce	RES0048	NEGATION_FLIP	no	and		unalignable
figshare-osce	RES0048	NUMERIC	10	ten	10 times a day	1
figshare-osce	RES0048	NEGATION_FLIP	uh no		no	1
figshare-osce	RES0048	NEGATION_FLIP	didnt notice	haven't noticed	notice any blood or	1
figshare-osce	RES0048	NUMERIC	50 ok ok	fifty okay okay	over50 oy okay uhm	0
figshare-osce	RES0048	NUMERIC	60s	sixties	in his 60s uh like	1
figshare-osce	RES0048	NEGATION_FLIP	no ok	now okay	no okay can	1
figshare-osce	RES0048	NEGATION_FLIP	dont	don't		unalignable
figshare-osce	RES0048	NUMERIC	20	twenty	quit probably five years ago but before that i used to smoke probably a pack a day for more than 20 years	0
figshare-osce	RES0048	NEGATION_FLIP	dont	don't		unalignable
figshare-osce	RES0048	NEGATION_FLIP	dont	don't		unalignable
figshare-osce	RES0048	NEGATION_FLIP	havent	haven't	notice anyon	1
figshare-osce	RES0048	NEGATION_FLIP	havent	haven't		unalignable
figshare-osce	RES0048	NEGATION_FLIP	no	know		unalignable
figshare-osce	RES0048	NEGATION_FLIP	dont	don't		unalignable
figshare-osce	RES0048	NEGATION_FLIP	so well do a covid swab today um and youll hear back within 24 to 48 hours um but in the mean time regardless of whether you actually have covid or not because your symptoms overlap with covid um its good to isolate for 14 days and that includes trying to isolate from your wife as well if possible and public health should be in touch if its positive uh to do contact tracing um and if its not covid its probably another viral illness thats going around at this time of year uh if your symptoms get worse um you know youre having neurological symptoms or or if your fever gets really high or youre having a lot of trouble breathing then you should go see the er how does that sound my if my breathing gets worse uh ill just go to the emergency department yes please do ok sounds good alright take care you too thank you		covid swab today uh and you will hear back within 24 to 48 hours uh but in the meantime regardless as whether you actually have covid or not because your symptoms over a lot with covid uh it is good to isolate for 14 days and that includes tr kindy to isolate from your wife as well as possible and public health should be in touch if it is positive uh to do contact tracing and and if it is not covid it is probably another viral illness that is going around at this time of year uh if your symptoms get worse uh you know you having neurological symptoms or or if youver gets really higher or you are having uh a lot of trouble breathing then we should go see the er unintelligible more breathing gets worse so i will just go to the emergency department yes please do unintelligible take care to thank you	1
figshare-osce	RES0048	NUMERIC	so well do a covid swab today um and youll hear back within 24 to 48 hours um but in the mean time regardless of whether you actually have covid or not because your symptoms overlap with covid um its good to isolate for 14 days and that includes trying to isolate from your wife as well if possible and public health should be in touch if its positive uh to do contact tracing um and if its not covid its probably another viral illness thats going around at this time of year uh if your symptoms get worse um you know youre having neurological symptoms or or if your fever gets really high or youre having a lot of trouble breathing then you should go see the er how does that sound my if my breathing gets worse uh ill just go to the emergency department yes please do ok sounds good alright take care you too thank you		covid swab today uh and you will hear back within 24 to 48 hours uh but in the meantime regardless as whether you actually have covid or not because your symptoms over a lot with covid uh it is good to isolate for 14 days and that includes tr kindy to isolate from your wife as well as possible and public health should be in touch if it is positive uh to do contact tracing and and if it is not covid it is probably another viral illness that is going around at this time of year uh if your symptoms get worse uh you know you having neurological symptoms or or if youver gets really higher or you are having uh a lot of trouble breathing then we should go see the er unintelligible more breathing gets worse so i will just go to the emergency department yes please do unintelligible take care to thank you	1
figshare-osce	RES0049	NUMERIC	2	two		unalignable
figshare-osce	RES0049	NUMERIC	7			unalignable
figshare-osce	RES0049	NEGATION_FLIP	i	hasn't		unalignable
figshare-osce	RES0049	NEGATION_FLIP	ive been	i haven't		unalignable
figshare-osce	RES0049	NEGATION_FLIP	havent	haven't		unalignable
figshare-osce	RES0049	NEGATION_FLIP	couldnt	couldn't		unalignable
figshare-osce	RES0049	NEGATION_FLIP	dont	don't	not	0
figshare-osce	RES0049	NEGATION_FLIP	havent	haven't		unalignable
figshare-osce	RES0049	NEGATION_FLIP	dont	don't	not	0
figshare-osce	RES0049	NEGATION_FLIP	dont	don't	not	0
figshare-osce	RES0049	NEGATION_FLIP	no ok	nope okay		unalignable
figshare-osce	RES0049	NEGATION_FLIP	dont	don't		unalignable
figshare-osce	RES0049	NEGATION_FLIP	havent	haven't		unalignable
figshare-osce	RES0049	NEGATION_FLIP	dont	don't	don't	0
figshare-osce	RES0049	NEGATION_FLIP	dont	don't	do	1
figshare-osce	RES0049	NEGATION_FLIP	dont	don't	don't	0
figshare-osce	RES0049	NEGATION_FLIP	havent	haven't		unalignable
figshare-osce	RES0049	NEGATION_FLIP	havent	haven't		unalignable
figshare-osce	RES0049	NEGATION_FLIP	dont	don't		unalignable
figshare-osce	RES0049	NEGATION_FLIP	coviespecially umm the loss of smell and taste we do recommend that you isolate for 14 days and that includes trying to isolate from family members as well so well thats where well start if its not coviit could be another viral illness thats going around at this time of year but well start with well start with these coviswabs how does that sound yeah that sounds good ill ill let my work know and yeah hopefully it comes back negative but ill stay away from everyone till then ok sounds great thank you alright thank you so much		the loss of smell and taste uh we do recommend that you isolate for 14 days and that includes trying to isolate from family members as well uh so we will thats where we will start if it is not covid uh it could be another viral illness that is going around at this time of year uh but uh we will start with we will start with these covid swabs have that found no untellig oh my work no oneh nope unintelligible p okay so i' great thank you u think you so	1
figshare-osce	RES0049	NUMERIC	coviespecially umm the loss of smell and taste we do recommend that you isolate for 14 days and that includes trying to isolate from family members as well so well thats where well start if its not coviit could be another viral illness thats going around at this time of year but well start with well start with these coviswabs how does that sound yeah that sounds good ill ill let my work know and yeah hopefully it comes back negative but ill stay away from everyone till then ok sounds great thank you alright thank you so much		the loss of smell and taste uh we do recommend that you isolate for 14 days and that includes trying to isolate from family members as well uh so we will thats where we will start if it is not covid uh it could be another viral illness that is going around at this time of year uh but uh we will start with we will start with these covid swabs have that found no untellig oh my work no oneh nope unintelligible p okay so i' great thank you u think you so	1
figshare-osce	RES0050	NUMERIC	3	three	happened three	0
figshare-osce	RES0050	NEGATION_FLIP	havent	haven't	have'	1
figshare-osce	RES0050	NEGATION_FLIP	uhm no	okay any		unalignable
figshare-osce	RES0050	NEGATION_FLIP	dont	don't		unalignable
figshare-osce	RES0050	NEGATION_FLIP	havent	haven't	haven't	0
figshare-osce	RES0051	NEGATION_FLIP	doesnt	doesn't		unalignable
figshare-osce	RES0051	NEGATION_FLIP	doesnt	doesn't	doesn't	0
figshare-osce	RES0051	NUMERIC	youve notice 5	you noticed five	you noticed five	0
figshare-osce	RES0051	NEGATION_FLIP	cant	can't	canttste thing	1
figshare-osce	RES0051	NEGATION_FLIP	cant	can't	can't	0
figshare-osce	RES0051	NEGATION_FLIP	dont	don't		unalignable
figshare-osce	RES0051	NEGATION_FLIP	hasnt	hasn't	hasn'	1
figshare-osce	RES0051	NEGATION_FLIP	dont	don't		unalignable
figshare-osce	RES0051	NEGATION_FLIP	didnt	didn't		unalignable
figshare-osce	RES0051	NEGATION_FLIP	umm	no	no	0
figshare-osce	RES0051	NEGATION_FLIP	no ok	okay and	rashesa uh and ok so the symptoms	0
figshare-osce	RES0051	NUMERIC	5	five	five	0
figshare-osce	RES0051	NEGATION_FLIP	havent	haven't		unalignable
figshare-osce	RES0051	NEGATION_FLIP	dont	don't		unalignable
figshare-osce	RES0051	NUMERIC	6 ok cool whats	six okay well what's		unalignable
figshare-osce	RES0051	NEGATION_FLIP	dont ok	don't okay	okay and uh	1
figshare-osce	RES0051	NEGATION_FLIP	dont	don't		unalignable
figshare-osce	RES0051	NEGATION_FLIP	dont	don't		unalignable
figshare-osce	RES0052	NUMERIC	5	five-year-old	five-year-old daughter uh	0
figshare-osce	RES0052	NUMERIC	5	five	five	0
figshare-osce	RES0052	NEGATION_FLIP	dont	don't	don't	0
figshare-osce	RES0052	NEGATION_FLIP	nothing			unalignable
figshare-osce	RES0052	NEGATION_FLIP	umm no its	like i it's		unalignable
figshare-osce	RES0052	NEGATION_FLIP	ok umm	no okay		unalignable
figshare-osce	RES0052	NEGATION_FLIP	didnt	didn't	didn'	1
figshare-osce	RES0052	NEGATION_FLIP	dont	don't		unalignable
figshare-osce	RES0052	NEGATION_FLIP	no ok	nope okay	uh	0
figshare-osce	RES0052	NEGATION_FLIP	there no i dont think so i contacted them and checked but it seems like no ones been sick ok and you say you havent traveled anywhere oh no no not recently ok and any lung conditions		anybody been sick there no i don't think so i i contacted them and uh checked but it seems like no one been sick okay and you has you have a travel anywhere uh no no not recently okay uhm and uh any lung conditions or heart conditions that run in the family no	1
figshare-osce	RES0052	NEGATION_FLIP	that run	are not	any lung conditions or heart conditions that run in the family no	0
figshare-osce	RES0052	NEGATION_FLIP	no ok		any lung conditions or heart conditions that run in the family no okay	1
figshare-osce	RES0052	NEGATION_FLIP	any genetic conditions or congenital conditions in the family no none none that i know of ok		and how about any genetic uh conditions or congenital conditions in the family no no okay uh	1
figshare-osce	RES0052	NUMERIC	symptom she has this pink	one i enjoyed okay um	h she has been congestedu she has think ey and	1
figshare-osce	RES0052	LATERALITY	eye and she has a cough yeah right that could be conjunctivitis ok		been congestedu she has think ey and cough right the uh conjunctivitis okay uh	1
figshare-osce	RES0053	NEGATION_FLIP	doesnt	doesn't	doesn'	1
figshare-osce	RES0053	NEGATION_FLIP	hasnt	hasn't	hasn'	1
figshare-osce	RES0053	NEGATION_FLIP	hasnt	hasn't	hasn'	1
figshare-osce	RES0053	NEGATION_FLIP	havent	haven't		unalignable
figshare-osce	RES0053	LATERALITY	right	think		unalignable
figshare-osce	RES0053	LATERALITY	think	left		unalignable
figshare-osce	RES0053	NUMERIC	hes 2 12	it's too late		unalignable
figshare-osce	RES0053	NEGATION_FLIP	havent	haven't		unalignable
figshare-osce	RES0053	NEGATION_FLIP	phlegmno	no	uh phleg	1
figshare-osce	RES0053	NEGATION_FLIP	doesnt	doesn't		unalignable
figshare-osce	RES0053	NEGATION_FLIP	doesnt	doesn't		unalignable
figshare-osce	RES0053	NEGATION_FLIP	cant	can't		unalignable
figshare-osce	RES0053	NEGATION_FLIP	dont	don't		unalignable
figshare-osce	RES0053	NEGATION_FLIP	havent	haven't		unalignable
figshare-osce	RES0053	NEGATION_FLIP	havent	haven't		unalignable
figshare-osce	RES0053	NEGATION_FLIP	doesnt	doesn't		unalignable
figshare-osce	RES0053	NEGATION_FLIP	no			unalignable
figshare-osce	RES0053	NEGATION_FLIP	havent	haven't		unalignable
figshare-osce	RES0053	NUMERIC	2 12	a half	two half yearsr fa door	0
figshare-osce	RES0053	NEGATION_FLIP	dont	don't	do' anyact who	1
figshare-osce	RES0053	NUMERIC	5	five	five	0
figshare-osce	RES0053	NEGATION_FLIP	you know ok	no no okay		unalignable
figshare-osce	RES0053	NEGATION_FLIP	dont	don't	oky okay get uh smo	1
figshare-osce	RES0053	NEGATION_FLIP	dont	don't		unalignable
figshare-osce	RES0053	NEGATION_FLIP	like a seizure or urological issues he should go to the er and if his symptoms do become worse we can also prescribe him some steroids or epinephrine just to open up his airways and if its really really bad he might be hospitalised as well so just keep an eye on on that for now and if you have any questions or concerns just give us a call how does that sound a little scary sounds good ok ill just keep an eye on him for the next five days give us a call if his symptoms are becoming worse or if theyre not resolving and we will try to do an assessment on him of course we will do a physical exam today and will let you know how severe his symptoms are most children will get over their infection on their own and he likely wont need any additional treatments ok sounds good alright take care thank you		especially if he has like a seizure any neurological issues uh he should go to the er and uh if his symptoms do become worse we can also prescribe him some steroids or epinephrine just to open up his airways uh and if it is really really bad uh he might be hospitalized as well so just keep an eye eye on on that for now uh and if you have any questions or concerns just give us a call that round unintelligible just keep an eye on him uh for the next five days or so uh and then give us a call if his symptoms are becoming worse or if they are not uh resolving and we will try to do an assessment on him uh of course we will do a physical exam today and we will let you know uh how severe his symptoms are most children will get over their infection on their own and he will he likely he likely won not need any additional treatments alright take care	1
figshare-osce	RES0053	NUMERIC	like a seizure or urological issues he should go to the er and if his symptoms do become worse we can also prescribe him some steroids or epinephrine just to open up his airways and if its really really bad he might be hospitalised as well so just keep an eye on on that for now and if you have any questions or concerns just give us a call how does that sound a little scary sounds good ok ill just keep an eye on him for the next five days give us a call if his symptoms are becoming worse or if theyre not resolving and we will try to do an assessment on him of course we will do a physical exam today and will let you know how severe his symptoms are most children will get over their infection on their own and he likely wont need any additional treatments ok sounds good alright take care thank you		especially if he has like a seizure any neurological issues uh he should go to the er and uh if his symptoms do become worse we can also prescribe him some steroids or epinephrine just to open up his airways uh and if it is really really bad uh he might be hospitalized as well so just keep an eye eye on on that for now uh and if you have any questions or concerns just give us a call that round unintelligible just keep an eye on him uh for the next five days or so uh and then give us a call if his symptoms are becoming worse or if they are not uh resolving and we will try to do an assessment on him uh of course we will do a physical exam today and we will let you know uh how severe his symptoms are most children will get over their infection on their own and he will he likely he likely won not need any additional treatments alright take care	1
figshare-osce	RES0054	NEGATION_FLIP	haven	haven't	have'	1
figshare-osce	RES0054	NUMERIC	2	two	two	0
figshare-osce	RES0054	NEGATION_FLIP	doesnt	doesn't		unalignable
figshare-osce	RES0054	NEGATION_FLIP	no	yeah		unalignable
figshare-osce	RES0054	NEGATION_FLIP	d no	okay okay		unalignable
figshare-osce	RES0054	NEGATION_FLIP	couldnt	couldn't		unalignable
figshare-osce	RES0054	NEGATION_FLIP	didnt	didn't		unalignable
figshare-osce	RES0054	NEGATION_FLIP	don	don't		unalignable
figshare-osce	RES0054	NEGATION_FLIP	won	wouldn't		unalignable
figshare-osce	RES0054	NUMERIC	symptom	second		unalignable
figshare-osce	RES0054	LATERALITY	right p			unalignable
figshare-osce	RES0054	LATERALITY	d ok	right okay		unalignable
figshare-osce	RES0054	NUMERIC	10	ten		unalignable
figshare-osce	RES0054	NUMERIC	30	thirty		unalignable
figshare-osce	RES0054	NUMERIC	10	ten	fairly consistent last 10	1
figshare-osce	RES0054	NEGATION_FLIP	wasnt	wasn't	was' was	1
figshare-osce	RES0054	NEGATION_FLIP	is	isn't		unalignable
figshare-osce	RES0054	NEGATION_FLIP	d no			unalignable
figshare-osce	RES0054	NEGATION_FLIP	havent	haven't	have	1
figshare-osce	RES0054	NEGATION_FLIP	no ok			unalignable
figshare-osce	RES0054	NEGATION_FLIP	no d			unalignable
figshare-osce	RES0054	NEGATION_FLIP	wouldnt	wouldn't		unalignable
figshare-osce	RES0054	NEGATION_FLIP	d no			unalignable
figshare-osce	RES0054	NEGATION_FLIP	havent	haven't		unalignable
figshare-osce	RES0054	NEGATION_FLIP	no d ok			unalignable
figshare-osce	RES0054	NEGATION_FLIP	no			unalignable
figshare-osce	RES0054	NEGATION_FLIP	dont	don't		unalignable
figshare-osce	RES0054	NEGATION_FLIP	d ok	okay no		unalignable
figshare-osce	RES0054	NEGATION_FLIP	no d			unalignable
figshare-osce	RES0054	NEGATION_FLIP	dont	don't		unalignable
figshare-osce	RES0054	NEGATION_FLIP	wouldnt	wouldn't		unalignable
figshare-osce	RES0054	NEGATION_FLIP	d	no		unalignable
figshare-osce	RES0054	NUMERIC	2	two		unalignable
figshare-osce	RES0054	NEGATION_FLIP	don	don't		unalignable
figshare-osce	RES0054	NEGATION_FLIP	cant	can't		unalignable
figshare-osce	RES0054	NEGATION_FLIP	dont	don't		unalignable
figshare-osce	RES0054	NEGATION_FLIP	no ok uhm			unalignable
figshare-osce	RES0054	NEGATION_FLIP	p	doesn't	ay	1
figshare-osce	RES0054	NEGATION_FLIP	no ok			unalignable
figshare-osce	RES0054	NEGATION_FLIP	can	can't		unalignable
figshare-osce	RES0054	NEGATION_FLIP	on exertion and it sounds like you have a cough with still producing some phlegm it doesn t seem like you have any systemic symptoms of infection so i m not too worried about that and then in terms of your heart you mentioned you had that chest pain once but it really does sound more like a lung problem to me than a heart problem to me right now but of course well do all the necessary investigations to rule out any heart stuff but right now i m thinking it could be something called copd chronic obstructive pulmonary disorder because of your smoking history uhm so we ll start with doing a pulmonary function test and chest xray and i well try to go from there if it is copd well likely put you on a like a puffer for that a like a lot a short or long acting beta agonist thats what it s called so if your symptoms don t get better with that we ll do other investigations to try to figure out what this is how does that sound p sounds great doc thanks a million d alright great thank you p have a good one		on exertion it sounds like they have a cough with so producing some phlegm uh it does not seem like you have any systemic symptoms of infection so i am not too worried about that and then in terms of your heart you mention you had that chest pain once but it really does sound more like a lung problem to me than a heart problem to me right now but of course we will do all the necessary investigations to rule out any heart stath uh but right now i am thinking it could be something called copd chronic obstructive pulmonary disorder because of your smoking history uh so we will start with doinguh a pulmonary function test and chest x-ray uh and i will try to go from there if it is copd we will likely put you on uh uh like a toffer for that uh like a lo short or longacting beta agonist that is what is called so if your symptoms do not get better with that we will do other investigations to try to figure out what this is how is that sound so unintellible thank you	1
figshare-osce	RES0054	LATERALITY	on exertion and it sounds like you have a cough with still producing some phlegm it doesn t seem like you have any systemic symptoms of infection so i m not too worried about that and then in terms of your heart you mentioned you had that chest pain once but it really does sound more like a lung problem to me than a heart problem to me right now but of course well do all the necessary investigations to rule out any heart stuff but right now i m thinking it could be something called copd chronic obstructive pulmonary disorder because of your smoking history uhm so we ll start with doing a pulmonary function test and chest xray and i well try to go from there if it is copd well likely put you on a like a puffer for that a like a lot a short or long acting beta agonist thats what it s called so if your symptoms don t get better with that we ll do other investigations to try to figure out what this is how does that sound p sounds great doc thanks a million d alright great thank you p have a good one		on exertion it sounds like they have a cough with so producing some phlegm uh it does not seem like you have any systemic symptoms of infection so i am not too worried about that and then in terms of your heart you mention you had that chest pain once but it really does sound more like a lung problem to me than a heart problem to me right now but of course we will do all the necessary investigations to rule out any heart stath uh but right now i am thinking it could be something called copd chronic obstructive pulmonary disorder because of your smoking history uh so we will start with doinguh a pulmonary function test and chest x-ray uh and i will try to go from there if it is copd we will likely put you on uh uh like a toffer for that uh like a lo short or longacting beta agonist that is what is called so if your symptoms do not get better with that we will do other investigations to try to figure out what this is how is that sound so unintellible thank you	1
figshare-osce	RES0054	NUMERIC	on exertion and it sounds like you have a cough with still producing some phlegm it doesn t seem like you have any systemic symptoms of infection so i m not too worried about that and then in terms of your heart you mentioned you had that chest pain once but it really does sound more like a lung problem to me than a heart problem to me right now but of course well do all the necessary investigations to rule out any heart stuff but right now i m thinking it could be something called copd chronic obstructive pulmonary disorder because of your smoking history uhm so we ll start with doing a pulmonary function test and chest xray and i well try to go from there if it is copd well likely put you on a like a puffer for that a like a lot a short or long acting beta agonist thats what it s called so if your symptoms don t get better with that we ll do other investigations to try to figure out what this is how does that sound p sounds great doc thanks a million d alright great thank you p have a good one		on exertion it sounds like they have a cough with so producing some phlegm uh it does not seem like you have any systemic symptoms of infection so i am not too worried about that and then in terms of your heart you mention you had that chest pain once but it really does sound more like a lung problem to me than a heart problem to me right now but of course we will do all the necessary investigations to rule out any heart stath uh but right now i am thinking it could be something called copd chronic obstructive pulmonary disorder because of your smoking history uh so we will start with doinguh a pulmonary function test and chest x-ray uh and i will try to go from there if it is copd we will likely put you on uh uh like a toffer for that uh like a lo short or longacting beta agonist that is what is called so if your symptoms do not get better with that we will do other investigations to try to figure out what this is how is that sound so unintellible thank you	0
figshare-osce	RES0055	NEGATION_FLIP	ok yeah so	so no yell	so no yel	0
figshare-osce	RES0055	NEGATION_FLIP	dont see yellow	don't say yellowness	don not say yellowness	0
figshare-osce	RES0055	NEGATION_FLIP	dont	don't	not	0
figshare-osce	RES0055	NEGATION_FLIP	dont	don't		unalignable
figshare-osce	RES0055	NEGATION_FLIP	didnt	didn't		unalignable
figshare-osce	RES0055	NEGATION_FLIP	no	nope	no headaches no	1
figshare-osce	RES0055	NEGATION_FLIP	hasnt	hasn't		unalignable
figshare-osce	RES0055	NUMERIC	135 80	over eighty	the last one i took was probably like 135 80	0
figshare-osce	RES0055	NEGATION_FLIP	take	can't		unalignable
figshare-osce	RES0055	NEGATION_FLIP	cant	can't		unalignable
figshare-osce	RES0055	NEGATION_FLIP	dont	don't		unalignable
figshare-osce	RES0055	NUMERIC	one	one's		unalignable
figshare-osce	RES0055	NEGATION_FLIP	dont	don't		unalignable
figshare-osce	RES0055	NEGATION_FLIP	dont	don't		unalignable
figshare-osce	RES0055	NUMERIC	60s ok	sixties okay		unalignable
figshare-osce	RES0055	NEGATION_FLIP	wasnt	wasn't		unalignable
figshare-osce	RES0055	NUMERIC	20	twenty		unalignable
figshare-osce	RES0055	NUMERIC	20	twenty		unalignable
figshare-osce	RES0055	NEGATION_FLIP	dont	don't		unalignable
figshare-osce	RES0055	NEGATION_FLIP	umm	no		unalignable
figshare-osce	RES0055	NEGATION_FLIP	dont	don't		unalignable
figshare-osce	RES0055	NEGATION_FLIP	you ok yeah no problem		thank you okay unintelligible	0
figshare-osce	RES0056	NEGATION_FLIP	havent	haven't		unalignable
figshare-osce	RES0056	NEGATION_FLIP	temperature	haven't		unalignable
figshare-osce	RES0056	NEGATION_FLIP	havent	haven't	ivience oka uh andb	1
figshare-osce	RES0056	NEGATION_FLIP	dont	don't	not	0
figshare-osce	RES0056	NEGATION_FLIP	no	nope	no no	1
figshare-osce	RES0056	NEGATION_FLIP	dont	don't		unalignable
figshare-osce	RES0056	NEGATION_FLIP	dont	don't		unalignable
figshare-osce	RES0056	NEGATION_FLIP	dont	don't	do notheigb nausea	1
figshare-osce	RES0056	NEGATION_FLIP	dont	don't		unalignable
figshare-osce	RES0056	NEGATION_FLIP	dont	don't		unalignable
figshare-osce	RES0056	NEGATION_FLIP	didnt	didn't	goell vitaminto-date rn	1
figshare-osce	RES0056	NEGATION_FLIP	no	nope		unalignable
figshare-osce	RES0056	LATERALITY	too right	to write		unalignable
figshare-osce	RES0056	NEGATION_FLIP	no			unalignable
figshare-osce	RES0056	NEGATION_FLIP	i think im allergic to pollen ok and	to pollen but uh not really conditioned anymore		unalignable
figshare-osce	RES0056	NUMERIC	60s	sixties		unalignable
figshare-osce	RES0056	NUMERIC	40s ok	okay um	his 40s oky uh	1
figshare-osce	RES0056	NEGATION_FLIP	dont	don't		unalignable
figshare-osce	RES0056	NEGATION_FLIP	dont	don't	uh yount	1
figshare-osce	RES0056	LATERALITY	coviright	right	to covid or blood t	1
figshare-osce	RES0056	NEGATION_FLIP	just to do some contact tracing but if its not coviit could be another viral infection thats going around at this time of year so keep an eye on your symptoms if they become worse or if youre experiencing symptoms like neurological deficits or weakness or seizures or anything like that get help from the er right away and if your symptoms are persisting beyond like seven days to 10 days also you should give us a call back to see whats going on because it could be something like a bacterial infection in which case we can give you some antibiotics does that sound ok ok great thank you thank you		just to do some contact tracing but if it is not covid it could be another the viral infection that is going arounduh this time of year so keep an eye on your symptoms if they become worse or if you are experiencing uh symptoms like neurological deficits uh or weak you know like weakness or seizures or anything like that uh get help from the er right away and if your symptoms are persisting beyond like seven days seven to 10 days uh also you should give us a call back uh to see what is going on because it could be something like uh a bacterial infection in which case we can give you some antibiotics does not soundinkay great thank you	1
figshare-osce	RES0056	LATERALITY	just to do some contact tracing but if its not coviit could be another viral infection thats going around at this time of year so keep an eye on your symptoms if they become worse or if youre experiencing symptoms like neurological deficits or weakness or seizures or anything like that get help from the er right away and if your symptoms are persisting beyond like seven days to 10 days also you should give us a call back to see whats going on because it could be something like a bacterial infection in which case we can give you some antibiotics does that sound ok ok great thank you thank you		just to do some contact tracing but if it is not covid it could be another the viral infection that is going arounduh this time of year so keep an eye on your symptoms if they become worse or if you are experiencing uh symptoms like neurological deficits uh or weak you know like weakness or seizures or anything like that uh get help from the er right away and if your symptoms are persisting beyond like seven days seven to 10 days uh also you should give us a call back uh to see what is going on because it could be something like uh a bacterial infection in which case we can give you some antibiotics does not soundinkay great thank you	1
figshare-osce	RES0056	NUMERIC	just to do some contact tracing but if its not coviit could be another viral infection thats going around at this time of year so keep an eye on your symptoms if they become worse or if youre experiencing symptoms like neurological deficits or weakness or seizures or anything like that get help from the er right away and if your symptoms are persisting beyond like seven days to 10 days also you should give us a call back to see whats going on because it could be something like a bacterial infection in which case we can give you some antibiotics does that sound ok ok great thank you thank you		just to do some contact tracing but if it is not covid it could be another the viral infection that is going arounduh this time of year so keep an eye on your symptoms if they become worse or if you are experiencing uh symptoms like neurological deficits uh or weak you know like weakness or seizures or anything like that uh get help from the er right away and if your symptoms are persisting beyond like seven days seven to 10 days uh also you should give us a call back uh to see what is going on because it could be something like uh a bacterial infection in which case we can give you some antibiotics does not soundinkay great thank you	1
figshare-osce	RES0057	NUMERIC	3	three		unalignable
figshare-osce	RES0057	NUMERIC	sometime within the past	sometimes with fast 3ds		unalignable
figshare-osce	RES0057	NUMERIC	three days			unalignable
figshare-osce	RES0057	NEGATION_FLIP	yeah not really	if i'm like		unalignable
figshare-osce	RES0057	NEGATION_FLIP	doesnt	doesn't		unalignable
figshare-osce	RES0057	NEGATION_FLIP	havent	haven't		unalignable
figshare-osce	RES0057	NEGATION_FLIP	havent	haven't		unalignable
figshare-osce	RES0057	NEGATION_FLIP	didnt	didn't		unalignable
figshare-osce	RES0057	NEGATION_FLIP	i	haven't		unalignable
figshare-osce	RES0057	NEGATION_FLIP	havent	haven't		unalignable
figshare-osce	RES0057	NEGATION_FLIP	dont	don't		unalignable
figshare-osce	RES0057	NEGATION_FLIP	havent	haven't		unalignable
figshare-osce	RES0057	NEGATION_FLIP	havent	haven't		unalignable
figshare-osce	RES0057	NEGATION_FLIP	havent	haven't		unalignable
figshare-osce	RES0057	NUMERIC	3	three		unalignable
figshare-osce	RES0057	NEGATION_FLIP	havent	haven't		unalignable
figshare-osce	RES0057	NEGATION_FLIP	no			unalignable
figshare-osce	RES0057	NEGATION_FLIP	havent	haven't		unalignable
figshare-osce	RES0057	NEGATION_FLIP	dont	don't		unalignable
figshare-osce	RES0057	NUMERIC	three	tweets		unalignable
figshare-osce	RES0057	NEGATION_FLIP	didnt	didn't		unalignable
figshare-osce	RES0057	NUMERIC	60s	so		unalignable
figshare-osce	RES0057	NEGATION_FLIP	dont and	don't milked		unalignable
figshare-osce	RES0057	NEGATION_FLIP	have never smoked			unalignable
figshare-osce	RES0057	NEGATION_FLIP	i had been at home alright	not at all alright alright okay		unalignable
figshare-osce	RES0058	NEGATION_FLIP	cant	can't		unalignable
figshare-osce	RES0058	NEGATION_FLIP	cant	can't		unalignable
figshare-osce	RES0058	NEGATION_FLIP	doesnt	doesn't		unalignable
figshare-osce	RES0058	NEGATION_FLIP	dont	don't		unalignable
figshare-osce	RES0058	NEGATION_FLIP	dont	don't		unalignable
figshare-osce	RES0058	NEGATION_FLIP	hasnt	hasn't		unalignable
figshare-osce	RES0058	NEGATION_FLIP	i know	uh no		unalignable
figshare-osce	RES0058	NEGATION_FLIP	didnt	didn't		unalignable
figshare-osce	RES0058	NEGATION_FLIP	havent	haven't		unalignable
figshare-osce	RES0058	NEGATION_FLIP	didnt	didn't		unalignable
figshare-osce	RES0058	NEGATION_FLIP	didnt	didn't		unalignable
figshare-osce	RES0058	NEGATION_FLIP	dont	don't		unalignable
figshare-osce	RES0058	NEGATION_FLIP	didnt	didn't		unalignable
figshare-osce	RES0058	NEGATION_FLIP	i havent	that haven't		unalignable
figshare-osce	RES0058	NEGATION_FLIP	dont	don't		unalignable
figshare-osce	RES0058	NEGATION_FLIP	havent	haven't		unalignable
figshare-osce	RES0058	NEGATION_FLIP	dont	don't		unalignable
figshare-osce	RES0058	NUMERIC	4			unalignable
figshare-osce	RES0058	NEGATION_FLIP	umm im	no i'm		unalignable
figshare-osce	RES0058	NEGATION_FLIP	umm	no		unalignable
figshare-osce	RES0058	NEGATION_FLIP	dont ok	don't okay		unalignable
figshare-osce	RES0058	NEGATION_FLIP	dont	don't		unalignable
figshare-osce	RES0058	NEGATION_FLIP	umm	no		unalignable
figshare-osce	RES0059	NUMERIC	im 36 ok	and um okay		unalignable
figshare-osce	RES0059	NUMERIC	i think 3	uh it's like		unalignable
figshare-osce	RES0059	NEGATION_FLIP	havent	haven't		unalignable
figshare-osce	RES0059	NEGATION_FLIP	havent	haven't		unalignable
figshare-osce	RES0059	NEGATION_FLIP	uh	no	uh	1
figshare-osce	RES0059	NEGATION_FLIP	havent	haven't		unalignable
figshare-osce	RES0059	NEGATION_FLIP	havent	haven't		unalignable
figshare-osce	RES0059	NEGATION_FLIP	umm no			unalignable
figshare-osce	RES0059	NUMERIC	one	one's		unalignable
figshare-osce	RES0059	NEGATION_FLIP	havent	haven't		unalignable
figshare-osce	RES0059	NEGATION_FLIP	dont	don't		unalignable
figshare-osce	RES0059	NEGATION_FLIP	umm	no		unalignable
figshare-osce	RES0059	NEGATION_FLIP	none			unalignable
figshare-osce	RES0059	NEGATION_FLIP	cant	can't		unalignable
figshare-osce	RES0059	NUMERIC	1	one		unalignable
figshare-osce	RES0059	NEGATION_FLIP	no	okay		unalignable
figshare-osce	RES0059	NEGATION_FLIP	no ok	nope okay		unalignable
figshare-osce	RES0059	NEGATION_FLIP	didnt	didn't	bing upuch on toay uh	1
figshare-osce	RES0059	NEGATION_FLIP	respiratory	no	a novirus	1
figshare-osce	RES0059	NUMERIC	because even though the pcr that we do to test for coviis supposed to be reliable and its supposed to be specific and sensitive there are sometimes false negative tests you know just to be on the safe side if youre experiencing any of the symptoms that overlap with covisymptoms isolate for two weeks but by the end of the week we should know what the test results are and then you will know for sure what you have ok awesome thank you yeah thank you		because even though the you know the pcr stuff that we do to test for covid is supposed to be reliable and is supposedly specific and sensitive uh there are sometimes u false negative tests and you know so just to be on the safe side if you are experiencing any of the symptoms that overlap with covid symptoms uh isolate for two weeks uh but by the by the end of the week we should know uh what the test results are and then you will know for sure what you have yeah thank you	1
figshare-osce	RES0060	NUMERIC	ive had a cough these last several	last several days okay for like four		unalignable
figshare-osce	RES0060	NUMERIC	385 ok	5 okay		unalignable
figshare-osce	RES0060	NEGATION_FLIP	hasnt	hasn't		unalignable
figshare-osce	RES0060	NEGATION_FLIP	havent	haven't		unalignable
figshare-osce	RES0060	NEGATION_FLIP	havent	haven't		unalignable
figshare-osce	RES0060	NEGATION_FLIP	havent	haven't		unalignable
figshare-osce	RES0060	NEGATION_FLIP	havent	haven't		unalignable
figshare-osce	RES0060	NEGATION_FLIP	havent	haven't		unalignable
figshare-osce	RES0060	NEGATION_FLIP	havent	haven't		unalignable
figshare-osce	RES0060	NEGATION_FLIP	dont ok	don't okay		unalignable
figshare-osce	RES0060	NEGATION_FLIP	havent	haven't		unalignable
figshare-osce	RES0060	NEGATION_FLIP	havent	haven't		unalignable
figshare-osce	RES0060	NEGATION_FLIP	cant	can't		unalignable
figshare-osce	RES0060	NEGATION_FLIP	havent	haven't		unalignable
figshare-osce	RES0060	NEGATION_FLIP	cant	can't		unalignable
figshare-osce	RES0060	NEGATION_FLIP	dont	don't		unalignable
figshare-osce	RES0060	NEGATION_FLIP	havent	haven't		unalignable
figshare-osce	RES0060	NEGATION_FLIP	havent	haven't		unalignable
figshare-osce	RES0060	NEGATION_FLIP	havent	haven't		unalignable
figshare-osce	RES0060	NEGATION_FLIP	cant	can't		unalignable
figshare-osce	RES0060	NUMERIC	62	2		unalignable
figshare-osce	RES0060	NEGATION_FLIP	no			unalignable
figshare-osce	RES0060	NEGATION_FLIP	havent	haven't		unalignable
figshare-osce	RES0060	NEGATION_FLIP	dont	don't		unalignable
figshare-osce	RES0060	NEGATION_FLIP	havent	haven't		unalignable
figshare-osce	RES0060	NEGATION_FLIP	havent	haven't		unalignable
figshare-osce	RES0060	NEGATION_FLIP	dont	don't		unalignable
figshare-osce	RES0060	NEGATION_FLIP	uh no well i guess i was just concerned about about covi yeah you know thats the top on my list of differential diagnosis for you so what well do is a coviswab and that should come back in a day or so but we do encourage isolation for 14 days and that includes from your girlfriend as well so even if the coviswab comes back negative sometimes it can be false negative so as long as youre having these symptoms and these symptoms are common in covi we do ask that you isolate for 14 days if the swab comes back positive we will also notify public health so that they can get in touch with you and do some contact tracing to see where you may have gotten covifrom but other than that if its not coviit could likely be another upper respiratory viral illness because of this time of year a lot of different viruses are going around like common viruses or the flu you know so it could be one of those and then if youre still sick or your symptoms change we can reassess to make sure its not a bacterial infection or bacterial pneumonia in which case we can prescribe antibiotics ok yeah thank you for all that information sounds great ok well take care then alright thank you		uh i also was just concerned about about covid yeah you know left the top on on my list of differential diagnoses for you so what we will do is we will do a covid swab and that should come back in a day or so but we will we do encourage isolation for 14 days and that includes fromuh your girlfriend as well and so even if the covid swab comes back negative sometimes the falls negative so as long as you are having these symptoms these symptoms are common in covid so we do ask that you isolate for 14 days if the swab comes back positive we will also notify public health so that they can get in touch with you and do some contact tracing to see where you may have gotten covid from but other than that if it is not covid it could likely be another uh upper respir- respiratory viral illness uh because this time of year a lot of different viruses are going around like adenovirus or the flu you know so could be one of those and then uh if you are still sick uh or your symptoms change we can reassess uh to make sure it is not a bacterial infection uh or either a bacterial pneumonia in which case can prescribe uh antibiotics or gount all information uh unintelligible group okay take care then unintelligible	1
figshare-osce	RES0060	NUMERIC	uh no well i guess i was just concerned about about covi yeah you know thats the top on my list of differential diagnosis for you so what well do is a coviswab and that should come back in a day or so but we do encourage isolation for 14 days and that includes from your girlfriend as well so even if the coviswab comes back negative sometimes it can be false negative so as long as youre having these symptoms and these symptoms are common in covi we do ask that you isolate for 14 days if the swab comes back positive we will also notify public health so that they can get in touch with you and do some contact tracing to see where you may have gotten covifrom but other than that if its not coviit could likely be another upper respiratory viral illness because of this time of year a lot of different viruses are going around like common viruses or the flu you know so it could be one of those and then if youre still sick or your symptoms change we can reassess to make sure its not a bacterial infection or bacterial pneumonia in which case we can prescribe antibiotics ok yeah thank you for all that information sounds great ok well take care then alright thank you		uh i also was just concerned about about covid yeah you know left the top on on my list of differential diagnoses for you so what we will do is we will do a covid swab and that should come back in a day or so but we will we do encourage isolation for 14 days and that includes fromuh your girlfriend as well and so even if the covid swab comes back negative sometimes the falls negative so as long as you are having these symptoms these symptoms are common in covid so we do ask that you isolate for 14 days if the swab comes back positive we will also notify public health so that they can get in touch with you and do some contact tracing to see where you may have gotten covid from but other than that if it is not covid it could likely be another uh upper respir- respiratory viral illness uh because this time of year a lot of different viruses are going around like adenovirus or the flu you know so could be one of those and then uh if you are still sick uh or your symptoms change we can reassess uh to make sure it is not a bacterial infection uh or either a bacterial pneumonia in which case can prescribe uh antibiotics or gount all information uh unintelligible group okay take care then unintelligible	1
figshare-osce	RES0061	NEGATION_FLIP	i havent	haven't been		unalignable
figshare-osce	RES0061	NUMERIC	3	three		unalignable
figshare-osce	RES0061	NEGATION_FLIP	havent	haven't		unalignable
figshare-osce	RES0061	NEGATION_FLIP	i	haven't		unalignable
figshare-osce	RES0061	NEGATION_FLIP	havent	haven't		unalignable
figshare-osce	RES0061	NEGATION_FLIP	didnt	didn't		unalignable
figshare-osce	RES0061	NEGATION_FLIP	umm liquidy beacuse	liquid it's haven't		unalignable
figshare-osce	RES0061	NEGATION_FLIP	havent	haven't		unalignable
figshare-osce	RES0061	NEGATION_FLIP	pno	no		unalignable
figshare-osce	RES0061	NEGATION_FLIP	havent	haven't		unalignable
figshare-osce	RES0061	NEGATION_FLIP	havent	haven't		unalignable
figshare-osce	RES0061	NEGATION_FLIP	dont	don't		unalignable
figshare-osce	RES0061	NEGATION_FLIP	cant	can't		unalignable
figshare-osce	RES0061	NEGATION_FLIP	didnt	didn't		unalignable
figshare-osce	RES0061	NEGATION_FLIP	nope	no		unalignable
figshare-osce	RES0061	NEGATION_FLIP	dont	don't		unalignable
figshare-osce	RES0061	NEGATION_FLIP	havent	haven't		unalignable
figshare-osce	RES0061	NEGATION_FLIP	havent	haven't		unalignable
figshare-osce	RES0061	NEGATION_FLIP	wellit hasnt	wasn't hasn't		unalignable
figshare-osce	RES0061	NEGATION_FLIP	im	haven't		unalignable
figshare-osce	RES0061	NEGATION_FLIP	not			unalignable
figshare-osce	RES0061	NEGATION_FLIP	didnt	didn't		unalignable
figshare-osce	RES0061	NEGATION_FLIP	dont	don't		unalignable
figshare-osce	RES0061	NEGATION_FLIP	dont	don't		unalignable
figshare-osce	RES0061	NEGATION_FLIP	havent	haven't		unalignable
figshare-osce	RES0061	NEGATION_FLIP	didnt	didn't	did'	1
figshare-osce	RES0061	NEGATION_FLIP	dont dok	no okay		unalignable
figshare-osce	RES0061	NEGATION_FLIP	dont	don't		unalignable
figshare-osce	RES0061	NEGATION_FLIP	dont	don't		unalignable
figshare-osce	RES0061	NUMERIC	uh hes	he's 18		unalignable
figshare-osce	RES0061	NUMERIC	8th	eighth		unalignable
figshare-osce	RES0061	NUMERIC	8th	eighth		unalignable
figshare-osce	RES0061	NEGATION_FLIP	isnt	isn't		unalignable
figshare-osce	RES0061	LATERALITY	sorted	right	did the sort of lo	1
figshare-osce	RES0061	NEGATION_FLIP	dont	don't	don'	1
figshare-osce	RES0061	NEGATION_FLIP	dont	don't	don't	0
figshare-osce	RES0062	NUMERIC	3	three		unalignable
figshare-osce	RES0062	NEGATION_FLIP	dont	don't		unalignable
figshare-osce	RES0062	NEGATION_FLIP	havent	haven't		unalignable
figshare-osce	RES0062	NEGATION_FLIP	dont	don't	uh talking ok ort	1
figshare-osce	RES0062	NUMERIC	1	one		unalignable
figshare-osce	RES0062	NUMERIC	10 10	ten ten	to 10 10 being the worst	1
figshare-osce	RES0062	NUMERIC	7 at	seven a		unalignable
figshare-osce	RES0062	NEGATION_FLIP	cant	can't		unalignable
figshare-osce	RES0062	NEGATION_FLIP	doesnt	doesn't		unalignable
figshare-osce	RES0062	NEGATION_FLIP	havent ok	haven't okay		unalignable
figshare-osce	RES0062	NEGATION_FLIP	havent	haven't		unalignable
figshare-osce	RES0062	NEGATION_FLIP	havent	haven't		unalignable
figshare-osce	RES0062	NEGATION_FLIP	havent	haven't		unalignable
figshare-osce	RES0062	NEGATION_FLIP	havent	haven't		unalignable
figshare-osce	RES0062	NEGATION_FLIP	dont	don't		unalignable
figshare-osce	RES0062	NEGATION_FLIP	cant	can't		unalignable
figshare-osce	RES0062	NEGATION_FLIP	couldnt	couldn't		unalignable
figshare-osce	RES0062	NEGATION_FLIP	havent	haven't		unalignable
figshare-osce	RES0062	NEGATION_FLIP	havent	haven't		unalignable
figshare-osce	RES0062	NEGATION_FLIP	havent	haven't		unalignable
figshare-osce	RES0062	NUMERIC	4	four	four	0
figshare-osce	RES0062	NEGATION_FLIP	havent	haven't		unalignable
figshare-osce	RES0062	NEGATION_FLIP	um	no		unalignable
figshare-osce	RES0062	NEGATION_FLIP	havent	haven't		unalignable
figshare-osce	RES0062	NEGATION_FLIP	no			unalignable
figshare-osce	RES0062	NEGATION_FLIP	dont	don't		unalignable
figshare-osce	RES0062	NUMERIC	25	five		unalignable
figshare-osce	RES0062	NEGATION_FLIP	dont	don't		unalignable
figshare-osce	RES0062	NEGATION_FLIP	yes	no		unalignable
figshare-osce	RES0062	NEGATION_FLIP	havent	haven't		unalignable
figshare-osce	RES0062	NEGATION_FLIP	arent	aren't	not	0
figshare-osce	RES0063	NUMERIC	5	five	five	0
figshare-osce	RES0063	NUMERIC	5	five		unalignable
figshare-osce	RES0063	NEGATION_FLIP	havent	haven't		unalignable
figshare-osce	RES0063	NUMERIC	3	three		unalignable
figshare-osce	RES0063	NUMERIC	3	three		unalignable
figshare-osce	RES0063	NEGATION_FLIP	dont	don't	not	0
figshare-osce	RES0063	NEGATION_FLIP	dont	don't		unalignable
figshare-osce	RES0063	NEGATION_FLIP	dont	don't		unalignable
figshare-osce	RES0063	NEGATION_FLIP	havent	haven't		unalignable
figshare-osce	RES0063	NEGATION_FLIP	havent	haven't	nounig have that change mo uh	1
figshare-osce	RES0063	NEGATION_FLIP	dont	don't	don't	0
figshare-osce	RES0063	NEGATION_FLIP	havent	haven't	in' notice	1
figshare-osce	RES0063	NEGATION_FLIP	cant	can't		unalignable
figshare-osce	RES0063	NEGATION_FLIP	dont	don't	don't	0
figshare-osce	RES0063	NEGATION_FLIP	dont	don't	don'	1
figshare-osce	RES0063	NEGATION_FLIP	dont	don't	don't	0
figshare-osce	RES0063	NEGATION_FLIP	uhm no		uhm	0
figshare-osce	RES0063	NEGATION_FLIP	and	no	no uh	0
figshare-osce	RES0063	NEGATION_FLIP	dont	don't	amtired doally	1
figshare-osce	RES0063	NUMERIC	20s	twenties	20s to late 40s but then i quit	0
figshare-osce	RES0063	NUMERIC	40s	forties	20s to late 40s but then i quit	0
figshare-osce	RES0063	NUMERIC	1	one		unalignable
figshare-osce	RES0063	NEGATION_FLIP	didnt	didn't	not	0
figshare-osce	RES0063	NEGATION_FLIP	wont	won't	not	0
figshare-osce	RES0064	NEGATION_FLIP	dont	don't		unalignable
figshare-osce	RES0064	NEGATION_FLIP	dont	don't		unalignable
figshare-osce	RES0064	NEGATION_FLIP	didnt	didn't		unalignable
figshare-osce	RES0064	NEGATION_FLIP	think	don't	think there might be like a few lumps near his neck	1
figshare-osce	RES0064	NEGATION_FLIP	hasnt	hasn't		unalignable
figshare-osce	RES0064	NEGATION_FLIP	havent	haven't	lis haven' notic ness	1
figshare-osce	RES0064	NEGATION_FLIP	hasnt	hasn't	has not toldok and	0
figshare-osce	RES0064	NEGATION_FLIP	cant	can't	can	1
figshare-osce	RES0064	NEGATION_FLIP	hasnt	hasn't		unalignable
figshare-osce	RES0064	NEGATION_FLIP	didnt	didn't	did	1
figshare-osce	RES0064	NUMERIC	30s	um		unalignable
figshare-osce	RES0064	NUMERIC	2	two		unalignable
figshare-osce	RES0064	NUMERIC	2 ok	two okay		unalignable
figshare-osce	RES0064	NEGATION_FLIP	dont	don't		unalignable
figshare-osce	RES0064	NEGATION_FLIP	dont	don't		unalignable
figshare-osce	RES0064	NEGATION_FLIP	havent	haven't		unalignable
figshare-osce	RES0064	NEGATION_FLIP	you	no		unalignable
figshare-osce	RES0064	NEGATION_FLIP	dont	don't		unalignable
figshare-osce	RES0064	NEGATION_FLIP	dont	don't		unalignable
figshare-osce	RES0064	NEGATION_FLIP	dont	don't	not	0
figshare-osce	RES0064	NUMERIC	three or four or maybe even five definitely over four		score of right now at least three or four or maybe even five uh definitely over four	1
figshare-osce	RES0064	NUMERIC	him some antibiotics but we will do a rapid strep test first in the clinic here today just to rule out in or rule that out if		we can prescribe him some antibiotics uh but we will do a rapid strep test first in the clinic here today uh just to rule that in or rule that out if it comes	1
figshare-osce	RES0064	NUMERIC	throat we will give him a prescription for penicillin or amoxicillin for 10 days and then you can take that if his symptoms dont go away in a day or two because his symptoms also overlap with coviwe will do a swab for that as well and you should hear back within 24 to 48		thoughat we will give him u prescription for penicillin or amoxicillin for 10 days uh and can take that if his symptoms do not go away in a day or two uh because his symptoms also over a lot with covid we will uh do a swab for that as well and you should hear back within 240 48 hours	0
figshare-osce	RES0064	NUMERIC	should isolate for 14 days does that sound good yeah that sounds good ok great thank you thank you		shoulduh isolate for 14 days kay yeah sounds good okay thk you thank you	1
figshare-osce	RES0065	NEGATION_FLIP	doesnt	doesn't	not	0
figshare-osce	RES0065	NEGATION_FLIP	didnt	didn't	not	0
figshare-osce	RES0065	NEGATION_FLIP	doesnt	doesn't	not	0
figshare-osce	RES0065	LATERALITY	right now			unalignable
figshare-osce	RES0065	NUMERIC	7	seven	seven	0
figshare-osce	RES0065	NUMERIC	8	eight	eight	0
figshare-osce	RES0065	NEGATION_FLIP	dont	don't	don'	1
figshare-osce	RES0065	NEGATION_FLIP	havent	haven't	you	1
figshare-osce	RES0065	NEGATION_FLIP	myself	not	not	0
figshare-osce	RES0065	NEGATION_FLIP	didnt	didn't	didn't	0
figshare-osce	RES0065	NEGATION_FLIP	havent	haven't	not	0
figshare-osce	RES0066	NEGATION_FLIP	dont	don't	don not	0
figshare-osce	RES0066	NEGATION_FLIP	havent	haven't	have'	1
figshare-osce	RES0066	NEGATION_FLIP	um	no		unalignable
figshare-osce	RES0066	NEGATION_FLIP	dont	don't		unalignable
figshare-osce	RES0066	NEGATION_FLIP	wouldnt	wouldn't		unalignable
figshare-osce	RES0066	NEGATION_FLIP	um no			unalignable
figshare-osce	RES0066	NEGATION_FLIP	um	no	covid test do covid test	1
figshare-osce	RES0066	NEGATION_FLIP	no covitests	covid tests		unalignable
figshare-osce	RES0066	NEGATION_FLIP	dont	don't	don't	0
figshare-osce	RES0066	NUMERIC	espiratory infection like a pneumonia or it could be viral as well so the first thing we want to do is for sure get coviswab done and then we will also get since you were admitted as well recently we want to get an x ray on you just to see if theres any pneumonia ok and so well be keeping you here for a bit until everything comes back well get some blood work done for you as well to see if theres any infection in your body and then yeah so just sit tight well get all those things done is that ok with you yeah thats great thank you youre welcome yeah so well will be updating you shortly ok great thank you		uh upat infection like a pneumonia or it could be viral as well so the first thing we want to do is uh for sure get covid scab done the we will also get uh since you were admitted as well recently we want to uh do an x-ray on you just to see if there is any pneumonia and so we will be keeping you here for a bit until everything comes back we will get some uh blood work done for you as well to see if there is any infection in your body andtt we will get all those things done that with ye so will will be updating youortly	1
figshare-osce	RES0067	NUMERIC	2	two-year-old	two-year-old	0
figshare-osce	RES0067	NEGATION_FLIP	dont	don't	nott	1
figshare-osce	RES0067	NEGATION_FLIP	hasnt	hasn't	not	0
figshare-osce	RES0067	NUMERIC	385 and	38 5	5 uh	0
figshare-osce	RES0067	NUMERIC	38 385 ok	point five okay	38 5 okay andunell troble	0
figshare-osce	RES0067	NEGATION_FLIP	didnt	didn't	nott	1
figshare-osce	RES0067	NUMERIC	cough 2	cold two	cold two	0
figshare-osce	RES0067	NEGATION_FLIP	didnt	didn't	not	0
figshare-osce	RES0067	NEGATION_FLIP	didnt	didn't	not	0
figshare-osce	RES0067	LATERALITY	your epiglottis and it can kind of obstruct your throat its very urgent matter so thats why we will make sure you get to the er and uh you know well go from there does that sound i know it may be very worrying right now do you have any questions at all yeah do you know how long will she have to be in the hospital so right now we just need to make sure that shes stable like all her vitals you know when she gets to the er they can give her the appropriate antibiotics as well and based on that we need to make sure her breathing get stabilized so she might be in the er for one day if they think she needs to be on iv antibiotics in the hospital she might be in the hospital for a few more days or even a week so its really hard to say right now but our priority right now is to make sure shes stabilized in the er ok ok yeah that sounds good so ill give them a call right now and uh you can head over to the er or if you need a ride we can arrange to do that for you too ok great that sounds great thank you you too		think might be going on is with h flu you can get swelling of your epi- epiglottis and it can kind of obstruct your throat and uh it it is very urgent matters that' is why we will make sure you can to the er and uh you know and mo go from there does that sound i not it may be very worriing right now and give any questions at all uh s so right now uh we just need to make sure that uh uh she is stable like all her vitals you know when she gets to the er uh they can give her the appropriate antibiotics as well and based on that uh we need to make sure her breath thing gets stabilized so she might be in the er for one day if they think she needs to be on a higher like uh more antibiotics in the hospital she might be in the hospital for a few more days or even a week so it is it is really hard to say right now but	1
figshare-osce	RES0067	NUMERIC	your epiglottis and it can kind of obstruct your throat its very urgent matter so thats why we will make sure you get to the er and uh you know well go from there does that sound i know it may be very worrying right now do you have any questions at all yeah do you know how long will she have to be in the hospital so right now we just need to make sure that shes stable like all her vitals you know when she gets to the er they can give her the appropriate antibiotics as well and based on that we need to make sure her breathing get stabilized so she might be in the er for one day if they think she needs to be on iv antibiotics in the hospital she might be in the hospital for a few more days or even a week so its really hard to say right now but our priority right now is to make sure shes stabilized in the er ok ok yeah that sounds good so ill give them a call right now and uh you can head over to the er or if you need a ride we can arrange to do that for you too ok great that sounds great thank you you too		think might be going on is with h flu you can get swelling of your epi- epiglottis and it can kind of obstruct your throat and uh it it is very urgent matters that' is why we will make sure you can to the er and uh you know and mo go from there does that sound i not it may be very worriing right now and give any questions at all uh s so right now uh we just need to make sure that uh uh she is stable like all her vitals you know when she gets to the er uh they can give her the appropriate antibiotics as well and based on that uh we need to make sure her breath thing gets stabilized so she might be in the er for one day if they think she needs to be on a higher like uh more antibiotics in the hospital she might be in the hospital for a few more days or even a week so it is it is really hard to say right now but	1
figshare-osce	RES0068	NEGATION_FLIP	cant	can't	can't	0
figshare-osce	RES0068	NEGATION_FLIP	dont	don't	theyn not	0
figshare-osce	RES0068	NUMERIC	3	three-year-old	threeyear-old daughter okay uhm	0
figshare-osce	RES0068	NEGATION_FLIP	dont	don't	uh	1
figshare-osce	RES0068	NEGATION_FLIP	no antihistamines	you today	so no antihistamines	1
figshare-osce	RES0068	NEGATION_FLIP	amoxicillin sure so its only been three day since youre having these symptoms right and you havent had any high fever or anything like that have you measured your temperature i havent i havent no ok i dont feel hot though ok since its been three days what im going to do is still give you some antibiotics so amoxicillin and then well see like after you finish that dose how you feel and will set up another appointment for when we can do like a phone appointment and or clinic appointment when your doses are done does that sound good yeah that sounds great thank you ok youre welcome and hopefully you feel better thank you take care you too		amoxicillin so it has only been three days right since you are having these symptoms and you you have had any high fever or anything like that you meaur temperture days u what i am going to you some antibiotics uh amoxicillin and then uh will see like after you fin that dose how you feel uh and we will set up another appointment for when uh you can do like p appointment or clinic appointment u when your dose is done telligible	0
figshare-osce	RES0068	LATERALITY	amoxicillin sure so its only been three day since youre having these symptoms right and you havent had any high fever or anything like that have you measured your temperature i havent i havent no ok i dont feel hot though ok since its been three days what im going to do is still give you some antibiotics so amoxicillin and then well see like after you finish that dose how you feel and will set up another appointment for when we can do like a phone appointment and or clinic appointment when your doses are done does that sound good yeah that sounds great thank you ok youre welcome and hopefully you feel better thank you take care you too		amoxicillin so it has only been three days right since you are having these symptoms and you you have had any high fever or anything like that you meaur temperture days u what i am going to you some antibiotics uh amoxicillin and then uh will see like after you fin that dose how you feel uh and we will set up another appointment for when uh you can do like p appointment or clinic appointment u when your dose is done telligible	1
figshare-osce	RES0068	NUMERIC	amoxicillin sure so its only been three day since youre having these symptoms right and you havent had any high fever or anything like that have you measured your temperature i havent i havent no ok i dont feel hot though ok since its been three days what im going to do is still give you some antibiotics so amoxicillin and then well see like after you finish that dose how you feel and will set up another appointment for when we can do like a phone appointment and or clinic appointment when your doses are done does that sound good yeah that sounds great thank you ok youre welcome and hopefully you feel better thank you take care you too		amoxicillin so it has only been three days right since you are having these symptoms and you you have had any high fever or anything like that you meaur temperture days u what i am going to you some antibiotics uh amoxicillin and then uh will see like after you fin that dose how you feel uh and we will set up another appointment for when uh you can do like p appointment or clinic appointment u when your dose is done telligible	1
figshare-osce	RES0069	NEGATION_FLIP	dont	don't		unalignable
figshare-osce	RES0069	NEGATION_FLIP	dont	don't		unalignable
figshare-osce	RES0069	NEGATION_FLIP	dont	don't		unalignable
figshare-osce	RES0069	NEGATION_FLIP	dont	don't	okay you	1
figshare-osce	RES0069	NEGATION_FLIP	dont uh yes i said	don't ah yeah that's it		unalignable
figshare-osce	RES0069	NEGATION_FLIP	havent	haven't	uh she hasn'	1
figshare-osce	RES0069	NEGATION_FLIP	you see often	no that's it		unalignable
figshare-osce	RES0069	NEGATION_FLIP	dont	don't		unalignable
figshare-osce	RES0069	NEGATION_FLIP	yeah ok and just to get to know you a little bit better as well i was wondering if you could tell me a little bit about your living situation sure yeah i live with uh i live with my son and daughter and my grandson ok uhm and uhm ok yeah i think thats all i wanted to ask about today was there anything else that you wanted to tell me or maybe that i forgot to ask about uh no i dont think so do you think i have covid its its certainly possible it will be something we test for sure although the symptoms that youre experiencing with feeling or having a fever sore throat and not feeling well with the muscle aches and fatigue uhm its relatively nonspecific so as you mentioned it could be something like the common cold that youve experienced in the past so we cant rule that out either at this time but we will do some investigations including a nasal swab for covid and kind of go from there ok sounds good all right well get that started great		little bit better as well as wondering if you could tell me a little bit about your living situation okay uhm and uhm okay i think thats uh all i wanted to ask you about today uh was there anything else that you wanted to uh tell me or maybe that i forgot to ask about uhm its its uh certainly possible it will be something we uh test for uhm although the symptoms that you are experiencing with uh feeling uh having a fever uh sore throat and uh not feeling well with the muscle aches and fatigue uh it is relatively nonspecific so uh as you mentioned it could be something like the common cold uh that uh that you have experienced in the past uh so we can't rule out out either at this time but we will do uh some investigations uh including a a nasal swab for covid uh and and kind of go from there alright we will get that started	1
figshare-osce	RES0070	NEGATION_FLIP	no	okay		unalignable
figshare-osce	RES0070	NEGATION_FLIP	no ok			unalignable
figshare-osce	RES0070	NEGATION_FLIP	doesnt	doesn't		unalignable
figshare-osce	RES0070	NEGATION_FLIP	dont	don't		unalignable
figshare-osce	RES0070	NEGATION_FLIP	no	okay	uh	0
figshare-osce	RES0070	NEGATION_FLIP	dont	don't		unalignable
figshare-osce	RES0070	NEGATION_FLIP	no alright	all right		unalignable
figshare-osce	RES0070	NEGATION_FLIP	dont	don't		unalignable
figshare-osce	RES0070	NEGATION_FLIP	didnt	didn't	not	0
figshare-osce	RES0070	NEGATION_FLIP	at that time no i didnt i did yes i i did meet up with my friends and we went out for dinner i know were not supposed to but its been such a long time yeah i dont think they were sick at the time but i havent really talked to them after ok have you traveled anywhere no alright and so i dont think i asked did you have a fever or chills no not really oh ok uhm so the symptoms youve been experiencing youve had a headache thats been the most bothersome these these last couple of days which feels different than your migraines but youve also had a sore throat a cough shortness of breath as well as a little bit of muscle aches and fatigue over these last couple of days yeah that sounds right is there anything else no no i dont think so ok umm so im going to get the attending and well go through a physical exam and get some investigations ordered so that we can try to figure out whats going on ok ok thank you youre welcome		that time yeah okay uh you travel anywhere alright uhm and sorry i don't think i asked do you have a fever or or chills okay uhm so uh the symptoms you have been experiencing uh you had a headache that has been the most bothersome these these last uh couple of days which feels different than your migraines uh but she have also had a sore throat uhm a cough shortness of breath uh as well as a little bit of uhm muscle aches and and fatigue over these couple of days anyth else okay uh so uhm i am going to uh i will get uh the attending and will go through a physical exam uh and uh get some investigations ordered so that we can uh try to figure out whats what' is going on okay her	1
figshare-osce	RES0070	LATERALITY	at that time no i didnt i did yes i i did meet up with my friends and we went out for dinner i know were not supposed to but its been such a long time yeah i dont think they were sick at the time but i havent really talked to them after ok have you traveled anywhere no alright and so i dont think i asked did you have a fever or chills no not really oh ok uhm so the symptoms youve been experiencing youve had a headache thats been the most bothersome these these last couple of days which feels different than your migraines but youve also had a sore throat a cough shortness of breath as well as a little bit of muscle aches and fatigue over these last couple of days yeah that sounds right is there anything else no no i dont think so ok umm so im going to get the attending and well go through a physical exam and get some investigations ordered so that we can try to figure out whats going on ok ok thank you youre welcome		that time yeah okay uh you travel anywhere alright uhm and sorry i don't think i asked do you have a fever or or chills okay uhm so uh the symptoms you have been experiencing uh you had a headache that has been the most bothersome these these last uh couple of days which feels different than your migraines uh but she have also had a sore throat uhm a cough shortness of breath uh as well as a little bit of uhm muscle aches and and fatigue over these couple of days anyth else okay uh so uhm i am going to uh i will get uh the attending and will go through a physical exam uh and uh get some investigations ordered so that we can uh try to figure out whats what' is going on okay her	0
figshare-osce	RES0071	NEGATION_FLIP	hasnt	hasn't	not	0
figshare-osce	RES0071	NEGATION_FLIP	dont its uh	don't it's whitish	uh its uh white	1
figshare-osce	RES0071	NEGATION_FLIP	couldnt	couldn't	could	1
figshare-osce	RES0071	NEGATION_FLIP	cant	can't		unalignable
figshare-osce	RES0071	NEGATION_FLIP	no	nope		unalignable
figshare-osce	RES0071	NEGATION_FLIP	dont	don't		unalignable
figshare-osce	RES0072	NUMERIC	the sore throat	one though i	and are you having any other symptoms besides the sore throat	1
figshare-osce	RES0072	NEGATION_FLIP	havent	haven't	would	1
figshare-osce	RES0072	NUMERIC	1	one	one	0
figshare-osce	RES0072	NUMERIC	10 1	ten one	to 10 one	0
figshare-osce	RES0072	NUMERIC	10	ten	10 being the worst uh i would say uh	1
figshare-osce	RES0072	NUMERIC	a 6	six it's	sx it is	0
figshare-osce	RES0072	NEGATION_FLIP	havent	haven't	haven't	0
figshare-osce	RES0072	NEGATION_FLIP	cant	can't	cant really	1
figshare-osce	RES0072	NEGATION_FLIP	havent	haven't	haven'	1
figshare-osce	RES0072	NEGATION_FLIP	havent	haven't	have	1
figshare-osce	RES0072	NEGATION_FLIP	dont ok	don't okay	don't okay	0
figshare-osce	RES0072	NEGATION_FLIP	no		at school that was sick around you no not that i	1
figshare-osce	RES0072	NEGATION_FLIP	anything that i may have missed or anything you want to tell me no thats everything thats been happening over the last couple of days ok alright so yeah it seems that from your age and some of your symptoms we will definitely do a testing for strep throat it seems that you meet that criteria and we also want to make sure that since youre having other symptoms as well just to do a covid test just in case well take your temperature as well and we might give you some antibiotics as well to treat you and relieve some of those symptoms so yeah just hang tight well get the swab done for you for the covid test as well as strep throat and then well go from there great thank you youre welcome take care		anything that i may have missistered anything one is on me no that is everything that that over the last couple of days okay so uh yeah there is uh it it seems that uh patientname from your age and some of your symptoms uh uh we will definitely do a testing for u uh strep throat uh and it seems that you meet uh that criteria and we also want to make sure since you are having uh other symptoms as well uh just to do a covid test uh just in case and uh it has just been happening for one day it does not seem that you will take your temperature as well uh and uh we we might give you some antibiotics as well uh to treat you and relieve some of those symptoms sa h just u hangtype we will get the swab done for you for the covid test as well as strep throat and then we will go from there gre thank you unintelligible take carere patient	1
figshare-osce	RES0073	NUMERIC	5	five	five	0
figshare-osce	RES0073	NUMERIC	8	eight	eight	0
figshare-osce	RES0073	NUMERIC	5	five	five	0
figshare-osce	RES0073	NEGATION_FLIP	dont	don't	not	0
figshare-osce	RES0073	NEGATION_FLIP	didnt	didn't	not	0
figshare-osce	RES0073	NEGATION_FLIP	no	nope		unalignable
figshare-osce	RES0073	NEGATION_FLIP	no			unalignable
figshare-osce	RES0073	NEGATION_FLIP	uh no	nope okay		unalignable
figshare-osce	RES0073	NEGATION_FLIP	dont	don't	don'	1
figshare-osce	RES0073	NEGATION_FLIP	dont	don't	don't	0
figshare-osce	RES0073	NEGATION_FLIP	dont	don't		unalignable
figshare-osce	RES0073	NEGATION_FLIP	dont	don't	don't	0
figshare-osce	RES0073	NEGATION_FLIP	didnt	didn't	did'	1
figshare-osce	RES0073	NEGATION_FLIP	no		no nowhere else	1
figshare-osce	RES0073	NUMERIC	once	one	one	0
figshare-osce	RES0073	NEGATION_FLIP	uh	no	any cancer in the family uh no no	0
figshare-osce	RES0073	NEGATION_FLIP	didnt	didn't	didn'	1
figshare-osce	RES0074	NUMERIC	5	five	five	0
figshare-osce	RES0074	NUMERIC	3	three	three	0
figshare-osce	RES0074	NUMERIC	5	five	five	0
figshare-osce	RES0074	NEGATION_FLIP	didnt	didn't	didn't	0
figshare-osce	RES0074	NEGATION_FLIP	wouldnt	wouldn't	not'	1
figshare-osce	RES0074	NUMERIC	3	three	three	0
figshare-osce	RES0074	NEGATION_FLIP	dont	don't	don't	0
figshare-osce	RES0074	NEGATION_FLIP	dont	don't	don't	0
figshare-osce	RES0074	NUMERIC	3	three	three	0
figshare-osce	RES0074	NUMERIC	1	one	one	0
figshare-osce	RES0074	NUMERIC	2	two	two	0
figshare-osce	RES0074	NUMERIC	6 or	six seven	six to seven	0
figshare-osce	RES0074	NUMERIC	7		six to seven	0
figshare-osce	RES0074	NEGATION_FLIP	dont	don't	don't	0
figshare-osce	RES0074	NEGATION_FLIP	uhm no		i no i	1
figshare-osce	RES0074	NEGATION_FLIP	dont	don't	don't	0
figshare-osce	RES0074	NEGATION_FLIP	dont	don't	don't	0
figshare-osce	RES0074	NEGATION_FLIP	havent	haven't	haven't	0
figshare-osce	RES0074	NEGATION_FLIP	dont	don't	don't	0
figshare-osce	RES0074	NEGATION_FLIP	no ok	okay um	think so no okay u	1
figshare-osce	RES0074	NEGATION_FLIP	no	or	had a cough no	1
figshare-osce	RES0074	NEGATION_FLIP	no	nope	nou	0
figshare-osce	RES0074	NEGATION_FLIP	havent	haven't	not	0
figshare-osce	RES0074	NEGATION_FLIP	no ok	nope okay	no okay	1
figshare-osce	RES0074	NEGATION_FLIP	uhm no	nope okay	uh no	1
figshare-osce	RES0074	NEGATION_FLIP	no		been sick no no one has been	1
figshare-osce	RES0074	NEGATION_FLIP	hasnt	hasn't	not	0
figshare-osce	RES0074	NEGATION_FLIP	havent	haven't		unalignable
figshare-osce	RES0074	NEGATION_FLIP	dont	don't	don't	0
figshare-osce	RES0074	NEGATION_FLIP	dont	don't	don't	0
figshare-osce	RES0074	NEGATION_FLIP	no		no	1
figshare-osce	RES0074	NEGATION_FLIP	hasnt	hasn't	okayu sheah has not	0
figshare-osce	RES0074	NEGATION_FLIP	dont	don't	not	0
figshare-osce	RES0075	NUMERIC	2	two	likeh two	0
figshare-osce	RES0075	NUMERIC	2	two	two	0
figshare-osce	RES0075	NUMERIC	1	one	one	0
figshare-osce	RES0075	NEGATION_FLIP	dont	don't	not	0
figshare-osce	RES0075	NEGATION_FLIP	dont	don't	not	0
figshare-osce	RES0075	NEGATION_FLIP	dont	don't	do't	1
figshare-osce	RES0075	NEGATION_FLIP	no ok	nope okay	any dizziness or lightheadedness no okay	1
figshare-osce	RES0075	NEGATION_FLIP	dont	don't	do'	1
figshare-osce	RES0075	NEGATION_FLIP	no ok	nope okay	no okay uh	1
figshare-osce	RES0075	NEGATION_FLIP	no	nope	no any bowel problems like diarrhea or constipation no nothing like that and any abdominal pain no have you had any nausea or vomiting	1
figshare-osce	RES0075	NEGATION_FLIP	no ok	nope okay	okay	0
figshare-osce	RES0075	NEGATION_FLIP	no ok	nope okay	no okay	1
figshare-osce	RES0075	NEGATION_FLIP	havent	haven't		unalignable
figshare-osce	RES0075	NUMERIC	1	one	how much would you say like 1	1
figshare-osce	RES0075	NUMERIC	1	one	1	1
figshare-osce	RES0075	NUMERIC	2	two	uh okay uh	0
figshare-osce	RES0075	NEGATION_FLIP	havent	haven't	not	0
figshare-osce	RES0076	NEGATION_FLIP	no		no i	1
figshare-osce	RES0076	NEGATION_FLIP	havent	haven't	haven't	0
figshare-osce	RES0076	NEGATION_FLIP	dont	don't	not	0
figshare-osce	RES0076	NEGATION_FLIP	havent	haven't	i have not	0
figshare-osce	RES0076	NEGATION_FLIP	no		no no fevers or chills	1
figshare-osce	RES0076	NEGATION_FLIP	havent	haven't	i have not not	0
figshare-osce	RES0076	NEGATION_FLIP	havent	haven't	not have	0
figshare-osce	RES0076	NUMERIC	one	a	160	0
figshare-osce	RES0076	NEGATION_FLIP	havent	haven't	have not	0
figshare-osce	RES0076	NUMERIC	2	two	two	0
figshare-osce	RES0076	NEGATION_FLIP	dont	don't	not	0
figshare-osce	RES0076	NEGATION_FLIP	dont	don't	don't	0
figshare-osce	RES0076	NEGATION_FLIP	dont ok	don't okay	okay uh	1
figshare-osce	RES0076	NUMERIC	see if there is any presence the one thing that we		can even take a sample of that as well and see if there is anysence the one thing that we are concerned about	1
figshare-osce	RES0076	LATERALITY	concerned about with some of your symptoms and a long history of smoking as well is lung cancer so yeah we will do a chest xray get some cytology done as well and then once we have that in the future we may need to maybe do a biopsy but right now well do a few of the first things that i mentioned and then go from there that sounds good thank		the one thing that we are concerned about uh with some of your symptoms and a long history of uh smoking as well as lung cancer s yeah we we will do a chest x-ray get some cytology done as well and then uh once we have thath in the future we may need to maybe do a biopsy but right now we will do few of the first things that i mentioned and then go from there thats good thank you	1
figshare-osce	RES0076	NUMERIC	concerned about with some of your symptoms and a long history of smoking as well is lung cancer so yeah we will do a chest xray get some cytology done as well and then once we have that in the future we may need to maybe do a biopsy but right now well do a few of the first things that i mentioned and then go from there that sounds good thank		the one thing that we are concerned about uh with some of your symptoms and a long history of uh smoking as well as lung cancer s yeah we we will do a chest x-ray get some cytology done as well and then uh once we have thath in the future we may need to maybe do a biopsy but right now we will do few of the first things that i mentioned and then go from there thats good thank you	0
figshare-osce	RES0077	NEGATION_FLIP	hasnt	hasn't	has't	1
figshare-osce	RES0077	NEGATION_FLIP	havent	haven't	haven't	0
figshare-osce	RES0077	NEGATION_FLIP	havent ok	haven't okay	haven'	1
figshare-osce	RES0077	NEGATION_FLIP	cant	can't	canot	1
figshare-osce	RES0077	NEGATION_FLIP	havent	haven't	not	0
figshare-osce	RES0077	NEGATION_FLIP	havent	haven't	not	0
figshare-osce	RES0077	NEGATION_FLIP	havent	haven't		unalignable
figshare-osce	RES0077	NEGATION_FLIP	havent	haven't	not	0
figshare-osce	RES0077	NEGATION_FLIP	havent	haven't		unalignable
figshare-osce	RES0077	NEGATION_FLIP	havent	haven't		unalignable
figshare-osce	RES0077	NEGATION_FLIP	havent	haven't		unalignable
figshare-osce	RES0077	NEGATION_FLIP	dont	don't	don't	0
figshare-osce	RES0077	NEGATION_FLIP	dont	don't	not	0
figshare-osce	RES0077	NEGATION_FLIP	didnt	didn't	did	1
figshare-osce	RES0077	NEGATION_FLIP	wasnt	wasn't	b was not	0
figshare-osce	RES0077	NEGATION_FLIP	havent	haven't		unalignable
figshare-osce	RES0077	NEGATION_FLIP	dont	don't		unalignable
figshare-osce	RES0077	NEGATION_FLIP	havent	haven't		unalignable
figshare-osce	RES0077	NEGATION_FLIP	didnt	didn't	did	1
figshare-osce	RES0077	NEGATION_FLIP	dont	don't	do	1
figshare-osce	RES0077	NEGATION_FLIP	havent	haven't	not	0
figshare-osce	RES0077	NEGATION_FLIP	dont	don't	don't	0
figshare-osce	RES0077	NUMERIC	sixtythree	63	uh	1
figshare-osce	RES0077	NEGATION_FLIP	dont	don't	don't	0
figshare-osce	RES0077	NEGATION_FLIP	didnt	didn't	not	0
figshare-osce	RES0077	NEGATION_FLIP	dont ok	don't okay	don't okay	0
figshare-osce	RES0077	NEGATION_FLIP	dont	don't	uh	1
figshare-osce	RES0077	NEGATION_FLIP	dont	don't	don't	0
figshare-osce	RES0078	NEGATION_FLIP	uhm not like		not reallyan little	1
figshare-osce	RES0078	NEGATION_FLIP	dont	don't		unalignable
figshare-osce	RES0078	NEGATION_FLIP	copno	no		unalignable
figshare-osce	RES0078	NUMERIC	threefour	four		unalignable
figshare-osce	RES0078	NEGATION_FLIP	havent	haven't		unalignable
figshare-osce	RES0078	NEGATION_FLIP	havent	haven't		unalignable
figshare-osce	RES0078	NUMERIC	one	1		unalignable
figshare-osce	RES0078	NUMERIC	ten	10		unalignable
figshare-osce	RES0078	NUMERIC	ten	10		unalignable
figshare-osce	RES0078	NEGATION_FLIP	havent	haven't		unalignable
figshare-osce	RES0078	NEGATION_FLIP	havent	haven't		unalignable
figshare-osce	RES0078	NEGATION_FLIP	doesnt	doesn't		unalignable
figshare-osce	RES0078	NUMERIC	threefour	four		unalignable
figshare-osce	RES0078	NEGATION_FLIP	havent	haven't		unalignable
figshare-osce	RES0078	NEGATION_FLIP	dont	don't		unalignable
figshare-osce	RES0078	NEGATION_FLIP	dont	don't	not	0
figshare-osce	RES0078	NEGATION_FLIP	dont	don't		unalignable
figshare-osce	RES0078	NEGATION_FLIP	havent	haven't		unalignable
figshare-osce	RES0078	NUMERIC	seventies	70s		unalignable
figshare-osce	RES0078	NEGATION_FLIP	havent	haven't		unalignable
figshare-osce	RES0079	NUMERIC	thirty	38		unalignable
figshare-osce	RES0079	NUMERIC	eight			unalignable
figshare-osce	RES0079	NEGATION_FLIP	dont	don't	uh i	1
figshare-osce	RES0079	NEGATION_FLIP	havent	haven't		unalignable
figshare-osce	RES0079	NEGATION_FLIP	havent	haven't		unalignable
figshare-osce	RES0079	NEGATION_FLIP	dont	don't		unalignable
figshare-osce	RES0079	NEGATION_FLIP	havent	haven't		unalignable
figshare-osce	RES0079	NUMERIC	twenty	20		unalignable
figshare-osce	RES0079	NEGATION_FLIP	dont	don't		unalignable
figshare-osce	RES0079	NEGATION_FLIP	dont	don't		unalignable
figshare-osce	RES0079	NEGATION_FLIP	and well check your temperature here as well just uh i think something that i forgot to ask have you taken any medications that has helped you with your symptoms uh no i havent taken anything ok alright well thank you ill go talk to my attending and well come back and discuss this further with you that sounds great thank you		go from there and we	0
figshare-osce	RES0080	NEGATION_FLIP	dont	don't		unalignable
figshare-osce	RES0080	NEGATION_FLIP	dont	don't		unalignable
figshare-osce	RES0080	NEGATION_FLIP	dont	don't		unalignable
figshare-osce	RES0080	NEGATION_FLIP	dont	don't		unalignable
figshare-osce	RES0080	NEGATION_FLIP	dont	don't		unalignable
figshare-osce	RES0080	NEGATION_FLIP	cant	can't		unalignable
figshare-osce	RES0080	NEGATION_FLIP	dont	don't		unalignable
figshare-osce	RES0080	NEGATION_FLIP	didnt ok	didn't okay	okay we will will	1
figshare-osce	RES0080	NEGATION_FLIP	dont	don't	uu noticed any	1
figshare-osce	RES0080	NEGATION_FLIP	no uh		uh	0
figshare-osce	RES0080	NEGATION_FLIP	dont	don't		unalignable
figshare-osce	RES0080	NEGATION_FLIP	dont	don't		unalignable
figshare-osce	RES0080	NEGATION_FLIP	wasnt	wasn't		unalignable
figshare-osce	RES0080	NEGATION_FLIP	dont	don't		unalignable
figshare-osce	RES0080	NEGATION_FLIP	alright	no		unalignable
figshare-osce	RES0080	NEGATION_FLIP	dont	don't		unalignable
figshare-osce	RES0080	NUMERIC	fortyfive	45		unalignable
figshare-osce	RES0080	NEGATION_FLIP	dont	don't		unalignable
figshare-osce	RES0080	NEGATION_FLIP	cant	can't		unalignable
figshare-osce	RES0080	NEGATION_FLIP	alright and so youve been experiencing worsening sputum production that now has a green color to it and now having a bit more more short of breath which sounds like copexacerbation especially since its a similar type of presentation as before and so well order a chest xray some blood gases and do a sputum culture and possibly start antibiotics but depending on the severity we may not not need to just yet and then well also use some inhalers as well as inhaled steroid to help with the inflammation in the airways sure alright well get that started thank you		alright uhm and so uh even experiencing uhm worsening uhm sputum production that now has uh a green uh colored to it uh and now having a bit more more short of breath uh which uh sounds like uhm a copd uh exacerbation especially since it is uh in similar type of uh presentation as as before uh and so uhm since uh so we will order uh a chest x-ray uhm some blood gases uhm and uh do sputum culture and uhm possibly start uh uh antibiotics but uh depending on the severity uh we may not not need to uh just yet uh uh but we will and then will also uh use some uh inhalers as well as uh inhaled steroids to help uh with the inflammation in the airways alright we will get that started thank you	1
figshare-osce	RES0081	NUMERIC	whos 5	this five-year-old		unalignable
figshare-osce	RES0081	NEGATION_FLIP	doesnt	doesn't		unalignable
figshare-osce	RES0081	NEGATION_FLIP	didnt	didn't		unalignable
figshare-osce	RES0081	NEGATION_FLIP	hasnt	hasn't	okay uhm and uh	1
figshare-osce	RES0081	NEGATION_FLIP	hasnt	hasn't		unalignable
figshare-osce	RES0081	NEGATION_FLIP	doesnt	doesn't		unalignable
figshare-osce	RES0081	NEGATION_FLIP	dont	don't		unalignable
figshare-osce	RES0081	NEGATION_FLIP	hasnt	hasn't		unalignable
figshare-osce	RES0081	NEGATION_FLIP	dont	don't		unalignable
figshare-osce	RES0081	NEGATION_FLIP	dont	don't		unalignable
figshare-osce	RES0081	NEGATION_FLIP	dont	don't		unalignable
figshare-osce	RES0081	NEGATION_FLIP	dont	don't		unalignable
figshare-osce	RES0081	NEGATION_FLIP	doesnt ok	doesn't okay		unalignable
figshare-osce	RES0081	NEGATION_FLIP	have	haven't		unalignable
figshare-osce	RES0081	NUMERIC	who is	who's two	who is	1
figshare-osce	RES0081	NUMERIC	2		living	0
figshare-osce	RES0081	NEGATION_FLIP	dont	don't		unalignable
figshare-osce	RES0081	NEGATION_FLIP	dont	don't		unalignable
figshare-osce	RES0081	NEGATION_FLIP	no	nope		unalignable
figshare-osce	RES0081	NEGATION_FLIP	no	like		unalignable
figshare-osce	RES0082	NEGATION_FLIP	oh no when did that start			unalignable
figshare-osce	RES0082	NUMERIC	2	two		unalignable
figshare-osce	RES0082	NEGATION_FLIP	dont	don't		unalignable
figshare-osce	RES0082	NEGATION_FLIP	hasnt	hasn't		unalignable
figshare-osce	RES0082	NEGATION_FLIP	havent	haven't		unalignable
figshare-osce	RES0082	NEGATION_FLIP	havent	haven't		unalignable
figshare-osce	RES0082	NEGATION_FLIP	dont	don't		unalignable
figshare-osce	RES0082	NEGATION_FLIP	havent	haven't		unalignable
figshare-osce	RES0082	NEGATION_FLIP	havent	haven't		unalignable
figshare-osce	RES0082	NEGATION_FLIP	havent	haven't		unalignable
figshare-osce	RES0082	NEGATION_FLIP	dont	don't		unalignable
figshare-osce	RES0082	NEGATION_FLIP	didnt	didn't		unalignable
figshare-osce	RES0082	NUMERIC	8	eight		unalignable
figshare-osce	RES0082	NEGATION_FLIP	dont	don't		unalignable
figshare-osce	RES0082	NEGATION_FLIP	havent	haven't		unalignable
figshare-osce	RES0082	NEGATION_FLIP	a bacterial infection or if theres something else thats going on you dont have any difficulties breathing do you no i dont alright ok alright umm well do a physical exam and then chat a little bit more after ok thank you		a bacterial infection or there is something else that is going on uh you you don' have any difficulty breathing do youalr okay will do a physical exam andn unintelligible y unintelligible	0
figshare-osce	RES0083	NUMERIC	3	three		unalignable
figshare-osce	RES0083	NEGATION_FLIP	havent	haven't		unalignable
figshare-osce	RES0083	NEGATION_FLIP	isnt	isn't		unalignable
figshare-osce	RES0083	NEGATION_FLIP	dont	don't		unalignable
figshare-osce	RES0083	NEGATION_FLIP	dont	don't		unalignable
figshare-osce	RES0083	NEGATION_FLIP	no	nope		unalignable
figshare-osce	RES0083	NEGATION_FLIP	havent	haven't		unalignable
figshare-osce	RES0083	NEGATION_FLIP	dont	don't		unalignable
figshare-osce	RES0083	NEGATION_FLIP	no ok alright ok	right all right okay		unalignable
figshare-osce	RES0084	NUMERIC	38 or 39	389 and yes	was like 38 uh uh 9 and yes	0
figshare-osce	RES0084	NUMERIC	to 39 ok	okay where okay		unalignable
figshare-osce	RES0084	NEGATION_FLIP	dont	don't	don't	0
figshare-osce	RES0084	NUMERIC	severitywise 1	wise one	is one	0
figshare-osce	RES0084	NUMERIC	10 10 being	ten can be	to 10 10 being the worst headache	1
figshare-osce	RES0084	NUMERIC	8	eight	eight	0
figshare-osce	RES0084	NUMERIC	9	nine	nineya okay	0
figshare-osce	RES0084	NEGATION_FLIP	dont	don't	don't	0
figshare-osce	RES0084	NEGATION_FLIP	dont	don't	don't	0
figshare-osce	RES0084	NEGATION_FLIP	havent	haven't	been	1
figshare-osce	RES0084	NEGATION_FLIP	i couldnt	it couldn't	couldn't	0
figshare-osce	RES0084	NEGATION_FLIP	havent	haven't		unalignable
figshare-osce	RES0084	NEGATION_FLIP	no	nope	noticed in your limbs no no	1
figshare-osce	RES0084	NEGATION_FLIP	cant	can't	can't	0
figshare-osce	RES0084	NEGATION_FLIP	dont	don't	don't	0
figshare-osce	RES0084	NEGATION_FLIP	ok no	okay recrational	kay no recreational	1
figshare-osce	RES0084	NEGATION_FLIP	dont	don't		unalignable
figshare-osce	RES0084	NEGATION_FLIP	dont	don't	don'	1
figshare-osce	RES0084	NEGATION_FLIP	dont	don't	don't	0
figshare-osce	RES0085	NEGATION_FLIP	dont	don't	don't	0
figshare-osce	RES0085	NEGATION_FLIP	dont	don't	don't	0
figshare-osce	RES0085	NUMERIC	38	387		unalignable
figshare-osce	RES0085	NUMERIC	7			unalignable
figshare-osce	RES0085	NEGATION_FLIP	dont	don't	do'	1
figshare-osce	RES0085	NEGATION_FLIP	havent notice	haven't noticed	it is	1
figshare-osce	RES0085	NEGATION_FLIP	dont	don't	don't	0
figshare-osce	RES0085	NEGATION_FLIP	dont	don't	don't	0
figshare-osce	RES0085	NEGATION_FLIP	hasnt	hasn't		unalignable
figshare-osce	RES0085	NEGATION_FLIP	dont	don't	don'	1
figshare-osce	RES0085	NEGATION_FLIP	havent	haven't	have't	1
figshare-osce	RES0085	NEGATION_FLIP	dont	don't	don't	0
figshare-osce	RES0085	NEGATION_FLIP	didnt	didn't	i you did	1
figshare-osce	RES0085	NUMERIC	two	two-month	two months	1
figshare-osce	RES0085	NEGATION_FLIP	how does that sound yeah and will he need to stay in the hospital at all yeah so for now because if he is in any distress and if he needs oxygen and iv hydration hell need to stay in the hospital until hes better from that standpoint i should also mention we should do a covid swab on him as well because his symptoms are in line with covid as well so well have to do that to rule it out ok yeah that sounds good uh uh yeah thank you so much yeah no worries		antibiotic had thatsound ye andally need to stay in the hospital little yah so for now because if he is in any distress and if he needs oxygen uh and hyd- iv hydration he will need to stay in the hospital uh until he is better from that standpoint uh i should also mention we should do a covid swab on him as well because his uh symptoms are in line with covid as well so we will have to do that to rule it out okay ye unintelligible uh ye unintell	0
figshare-osce	RES0086	NEGATION_FLIP	havent	haven't	haven't	0
figshare-osce	RES0086	NEGATION_FLIP	havent	haven't		unalignable
figshare-osce	RES0086	NEGATION_FLIP	dont	don't	don't	0
figshare-osce	RES0086	NUMERIC	10	ten	would say 10	1
figshare-osce	RES0086	NUMERIC	15	fifteen	to 15 minutes	1
figshare-osce	RES0086	NEGATION_FLIP	dont	don't	do'	1
figshare-osce	RES0086	NEGATION_FLIP	dont	don't	don't	0
figshare-osce	RES0086	NEGATION_FLIP	havent	haven't	have'	1
figshare-osce	RES0086	NEGATION_FLIP	no	know	i	0
figshare-osce	RES0086	NEGATION_FLIP	dont	don't	don't	0
figshare-osce	RES0086	NEGATION_FLIP	no	nope	nausea vomiting no changes to	1
figshare-osce	RES0086	NEGATION_FLIP	dont	don't	nott	1
figshare-osce	RES0086	NUMERIC	of	m1	family history of lung conditions or heart conditions	1
figshare-osce	RES0086	NEGATION_FLIP	dont	don't	don't	0
figshare-osce	RES0086	NEGATION_FLIP	cant	can't	can't	0
figshare-osce	RES0086	NEGATION_FLIP	dont	don't	don't	0
figshare-osce	RES0086	NEGATION_FLIP	havent	haven't		unalignable
figshare-osce	RES0086	NEGATION_FLIP	dont	don't	don't	0
figshare-osce	RES0086	NEGATION_FLIP	dont	don't	do do'	1
figshare-osce	RES0086	NUMERIC	two	do	to	0
figshare-osce	RES0086	NEGATION_FLIP	give you a long acting ok as well as an inhaled cortico steroid so actually you know what well give you an inhaled cortico steroid and a short acting beta agonist because you cant use both the steroid and the long so well start with those two well start with the short acting as well as inhaled cortico steroid and if we find that your asthma is just based on like exertion or like something called athletic asthma we can also try something called cromolyn instead but well discuss that more right now our priority is to get your symptoms under control so well start with the short acting as well as the inhaled cortico steroid how does that sound yeah that sounds good thank you so much yeah no problem		give you a long acting uho as well as an inhaled corticosteroid uh so actually you know what we will give you an inhaled corticosteroid and a shortacting beta agonist because you can't use both theuh both the steroid and the lung uh so we we will do we will we will start with the we will start with those two we will start with the short acting as well as inhaled corticosteroid uh and if we find that your asthma is just based on like uh exertion or like something called athletic asthma we can also try something callchromoin instead uh but we will discuss that more right now our priority is to get your symptoms under control so we will start with the short acting as well as the inhaled corticosteroid how is that sound unintelligible you and no problem	1
figshare-osce	RES0086	LATERALITY	give you a long acting ok as well as an inhaled cortico steroid so actually you know what well give you an inhaled cortico steroid and a short acting beta agonist because you cant use both the steroid and the long so well start with those two well start with the short acting as well as inhaled cortico steroid and if we find that your asthma is just based on like exertion or like something called athletic asthma we can also try something called cromolyn instead but well discuss that more right now our priority is to get your symptoms under control so well start with the short acting as well as the inhaled cortico steroid how does that sound yeah that sounds good thank you so much yeah no problem		give you a long acting uho as well as an inhaled corticosteroid uh so actually you know what we will give you an inhaled corticosteroid and a shortacting beta agonist because you can't use both theuh both the steroid and the lung uh so we we will do we will we will start with the we will start with those two we will start with the short acting as well as inhaled corticosteroid uh and if we find that your asthma is just based on like uh exertion or like something called athletic asthma we can also try something callchromoin instead uh but we will discuss that more right now our priority is to get your symptoms under control so we will start with the short acting as well as the inhaled corticosteroid how is that sound unintelligible you and no problem	1
figshare-osce	RES0086	NUMERIC	give you a long acting ok as well as an inhaled cortico steroid so actually you know what well give you an inhaled cortico steroid and a short acting beta agonist because you cant use both the steroid and the long so well start with those two well start with the short acting as well as inhaled cortico steroid and if we find that your asthma is just based on like exertion or like something called athletic asthma we can also try something called cromolyn instead but well discuss that more right now our priority is to get your symptoms under control so well start with the short acting as well as the inhaled cortico steroid how does that sound yeah that sounds good thank you so much yeah no problem		give you a long acting uho as well as an inhaled corticosteroid uh so actually you know what we will give you an inhaled corticosteroid and a shortacting beta agonist because you can't use both theuh both the steroid and the lung uh so we we will do we will we will start with the we will start with those two we will start with the short acting as well as inhaled corticosteroid uh and if we find that your asthma is just based on like uh exertion or like something called athletic asthma we can also try something callchromoin instead uh but we will discuss that more right now our priority is to get your symptoms under control so we will start with the short acting as well as the inhaled corticosteroid how is that sound unintelligible you and no problem	1
figshare-osce	RES0087	NEGATION_FLIP	dont	don't	don't	0
figshare-osce	RES0087	NEGATION_FLIP	dont	don't	don't	0
figshare-osce	RES0087	NEGATION_FLIP	couldnt	couldn't	could	1
figshare-osce	RES0087	NEGATION_FLIP	havent	haven't		unalignable
figshare-osce	RES0087	NEGATION_FLIP	hasnt	hasn't	has'	1
figshare-osce	RES0087	NEGATION_FLIP	havent	haven't		unalignable
figshare-osce	RES0087	NEGATION_FLIP	no ok	okay um	no uh	1
figshare-osce	RES0087	NEGATION_FLIP	wasnt	wasn't	was'	1
figshare-osce	RES0087	NEGATION_FLIP	dont	don't	don'	1
figshare-osce	RES0087	NEGATION_FLIP	dont	don't	don'	1
figshare-osce	RES0087	NEGATION_FLIP	dont	don't	don't	0
figshare-osce	RES0087	NEGATION_FLIP	uh	no	yeh no	0
figshare-osce	RES0087	NEGATION_FLIP	no	nope	dizziness or fainting spells no feeling like	1
figshare-osce	RES0087	NEGATION_FLIP	dont	don't	don't	0
figshare-osce	RES0087	NEGATION_FLIP	no	okay	no numbness no tingling no	1
figshare-osce	RES0087	NEGATION_FLIP	dont	don't	don'	1
figshare-osce	RES0087	NEGATION_FLIP	dont	don't		unalignable
figshare-osce	RES0087	NEGATION_FLIP	couldnt	couldn't	not	0
figshare-osce	RES0087	NEGATION_FLIP	dont	don't	no thoughtsltell okay	0
figshare-osce	RES0087	NEGATION_FLIP	didnt	didn't	not	0
figshare-osce	RES0087	NEGATION_FLIP	dont	don't	don't	0
figshare-osce	RES0087	NEGATION_FLIP	dont	don't	nott	1
figshare-osce	RES0087	NEGATION_FLIP	uhm if his tympanic membrane has been perforated or i see pus in there well prescribe him like 10 days of antibiotics we can give him either amoxicillin or if he has bad reactions to penicillins we can give him cefuroxime and then if uh it doesnt seem to have any systemic symptoms so if he has systemic symptoms like fever which well check for today and if hes like been really ill and he has like a middle ear effusion or bulging tympanic membrane again well give him antibiotics for 10 days but if his tympanic membrane is just bulging a little bit or if he has some middle ear effusion but no systemic symptoms like no fevers and he seems to be fine otherwise well reassess him in 24 to 48 hours to see if hes better and if hes not again will prescribe him antibiotics how does that sound yeah that sounds good thank you ok yeah no worries		if his tympanic membrane has not perforated or i see pus in there we will prescribe him like 10 days of antibiotics we can give him either uh amoxicillin or if he has bad reactions to penicillin we can give him uh cefuroxime and then if uh ech it does not seem to have any systemic symptoms if he has systemic symptoms like fever which we will check for today uh and if he is like been really ill uh and he has like a middle ear effusion or bulging tympanic membrane again we will give him antibiotics for 10 days but if his tympanic membrane just bulging a little bit or if he has some middle ear effusion but no systemic symptoms like uh no fevers uh and and he seems to be fine otherwise w will reassess him in 2 to 48 hours to see if he is better and if he is not again we will prescribe him antibiotics had that sound that good thank you okayh no	1
figshare-osce	RES0087	NUMERIC	uhm if his tympanic membrane has been perforated or i see pus in there well prescribe him like 10 days of antibiotics we can give him either amoxicillin or if he has bad reactions to penicillins we can give him cefuroxime and then if uh it doesnt seem to have any systemic symptoms so if he has systemic symptoms like fever which well check for today and if hes like been really ill and he has like a middle ear effusion or bulging tympanic membrane again well give him antibiotics for 10 days but if his tympanic membrane is just bulging a little bit or if he has some middle ear effusion but no systemic symptoms like no fevers and he seems to be fine otherwise well reassess him in 24 to 48 hours to see if hes better and if hes not again will prescribe him antibiotics how does that sound yeah that sounds good thank you ok yeah no worries		if his tympanic membrane has not perforated or i see pus in there we will prescribe him like 10 days of antibiotics we can give him either uh amoxicillin or if he has bad reactions to penicillin we can give him uh cefuroxime and then if uh ech it does not seem to have any systemic symptoms if he has systemic symptoms like fever which we will check for today uh and if he is like been really ill uh and he has like a middle ear effusion or bulging tympanic membrane again we will give him antibiotics for 10 days but if his tympanic membrane just bulging a little bit or if he has some middle ear effusion but no systemic symptoms like uh no fevers uh and and he seems to be fine otherwise w will reassess him in 2 to 48 hours to see if he is better and if he is not again we will prescribe him antibiotics had that sound that good thank you okayh no	0
figshare-osce	RES0088	NEGATION_FLIP	doesnt	doesn't	not	0
figshare-osce	RES0088	NEGATION_FLIP	doesnt	doesn't	not	0
figshare-osce	RES0088	NEGATION_FLIP	no ok	oh okay	any green or yellowish material no no okay	1
figshare-osce	RES0088	NEGATION_FLIP	dont	don't	don't	0
figshare-osce	RES0088	NEGATION_FLIP	didnt	didn't	didn'	1
figshare-osce	RES0088	NEGATION_FLIP	havent	haven't		unalignable
figshare-osce	RES0088	NEGATION_FLIP	didnt	didn't	didn't	0
figshare-osce	RES0088	NEGATION_FLIP	havent	haven't	haven't	0
figshare-osce	RES0088	NEGATION_FLIP	uhm	not	and	1
figshare-osce	RES0088	NEGATION_FLIP	ok	no	uh do	1
figshare-osce	RES0088	NEGATION_FLIP	uh	no	she take any medications at all on a daily basis uh no	0
figshare-osce	RES0088	NUMERIC	forty five	45 okay	uninellig okay uhm	0
figshare-osce	RES0088	NUMERIC	ten	10	10	0
figshare-osce	RES0088	NEGATION_FLIP	doesnt	doesn't	not	0
figshare-osce	RES0088	NEGATION_FLIP	uh no that sounds great thank you youre welcome and yeah well just do a full examination and then go from there ok sounds great thanks youre welcome take care you too		great than you uh w uh and yeah we will just take and do a full examination and then go from there	0
figshare-osce	RES0089	NEGATION_FLIP	cant	can't	can't	0
figshare-osce	RES0089	NUMERIC	two		unintelligibletigible okay r	0
figshare-osce	RES0089	NEGATION_FLIP	dont	don't	don't	0
figshare-osce	RES0089	NUMERIC	fiveten	ten	10	0
figshare-osce	RES0089	NEGATION_FLIP	dont	don't	don't	0
figshare-osce	RES0089	NEGATION_FLIP	doesnt	doesn't	does not	0
figshare-osce	RES0089	NUMERIC	i4		i	0
figshare-osce	RES0089	NEGATION_FLIP	isnt	isn't	isn'	1
figshare-osce	RES0089	NEGATION_FLIP	dont	don't	don't	0
figshare-osce	RES0090	NUMERIC	ten	10		unalignable
figshare-osce	RES0090	LATERALITY	thats right	that's okay	okay	0
figshare-osce	RES0090	LATERALITY	right		kay uhm isig	0
figshare-osce	RES0090	NEGATION_FLIP	dont	don't	don't	0
figshare-osce	RES0090	NEGATION_FLIP	nothing ive		think so nothing that nothing i	1
figshare-osce	RES0090	NEGATION_FLIP	havent	haven't	haven't	0
figshare-osce	RES0090	NUMERIC	ten	10	10	0
figshare-osce	RES0090	NUMERIC	a hundred	110 okay	110 okay	0
figshare-osce	RES0090	NUMERIC	and ten ok			unalignable
figshare-osce	RES0090	NUMERIC	ten	10	10 uh	0
figshare-osce	RES0090	NEGATION_FLIP	no	n	u	0
figshare-osce	RES0090	NEGATION_FLIP	dont	don't	don't	0
figshare-osce	RES0090	NEGATION_FLIP	havent	haven't	have'	1
figshare-osce	RES0090	NEGATION_FLIP	uhm no	um nope	any medications at all uhm no just	1
figshare-osce	RES0090	NEGATION_FLIP	dont	don't	don't	0
figshare-osce	RES0091	NEGATION_FLIP	doesnt	doesn't	not	0
figshare-osce	RES0091	NEGATION_FLIP	havent	haven't		unalignable
figshare-osce	RES0091	NEGATION_FLIP	dont	don't	don'	1
figshare-osce	RES0091	NEGATION_FLIP	no thats a	i know that's		unalignable
figshare-osce	RES0091	NEGATION_FLIP	uh	no		unalignable
figshare-osce	RES0091	NEGATION_FLIP	uhm no	nope i'm		unalignable
figshare-osce	RES0091	NEGATION_FLIP	dont	don't		unalignable
figshare-osce	RES0091	NEGATION_FLIP	cold which can be caused by just a viral uh infection but it should go away on its own just make sure that youre getting some rest youre hydrating well uhm you can get some over the counter medications like tylenol cold for example but for now i would say we should just wait and watch but just in case also since it is one of the symptoms thats for covid as well in this time period we will just get a covid swab just in case but most likely its nothing to be worried about until you get your test i would recommend staying isolated and then we can go on from there is that does that sound good to you yeah that sounds great thank you so much youre welcome take care you too bye		seems that you might just be having a cold which can be caused by just a viral uh uh infection uh but it should go away on its own just make sure that you are getting rest you are hydrating well uhm you can get some over-the-counter medications like tylenol cold for example but for now i would say we should just uh wait and watch but just in case also since it is one of the uh uh symptoms that for covid as well in this time period uh we will just get a covid swab just in case but uh most likely uh it is nothing to be worried about until you get your test i would recommend stayingu isolated uh and then we can uh go on from there as that unintelligible you come take care	1
figshare-osce	RES0091	NUMERIC	cold which can be caused by just a viral uh infection but it should go away on its own just make sure that youre getting some rest youre hydrating well uhm you can get some over the counter medications like tylenol cold for example but for now i would say we should just wait and watch but just in case also since it is one of the symptoms thats for covid as well in this time period we will just get a covid swab just in case but most likely its nothing to be worried about until you get your test i would recommend staying isolated and then we can go on from there is that does that sound good to you yeah that sounds great thank you so much youre welcome take care you too bye		seems that you might just be having a cold which can be caused by just a viral uh uh infection uh but it should go away on its own just make sure that you are getting rest you are hydrating well uhm you can get some over-the-counter medications like tylenol cold for example but for now i would say we should just uh wait and watch but just in case also since it is one of the uh uh symptoms that for covid as well in this time period uh we will just get a covid swab just in case but uh most likely uh it is nothing to be worried about until you get your test i would recommend stayingu isolated uh and then we can uh go on from there as that unintelligible you come take care	1
figshare-osce	RES0092	NEGATION_FLIP	hasnt	hasn't		unalignable
figshare-osce	RES0092	NEGATION_FLIP	havent	haven't		unalignable
figshare-osce	RES0092	NEGATION_FLIP	havent	haven't		unalignable
figshare-osce	RES0092	NEGATION_FLIP	havent	haven't		unalignable
figshare-osce	RES0092	NEGATION_FLIP	dont	don't		unalignable
figshare-osce	RES0092	NEGATION_FLIP	havent	haven't		unalignable
figshare-osce	RES0092	NEGATION_FLIP	no ok uhm ok alright so thats all that i i wanted to know it sounds like you had a you had a cold last week and you just have this residual cough thats still there and its been two weeks and youre just worried about it but otherwise youre feeling well you dont have any other symptoms often times when we get sick or we have an infection or inflammation of the uhm the airway we can get a cough that lasts a long time and it might just take you a couple more weeks for the cough to go away but if you feel that its getting any worse or youre you have those symptoms come back again or you develop a fever we can you can definitely we can do something more about that ill also do a physical exam and and see how youre doing and then we can go from there ok great thank you		all that i i wanted to know sounds like uh you had a uh you had a cold last week and you just have this residual cough that is still there uh and it has been two weeks worried about it uh but otherwise you feeling well you don not have any other symptoms uh often time when we get sick uh or we have infection or inflammation of the uh uh of the aira uh we can get a cough that lasts a long time and uh it might just take you couple more weeks uh for the cough to go away but if you feel that it is getting any worse or uh you have those symptoms come back again uh or you develop a fever u h we can you can definitely we can do something more about that uhuh i will also do a physical exam and and see how you are doing and then uh we can go from there unelligk you	1
figshare-osce	RES0092	NUMERIC	no ok uhm ok alright so thats all that i i wanted to know it sounds like you had a you had a cold last week and you just have this residual cough thats still there and its been two weeks and youre just worried about it but otherwise youre feeling well you dont have any other symptoms often times when we get sick or we have an infection or inflammation of the uhm the airway we can get a cough that lasts a long time and it might just take you a couple more weeks for the cough to go away but if you feel that its getting any worse or youre you have those symptoms come back again or you develop a fever we can you can definitely we can do something more about that ill also do a physical exam and and see how youre doing and then we can go from there ok great thank you		all that i i wanted to know sounds like uh you had a uh you had a cold last week and you just have this residual cough that is still there uh and it has been two weeks worried about it uh but otherwise you feeling well you don not have any other symptoms uh often time when we get sick uh or we have infection or inflammation of the uh uh of the aira uh we can get a cough that lasts a long time and uh it might just take you couple more weeks uh for the cough to go away but if you feel that it is getting any worse or uh you have those symptoms come back again uh or you develop a fever u h we can you can definitely we can do something more about that uhuh i will also do a physical exam and and see how you are doing and then uh we can go from there unelligk you	1
figshare-osce	RES0093	NEGATION_FLIP	havent	haven't		unalignable
figshare-osce	RES0093	NEGATION_FLIP	couldnt	couldn't		unalignable
figshare-osce	RES0093	NEGATION_FLIP	and	not		unalignable
figshare-osce	RES0093	NEGATION_FLIP	wasnt	wasn't		unalignable
figshare-osce	RES0093	NEGATION_FLIP	havent	haven't		unalignable
figshare-osce	RES0093	NEGATION_FLIP	havent	haven't		unalignable
figshare-osce	RES0093	NEGATION_FLIP	ppi hasnt	bpi hasn't		unalignable
figshare-osce	RES0093	NEGATION_FLIP	havent	haven't		unalignable
figshare-osce	RES0093	NUMERIC	before	four		unalignable
figshare-osce	RES0093	NEGATION_FLIP	dont	don't		unalignable
figshare-osce	RES0093	NEGATION_FLIP	no thats	oh that's		unalignable
figshare-osce	RES0093	NEGATION_FLIP	dont	don't		unalignable
figshare-osce	RES0093	NEGATION_FLIP	didnt	didn't		unalignable
figshare-osce	RES0093	NEGATION_FLIP	havent	haven't		unalignable
figshare-osce	RES0093	NEGATION_FLIP	dont	don't		unalignable
figshare-osce	RES0093	NEGATION_FLIP	havent	haven't		unalignable
figshare-osce	RES0093	NUMERIC	twelve	12	12	0
figshare-osce	RES0093	NEGATION_FLIP	cant	can't	can	1
figshare-osce	RES0093	NEGATION_FLIP	pneumonia or a viral infection in your chest well get a chest xray done well have some labs done as well and well likely start some antibiotics have you recently been on any antibiotics no i havent and you dont have any allergies to any correct correct alright ok well also do a physical exam just to give a listen to your to your lungs and see how theyre doing and then go from there do you have any questions for me no that sounds good thank you		neumoniaviral infection in your chest u will getch x done w have some labs done as well andticam	0
figshare-osce	RES0094	NEGATION_FLIP	dont	don't		unalignable
figshare-osce	RES0094	NEGATION_FLIP	dont	don't		unalignable
figshare-osce	RES0094	NEGATION_FLIP	dont	don't		unalignable
figshare-osce	RES0094	NEGATION_FLIP	didnt	didn't		unalignable
figshare-osce	RES0094	NEGATION_FLIP	didnt	didn't		unalignable
figshare-osce	RES0094	NEGATION_FLIP	havent	haven't		unalignable
figshare-osce	RES0094	NEGATION_FLIP	no weve been doing classes virtually and any contact with anyone who you think might be sick no ok alright well sounds like you have a sore throat and runny nose youve been a little bit drowsy had some headaches in the past five days things were getting a little bit worse early on but its been a little bit its been more stable now well do a physical exam see just listen to your chest have a look inside your mouth and check your temperature and go from there it sounds like you probably have a viral infection of some sort that should get hopefully get better over time we will also get a covid swab done just in case and if things seem to get worse we can you can definitely come back ok great thank you		contact with a sore throat and runny nosey some headach the past five dayss getting a little bit worsearly on but has stable now we will do physical exam yourest have your mouth and check her temperature and go from there ss like you probably have a viral infection some so that should get hopefully get better over done we will also get a covid swab done just in case and if thing seem to get worse uh we can you can get her come back okay good thank you	0
figshare-osce	RES0094	NUMERIC	no weve been doing classes virtually and any contact with anyone who you think might be sick no ok alright well sounds like you have a sore throat and runny nose youve been a little bit drowsy had some headaches in the past five days things were getting a little bit worse early on but its been a little bit its been more stable now well do a physical exam see just listen to your chest have a look inside your mouth and check your temperature and go from there it sounds like you probably have a viral infection of some sort that should get hopefully get better over time we will also get a covid swab done just in case and if things seem to get worse we can you can definitely come back ok great thank you		contact with a sore throat and runny nosey some headach the past five dayss getting a little bit worsearly on but has stable now we will do physical exam yourest have your mouth and check her temperature and go from there ss like you probably have a viral infection some so that should get hopefully get better over done we will also get a covid swab done just in case and if thing seem to get worse uh we can you can get her come back okay good thank you	1
figshare-osce	RES0095	NUMERIC	two	due		unalignable
figshare-osce	RES0095	NUMERIC	ten	10		unalignable
figshare-osce	RES0095	NUMERIC	eleven	11		unalignable
figshare-osce	RES0095	NEGATION_FLIP	couldnt	couldn't		unalignable
figshare-osce	RES0095	NEGATION_FLIP	couldnt	couldn't		unalignable
figshare-osce	RES0095	NEGATION_FLIP	dont	don't		unalignable
figshare-osce	RES0095	NEGATION_FLIP	i	don't		unalignable
figshare-osce	RES0095	NEGATION_FLIP	i ive never			unalignable
figshare-osce	RES0095	NUMERIC	im 250 pounds ok and	i'm two fifteen thanks okay	okayah	0
figshare-osce	RES0095	NUMERIC	52 ok	two okay		unalignable
figshare-osce	RES0095	NUMERIC	uh	two		unalignable
figshare-osce	RES0095	NUMERIC	three			unalignable
figshare-osce	RES0095	NEGATION_FLIP	havent	haven't		unalignable
figshare-osce	RES0095	NUMERIC	six months ago			unalignable
figshare-osce	RES0095	NEGATION_FLIP	havent	haven't		unalignable
figshare-osce	RES0095	NEGATION_FLIP	dont	don't		unalignable
figshare-osce	RES0095	NEGATION_FLIP	dont	don't		unalignable
figshare-osce	RES0095	NEGATION_FLIP	dont	don't		unalignable
figshare-osce	RES0095	NUMERIC	uh	two		unalignable
figshare-osce	RES0095	NUMERIC	three			unalignable
figshare-osce	RES0095	NEGATION_FLIP	i	don't		unalignable
figshare-osce	RES0095	NEGATION_FLIP	dont alright uhm	don't all right		unalignable
figshare-osce	RES0095	NEGATION_FLIP	havent	haven't		unalignable
figshare-osce	RES0095	NEGATION_FLIP	uhm no with		uh withcently have't travel	0
figshare-osce	RES0095	NEGATION_FLIP	havent	haven't		unalignable
figshare-osce	RES0095	NEGATION_FLIP	no alright	all right	alright uh and uh	0
figshare-osce	RES0095	NEGATION_FLIP	dont	don't		unalignable
figshare-osce	RES0095	NEGATION_FLIP	dont	don't		unalignable
figshare-osce	RES0096	NEGATION_FLIP	dont	don't		unalignable
figshare-osce	RES0096	NEGATION_FLIP	couldnt	couldn't		unalignable
figshare-osce	RES0096	NEGATION_FLIP	dont	don't		unalignable
figshare-osce	RES0096	NEGATION_FLIP	wasnt	wasn't		unalignable
figshare-osce	RES0096	NEGATION_FLIP	nope	no		unalignable
figshare-osce	RES0096	NUMERIC	about uh	three months		unalignable
figshare-osce	RES0096	NUMERIC	threefour	four		unalignable
figshare-osce	RES0096	NEGATION_FLIP	no	nope		unalignable
figshare-osce	RES0096	NEGATION_FLIP	no	nope		unalignable
figshare-osce	RES0096	NEGATION_FLIP	dont	don't		unalignable
figshare-osce	RES0096	NEGATION_FLIP	havent	haven't		unalignable
figshare-osce	RES0096	NEGATION_FLIP	havent	haven't	haven't	0
figshare-osce	RES0096	NEGATION_FLIP	they havent	i haven't	okay uh	1
figshare-osce	RES0096	NEGATION_FLIP	heart or lung conditions my dad died of lung cancer he was a he was a big smoker as well and my mom had a heart attack ok and how old were your parents approximately yeah my dad was 65 and my mom was was very young she was 50 i see did your mom survive the heart attack no no she did not oh im sorry to hear that uhm and the lung cancer you mention any other cancers that run in the family no ok so that was all the questions i wanted to ask on on history uhm certainly it sounds like youre bringing up some blood with with with the increased cough and with difficulties breathing so we will get a uhm a chest xray and possibly a ct image of your chest as well to see if theres anything going on in your lungs and we might do some blood work as well to check a few things so uhm well get those ordered and and see what see what that shows thank you		heart or lung conditions god and heart attack okay anduh how old where u your parents approximately 6 your mo survive the heart attack uh so that uhm and uh you lung cancer you mention any other cancers that run in the family no okay uhm so that was all the questions i wanted to ask on on history uhm uh certainly it sounds like you b ing up some blood with with a with the increased cough and with difficulties breathing so we will get a uh some a chest x-ray and uh possibly a ct uh image of your chest as well to see if there is anything going on uh in your lungs and uh we might uh do some blood work as well uh to to check a few things so uh we will we will get those ordered and and see what see what u that shows you	1
figshare-osce	RES0096	NUMERIC	heart or lung conditions my dad died of lung cancer he was a he was a big smoker as well and my mom had a heart attack ok and how old were your parents approximately yeah my dad was 65 and my mom was was very young she was 50 i see did your mom survive the heart attack no no she did not oh im sorry to hear that uhm and the lung cancer you mention any other cancers that run in the family no ok so that was all the questions i wanted to ask on on history uhm certainly it sounds like youre bringing up some blood with with with the increased cough and with difficulties breathing so we will get a uhm a chest xray and possibly a ct image of your chest as well to see if theres anything going on in your lungs and we might do some blood work as well to check a few things so uhm well get those ordered and and see what see what that shows thank you		heart or lung conditions god and heart attack okay anduh how old where u your parents approximately 6 your mo survive the heart attack uh so that uhm and uh you lung cancer you mention any other cancers that run in the family no okay uhm so that was all the questions i wanted to ask on on history uhm uh certainly it sounds like you b ing up some blood with with a with the increased cough and with difficulties breathing so we will get a uh some a chest x-ray and uh possibly a ct uh image of your chest as well to see if there is anything going on uh in your lungs and uh we might uh do some blood work as well uh to to check a few things so uh we will we will get those ordered and and see what see what u that shows you	0
figshare-osce	RES0097	NEGATION_FLIP	hes just not			unalignable
figshare-osce	RES0097	NEGATION_FLIP	hasnt	hasn't		unalignable
figshare-osce	RES0097	NEGATION_FLIP	hasnt	hasn't		unalignable
figshare-osce	RES0097	NEGATION_FLIP	dont	don't		unalignable
figshare-osce	RES0097	NEGATION_FLIP	dont	don't		unalignable
figshare-osce	RES0097	NEGATION_FLIP	ok and	no okay		unalignable
figshare-osce	RES0097	NEGATION_FLIP	hasnt	hasn't		unalignable
figshare-osce	RES0097	NEGATION_FLIP	hasnt	hasn't		unalignable
figshare-osce	RES0097	NEGATION_FLIP	hasnt	hasn't		unalignable
figshare-osce	RES0097	NEGATION_FLIP	ok no thats	okay oh that's		unalignable
figshare-osce	RES0097	NEGATION_FLIP	no			unalignable
figshare-osce	RES0097	NEGATION_FLIP	and	never		unalignable
figshare-osce	RES0098	NEGATION_FLIP	wouldnt	wouldn't	not	0
figshare-osce	RES0098	NEGATION_FLIP	dont	don't	not	0
figshare-osce	RES0098	NUMERIC	ten	10	10	0
figshare-osce	RES0098	NEGATION_FLIP	havent	haven't	not	0
figshare-osce	RES0098	NUMERIC	11	eleven	it was diagnosed i think when i was like probably 11 or 12 years old	0
figshare-osce	RES0098	NUMERIC	12	twelve	it was diagnosed i think when i was like probably 11 or 12 years old	0
figshare-osce	RES0098	NEGATION_FLIP	havent	haven't	haven't	0
figshare-osce	RES0098	NEGATION_FLIP	didnt	didn't	not	0
figshare-osce	RES0098	NEGATION_FLIP	dont	don't	not	0
figshare-osce	RES0098	NEGATION_FLIP	no		no do you have any triggers for	1
figshare-osce	RES0098	NEGATION_FLIP	havent	haven't	haven't	0
figshare-osce	RES0098	NEGATION_FLIP	i	wasn't	i	1
figshare-osce	RES0098	NEGATION_FLIP	werent	weren't	not	0
figshare-osce	RES0098	NEGATION_FLIP	didnt	didn't	not	0
figshare-osce	RES0098	NEGATION_FLIP	cant	can't	can you sta cigarettes	1
figshare-osce	RES0098	NEGATION_FLIP	i	can't	can't	0
figshare-osce	RES0098	NEGATION_FLIP	has the eczema that i have and my mom was also diagnosed with asthma when she was a child but shes been completely fine since then ok well thats good that that shes been ok does anybody in the family have any heart or or lung conditions or any cancers that run in the family my grandfather died of lung cancer but he was just just smoked all throughout his life ok uhm alright so that was all of the questions that i wanted to ask today so the next part well go on to do a physical exam but did you have any thing else that maybe i forgot to ask about today uh no i i i think i know what this was caused by but yeah lets lets see thanks for your help oh youre welcome so yeah well well uhmtrial some more puffers and see what we could do cause certainly its sounding like an asthma exacerbation and so definitely let somebody know if your your breathing is getting more difficult yep sounds good		she also has uh the eczema that i have and my mom uh was also diagnosed with asthma when she was a child but she has been completely fine since then okay uh that's good that that if she has been okay uh is anybody in the family have any heart or or lung conditions or any cancers that run in the family uh my grandfather died of lung cancer but he was just uh smoked all throughout his life okay uh alright so uh that was all of the the questions that i wanted to ask uh today so the next part uh we will go on to do a a physical exam but did you have anything else that maybe i forgot to ask about today uh no i i i i think i know what this was caused by but yeah do sees you w i am sorrya will will trial some uh uh more puffers than see uh what what we could do concertainly it is sounding like uh an asthm- exacerbation and so uh definitely let let somebody know if uh your your uh breathing is getting more difficult yah that	1
figshare-osce	RES0099	NEGATION_FLIP	didnt	didn't	not	0
figshare-osce	RES0099	NEGATION_FLIP	no			unalignable
figshare-osce	RES0099	NEGATION_FLIP	dont	don't	do	1
figshare-osce	RES0099	NEGATION_FLIP	i	didn't	did	1
figshare-osce	RES0099	NEGATION_FLIP	no nope ok			unalignable
figshare-osce	RES0099	NEGATION_FLIP	ok no	okay that's	okay that is	0
figshare-osce	RES0099	NUMERIC	two yeah		yeah year but like i	0
figshare-osce	RES0099	NEGATION_FLIP	no	nope	no not	1
figshare-osce	RES0099	NEGATION_FLIP	dont	don't	not	0
figshare-osce	RES0099	NEGATION_FLIP	dont	don't	don't	0
figshare-osce	RES0099	NEGATION_FLIP	didnt	didn't	didn'	1
figshare-osce	RES0099	NEGATION_FLIP	dont	don't		unalignable
figshare-osce	RES0099	NEGATION_FLIP	no alright and	nope all right		unalignable
figshare-osce	RES0099	NEGATION_FLIP	i	don't	so i i i	1
figshare-osce	RES0100	NUMERIC	5	five		unalignable
figshare-osce	RES0100	NUMERIC	388	eight	8	0
figshare-osce	RES0100	NUMERIC	5	five	five	0
figshare-osce	RES0100	NEGATION_FLIP	dont	don't	not	0
figshare-osce	RES0100	NEGATION_FLIP	not		not not really	1
figshare-osce	RES0100	NEGATION_FLIP	dont	don't	not	0
figshare-osce	RES0100	NEGATION_FLIP	havent	haven't	a i have not	0
figshare-osce	RES0100	NEGATION_FLIP	i	don't	runny nose or so i i	1
figshare-osce	RES0100	NEGATION_FLIP	dont	don't	don't	0
figshare-osce	RES0100	NEGATION_FLIP	no		no no no chest pain	1
figshare-osce	RES0100	NUMERIC	382	2	2	0
figshare-osce	RES0100	NEGATION_FLIP	i	don't	noticed any skin changes or rashes uhm just like i i	1
figshare-osce	RES0100	NEGATION_FLIP	werent	weren't	were'	1
figshare-osce	RES0100	NEGATION_FLIP	hasnt	hasn't	has'	1
figshare-osce	RES0100	NEGATION_FLIP	i	don't	don not	0
figshare-osce	RES0100	NEGATION_FLIP	we	don't	like we we	1
figshare-osce	RES0100	NEGATION_FLIP	doesnt	doesn't	not	0
figshare-osce	RES0100	NEGATION_FLIP	dont	don't	don't	0
figshare-osce	RES0100	NEGATION_FLIP	havent	haven't	haven'	1
figshare-osce	RES0100	NEGATION_FLIP	dont	don't	don't	0
figshare-osce	RES0100	NEGATION_FLIP	didnt	didn't	did't	1
figshare-osce	RES0100	NEGATION_FLIP	dont	don't	nott	1
figshare-osce	RES0100	NEGATION_FLIP	dont	don't	not	0
figshare-osce	RES0101	NEGATION_FLIP	havent	haven't	not	0
figshare-osce	RES0101	NEGATION_FLIP	doesnt	doesn't	not	0
figshare-osce	RES0101	NEGATION_FLIP	havent	haven't	haven't	0
figshare-osce	RES0101	NEGATION_FLIP	dont	don't	not know	0
figshare-osce	RES0101	NEGATION_FLIP	dont	don't	not	0
figshare-osce	RES0101	NEGATION_FLIP	dont	don't	i don not	0
figshare-osce	RES0101	NEGATION_FLIP	no	nope	any urinary problems like pain or frequency no have you had any	1
figshare-osce	RES0101	NUMERIC	2 ok	two okay	just two okay	0
figshare-osce	RES0101	NUMERIC	20s	twenties	day between my 20s and 30s	0
figshare-osce	RES0101	NUMERIC	30s ok	thirties okay	day between my 20s and 30s okay	0
figshare-osce	RES0101	NEGATION_FLIP	no not not that im aware of ok have you heard of anybody in the family having i know you said you havent had had this before but anybody in the family having a deep vein thrombosis or or pe not that i know not really ok so that was everything that i wanted to ask about on history today well do physical exam and ill listen to your chest and have a look at your leg well also order some imaging studies with a ctpa its called uh but before we go ahead with that was there anything else that that you wanted to add no i think thats thats all ok so well get the lab work started as well as the imaging ordered it will look for to see if there is any pulmonary embolism present because with the surgery last week and being immobilized for a period of time it is a risk factor for it and leg swelling with uhm coughing up blood can be symptoms of this so well wanna make sure to to do to investigate for a pulmonary embolism ok sounds good thank you so much sounds good thank you		no nothing im okay have you heard of anybody in the family having uh you said you have not had had this before but anybody in the family having a deep vein thrombosis or or pe not that no not really okay uh so uh that was everything that i wanted to uh ask about on history today we will do a physical exam will i listen to your chest to have a look at your leg uh we will also order uh some imaging studies if this ct uh pa it is called uh uh but be- before we go ahead with that was there anything else that that you want to add know i think that that is okay so we will get the uh lab work started as well as the imaging for ored it we will look for to see if there is any uh pulmonary embolism present because with the uh surgery last week and being immobilized for a period of time it is a risk factor for it and uh leg swelling with u coughing up blood can be symptoms of this so we will want to make sure uh to to to investigate for for pulmonary embolism kay thank you so much thank	1
figshare-osce	RES0102	NEGATION_FLIP	wasnt	wasn't	not	0
figshare-osce	RES0102	NEGATION_FLIP	didnt	didn't	did not	0
figshare-osce	RES0102	NUMERIC	2	two	two	0
figshare-osce	RES0102	NEGATION_FLIP	havent	haven't	saidu i have not	0
figshare-osce	RES0102	NUMERIC	three		three or four months	0
figshare-osce	RES0102	NEGATION_FLIP	werent	weren't	not	0
figshare-osce	RES0102	NEGATION_FLIP	no		h	0
figshare-osce	RES0102	NEGATION_FLIP	havent	haven't	have	1
figshare-osce	RES0102	NEGATION_FLIP	doesnt	doesn't	not	0
figshare-osce	RES0102	NEGATION_FLIP	havent ok	haven't okay	it okay	1
figshare-osce	RES0102	NEGATION_FLIP	havent	haven't	not	0
figshare-osce	RES0102	NEGATION_FLIP	hasnt	hasn't	not	0
figshare-osce	RES0102	NUMERIC	and 3rd	third okay	second daughter and and third kay	0
figshare-osce	RES0102	NEGATION_FLIP	dont	don't		unalignable
figshare-osce	RES0102	NEGATION_FLIP	havent	haven't	would have	1
figshare-osce	RES0102	NEGATION_FLIP	doesnt	doesn't	not	0
figshare-osce	RES0102	NUMERIC	i i was 200 pounds		i i was uh 200 pounds	1
figshare-osce	RES0102	NEGATION_FLIP	dont	don't	not	0
figshare-osce	RES0103	NEGATION_FLIP	hasnt	haven't	not	0
figshare-osce	RES0103	NEGATION_FLIP	doesnt	doesn't	uh	1
figshare-osce	RES0103	NEGATION_FLIP	not		a bit more irritable but not not too bad she	1
figshare-osce	RES0103	NEGATION_FLIP	hasnt	hasn't	not	0
figshare-osce	RES0103	NEGATION_FLIP	cant	can't	can't	0
figshare-osce	RES0103	NEGATION_FLIP	dont	don't	not	0
figshare-osce	RES0103	NEGATION_FLIP	hasnt	hasn't	not	0
figshare-osce	RES0103	NEGATION_FLIP	hasnt	hasn't	not	0
figshare-osce	RES0103	NEGATION_FLIP	doesnt	doesn't	do not saidu	0
figshare-osce	RES0103	NEGATION_FLIP	no		no no issues or no complaints	1
figshare-osce	RES0103	NEGATION_FLIP	hasnt	hasn't	not	0
figshare-osce	RES0103	NEGATION_FLIP	dont	don't		unalignable
figshare-osce	RES0103	NEGATION_FLIP	been its been you said three or four days in total right yeah yeah yeah and so most likely its just caused by a viral infection like common cold perhaps it she doesnt have any worrying signs of any systemic things going on right now so and no signs of like a bacterial infection that i would be concerned about that i would give antibiotics for right now but definitely if her symptoms get worse at home and if she starts having any kind of shortness of breath increased coughing with producing more yellow or green material and if she gets more feverish so will also do a physical exam and take her temperature today as well but yeah some of these things you just look out for but yeah so that that well do the physical examination and go from there alright thank you hey youre welcome take care		it it has been uh you said three or four days in total right yeah yeah yeah and so most likely it is just caused by uh viral infection like comm and cold perhaps uh she does not have any uh worrying signs of any uh systemic things going on right now uh so and no signs of like a bacterial infection that i be concerned about that i would give antibiotics for right now uh but definitely if her symptoms get worse at home uh and if she starts having any kind of shortness of breath increased coughing with producing uh uh more yellow or green material and if she gets more feverish so we will also do a physical exam and take her temperature today as well but ye some of these things to just look out for uh i asked that that we will we will do the ysical examination and go from there aright thank you take	1
figshare-osce	RES0103	LATERALITY	been its been you said three or four days in total right yeah yeah yeah and so most likely its just caused by a viral infection like common cold perhaps it she doesnt have any worrying signs of any systemic things going on right now so and no signs of like a bacterial infection that i would be concerned about that i would give antibiotics for right now but definitely if her symptoms get worse at home and if she starts having any kind of shortness of breath increased coughing with producing more yellow or green material and if she gets more feverish so will also do a physical exam and take her temperature today as well but yeah some of these things you just look out for but yeah so that that well do the physical examination and go from there alright thank you hey youre welcome take care		it it has been uh you said three or four days in total right yeah yeah yeah and so most likely it is just caused by uh viral infection like comm and cold perhaps uh she does not have any uh worrying signs of any uh systemic things going on right now uh so and no signs of like a bacterial infection that i be concerned about that i would give antibiotics for right now uh but definitely if her symptoms get worse at home uh and if she starts having any kind of shortness of breath increased coughing with producing uh uh more yellow or green material and if she gets more feverish so we will also do a physical exam and take her temperature today as well but ye some of these things to just look out for uh i asked that that we will we will do the ysical examination and go from there aright thank you take	1
figshare-osce	RES0103	NUMERIC	been its been you said three or four days in total right yeah yeah yeah and so most likely its just caused by a viral infection like common cold perhaps it she doesnt have any worrying signs of any systemic things going on right now so and no signs of like a bacterial infection that i would be concerned about that i would give antibiotics for right now but definitely if her symptoms get worse at home and if she starts having any kind of shortness of breath increased coughing with producing more yellow or green material and if she gets more feverish so will also do a physical exam and take her temperature today as well but yeah some of these things you just look out for but yeah so that that well do the physical examination and go from there alright thank you hey youre welcome take care		it it has been uh you said three or four days in total right yeah yeah yeah and so most likely it is just caused by uh viral infection like comm and cold perhaps uh she does not have any uh worrying signs of any uh systemic things going on right now uh so and no signs of like a bacterial infection that i be concerned about that i would give antibiotics for right now uh but definitely if her symptoms get worse at home uh and if she starts having any kind of shortness of breath increased coughing with producing uh uh more yellow or green material and if she gets more feverish so we will also do a physical exam and take her temperature today as well but ye some of these things to just look out for uh i asked that that we will we will do the ysical examination and go from there aright thank you take	1
figshare-osce	RES0104	NEGATION_FLIP	dont	don't	uh ful	1
figshare-osce	RES0104	NEGATION_FLIP	havent ok	haven't okay	have it	1
figshare-osce	RES0104	NEGATION_FLIP	i	haven't	have not	0
figshare-osce	RES0104	NEGATION_FLIP	wasnt	wasn't	what not	0
figshare-osce	RES0104	NEGATION_FLIP	havent	haven't	not	0
figshare-osce	RES0104	NUMERIC	382	2	2	0
figshare-osce	RES0104	NEGATION_FLIP	didnt	didn't	not	0
figshare-osce	RES0104	NEGATION_FLIP	havent	haven't	not	0
figshare-osce	RES0104	NEGATION_FLIP	havent ok	haven't okay	have a uh	1
figshare-osce	RES0104	NEGATION_FLIP	dont	don't	do not	0
figshare-osce	RES0104	NEGATION_FLIP	havent	haven't	not	0
figshare-osce	RES0104	NEGATION_FLIP	havent	haven't		unalignable
figshare-osce	RES0104	LATERALITY	right		uh it does not	0
figshare-osce	RES0104	NEGATION_FLIP	doesnt	doesn't		unalignable
figshare-osce	RES0104	NEGATION_FLIP	havent	haven't	not	0
figshare-osce	RES0104	NEGATION_FLIP	dont	don't	do not thinkd	0
figshare-osce	RES0104	NEGATION_FLIP	havent	haven't		unalignable
figshare-osce	RES0104	NEGATION_FLIP	no			unalignable
figshare-osce	RES0104	NUMERIC	3	three	three uh	0
figshare-osce	RES0104	NUMERIC	15	fifteen	15 maybe	1
figshare-osce	RES0104	NUMERIC	45	forty-five	like 45 years and have you at all been diagnosed with	1
figshare-osce	RES0104	NEGATION_FLIP	dont	don't	do't	1
figshare-osce	RES0104	LATERALITY	vitals as well however yeah so after that since youre having some symptoms of what might be a pneumonia it can be a bacterial infection a viral infection we will have to get some blood work done as well as a chest xray and right now with the pandemic going on we will also do covid swab test for you as well just in case does that sound good yeah that makes sense thank you alright and if if youre while youre here if your shortness of breath gets any worse at all just let us know and well help you out ok thank you will do thank you bye bye		your vitals as well however yeah so after that uh since you are having some symptoms uh of what might be a pneumonia uh it can be a bacterial infection and viral infection we will have to get some blood work done uh as well as a chest x-ray uhm and right now with the pandemic going on uh we will also do a covid swab test for you as well just in case do that sound goodyah thatuh make that thank you ur and if if you while you are here if your shortness of breath gets any worse at all just uh let us know and uh uh we will you okay thank you we will do thank you	1
figshare-osce	RES0105	NEGATION_FLIP	couldnt	couldn't		unalignable
figshare-osce	RES0105	NEGATION_FLIP	cant cant	can't can't	canot can't u	0
figshare-osce	RES0105	NEGATION_FLIP	didnt	didn't	not	0
figshare-osce	RES0105	NEGATION_FLIP	not		not not enough	1
figshare-osce	RES0105	NEGATION_FLIP	no			unalignable
figshare-osce	RES0105	NEGATION_FLIP	i	don't	i i i	1
figshare-osce	RES0105	NEGATION_FLIP	dont	don't	don't	0
figshare-osce	RES0105	NEGATION_FLIP	havent	haven't	have'	1
figshare-osce	RES0105	NEGATION_FLIP	couldnt	couldn't	not	0
figshare-osce	RES0105	NEGATION_FLIP	didnt	didn't	not	0
figshare-osce	RES0105	NEGATION_FLIP	cant	can't	canot	1
figshare-osce	RES0105	NEGATION_FLIP	cant	can't	canot	1
figshare-osce	RES0105	NEGATION_FLIP	dont	don't	nott	1
figshare-osce	RES0105	NUMERIC	two	2	type two diabetes and	1
figshare-osce	RES0105	NEGATION_FLIP	havent	haven't	not have	0
figshare-osce	RES0105	NEGATION_FLIP	havent	haven't		unalignable
figshare-osce	RES0105	NEGATION_FLIP	dont	don't		unalignable
figshare-osce	RES0105	NEGATION_FLIP	dont ok	don't okay	k uh	1
figshare-osce	RES0105	NEGATION_FLIP	dont	don't	don't	0
figshare-osce	RES0105	NUMERIC	we dont miss any kind of infection umm youre in like your you can be having another copexacerbation but we also want to make sure you dont have like pneumonia or anything like that so we might have to do a chest xray as well but for now i would say just sit tight well get all your vitals done and then go on from there does that sound good yeah that sounds good thank you alright and if you feel at all youre very short of breath and we can give you some ventil in here as well and then if you need like we can give you like systemic core steroids as well to help some of your symptoms but yeah lets lets do some of that physical examinations first ok that sounds good thank you welcome take care bye bye		su you don't miss any kind of infection uh you are pneumo- like you can be having another copd exacerbation uhm but you also want to make sure you don't have like pneumonia or anything like that so uh we might have to do a chest x-ray as well but uh for now i say just tot we will get all your vitals done and then u go on from there good yah that's is good thank you alright and if you feel at all you are very short of breath uh uh we can give you uh some uh ventolin here as well and that uh if you need like we can give you like systemic coor- uh steroids as well uh to help some of your symptoms but yeah uh let's lets do some of the physical examinations first okay thats sounds good thank you uh p by	1
figshare-osce	RES0106	NEGATION_FLIP	dont	don't		unalignable
figshare-osce	RES0106	NEGATION_FLIP	ive havent	i haven't		unalignable
figshare-osce	RES0106	NEGATION_FLIP	dont	don't		unalignable
figshare-osce	RES0106	NUMERIC	2	two		unalignable
figshare-osce	RES0106	NEGATION_FLIP	dont	don't		unalignable
figshare-osce	RES0106	NEGATION_FLIP	didnt	didn't		unalignable
figshare-osce	RES0106	NEGATION_FLIP	havent	haven't		unalignable
figshare-osce	RES0106	NEGATION_FLIP	dont	don't		unalignable
figshare-osce	RES0106	NEGATION_FLIP	dont	don't		unalignable
figshare-osce	RES0106	NEGATION_FLIP	dont	don't		unalignable
figshare-osce	RES0106	NEGATION_FLIP	dont	don't		unalignable
figshare-osce	RES0106	NUMERIC	89	nine		unalignable
figshare-osce	RES0106	NUMERIC	17 years of	uh um fifteen	unintelligibleellig uh uh it	0
figshare-osce	RES0106	NUMERIC	16			unalignable
figshare-osce	RES0106	NUMERIC	ah	seventeen		unalignable
figshare-osce	RES0106	NUMERIC	17			unalignable
figshare-osce	RES0106	NEGATION_FLIP	didnt	didn't		unalignable
figshare-osce	RES0106	NEGATION_FLIP	wont	won't	won't	0
figshare-osce	RES0106	NEGATION_FLIP	no ok	oh okay		unalignable
figshare-osce	RES0106	NUMERIC	18	eighteen		unalignable
figshare-osce	RES0106	NUMERIC	6	six	six	0
figshare-osce	RES0106	NEGATION_FLIP	wasnt	wasn't		unalignable
figshare-osce	RES0106	NEGATION_FLIP	dont	don't		unalignable
figshare-osce	RES0106	NEGATION_FLIP	isnt	isn't		unalignable
figshare-osce	RES0106	NEGATION_FLIP	dont	don't		unalignable
figshare-osce	RES0107	NEGATION_FLIP	dont	don't	don' knowy	1
figshare-osce	RES0107	NEGATION_FLIP	dont	don't	don't	0
figshare-osce	RES0107	NEGATION_FLIP	hasnt	hasn't	has	1
figshare-osce	RES0107	NEGATION_FLIP	dont	don't		unalignable
figshare-osce	RES0107	NUMERIC	two	few		unalignable
figshare-osce	RES0107	NEGATION_FLIP	arent	aren't	are't	1
figshare-osce	RES0107	NEGATION_FLIP	arent	aren't	e b the sneezing	1
figshare-osce	RES0107	NEGATION_FLIP	havent its	haven't it's		unalignable
figshare-osce	RES0107	NEGATION_FLIP	no		irrit noted	0
figshare-osce	RES0107	NEGATION_FLIP	has been	he's not		unalignable
figshare-osce	RES0107	NEGATION_FLIP	didnt	didn't		unalignable
figshare-osce	RES0107	NEGATION_FLIP	no			unalignable
figshare-osce	RES0107	NEGATION_FLIP	dont	don't		unalignable
figshare-osce	RES0107	NEGATION_FLIP	dont	don't		unalignable
figshare-osce	RES0107	NEGATION_FLIP	dont	don't		unalignable
figshare-osce	RES0107	NEGATION_FLIP	dont	don't		unalignable
figshare-osce	RES0107	NEGATION_FLIP	i know	no he's		unalignable
figshare-osce	RES0107	NEGATION_FLIP	didnt	didn't	didn't	0
figshare-osce	RES0107	NEGATION_FLIP	doesnt	doesn't	doesn't	0
figshare-osce	RES0107	NEGATION_FLIP	dont	don't		unalignable
figshare-osce	RES0107	NEGATION_FLIP	didnt	didn't	didn't	0
figshare-osce	RES0107	NEGATION_FLIP	didnt	didn't		unalignable
figshare-osce	RES0107	NEGATION_FLIP	dont	don't	don't	0
figshare-osce	RES0107	NEGATION_FLIP	dont	don't		unalignable
figshare-osce	RES0107	NEGATION_FLIP	rhinitis is allergic rhinitis is caused by allergies to certain things so we can get him allergy tested um and that will give us a better understanding of like what his triggers are and the way to treat that is to avoid those triggers those allergens and if his symptoms are persistent um we will prescribe him also like an intranasal corticosteroid um and there are like there are like second line treatments as well like antihistamines and leukotriene like leukotriene receptor antagonists but those are like second line well well see how he does with the inhaled corticosteroids at first how does that sound sounds great ok great thank you no problem		rhinitis allergic rhinitis is caused by allergies to certain things so uhm we can get him allergy tested uhm and that will give us a better understanding of like what his triggers are and the way to treat that is to avoid those triggers those allergens uhm and if his symptoms are persistent uhm we will prescribe him also like an intranasal corticosteroid uh and there like other are like second line treatments as well like antihistamines and leukotrio like leukotriin receptor antagonist but those are only second line w will will see how he does with the inhaled corticosteroids at first how that soundunin okay great thank you	0
figshare-osce	RES0107	NUMERIC	rhinitis is allergic rhinitis is caused by allergies to certain things so we can get him allergy tested um and that will give us a better understanding of like what his triggers are and the way to treat that is to avoid those triggers those allergens and if his symptoms are persistent um we will prescribe him also like an intranasal corticosteroid um and there are like there are like second line treatments as well like antihistamines and leukotriene like leukotriene receptor antagonists but those are like second line well well see how he does with the inhaled corticosteroids at first how does that sound sounds great ok great thank you no problem		rhinitis allergic rhinitis is caused by allergies to certain things so uhm we can get him allergy tested uhm and that will give us a better understanding of like what his triggers are and the way to treat that is to avoid those triggers those allergens uhm and if his symptoms are persistent uhm we will prescribe him also like an intranasal corticosteroid uh and there like other are like second line treatments as well like antihistamines and leukotrio like leukotriin receptor antagonist but those are only second line w will will see how he does with the inhaled corticosteroids at first how that soundunin okay great thank you	1
figshare-osce	RES0108	NEGATION_FLIP	dont	don't		unalignable
figshare-osce	RES0108	NEGATION_FLIP	dont	don't		unalignable
figshare-osce	RES0108	NEGATION_FLIP	havent uh	haven't nothing's		unalignable
figshare-osce	RES0108	NEGATION_FLIP	didnt	didn't		unalignable
figshare-osce	RES0108	NEGATION_FLIP	no	okay		unalignable
figshare-osce	RES0108	NEGATION_FLIP	dont	don't		unalignable
figshare-osce	RES0108	NEGATION_FLIP	dont	don't		unalignable
figshare-osce	RES0108	NUMERIC	im 50	i'm fifty		unalignable
figshare-osce	RES0108	NUMERIC	2 pills	two bills		unalignable
figshare-osce	RES0108	NEGATION_FLIP	no			unalignable
figshare-osce	RES0108	NUMERIC	homeim just	i'm half		unalignable
figshare-osce	RES0108	NEGATION_FLIP	no	okay		unalignable
figshare-osce	RES0108	NUMERIC	two kids ok uh are they healthy yeah theyre all healthy ok any old carpet dust mold or asbestos in your home			unalignable
figshare-osce	RES0108	NEGATION_FLIP	not that im aware of no ok ok well it seems like um those are all the questions that i had for you today did you have any questions of your own uh no i just want to get tested for covid yeah so we will definitely do a covid swab on you because you have a cough um and those results should come back to you in about 24 to 48 hours and so youll know more then but because your symptoms do overlap with that of covid we still recommend isolating for 14 days but the other thing i want to mention is that you dont have any other symptoms of infection besides your cough and it seems like the cough started a week ago and you started this new medication ramipril two weeks ago and so ramipril is a type of ace inhibitor and one of its side effects is that in some people it can cause coughing so i am going to review your medications and if your family doc also agrees we may try uh another um blood pressure medication for you instead of ramipril sure um so well try and change that medication and see if your coughing stops how does that sound sounds great ok great thank you		questions that i have questions of your ownvi so definitely do a covid you have a cough uh andult to about 24 to 48 hours and you know more the but because your symptoms do overlap that of covid we still recommend isolating for 14 days but the other thing you want to mention is that you don't have any other symptoms of infection besides your cough and it seems like the cough started a week ago and rted this new medication ramipril two weeks ago and so ramipril is a type of ace inhibitor and one of the its side effects is that in some people can cause coughing so i am going to review your medications and if your family doctor also agrees we may try uh another uh blood pressure medication for you instead of ramipril uh so we will try and change that medication and see if your coughing stops how of that down kay great thank you	1
figshare-osce	RES0108	NUMERIC	not that im aware of no ok ok well it seems like um those are all the questions that i had for you today did you have any questions of your own uh no i just want to get tested for covid yeah so we will definitely do a covid swab on you because you have a cough um and those results should come back to you in about 24 to 48 hours and so youll know more then but because your symptoms do overlap with that of covid we still recommend isolating for 14 days but the other thing i want to mention is that you dont have any other symptoms of infection besides your cough and it seems like the cough started a week ago and you started this new medication ramipril two weeks ago and so ramipril is a type of ace inhibitor and one of its side effects is that in some people it can cause coughing so i am going to review your medications and if your family doc also agrees we may try uh another um blood pressure medication for you instead of ramipril sure um so well try and change that medication and see if your coughing stops how does that sound sounds great ok great thank you		questions that i have questions of your ownvi so definitely do a covid you have a cough uh andult to about 24 to 48 hours and you know more the but because your symptoms do overlap that of covid we still recommend isolating for 14 days but the other thing you want to mention is that you don't have any other symptoms of infection besides your cough and it seems like the cough started a week ago and rted this new medication ramipril two weeks ago and so ramipril is a type of ace inhibitor and one of the its side effects is that in some people can cause coughing so i am going to review your medications and if your family doctor also agrees we may try uh another uh blood pressure medication for you instead of ramipril uh so we will try and change that medication and see if your coughing stops how of that down kay great thank you	1
figshare-osce	RES0109	NEGATION_FLIP	usually dont	normally don't		unalignable
figshare-osce	RES0109	NEGATION_FLIP	dont	don't		unalignable
figshare-osce	RES0109	NEGATION_FLIP	cant	can't		unalignable
figshare-osce	RES0109	NEGATION_FLIP	havent	haven't		unalignable
figshare-osce	RES0109	NEGATION_FLIP	no			unalignable
figshare-osce	RES0109	NEGATION_FLIP	dont	don't	don't	0
figshare-osce	RES0109	NEGATION_FLIP	dont	don't		unalignable
figshare-osce	RES0109	NEGATION_FLIP	dont	don't		unalignable
figshare-osce	RES0109	NEGATION_FLIP	that and how about travel to anywhere no i havent traveled anywhere no ok ok well those are all the questions i had for you did you have any questions of your own no no ok so well do a covid swab anyways today because your some of your symptoms do overlap with that of covid and you should hear back in about 24 to 48 hours but in the meantime you should self isolate for 14 days sure um but it i think it does really sound like you have a common cold um so just like another viral illness um so just treat it supportively you know um keep yourself hydrated if you feel like youre getting a fever take like tylenol um if you have like pain like a headache or like sinus pressure or something you can take again an advil or tylenol um and if your symptoms worsen or if you have any neurological symptoms then you should see the er um right away sure yeah ok sounds good great		travel to anywhere no okay okayunintelligible questions i have for you do you have any questions of your own no no okay so we will do a covid swab anyways today because your some of your symptoms do overlop with that of covid and you should see her back in about 24 to 48 hours but in the meantime you should self isolate for 14 days uh but it i think it does really sound like you have a common cold uh so just like another viral illness uh so just treat it supportively you know uh uh keep herself hydrated you feel like you are getting a fever take like tylenol uh if you have like pain like a headache or like sinus pressure or something you can take again an advil or tylenol uh and if your symptoms worsen or if you have any neurological symptoms then you should see the er uh right away ya okay	1
figshare-osce	RES0109	LATERALITY	that and how about travel to anywhere no i havent traveled anywhere no ok ok well those are all the questions i had for you did you have any questions of your own no no ok so well do a covid swab anyways today because your some of your symptoms do overlap with that of covid and you should hear back in about 24 to 48 hours but in the meantime you should self isolate for 14 days sure um but it i think it does really sound like you have a common cold um so just like another viral illness um so just treat it supportively you know um keep yourself hydrated if you feel like youre getting a fever take like tylenol um if you have like pain like a headache or like sinus pressure or something you can take again an advil or tylenol um and if your symptoms worsen or if you have any neurological symptoms then you should see the er um right away sure yeah ok sounds good great		travel to anywhere no okay okayunintelligible questions i have for you do you have any questions of your own no no okay so we will do a covid swab anyways today because your some of your symptoms do overlop with that of covid and you should see her back in about 24 to 48 hours but in the meantime you should self isolate for 14 days uh but it i think it does really sound like you have a common cold uh so just like another viral illness uh so just treat it supportively you know uh uh keep herself hydrated you feel like you are getting a fever take like tylenol uh if you have like pain like a headache or like sinus pressure or something you can take again an advil or tylenol uh and if your symptoms worsen or if you have any neurological symptoms then you should see the er uh right away ya okay	1
figshare-osce	RES0109	NUMERIC	that and how about travel to anywhere no i havent traveled anywhere no ok ok well those are all the questions i had for you did you have any questions of your own no no ok so well do a covid swab anyways today because your some of your symptoms do overlap with that of covid and you should hear back in about 24 to 48 hours but in the meantime you should self isolate for 14 days sure um but it i think it does really sound like you have a common cold um so just like another viral illness um so just treat it supportively you know um keep yourself hydrated if you feel like youre getting a fever take like tylenol um if you have like pain like a headache or like sinus pressure or something you can take again an advil or tylenol um and if your symptoms worsen or if you have any neurological symptoms then you should see the er um right away sure yeah ok sounds good great		travel to anywhere no okay okayunintelligible questions i have for you do you have any questions of your own no no okay so we will do a covid swab anyways today because your some of your symptoms do overlop with that of covid and you should see her back in about 24 to 48 hours but in the meantime you should self isolate for 14 days uh but it i think it does really sound like you have a common cold uh so just like another viral illness uh so just treat it supportively you know uh uh keep herself hydrated you feel like you are getting a fever take like tylenol uh if you have like pain like a headache or like sinus pressure or something you can take again an advil or tylenol uh and if your symptoms worsen or if you have any neurological symptoms then you should see the er uh right away ya okay	1
figshare-osce	RES0110	NEGATION_FLIP	i	can't	and some shortness of breath i feel hot and i just feel kind of uh fuzzy like i just i	1
figshare-osce	RES0110	NEGATION_FLIP	wasnt	wasn't	wasn't	0
figshare-osce	RES0110	NEGATION_FLIP	cant	can't	can't	0
figshare-osce	RES0110	NUMERIC	2	two	two	0
figshare-osce	RES0110	NEGATION_FLIP	no ok um	um okay and	uh okay and	0
figshare-osce	RES0110	NUMERIC	385	five	5	0
figshare-osce	RES0110	NEGATION_FLIP	cant	can't	can't	0
figshare-osce	RES0110	NEGATION_FLIP	dont	don't		unalignable
figshare-osce	RES0110	NEGATION_FLIP	doesnt	doesn't		unalignable
figshare-osce	RES0110	NEGATION_FLIP	doesnt	doesn't	doesn't	0
figshare-osce	RES0110	NEGATION_FLIP	doesnt hurt ok	doesn't okay okay	doesn'tig uh	1
figshare-osce	RES0110	NEGATION_FLIP	no ok ok uhm	okay well there um	your feet in your legs no no okay uhm you	1
figshare-osce	RES0110	NEGATION_FLIP	patients dont	people don't		unalignable
figshare-osce	RES0110	NEGATION_FLIP	dont	don't	don't	0
figshare-osce	RES0110	NEGATION_FLIP	dont	don't		unalignable
figshare-osce	RES0111	NEGATION_FLIP	doesnt	doesn't	doesn'	1
figshare-osce	RES0111	NEGATION_FLIP	havent	haven't	haven' check her	1
figshare-osce	RES0111	NEGATION_FLIP	cant	can't		unalignable
figshare-osce	RES0111	NEGATION_FLIP	cant	can't		unalignable
figshare-osce	RES0111	NEGATION_FLIP	dont	don't		unalignable
figshare-osce	RES0111	NEGATION_FLIP	no uh			unalignable
figshare-osce	RES0111	NEGATION_FLIP	dont	don't	don't	0
figshare-osce	RES0111	NEGATION_FLIP	havent	haven't	have'	1
figshare-osce	RES0111	NEGATION_FLIP	didnt	didn't	didn'	1
figshare-osce	RES0111	NEGATION_FLIP	i	don't	i	1
figshare-osce	RES0111	NUMERIC	26	20	andt andct	0
figshare-osce	RES0111	NUMERIC	13	thirteen		unalignable
figshare-osce	RES0111	NEGATION_FLIP	havent ok	haven't okay		unalignable
figshare-osce	RES0111	NUMERIC	10 ok	ten okay		unalignable
figshare-osce	RES0111	NEGATION_FLIP	no ok ok	okay okay okay		unalignable
figshare-osce	RES0111	NEGATION_FLIP	its not			unalignable
figshare-osce	RES0111	NEGATION_FLIP	dont	don't		unalignable
figshare-osce	RES0111	NEGATION_FLIP	no			unalignable
figshare-osce	RES0111	NEGATION_FLIP	dont	don't		unalignable
figshare-osce	RES0111	NEGATION_FLIP	dont	don't		unalignable
figshare-osce	RES0111	NEGATION_FLIP	um it could be other things as well um seeing that your symptoms are somewhat overlapping with the symptoms for covid we would also like to do a covid test um well do a rapid strep test here as well um just to rule it out and then uh well uh ask you to quarantine for the next 14 days um until or at least until your covid swabs are back or your symptoms improve um and well let you know about um the management based on the strep test result do you have any questions um no that sounds great thank you ok sounds good		it could be other things as well uh see that your symptoms are somewhat overlapping with the symptoms for covid we would also like to do a covid test uh we will do a rapid strep test here as well uh just ruleig it out and then uh we will uh ask you to quarantine for the next 14 days uh until or at least until your covid swabs are back or her symptoms improve uh and we will let you know about u the management based on the strep test result do you have any questions	0
figshare-osce	RES0111	NUMERIC	um it could be other things as well um seeing that your symptoms are somewhat overlapping with the symptoms for covid we would also like to do a covid test um well do a rapid strep test here as well um just to rule it out and then uh well uh ask you to quarantine for the next 14 days um until or at least until your covid swabs are back or your symptoms improve um and well let you know about um the management based on the strep test result do you have any questions um no that sounds great thank you ok sounds good		it could be other things as well uh see that your symptoms are somewhat overlapping with the symptoms for covid we would also like to do a covid test uh we will do a rapid strep test here as well uh just ruleig it out and then uh we will uh ask you to quarantine for the next 14 days uh until or at least until your covid swabs are back or her symptoms improve uh and we will let you know about u the management based on the strep test result do you have any questions	1
figshare-osce	RES0112	NUMERIC	385 um	38 5	like 38 5 uh	0
figshare-osce	RES0112	NEGATION_FLIP	that	doesn't	uh	1
figshare-osce	RES0112	NEGATION_FLIP	doesnt	doesn't	does not	0
figshare-osce	RES0112	NUMERIC	5 6	five six	five sixa uh	0
figshare-osce	RES0112	NUMERIC	2 ok	two okay		unalignable
figshare-osce	RES0112	NEGATION_FLIP	didnt	didn't		unalignable
figshare-osce	RES0112	NEGATION_FLIP	no ok alright and	nope okay all right		unalignable
figshare-osce	RES0112	NEGATION_FLIP	so far ok alright thats thats good um ok and does he have any allergies that youre aware of pardon me any allergies oh uh no allergies ok alright um well it looks like um i its great that you brought him into the emergency room um if he hasnt been eating drinking well hasnt slept well has been fussy and and has been lethargic and tired uh and is having difficulty swallowing food um thats definitely very um serious uh well have a look inside his mouth and see whats going on it could be that he has an infection or an inflammation of some sort um given his fever he probably has an infection um and uh well likely start him on antibiotics and put in an iv drip just to get in get some fluids inside him just to get him hydrated uh and monitor him very closely well also check his vitals and um well do uh yeah well go from there do you have any questions uh no thank you ok		so far and does you have any allergies that you are aware of any allergies no allergies oka alright well it looks like greatigible you brought him into the emergency room if he has not been eating drinking well has not slept well has been fussy and and has been lethargic and tired and is having difficulty swallowing food that is definitely very serious will have a lookingside his mouth and see what is going on it could be that he has an infection or an inflammation of some sort given his fever he probably has an infection uh andu we will likely start him on antibiotics and put in uh an iv drip just uh to get him just him fluids inside him uh just to get him hydrated uh and uh monitor him very closely we will also check his vitals and uh will do uh uh yeah will go from there you have any questions than	1
figshare-osce	RES0113	NEGATION_FLIP	havent	haven't		unalignable
figshare-osce	RES0113	NEGATION_FLIP	dont	don't		unalignable
figshare-osce	RES0113	NEGATION_FLIP	doesnt	doesn't		unalignable
figshare-osce	RES0113	NUMERIC	1	one		unalignable
figshare-osce	RES0113	NUMERIC	10 with	ten and		unalignable
figshare-osce	RES0113	NUMERIC	10			unalignable
figshare-osce	RES0113	NEGATION_FLIP	hasnt woken me up	hasn't opened yet okay		unalignable
figshare-osce	RES0113	NEGATION_FLIP	dont	don't		unalignable
figshare-osce	RES0113	NEGATION_FLIP	no	nope		unalignable
figshare-osce	RES0113	NEGATION_FLIP	dont	don't		unalignable
figshare-osce	RES0113	NEGATION_FLIP	dont	don't		unalignable
figshare-osce	RES0113	NEGATION_FLIP	no yeah ok alright	yeah okay all right		unalignable
figshare-osce	RES0113	NEGATION_FLIP	uh well ask you to quarantine for the for the next 14 days and try to stay away from your husband and daughter as well if you can at home um and uh i guess a couple of other questions that i wanted to ask and i should have asked earlier do you have any um any stiffness in your neck or any difficulties moving your neck uh no nothing like that ok alright and um do you have any questions uh no thats it thank you so much great		and uh will uh ask you to quarantine for the for the next 14 days and try to stay away from your husband and daughter as well as you can at home uhu and uh i guess a couple of other uh questions that i i want to should earlier do you have any any stiffness in your neck or any difficulties moving your neck unintelligible al andquestion that it thk you	0
figshare-osce	RES0113	NUMERIC	uh well ask you to quarantine for the for the next 14 days and try to stay away from your husband and daughter as well if you can at home um and uh i guess a couple of other questions that i wanted to ask and i should have asked earlier do you have any um any stiffness in your neck or any difficulties moving your neck uh no nothing like that ok alright and um do you have any questions uh no thats it thank you so much great		and uh will uh ask you to quarantine for the for the next 14 days and try to stay away from your husband and daughter as well as you can at home uhu and uh i guess a couple of other uh questions that i i want to should earlier do you have any any stiffness in your neck or any difficulties moving your neck unintelligible al andquestion that it thk you	1
figshare-osce	RES0114	NEGATION_FLIP	dont	don't		unalignable
figshare-osce	RES0114	NEGATION_FLIP	dont	don't		unalignable
figshare-osce	RES0114	NEGATION_FLIP	havent	haven't		unalignable
figshare-osce	RES0114	NEGATION_FLIP	dont	don't		unalignable
figshare-osce	RES0114	NEGATION_FLIP	no ok	nope um		unalignable
figshare-osce	RES0114	NEGATION_FLIP	havent	haven't		unalignable
figshare-osce	RES0114	NEGATION_FLIP	dont	don't		unalignable
figshare-osce	RES0114	NEGATION_FLIP	yeah	didn't		unalignable
figshare-osce	RES0114	NEGATION_FLIP	and didnt	it didn't		unalignable
figshare-osce	RES0114	NEGATION_FLIP	didnt	didn't		unalignable
figshare-osce	RES0114	NEGATION_FLIP	didnt	didn't		unalignable
figshare-osce	RES0114	NEGATION_FLIP	dont	don't		unalignable
figshare-osce	RES0114	NEGATION_FLIP	havent	haven't		unalignable
figshare-osce	RES0114	NEGATION_FLIP	dont	don't		unalignable
figshare-osce	RES0114	NEGATION_FLIP	dont	don't	don'	1
figshare-osce	RES0114	NEGATION_FLIP	dont	don't		unalignable
figshare-osce	RES0114	NEGATION_FLIP	havent	haven't		unalignable
figshare-osce	RES0114	NEGATION_FLIP	not			unalignable
figshare-osce	RES0114	NEGATION_FLIP	and um taking your puffers as needed um so right now we will continue using the puffers that you have and if you dont already have a long acting beta agonist well give you that as well as if its like if it gets really severe well also give you some inhaled corticosteroids um and well also check your oxygen saturation to make sure its over uh 88 um and well give you oxygen if you need it um as well some antibiotics to consider you mentioned that you were allergic to amoxicillin so we might give you like a macrolide like azithromycin for now um and hopefully your symptoms subside and we can get you home how does that sound ok that sounds good thank you so much yeah no problem and i forgot sorry well also probably do like a chest x ray and a pulmonary function test ok sounds good yeah no problem		and uh taking pupper as needed uh so right now we will continue using the puppers that you have and if you do not already have a long acting beta agonist we will give you that as well as if it is like if it gets really severe we will also give you some inhaled corticosteroids u and we will also check your oxygen saturation to make sure it is over uh 88 uh and we will give the oxygen if you needed uh as well some antibiotics uh to consider you mention that you were allergic to amoxicillin so we might give you likeu macrolide like azithromycin for now uh and hopefully your symptoms subside and we can get you home how thatununintellig problemoh i i forgot to uh we will also probably do a chest x-ray and pulmonary function test unintelligible no problem	1
figshare-osce	RES0114	LATERALITY	and um taking your puffers as needed um so right now we will continue using the puffers that you have and if you dont already have a long acting beta agonist well give you that as well as if its like if it gets really severe well also give you some inhaled corticosteroids um and well also check your oxygen saturation to make sure its over uh 88 um and well give you oxygen if you need it um as well some antibiotics to consider you mentioned that you were allergic to amoxicillin so we might give you like a macrolide like azithromycin for now um and hopefully your symptoms subside and we can get you home how does that sound ok that sounds good thank you so much yeah no problem and i forgot sorry well also probably do like a chest x ray and a pulmonary function test ok sounds good yeah no problem		and uh taking pupper as needed uh so right now we will continue using the puppers that you have and if you do not already have a long acting beta agonist we will give you that as well as if it is like if it gets really severe we will also give you some inhaled corticosteroids u and we will also check your oxygen saturation to make sure it is over uh 88 uh and we will give the oxygen if you needed uh as well some antibiotics uh to consider you mention that you were allergic to amoxicillin so we might give you likeu macrolide like azithromycin for now uh and hopefully your symptoms subside and we can get you home how thatununintellig problemoh i i forgot to uh we will also probably do a chest x-ray and pulmonary function test unintelligible no problem	1
figshare-osce	RES0114	NUMERIC	and um taking your puffers as needed um so right now we will continue using the puffers that you have and if you dont already have a long acting beta agonist well give you that as well as if its like if it gets really severe well also give you some inhaled corticosteroids um and well also check your oxygen saturation to make sure its over uh 88 um and well give you oxygen if you need it um as well some antibiotics to consider you mentioned that you were allergic to amoxicillin so we might give you like a macrolide like azithromycin for now um and hopefully your symptoms subside and we can get you home how does that sound ok that sounds good thank you so much yeah no problem and i forgot sorry well also probably do like a chest x ray and a pulmonary function test ok sounds good yeah no problem		and uh taking pupper as needed uh so right now we will continue using the puppers that you have and if you do not already have a long acting beta agonist we will give you that as well as if it is like if it gets really severe we will also give you some inhaled corticosteroids u and we will also check your oxygen saturation to make sure it is over uh 88 uh and we will give the oxygen if you needed uh as well some antibiotics uh to consider you mention that you were allergic to amoxicillin so we might give you likeu macrolide like azithromycin for now uh and hopefully your symptoms subside and we can get you home how thatununintellig problemoh i i forgot to uh we will also probably do a chest x-ray and pulmonary function test unintelligible no problem	1
figshare-osce	RES0116	NUMERIC	three	think		unalignable
figshare-osce	RES0116	NEGATION_FLIP	wasnt	wasn't		unalignable
figshare-osce	RES0116	NEGATION_FLIP	hasnt	hasn't		unalignable
figshare-osce	RES0116	NEGATION_FLIP	cant	can't		unalignable
figshare-osce	RES0116	NEGATION_FLIP	dont	don't		unalignable
figshare-osce	RES0116	NUMERIC	2	two		unalignable
figshare-osce	RES0116	NEGATION_FLIP	uh	no		unalignable
figshare-osce	RES0116	NUMERIC	39 degrees so			unalignable
figshare-osce	RES0116	NEGATION_FLIP	havent	haven't		unalignable
figshare-osce	RES0116	NEGATION_FLIP	hasnt	hasn't		unalignable
figshare-osce	RES0116	NEGATION_FLIP	dont think so no ok			unalignable
figshare-osce	RES0116	NEGATION_FLIP	dont	don't	don'	1
figshare-osce	RES0116	NEGATION_FLIP	no			unalignable
figshare-osce	RES0116	NEGATION_FLIP	dont	don't		unalignable
figshare-osce	RES0116	NEGATION_FLIP	didnt	didn't	complicationu she did not	0
figshare-osce	RES0116	NEGATION_FLIP	wasnt	wasn't	not	0
figshare-osce	RES0116	NEGATION_FLIP	wasnt	wasn't		unalignable
figshare-osce	RES0116	NEGATION_FLIP	no medications			unalignable
figshare-osce	RES0116	NEGATION_FLIP	no			unalignable
figshare-osce	RES0116	NEGATION_FLIP	dont	don't		unalignable
figshare-osce	RES0116	NEGATION_FLIP	dont	don't		unalignable
figshare-osce	RES0116	NEGATION_FLIP	doesnt	doesn't	not	0
figshare-osce	RES0117	NUMERIC	2	two		unalignable
figshare-osce	RES0117	NEGATION_FLIP	wasnt	wasn't		unalignable
figshare-osce	RES0117	NEGATION_FLIP	nope	no	no	0
figshare-osce	RES0117	NEGATION_FLIP	dont	don't		unalignable
figshare-osce	RES0117	NEGATION_FLIP	didnt	didn't		unalignable
figshare-osce	RES0117	NEGATION_FLIP	no um		nouh change	0
figshare-osce	RES0117	NEGATION_FLIP	um i	don't i'm		unalignable
figshare-osce	RES0117	NEGATION_FLIP	dont	don't		unalignable
figshare-osce	RES0117	NEGATION_FLIP	havent	haven't		unalignable
figshare-osce	RES0117	NEGATION_FLIP	dont	don't		unalignable
figshare-osce	RES0117	NEGATION_FLIP	dont	don't		unalignable
figshare-osce	RES0117	NEGATION_FLIP	no			unalignable
figshare-osce	RES0117	NEGATION_FLIP	uh about the blood i was just reading some things up and uh about tuberculosis so i was really stressed out today yeah so um thats definitely high on our differential so well do a couple of things well do a covid swab on you um just to rule that in or out you should hear back for about those results in 24 to 48 hours while youre here in the hospital were also going to do a chest xray and or like an afb smear to see if you have active tb or latent tb if those come back positive um we will require you to isolate because this uh because tb is highly infectious and its airborne um so we have a couple of uh we have like a regimen that wed put you on its called the ripe medications that we keep you on for two months and then we continue a couple of those for another four months um but we will uh keep you here until we have more answers on um like from this tb standpoint how does that sound yeah that sounds good um yeah im really worried but hopefully its not tb yeah hopefully its not um but if it is its its ok like um well get infectious disease involved uh well get the isolation going and well get you on the correct treatment ok thank you so much yeah no problem		blood was just reading somethings opened uh go tuberculosis so st those to yah so uh that is definitely high on our differential so we will do a couple of things we will do a covid swab on you uh just to rule that in or out you should hear back for both those results in 24 to 48 hours while you are here in the hospital we are also going to do a chest x-ray and or like an afb smear to see if you have active tb or latent tb if those come back positive uh we will require you to isolate because this uh because tb is highly infectious and it is airborne uh so we have a couple of uh we have like a regimen that would put you on it is called the rightpe medications that we keep you on for two months men we continue a couple of those for another four months uh but we will keep you here until we have more answers on uh i like from this tb standpoint how that rely worried but hopefully tb yeah hopefully it is not uh but if it is its it is okay like uh we will get infectious disease involved we will get the isolation going and we will get you on the correct treatment okay	1
figshare-osce	RES0117	NUMERIC	uh about the blood i was just reading some things up and uh about tuberculosis so i was really stressed out today yeah so um thats definitely high on our differential so well do a couple of things well do a covid swab on you um just to rule that in or out you should hear back for about those results in 24 to 48 hours while youre here in the hospital were also going to do a chest xray and or like an afb smear to see if you have active tb or latent tb if those come back positive um we will require you to isolate because this uh because tb is highly infectious and its airborne um so we have a couple of uh we have like a regimen that wed put you on its called the ripe medications that we keep you on for two months and then we continue a couple of those for another four months um but we will uh keep you here until we have more answers on um like from this tb standpoint how does that sound yeah that sounds good um yeah im really worried but hopefully its not tb yeah hopefully its not um but if it is its its ok like um well get infectious disease involved uh well get the isolation going and well get you on the correct treatment ok thank you so much yeah no problem		blood was just reading somethings opened uh go tuberculosis so st those to yah so uh that is definitely high on our differential so we will do a couple of things we will do a covid swab on you uh just to rule that in or out you should hear back for both those results in 24 to 48 hours while you are here in the hospital we are also going to do a chest x-ray and or like an afb smear to see if you have active tb or latent tb if those come back positive uh we will require you to isolate because this uh because tb is highly infectious and it is airborne uh so we have a couple of uh we have like a regimen that would put you on it is called the rightpe medications that we keep you on for two months men we continue a couple of those for another four months uh but we will keep you here until we have more answers on uh i like from this tb standpoint how that rely worried but hopefully tb yeah hopefully it is not uh but if it is its it is okay like uh we will get infectious disease involved we will get the isolation going and we will get you on the correct treatment okay	1
figshare-osce	RES0118	NEGATION_FLIP	ok yeah no	okay i know		unalignable
figshare-osce	RES0118	NEGATION_FLIP	um	no		unalignable
figshare-osce	RES0118	NEGATION_FLIP	dont	don't		unalignable
figshare-osce	RES0118	NEGATION_FLIP	dont	don't		unalignable
figshare-osce	RES0118	NEGATION_FLIP	no		no no runny nose or stuffy nose	1
figshare-osce	RES0118	NEGATION_FLIP	dont	don't	not	0
figshare-osce	RES0118	NEGATION_FLIP	uh no	i know		unalignable
figshare-osce	RES0119	NUMERIC	7	seven	by seven-year-old	0
figshare-osce	RES0119	NEGATION_FLIP	cant	can't	canot	1
figshare-osce	RES0119	NUMERIC	2	two	two	0
figshare-osce	RES0119	NEGATION_FLIP	cant	can't		unalignable
figshare-osce	RES0119	NEGATION_FLIP	cant	can't		unalignable
figshare-osce	RES0119	NEGATION_FLIP	hasnt	hasn't	not	0
figshare-osce	RES0119	NEGATION_FLIP	hasnt	hasn't	not	0
figshare-osce	RES0119	NEGATION_FLIP	now	not		unalignable
figshare-osce	RES0119	NEGATION_FLIP	doesnt	doesn't	not	0
figshare-osce	RES0119	NEGATION_FLIP	no ok uh			unalignable
figshare-osce	RES0119	NEGATION_FLIP	no			unalignable
figshare-osce	RES0119	NEGATION_FLIP	doesnt	doesn't		unalignable
figshare-osce	RES0119	NUMERIC	6	six		unalignable
figshare-osce	RES0119	NUMERIC	7	seven	c pa	0
figshare-osce	RES0119	NUMERIC	8	eight		unalignable
figshare-osce	RES0119	NEGATION_FLIP	dont	don't		unalignable
figshare-osce	RES0119	NEGATION_FLIP	no	and		unalignable
figshare-osce	RES0119	NEGATION_FLIP	no um			unalignable
figshare-osce	RES0119	NEGATION_FLIP	havent	haven't		unalignable
figshare-osce	RES0119	NEGATION_FLIP	havent	haven't	not	0
figshare-osce	RES0119	NUMERIC	who is	who's four	her mom and her dad and uh she has a younger sibling who is	1
figshare-osce	RES0119	NUMERIC	4		four	0
figshare-osce	RES0119	NUMERIC	3 ok thats	three okay that's	threek uh	0
figshare-osce	RES0119	NEGATION_FLIP	dont	don't	unintelligible	1
figshare-osce	RES0119	NEGATION_FLIP	doesnt	doesn't	not	0
figshare-osce	RES0119	NEGATION_FLIP	uh if she has um asthma or not and then we can try her on um its called a short acting beta agonist so its a puffer ok and uh usually when she gets these types of symptoms she can use the puffer to help her uh and if it um helps her then its most likely that she does have asthma and she will need um that puffer and then she might also need another puffer which is an inhaled corticosteroid um for the future to decrease um the likelihood that this asthma gets worse in the future ok ok yeah thank you yeah no worries so yeah so yeah well get those tests done and then go from there ok sounds great take care you too		under and if she has uh asthma or not and then we can try her on it called her short-acting beta a auntelligible and usually when she gets these sorpes of symptoms she can use the puffper to help her uh and if it uh helps her then it is most likely that she does have asthma and she will need uh the puffer and then she might also need another puffper which is an inhaled corticosteroid uh for the future to decrease uh the likelihood that this asthma gets worse in the future ointigible will t there	1
figshare-osce	RES0120	NEGATION_FLIP	havent	haven't	not	0
figshare-osce	RES0120	NEGATION_FLIP	doesnt	doesn't	not	0
figshare-osce	RES0120	NEGATION_FLIP	dont	don't		unalignable
figshare-osce	RES0120	NEGATION_FLIP	time now	trying not	try not	0
figshare-osce	RES0120	NEGATION_FLIP	havent	haven't	not	0
figshare-osce	RES0120	NEGATION_FLIP	wouldnt	wouldn't		unalignable
figshare-osce	RES0120	NUMERIC	7	seven		unalignable
figshare-osce	RES0120	NEGATION_FLIP	hasnt	hasn't	and has not	0
figshare-osce	RES0120	NEGATION_FLIP	dont	don't		unalignable
figshare-osce	RES0120	NEGATION_FLIP	no	yeah	i know	0
figshare-osce	RES0120	NEGATION_FLIP	um yeah like what do you think i have covid yeah so right now its definitely something thats on everyones mind um some of these symptoms um the shortness of breath and fever definitely can be coviand thats something that we are going to test you with and thats something we test everyone with um but because youre having shortness of breath uh we do need to make sure nothing else is going on as well uh you can potentially have pneumonia thats not coviit can be any other virus or bacteria so we will get some blood work done well get your temperature and all your vitals taken as well um and then get a chest xray as well okay and if it turns out at all that you have pneumonia well just reassess and see if you need to stay in the hospital for longer if you need any antibiotics within the hospital or you can take them at home so yeah well do a full physical examination and do all those tests and then go from there okay that sounds great thank you youre welcome um yeah well be there with you shortly okay great		covid so right now it is definitely something that is on everyone's mind some of these symptoms the shortness of breath and fever uh definitely can be covid uh and that something that we are going to test you with and that something we test everyone with uh beca but because you are having shortness of breath we do need to make sure nothing else is going on on as well uh you can potentially have uh pneumonia that is not covid it can be any other virus or bacteria so we will get some blood work done we will get your temperature and all your vitals taken as well uh and then get a chest x-ray as well and if if it turns out at all that you have pneumonia we will just reassess and see if you need to stay in the hospital for longer if you need uh any antibiotics within the hospital or you can take them at home so yeah we will do a full physical examination and do all those tests and then go from there okay's thank you a unintelligible a	1
figshare-osce	RES0120	LATERALITY	um yeah like what do you think i have covid yeah so right now its definitely something thats on everyones mind um some of these symptoms um the shortness of breath and fever definitely can be coviand thats something that we are going to test you with and thats something we test everyone with um but because youre having shortness of breath uh we do need to make sure nothing else is going on as well uh you can potentially have pneumonia thats not coviit can be any other virus or bacteria so we will get some blood work done well get your temperature and all your vitals taken as well um and then get a chest xray as well okay and if it turns out at all that you have pneumonia well just reassess and see if you need to stay in the hospital for longer if you need any antibiotics within the hospital or you can take them at home so yeah well do a full physical examination and do all those tests and then go from there okay that sounds great thank you youre welcome um yeah well be there with you shortly okay great		covid so right now it is definitely something that is on everyone's mind some of these symptoms the shortness of breath and fever uh definitely can be covid uh and that something that we are going to test you with and that something we test everyone with uh beca but because you are having shortness of breath we do need to make sure nothing else is going on on as well uh you can potentially have uh pneumonia that is not covid it can be any other virus or bacteria so we will get some blood work done we will get your temperature and all your vitals taken as well uh and then get a chest x-ray as well and if if it turns out at all that you have pneumonia we will just reassess and see if you need to stay in the hospital for longer if you need uh any antibiotics within the hospital or you can take them at home so yeah we will do a full physical examination and do all those tests and then go from there okay's thank you a unintelligible a	1
figshare-osce	RES0121	NEGATION_FLIP	cant	can't		unalignable
figshare-osce	RES0121	NEGATION_FLIP	wont	won't		unalignable
figshare-osce	RES0121	NEGATION_FLIP	no	nope		unalignable
figshare-osce	RES0121	NEGATION_FLIP	dont	don't		unalignable
figshare-osce	RES0121	NEGATION_FLIP	no			unalignable
figshare-osce	RES0121	NEGATION_FLIP	um	no		unalignable
figshare-osce	RES0121	NEGATION_FLIP	dont im	don't i'm	donm im otherwise	1
figshare-osce	RES0121	NEGATION_FLIP	dont	don't		unalignable
figshare-osce	RES0122	NUMERIC	i	two	two two	0
figshare-osce	RES0122	NUMERIC	would say 2		two two	0
figshare-osce	RES0122	NEGATION_FLIP	dont	don't	don'	1
figshare-osce	RES0122	NUMERIC	2	two		unalignable
figshare-osce	RES0122	NEGATION_FLIP	no	nope		unalignable
figshare-osce	RES0122	NEGATION_FLIP	no	nope		unalignable
figshare-osce	RES0122	NEGATION_FLIP	no			unalignable
figshare-osce	RES0122	NUMERIC	two	few		unalignable
figshare-osce	RES0122	NEGATION_FLIP	didnt	didn't		unalignable
figshare-osce	RES0122	NEGATION_FLIP	dont	don't		unalignable
figshare-osce	RES0122	NEGATION_FLIP	not	greatly		unalignable
figshare-osce	RES0122	NEGATION_FLIP	your temperature here to see if you have any fevers and uh go from there well also i guess well also do a coviswab because your symptoms do overlap with some of those symptoms um and wed recommend that you quarantine until at least uh swabs swab results are out and then public health will let you know what to do okay do you have any questions for me uh no thats all thank you so much youre welcome		temperature here to see if you have any fevers and u go from there also i guess will to do a covid swab because your symptoms do relap with some of those symptoms uh and we recommend that you quarantine u until at least that	0
figshare-osce	RES0123	NEGATION_FLIP	didnt	didn't	did myteture	1
figshare-osce	RES0123	NUMERIC	1	one		unalignable
figshare-osce	RES0123	NUMERIC	10	ten		unalignable
figshare-osce	RES0123	NUMERIC	10	ten		unalignable
figshare-osce	RES0123	NUMERIC	7	seven		unalignable
figshare-osce	RES0123	NUMERIC	7	seven		unalignable
figshare-osce	RES0123	NUMERIC	7	seven		unalignable
figshare-osce	RES0123	NUMERIC	5	five		unalignable
figshare-osce	RES0123	NUMERIC	on one			unalignable
figshare-osce	RES0123	NEGATION_FLIP	no	or	no	1
figshare-osce	RES0123	NEGATION_FLIP	havent	haven't		unalignable
figshare-osce	RES0123	NEGATION_FLIP	havent uh	haven't i've		unalignable
figshare-osce	RES0123	NUMERIC	anyone uh	one part		unalignable
figshare-osce	RES0123	NEGATION_FLIP	dont	don't		unalignable
figshare-osce	RES0123	NEGATION_FLIP	i	don't		unalignable
figshare-osce	RES0123	NEGATION_FLIP	dont	don't		unalignable
figshare-osce	RES0123	NEGATION_FLIP	no	nope		unalignable
figshare-osce	RES0123	NEGATION_FLIP	no	nope		unalignable
figshare-osce	RES0123	NEGATION_FLIP	havent	haven't		unalignable
figshare-osce	RES0123	NEGATION_FLIP	havent	haven't		unalignable
figshare-osce	RES0123	NEGATION_FLIP	no allergies	including cameras		unalignable
figshare-osce	RES0123	NEGATION_FLIP	no			unalignable
figshare-osce	RES0123	NEGATION_FLIP	havent	haven't		unalignable
figshare-osce	RES0123	NEGATION_FLIP	dont	don't		unalignable
figshare-osce	RES0123	NEGATION_FLIP	not			unalignable
figshare-osce	RES0123	NEGATION_FLIP	havent	haven't	not	0
figshare-osce	RES0123	NEGATION_FLIP	um its best that you do that for now um we will run a couple of tests do labs and based on those results uh well decide if you need to stay in the er or if we can um if you can be discharged later today do you have any questions for me uh no that that all sounds great thanks for explaining it to me youre welcome okay		uh to that you do that for now uh we will run a couple of tests to labs and based on those results u we will decide if you need to stay in the er or if we can uh she can be discharged uh later today i you have any questions for me uhssunintelligibleintellig	0
figshare-osce	RES0124	NEGATION_FLIP	dont	don't	re	1
figshare-osce	RES0124	NEGATION_FLIP	couldnt	couldn't	couldn'	1
figshare-osce	RES0124	NUMERIC	one	yeah		unalignable
figshare-osce	RES0124	NEGATION_FLIP	couldnt	couldn't		unalignable
figshare-osce	RES0124	NEGATION_FLIP	hasnt	doesn't		unalignable
figshare-osce	RES0124	NUMERIC	ten	10		unalignable
figshare-osce	RES0124	NEGATION_FLIP	i	didn't		unalignable
figshare-osce	RES0124	NEGATION_FLIP	no			unalignable
figshare-osce	RES0124	NEGATION_FLIP	dont	don't		unalignable
figshare-osce	RES0124	NEGATION_FLIP	dont	don't	don't this	0
figshare-osce	RES0124	NEGATION_FLIP	havent	haven't	it	1
figshare-osce	RES0124	NEGATION_FLIP	dont	don't		unalignable
figshare-osce	RES0124	NEGATION_FLIP	havent	haven't		unalignable
figshare-osce	RES0124	NEGATION_FLIP	hasnt	hasn't		unalignable
figshare-osce	RES0124	NEGATION_FLIP	dont	don't	do'	1
figshare-osce	RES0124	NEGATION_FLIP	dont	don't		unalignable
figshare-osce	RES0125	NEGATION_FLIP	dont	don't		unalignable
figshare-osce	RES0125	NEGATION_FLIP	uh	don't		unalignable
figshare-osce	RES0125	NEGATION_FLIP	dont	don't		unalignable
figshare-osce	RES0125	NEGATION_FLIP	no			unalignable
figshare-osce	RES0125	NUMERIC	374			unalignable
figshare-osce	RES0125	NEGATION_FLIP	no			unalignable
figshare-osce	RES0125	NEGATION_FLIP	no			unalignable
figshare-osce	RES0125	NEGATION_FLIP	no			unalignable
figshare-osce	RES0125	NEGATION_FLIP	didnt	didn't		unalignable
figshare-osce	RES0125	NEGATION_FLIP	couldnt	couldn't		unalignable
figshare-osce	RES0125	NEGATION_FLIP	no			unalignable
figshare-osce	RES0125	NEGATION_FLIP	dont	don't		unalignable
figshare-osce	RES0125	NEGATION_FLIP	doesnt	doesn't		unalignable
figshare-osce	RES0125	NEGATION_FLIP	did	didn't		unalignable
figshare-osce	RES0125	NUMERIC	2	two		unalignable
figshare-osce	RES0125	NEGATION_FLIP	dont i try	don't actually i've		unalignable
figshare-osce	RES0125	NUMERIC	3	three		unalignable
figshare-osce	RES0125	NUMERIC	4	four		unalignable
figshare-osce	RES0125	NUMERIC	three	two		unalignable
figshare-osce	RES0125	NUMERIC	20	twenty		unalignable
figshare-osce	RES0125	NUMERIC	um	thirty		unalignable
figshare-osce	RES0125	NUMERIC	30			unalignable
figshare-osce	RES0125	NUMERIC	30	thirty		unalignable
figshare-osce	RES0125	NEGATION_FLIP	no	yeah		unalignable
figshare-osce	RES0125	NEGATION_FLIP	no			unalignable
figshare-osce	RES0125	NEGATION_FLIP	doesnt	doesn't	doesn't	0
figshare-osce	RES0126	NEGATION_FLIP	doesnt	doesn't		unalignable
figshare-osce	RES0126	NEGATION_FLIP	hasnt	hasn't		unalignable
figshare-osce	RES0126	NEGATION_FLIP	wont	won't		unalignable
figshare-osce	RES0126	NEGATION_FLIP	cant	can't		unalignable
figshare-osce	RES0126	NEGATION_FLIP	i	don't		unalignable
figshare-osce	RES0126	NEGATION_FLIP	dont	don't		unalignable
figshare-osce	RES0126	NUMERIC	15	fifteen		unalignable
figshare-osce	RES0126	NEGATION_FLIP	hasnt	hasn't		unalignable
figshare-osce	RES0126	NEGATION_FLIP	no no ok			unalignable
figshare-osce	RES0126	NEGATION_FLIP	i havent	uh haven't		unalignable
figshare-osce	RES0126	NEGATION_FLIP	no then			unalignable
figshare-osce	RES0126	NEGATION_FLIP	dont	don't		unalignable
figshare-osce	RES0126	NEGATION_FLIP	no	okay		unalignable
figshare-osce	RES0126	NEGATION_FLIP	dont	don't		unalignable
figshare-osce	RES0126	NUMERIC	10	ten		unalignable
figshare-osce	RES0126	NEGATION_FLIP	cant	can't		unalignable
figshare-osce	RES0126	NEGATION_FLIP	cant	can't		unalignable
figshare-osce	RES0127	NEGATION_FLIP	dont	don't		unalignable
figshare-osce	RES0127	NEGATION_FLIP	didnt	didn't		unalignable
figshare-osce	RES0127	NEGATION_FLIP	dont	don't		unalignable
figshare-osce	RES0127	NEGATION_FLIP	no			unalignable
figshare-osce	RES0127	NEGATION_FLIP	now	no		unalignable
figshare-osce	RES0127	NEGATION_FLIP	no	okay		unalignable
figshare-osce	RES0127	NEGATION_FLIP	not			unalignable
figshare-osce	RES0127	NEGATION_FLIP	dont	don't		unalignable
figshare-osce	RES0127	NEGATION_FLIP	not			unalignable
figshare-osce	RES0127	NEGATION_FLIP	havent	haven't		unalignable
figshare-osce	RES0127	NEGATION_FLIP	no			unalignable
figshare-osce	RES0127	NEGATION_FLIP	doesnt	doesn't		unalignable
figshare-osce	RES0127	NEGATION_FLIP	wouldnt	wouldn't		unalignable
figshare-osce	RES0127	NUMERIC	8	eight		unalignable
figshare-osce	RES0127	NUMERIC	9	nine		unalignable
figshare-osce	RES0127	NEGATION_FLIP	dont ok ok	no okay okay		unalignable
figshare-osce	RES0127	NEGATION_FLIP	havent	haven't	talk	1
figshare-osce	RES0127	NEGATION_FLIP	no			unalignable
figshare-osce	RES0127	NEGATION_FLIP	no	okay	okay and u or	0
figshare-osce	RES0127	NUMERIC	i think it might be beneficial to for you to see like an allergist sure and so i can refer you to someone as well just have a sense of what kind of things allergic to you and like what medications you would require in the meantime definitely like any antihistamine medications would help with your symptoms but since youre also having congestion and sneezing just just in case we will just do a coviswab test for you today and it takes around 24 to 48 hours to come back and in the meantime you should just isolate as much as you can in your own home and then based on the result they would give you more instruction sure alright thank you take care		i think it it might be beneficial to for you to see an like an allergist uhm and so i can refer you to uh someone as well uh just have a sense of what kind of things uh that cause allergy to and like what medications you would require in the meantime definitely uh like any antihistamine medications u would help with your symptoms uh but since you are also having uh congestion and sneezing just just in case uh we will just do a covid swab test flue today uh and it takes around 24 to 48 hours to come back uh and in the meantime you should it just isolate as much as he can in your own home uh and then based on the result they will give me more instruction alright thank you to get	1
figshare-osce	RES0128	NUMERIC	6	six-year-old		unalignable
figshare-osce	RES0128	NEGATION_FLIP	couldnt	couldn't		unalignable
figshare-osce	RES0128	NEGATION_FLIP	sound	not		unalignable
figshare-osce	RES0128	NEGATION_FLIP	havent	haven't		unalignable
figshare-osce	RES0128	NEGATION_FLIP	doesnt	doesn't		unalignable
figshare-osce	RES0128	NEGATION_FLIP	no			unalignable
figshare-osce	RES0128	NEGATION_FLIP	hasnt	hasn't	th hees'unintelligible oay	1
figshare-osce	RES0128	NEGATION_FLIP	hasnt	hasn't	hasn'	1
figshare-osce	RES0128	NEGATION_FLIP	doesnt	doesn't	uh non' kay	1
figshare-osce	RES0128	NEGATION_FLIP	werent	weren't		unalignable
figshare-osce	RES0128	NEGATION_FLIP	werent	weren't	weren'	1
figshare-osce	RES0128	NEGATION_FLIP	didnt	didn't		unalignable
figshare-osce	RES0128	NEGATION_FLIP	dont	don't		unalignable
figshare-osce	RES0128	NEGATION_FLIP	if if my son had asthma as well and if like you need a prescription for inhalers yeah so were gonna since hes never been diagnosed before were gonna do some investigations for him just to start so we can do we can start by doing a pulmonary function test for him to see what his lung activity is like uhm so well start there and then well also because youre saying hes short of breath well take his oxygen saturation as well and maybe even do some like some basic blood work for him and if it turns out he has asthma which in this case i do strongly suspect well prescribe him some bronchodilators like a short acting beta agonist as well as an inhaled corticosteroid because his symptoms do seem somewhat severe this time around and then i should also mention because some of his symptoms overlap with that of covihe will also get a covid swab and you should hear back about that in 24 to 48 hours how does that sound that sounds good thank you alright great thank you		never been diagnosed before we are going to do some uh investigations for him just to start uh so we can do we can start by doing a pulmonary function test for him uh to see what his lung activity is like uhm so we will start there and then we will also because we are saying he is short of breath uh we will take his oxygen saturation as well uh and maybe even do some like uh some basic blood work for him and if it turns out he has asthma which in this case i do strongly suspect uh we will prescribe him some bronchodilators like a short acting beta agonist uhm as well as an inhaled corticosteroid uh because his symptoms do seem somewhat severe at this time around uhm and then i should also mention because some of his symptoms overlap with that of covid he will also get a covid swab and he should hear back about that in 24 to 48 hours uh untellig tellig thk you	1
figshare-osce	RES0128	NUMERIC	if if my son had asthma as well and if like you need a prescription for inhalers yeah so were gonna since hes never been diagnosed before were gonna do some investigations for him just to start so we can do we can start by doing a pulmonary function test for him to see what his lung activity is like uhm so well start there and then well also because youre saying hes short of breath well take his oxygen saturation as well and maybe even do some like some basic blood work for him and if it turns out he has asthma which in this case i do strongly suspect well prescribe him some bronchodilators like a short acting beta agonist as well as an inhaled corticosteroid because his symptoms do seem somewhat severe this time around and then i should also mention because some of his symptoms overlap with that of covihe will also get a covid swab and you should hear back about that in 24 to 48 hours how does that sound that sounds good thank you alright great thank you		never been diagnosed before we are going to do some uh investigations for him just to start uh so we can do we can start by doing a pulmonary function test for him uh to see what his lung activity is like uhm so we will start there and then we will also because we are saying he is short of breath uh we will take his oxygen saturation as well uh and maybe even do some like uh some basic blood work for him and if it turns out he has asthma which in this case i do strongly suspect uh we will prescribe him some bronchodilators like a short acting beta agonist uhm as well as an inhaled corticosteroid uh because his symptoms do seem somewhat severe at this time around uhm and then i should also mention because some of his symptoms overlap with that of covid he will also get a covid swab and he should hear back about that in 24 to 48 hours uh untellig tellig thk you	1
figshare-osce	RES0129	NUMERIC	yeah 23	two three		unalignable
figshare-osce	RES0129	NEGATION_FLIP	dont	don't		unalignable
figshare-osce	RES0129	NEGATION_FLIP	dont	don't		unalignable
figshare-osce	RES0129	NEGATION_FLIP	havent	haven't		unalignable
figshare-osce	RES0129	NUMERIC	38 oh ok	thirty-eight okay um		unalignable
figshare-osce	RES0129	NEGATION_FLIP	havent	haven't		unalignable
figshare-osce	RES0129	NEGATION_FLIP	havent he	haven't i'm		unalignable
figshare-osce	RES0129	NEGATION_FLIP	dont	don't		unalignable
figshare-osce	RES0129	NEGATION_FLIP	dont	don't		unalignable
figshare-osce	RES0129	NEGATION_FLIP	didnt	didn't	uhpitalzed mother's pregnanc	1
figshare-osce	RES0129	NUMERIC	38	thirty-eight	38	1
figshare-osce	RES0129	NEGATION_FLIP	wasnt	wasn't		unalignable
figshare-osce	RES0129	NEGATION_FLIP	dont	don't		unalignable
figshare-osce	RES0129	NEGATION_FLIP	uhh no			unalignable
figshare-osce	RES0129	NEGATION_FLIP	overlap with those of covid well probably do a swab and you should hear back in about 24 to 48 hours uhm and so after i take a look into his ears we can do one of a couple of things so if his tympanic membrane looks like its been perforated or if theres pus in there then well prescribe him a 10 day course of antibiotics and if i see like middle ear effusion or his tympanic membranes bulging and he seems really sick like he has a high fever what she does i will again prescribe him 10 days of antibiotics and if he has a middle ear effusion or a bulging tympanic membrane just one of those two and he doesnt seem to be too sick we can reassess him in 24 to 48 hours uhm an antibiotic that we usually prescribe is amoxicillin uhh how does that sound that sounds really good thank you ok no worries take care		with those of covid we will probably do a swab and you you should hear back in about 24 to 48 hours uh and so after i take a look into his ears we can do one of a couple of things so if his tympanic membrane looks like it has been perforated or if there is pus in there then we will prescribe him like a 10-day course of antibiotics and if uh i see like middle ear effusion or his tympanic membrane is bulging and he seems really sick like he has a high fever uh which he does i will again prescribe him 10 days of antibiotics uh and if he has uh middle ear effusion or a bulging tympanic membrane just want goes to and he does not seem to be too sick we can reassess him in 24 to 48 hours uh and the antibiotic that we usually prescri is amoxicillin uh how to that out that's all unintelligible thank you okay no where he is take care	1
figshare-osce	RES0129	NUMERIC	overlap with those of covid well probably do a swab and you should hear back in about 24 to 48 hours uhm and so after i take a look into his ears we can do one of a couple of things so if his tympanic membrane looks like its been perforated or if theres pus in there then well prescribe him a 10 day course of antibiotics and if i see like middle ear effusion or his tympanic membranes bulging and he seems really sick like he has a high fever what she does i will again prescribe him 10 days of antibiotics and if he has a middle ear effusion or a bulging tympanic membrane just one of those two and he doesnt seem to be too sick we can reassess him in 24 to 48 hours uhm an antibiotic that we usually prescribe is amoxicillin uhh how does that sound that sounds really good thank you ok no worries take care		with those of covid we will probably do a swab and you you should hear back in about 24 to 48 hours uh and so after i take a look into his ears we can do one of a couple of things so if his tympanic membrane looks like it has been perforated or if there is pus in there then we will prescribe him like a 10-day course of antibiotics and if uh i see like middle ear effusion or his tympanic membrane is bulging and he seems really sick like he has a high fever uh which he does i will again prescribe him 10 days of antibiotics uh and if he has uh middle ear effusion or a bulging tympanic membrane just want goes to and he does not seem to be too sick we can reassess him in 24 to 48 hours uh and the antibiotic that we usually prescri is amoxicillin uh how to that out that's all unintelligible thank you okay no where he is take care	0
figshare-osce	RES0130	NEGATION_FLIP	didnt	didn't		unalignable
figshare-osce	RES0130	NEGATION_FLIP	dont	don't		unalignable
figshare-osce	RES0130	NEGATION_FLIP	havent been able	don't know the		unalignable
figshare-osce	RES0130	NEGATION_FLIP	havent	haven't		unalignable
figshare-osce	RES0130	NUMERIC	5	five		unalignable
figshare-osce	RES0130	NUMERIC	10	ten		unalignable
figshare-osce	RES0130	NEGATION_FLIP	havent	haven't		unalignable
figshare-osce	RES0130	NEGATION_FLIP	havent	haven't		unalignable
figshare-osce	RES0130	NEGATION_FLIP	havent	haven't		unalignable
figshare-osce	RES0130	NEGATION_FLIP	havent	haven't		unalignable
figshare-osce	RES0130	NEGATION_FLIP	havent	haven't	haven't	0
figshare-osce	RES0130	NEGATION_FLIP	havent	haven't		unalignable
figshare-osce	RES0130	NEGATION_FLIP	didnt	didn't		unalignable
figshare-osce	RES0130	NEGATION_FLIP	didnt	didn't		unalignable
figshare-osce	RES0130	NEGATION_FLIP	dont	don't		unalignable
figshare-osce	RES0130	NEGATION_FLIP	dont	don't		unalignable
figshare-osce	RES0130	NEGATION_FLIP	dont	don't		unalignable
figshare-osce	RES0130	NEGATION_FLIP	dont	don't		unalignable
figshare-osce	RES0130	NEGATION_FLIP	no weve	nope we've		unalignable
figshare-osce	RES0130	NUMERIC	24	four	and you should hear back in about 24 to 48 hours	0
figshare-osce	RES0130	NUMERIC	48	eight	and you should hear back in about 24 to 48 hours	0
figshare-osce	RES0130	NEGATION_FLIP	or anything that would indicate um like a mass in your lungs we will discuss options for like biopsies which is the gold standard for diagnosing lung cancers also i know you havent had any recent travel or anything like that and your symptoms have been going on for a long time but uh it may also be worthwhile to uh also check for things like tb which could also cause you to cough up blood um so well start well start from there and then if those come back negative then well work you up further for other things that you may have but are like more rare how does that sound that sounds like a good plan thank you okay great no problem		and then if we see consolidation or anything that would indicate uh like a mass in your lungs we will discuss options for like biopsies uh which is a goold standard for diagnosing lung cancers also i know you haven' uh had any recent travel or anything like that and your symptoms have been going on for a long time but uh it may also be worthwhi to uh also check for things like tb uh which could also cause you to cough up blood uh so we will start we will start from there and then if those come back negative then we will work you up further for other things that you may have but are like more rare how to that sound that allunelligible okay problem	0
figshare-osce	RES0131	NUMERIC	yeah about two			unalignable
figshare-osce	RES0131	NEGATION_FLIP	havent	haven't		unalignable
figshare-osce	RES0131	NUMERIC	1	one		unalignable
figshare-osce	RES0131	NUMERIC	10 10 being	ten can be		unalignable
figshare-osce	RES0131	NEGATION_FLIP	4 a 4 okay so its not the worst headache youve ever had in your life			unalignable
figshare-osce	RES0131	NUMERIC	4 a 4 okay so its not the worst headache youve ever had in your life			unalignable
figshare-osce	RES0131	NEGATION_FLIP	dont	don't		unalignable
figshare-osce	RES0131	NUMERIC	sick	second		unalignable
figshare-osce	RES0131	NEGATION_FLIP	didnt	didn't		unalignable
figshare-osce	RES0131	NEGATION_FLIP	havent	haven't		unalignable
figshare-osce	RES0131	NEGATION_FLIP	hasnt	hasn't		unalignable
figshare-osce	RES0131	NEGATION_FLIP	um	no		unalignable
figshare-osce	RES0131	NEGATION_FLIP	nope	no		unalignable
figshare-osce	RES0131	NEGATION_FLIP	havent	haven't		unalignable
figshare-osce	RES0131	NEGATION_FLIP	hasnt	hasn't		unalignable
figshare-osce	RES0131	NEGATION_FLIP	no well	nope i've		unalignable
figshare-osce	RES0131	NUMERIC	12	twelve		unalignable
figshare-osce	RES0131	NUMERIC	18 so	eighteen it's		unalignable
figshare-osce	RES0131	NUMERIC	70s	seventies	stroke when he was in his 70s and	1
figshare-osce	RES0131	NEGATION_FLIP	didnt	didn't	didn't	0
figshare-osce	RES0131	NEGATION_FLIP	dont	don't		unalignable
figshare-osce	RES0131	NUMERIC	one of			unalignable
figshare-osce	RES0131	NEGATION_FLIP	hasnt	hasn't		unalignable
figshare-osce	RES0131	NEGATION_FLIP	havent	haven't	not	0
figshare-osce	RES0131	NUMERIC	symptoms so you could have one of the common strains thats going around this time of year so for that just its um you should just um do some supportive care you know staying hydrated eating well and if your symptoms become worse uh youre running a really high fever you have any neurological symptoms like weakness or seizures then you should seek help from the er how does that sound that sounds good thank you okay great thank you		symptoms so you could have one of the common uh straint that is going around this time of year so for that just if uh you should just uh do some supportive care you know staying hydrated eating well uh and if your symptoms become worse uh you are running a really high fever you have any neurological symptoms like weakness or seizures then you should seek uh help from the er how is that found good thank you okayky thank you	1
figshare-osce	RES0132	NEGATION_FLIP	hasnt	hasn't	has'	1
figshare-osce	RES0132	NEGATION_FLIP	dont	don't		unalignable
figshare-osce	RES0132	NEGATION_FLIP	i	don't		unalignable
figshare-osce	RES0132	NEGATION_FLIP	none			unalignable
figshare-osce	RES0132	NUMERIC	1st	first		unalignable
figshare-osce	RES0132	NUMERIC	40plus	plus		unalignable
figshare-osce	RES0132	NEGATION_FLIP	no			unalignable
figshare-osce	RES0132	NEGATION_FLIP	hasnt	hasn't		unalignable
figshare-osce	RES0132	NEGATION_FLIP	about okay thank you and um so that was all i wanted to ask about um was there anything else that you wanted to add that i maybe forgot um no thats about it but i how can i treat myself now how do i make this cough go away for sure so um we will first get your vitals here and well see if your oxygen levels um are low then it would be important to put on some oxygen first um just to make sure that thats stable um and from there we will um get a chest xray um and uh run some lab work to to try to help figure out the the diagnosis better but in the meantime well use um some inhalers because its possible that this is a copexacerbation similar to uh last year um and the inhalers should help open up the airways and dilate so make breathing easier and then um also if it is a copexacerbation it will likely require antibiotics as well as some steroids for the the inflammation for five days uh but since your symptoms currently overlap with uh covias well youll have to get a a covinasal swab okay okay for sure okay so uh well get that started okay thank you so much		okay thank you and uh so that was all i wanted to ask about uh was there anything that you wanted to add that i i may be forgot how can myself now and how for surery so uh we will uh first getture uh vitals here and we will see if your oxygen levels uh are low that it be important to put on some oxygen first uh just to make sure that that is stable uhm and from there we will uh get a chest x-ray uh and uh run some lab work to to try to help figure out that the diagnosis better but in the meantime we will use uh some inhalers uh because it is possible that this is a copd exacerbation similar to uh last year uh and the inhalers should help open up the airways uh and dilate see make breathing easier and then uh also if it is a copd exacerbation will likely require antibiotics as well uh some steroids for the the inflammation for five days uh but since her symptoms currently overlap with uh covid as well uh we will have to get a a a covid nonnasal swab ok kay so we will get that started thank you so much	0
figshare-osce	RES0132	NUMERIC	about okay thank you and um so that was all i wanted to ask about um was there anything else that you wanted to add that i maybe forgot um no thats about it but i how can i treat myself now how do i make this cough go away for sure so um we will first get your vitals here and well see if your oxygen levels um are low then it would be important to put on some oxygen first um just to make sure that thats stable um and from there we will um get a chest xray um and uh run some lab work to to try to help figure out the the diagnosis better but in the meantime well use um some inhalers because its possible that this is a copexacerbation similar to uh last year um and the inhalers should help open up the airways and dilate so make breathing easier and then um also if it is a copexacerbation it will likely require antibiotics as well as some steroids for the the inflammation for five days uh but since your symptoms currently overlap with uh covias well youll have to get a a covinasal swab okay okay for sure okay so uh well get that started okay thank you so much		okay thank you and uh so that was all i wanted to ask about uh was there anything that you wanted to add that i i may be forgot how can myself now and how for surery so uh we will uh first getture uh vitals here and we will see if your oxygen levels uh are low that it be important to put on some oxygen first uh just to make sure that that is stable uhm and from there we will uh get a chest x-ray uh and uh run some lab work to to try to help figure out that the diagnosis better but in the meantime we will use uh some inhalers uh because it is possible that this is a copd exacerbation similar to uh last year uh and the inhalers should help open up the airways uh and dilate see make breathing easier and then uh also if it is a copd exacerbation will likely require antibiotics as well uh some steroids for the the inflammation for five days uh but since her symptoms currently overlap with uh covid as well uh we will have to get a a a covid nonnasal swab ok kay so we will get that started thank you so much	1
figshare-osce	RES0133	NEGATION_FLIP	hasnt	hasn't		unalignable
figshare-osce	RES0133	NEGATION_FLIP	cant	can't		unalignable
figshare-osce	RES0133	NEGATION_FLIP	no	nope	no	1
figshare-osce	RES0133	NEGATION_FLIP	uh	not		unalignable
figshare-osce	RES0133	NUMERIC	3	three		unalignable
figshare-osce	RES0133	NEGATION_FLIP	wasnt	wasn't		unalignable
figshare-osce	RES0133	NEGATION_FLIP	didnt	didn't		unalignable
figshare-osce	RES0133	NEGATION_FLIP	doesnt	doesn't		unalignable
figshare-osce	RES0133	NUMERIC	5 10	to ten		unalignable
figshare-osce	RES0133	NUMERIC	5	five		unalignable
figshare-osce	RES0133	NUMERIC	10	ten		unalignable
figshare-osce	RES0133	NUMERIC	one	one's		unalignable
figshare-osce	RES0133	NUMERIC	7	seven		unalignable
figshare-osce	RES0133	NUMERIC	7	seven		unalignable
figshare-osce	RES0133	NEGATION_FLIP	havent	haven't	haven'	1
figshare-osce	RES0133	NEGATION_FLIP	havent	haven't		unalignable
figshare-osce	RES0133	NUMERIC	supportive kind of management so that will mean trying to stay as hydrated as you possibly can over these next um next few days and then also you can use things like if they help like lozenges or something along those lines um but it will it will just take some time for it to come back on its own a few days to a couple of weeks sometimes and the cough could possibly last for um two to four weeks after um after having a viral type illness okay yeah so it could be quite a few weeks that the symptoms last for but since youre having a cough and these symptoms could overlap with coviwell want to get a coviswab today as well um and kind of go from there okay okay that sounds good thank you		pportive kind of management so that we will be trying to stay as hydrated as he possibly can these next uh next few days and then also you can u use things like if they help like lozenges or uh something along those lines uh but it it will just take some time for it to come back on its own uh a few days to a couple of of weeks sometimes uh and the cough could could possibly last for uh at two to four weeks after uh after having a viral type illness uh but yeah so it could be quite a few weeks that the symptoms last for uh but since you are having a cough and uh these symptoms could overlap with covid we will want to get a a covid swab today as well uh and unintably go from there okay okay that's that okay thank you	1
figshare-osce	RES0134	NEGATION_FLIP	havent	haven't		unalignable
figshare-osce	RES0134	NEGATION_FLIP	havent	haven't		unalignable
figshare-osce	RES0134	NEGATION_FLIP	hasnt	hasn't		unalignable
figshare-osce	RES0134	NEGATION_FLIP	havent	haven't		unalignable
figshare-osce	RES0134	NUMERIC	two	few	two	1
figshare-osce	RES0134	NUMERIC	2	two		unalignable
figshare-osce	RES0134	NUMERIC	25	five	25	1
figshare-osce	RES0135	NUMERIC	one	one-year-old	oneyear-old	0
figshare-osce	RES0135	NUMERIC	38 or uh 39	to around thirty nine	it would be pretty high like 38 to around 39	1
figshare-osce	RES0135	NUMERIC	38	eight	30	0
figshare-osce	RES0135	NUMERIC	39	nine	and 39	1
figshare-osce	RES0135	NEGATION_FLIP	didnt	didn't	didn't	0
figshare-osce	RES0135	NEGATION_FLIP	dont	don't		unalignable
figshare-osce	RES0135	NEGATION_FLIP	uh no its its	i know it's it's		unalignable
figshare-osce	RES0135	NEGATION_FLIP	no			unalignable
figshare-osce	RES0135	NEGATION_FLIP	havent gone	haven't got		unalignable
figshare-osce	RES0135	NEGATION_FLIP	nope	no		unalignable
figshare-osce	RES0135	NEGATION_FLIP	i dont	we don't	unintelligible uhm	1
figshare-osce	RES0136	NEGATION_FLIP	dont	don't		unalignable
figshare-osce	RES0136	NUMERIC	100 pm	p m		unalignable
figshare-osce	RES0136	NUMERIC	200 pm	p m		unalignable
figshare-osce	RES0136	NEGATION_FLIP	dont	don't		unalignable
figshare-osce	RES0136	NEGATION_FLIP	dont	don't		unalignable
figshare-osce	RES0136	NUMERIC	um 372	point two		unalignable
figshare-osce	RES0136	NEGATION_FLIP	didnt	didn't		unalignable
figshare-osce	RES0136	NEGATION_FLIP	dont	don't		unalignable
figshare-osce	RES0136	NEGATION_FLIP	no			unalignable
figshare-osce	RES0136	NEGATION_FLIP	havent	haven't		unalignable
figshare-osce	RES0136	NEGATION_FLIP	no			unalignable
figshare-osce	RES0136	NEGATION_FLIP	no			unalignable
figshare-osce	RES0136	NEGATION_FLIP	dont	don't		unalignable
figshare-osce	RES0136	NEGATION_FLIP	wasnt	wasn't		unalignable
figshare-osce	RES0136	NEGATION_FLIP	wasnt	wasn't		unalignable
figshare-osce	RES0136	NEGATION_FLIP	dont	don't		unalignable
figshare-osce	RES0136	NEGATION_FLIP	havent	haven't		unalignable
figshare-osce	RES0136	NEGATION_FLIP	ill uh ill drink once a week two glasses two or three glasses of wine um any alright so i think that those are all the questions i have for you today do you have any questions or concerns for me um no okay so yeah definitely with the coughing and shortness of breath we will definitely get a coviswab test done um that should come back in the next 24 to 48 hours and then public health will contact you um yeah based on what youre telling me so far we will definitely do a physical examination get your vitals and get your oxygenation and everything done but i also think since you were very drowsy and were had fallen asleep and were really difficult to wake up sometimes you can get whats called aspiration pneumonia um and thats that can also be a possibility and what we will do is get a chest xray get some blood work done as well today um now we may require antibiotics and if your vitals unstable we might actually admit you as well um does that sound good yeah alright so yeah well get those tests done and well be there with you shortly well also get like an ekg done as well sure alright okay		be a possibility and what we will do get a chest x-ray get some blood work done as well today uh the we may require uh antibiotics and if her vitals are stable we might have to admit her as well i will get those tests done andkg do as	0
figshare-osce	RES0136	NUMERIC	ill uh ill drink once a week two glasses two or three glasses of wine um any alright so i think that those are all the questions i have for you today do you have any questions or concerns for me um no okay so yeah definitely with the coughing and shortness of breath we will definitely get a coviswab test done um that should come back in the next 24 to 48 hours and then public health will contact you um yeah based on what youre telling me so far we will definitely do a physical examination get your vitals and get your oxygenation and everything done but i also think since you were very drowsy and were had fallen asleep and were really difficult to wake up sometimes you can get whats called aspiration pneumonia um and thats that can also be a possibility and what we will do is get a chest xray get some blood work done as well today um now we may require antibiotics and if your vitals unstable we might actually admit you as well um does that sound good yeah alright so yeah well get those tests done and well be there with you shortly well also get like an ekg done as well sure alright okay		be a possibility and what we will do get a chest x-ray get some blood work done as well today uh the we may require uh antibiotics and if her vitals are stable we might have to admit her as well i will get those tests done andkg do as	0
figshare-osce	RES0137	NEGATION_FLIP	doesnt	doesn't	not	0
figshare-osce	RES0137	NEGATION_FLIP	dont	don't		unalignable
figshare-osce	RES0137	NEGATION_FLIP	havent	haven't		unalignable
figshare-osce	RES0137	NEGATION_FLIP	havent	haven't		unalignable
figshare-osce	RES0137	NEGATION_FLIP	dont	don't		unalignable
figshare-osce	RES0137	NEGATION_FLIP	dont	don't		unalignable
figshare-osce	RES0137	NEGATION_FLIP	nothing			unalignable
figshare-osce	RES0137	NEGATION_FLIP	doesnt	can't		unalignable
figshare-osce	RES0137	NEGATION_FLIP	no um			unalignable
figshare-osce	RES0137	NEGATION_FLIP	he	doesn't		unalignable
figshare-osce	RES0137	NEGATION_FLIP	dont	don't		unalignable
figshare-osce	RES0137	NEGATION_FLIP	dont	don't		unalignable
figshare-osce	RES0137	NEGATION_FLIP	dont	don't		unalignable
figshare-osce	RES0137	NEGATION_FLIP	dont	don't		unalignable
figshare-osce	RES0137	NEGATION_FLIP	havent	haven't		unalignable
figshare-osce	RES0137	NEGATION_FLIP	wont	won't		unalignable
figshare-osce	RES0137	NEGATION_FLIP	dont	don't		unalignable
figshare-osce	RES0137	NEGATION_FLIP	dont	don't		unalignable
figshare-osce	RES0137	LATERALITY	shes currently in the it seems to be the second phase where shes vomiting and coughing a lot and then it usually after that phase two or three more weeks of just coughing and so were going to do some supportive care for her right now but yeah definitely you should consider vaccinating your child we recommend that to every parent as theres a lot of diseases out there that can be completely prevented if you vaccinate your child okay ill think about it alright so so for now were gonna just make sure that shes doing well okay sure alright take care		is currently in the it seems to be like the second phase where she is vomiting and coughing a lot and then it usual after that phase two or three more weeks of just coughing and so we are going to do some supportive care for her right now but definitely you should consider vaccinating your child we recommend that to every parent as there is a lot of uh uh diseases out there that can be completely prevented uh if you back child alrightu so for now we are going to just uh make sure that she is doing well oay	1
figshare-osce	RES0137	NUMERIC	shes currently in the it seems to be the second phase where shes vomiting and coughing a lot and then it usually after that phase two or three more weeks of just coughing and so were going to do some supportive care for her right now but yeah definitely you should consider vaccinating your child we recommend that to every parent as theres a lot of diseases out there that can be completely prevented if you vaccinate your child okay ill think about it alright so so for now were gonna just make sure that shes doing well okay sure alright take care		is currently in the it seems to be like the second phase where she is vomiting and coughing a lot and then it usual after that phase two or three more weeks of just coughing and so we are going to do some supportive care for her right now but definitely you should consider vaccinating your child we recommend that to every parent as there is a lot of uh uh diseases out there that can be completely prevented uh if you back child alrightu so for now we are going to just uh make sure that she is doing well oay	1
figshare-osce	RES0138	NEGATION_FLIP	so	no		unalignable
figshare-osce	RES0138	NEGATION_FLIP	no no			unalignable
figshare-osce	RES0138	NEGATION_FLIP	no			unalignable
figshare-osce	RES0138	NEGATION_FLIP	havent	haven't		unalignable
figshare-osce	RES0138	NEGATION_FLIP	nausea	no		unalignable
figshare-osce	RES0138	NEGATION_FLIP	dont	don't		unalignable
figshare-osce	RES0138	NEGATION_FLIP	um no			unalignable
figshare-osce	RES0138	NEGATION_FLIP	no um			unalignable
figshare-osce	RES0139	NEGATION_FLIP	nope	no		unalignable
figshare-osce	RES0139	NEGATION_FLIP	no			unalignable
figshare-osce	RES0139	NEGATION_FLIP	sore throat no okay um any	um so on top of the		unalignable
figshare-osce	RES0139	NEGATION_FLIP	dont	don't		unalignable
figshare-osce	RES0139	NEGATION_FLIP	no	all		unalignable
figshare-osce	RES0139	NEGATION_FLIP	no			unalignable
figshare-osce	RES0139	NEGATION_FLIP	dont	don't		unalignable
figshare-osce	RES0139	NEGATION_FLIP	its its not so			unalignable
figshare-osce	RES0139	NEGATION_FLIP	hasnt	hasn't		unalignable
figshare-osce	RES0139	NEGATION_FLIP	no everythings	but it's		unalignable
figshare-osce	RES0139	NEGATION_FLIP	dont	don't		unalignable
figshare-osce	RES0139	NUMERIC	maybe three	eat two		unalignable
figshare-osce	RES0139	NEGATION_FLIP	dont	don't		unalignable
figshare-osce	RES0139	NUMERIC	5	five		unalignable
figshare-osce	RES0139	NUMERIC	6	six		unalignable
figshare-osce	RES0139	NEGATION_FLIP	now	no		unalignable
figshare-osce	RES0139	NEGATION_FLIP	today if you would like yeah i would really like that thank you youre welcome um yeah but those are all the questions i had for today well definitely do like a physical examination but it seems youve just been having a cough for the last two weeks yeah without any other symptoms um okay so do you have any questions at all for me um no so what well do is since youve had this cough for the last two weeks we definitely want to do a coviswab just in case youve been uh working from home but if there was any potential contact they usually it comes back in 24 to 48 hours okay other than that sometimes uh with a history of smoking you can have something called uh copwe can like after the physical examinations and everything we can potentially discuss doing pulmonary function tests as well um and yeah but other than that it can also just be like a dry cough can be just a viral upper respiratory tract infection that takes two or more weeks to resolve in that case we wouldnt really sure um yeah so well do the physical examination and then go from there sounds great alright take care		examination and everything we can potentially discuss uh doing pulmonary function test as well uh and uh yeah th other than that it can also just be like a dry cough can be just a viral upper respiratory tract infection that takes uh two or more weeks to resolve we physical examination	0
figshare-osce	RES0139	NUMERIC	today if you would like yeah i would really like that thank you youre welcome um yeah but those are all the questions i had for today well definitely do like a physical examination but it seems youve just been having a cough for the last two weeks yeah without any other symptoms um okay so do you have any questions at all for me um no so what well do is since youve had this cough for the last two weeks we definitely want to do a coviswab just in case youve been uh working from home but if there was any potential contact they usually it comes back in 24 to 48 hours okay other than that sometimes uh with a history of smoking you can have something called uh copwe can like after the physical examinations and everything we can potentially discuss doing pulmonary function tests as well um and yeah but other than that it can also just be like a dry cough can be just a viral upper respiratory tract infection that takes two or more weeks to resolve in that case we wouldnt really sure um yeah so well do the physical examination and then go from there sounds great alright take care		examination and everything we can potentially discuss uh doing pulmonary function test as well uh and uh yeah th other than that it can also just be like a dry cough can be just a viral upper respiratory tract infection that takes uh two or more weeks to resolve we physical examination	0
figshare-osce	RES0140	NEGATION_FLIP	didnt	didn't		unalignable
figshare-osce	RES0140	NEGATION_FLIP	no			unalignable
figshare-osce	RES0140	NEGATION_FLIP	no			unalignable
figshare-osce	RES0140	NEGATION_FLIP	no	nope		unalignable
figshare-osce	RES0140	NEGATION_FLIP	not			unalignable
figshare-osce	RES0140	NEGATION_FLIP	dont	don't		unalignable
figshare-osce	RES0140	NEGATION_FLIP	they	didn't		unalignable
figshare-osce	RES0140	NUMERIC	15 years	years for		unalignable
figshare-osce	RES0140	NEGATION_FLIP	a scan of your lungs to see whats going on well also do an ultrasound of your leg and then um we might have to treat uh this with blood thinners and we definitely have to hospitalize you and well be measuring your vitals and seeing if you need any oxygen to help you out okay ill be ill be here for a while then well well keep you for a bit at least the next couple of days until your your breathing gets better and youve youve been started on anti on blood thinners okay and we can be sure that youre youre doing okay well also continuously monitor your vital signs um to make sure that youre doing well and then well make sure that youre discharged we will also get you some physiotherapy here while in the hospital to help you um mobilize better when you get home um and well also do a coviswab just in case did you have any exposures to anyone in the past couple of days before you came at home after you came home no ive been just at home just the nurse i see i see okay well well do a coviswab just in case and go from there do you have any questions no um yeah that that sounds good okay great		going on we will also do an ultrasound of your leg and then uh we might have to treat uh this with uh blood thinners uh and we definitely have to hospitalize you and uh we will be measuring your vitals and seeing if you need any oxygen to help you out ounin while we will we will keep you for bed uh at least for the next couple days until your breathing gets better and you have been you have been started on anti-uh and on blood thinners and we can be sure that your you are doing okay we will also continueously monitor your vital signs uh uh to make sure that you are uh doing uh well and then we will make sure that you are discharged uh we will also get you some physiotherapy here while you in the	0
figshare-osce	RES0141	NUMERIC	um 387	38 7	38 7	0
figshare-osce	RES0141	NUMERIC	1	one		unalignable
figshare-osce	RES0141	NUMERIC	10	ten		unalignable
figshare-osce	RES0141	NUMERIC	a 6	uh six		unalignable
figshare-osce	RES0141	NUMERIC	10	ten		unalignable
figshare-osce	RES0141	NEGATION_FLIP	cant	can't	conc h giving her symptoms	1
figshare-osce	RES0141	NEGATION_FLIP	cant	can't	conc h giving her symptoms	1
figshare-osce	RES0141	NEGATION_FLIP	didnt	didn't		unalignable
figshare-osce	RES0141	NEGATION_FLIP	uh no			unalignable
figshare-osce	RES0141	NEGATION_FLIP	dont	don't		unalignable
figshare-osce	RES0141	NEGATION_FLIP	dont	don't		unalignable
figshare-osce	RES0142	NEGATION_FLIP	not			unalignable
figshare-osce	RES0142	NUMERIC	two alright um	too all right		unalignable
figshare-osce	RES0142	NEGATION_FLIP	didnt	didn't		unalignable
figshare-osce	RES0142	NEGATION_FLIP	if not if its mono and if we can do maybe a blood test for that you might have to um not engage in in physical activity um or exercise vigorous activity or like sports for the next couple of weeks or months as as that can be uh as that can cause problems if you get hit in the in your belly it could cause your spleen to rupture and sometimes your spleen become very big if you do have mono but well discuss all of that a little bit more after we do uh the strep test well also check your temperature um and see um how youre doing have you been taking anything to help yourself to help soothe your sore throat um just some lozenges yeah so just continue uh just drinking water and taking lozenges just to um provide some comfort for yourself and well do the test then we can chat a bit more after okay sounds good thank you so much		if if we can dov blood test for that you might have to uh not engage in uh in physical activity uh or exercise uh vigorous activity or like sports uh for the next uh couple weeks or months as as that can be uh as that can cause uh problems if you get hit in the the stu in your belly it could cause spleen to rupture sometimes your spleen becomes very big ify to have monel but we will discuss all that little bit more after we do uh the the sttrup test i will also check your temperature uh and see uh how are doing uh have you been taking anything to help yourself uh to to help f sood your sore throat uh just some lo of use yeh just continue uh uh just drinking water and then keeping lozenge just just uh provide some comfort for yourself and uh will do	1
figshare-osce	RES0143	NEGATION_FLIP	so its	no it's		unalignable
figshare-osce	RES0143	NEGATION_FLIP	no			unalignable
figshare-osce	RES0143	NEGATION_FLIP	cant	can't		unalignable
figshare-osce	RES0143	NEGATION_FLIP	didnt have	haven't had		unalignable
figshare-osce	RES0143	NEGATION_FLIP	nope	no		unalignable
figshare-osce	RES0143	NEGATION_FLIP	wasnt	wasn't		unalignable
figshare-osce	RES0143	NEGATION_FLIP	no			unalignable
figshare-osce	RES0143	NEGATION_FLIP	no no			unalignable
figshare-osce	RES0143	NEGATION_FLIP	nope	no		unalignable
figshare-osce	RES0143	NUMERIC	a uh	um two		unalignable
figshare-osce	RES0143	NEGATION_FLIP	no			unalignable
figshare-osce	RES0143	NEGATION_FLIP	dont	don't		unalignable
figshare-osce	RES0143	NEGATION_FLIP	um no um			unalignable
figshare-osce	RES0143	NEGATION_FLIP	she	didn't		unalignable
figshare-osce	RES0143	NEGATION_FLIP	its not	it was		unalignable
figshare-osce	RES0143	NEGATION_FLIP	didnt	didn't		unalignable
figshare-osce	RES0143	NEGATION_FLIP	not			unalignable
figshare-osce	RES0143	NEGATION_FLIP	isolate self isolate at home stay away from your parents as well um the test results should come back in 24 to 48 hours and public health will give you a call if your results are positive and well let you know what to do um we will also do a physical exam here and check your temperature to see if you have a fever at all and um yeah does that sound good to you yeah and will i need any like antibiotics for my cough oh um well we i guess you said that you dont have a sore throat at all right no its just that i just feel like the coughs been just going on like it would be nice to just get rid of it well um ill do a physical exam look inside your throat look inside your mouth sorry and listen to your chest and uh ensure that nothing else is going on that you dont have anything like say strep throat or mono or you dont have uh pneumonia uh bacterial pneumonia for instance oftentimes um symptoms that you have are caused by viruses and dont need to be treated with antibiotics uh but ill do a physical exam and maybe have a look at your labs as well and then decide accordingly okay sounds good thank you okay		have anything like the strep throat or mono or you do not have pneumonia uh a bacterial pneumonia for instance oft times uh symptoms that you have are caused by viruses and uh do not need to be treated uh with antibiotics uh but i will do physical exam and the maybe have a look at your labs as well uh and then decide accordingly unintelligible	1
figshare-osce	RES0143	NUMERIC	isolate self isolate at home stay away from your parents as well um the test results should come back in 24 to 48 hours and public health will give you a call if your results are positive and well let you know what to do um we will also do a physical exam here and check your temperature to see if you have a fever at all and um yeah does that sound good to you yeah and will i need any like antibiotics for my cough oh um well we i guess you said that you dont have a sore throat at all right no its just that i just feel like the coughs been just going on like it would be nice to just get rid of it well um ill do a physical exam look inside your throat look inside your mouth sorry and listen to your chest and uh ensure that nothing else is going on that you dont have anything like say strep throat or mono or you dont have uh pneumonia uh bacterial pneumonia for instance oftentimes um symptoms that you have are caused by viruses and dont need to be treated with antibiotics uh but ill do a physical exam and maybe have a look at your labs as well and then decide accordingly okay sounds good thank you okay		have anything like the strep throat or mono or you do not have pneumonia uh a bacterial pneumonia for instance oft times uh symptoms that you have are caused by viruses and uh do not need to be treated uh with antibiotics uh but i will do physical exam and the maybe have a look at your labs as well uh and then decide accordingly unintelligible	0
figshare-osce	RES0144	NUMERIC	4	four		unalignable
figshare-osce	RES0144	NEGATION_FLIP	didnt	didn't		unalignable
figshare-osce	RES0144	NEGATION_FLIP	havent	haven't		unalignable
figshare-osce	RES0144	NEGATION_FLIP	havent	haven't		unalignable
figshare-osce	RES0144	NEGATION_FLIP	no	okay		unalignable
figshare-osce	RES0144	NEGATION_FLIP	ok nothing like that ok			unalignable
figshare-osce	RES0144	NEGATION_FLIP	didnt	didn't		unalignable
figshare-osce	RES0144	NEGATION_FLIP	dont	don't		unalignable
figshare-osce	RES0144	NEGATION_FLIP	hasnt	hasn't		unalignable
figshare-osce	RES0144	NEGATION_FLIP	dont	don't		unalignable
figshare-osce	RES0144	NEGATION_FLIP	she hasnt	he hasn't		unalignable
figshare-osce	RES0144	NUMERIC	four	4		unalignable
figshare-osce	RES0144	NEGATION_FLIP	wasnt	wasn't		unalignable
figshare-osce	RES0144	NUMERIC	5	five		unalignable
figshare-osce	RES0144	NEGATION_FLIP	didnt	didn't	will	1
figshare-osce	RES0144	NEGATION_FLIP	normal	no		unalignable
figshare-osce	RES0144	NEGATION_FLIP	no hospitalizations you said and no uhm no diagnosis right he hasnt been diagnosed with any condition no alright can you tell me about allergies is he allergic to anything that youre aware of no not that i know ok is there uh can you tell me about his family history anything that you might have or uhm his dad or anyone else in the family uh no him his dad and i are pretty healthy yeah no medical conditions anything like cystic fibrosis in the family no not that i know of ok alright well well examine the child and look at his vitals listen to his lungs look look inside his mouth and thats this sounds serious so well keep you well keep you updated and well let you know what needs to be done he might need potentially need antibiotics he might need potentially to be intubated but we will have all these discussions after the babys been seen and well draw some labs and go from there ok sounds good alright thank you		keep you updated and will let you know what needs to be done he might need potentially need antibiotics he might need uh potentially to be uh intubated but we will have all these discussions uh after the patient the baby has been seen uh and we will draw some labs and go from there	0
figshare-osce	RES0144	LATERALITY	no hospitalizations you said and no uhm no diagnosis right he hasnt been diagnosed with any condition no alright can you tell me about allergies is he allergic to anything that youre aware of no not that i know ok is there uh can you tell me about his family history anything that you might have or uhm his dad or anyone else in the family uh no him his dad and i are pretty healthy yeah no medical conditions anything like cystic fibrosis in the family no not that i know of ok alright well well examine the child and look at his vitals listen to his lungs look look inside his mouth and thats this sounds serious so well keep you well keep you updated and well let you know what needs to be done he might need potentially need antibiotics he might need potentially to be intubated but we will have all these discussions after the babys been seen and well draw some labs and go from there ok sounds good alright thank you		keep you updated and will let you know what needs to be done he might need potentially need antibiotics he might need uh potentially to be uh intubated but we will have all these discussions uh after the patient the baby has been seen uh and we will draw some labs and go from there	0
figshare-osce	RES0145	NEGATION_FLIP	it	hasn't		unalignable
figshare-osce	RES0145	NEGATION_FLIP	havent	haven't		unalignable
figshare-osce	RES0145	NEGATION_FLIP	havent	haven't		unalignable
figshare-osce	RES0145	NEGATION_FLIP	havent	haven't		unalignable
figshare-osce	RES0145	NUMERIC	yeah 4			unalignable
figshare-osce	RES0145	NEGATION_FLIP	havent	haven't		unalignable
figshare-osce	RES0145	NEGATION_FLIP	havent	haven't		unalignable
figshare-osce	RES0145	NEGATION_FLIP	havent	haven't		unalignable
figshare-osce	RES0145	NEGATION_FLIP	dont	don't		unalignable
figshare-osce	RES0145	NEGATION_FLIP	havent ok	haven't okay		unalignable
figshare-osce	RES0145	NEGATION_FLIP	dont	don't		unalignable
figshare-osce	RES0145	NEGATION_FLIP	didnt	didn't		unalignable
figshare-osce	RES0145	NUMERIC	382	2		unalignable
figshare-osce	RES0145	NEGATION_FLIP	dont	don't	don'	1
figshare-osce	RES0146	NEGATION_FLIP	thats doesnt	that doesn't		unalignable
figshare-osce	RES0146	NUMERIC	385	5		unalignable
figshare-osce	RES0146	NEGATION_FLIP	uh	didn't	did not	0
figshare-osce	RES0146	NEGATION_FLIP	wasnt	wasn't		unalignable
figshare-osce	RES0146	NEGATION_FLIP	hasnt	hasn't		unalignable
figshare-osce	RES0146	NUMERIC	ah	five		unalignable
figshare-osce	RES0146	NEGATION_FLIP	i	don't		unalignable
figshare-osce	RES0146	NEGATION_FLIP	your wife i would also recommend if you havent already done so to not i know that the you have symptoms started yesterday evening but just to try to work from home or take some time off of work for the next couple of days at least until you recover test results are back in the next 24 to 48 hours and then from there on follow the advice that youll be getting from public health that sounds really good yeah thank you		also recommend if you have an already done so do not uh i i know that the symptoms said yesterday evening but just touh try to work from home or take some time off of work uh for the next couple of days uh at least until your covid test results are back in the next 24 to 48 hours and then from there on uh follow the advice that you be getting from uh public health thats allun thank you	1
figshare-osce	RES0146	NUMERIC	your wife i would also recommend if you havent already done so to not i know that the you have symptoms started yesterday evening but just to try to work from home or take some time off of work for the next couple of days at least until you recover test results are back in the next 24 to 48 hours and then from there on follow the advice that youll be getting from public health that sounds really good yeah thank you		also recommend if you have an already done so do not uh i i know that the symptoms said yesterday evening but just touh try to work from home or take some time off of work uh for the next couple of days uh at least until your covid test results are back in the next 24 to 48 hours and then from there on uh follow the advice that you be getting from uh public health thats allun thank you	1
figshare-osce	RES0147	NEGATION_FLIP	cant	can't	can't	0
figshare-osce	RES0147	LATERALITY	right			unalignable
figshare-osce	RES0147	NEGATION_FLIP	havent ok	haven't okay		unalignable
figshare-osce	RES0147	NEGATION_FLIP	havent ok	haven't okay	had	1
figshare-osce	RES0147	NEGATION_FLIP	uhm no		uhm aortic stenosis vol	0
figshare-osce	RES0147	NEGATION_FLIP	dont	don't	aortic stenosis vol	1
figshare-osce	RES0147	NEGATION_FLIP	werent	weren't		unalignable
figshare-osce	RES0147	NEGATION_FLIP	not	okay	that not	1
figshare-osce	RES0147	NEGATION_FLIP	dont ok	don't okay		unalignable
figshare-osce	RES0147	NEGATION_FLIP	havent	haven't		unalignable
figshare-osce	RES0148	NEGATION_FLIP	havent ok	haven't okay		unalignable
figshare-osce	RES0148	NEGATION_FLIP	no ok	nope okay	okay and uh	0
figshare-osce	RES0148	NEGATION_FLIP	dont	don't		unalignable
figshare-osce	RES0148	NUMERIC	a	do2		unalignable
figshare-osce	RES0148	NUMERIC	day or two			unalignable
figshare-osce	RES0148	NEGATION_FLIP	uh no im a	know i'm i'm just		unalignable
figshare-osce	RES0148	NEGATION_FLIP	dont	don't		unalignable
figshare-osce	RES0148	NUMERIC	20	twenty		unalignable
figshare-osce	RES0148	NUMERIC	30	thirty		unalignable
figshare-osce	RES0148	NEGATION_FLIP	didnt uh	didn't um		unalignable
figshare-osce	RES0148	NUMERIC	two			unalignable
figshare-osce	RES0148	NEGATION_FLIP	havent	haven't		unalignable
figshare-osce	RES0148	NEGATION_FLIP	havent	haven't		unalignable
figshare-osce	RES0148	NEGATION_FLIP	havent	haven't		unalignable
figshare-osce	RES0148	NEGATION_FLIP	go ahead on to the physical exam uh did you have anything that you wanted to add maybe before um that i forgot to ask about uh no ok um so we will start with um some investigations including a a covid swab today just because of your uh general symptoms which do overlap with with covid um although it could as you mentioned uh be something like the common cold um as well um and so we will uh be sure to test for covid and in the meantime we ask you to self isolate um for for 14 days um and we will get back the results um as soon as we can and if your symptoms get worse at any point um then we will uh act accordingly		we go ahead and on to physical exam uh do you have anything that you wanted to have maybe before uh that i that i forgot to ask abouth okay uhm so uh we will start uh with some uh investigations including a a covid swab today just because of your uh general symptoms u which do overlap with with covid uhm although it could as you mentioned uh be something like the common cold uhm as well uhm and so we will uh be sure to test for uh covid and in the meantime uh we asked to self isolate uhm for for 14 days uh and we will get back uh the results uh as soon as we can and if your symptoms get worse at any point uh then we will uh uh accordingly	0
figshare-osce	RES0148	NUMERIC	go ahead on to the physical exam uh did you have anything that you wanted to add maybe before um that i forgot to ask about uh no ok um so we will start with um some investigations including a a covid swab today just because of your uh general symptoms which do overlap with with covid um although it could as you mentioned uh be something like the common cold um as well um and so we will uh be sure to test for covid and in the meantime we ask you to self isolate um for for 14 days um and we will get back the results um as soon as we can and if your symptoms get worse at any point um then we will uh act accordingly		we go ahead and on to physical exam uh do you have anything that you wanted to have maybe before uh that i that i forgot to ask abouth okay uhm so uh we will start uh with some uh investigations including a a covid swab today just because of your uh general symptoms u which do overlap with with covid uhm although it could as you mentioned uh be something like the common cold uhm as well uhm and so we will uh be sure to test for uh covid and in the meantime uh we asked to self isolate uhm for for 14 days uh and we will get back uh the results uh as soon as we can and if your symptoms get worse at any point uh then we will uh uh accordingly	1
figshare-osce	RES0149	NEGATION_FLIP	dont	don't		unalignable
figshare-osce	RES0149	NEGATION_FLIP	doesnt	doesn't		unalignable
figshare-osce	RES0149	NUMERIC	in that one	when that's my		unalignable
figshare-osce	RES0149	NEGATION_FLIP	dont	don't		unalignable
figshare-osce	RES0149	NEGATION_FLIP	didnt ok	didn't okay		unalignable
figshare-osce	RES0149	NEGATION_FLIP	dont	don't		unalignable
figshare-osce	RES0149	NEGATION_FLIP	no			unalignable
figshare-osce	RES0149	NEGATION_FLIP	no ok			unalignable
figshare-osce	RES0149	NEGATION_FLIP	dont	don't	knowkay uhm and uh do	1
figshare-osce	RES0149	NEGATION_FLIP	dont	don't		unalignable
figshare-osce	RES0149	NEGATION_FLIP	family doctor and my uh he said my sugars were good ok great um alright so um youve been experiencing uh so this this chest pain when you breathe in deeply since this morning um as well as some more difficulty breathing and some left pain uh left leg pain with with some swelling uh have you been after travels as well have you had any other symptoms no i dont think so ok so that was all i wanted to ask today on on history and before i went on to uh the physical exam we want to check uh vital signs and have a listen to your heart and lungs and um measure the diameter of your of your shins as well um but um itll be important to get uh some imaging of your of your lungs um to assess whether or not theres a pulmonary embolism um uh because that would be one of the more um life threatening or potentially um complicating uh causes of whats going on right now sure		experiencing uh so the this chest pain when you breahe in deeply since this morning uhm as well as uh some more difficulty breathing and some le- uh left pain uh left leg pain uh with with some swelling uh ha have been after travels as well uh have you had any other symptoms kay so all i want to today on on history and before what went on to uh uh the physical exam want to check uh vital signs and have a listen to your your heart and lungs and uh measure the uh diameter of your of your uh shins as well uhm but uh be important to get uh some imaging of your of your lungs uhm to assess whether or not uh there is a pulmonary embolism uhm uh because uhm that would be one of the more uh life threatening uh or potentially uhm complicating uh causes of what is going on uh right now	1
figshare-osce	RES0149	LATERALITY	family doctor and my uh he said my sugars were good ok great um alright so um youve been experiencing uh so this this chest pain when you breathe in deeply since this morning um as well as some more difficulty breathing and some left pain uh left leg pain with with some swelling uh have you been after travels as well have you had any other symptoms no i dont think so ok so that was all i wanted to ask today on on history and before i went on to uh the physical exam we want to check uh vital signs and have a listen to your heart and lungs and um measure the diameter of your of your shins as well um but um itll be important to get uh some imaging of your of your lungs um to assess whether or not theres a pulmonary embolism um uh because that would be one of the more um life threatening or potentially um complicating uh causes of whats going on right now sure		experiencing uh so the this chest pain when you breahe in deeply since this morning uhm as well as uh some more difficulty breathing and some le- uh left pain uh left leg pain uh with with some swelling uh ha have been after travels as well uh have you had any other symptoms kay so all i want to today on on history and before what went on to uh uh the physical exam want to check uh vital signs and have a listen to your your heart and lungs and uh measure the uh diameter of your of your uh shins as well uhm but uh be important to get uh some imaging of your of your lungs uhm to assess whether or not uh there is a pulmonary embolism uhm uh because uhm that would be one of the more uh life threatening uh or potentially uhm complicating uh causes of what is going on uh right now	1
figshare-osce	RES0149	NUMERIC	family doctor and my uh he said my sugars were good ok great um alright so um youve been experiencing uh so this this chest pain when you breathe in deeply since this morning um as well as some more difficulty breathing and some left pain uh left leg pain with with some swelling uh have you been after travels as well have you had any other symptoms no i dont think so ok so that was all i wanted to ask today on on history and before i went on to uh the physical exam we want to check uh vital signs and have a listen to your heart and lungs and um measure the diameter of your of your shins as well um but um itll be important to get uh some imaging of your of your lungs um to assess whether or not theres a pulmonary embolism um uh because that would be one of the more um life threatening or potentially um complicating uh causes of whats going on right now sure		experiencing uh so the this chest pain when you breahe in deeply since this morning uhm as well as uh some more difficulty breathing and some le- uh left pain uh left leg pain uh with with some swelling uh ha have been after travels as well uh have you had any other symptoms kay so all i want to today on on history and before what went on to uh uh the physical exam want to check uh vital signs and have a listen to your your heart and lungs and uh measure the uh diameter of your of your uh shins as well uhm but uh be important to get uh some imaging of your of your lungs uhm to assess whether or not uh there is a pulmonary embolism uhm uh because uhm that would be one of the more uh life threatening uh or potentially uhm complicating uh causes of what is going on uh right now	1
figshare-osce	RES0150	NEGATION_FLIP	uh	hasn't		unalignable
figshare-osce	RES0150	NEGATION_FLIP	hasnt	hasn't		unalignable
figshare-osce	RES0150	NUMERIC	um 395	39 5		unalignable
figshare-osce	RES0150	NUMERIC	375	5		unalignable
figshare-osce	RES0150	NUMERIC	385 um	38 5		unalignable
figshare-osce	RES0150	NEGATION_FLIP	dont	don't		unalignable
figshare-osce	RES0150	NEGATION_FLIP	dont	don't		unalignable
figshare-osce	RES0150	NEGATION_FLIP	hasnt	hasn't	hasn't	0
figshare-osce	RES0150	NEGATION_FLIP	dont	don't		unalignable
figshare-osce	RES0150	NEGATION_FLIP	not		not	1
figshare-osce	RES0150	NEGATION_FLIP	didnt ok um	didn't okay that's		unalignable
figshare-osce	RES0150	NEGATION_FLIP	um at the rash and get the vitals um but there is a concern that this is could be uh measles and so um itll be important to um supportive management and um ensure that um its not passed on to um anybody else that reminds me yeah he was out playing with other children were any other kids experiencing similar symptoms um im not sure i i guess i need to talk to their their parents now yeah it would be um a good idea to uh yeah contact um and see just to make sure that were treating everybody appropriately sure and then uh we could talk more about the vaccination um later sure		u at the rash andge get the vitals uh but there is a concern that this is could be uh uhm measles and so uh it will be important to uhm have supportive uh management and uhm ensure that uhm it is not passed on to uh anybody else that reminds me yehe was uh playing with uh other children or any other kids uh experiencing similar symptoms im not sure yeah i would be uhm uh a a good idea w to uh want the uhm yeah contact uhm and and see uhm just to make sure that we u treating everybody uh appropriately uhm and then uh we can talk more about the vaccination uh later	1
figshare-osce	RES0151	NUMERIC	7	seven	seven	0
figshare-osce	RES0151	NEGATION_FLIP	you	haven't	you you	1
figshare-osce	RES0151	NEGATION_FLIP	no chest pain ok		no chest pain okay uh	1
figshare-osce	RES0151	NEGATION_FLIP	cant	can't	can't	0
figshare-osce	RES0151	NEGATION_FLIP	dont	don't	don't	0
figshare-osce	RES0151	NEGATION_FLIP	nope ok	no okay	okay uh	1
figshare-osce	RES0151	NEGATION_FLIP	uh	no	any skin changes or or rashes uh	1
figshare-osce	RES0151	NEGATION_FLIP	havent	haven't	tiir- haven'	1
figshare-osce	RES0151	NEGATION_FLIP	dont	don't	don't	0
figshare-osce	RES0151	NEGATION_FLIP	havent	haven't	haven't	0
figshare-osce	RES0151	NEGATION_FLIP	dont	don't	don't	0
figshare-osce	RES0151	NEGATION_FLIP	have havent	haven't haven't	uh han't haven't smokedver okay include cigarettes	0
figshare-osce	RES0152	NUMERIC	half a teaspoon ok	teaspoon each time okay	ha haer teaspoonsununintellig okay	0
figshare-osce	RES0152	NEGATION_FLIP	dont	don't	don't	0
figshare-osce	RES0152	NEGATION_FLIP	havent	haven't	haven't	0
figshare-osce	RES0152	NUMERIC	two		two two days out of the last week	1
figshare-osce	RES0152	NEGATION_FLIP	no			unalignable
figshare-osce	RES0152	NEGATION_FLIP	a	not	nouh	1
figshare-osce	RES0152	NEGATION_FLIP	dont	don't	don't	0
figshare-osce	RES0152	NEGATION_FLIP	dont	don't	uhmu real one	1
figshare-osce	RES0152	NEGATION_FLIP	havent	haven't	haven't	0
figshare-osce	RES0152	NEGATION_FLIP	dont	don't	don't	0
figshare-osce	RES0152	NEGATION_FLIP	no	nope		unalignable
figshare-osce	RES0153	NEGATION_FLIP	havent	haven't		unalignable
figshare-osce	RES0153	LATERALITY	right	like	little bit of neck swelling just right at the front on both	1
figshare-osce	RES0153	NEGATION_FLIP	didnt	didn't	not	0
figshare-osce	RES0153	LATERALITY	right	but	uh but	0
figshare-osce	RES0153	NEGATION_FLIP	nope ok	no okay	no okay	0
figshare-osce	RES0153	NEGATION_FLIP	havent	haven't		unalignable
figshare-osce	RES0153	NEGATION_FLIP	no	nope	di s	0
figshare-osce	RES0153	NEGATION_FLIP	havent	haven't		unalignable
figshare-osce	RES0153	NEGATION_FLIP	no	nope		unalignable
figshare-osce	RES0153	NEGATION_FLIP	no ok	nope okay		unalignable
figshare-osce	RES0153	NUMERIC	like	seven		unalignable
figshare-osce	RES0153	NUMERIC	7			unalignable
figshare-osce	RES0153	NEGATION_FLIP	didnt	didn't	did	1
figshare-osce	RES0153	NEGATION_FLIP	dont	don't	don't	0
figshare-osce	RES0153	NEGATION_FLIP	havent	haven't		unalignable
figshare-osce	RES0153	NEGATION_FLIP	dont	don't	don'	1
figshare-osce	RES0153	NEGATION_FLIP	didnt	didn't	did	1
figshare-osce	RES0153	NEGATION_FLIP	dont	don't	that you do not	0
figshare-osce	RES0154	NUMERIC	few	two	few days uh just i	1
figshare-osce	RES0154	NEGATION_FLIP	cant	can't	canot	1
figshare-osce	RES0154	NUMERIC	4	four	four	0
figshare-osce	RES0154	NUMERIC	and then the shortness	when this one so	days ago and then the shortness of breath started	1
figshare-osce	RES0154	NEGATION_FLIP	no like	so unrest	with exertion no like at rest even right now	1
figshare-osce	RES0154	NEGATION_FLIP	no	uh	no wheezing	1
figshare-osce	RES0154	NUMERIC	385	5		unalignable
figshare-osce	RES0154	NEGATION_FLIP	no	nope	no any diarrhea no	1
figshare-osce	RES0154	NEGATION_FLIP	no ok	nope okay	no any diarrhea no okay uh	1
figshare-osce	RES0154	NEGATION_FLIP	dont	don't	don't	0
figshare-osce	RES0154	NUMERIC	twenties	20s	20s uhm	0
figshare-osce	RES0154	NEGATION_FLIP	no	okay		unalignable
figshare-osce	RES0154	NUMERIC	20s ok	twenties okay	cigarettes no i probably smoked for a very short time for like probably five years of my life in my 20s okay uhunintelligible	0
figshare-osce	RES0154	NUMERIC	50s	fifties	any family history of heart or lung conditions uh i do have uh my father passed away from a heart attack in his 50s my brother has	1
figshare-osce	RES0154	NEGATION_FLIP	fathers side ok um and have you had antibiotics recently or within the last six months for any reason no no antibiotics ok so so that was everything that i wanted to ask today on uh on history um was there anything that you also wanted to mention i i maybe forgot no i think thats all um ok so uh yeah with the the symptoms um it could be um pneumonia which could be bacterial or viral um as well as the possibility of um something like uh like covid which is of course a concern for today so we will go ahead and start those investigations and get a swab um and um you may need antibiotics for um for this if there there is uh pneumonia so well also get a chest xray as well ok alright sounds good		uh otheru okay uhm and uh have you had antibiotics recently like or or within the last uh six months for any reason no no unintelligible okay uh so so that was everything that i wanted to ask today on uh on history uh so anything that you also wanted to mention i i maybe forgot no i think that's all uhm okay so uh yeah with the the symptoms uh it could be uh a a pneumonia which could be bacterial or viral uhm as well as the possibility of uh something like uhm uh like covid which uh is of course a concern for today so we will go ahead and start those investigations and a swab uh and you may need uhh antibiotics for uhh for this if there there is a pneumonia so we will also get a a chest x-ray uh as well okay good	1
figshare-osce	RES0154	NUMERIC	fathers side ok um and have you had antibiotics recently or within the last six months for any reason no no antibiotics ok so so that was everything that i wanted to ask today on uh on history um was there anything that you also wanted to mention i i maybe forgot no i think thats all um ok so uh yeah with the the symptoms um it could be um pneumonia which could be bacterial or viral um as well as the possibility of um something like uh like covid which is of course a concern for today so we will go ahead and start those investigations and get a swab um and um you may need antibiotics for um for this if there there is uh pneumonia so well also get a chest xray as well ok alright sounds good		uh otheru okay uhm and uh have you had antibiotics recently like or or within the last uh six months for any reason no no unintelligible okay uh so so that was everything that i wanted to ask today on uh on history uh so anything that you also wanted to mention i i maybe forgot no i think that's all uhm okay so uh yeah with the the symptoms uh it could be uh a a pneumonia which could be bacterial or viral uhm as well as the possibility of uh something like uhm uh like covid which uh is of course a concern for today so we will go ahead and start those investigations and a swab uh and you may need uhh antibiotics for uhh for this if there there is a pneumonia so we will also get a a chest x-ray uh as well okay good	1
figshare-osce	RES0155	NEGATION_FLIP	no		no no no blood no	1
figshare-osce	RES0155	NEGATION_FLIP	cant	can't	canot	1
figshare-osce	RES0155	NEGATION_FLIP	cant	can't	justu can't	0
figshare-osce	RES0155	NEGATION_FLIP	it	doesn't	while while sitting here it	1
figshare-osce	RES0155	NEGATION_FLIP	no ok	okay um	uh okay uhm	0
figshare-osce	RES0155	NEGATION_FLIP	havent	haven't	haven'	1
figshare-osce	RES0155	NEGATION_FLIP	uh now that you mentioned	i wasn't even sure anything	yah mention	1
figshare-osce	RES0155	NEGATION_FLIP	dont ok	don't okay	don't okay uhm	0
figshare-osce	RES0155	NEGATION_FLIP	hasnt	hasn't	hasn't	0
figshare-osce	RES0155	NEGATION_FLIP	havent	haven't	haven't	0
figshare-osce	RES0155	NEGATION_FLIP	havent	haven't	haven't	0
figshare-osce	RES0155	NEGATION_FLIP	havent	haven't	haven't	0
figshare-osce	RES0155	NEGATION_FLIP	uh no		uh	0
figshare-osce	RES0155	NEGATION_FLIP	havent	haven't	haven't	0
figshare-osce	RES0155	NEGATION_FLIP	dont	don't	don't	0
figshare-osce	RES0155	NEGATION_FLIP	havent	haven't	haven'	1
figshare-osce	RES0155	NEGATION_FLIP	no		no just	1
figshare-osce	RES0155	NEGATION_FLIP	swab done since some of these symptoms also overlap with covid symptoms um and yeah so well so thats what well do um and ill let the emergency department know that youre on your way i think youll need to get all those tests there and then theyll decide whether or not you need any kind of admission or you can just go home on antibiotics um from there ok ok that sounds good thank you yeah yeah alright take care bye		just get like a covid swab done since some of these symptoms also overlap with uh covid symptoms uhm anyway so we'll so that that's what we will do uhm and i will let the emergency department know that uh you are on your way uh i we will need to get all those tests there uhm and then uh they will decide whether or not uh you need any kind of admission or you can just go home on antibiotics uhm from there okay okay that that's i'm good thk you yeah yeah we need take care	1
figshare-osce	RES0156	NEGATION_FLIP	doesnt ok	doesn't okay	doesn't okay uhm	0
figshare-osce	RES0156	NEGATION_FLIP	nope	no	no	0
figshare-osce	RES0156	NEGATION_FLIP	hasnt	hasn't	hasn't	0
figshare-osce	RES0156	NUMERIC	um	two	uhm uh two caintigible	0
figshare-osce	RES0156	NUMERIC	2		uhm uh two caintigible	0
figshare-osce	RES0156	NEGATION_FLIP	didnt	didn't	didn't	0
figshare-osce	RES0156	NEGATION_FLIP	hasnt	hasn't	hasn'	1
figshare-osce	RES0156	NEGATION_FLIP	dont	don't	don't su	0
figshare-osce	RES0156	NEGATION_FLIP	dont ok um	don't okay okay	all okay uhm okayunintelligible	1
figshare-osce	RES0156	NEGATION_FLIP	theyre worsened by exertion um at this age one thing that definitely we want to check is if she has asthma um she does have some other symptoms that um are associated with asthma like it seems that she gets um some irritation through environmental factors as well so what well do uh for her is get something called a pulmonary function test for her to see thatll test if she in fact has asthma or not and then based on that we will uh see if she needs any puffers um that can help relieve some of her symptoms uh and lastly since shes having a cough well also do a like a covid test just in case as well ok yeah that that sounds good thank		uhm never worsened by exertion uhm at this age uh one thing that definitely we want to check is if she has asthma uhm she does have some other symptoms uh uh that are associated with asthma like it seems that she gets uhm some irritation through environmental factors as well so what we will do uh for her is uh get something called a pulmonary function test uh for her to see uh the adult test uh if if she in fact has asthma on and then based on that uh we will uh see if she needs any puffers uhm that can help relieve some of her symptoms uh and lastly uh since she is having a cough we will also do like a covid test just in case as well okay yeah that that sounds good thank you	1
figshare-osce	RES0156	NUMERIC	theyre worsened by exertion um at this age one thing that definitely we want to check is if she has asthma um she does have some other symptoms that um are associated with asthma like it seems that she gets um some irritation through environmental factors as well so what well do uh for her is get something called a pulmonary function test for her to see thatll test if she in fact has asthma or not and then based on that we will uh see if she needs any puffers um that can help relieve some of her symptoms uh and lastly since shes having a cough well also do a like a covid test just in case as well ok yeah that that sounds good thank		uhm never worsened by exertion uhm at this age uh one thing that definitely we want to check is if she has asthma uhm she does have some other symptoms uh uh that are associated with asthma like it seems that she gets uhm some irritation through environmental factors as well so what we will do uh for her is uh get something called a pulmonary function test uh for her to see uh the adult test uh if if she in fact has asthma on and then based on that uh we will uh see if she needs any puffers uhm that can help relieve some of her symptoms uh and lastly uh since she is having a cough we will also do like a covid test just in case as well okay yeah that that sounds good thank you	1
figshare-osce	RES0156	NEGATION_FLIP	and no worries and then well also do like a full physical examination that sounds great alright		yah ands and then we will also do a full physical examination thats on great right	0
figshare-osce	RES0158	NEGATION_FLIP	havent	haven't	not	0
figshare-osce	RES0158	NEGATION_FLIP	havent	haven't	not	0
figshare-osce	RES0158	NUMERIC	3	three	three	0
figshare-osce	RES0158	NEGATION_FLIP	havent	haven't		unalignable
figshare-osce	RES0158	NEGATION_FLIP	i	haven't	i i	1
figshare-osce	RES0158	NEGATION_FLIP	um havent	i haven't	uh have't	1
figshare-osce	RES0158	NEGATION_FLIP	uh no		positive for covid uh no	1
figshare-osce	RES0158	NEGATION_FLIP	havent	haven't	haven't	0
figshare-osce	RES0158	NEGATION_FLIP	havent	haven't	haven't	0
figshare-osce	RES0158	NEGATION_FLIP	havent	haven't	have	1
figshare-osce	RES0158	NEGATION_FLIP	havent	haven't	haven't	0
figshare-osce	RES0158	NUMERIC	one		been the one	1
figshare-osce	RES0158	NEGATION_FLIP	definitely a possibility and a lot of the symptoms that youre having overlap with covid symptoms uh so we will definitely get a covid swab test done for you today it usually comes back in the next 24 to 48 hours and until then uh i would recommend that you isolate either in a room separately wear a mask around your family members um isolate to the best of your abilities not go outside see if someone else can get groceries for you guys uh as well and then um depending on the test public health will contact you with further instructions ok yeah that sounds good thank you youre welcome take care take care		ffinitely impossibility and a lot of the symptoms that you are having overlap with covid symptoms uh so we will definitely get a covid swab test done for you today if usually comes back in the next 24 to 48 hours and until then uh uhm i would recommend that you isolate either in a room separately where i mak around your family members uhm uh isolate to the best of your abilities not go outside to see if someone else can get groceries for you guys as well and then uh depending on the test public health we will contact you with further instructions okay yeah that sounds good thank you u will take it take	1
figshare-osce	RES0158	NUMERIC	definitely a possibility and a lot of the symptoms that youre having overlap with covid symptoms uh so we will definitely get a covid swab test done for you today it usually comes back in the next 24 to 48 hours and until then uh i would recommend that you isolate either in a room separately wear a mask around your family members um isolate to the best of your abilities not go outside see if someone else can get groceries for you guys uh as well and then um depending on the test public health will contact you with further instructions ok yeah that sounds good thank you youre welcome take care take care		ffinitely impossibility and a lot of the symptoms that you are having overlap with covid symptoms uh so we will definitely get a covid swab test done for you today if usually comes back in the next 24 to 48 hours and until then uh uhm i would recommend that you isolate either in a room separately where i mak around your family members uhm uh isolate to the best of your abilities not go outside to see if someone else can get groceries for you guys as well and then uh depending on the test public health we will contact you with further instructions okay yeah that sounds good thank you u will take it take	1
figshare-osce	RES0159	NEGATION_FLIP	dont	don't		unalignable
figshare-osce	RES0159	NEGATION_FLIP	havent	haven't		unalignable
figshare-osce	RES0159	NEGATION_FLIP	dont	don't		unalignable
figshare-osce	RES0159	NEGATION_FLIP	dont	don't		unalignable
figshare-osce	RES0159	NEGATION_FLIP	havent	haven't	have'	1
figshare-osce	RES0159	NEGATION_FLIP	mot	not		unalignable
figshare-osce	RES0159	NUMERIC	50	fifty		unalignable
figshare-osce	RES0159	NUMERIC	55	five		unalignable
figshare-osce	RES0159	NUMERIC	20 30	and thirty		unalignable
figshare-osce	RES0159	NUMERIC	5	five		unalignable
figshare-osce	RES0159	NEGATION_FLIP	i	don't		unalignable
figshare-osce	RES0159	NEGATION_FLIP	havent	haven't		unalignable
figshare-osce	RES0159	NEGATION_FLIP	dont	don't		unalignable
figshare-osce	RES0160	NUMERIC	5	five	five	0
figshare-osce	RES0160	NUMERIC	8	eight	eight	0
figshare-osce	RES0160	NUMERIC	10	ten	to 10 times in the last two days and	0
figshare-osce	RES0160	NEGATION_FLIP	havent	haven't		unalignable
figshare-osce	RES0160	NUMERIC	1	one		unalignable
figshare-osce	RES0160	NUMERIC	10 with	ten ten		unalignable
figshare-osce	RES0160	NUMERIC	10			unalignable
figshare-osce	RES0160	NUMERIC	5	five		unalignable
figshare-osce	RES0160	NUMERIC	7	seven		unalignable
figshare-osce	RES0160	NEGATION_FLIP	dont	don't		unalignable
figshare-osce	RES0160	NEGATION_FLIP	know	no		unalignable
figshare-osce	RES0160	NEGATION_FLIP	havent	haven't		unalignable
figshare-osce	RES0160	NEGATION_FLIP	havent	haven't		unalignable
figshare-osce	RES0160	NEGATION_FLIP	cant	can't		unalignable
figshare-osce	RES0160	NEGATION_FLIP	ive been noticing	i haven't noticed		unalignable
figshare-osce	RES0160	NEGATION_FLIP	doesnt	doesn't	is	1
figshare-osce	RES0160	NEGATION_FLIP	dont	don't	not	0
figshare-osce	RES0160	NEGATION_FLIP	i	don't	family but i i i	1
figshare-osce	RES0160	NEGATION_FLIP	no			unalignable
figshare-osce	RES0160	NEGATION_FLIP	havent	haven't		unalignable
figshare-osce	RES0161	NUMERIC	5	five	five	0
figshare-osce	RES0161	NEGATION_FLIP	dont	don't	don't	0
figshare-osce	RES0161	NEGATION_FLIP	dont	don't	don't	0
figshare-osce	RES0161	NEGATION_FLIP	i dont	haven't no		unalignable
figshare-osce	RES0161	NEGATION_FLIP	ok uhm	no okay		unalignable
figshare-osce	RES0161	NEGATION_FLIP	didnt	didn't		unalignable
figshare-osce	RES0161	NEGATION_FLIP	dont	don't		unalignable
figshare-osce	RES0161	NEGATION_FLIP	dont	don't		unalignable
figshare-osce	RES0161	NEGATION_FLIP	no		allergies uh no no allergies	1
figshare-osce	RES0161	NUMERIC	in their 50s but	and they're fifty um	both my dad and uncle have had heart attacks in their 50s uhtellig that that's	1
figshare-osce	RES0161	NEGATION_FLIP	thats thats it thats all	that's not like older anyway	uhtellig that that's it that's allunig	1
figshare-osce	RES0161	LATERALITY	great	right		unalignable
figshare-osce	RES0162	NUMERIC	3	three	three	0
figshare-osce	RES0162	NEGATION_FLIP	cant	can't	cant	1
figshare-osce	RES0162	NEGATION_FLIP	i	wasn't		unalignable
figshare-osce	RES0162	NEGATION_FLIP	dont	don't		unalignable
figshare-osce	RES0162	NEGATION_FLIP	no			unalignable
figshare-osce	RES0162	NUMERIC	1015	10-15	1015 minutes but	1
figshare-osce	RES0162	NEGATION_FLIP	dont	don't		unalignable
figshare-osce	RES0162	NEGATION_FLIP	no	nope		unalignable
figshare-osce	RES0162	NEGATION_FLIP	no	nope		unalignable
figshare-osce	RES0162	NEGATION_FLIP	pain no	pains nope		unalignable
figshare-osce	RES0162	NEGATION_FLIP	ive ive	i haven't		unalignable
figshare-osce	RES0162	NEGATION_FLIP	dont	don't		unalignable
figshare-osce	RES0162	NEGATION_FLIP	dont	don't		unalignable
figshare-osce	RES0162	NEGATION_FLIP	didnt	didn't		unalignable
figshare-osce	RES0162	NEGATION_FLIP	no ok	okay um		unalignable
figshare-osce	RES0162	NEGATION_FLIP	no	uh		unalignable
figshare-osce	RES0162	NEGATION_FLIP	like having these symptoms have you ever tried any puffers no i havent no ok right yeah lets talk a little bit ok			unalignable
figshare-osce	RES0162	LATERALITY	like having these symptoms have you ever tried any puffers no i havent no ok right yeah lets talk a little bit ok			unalignable
figshare-osce	RES0163	NEGATION_FLIP	dont	don't		unalignable
figshare-osce	RES0163	NEGATION_FLIP	dont	don't		unalignable
figshare-osce	RES0163	NEGATION_FLIP	no its	uh it's		unalignable
figshare-osce	RES0163	NEGATION_FLIP	cant	can't		unalignable
figshare-osce	RES0163	NEGATION_FLIP	didnt	didn't		unalignable
figshare-osce	RES0163	NEGATION_FLIP	didnt	didn't		unalignable
figshare-osce	RES0163	NEGATION_FLIP	havent	haven't		unalignable
figshare-osce	RES0163	NEGATION_FLIP	havent	haven't		unalignable
figshare-osce	RES0163	NEGATION_FLIP	dont	don't		unalignable
figshare-osce	RES0163	NEGATION_FLIP	concern nope ok	concerns no okay	ques so yeh	1
figshare-osce	RES0164	NEGATION_FLIP	now	no		unalignable
figshare-osce	RES0164	NEGATION_FLIP	hasnt	hasn't		unalignable
figshare-osce	RES0164	NEGATION_FLIP	dont	don't		unalignable
figshare-osce	RES0164	NEGATION_FLIP	hasnt ok	hasn't okay		unalignable
figshare-osce	RES0164	NEGATION_FLIP	ok ok and	no okay okay	and	1
figshare-osce	RES0164	NEGATION_FLIP	didnt	didn't		unalignable
figshare-osce	RES0164	NUMERIC	3	three	three	0
figshare-osce	RES0164	NEGATION_FLIP	dont	don't		unalignable
figshare-osce	RES0164	NEGATION_FLIP	havent	haven't		unalignable
figshare-osce	RES0164	NEGATION_FLIP	hasnt	hasn't		unalignable
figshare-osce	RES0164	NEGATION_FLIP	hasnt	hasn't		unalignable
figshare-osce	RES0164	NEGATION_FLIP	but i im thinking he got all his immunizations when he uh came to when we moved to canada ok and is he complaining of joint or muscle aches at all no no nothing like that ok alright so yeah well do it like a full physical examination and if its more just a viral itll be something that well just have to monitor and do supportive care for but if its anything else we might need to do further investigations ok and well just do a coviswab for him today as well as some of the symptoms overlap with covisymptoms and you will get the results back in 24 hours to 48 hours and then further instruction from public health sounds great alright well take care talk to you soon		and he complaining of joint or muscle achesun k right we will do like a full physical examination and if its or just viral it will be something that we will have to monitor and do supportive care for uh but if it is anything else we might need to do further investigation and we will just do a covid mo to as well as some of the symptoms overlap with covi symptoms and you will get the results back in 24 hours to 48 hours and then further instructions in public healthunell care unintelligible	0
figshare-osce	RES0164	NUMERIC	but i im thinking he got all his immunizations when he uh came to when we moved to canada ok and is he complaining of joint or muscle aches at all no no nothing like that ok alright so yeah well do it like a full physical examination and if its more just a viral itll be something that well just have to monitor and do supportive care for but if its anything else we might need to do further investigations ok and well just do a coviswab for him today as well as some of the symptoms overlap with covisymptoms and you will get the results back in 24 hours to 48 hours and then further instruction from public health sounds great alright well take care talk to you soon		and he complaining of joint or muscle achesun k right we will do like a full physical examination and if its or just viral it will be something that we will have to monitor and do supportive care for uh but if it is anything else we might need to do further investigation and we will just do a covid mo to as well as some of the symptoms overlap with covi symptoms and you will get the results back in 24 hours to 48 hours and then further instructions in public healthunell care unintelligible	1
figshare-osce	RES0165	NUMERIC	two	ten		unalignable
figshare-osce	RES0165	NEGATION_FLIP	about a day ago a	the gold didn't have okay		unalignable
figshare-osce	RES0165	NUMERIC	half ok and can			unalignable
figshare-osce	RES0165	NUMERIC	2	two		unalignable
figshare-osce	RES0165	NEGATION_FLIP	dont	don't		unalignable
figshare-osce	RES0165	NEGATION_FLIP	well ok	no okay		unalignable
figshare-osce	RES0165	NEGATION_FLIP	now	no		unalignable
figshare-osce	RES0165	NEGATION_FLIP	allergy no	allergies okay		unalignable
figshare-osce	RES0165	NEGATION_FLIP	no	okay		unalignable
figshare-osce	RES0165	NEGATION_FLIP	dont	don't		unalignable
figshare-osce	RES0165	NEGATION_FLIP	uh	no	uh	1
figshare-osce	RES0166	NEGATION_FLIP	dont	don't		unalignable
figshare-osce	RES0166	NEGATION_FLIP	dont	don't		unalignable
figshare-osce	RES0166	NEGATION_FLIP	no	okay		unalignable
figshare-osce	RES0166	NEGATION_FLIP	havent	haven't		unalignable
figshare-osce	RES0166	NEGATION_FLIP	dont	don't		unalignable
figshare-osce	RES0166	NEGATION_FLIP	didnt	didn't		unalignable
figshare-osce	RES0166	NUMERIC	4	four		unalignable
figshare-osce	RES0166	NEGATION_FLIP	dont	don't		unalignable
figshare-osce	RES0166	NEGATION_FLIP	havent	haven't		unalignable
figshare-osce	RES0166	NEGATION_FLIP	dont	don't		unalignable
figshare-osce	RES0166	NEGATION_FLIP	dont ok	don't okay		unalignable
figshare-osce	RES0166	NEGATION_FLIP	dont ok	don't okay		unalignable
figshare-osce	RES0166	NEGATION_FLIP	havent	haven't		unalignable
figshare-osce	RES0166	NEGATION_FLIP	havent	haven't	not	0
figshare-osce	RES0167	NUMERIC	4	four	four	0
figshare-osce	RES0167	NUMERIC	5	five	five	0
figshare-osce	RES0167	NEGATION_FLIP	havent	haven't	not	0
figshare-osce	RES0167	NUMERIC	uhm ok so for 5	okay sorry four or five	u	0
figshare-osce	RES0167	NEGATION_FLIP	cant	can't	can'tu	1
figshare-osce	RES0167	NEGATION_FLIP	cant	can't	can't	0
figshare-osce	RES0167	NEGATION_FLIP	cant	can't		unalignable
figshare-osce	RES0167	NEGATION_FLIP	dont	don't	do	1
figshare-osce	RES0167	NEGATION_FLIP	wasnt	wasn't		unalignable
figshare-osce	RES0167	NEGATION_FLIP	not	had		unalignable
figshare-osce	RES0167	NEGATION_FLIP	no	nope	vision or hearing uh no fever	1
figshare-osce	RES0167	NEGATION_FLIP	dont	don't	not	0
figshare-osce	RES0167	NEGATION_FLIP	dont	don't	not	0
figshare-osce	RES0167	NEGATION_FLIP	mhmm	no		unalignable
figshare-osce	RES0167	NEGATION_FLIP	but nothing like major			unalignable
figshare-osce	RES0167	NEGATION_FLIP	dont	don't		unalignable
figshare-osce	RES0167	NEGATION_FLIP	no no thats	nope nope that's		unalignable
figshare-osce	RES0167	NEGATION_FLIP	ok how about	okay have no		unalignable
figshare-osce	RES0167	NEGATION_FLIP	uh no			unalignable
figshare-osce	RES0167	NEGATION_FLIP	dont	don't	don'	1
figshare-osce	RES0167	NEGATION_FLIP	dont	don't	don't	0
figshare-osce	RES0167	NEGATION_FLIP	dont	haven't	i have not	0
figshare-osce	RES0167	NEGATION_FLIP	havent	haven't	faigued have not	0
figshare-osce	RES0167	NEGATION_FLIP	not		occasional glass of wine on a special occasion but not frequently and not not heavily	1
figshare-osce	RES0167	NEGATION_FLIP	no		no no more carpet	1
figshare-osce	RES0167	NEGATION_FLIP	dont	don't	not	0
figshare-osce	RES0167	NEGATION_FLIP	shouldnt	shouldn't	should b	1
figshare-osce	RES0167	NUMERIC	1		one	0
figshare-osce	RES0167	NEGATION_FLIP	havent	haven't	communityu you have not	0
figshare-osce	RES0167	NEGATION_FLIP	wouldnt	wouldn't	not	0
figshare-osce	RES0168	NEGATION_FLIP	doesnt	doesn't	not	0
figshare-osce	RES0168	NEGATION_FLIP	dont	don't		unalignable
figshare-osce	RES0168	NEGATION_FLIP	dont	don't	not	0
figshare-osce	RES0168	NEGATION_FLIP	dont	don't	do	1
figshare-osce	RES0168	NEGATION_FLIP	didnt	didn't	lo ttmon	1
figshare-osce	RES0168	LATERALITY	right	but		unalignable
figshare-osce	RES0168	NEGATION_FLIP	havent	haven't		unalignable
figshare-osce	RES0168	NEGATION_FLIP	i	hadn't	i used to use the nasal steroid spray and i i	1
figshare-osce	RES0168	NEGATION_FLIP	havent	haven't	not	0
figshare-osce	RES0168	NEGATION_FLIP	didnt	didn't	did'	1
figshare-osce	RES0168	NEGATION_FLIP	really	didn't		unalignable
figshare-osce	RES0168	NEGATION_FLIP	rarely dont	really don't		unalignable
figshare-osce	RES0168	NEGATION_FLIP	no its	the cream		unalignable
figshare-osce	RES0168	NUMERIC	3 now like			unalignable
figshare-osce	RES0168	NEGATION_FLIP	dont think so i	don't know me guys		unalignable
figshare-osce	RES0168	NEGATION_FLIP	just	doesn't		unalignable
figshare-osce	RES0168	NEGATION_FLIP	theyll notify	don't buy		unalignable
figshare-osce	RES0168	NUMERIC	24 to 48	four or forty-eight	to 48 hours but what	0
figshare-osce	RES0168	NEGATION_FLIP	its its not going away with the rinse saline rinses		it is not going away with uh the ri rinse saline rinses and these	1
figshare-osce	RES0168	NEGATION_FLIP	so we will prescribe some antibiotics for you probably amoxicillin take those for five to seven days and see if some of your symptoms clear up if they continue to be severe umm actually at this will also prescribe you some inhaled corticosteroids because i think those can help as well so will give you both of those for now and then just follow up with us in a week after youve tried both things and well see how your symptoms are holding up at that point does that sound like a good plan to you yeah i think that sounds that sounds fair yeah thank you ok yeah no problem		so we will uh prescribe some antibiotics for you probably amoxicillin uh take those for five to seven days uh and see if some of your symptoms clear up if they continue to be severe uh uh actually at the we will also prescribe you some inhaled corticosteroids because i think those can help as well soo we will give you both of those for now uh and then just follow up with us in a week after you tried both things uh and we will see how your symptoms are holding up at that point does not somewha a good plan to you intellay problem	1
figshare-osce	RES0168	NUMERIC	so we will prescribe some antibiotics for you probably amoxicillin take those for five to seven days and see if some of your symptoms clear up if they continue to be severe umm actually at this will also prescribe you some inhaled corticosteroids because i think those can help as well so will give you both of those for now and then just follow up with us in a week after youve tried both things and well see how your symptoms are holding up at that point does that sound like a good plan to you yeah i think that sounds that sounds fair yeah thank you ok yeah no problem		so we will uh prescribe some antibiotics for you probably amoxicillin uh take those for five to seven days uh and see if some of your symptoms clear up if they continue to be severe uh uh actually at the we will also prescribe you some inhaled corticosteroids because i think those can help as well soo we will give you both of those for now uh and then just follow up with us in a week after you tried both things uh and we will see how your symptoms are holding up at that point does not somewha a good plan to you intellay problem	1
figshare-osce	RES0169	NEGATION_FLIP	ive	haven't		unalignable
figshare-osce	RES0169	NEGATION_FLIP	havent	haven't		unalignable
figshare-osce	RES0169	NEGATION_FLIP	its not			unalignable
figshare-osce	RES0169	NEGATION_FLIP	havent	haven't		unalignable
figshare-osce	RES0169	NUMERIC	two	too		unalignable
figshare-osce	RES0169	NEGATION_FLIP	not			unalignable
figshare-osce	RES0169	NEGATION_FLIP	cant	can't		unalignable
figshare-osce	RES0169	NEGATION_FLIP	havent	haven't		unalignable
figshare-osce	RES0169	NEGATION_FLIP	i know	no i've		unalignable
figshare-osce	RES0169	NEGATION_FLIP	well ok ok	won't okay okay		unalignable
figshare-osce	RES0169	NEGATION_FLIP	dont	don't	don't	0
figshare-osce	RES0169	NEGATION_FLIP	dont	don't	don't me	0
figshare-osce	RES0169	NEGATION_FLIP	just continue to sort of rest and drink lots of water maybe take tylenol or advil if thats making you feel better and hopefully your symptoms will get better if not if you feel like your symptoms are persisting for days or week or so or youre having worsening symptoms definitely come back or give us a call ok thank you		just continue to if rest and and drink g lots of water maybe take tylenol or advil of if thats making you feel better and hopefully your symptoms will get better if not you feel like your symptoms are persisting for u days or week or so or you are having worsening symptoms definitely uh come back or get you call	1
figshare-osce	RES0170	NEGATION_FLIP	dont	don't	don't only	0
figshare-osce	RES0170	NEGATION_FLIP	hasnt	hasn't		unalignable
figshare-osce	RES0170	NEGATION_FLIP	hasnt	hasn't		unalignable
figshare-osce	RES0170	NEGATION_FLIP	hasnt	hasn't		unalignable
figshare-osce	RES0170	NEGATION_FLIP	hasnt	hasn't		unalignable
figshare-osce	RES0170	NEGATION_FLIP	uh no	i know		unalignable
figshare-osce	RES0170	NEGATION_FLIP	havent	haven't		unalignable
figshare-osce	RES0170	NEGATION_FLIP	dont	don't		unalignable
figshare-osce	RES0170	NEGATION_FLIP	hasnt	hasn't		unalignable
figshare-osce	RES0170	NEGATION_FLIP	an icu	don't know		unalignable
figshare-osce	RES0170	NEGATION_FLIP	hasnt	hasn't		unalignable
figshare-osce	RES0170	NEGATION_FLIP	hasnt	hasn't		unalignable
figshare-osce	RES0170	NEGATION_FLIP	didnt	didn't		unalignable
figshare-osce	RES0170	NEGATION_FLIP	not			unalignable
figshare-osce	RES0170	NUMERIC	w1	one		unalignable
figshare-osce	RES0170	NEGATION_FLIP	hasnt	hasn't		unalignable
figshare-osce	RES0170	NEGATION_FLIP	um he he has not			unalignable
figshare-osce	RES0170	NEGATION_FLIP	dont	don't		unalignable
figshare-osce	RES0170	NEGATION_FLIP	doesnt	doesn't	does	1
figshare-osce	RES0170	NEGATION_FLIP	cant	can't		unalignable
figshare-osce	RES0170	NEGATION_FLIP	cant	can't		unalignable
figshare-osce	RES0170	NEGATION_FLIP	of the night and thats not good so well we can be prescribed some puffers and see if those help and also get some testing done do you have any other questions for me uhm no yeah i was just wondering about so like the wheezing and all of that could be with from asthma too uhm yeah i would think so but again well get the testing done and see if there are any other any other causes ok you said the wheezing sort of lasts only 30 to 30 minutes to an hour and then gets better yeah i dont notice that any other times yes its possibly i mean i would think its asthma but then well get the testing done and see ok great thank you		night uhm can gop soeres okay great uh thank you	0
figshare-osce	RES0170	NUMERIC	of the night and thats not good so well we can be prescribed some puffers and see if those help and also get some testing done do you have any other questions for me uhm no yeah i was just wondering about so like the wheezing and all of that could be with from asthma too uhm yeah i would think so but again well get the testing done and see if there are any other any other causes ok you said the wheezing sort of lasts only 30 to 30 minutes to an hour and then gets better yeah i dont notice that any other times yes its possibly i mean i would think its asthma but then well get the testing done and see ok great thank you		night uhm can gop soeres okay great uh thank you	0
figshare-osce	RES0171	NEGATION_FLIP	dont	don't		unalignable
figshare-osce	RES0171	NEGATION_FLIP	cant	can't		unalignable
figshare-osce	RES0171	NEGATION_FLIP	havent	haven't		unalignable
figshare-osce	RES0171	NUMERIC	2	two		unalignable
figshare-osce	RES0171	NEGATION_FLIP	havent	haven't		unalignable
figshare-osce	RES0171	NEGATION_FLIP	dont notice	haven't noticed		unalignable
figshare-osce	RES0171	NUMERIC	2	two	two	0
figshare-osce	RES0171	LATERALITY	youre right it said	it uh uh yes		unalignable
figshare-osce	RES0171	NEGATION_FLIP	dont	don't		unalignable
figshare-osce	RES0171	NEGATION_FLIP	dont	don't	don't anyth	0
figshare-osce	RES0171	NUMERIC	68	um	68	1
figshare-osce	RES0171	NEGATION_FLIP	havent	haven't	in u	1
figshare-osce	RES0171	NEGATION_FLIP	i	haven't		unalignable
figshare-osce	RES0171	NEGATION_FLIP	ive lost a few pounds but not enough definitely want to keep going ok good good as long as you feel that you what youre currently doing is helping you and is helping you reduce weight thats great but also im here for you if you need more education or guidance on that so given what youve told me so far it sounds like you might have developed a clot in your leg somewhere simply because you had a surgery and you were not moving around very much sometimes that causes the blood to kind of not move around your body is as as much as it usually does and kind of stays in one place and get turned into a clot and that clot can sometimes get dislodged and settle into your lungs and that can make it difficult for you to breathe so well do some tests that thats what my understanding is given what youve told me so far but we do have to confirm it using a test also the fact that you smoke and your weight and your bmi is high increases your risk of developing a clot so i would definitely strongly recommend that you continue to try to reduce both and try to quit smoking and so well do an ultrasound of your leg and well do a scan of your chest and see whats going on and then decide if we need to give you any medications like any blood thinning medications ok yeah that sounds really good thank you welcome		lost a few bowels but uh all and ofunintelligible go kay good that as long as you feel that you was currently doing is helping you and is helping you reduce weight that is great but also i am un am herarre if you need more uh education or guidance on that uh so given what you have told me so far uh it sounds like you might have developed a clot in your legs somewhere simply because you had a surgery and you uh were not moving around very much someometimes that causes the blood uh not move around your body as it as as much as it usually does and kind of stays in onaell and get turned into a clot and that clot can sometimes get dislodged and uh settle into your lungs and that can uh make it difficult for you to breathe so we will do some test that that that is what my understanding is given what she have told so far but we would do have to confirm it using a test uhm also uh the fact that you smoke and and your weight uh and your bmi is high increases your risk of developing a clot so i would definitely strongly recommend that you continue to try to reduce both and try to quit smoking uh and so we will do an ultrasound of your leg and we will do a scan of your chestu and see what is going on and then uh decide if we need to uh uh give you any medications uhu any blood thinning medicationunin	1
figshare-osce	RES0171	NUMERIC	ive lost a few pounds but not enough definitely want to keep going ok good good as long as you feel that you what youre currently doing is helping you and is helping you reduce weight thats great but also im here for you if you need more education or guidance on that so given what youve told me so far it sounds like you might have developed a clot in your leg somewhere simply because you had a surgery and you were not moving around very much sometimes that causes the blood to kind of not move around your body is as as much as it usually does and kind of stays in one place and get turned into a clot and that clot can sometimes get dislodged and settle into your lungs and that can make it difficult for you to breathe so well do some tests that thats what my understanding is given what youve told me so far but we do have to confirm it using a test also the fact that you smoke and your weight and your bmi is high increases your risk of developing a clot so i would definitely strongly recommend that you continue to try to reduce both and try to quit smoking and so well do an ultrasound of your leg and well do a scan of your chest and see whats going on and then decide if we need to give you any medications like any blood thinning medications ok yeah that sounds really good thank you welcome		lost a few bowels but uh all and ofunintelligible go kay good that as long as you feel that you was currently doing is helping you and is helping you reduce weight that is great but also i am un am herarre if you need more uh education or guidance on that uh so given what you have told me so far uh it sounds like you might have developed a clot in your legs somewhere simply because you had a surgery and you uh were not moving around very much someometimes that causes the blood uh not move around your body as it as as much as it usually does and kind of stays in onaell and get turned into a clot and that clot can sometimes get dislodged and uh settle into your lungs and that can uh make it difficult for you to breathe so we will do some test that that that is what my understanding is given what she have told so far but we would do have to confirm it using a test uhm also uh the fact that you smoke and and your weight uh and your bmi is high increases your risk of developing a clot so i would definitely strongly recommend that you continue to try to reduce both and try to quit smoking uh and so we will do an ultrasound of your leg and we will do a scan of your chestu and see what is going on and then uh decide if we need to uh uh give you any medications uhu any blood thinning medicationunin	0
figshare-osce	RES0172	NEGATION_FLIP	havent	haven't		unalignable
figshare-osce	RES0172	NEGATION_FLIP	no			unalignable
figshare-osce	RES0172	NEGATION_FLIP	hasnt woken	hasn't woke		unalignable
figshare-osce	RES0172	NEGATION_FLIP	cant	can't		unalignable
figshare-osce	RES0172	NEGATION_FLIP	havent	haven't		unalignable
figshare-osce	RES0172	NUMERIC	381	1		unalignable
figshare-osce	RES0172	NUMERIC	two ok	mm-hmm okay		unalignable
figshare-osce	RES0172	NUMERIC	10	ten		unalignable
figshare-osce	RES0172	NUMERIC	10	ten		unalignable
figshare-osce	RES0172	NUMERIC	5 ok	five okay		unalignable
figshare-osce	RES0172	NUMERIC	tylenol	tenth		unalignable
figshare-osce	RES0172	NEGATION_FLIP	didnt	didn't		unalignable
figshare-osce	RES0172	NEGATION_FLIP	havent	haven't		unalignable
figshare-osce	RES0172	NEGATION_FLIP	havent	haven't		unalignable
figshare-osce	RES0172	NEGATION_FLIP	havent	haven't		unalignable
figshare-osce	RES0172	NEGATION_FLIP	no	nope		unalignable
figshare-osce	RES0172	NEGATION_FLIP	havent	haven't		unalignable
figshare-osce	RES0172	NEGATION_FLIP	havent	haven't		unalignable
figshare-osce	RES0172	NEGATION_FLIP	havent	haven't		unalignable
figshare-osce	RES0172	NEGATION_FLIP	dont	don't		unalignable
figshare-osce	RES0172	NEGATION_FLIP	dont	don't		unalignable
figshare-osce	RES0172	NEGATION_FLIP	havent	haven't		unalignable
figshare-osce	RES0172	NEGATION_FLIP	havent	haven't		unalignable
figshare-osce	RES0172	LATERALITY	right	my		unalignable
figshare-osce	RES0172	NEGATION_FLIP	i dont have everybody knows	don't have a runny nose		unalignable
figshare-osce	RES0172	NEGATION_FLIP	dont	don't		unalignable
figshare-osce	RES0172	NEGATION_FLIP	but my taste has been ok good well thats all the questions i had for you given that your symptoms sort of sound like you may have a viral or bacterial infection and seeing that you were you had some exposure to to other people even though they werent sick it could it could be that they they had some sort of an illness that they could transmit that they werent just showing symptoms at the time we will get a covid swab done just to make sure that thats not whats happening it could be that and ill recommend that you continue to you know take tylenol and rest and take care of yourself and if your symptoms worsen or stay the same for long period of time definitely come back or call public health to get some guidance and try to stay away from others and self isolate for the next couple of days or at least clear covid swabs back or your symptoms improve or the next 14 days so thats all i have for you today do you have any questions for me no that sounds really good thank you		given that your symptoms sta like you may have a viral or bacterial infection and uh seeing that you were uh you had some exposure to to other people uh even though they were sick it could it could be that they uh they had some sort of illness that they could transmit that they were just showing symptoms at that time uh we will get a covid swab done just just to make sure that that is not what is happening it could be that uh and u i will recommend that you continue to uh you know take tylenol and and rest and uh take care of herself and if your symptoms worsen uh or stay the same for long period of timeuh definitely come back h or call public healthuh to get some guidance uh and try to uh stay away from others and self isolate for the next couple of days uh or at least call thes back or her symptoms u improve uh or the next 14 days uh so that all have for youay question for unintelligible	1
figshare-osce	RES0172	NUMERIC	but my taste has been ok good well thats all the questions i had for you given that your symptoms sort of sound like you may have a viral or bacterial infection and seeing that you were you had some exposure to to other people even though they werent sick it could it could be that they they had some sort of an illness that they could transmit that they werent just showing symptoms at the time we will get a covid swab done just to make sure that thats not whats happening it could be that and ill recommend that you continue to you know take tylenol and rest and take care of yourself and if your symptoms worsen or stay the same for long period of time definitely come back or call public health to get some guidance and try to stay away from others and self isolate for the next couple of days or at least clear covid swabs back or your symptoms improve or the next 14 days so thats all i have for you today do you have any questions for me no that sounds really good thank you		given that your symptoms sta like you may have a viral or bacterial infection and uh seeing that you were uh you had some exposure to to other people uh even though they were sick it could it could be that they uh they had some sort of illness that they could transmit that they were just showing symptoms at that time uh we will get a covid swab done just just to make sure that that is not what is happening it could be that uh and u i will recommend that you continue to uh you know take tylenol and and rest and uh take care of herself and if your symptoms worsen uh or stay the same for long period of timeuh definitely come back h or call public healthuh to get some guidance uh and try to uh stay away from others and self isolate for the next couple of days uh or at least call thes back or her symptoms u improve uh or the next 14 days uh so that all have for youay question for unintelligible	1
figshare-osce	RES0173	NEGATION_FLIP	know you said its	use it no it's		unalignable
figshare-osce	RES0173	NEGATION_FLIP	dont	don't	u in' knowmeric somethingant	1
figshare-osce	RES0173	NEGATION_FLIP	dont	don't		unalignable
figshare-osce	RES0173	NEGATION_FLIP	you havent	i haven't		unalignable
figshare-osce	RES0173	NEGATION_FLIP	havent	haven't		unalignable
figshare-osce	RES0173	NEGATION_FLIP	dont	don't		unalignable
figshare-osce	RES0173	NEGATION_FLIP	havent k	haven't okay		unalignable
figshare-osce	RES0173	NUMERIC	12	twelve		unalignable
figshare-osce	RES0173	NUMERIC	14	fourteen		unalignable
figshare-osce	RES0173	NEGATION_FLIP	havent	haven't		unalignable
figshare-osce	RES0173	NEGATION_FLIP	dont	don't		unalignable
figshare-osce	RES0173	NEGATION_FLIP	hasnt	hasn't		unalignable
figshare-osce	RES0173	NUMERIC	three	two		unalignable
figshare-osce	RES0173	NUMERIC	two youre	who you're		unalignable
figshare-osce	RES0173	NEGATION_FLIP	dont	don't		unalignable
figshare-osce	RES0173	NEGATION_FLIP	havent	haven't		unalignable
figshare-osce	RES0173	NEGATION_FLIP	dont oh	don't okay		unalignable
figshare-osce	RES0173	NEGATION_FLIP	dont	don't	okay uhm	1
figshare-osce	RES0174	NEGATION_FLIP	cant	can't		unalignable
figshare-osce	RES0174	NEGATION_FLIP	dont	don't		unalignable
figshare-osce	RES0174	NEGATION_FLIP	i	don't		unalignable
figshare-osce	RES0174	NEGATION_FLIP	dont	don't		unalignable
figshare-osce	RES0174	NEGATION_FLIP	im	not		unalignable
figshare-osce	RES0174	NEGATION_FLIP	cant	can't		unalignable
figshare-osce	RES0174	NEGATION_FLIP	cant	can't		unalignable
figshare-osce	RES0174	NEGATION_FLIP	ont	don't		unalignable
figshare-osce	RES0174	NUMERIC	10	ten		unalignable
figshare-osce	RES0174	NEGATION_FLIP	dont	don't		unalignable
figshare-osce	RES0174	NEGATION_FLIP	ok you havent	okay i haven't		unalignable
figshare-osce	RES0174	NEGATION_FLIP	cant	can't	can't	0
figshare-osce	RES0174	NEGATION_FLIP	didnt	didn't	didn't	0
figshare-osce	RES0174	NEGATION_FLIP	havent	haven't		unalignable
figshare-osce	RES0174	NEGATION_FLIP	dont ok	don't okay		unalignable
figshare-osce	RES0174	NEGATION_FLIP	dont ok	don't okay	okay uh	1
figshare-osce	RES0174	NEGATION_FLIP	dont	don't		unalignable
figshare-osce	RES0174	NEGATION_FLIP	dont	don't		unalignable
figshare-osce	RES0175	NEGATION_FLIP	didnt	didn't		unalignable
figshare-osce	RES0175	NEGATION_FLIP	no its	nope it's		unalignable
figshare-osce	RES0175	NEGATION_FLIP	no ok	nope okay		unalignable
figshare-osce	RES0175	NEGATION_FLIP	dont	don't		unalignable
figshare-osce	RES0175	NEGATION_FLIP	uh	no		unalignable
figshare-osce	RES0175	NEGATION_FLIP	its not			unalignable
figshare-osce	RES0175	NEGATION_FLIP	oh	no		unalignable
figshare-osce	RES0175	NEGATION_FLIP	havent	haven't		unalignable
figshare-osce	RES0175	NEGATION_FLIP	dont	don't		unalignable
figshare-osce	RES0175	NEGATION_FLIP	nope	no		unalignable
figshare-osce	RES0176	NEGATION_FLIP	havent	haven't		unalignable
figshare-osce	RES0176	NEGATION_FLIP	dont	don't		unalignable
figshare-osce	RES0176	NEGATION_FLIP	no	okay	okay and uh	0
figshare-osce	RES0176	NEGATION_FLIP	no ok and		tongueuninting this sor uh uh okay and did you	0
figshare-osce	RES0176	NEGATION_FLIP	dont	don't		unalignable
figshare-osce	RES0176	NEGATION_FLIP	i	can't		unalignable
figshare-osce	RES0176	NEGATION_FLIP	couldnt	couldn't		unalignable
figshare-osce	RES0176	NEGATION_FLIP	no			unalignable
figshare-osce	RES0176	NEGATION_FLIP	no ok	okay and		unalignable
figshare-osce	RES0176	NEGATION_FLIP	havent	haven't		unalignable
figshare-osce	RES0176	NEGATION_FLIP	didnt	didn't		unalignable
figshare-osce	RES0176	NEGATION_FLIP	i	didn't		unalignable
figshare-osce	RES0176	NEGATION_FLIP	didnt	didn't		unalignable
figshare-osce	RES0176	NEGATION_FLIP	havent	haven't		unalignable
figshare-osce	RES0176	NUMERIC	30	thirty		unalignable
figshare-osce	RES0176	NEGATION_FLIP	no ok	yeah okay		unalignable
figshare-osce	RES0176	NEGATION_FLIP	dont	don't		unalignable
figshare-osce	RES0176	NEGATION_FLIP	havent ok	haven't okay		unalignable
figshare-osce	RES0177	NUMERIC	387	7		unalignable
figshare-osce	RES0177	NEGATION_FLIP	havent	haven't		unalignable
figshare-osce	RES0177	NEGATION_FLIP	hasnt	hasn't	you has'	1
figshare-osce	RES0177	NEGATION_FLIP	doesnt have	hasn't had		unalignable
figshare-osce	RES0177	NEGATION_FLIP	havent	haven't		unalignable
figshare-osce	RES0177	NEGATION_FLIP	hasnt	hasn't		unalignable
figshare-osce	RES0177	NEGATION_FLIP	hasnt	hasn't		unalignable
figshare-osce	RES0177	NEGATION_FLIP	doesnt thats	doesn't that's	this sor so	1
figshare-osce	RES0177	NEGATION_FLIP	hasnt ok	hasn't okay	okay uh have uh	1
figshare-osce	RES0177	NEGATION_FLIP	not		that	0
figshare-osce	RES0177	NEGATION_FLIP	didnt	didn't	not	0
figshare-osce	RES0177	NEGATION_FLIP	hasnt	hasn't	not have	0
figshare-osce	RES0177	LATERALITY	right uh		uh	0
figshare-osce	RES0177	NEGATION_FLIP	dont	don't		unalignable
figshare-osce	RES0177	NEGATION_FLIP	doesnt	hasn't		unalignable
figshare-osce	RES0177	NEGATION_FLIP	hasnt	hasn't		unalignable
figshare-osce	RES0177	NEGATION_FLIP	doesnt	doesn't	uh	1
figshare-osce	RES0177	NEGATION_FLIP	for five days and just keep monitoring his symptoms they should resolve in about 5 days when the course of antibiotics is complete if his condition gets worse like hes getting neurological deficits like weakness or seizures just take him to the er and if symptoms dont resolve in five to seven days we can do further work up or things like fungal infections or tb or things like that how does that sound that sounds great thank you ok yeah no problem		for five days uhm and just keep monitoring his symptoms they should resolve in about five days when the course of antibiotics uhm is complete if his condition gets worse like he is getting neurological deficits like weakness or seizures just take him to the er uhm and if his symptoms don't resolve in five to seven days we can do further workup for things like uh fungal infections or tb or things like that is that sound oka	1
figshare-osce	RES0177	NUMERIC	for five days and just keep monitoring his symptoms they should resolve in about 5 days when the course of antibiotics is complete if his condition gets worse like hes getting neurological deficits like weakness or seizures just take him to the er and if symptoms dont resolve in five to seven days we can do further work up or things like fungal infections or tb or things like that how does that sound that sounds great thank you ok yeah no problem		for five days uhm and just keep monitoring his symptoms they should resolve in about five days when the course of antibiotics uhm is complete if his condition gets worse like he is getting neurological deficits like weakness or seizures just take him to the er uhm and if his symptoms don't resolve in five to seven days we can do further workup for things like uh fungal infections or tb or things like that is that sound oka	0
figshare-osce	RES0178	NUMERIC	1st	first	first	0
figshare-osce	RES0178	NEGATION_FLIP	no	nope		unalignable
figshare-osce	RES0178	NEGATION_FLIP	no sputum	smoke skin		unalignable
figshare-osce	RES0178	NUMERIC	38	thirty-eight		unalignable
figshare-osce	RES0178	NUMERIC	8 ok	eight okay		unalignable
figshare-osce	RES0178	NEGATION_FLIP	doesnt mention	isn't mentioning		unalignable
figshare-osce	RES0178	NEGATION_FLIP	hasnt	hasn't		unalignable
figshare-osce	RES0178	NEGATION_FLIP	ah	no		unalignable
figshare-osce	RES0178	NEGATION_FLIP	hasnt	hasn't		unalignable
figshare-osce	RES0178	NEGATION_FLIP	wasnt	wasn't	was normal pregnancy	1
figshare-osce	RES0178	NEGATION_FLIP	eating is	he hasn't		unalignable
figshare-osce	RES0178	NEGATION_FLIP	isnt	isn't		unalignable
figshare-osce	RES0178	NEGATION_FLIP	hasnt	hasn't		unalignable
figshare-osce	RES0178	NEGATION_FLIP	there	hasn't		unalignable
figshare-osce	RES0178	NEGATION_FLIP	wasnt	wasn't	wasn't	0
figshare-osce	RES0178	NEGATION_FLIP	dont	don't		unalignable
figshare-osce	RES0178	NEGATION_FLIP	no	okay		unalignable
figshare-osce	RES0178	NEGATION_FLIP	dont	don't	worseintelligibletellig okay uhm	1
figshare-osce	RES0179	NUMERIC	20	twenty		unalignable
figshare-osce	RES0179	NUMERIC	30	thirty		unalignable
figshare-osce	RES0179	NUMERIC	20	twenty		unalignable
figshare-osce	RES0179	NUMERIC	30	thirty		unalignable
figshare-osce	RES0179	NUMERIC	200	hundred		unalignable
figshare-osce	RES0179	NUMERIC	170s	seventies		unalignable
figshare-osce	RES0179	NEGATION_FLIP	havent	haven't	not uh	0
figshare-osce	RES0179	NEGATION_FLIP	doesnt	doesn't	not	0
figshare-osce	RES0179	NEGATION_FLIP	didnt	didn't		unalignable
figshare-osce	RES0179	NEGATION_FLIP	dont	don't		unalignable
figshare-osce	RES0179	NUMERIC	5	five		unalignable
figshare-osce	RES0179	NUMERIC	10	ten	to 10 years ago now	1
figshare-osce	RES0179	NUMERIC	60	sixty	s60	0
figshare-osce	RES0179	NUMERIC	2	two	the to toxigoh okay said	0
figshare-osce	RES0179	NEGATION_FLIP	dont	don't		unalignable
figshare-osce	RES0179	NEGATION_FLIP	no i dont think so no ok how about travel ive been		no so no okay have travelu good uhtellible	1
figshare-osce	RES0179	NEGATION_FLIP	was	don't		unalignable
figshare-osce	RES0179	LATERALITY	just like well really worried that i i could have lung cancer yeah for sure so that is quite high on my differential right now just because of your age your smoking history and just the way youre presenting so were gonna do a couple of things were going to do a covid swab just to rule that out you should hear back in about 24 to 48 hours but we will do investigations for lung cancer so well start by doing a chest xray just to look for a mass or effusions and then from there if we		just uh really wu to the lung cancer yeah for sure so uhm that is quite high on my differential right now just because of your age or smoking history and just the way are presenting uhm so we are going to do a couple of things we are going to do a covid swab just to rule that out uh you should hear back in about 24 to 48 hours uh but we will do investigations for lung cancer so we will start by doing a chest x-ray uh just to look for uh a mass or effusions and then fromro there if we think there are signs of cancer we can do a ct	1
figshare-osce	RES0179	NUMERIC	just like well really worried that i i could have lung cancer yeah for sure so that is quite high on my differential right now just because of your age your smoking history and just the way youre presenting so were gonna do a couple of things were going to do a covid swab just to rule that out you should hear back in about 24 to 48 hours but we will do investigations for lung cancer so well start by doing a chest xray just to look for a mass or effusions and then from there if we		just uh really wu to the lung cancer yeah for sure so uhm that is quite high on my differential right now just because of your age or smoking history and just the way are presenting uhm so we are going to do a couple of things we are going to do a covid swab just to rule that out uh you should hear back in about 24 to 48 hours uh but we will do investigations for lung cancer so we will start by doing a chest x-ray uh just to look for uh a mass or effusions and then fromro there if we think there are signs of cancer we can do a ct	1
figshare-osce	RES0179	NEGATION_FLIP	that we can talk about treatment plans and kind of what the prognosis is with those particular types of cancers how does that sound yeah that sounds great thank you so much ok yeah no problem		cancer so that we can talk about uhm treatment plans and kind of what the prognosis is with those particular types of cancers uh how that okay he had no problem	1
figshare-osce	RES0180	NUMERIC	2	two		unalignable
figshare-osce	RES0180	NUMERIC	1st	first		unalignable
figshare-osce	RES0180	NEGATION_FLIP	havent	haven't		unalignable
figshare-osce	RES0180	NEGATION_FLIP	havent	haven't		unalignable
figshare-osce	RES0180	NEGATION_FLIP	havent	haven't	and heade to101 tlenol	1
figshare-osce	RES0180	NUMERIC	one	1		unalignable
figshare-osce	RES0180	NUMERIC	a four	4 it's		unalignable
figshare-osce	RES0180	NEGATION_FLIP	havent	haven't	e b	1
figshare-osce	RES0180	NEGATION_FLIP	havent	haven't		unalignable
figshare-osce	RES0180	NEGATION_FLIP	nothing	anything	okay	0
figshare-osce	RES0180	NEGATION_FLIP	havent	haven't		unalignable
figshare-osce	RES0180	NEGATION_FLIP	didnt	didn't		unalignable
figshare-osce	RES0180	NEGATION_FLIP	have	haven't		unalignable
figshare-osce	RES0180	NUMERIC	any	2015		unalignable
figshare-osce	RES0180	NUMERIC	achey	80		unalignable
figshare-osce	RES0180	NEGATION_FLIP	havent	haven't		unalignable
figshare-osce	RES0180	NEGATION_FLIP	dont	don't	what don'	1
figshare-osce	RES0180	NEGATION_FLIP	no ok	okay uh		unalignable
figshare-osce	RES0180	NEGATION_FLIP	i	don't		unalignable
figshare-osce	RES0180	NEGATION_FLIP	uhm alright i think those are all the questions that i had for you did you have any questions of your own for myself i was just well worried about covid and was just wondering what i should do yeah for sure so we are youre a lot of your symptoms do overlap with those of covid so we are going to take a swab today and you should hear back in about 24 to 48 hours but you should isolate for 14 days and that includes from family family members if possible uhm and basically just keep an eye on your symptoms if they get worse or youre having like neurological symptoms you should seek help from the er but otherwise keep yourself hydrated eat well if you have a humidifier in the basement use it and for your fevers you can take antipyretics like tylenol and just its its just a lot of supportive care how does that sound and obviously like if your symptoms arent going away after like a few weeks call us back and it could be something like bacterial in which case we can give you some antibiotics ok yeah that sounds great thank you yeah no problem		alright i think those are all the questions that i have to you did you have any questions if you own for myself uh i was just uh well worried aboutu covid and was just wondering what i should do yah for sure soo we uh you a lot your symptoms to overlap with those of covid so we are going to take uh a swab today and you should hear back in about 24 to 48 hours but you should isolate for 14 days uh and that includes from family me- family members if possible uh and basically just keep an eye on your symptoms if they get worse or you having like neurological symptoms she should seek help from the er but otherwise keep herself hydrated eat well uh if she have a humidi quire and the basement use it and your fever you can take antipyretics like tylenol uh and just its it just a lot of supportive care uhm have that sound and obviously like if if your symptoms are going away after like a few weeks uh call us back and uh could be something like bacterial in which case we can give you some antibiotics telligible problem	0
figshare-osce	RES0180	NUMERIC	uhm alright i think those are all the questions that i had for you did you have any questions of your own for myself i was just well worried about covid and was just wondering what i should do yeah for sure so we are youre a lot of your symptoms do overlap with those of covid so we are going to take a swab today and you should hear back in about 24 to 48 hours but you should isolate for 14 days and that includes from family family members if possible uhm and basically just keep an eye on your symptoms if they get worse or youre having like neurological symptoms you should seek help from the er but otherwise keep yourself hydrated eat well if you have a humidifier in the basement use it and for your fevers you can take antipyretics like tylenol and just its its just a lot of supportive care how does that sound and obviously like if your symptoms arent going away after like a few weeks call us back and it could be something like bacterial in which case we can give you some antibiotics ok yeah that sounds great thank you yeah no problem		alright i think those are all the questions that i have to you did you have any questions if you own for myself uh i was just uh well worried aboutu covid and was just wondering what i should do yah for sure soo we uh you a lot your symptoms to overlap with those of covid so we are going to take uh a swab today and you should hear back in about 24 to 48 hours but you should isolate for 14 days uh and that includes from family me- family members if possible uh and basically just keep an eye on your symptoms if they get worse or you having like neurological symptoms she should seek help from the er but otherwise keep herself hydrated eat well uh if she have a humidi quire and the basement use it and your fever you can take antipyretics like tylenol uh and just its it just a lot of supportive care uhm have that sound and obviously like if if your symptoms are going away after like a few weeks uh call us back and uh could be something like bacterial in which case we can give you some antibiotics telligible problem	1
figshare-osce	RES0181	NEGATION_FLIP	doesnt	doesn't		unalignable
figshare-osce	RES0181	NEGATION_FLIP	dont	don't		unalignable
figshare-osce	RES0181	NUMERIC	388 ok	8 okay		unalignable
figshare-osce	RES0181	NEGATION_FLIP	no ok			unalignable
figshare-osce	RES0181	NEGATION_FLIP	no	okay		unalignable
figshare-osce	RES0181	NEGATION_FLIP	cough no coughing ok			unalignable
figshare-osce	RES0181	NEGATION_FLIP	dont	haven't		unalignable
figshare-osce	RES0181	NUMERIC	10	ten		unalignable
figshare-osce	RES0181	NEGATION_FLIP	not			unalignable
figshare-osce	RES0181	NUMERIC	2	two		unalignable
figshare-osce	RES0181	NEGATION_FLIP	dont	don't		unalignable
figshare-osce	RES0181	NEGATION_FLIP	dont	don't		unalignable
figshare-osce	RES0181	LATERALITY	i guess thats it thats what i yeah well well start with with that now and it could potentially be something like uhm a viral illness but thats lower on the on the differential then the bacterial infection is right now and because of coviit will be well do a swab as well because people can get fever and sore throat with with covias well ok so just to make sure that were being comprehensive ok that sounds good thank you so much thank you		yeah i guess that is that is whatuh yeah will we will start with with that now uh and uh could potentially be uh something like uh a a viral illness but that is lower on the on the uh differential than the bacterial infection is uh uh right now and because of covid uh it will be we will do a swab as well because uh people can get fever and sore throat with uh with covid as well uh so just to make sure that we are being uh uh comprehensive thank	1
figshare-osce	RES0182	NEGATION_FLIP	didnt	didn't		unalignable
figshare-osce	RES0182	NUMERIC	2	two	two	0
figshare-osce	RES0182	NUMERIC	30	thirty	about 30 pounds in the past past like	1
figshare-osce	RES0182	NUMERIC	8	eight	eight	0
figshare-osce	RES0182	NEGATION_FLIP	no and	and uh		unalignable
figshare-osce	RES0182	NEGATION_FLIP	dont	don't		unalignable
figshare-osce	RES0182	NEGATION_FLIP	nothing	nothing's		unalignable
figshare-osce	RES0182	NEGATION_FLIP	dont ok	don't okay		unalignable
figshare-osce	RES0182	NEGATION_FLIP	any cancers in the family no no cancers i see alright did you have any other questions for me today i think that was everything i wanted to ask about for now ah no what do you like what do you think i have and how do you think i should treat it so uh yeah its sounding like like it could be tuberculosis based on the kind of timeline of your symptoms and so and cough and hemoptysis and so well do a test for that like an acid fast test of the sputum get a chest x ray and if it is tuberculosis it will require a prolonged course of antibiotics so that ill be over several months umm and so i well get the infectious disease team involved to help kind of guide our management with the appropriate antibiotic choice if it does come back to be tuberculosis ok ok that sounds good thank you		any cancers in the family unintelligible alright uhm did you have any other questions for me today i think that was everything i wanted to ask you about for now so uhuah is sounding uh like like this could be tuberculosis uh based on the the kind of timeline of your symptoms and so and uh cough and hemoptysis and so we will do a somet test for that uh make it acid fast uh test of the sputum uh get a chest x-ray uh and if it is tuberculosis it will require uh a prolonged course of u antibiotics uhm so that that will be over several months uh and so uh we will get the infectious disease team involved to help kind of guide our management with the appropriate antibiotic choice if it uh does come back to beuh tuberculosis	0
figshare-osce	RES0183	NEGATION_FLIP	no	homophysis	no hemoptysis no	1
figshare-osce	RES0183	NEGATION_FLIP	doesnt	doesn't	uh do not s	0
figshare-osce	RES0183	NEGATION_FLIP	havent	haven't		unalignable
figshare-osce	RES0183	NEGATION_FLIP	doesnt	didn't		unalignable
figshare-osce	RES0183	NEGATION_FLIP	dont	don't		unalignable
figshare-osce	RES0183	NEGATION_FLIP	hasnt	hasn't		unalignable
figshare-osce	RES0183	NEGATION_FLIP	dont	don't		unalignable
figshare-osce	RES0183	NEGATION_FLIP	hasnt	hasn't		unalignable
figshare-osce	RES0183	NEGATION_FLIP	hasnt ok	hasn't okay		unalignable
figshare-osce	RES0183	NUMERIC	387	7		unalignable
figshare-osce	RES0183	NEGATION_FLIP	hasnt	hasn't		unalignable
figshare-osce	RES0183	NEGATION_FLIP	hasnt	hasn't		unalignable
figshare-osce	RES0183	NEGATION_FLIP	no no complications	complications all right	complication lright	0
figshare-osce	RES0183	NEGATION_FLIP	uh no	i know		unalignable
figshare-osce	RES0184	NEGATION_FLIP	doesnt	doesn't		unalignable
figshare-osce	RES0184	NEGATION_FLIP	havent	haven't		unalignable
figshare-osce	RES0184	NEGATION_FLIP	uhm no sore throat			unalignable
figshare-osce	RES0184	NEGATION_FLIP	dont	don't		unalignable
figshare-osce	RES0184	NEGATION_FLIP	no			unalignable
figshare-osce	RES0184	NEGATION_FLIP	dont ok	don't okay	don't okay	0
figshare-osce	RES0185	NEGATION_FLIP	not			unalignable
figshare-osce	RES0185	NEGATION_FLIP	havent	haven't	in' see	1
figshare-osce	RES0185	NEGATION_FLIP	is	isn't	throatu isn'	1
figshare-osce	RES0185	NEGATION_FLIP	dont	don't		unalignable
figshare-osce	RES0185	NUMERIC	night	eight	uh chills or night sweats no no	1
figshare-osce	RES0185	NEGATION_FLIP	no ok	okay um	uh chills or night sweats no no okay uh	1
figshare-osce	RES0185	NEGATION_FLIP	havent	haven't		unalignable
figshare-osce	RES0185	NEGATION_FLIP	nausea or	not your	nausea or vomiting no no	0
figshare-osce	RES0185	NEGATION_FLIP	no	okay	nausea or vomiting no no	1
figshare-osce	RES0185	NEGATION_FLIP	no	nope	any changes in your urine no no pain with urination	1
figshare-osce	RES0185	NEGATION_FLIP	havent	haven't		unalignable
figshare-osce	RES0185	NEGATION_FLIP	dont dont	don't don't		unalignable
figshare-osce	RES0185	NEGATION_FLIP	havent	haven't	am healthy	1
figshare-osce	RES0185	NEGATION_FLIP	havent ok thats	haven't okay that's	okay that's it	1
figshare-osce	RES0185	NEGATION_FLIP	nope	no	non't have recreationalugs uh	1
figshare-osce	RES0185	NEGATION_FLIP	dont	don't		unalignable
figshare-osce	RES0185	NEGATION_FLIP	am	don't		unalignable
figshare-osce	RES0185	NEGATION_FLIP	wasnt	wasn't		unalignable
figshare-osce	RES0185	NEGATION_FLIP	ok alright no	all right so		unalignable
figshare-osce	RES0185	NEGATION_FLIP	hardwood or like kind of ceramic flooring so there arent many carpets and things like that so i guess no no ok alright and those were kind of all the questions that i had did you have anything to add or anything you wanted to discuss today no i was just i wondering what might be going on its been a few days yeah for sure uhm so it sounds like you may have a viral infection and because your symptoms overlap with those of covid we will do a covid swab on you just to rule that out uhm but from the sounds of what your symptoms are it it is most likely to be a common cold in which case you can just manage it with a lot of hydration nutrition good sleep but if your symptoms get worse or theyre not going away after a couple of weeks or youre having neurological deficits like weakness or seizures you should get help from the er does that sound ok yeah for sure i havent had any any symptoms like that so so far so thats good yeah for sure alright take care take care thank you		uh uninintellig c things like that so uhunt so no okay alright u and those were kind of all the questions that i had did you have anything to add or anything you want to discuss today uhm th was just what wonder what might be going on unintelligible a fews yeahun sure uh so it sounds like uhm you may have a viral infection uhm and because your symptoms overlo with those of covid we will do a covid swab on you just to rule that out uhm but uhm from the sounds of what your symptoms are it it it is most likely to be a common cold in which case you can just manage it with u lot of hydration nutrition good sleep uhm but if your symptoms get worse or uh they not go in the way after a couple weeks uhm or having neurological deficits like weakness or seizures uh you should get help from the er does that sound okay uh su without any any symptoms like that so unintelligible are uhm alright take ca unintelligible patname	1
figshare-osce	RES0186	NUMERIC	38 point	thirty eight		unalignable
figshare-osce	RES0186	NUMERIC	5 ok	five okay	5	1
figshare-osce	RES0186	NEGATION_FLIP	havent	haven't		unalignable
figshare-osce	RES0186	NEGATION_FLIP	havent	haven't		unalignable
figshare-osce	RES0186	NEGATION_FLIP	ok no	okay a	kay no runny nose	1
figshare-osce	RES0186	NEGATION_FLIP	havent	haven't		unalignable
figshare-osce	RES0186	NEGATION_FLIP	i	haven't		unalignable
figshare-osce	RES0186	NEGATION_FLIP	dont	don't		unalignable
figshare-osce	RES0186	NEGATION_FLIP	havent	haven't		unalignable
figshare-osce	RES0186	NEGATION_FLIP	havent	haven't		unalignable
figshare-osce	RES0186	NEGATION_FLIP	now that	no but		unalignable
figshare-osce	RES0186	NEGATION_FLIP	havent ive	haven't i've		unalignable
figshare-osce	RES0186	NEGATION_FLIP	havent	haven't		unalignable
figshare-osce	RES0186	NEGATION_FLIP	havent	haven't		unalignable
figshare-osce	RES0186	NEGATION_FLIP	no	i've		unalignable
figshare-osce	RES0186	NEGATION_FLIP	dont	don't		unalignable
figshare-osce	RES0186	NEGATION_FLIP	no		no no allergies	1
figshare-osce	RES0186	NEGATION_FLIP	dont	don't	don't	0
figshare-osce	RES0186	NEGATION_FLIP	dont	don't		unalignable
figshare-osce	RES0186	NEGATION_FLIP	dont	don't		unalignable
figshare-osce	RES0186	NEGATION_FLIP	uh nobodys	no nobody's		unalignable
figshare-osce	RES0186	NEGATION_FLIP	dont	don't		unalignable
figshare-osce	RES0186	NEGATION_FLIP	dont	don't		unalignable
figshare-osce	RES0186	NEGATION_FLIP	so thats kind of top on my list right now to rule out so we will do a covid swab and you should hear back in about 24 to 48 hours with those results in the meantime you should isolate for for about 14 days and if your symptoms get worse go to the er and if youre experiencing things like weakness seizures like and youre not getting any better in a couple of weeks or you feel dehydrated otherwise supportive care at home keeping yourself hydrated eating well sleeping well all of those will definitely help as well does that sound ok yeah it does thank you ok yeah no problem		top on my list right now uh to rule out so we will do a covid swab and you should hear back in about 24 to 48 hours with those results uh in the meantime he you should isolate for for about 14 days uh and if your symptoms get worse go to the er uh if you are experiencing things like uh weakness seizures like uh and you not getting any better in a couple of weeks or you feel dehydrated uh otherwise supportive care at home keeping herself hydrated eating well sleeping well a of those will definitely help as well s that's not okayuntelligible okay he had no problem	1
figshare-osce	RES0186	LATERALITY	so thats kind of top on my list right now to rule out so we will do a covid swab and you should hear back in about 24 to 48 hours with those results in the meantime you should isolate for for about 14 days and if your symptoms get worse go to the er and if youre experiencing things like weakness seizures like and youre not getting any better in a couple of weeks or you feel dehydrated otherwise supportive care at home keeping yourself hydrated eating well sleeping well all of those will definitely help as well does that sound ok yeah it does thank you ok yeah no problem		top on my list right now uh to rule out so we will do a covid swab and you should hear back in about 24 to 48 hours with those results uh in the meantime he you should isolate for for about 14 days uh and if your symptoms get worse go to the er uh if you are experiencing things like uh weakness seizures like uh and you not getting any better in a couple of weeks or you feel dehydrated uh otherwise supportive care at home keeping herself hydrated eating well sleeping well a of those will definitely help as well s that's not okayuntelligible okay he had no problem	1
figshare-osce	RES0186	NUMERIC	so thats kind of top on my list right now to rule out so we will do a covid swab and you should hear back in about 24 to 48 hours with those results in the meantime you should isolate for for about 14 days and if your symptoms get worse go to the er and if youre experiencing things like weakness seizures like and youre not getting any better in a couple of weeks or you feel dehydrated otherwise supportive care at home keeping yourself hydrated eating well sleeping well all of those will definitely help as well does that sound ok yeah it does thank you ok yeah no problem		top on my list right now uh to rule out so we will do a covid swab and you should hear back in about 24 to 48 hours with those results uh in the meantime he you should isolate for for about 14 days uh and if your symptoms get worse go to the er uh if you are experiencing things like uh weakness seizures like uh and you not getting any better in a couple of weeks or you feel dehydrated uh otherwise supportive care at home keeping herself hydrated eating well sleeping well a of those will definitely help as well s that's not okayuntelligible okay he had no problem	1
figshare-osce	RES0187	NEGATION_FLIP	i	haven't		unalignable
figshare-osce	RES0187	NEGATION_FLIP	dont	don't	thing some okay and it	1
figshare-osce	RES0187	NEGATION_FLIP	dont	don't		unalignable
figshare-osce	RES0187	NEGATION_FLIP	no ok	okay business	shortness of breath no no okay wzziness	1
figshare-osce	RES0187	NEGATION_FLIP	havent	haven't		unalignable
figshare-osce	RES0187	NEGATION_FLIP	no	nope	no taste or smell no	1
figshare-osce	RES0187	NEGATION_FLIP	was	wasn't	think taste a little bit today i realized i was	1
figshare-osce	RES0187	NEGATION_FLIP	uhm appetites	no appetite's	uhm appetite changesunellible okay	1
figshare-osce	RES0187	NEGATION_FLIP	havent	haven't	u unintellig	1
figshare-osce	RES0187	NEGATION_FLIP	uh	no	medications are you on any uh no	0
figshare-osce	RES0187	NEGATION_FLIP	no ok			unalignable
figshare-osce	RES0187	NUMERIC	50s ok	fifties um	had a heart attack in his 50s uh	1
figshare-osce	RES0187	NEGATION_FLIP	uh no	i know		unalignable
figshare-osce	RES0187	NEGATION_FLIP	notnothing	nothing	nothing	0
figshare-osce	RES0187	NUMERIC	3	three	three	0
figshare-osce	RES0187	NUMERIC	4	four	four	0
figshare-osce	RES0187	NUMERIC	2	two	two	0
figshare-osce	RES0187	NEGATION_FLIP	uhm in	i haven't		unalignable
figshare-osce	RES0187	NEGATION_FLIP	not			unalignable
figshare-osce	RES0187	NEGATION_FLIP	dont	don't	dont want to get everyone	1
figshare-osce	RES0187	NEGATION_FLIP	travel recently no no ok and where do you live		and were you live right now	0
figshare-osce	RES0187	LATERALITY	now right now i just live in an apartment by myself just outside of london ok		you live right now we know just live uh in apartment by myself u uh just unintibleunintelligible okay	1
figshare-osce	RES0187	NEGATION_FLIP	dont think so i just wanted to see what this might be yeah for sure uhm so we are going to do a covid swab on you because a lot of your symptoms do align with those of covid so we just want to rule that out first so you should hear back in about 24 to 48 hours uhm in the meantime you should isolate for two weeks and if its not covid it could be another viral infection thats been going around this time of year either way kind of management plan is the same so make sure youre hydrated eat well sleep well and if your symptoms become worse severe or there any red flags like you have neurological symptoms like seizures or weakness where you can move your limbs you should seek help from the er how does that sound ok that sounds good thank you ok yeah no problem		don't think so i just wanted to see what this would beah for sure uhm so we are going to do a covid sw on you because a lot of your symptoms do lineign with those of covid so i just want to rle that out first uh so you should see her back in about 24 to 48 hours uh in the meantime you should isolate for two weeks uh and if it is not covid uhm it could be another viral infection s been going around this time of year either way uh kind of management plan is the same so will make sure you are hydrated eat well uh sleep well uh and if your symptoms become worse severe or if there are any ret flugs like you have neurological uhm symptoms like seizures or weakness where you can't move your limbs uhm uh you should seek help from the er is thatun unintelligible thank you okay had no problem	1
figshare-osce	RES0187	NUMERIC	dont think so i just wanted to see what this might be yeah for sure uhm so we are going to do a covid swab on you because a lot of your symptoms do align with those of covid so we just want to rule that out first so you should hear back in about 24 to 48 hours uhm in the meantime you should isolate for two weeks and if its not covid it could be another viral infection thats been going around this time of year either way kind of management plan is the same so make sure youre hydrated eat well sleep well and if your symptoms become worse severe or there any red flags like you have neurological symptoms like seizures or weakness where you can move your limbs you should seek help from the er how does that sound ok that sounds good thank you ok yeah no problem		don't think so i just wanted to see what this would beah for sure uhm so we are going to do a covid sw on you because a lot of your symptoms do lineign with those of covid so i just want to rle that out first uh so you should see her back in about 24 to 48 hours uh in the meantime you should isolate for two weeks uh and if it is not covid uhm it could be another viral infection s been going around this time of year either way uh kind of management plan is the same so will make sure you are hydrated eat well uh sleep well uh and if your symptoms become worse severe or if there are any ret flugs like you have neurological uhm symptoms like seizures or weakness where you can't move your limbs uhm uh you should seek help from the er is thatun unintelligible thank you okay had no problem	1
figshare-osce	RES0188	NEGATION_FLIP	hasnt	hasn't	hasn't	0
figshare-osce	RES0188	NUMERIC	385	5		unalignable
figshare-osce	RES0188	NEGATION_FLIP	i	nothing		unalignable
figshare-osce	RES0188	NEGATION_FLIP	havent	haven't		unalignable
figshare-osce	RES0188	NEGATION_FLIP	said	hasn't	ha	1
figshare-osce	RES0188	NEGATION_FLIP	dont	don't	don't	0
figshare-osce	RES0188	NUMERIC	5	five	uh probablyun okay	0
figshare-osce	RES0188	NUMERIC	6 5 or 6 ok	six five to six okay		unalignable
figshare-osce	RES0188	NEGATION_FLIP	no ok	okay okay	okay okay and uh uh he	0
figshare-osce	RES0188	NEGATION_FLIP	havent	haven't	haven't	0
figshare-osce	RES0188	NEGATION_FLIP	dont	don't		unalignable
figshare-osce	RES0188	NEGATION_FLIP	keep him hydrated uhm well also give him some antibiotics if if it turns out he has pneumonia yeah does that sound ok that sounds good thank you ok yeah no worries		will give him some extra oxygen and keep monitoring him and keep him hydrated uhm we will also give him some antibiotics if uh if it turns out he has pneumonia yeah uh does that okayun good than youy unintelligible	0
figshare-osce	RES0189	NEGATION_FLIP	cant	can't	canot	1
figshare-osce	RES0189	NEGATION_FLIP	cant	can't	can	1
figshare-osce	RES0189	NEGATION_FLIP	dont	don't	not	0
figshare-osce	RES0189	NEGATION_FLIP	dont	don't	not	0
figshare-osce	RES0189	NEGATION_FLIP	dont ok	don't okay	don't okay	0
figshare-osce	RES0189	NEGATION_FLIP	get like	can't blame	even at night i get like these chills that after wrap	1
figshare-osce	RES0189	NEGATION_FLIP	didnt	didn't	not	0
figshare-osce	RES0189	NEGATION_FLIP	no	okay	kay uh	0
figshare-osce	RES0189	NEGATION_FLIP	abdominal	no	no abdominal	0
figshare-osce	RES0189	NEGATION_FLIP	no	nope	any constipation no	1
figshare-osce	RES0189	NEGATION_FLIP	no	nope	no oh sorry	1
figshare-osce	RES0189	NEGATION_FLIP	havent	haven't	haven't	0
figshare-osce	RES0189	NEGATION_FLIP	cant	can't	can't	0
figshare-osce	RES0189	NEGATION_FLIP	like no			unalignable
figshare-osce	RES0190	NEGATION_FLIP	not		i have not	1
figshare-osce	RES0190	NEGATION_FLIP	havent	haven't	i have not	0
figshare-osce	RES0190	NUMERIC	384	4	4	0
figshare-osce	RES0190	NEGATION_FLIP	no	nope	you had any eye redness or eye discharge no any changes to your vision or hearing no	1
figshare-osce	RES0190	NEGATION_FLIP	no ok	nope okay	you had any eye redness or eye discharge no any changes to your vision or hearing no okay uh	1
figshare-osce	RES0190	NEGATION_FLIP	no	nope	any ear pain no	1
figshare-osce	RES0190	NUMERIC	5	five	five	0
figshare-osce	RES0190	NEGATION_FLIP	dont	don't		unalignable
figshare-osce	RES0190	NEGATION_FLIP	right now with no cough tonsillar exudate a fever also your age and the like swelling and redness that you notice in the back of your throat is likely a group a strep pharyngitis thats causing this and with your exposure to your brother who also received antibiotics could be potentially be a sick contact for you that you were around so this would require antibiotics as well for yourself and well do a rapid strep antigen test to check for this and wait on the result for that because it it still could possibly be a viral illness and so that passes negative and were thinking its a viral illness then we might hold off on antibiotics for now and monitor symptoms and if at any point things get worse like you start to get shortness of breath or your fevers getting worse and its not not being controlled then well reeassess the situation ok sounds good thank you so much thank you		now with no cough uh uh tonsillar exudate uh uh a fever uh also your age and the uh like swelling uh and redness that you noticed in the back of your throat is likely a group a strep pharyngitis that is causing this uh and with your exposure to your brother who also received antibiotics uh could be potentially be a sick contact for you that you were around so uh this would require antibiotics as well uh for yourself and we will do a rapid strep antigen test uh to check for this uh and wait on the the result for that uh because it it still could possibly be uh a viral illness and so that test is negative and we are thinking it is a viral illness then we might uh hold off on the antibiotics u for now and monitor sy oms and if at any point things get worse like you start to get shortness of breath or your fevers getting worse and it is not uh not being controlled then uh we will reassess the the situation okay it sounds good thank you so much thank you	1
figshare-osce	RES0190	LATERALITY	right now with no cough tonsillar exudate a fever also your age and the like swelling and redness that you notice in the back of your throat is likely a group a strep pharyngitis thats causing this and with your exposure to your brother who also received antibiotics could be potentially be a sick contact for you that you were around so this would require antibiotics as well for yourself and well do a rapid strep antigen test to check for this and wait on the result for that because it it still could possibly be a viral illness and so that passes negative and were thinking its a viral illness then we might hold off on antibiotics for now and monitor symptoms and if at any point things get worse like you start to get shortness of breath or your fevers getting worse and its not not being controlled then well reeassess the situation ok sounds good thank you so much thank you		now with no cough uh uh tonsillar exudate uh uh a fever uh also your age and the uh like swelling uh and redness that you noticed in the back of your throat is likely a group a strep pharyngitis that is causing this uh and with your exposure to your brother who also received antibiotics uh could be potentially be a sick contact for you that you were around so uh this would require antibiotics as well uh for yourself and we will do a rapid strep antigen test uh to check for this uh and wait on the the result for that uh because it it still could possibly be uh a viral illness and so that test is negative and we are thinking it is a viral illness then we might uh hold off on the antibiotics u for now and monitor sy oms and if at any point things get worse like you start to get shortness of breath or your fevers getting worse and it is not uh not being controlled then uh we will reassess the the situation okay it sounds good thank you so much thank you	0
figshare-osce	RES0191	NEGATION_FLIP	doesnt	doesn't	doesn' think	1
figshare-osce	RES0191	NEGATION_FLIP	doesnt	doesn't	doesn't i doesn'	0
figshare-osce	RES0191	NEGATION_FLIP	doesnt	doesn't	doesn't i doesn'	0
figshare-osce	RES0191	LATERALITY	right			unalignable
figshare-osce	RES0191	NEGATION_FLIP	no ok	okay um		unalignable
figshare-osce	RES0191	NEGATION_FLIP	uh nope	no okay		unalignable
figshare-osce	RES0191	NEGATION_FLIP	dont	don't		unalignable
figshare-osce	RES0191	NEGATION_FLIP	havent ok	haven't okay		unalignable
figshare-osce	RES0191	NEGATION_FLIP	dont	don't	don't	0
figshare-osce	RES0191	NEGATION_FLIP	dont	don't	don't	0
figshare-osce	RES0191	NUMERIC	55 ok uhm alright	fifty-five okay all right	uhm alright	0
figshare-osce	RES0191	NEGATION_FLIP	without fever and without like changes to smell and also without pain its most likely a viral rhinosinusitis uhm however this could have symptoms that overlap with with coviand so we will still end up doing a swab even though the most likely diagnosis is going to be a viral acute rhinosinusitis ok do you have any other questions no thank you or yeah thank you thank you		without fever and uh without uh uh like changes to smell and alsou without pain it is uh most likely a viral uh rhinosinusitis uh and uh however uh this could have symptoms that overlap with uh with covid uh and so we will still uh end up doing a a a swab even though the the most likely diagnosis is going to be a uh viral acute rhinosinusitis uhhoul you have any other questions	0
figshare-osce	RES0192	NEGATION_FLIP	wont	won't		unalignable
figshare-osce	RES0192	NUMERIC	2	two		unalignable
figshare-osce	RES0192	NEGATION_FLIP	uh	no	no	0
figshare-osce	RES0192	NEGATION_FLIP	um know	no it's	uhm no it's	0
figshare-osce	RES0192	NEGATION_FLIP	havent	haven't		unalignable
figshare-osce	RES0192	NEGATION_FLIP	havent	haven't	havet	1
figshare-osce	RES0192	NEGATION_FLIP	dont ok	don't okay	don't okay uh	0
figshare-osce	RES0193	NEGATION_FLIP	hasnt	hasn't	has not	0
figshare-osce	RES0193	NEGATION_FLIP	havent	haven't	not	0
figshare-osce	RES0193	NEGATION_FLIP	hasnt	hasn't	not	0
figshare-osce	RES0193	NUMERIC	30	thirty	like within 30 to	1
figshare-osce	RES0193	NUMERIC	60	sixty	60 minutes and	1
figshare-osce	RES0193	NEGATION_FLIP	dont	don't	don't	0
figshare-osce	RES0193	NEGATION_FLIP	hasnt	hasn't	not	0
figshare-osce	RES0193	NEGATION_FLIP	hasnt	hasn't	has not	0
figshare-osce	RES0193	NUMERIC	2 2	two two	to two	0
figshare-osce	RES0193	NEGATION_FLIP	didnt	didn't	not	0
figshare-osce	RES0193	NEGATION_FLIP	arent	aren't	aren'	1
figshare-osce	RES0193	LATERALITY	hes six years old right he is yes ok		is six years old right he yes okay	1
figshare-osce	RES0193	NUMERIC	hes six years old right he is yes ok		is six years old right he yes okay	1
figshare-osce	RES0193	NUMERIC	six he		he sicks he might be able to do that we we can try that	0
figshare-osce	RES0194	NEGATION_FLIP	dont	don't	don't	0
figshare-osce	RES0194	NEGATION_FLIP	dont	don't	not	0
figshare-osce	RES0194	NEGATION_FLIP	havent	haven't	not	0
figshare-osce	RES0194	NEGATION_FLIP	havent	haven't	not	0
figshare-osce	RES0194	NEGATION_FLIP	haven	haven't	have not	0
figshare-osce	RES0194	NEGATION_FLIP	dont	don't	don't	0
figshare-osce	RES0194	NEGATION_FLIP	i	haven't	have not	0
figshare-osce	RES0194	NEGATION_FLIP	nobody in	family who's	noted my fam has	0
figshare-osce	RES0194	NEGATION_FLIP	no	okay	no no no	1
figshare-osce	RES0194	NEGATION_FLIP	no ok um		no no no okay uh	1
figshare-osce	RES0194	NEGATION_FLIP	havent	haven't		unalignable
figshare-osce	RES0194	NEGATION_FLIP	dont	don't	don't	0
figshare-osce	RES0194	NEGATION_FLIP	don t	don't haven't	don't have nott	0
figshare-osce	RES0194	NEGATION_FLIP	hasnt shes	hasn't she's	she has	1
figshare-osce	RES0194	NUMERIC	3	three	three	0
figshare-osce	RES0194	NUMERIC	4	four	four	0
figshare-osce	RES0194	NEGATION_FLIP	with the cluster of symptoms that someone may get with covid so we will do a swab on you today and recommend that you isolate for two weeks until your symptoms have gone and the test result you will get you will get back in the next 24 to 48 hours and alongside your test results so you will also get further instructions from public health about whether or not you need another swab later on and when to return to work ok that yeah that sounds good thank you yeah no worries and it can definitely also be another viral infection as well even if its not covid in which case it just you just need to get some rest stay hydrated and let it take its course ok now that sounds that sounds good so it could be covid or like another viral illness yeah ok thank you welcome take care take care hey		with uh the cluster of symptoms that someone may get with covid so we will do a swab on you today uh and uh recommend that you isolate for two weeksuh until your symptoms have uh gone uh and the test result you will get you will get back in the next 24 to 48 hours and alongside your test results you will also get further instructions from public healtth about whether or not you need another swab later on and when to return to work okayh that unintelligible good thank you and always and it can definitely also be another viral infection as well even if it is not covid in which case it it just you just need to get some rest dehydrated uh and let it take its course okayu that unintelligible could be covid or i viral illness yeah okay thank you alname	1
figshare-osce	RES0194	NUMERIC	with the cluster of symptoms that someone may get with covid so we will do a swab on you today and recommend that you isolate for two weeks until your symptoms have gone and the test result you will get you will get back in the next 24 to 48 hours and alongside your test results so you will also get further instructions from public health about whether or not you need another swab later on and when to return to work ok that yeah that sounds good thank you yeah no worries and it can definitely also be another viral infection as well even if its not covid in which case it just you just need to get some rest stay hydrated and let it take its course ok now that sounds that sounds good so it could be covid or like another viral illness yeah ok thank you welcome take care take care hey		with uh the cluster of symptoms that someone may get with covid so we will do a swab on you today uh and uh recommend that you isolate for two weeksuh until your symptoms have uh gone uh and the test result you will get you will get back in the next 24 to 48 hours and alongside your test results you will also get further instructions from public healtth about whether or not you need another swab later on and when to return to work okayh that unintelligible good thank you and always and it can definitely also be another viral infection as well even if it is not covid in which case it it just you just need to get some rest dehydrated uh and let it take its course okayu that unintelligible could be covid or i viral illness yeah okay thank you alname	1
figshare-osce	RES0195	NUMERIC	2 3	two three	to three	0
figshare-osce	RES0195	NEGATION_FLIP	havent	haven't	haven't	0
figshare-osce	RES0195	NEGATION_FLIP	can	can't		unalignable
figshare-osce	RES0195	NEGATION_FLIP	dont	don't	don't	0
figshare-osce	RES0195	NEGATION_FLIP	didnt	didn't	didnes	1
figshare-osce	RES0195	NEGATION_FLIP	havent	haven't	haven't	0
figshare-osce	RES0195	NUMERIC	15	fifteen	lost about 15 pounds 15 pounds	1
figshare-osce	RES0195	NUMERIC	15	fifteen	lost about 15 pounds 15 pounds	1
figshare-osce	RES0195	NEGATION_FLIP	nope ok	no okay	uhm no okay	0
figshare-osce	RES0195	NEGATION_FLIP	didnt	didn't		unalignable
figshare-osce	RES0195	NUMERIC	one	1	type one	1
figshare-osce	RES0195	NEGATION_FLIP	an auto immune disease that affects the lungs so we need to rule out something like sarcoidosis which can cause fibrosis in your lungs and cause shortness of breath so just to work that up will get a chest x ray and also do some inflammatory marker tests like cresr and some other rheumatological tests as well and based on what comes back we may have to refer you to a rheumatologist for further management and treatment yeah so lets just do some of those tests 1st and then well go from there you have any questions no that sounds great thank you so much youre welcome and you may need depending on what we find steroid treatment today or until you see the rheumatologist ok alright take care you too		an auto immune uh disease that affects the lungs uh so we need to rule out something like uh sarcoidosis uh which can cause uh fibrosis in your lungs that ma cause uh shortness of breath so just to uh work that up we will get a chest x-ray and also do some uh inflammatory marker tests like crp esr and some other rheumatological tests as well uhm and based on what comes back uh we may have to refer you to a rheumatologist for further management and treatment the as also to do some of those tests first and then we will go from there you have any question than you so muchu and you may needuh depending on uh what we find u uh steroid treatment today or until you see the rheumatologist i i will take it a	0
figshare-osce	RES0195	NUMERIC	an auto immune disease that affects the lungs so we need to rule out something like sarcoidosis which can cause fibrosis in your lungs and cause shortness of breath so just to work that up will get a chest x ray and also do some inflammatory marker tests like cresr and some other rheumatological tests as well and based on what comes back we may have to refer you to a rheumatologist for further management and treatment yeah so lets just do some of those tests 1st and then well go from there you have any questions no that sounds great thank you so much youre welcome and you may need depending on what we find steroid treatment today or until you see the rheumatologist ok alright take care you too		an auto immune uh disease that affects the lungs uh so we need to rule out something like uh sarcoidosis uh which can cause uh fibrosis in your lungs that ma cause uh shortness of breath so just to uh work that up we will get a chest x-ray and also do some uh inflammatory marker tests like crp esr and some other rheumatological tests as well uhm and based on what comes back uh we may have to refer you to a rheumatologist for further management and treatment the as also to do some of those tests first and then we will go from there you have any question than you so muchu and you may needuh depending on uh what we find u uh steroid treatment today or until you see the rheumatologist i i will take it a	0
figshare-osce	RES0196	NUMERIC	shes 8	she's eight		unalignable
figshare-osce	RES0196	NUMERIC	388 and	eight um	8 and	0
figshare-osce	RES0196	NUMERIC	2 ok then	two okay and	twoka	0
figshare-osce	RES0196	NUMERIC	3	three	three	0
figshare-osce	RES0196	NEGATION_FLIP	doesnt	doesn't	not see much she has	0
figshare-osce	RES0196	NEGATION_FLIP	didnt	didn't		unalignable
figshare-osce	RES0196	NUMERIC	2	two	unintelligible uhm	0
figshare-osce	RES0196	NUMERIC	uh 388 388 ok ok and	8 38 8 okay okay has		unalignable
figshare-osce	RES0196	NEGATION_FLIP	wasnt going	hasn't gone	has' go	1
figshare-osce	RES0196	NUMERIC	4	four	fo	0
figshare-osce	RES0196	NUMERIC	one			unalignable
figshare-osce	RES0196	NEGATION_FLIP	hadnt	hadn't	hadn't	0
figshare-osce	RES0196	NUMERIC	4	four	four	0
figshare-osce	RES0196	NUMERIC	7	seven	seven	0
figshare-osce	RES0196	NEGATION_FLIP	didnt	didn't	didt	1
figshare-osce	RES0196	NEGATION_FLIP	ok uh and uh any anyone smoke in the house at all no no ok alright so those are all the questions i had for her today so definitely since there is a risk that she might be having another ear infection we will need to do like a full physical examination ill have to look into her ear to see if i see any inflammation or perforation and then based on that well discuss some management she may require some antibiotics like she has had before but that will depend on what i see on physical examination she has been having a fever so she might and its only been three days right so we may even do some conservative management and get her to take some maybe pain medications and then go from there or ear drops ok uh but yeah so well do the examination and then go from there she said she has besides the fever and that your pain shes not really having any other symptoms so i dont think she needs to get tested for covid right now but thats something we can consider as well if she develops other symptoms ok that sounds great thank you your welcome take care you too		and uh any anyone spoke in the hospital yeu okay uhm alright so those are all the questions that i had for uhm her today so definitely since there is a risk that she might be having another ear infection uh we will need to do like a full physical examination i will have to look into her ear to see uhm if i see any inflammation or perforation and then based on that uh we will discuss some management uhm she may require some uh antibiotics like she has had before uh but well depend on what uh i see on physical examination she has been having a fever so she might uh uhm and it has only been three days right so we may even uh do some conservative management and uhm get her to take some maybe pain medications and then go from there or ear drops uhm uh yeah so we will do the examination and then go from there uhm she since she has if had the fever and the ear pain she is not really having any other symptoms so uh i dont think she needs to get tested for covid right now but uh that is something we can consider as well if she develops other symptoms it	1
figshare-osce	RES0196	LATERALITY	ok uh and uh any anyone smoke in the house at all no no ok alright so those are all the questions i had for her today so definitely since there is a risk that she might be having another ear infection we will need to do like a full physical examination ill have to look into her ear to see if i see any inflammation or perforation and then based on that well discuss some management she may require some antibiotics like she has had before but that will depend on what i see on physical examination she has been having a fever so she might and its only been three days right so we may even do some conservative management and get her to take some maybe pain medications and then go from there or ear drops ok uh but yeah so well do the examination and then go from there she said she has besides the fever and that your pain shes not really having any other symptoms so i dont think she needs to get tested for covid right now but thats something we can consider as well if she develops other symptoms ok that sounds great thank you your welcome take care you too		and uh any anyone spoke in the hospital yeu okay uhm alright so those are all the questions that i had for uhm her today so definitely since there is a risk that she might be having another ear infection uh we will need to do like a full physical examination i will have to look into her ear to see uhm if i see any inflammation or perforation and then based on that uh we will discuss some management uhm she may require some uh antibiotics like she has had before uh but well depend on what uh i see on physical examination she has been having a fever so she might uh uhm and it has only been three days right so we may even uh do some conservative management and uhm get her to take some maybe pain medications and then go from there or ear drops uhm uh yeah so we will do the examination and then go from there uhm she since she has if had the fever and the ear pain she is not really having any other symptoms so uh i dont think she needs to get tested for covid right now but uh that is something we can consider as well if she develops other symptoms it	1
figshare-osce	RES0196	NUMERIC	ok uh and uh any anyone smoke in the house at all no no ok alright so those are all the questions i had for her today so definitely since there is a risk that she might be having another ear infection we will need to do like a full physical examination ill have to look into her ear to see if i see any inflammation or perforation and then based on that well discuss some management she may require some antibiotics like she has had before but that will depend on what i see on physical examination she has been having a fever so she might and its only been three days right so we may even do some conservative management and get her to take some maybe pain medications and then go from there or ear drops ok uh but yeah so well do the examination and then go from there she said she has besides the fever and that your pain shes not really having any other symptoms so i dont think she needs to get tested for covid right now but thats something we can consider as well if she develops other symptoms ok that sounds great thank you your welcome take care you too		and uh any anyone spoke in the hospital yeu okay uhm alright so those are all the questions that i had for uhm her today so definitely since there is a risk that she might be having another ear infection uh we will need to do like a full physical examination i will have to look into her ear to see uhm if i see any inflammation or perforation and then based on that uh we will discuss some management uhm she may require some uh antibiotics like she has had before uh but well depend on what uh i see on physical examination she has been having a fever so she might uh uhm and it has only been three days right so we may even uh do some conservative management and uhm get her to take some maybe pain medications and then go from there or ear drops uhm uh yeah so we will do the examination and then go from there uhm she since she has if had the fever and the ear pain she is not really having any other symptoms so uh i dont think she needs to get tested for covid right now but uh that is something we can consider as well if she develops other symptoms it	1
figshare-osce	RES0197	NUMERIC	5 ok	five okay	five okay	0
figshare-osce	RES0197	NEGATION_FLIP	doesnt	doesn't		unalignable
figshare-osce	RES0197	NEGATION_FLIP	havent	haven't	b okay uhm any uh	1
figshare-osce	RES0197	NEGATION_FLIP	haven t	haven't okay	haven't okay uh	0
figshare-osce	RES0197	NEGATION_FLIP	dont	don't	don't	0
figshare-osce	RES0198	NEGATION_FLIP	doesnt	doesn't	not	0
figshare-osce	RES0198	NEGATION_FLIP	dont	don't	don't	0
figshare-osce	RES0198	NEGATION_FLIP	nope	no	no	0
figshare-osce	RES0198	NEGATION_FLIP	no no			unalignable
figshare-osce	RES0198	NUMERIC	one	1		unalignable
figshare-osce	RES0198	NUMERIC	7 ok	seven okay		unalignable
figshare-osce	RES0198	NEGATION_FLIP	uh	no	no	0
figshare-osce	RES0198	NEGATION_FLIP	yeah	no	uh	1
figshare-osce	RES0198	NEGATION_FLIP	those were all the questions that i had for you today do you have any questions for me i yeah how do i get rid of this and its really been bugging me yeah it kind of so just a stuffy nose in the runny nose it seems like its most likely a viral infection like the common cold it takes a few weeks for the symptoms to get relieved but theres not much that we can do besides supportive care so make sure you get you stay well hydrated you can use over the counter medications uh like tylenol cold now if you to relieve some of your symptoms but since right now were in a pandemic some of these symptoms can also be seen in covid patients so we will also get a swab done for you today and you should have the results back by 48 hours um until then we recommend that you stay isolated in your own home and not see anyone else and then once the results come back youll get further instructions from public health ok that sounds great thank you your welcome take care you too bye		those were all the questions uh i had for you uh today you have any questions for me yeah kind of uh so just the stuffiness and the runny nose it seems like it is uh most likely a viral infection like the common cold uh it takes uh a few weeks for the symptoms to get relieved but there is not uh much that we can do beside supportive care so make sure you get uh you stay well hydrated uh you can use over-the-counter medications uh like tylenol cold uhm that if if you to relieve some of your symptoms but uh since right now we in a pandemic uh some of these symptoms can also be uh seen in covid patient so we will also get a swab done for you today and you should have the results back by 48 hours uh and until then uh we recommend that you stay isolated uh in your own home and not see anyone else uh and then once the results come back you will get further instructions from public health okay that great thank you untellible	1
figshare-osce	RES0198	LATERALITY	those were all the questions that i had for you today do you have any questions for me i yeah how do i get rid of this and its really been bugging me yeah it kind of so just a stuffy nose in the runny nose it seems like its most likely a viral infection like the common cold it takes a few weeks for the symptoms to get relieved but theres not much that we can do besides supportive care so make sure you get you stay well hydrated you can use over the counter medications uh like tylenol cold now if you to relieve some of your symptoms but since right now were in a pandemic some of these symptoms can also be seen in covid patients so we will also get a swab done for you today and you should have the results back by 48 hours um until then we recommend that you stay isolated in your own home and not see anyone else and then once the results come back youll get further instructions from public health ok that sounds great thank you your welcome take care you too bye		those were all the questions uh i had for you uh today you have any questions for me yeah kind of uh so just the stuffiness and the runny nose it seems like it is uh most likely a viral infection like the common cold uh it takes uh a few weeks for the symptoms to get relieved but there is not uh much that we can do beside supportive care so make sure you get uh you stay well hydrated uh you can use over-the-counter medications uh like tylenol cold uhm that if if you to relieve some of your symptoms but uh since right now we in a pandemic uh some of these symptoms can also be uh seen in covid patient so we will also get a swab done for you today and you should have the results back by 48 hours uh and until then uh we recommend that you stay isolated uh in your own home and not see anyone else uh and then once the results come back you will get further instructions from public health okay that great thank you untellible	1
figshare-osce	RES0198	NUMERIC	those were all the questions that i had for you today do you have any questions for me i yeah how do i get rid of this and its really been bugging me yeah it kind of so just a stuffy nose in the runny nose it seems like its most likely a viral infection like the common cold it takes a few weeks for the symptoms to get relieved but theres not much that we can do besides supportive care so make sure you get you stay well hydrated you can use over the counter medications uh like tylenol cold now if you to relieve some of your symptoms but since right now were in a pandemic some of these symptoms can also be seen in covid patients so we will also get a swab done for you today and you should have the results back by 48 hours um until then we recommend that you stay isolated in your own home and not see anyone else and then once the results come back youll get further instructions from public health ok that sounds great thank you your welcome take care you too bye		those were all the questions uh i had for you uh today you have any questions for me yeah kind of uh so just the stuffiness and the runny nose it seems like it is uh most likely a viral infection like the common cold uh it takes uh a few weeks for the symptoms to get relieved but there is not uh much that we can do beside supportive care so make sure you get uh you stay well hydrated uh you can use over-the-counter medications uh like tylenol cold uhm that if if you to relieve some of your symptoms but uh since right now we in a pandemic uh some of these symptoms can also be uh seen in covid patient so we will also get a swab done for you today and you should have the results back by 48 hours uh and until then uh we recommend that you stay isolated uh in your own home and not see anyone else uh and then once the results come back you will get further instructions from public health okay that great thank you untellible	1
figshare-osce	RES0199	NUMERIC	cough started first	coughs are worse	headache and cough startedunintelligible le	0
figshare-osce	RES0199	NEGATION_FLIP	doesnt	doesn't		unalignable
figshare-osce	RES0199	NUMERIC	7 ok uhm	seven okay um	seven okay uhm and timeline wise	0
figshare-osce	RES0199	NEGATION_FLIP	dont	don't	don't	0
figshare-osce	RES0199	NEGATION_FLIP	isnt	isn't	al right uhm	1
figshare-osce	RES0199	NEGATION_FLIP	ok only saying	okay no wheezing	kay no wheezing uh	0
figshare-osce	RES0199	NEGATION_FLIP	havent	no		unalignable
figshare-osce	RES0199	NEGATION_FLIP	dont	don't	don't	0
figshare-osce	RES0199	NEGATION_FLIP	no uh itchy eyes	nope itchy eye eye	vision or hearing no uh hi eye	1
figshare-osce	RES0199	NUMERIC	2	two	two	0
figshare-osce	RES0199	NEGATION_FLIP	havent	haven't		unalignable
figshare-osce	RES0199	NEGATION_FLIP	havent	haven't		unalignable
figshare-osce	RES0199	NEGATION_FLIP	i	don't	don't	0
figshare-osce	RES0199	NEGATION_FLIP	dont	don't	don't real or don't reallyn't	0
figshare-osce	RES0199	NEGATION_FLIP	dont	don't	don't real or don't reallyn't	0
figshare-osce	RES0199	NEGATION_FLIP	the only places i maybe have been in contact with someone is maybe at work in like the lunch room and things like that ok ok and sorry where do you work i work at a car dealership ok ok an any travel recently no ok has anyone at your work been sick as well no i havent really noticed anyone being sick ok ok well those were the questions that i had for you did you have any questions of your own for me no i i was just wondering what this can be um yeah so the first thing we want to rule out as covid because a lot of your symptoms overlap with those of covid so well take a swab and you should get those results in about 24 to 48 hours in the meantime you should isolate for 14 days and if your results are positive public health will be in touch with you to do some contact tracing but if its not covid it could be another viral illness thats going around this time of year that could be causing similar symptoms as well but either way the management kind of is supportive so making sure youre well hydrated eating nutritious food sleeping well taking antipyretics like tylenol for fevers if you get any and you can also take tylenol or anseads for muscle ache joint pains anything like that does that sound ok yeah that sounds good thank you ok great no problem		home the only place is contact with someone may at work uh cardioversionder this can be so the first thing we want to rule out is covid because a lot her symptoms overintellig covid so will take aab and you should get those results in about 24 to 48 hours i the meantime you should isolate for 14 days uhm and uh if your results are positive public health will be in touch with you to do some contact tracing uh but it is not covid it could be another viral illness that's going around this time of year uh that could be causing similar symptoms as well butuh either way the management kind of ish supportive so making sure you are well hydrated eating nutritionious foods sleeping well uh taking antipyretics or tylenol for fevers if you get any and you can also take uhm tylenol or nsaids for muscle ache joint pains anything like that uhm does that sound okay look good no problem	1
figshare-osce	RES0199	NUMERIC	the only places i maybe have been in contact with someone is maybe at work in like the lunch room and things like that ok ok and sorry where do you work i work at a car dealership ok ok an any travel recently no ok has anyone at your work been sick as well no i havent really noticed anyone being sick ok ok well those were the questions that i had for you did you have any questions of your own for me no i i was just wondering what this can be um yeah so the first thing we want to rule out as covid because a lot of your symptoms overlap with those of covid so well take a swab and you should get those results in about 24 to 48 hours in the meantime you should isolate for 14 days and if your results are positive public health will be in touch with you to do some contact tracing but if its not covid it could be another viral illness thats going around this time of year that could be causing similar symptoms as well but either way the management kind of is supportive so making sure youre well hydrated eating nutritious food sleeping well taking antipyretics like tylenol for fevers if you get any and you can also take tylenol or anseads for muscle ache joint pains anything like that does that sound ok yeah that sounds good thank you ok great no problem		home the only place is contact with someone may at work uh cardioversionder this can be so the first thing we want to rule out is covid because a lot her symptoms overintellig covid so will take aab and you should get those results in about 24 to 48 hours i the meantime you should isolate for 14 days uhm and uh if your results are positive public health will be in touch with you to do some contact tracing uh but it is not covid it could be another viral illness that's going around this time of year uh that could be causing similar symptoms as well butuh either way the management kind of ish supportive so making sure you are well hydrated eating nutritionious foods sleeping well uh taking antipyretics or tylenol for fevers if you get any and you can also take uhm tylenol or nsaids for muscle ache joint pains anything like that uhm does that sound okay look good no problem	1
figshare-osce	RES0200	NEGATION_FLIP	dont	don't	do	1
figshare-osce	RES0200	NUMERIC	10	ten		unalignable
figshare-osce	RES0200	NEGATION_FLIP	i mean notice	i'm not seeing		unalignable
figshare-osce	RES0200	NEGATION_FLIP	cant	can't	can' reallych	1
figshare-osce	RES0200	NUMERIC	10	ten		unalignable
figshare-osce	RES0200	NEGATION_FLIP	no	nope	no confusion or memory loss no headaches no changes in	1
figshare-osce	RES0200	NEGATION_FLIP	no	nope	no confusion or memory loss no headaches no changes in	1
figshare-osce	RES0200	NEGATION_FLIP	no uhm	nope um	bowel movements no uh	1
figshare-osce	RES0200	NEGATION_FLIP	no	uh	urine no	1
figshare-osce	RES0200	NEGATION_FLIP	don t	haven't had		unalignable
figshare-osce	RES0200	NEGATION_FLIP	no any	nope um	sore throat no uh	1
figshare-osce	RES0200	NEGATION_FLIP	dont	don't		unalignable
figshare-osce	RES0200	NEGATION_FLIP	havent	haven't		unalignable
figshare-osce	RES0200	NEGATION_FLIP	no		notigue noa be	0
figshare-osce	RES0200	NEGATION_FLIP	no ok	nope okay	notigue noa be	0
figshare-osce	RES0200	NEGATION_FLIP	dont	don't	not	0
figshare-osce	RES0200	NEGATION_FLIP	didnt	didn't	rely okay while we will	1
figshare-osce	RES0200	NEGATION_FLIP	not	i		unalignable
figshare-osce	RES0200	NUMERIC	2	two		unalignable
figshare-osce	RES0200	NEGATION_FLIP	not			unalignable
figshare-osce	RES0200	NEGATION_FLIP	and shortness of breath and both of these things youve had for a while but now theyre getting worse and based on your past history of copi would say this sounds like a copexacerbation so for that we will start off with some basic blood work like cbc electrolytes your kidney function abg s as well as like a chest x ray and basically we should treat it were going to take your oxygen saturation an give you some extra oxygen if you need we ll continue to use your bronchodilators an and in addition to both of that will also give you some steroids as well as antibiotics and just to prevent any infections or if you already have it then it can help with that as well and because your symptoms somewhat overlap with those of covid will also do a covid swab just to make sure its not that and you should hear back about those results in 24 to 48 hours how does that sound that sounds good thank you ok yeah no problem		and shortness of breath and both of these things you have had for a while but now they are getting worse uh and based on your uhm past history of copd i would say this sounds like a copd exacerbation uh so for that uh we will start off with some basic blood work like uh cbc electrolytes kidney function abgs uh as well as like a chest x-ray uhm and basically tr to treat it we are go going to take your oxygen saturation and give you some extra oxygen if he needed uh we will continue to use your bronchodilators uhm and in addition to both of that we will also give you some steroids uh as well as antibiotics uh just to prevent any infections or if you already had it then it can help with as wellu and because symptoms somewhat over alock with those of covid we will also do a covid swab test to make sure it is not that and you should hear back uhm about those results in 24 to 48 hours how is that doound what good thank you okay he had no problem	1
figshare-osce	RES0200	NUMERIC	and shortness of breath and both of these things youve had for a while but now theyre getting worse and based on your past history of copi would say this sounds like a copexacerbation so for that we will start off with some basic blood work like cbc electrolytes your kidney function abg s as well as like a chest x ray and basically we should treat it were going to take your oxygen saturation an give you some extra oxygen if you need we ll continue to use your bronchodilators an and in addition to both of that will also give you some steroids as well as antibiotics and just to prevent any infections or if you already have it then it can help with that as well and because your symptoms somewhat overlap with those of covid will also do a covid swab just to make sure its not that and you should hear back about those results in 24 to 48 hours how does that sound that sounds good thank you ok yeah no problem		and shortness of breath and both of these things you have had for a while but now they are getting worse uh and based on your uhm past history of copd i would say this sounds like a copd exacerbation uh so for that uh we will start off with some basic blood work like uh cbc electrolytes kidney function abgs uh as well as like a chest x-ray uhm and basically tr to treat it we are go going to take your oxygen saturation and give you some extra oxygen if he needed uh we will continue to use your bronchodilators uhm and in addition to both of that we will also give you some steroids uh as well as antibiotics uh just to prevent any infections or if you already had it then it can help with as wellu and because symptoms somewhat over alock with those of covid we will also do a covid swab test to make sure it is not that and you should hear back uhm about those results in 24 to 48 hours how is that doound what good thank you okay he had no problem	1
figshare-osce	RES0201	LATERALITY	right did that start		that	0
figshare-osce	RES0201	NEGATION_FLIP	have	don't	u u un	1
figshare-osce	RES0201	NEGATION_FLIP	no i dont			unalignable
figshare-osce	RES0201	NEGATION_FLIP	havent	haven't		unalignable
figshare-osce	RES0201	NEGATION_FLIP	dont	don't	don't	0
figshare-osce	RES0201	LATERALITY	right	about		unalignable
figshare-osce	RES0201	NEGATION_FLIP	didnt	didn't		unalignable
figshare-osce	RES0201	NEGATION_FLIP	dont	don't		unalignable
figshare-osce	RES0201	NUMERIC	covid 19	covid-19 and	covid-19	0
figshare-osce	RES0202	NUMERIC	hes 5	he's five	iuntelled my sonintellible uh so he five uhm esstially	0
figshare-osce	RES0202	NUMERIC	1001 if	100 1	1 if	0
figshare-osce	RES0202	NUMERIC	five		had this cough and fever for the past five five days	1
figshare-osce	RES0202	NUMERIC	like 3 days	three days like	three three days	0
figshare-osce	RES0202	NEGATION_FLIP	havent	haven't		unalignable
figshare-osce	RES0202	NEGATION_FLIP	no			unalignable
figshare-osce	RES0202	NEGATION_FLIP	dont	don't		unalignable
figshare-osce	RES0202	NEGATION_FLIP	hasnt	hasn't	hasn't	0
figshare-osce	RES0202	NEGATION_FLIP	havent	haven't		unalignable
figshare-osce	RES0202	NEGATION_FLIP	havent	haven't		unalignable
figshare-osce	RES0202	NEGATION_FLIP	dont	don't	ok uh	1
figshare-osce	RES0202	NEGATION_FLIP	dont	don't		unalignable
figshare-osce	RES0202	NEGATION_FLIP	dont	don't		unalignable
figshare-osce	RES0202	NEGATION_FLIP	doesnt	doesn't		unalignable
figshare-osce	RES0202	NEGATION_FLIP	wasnt	wasn't		unalignable
figshare-osce	RES0202	NEGATION_FLIP	havent	haven't		unalignable
figshare-osce	RES0202	NEGATION_FLIP	haven	haven't		unalignable
figshare-osce	RES0202	NEGATION_FLIP	dont	don't		unalignable
figshare-osce	RES0202	NEGATION_FLIP	and	no		unalignable
figshare-osce	RES0202	NEGATION_FLIP	hasnt decided to like a vaccine	hasn't like besides his vaccine and		unalignable
figshare-osce	RES0202	NEGATION_FLIP	hasnt	hasn't		unalignable
figshare-osce	RES0202	NEGATION_FLIP	dont	don't		unalignable
figshare-osce	RES0202	NEGATION_FLIP	hasnt	hasn't		unalignable
figshare-osce	RES0202	NEGATION_FLIP	no ok			unalignable
figshare-osce	RES0202	NEGATION_FLIP	not			unalignable
figshare-osce	RES0202	NEGATION_FLIP	havent	hadn't	haven't	0
figshare-osce	RES0202	NEGATION_FLIP	dont	don't		unalignable
figshare-osce	RES0202	NEGATION_FLIP	dont	don't		unalignable
figshare-osce	RES0202	LATERALITY	sorry	right		unalignable
figshare-osce	RES0202	NEGATION_FLIP	it	doesn't	doesn'	1
figshare-osce	RES0202	NEGATION_FLIP	ok great yeah yeah no worries and i i should have mentioned if it was just the cough or if he was just short of breath or something like that and he didnt have the fever we would add other things like asthma to the list of things he could be worked up for but um right now it sounds like it sounds like an infection ok yeah thats good to know alright sounds great have a good day you too thanks		is thats i a go okayuntible youinelligible and should have mentioned uh if if it was just the cough or if he was just short of breath or something like that and he did not have the fever we would add thingings like asthma uh to the list of things he could be worked up for but uh right now it it sounds like it sounds like an infection unintelligible aalright sounds great haveve a good day	1
figshare-osce	RES0202	LATERALITY	ok great yeah yeah no worries and i i should have mentioned if it was just the cough or if he was just short of breath or something like that and he didnt have the fever we would add other things like asthma to the list of things he could be worked up for but um right now it sounds like it sounds like an infection ok yeah thats good to know alright sounds great have a good day you too thanks		is thats i a go okayuntible youinelligible and should have mentioned uh if if it was just the cough or if he was just short of breath or something like that and he did not have the fever we would add thingings like asthma uh to the list of things he could be worked up for but uh right now it it sounds like it sounds like an infection unintelligible aalright sounds great haveve a good day	1
figshare-osce	RES0203	NEGATION_FLIP	cant	can't	can't	0
figshare-osce	RES0203	NEGATION_FLIP	isnt	isn't	isn't	0
figshare-osce	RES0203	NEGATION_FLIP	can	can't	can't	0
figshare-osce	RES0203	NEGATION_FLIP	cant	can't	can't	0
figshare-osce	RES0203	NEGATION_FLIP	not			unalignable
figshare-osce	RES0203	NEGATION_FLIP	havent	haven't	haven't	0
figshare-osce	RES0203	NEGATION_FLIP	dont	don't	don't	0
figshare-osce	RES0203	NEGATION_FLIP	um	no	youell uh no noo uhm	0
figshare-osce	RES0203	NEGATION_FLIP	no	okay		unalignable
figshare-osce	RES0203	NEGATION_FLIP	havent	haven't		unalignable
figshare-osce	RES0203	NEGATION_FLIP	didnt	didn't	didn'tun see	1
figshare-osce	RES0204	NEGATION_FLIP	doesnt	doesn't		unalignable
figshare-osce	RES0204	NEGATION_FLIP	no			unalignable
figshare-osce	RES0204	NEGATION_FLIP	uh no	i know		unalignable
figshare-osce	RES0204	NEGATION_FLIP	i	didn't	did not	0
figshare-osce	RES0204	NEGATION_FLIP	didnt	didn't		unalignable
figshare-osce	RES0204	NEGATION_FLIP	didnt	didn't	not	0
figshare-osce	RES0204	NEGATION_FLIP	doesnt	doesn't	not	0
figshare-osce	RES0204	NEGATION_FLIP	doesnt	doesn't	does'	1
figshare-osce	RES0204	NUMERIC	four	four-year-old	four-year-old	0
figshare-osce	RES0204	NEGATION_FLIP	no			unalignable
figshare-osce	RES0204	NEGATION_FLIP	and does anyone smoke in the home nope no ok and what do you like to do for fun um i like playing with my friends i like playing video games oh cool so whats your favorite game i am playing rollercoaster tycoon oh cool that sounds like fun ok well hopefully we can get you back to feeling healthy so you can continue to play lots of roller coaster tycoon so i m going to go get the doctor that im working with im uh im wondering you know he might want to do a chest x ray and get a better look at whats going on there have you ever had an x ray before i dont think so no do you know what an x ray is a little bit yeah yeah its like taking picture of your body on the inside its pretty cool so it gives us an idea of whats going on in the inside also this really this part is kind of not so much fun but i think we should probably do a covid swab because were doing that with anyone that comes in with these symptoms lately and thats not a lot of fun we gotta stick something up your nose but i think that youre really brave and i think that youll be just fine with it ok ok so were going to arrange for these things and then i will come back with the doctor that im working with and well kind of talk about where to go from here ok that sounds good thank you guys for chatting with me yeah thank you thanks		picture of your body on the inside is pretty cool soide what going on at the inside really this part is kind of not so much fun but probably do a covida come with these symptoms lately and that not a lo of f i really brave and i think that you will just fine with that kay o arranged for things and back with	1
figshare-osce	RES0205	NEGATION_FLIP	doesnt	doesn't		unalignable
figshare-osce	RES0205	NEGATION_FLIP	never	ever		unalignable
figshare-osce	RES0205	NEGATION_FLIP	doesnt	doesn't		unalignable
figshare-osce	RES0205	NEGATION_FLIP	um	can't		unalignable
figshare-osce	RES0205	NEGATION_FLIP	don	don't		unalignable
figshare-osce	RES0205	NEGATION_FLIP	cant think	can't see		unalignable
figshare-osce	RES0205	NEGATION_FLIP	cant	can't		unalignable
figshare-osce	RES0205	NEGATION_FLIP	didnt	didn't		unalignable
figshare-osce	RES0205	NEGATION_FLIP	dont	don't		unalignable
figshare-osce	RES0205	NEGATION_FLIP	dont	don't		unalignable
figshare-osce	RES0206	NUMERIC	3	three	three	0
figshare-osce	RES0206	NEGATION_FLIP	didnt	didn't	not	0
figshare-osce	RES0206	NEGATION_FLIP	havent	haven't		unalignable
figshare-osce	RES0206	NEGATION_FLIP	havent	haven't	specly foruh copd exacerbation pe yearsned	1
figshare-osce	RES0206	NUMERIC	uhm 4 5	four or five		unalignable
figshare-osce	RES0206	NEGATION_FLIP	i	don't		unalignable
figshare-osce	RES0206	NEGATION_FLIP	no	nope		unalignable
figshare-osce	RES0206	NEGATION_FLIP	dont	don't		unalignable
figshare-osce	RES0206	NEGATION_FLIP	don	don't		unalignable
figshare-osce	RES0206	NUMERIC	1st	first		unalignable
figshare-osce	RES0206	NEGATION_FLIP	no			unalignable
figshare-osce	RES0206	NEGATION_FLIP	uh no i dont think so			unalignable
figshare-osce	RES0206	NEGATION_FLIP	dont	don't		unalignable
figshare-osce	RES0206	NEGATION_FLIP	nope	no		unalignable
figshare-osce	RES0206	NEGATION_FLIP	dont	don't		unalignable
figshare-osce	RES0206	NEGATION_FLIP	i quit once they said i have copi smoked 12 pack a day for probably 20 years ok ok and do you consume marijuana or any recreational drugs no ok uh alright well i guess one more question are there any lung diseases or heart conditions or cancers that run in the family no nothing that i can think of alright well thats those are all the questions i had for you i will now do it physical exam and look at your vitals and listen to your chest its likely that what you have right now is copexacerbation maybe just a like an infection that you got which worsened some of your copsymptoms we would also have to rule out covid so well be doing a covid swab and will decide based on the on your labs in your vital signs its instead of other things whether you need to stay in the er and be admitted or if you are good to go home i will also talk to my attending and will make those decisions together and come back and talk to you does that sound good to you yeah that sounds great thank you your welcome		uh we would also have to rule out covid so we will be doing a covid swab and uh we will decide based on the uh on your labs and your vital signs so other things whether you need to stay in the er and be admitted or if you are uh good to go home i will also talk to my attending and we will make those decisions uh together and come back and talk to you	0
figshare-osce	RES0206	LATERALITY	i quit once they said i have copi smoked 12 pack a day for probably 20 years ok ok and do you consume marijuana or any recreational drugs no ok uh alright well i guess one more question are there any lung diseases or heart conditions or cancers that run in the family no nothing that i can think of alright well thats those are all the questions i had for you i will now do it physical exam and look at your vitals and listen to your chest its likely that what you have right now is copexacerbation maybe just a like an infection that you got which worsened some of your copsymptoms we would also have to rule out covid so well be doing a covid swab and will decide based on the on your labs in your vital signs its instead of other things whether you need to stay in the er and be admitted or if you are good to go home i will also talk to my attending and will make those decisions together and come back and talk to you does that sound good to you yeah that sounds great thank you your welcome		uh we would also have to rule out covid so we will be doing a covid swab and uh we will decide based on the uh on your labs and your vital signs so other things whether you need to stay in the er and be admitted or if you are uh good to go home i will also talk to my attending and we will make those decisions uh together and come back and talk to you	0
figshare-osce	RES0206	NUMERIC	i quit once they said i have copi smoked 12 pack a day for probably 20 years ok ok and do you consume marijuana or any recreational drugs no ok uh alright well i guess one more question are there any lung diseases or heart conditions or cancers that run in the family no nothing that i can think of alright well thats those are all the questions i had for you i will now do it physical exam and look at your vitals and listen to your chest its likely that what you have right now is copexacerbation maybe just a like an infection that you got which worsened some of your copsymptoms we would also have to rule out covid so well be doing a covid swab and will decide based on the on your labs in your vital signs its instead of other things whether you need to stay in the er and be admitted or if you are good to go home i will also talk to my attending and will make those decisions together and come back and talk to you does that sound good to you yeah that sounds great thank you your welcome		uh we would also have to rule out covid so we will be doing a covid swab and uh we will decide based on the uh on your labs and your vital signs so other things whether you need to stay in the er and be admitted or if you are uh good to go home i will also talk to my attending and we will make those decisions uh together and come back and talk to you	0
figshare-osce	RES0207	NEGATION_FLIP	wasnt	wasn't		unalignable
figshare-osce	RES0207	NEGATION_FLIP	not	that		unalignable
figshare-osce	RES0207	NUMERIC	374	four		unalignable
figshare-osce	RES0207	NEGATION_FLIP	dont	don't		unalignable
figshare-osce	RES0207	NEGATION_FLIP	dont	don't		unalignable
figshare-osce	RES0207	NEGATION_FLIP	dont	don't		unalignable
figshare-osce	RES0207	NEGATION_FLIP	um i	i never		unalignable
figshare-osce	RES0207	NEGATION_FLIP	havent	haven't		unalignable
figshare-osce	RES0207	NEGATION_FLIP	havent	haven't		unalignable
figshare-osce	RES0207	NEGATION_FLIP	uh no ok	i know okay		unalignable
figshare-osce	RES0207	NEGATION_FLIP	dont ok	don't okay		unalignable
figshare-osce	RES0207	NEGATION_FLIP	havent ok	haven't okay		unalignable
figshare-osce	RES0207	NEGATION_FLIP	didnt	didn't		unalignable
figshare-osce	RES0207	NEGATION_FLIP	havent	haven't		unalignable
figshare-osce	RES0207	NEGATION_FLIP	no runny nose	or any knells		unalignable
figshare-osce	RES0207	NEGATION_FLIP	didnt	didn't		unalignable
figshare-osce	RES0207	NEGATION_FLIP	right ok so are you currently working i i am yeah what do you do for work i m an accountant ok cool are you working from home or still working out i m working from home yeah nice and thats sounds great ok and uh do you smoke i don t no do you drink alcohol on the weekends one or two class says a wine ok and did you use any other substances no i dont ok i think that about covers my questions for now so im gonna take everything we talked about im going to go over it with the doctor was working today and now well come back shortly and talk to you about the next steps if theres any tests we want to do or how we want to move forward with this so yeah thats great ok sure see you shortly		talk to you about the next step there any test w or with this	0
figshare-osce	RES0207	LATERALITY	right ok so are you currently working i i am yeah what do you do for work i m an accountant ok cool are you working from home or still working out i m working from home yeah nice and thats sounds great ok and uh do you smoke i don t no do you drink alcohol on the weekends one or two class says a wine ok and did you use any other substances no i dont ok i think that about covers my questions for now so im gonna take everything we talked about im going to go over it with the doctor was working today and now well come back shortly and talk to you about the next steps if theres any tests we want to do or how we want to move forward with this so yeah thats great ok sure see you shortly		talk to you about the next step there any test w or with this	0
figshare-osce	RES0207	NUMERIC	right ok so are you currently working i i am yeah what do you do for work i m an accountant ok cool are you working from home or still working out i m working from home yeah nice and thats sounds great ok and uh do you smoke i don t no do you drink alcohol on the weekends one or two class says a wine ok and did you use any other substances no i dont ok i think that about covers my questions for now so im gonna take everything we talked about im going to go over it with the doctor was working today and now well come back shortly and talk to you about the next steps if theres any tests we want to do or how we want to move forward with this so yeah thats great ok sure see you shortly		talk to you about the next step there any test w or with this	0
figshare-osce	RES0208	NEGATION_FLIP	cant	can't		unalignable
figshare-osce	RES0208	NEGATION_FLIP	dont	don't		unalignable
figshare-osce	RES0208	NEGATION_FLIP	cant	can't		unalignable
figshare-osce	RES0208	NEGATION_FLIP	havent	haven't		unalignable
figshare-osce	RES0208	NEGATION_FLIP	dont	don't		unalignable
figshare-osce	RES0208	NEGATION_FLIP	i	can't		unalignable
figshare-osce	RES0208	NEGATION_FLIP	dont	don't		unalignable
figshare-osce	RES0208	NEGATION_FLIP	cant	can't		unalignable
figshare-osce	RES0208	NEGATION_FLIP	dont know the	don't have a		unalignable
figshare-osce	RES0208	NEGATION_FLIP	didnt	didn't		unalignable
figshare-osce	RES0208	NEGATION_FLIP	havent	haven't		unalignable
figshare-osce	RES0208	NEGATION_FLIP	dont	don't		unalignable
figshare-osce	RES0208	NEGATION_FLIP	couldnt	couldn't		unalignable
figshare-osce	RES0208	NEGATION_FLIP	you are not			unalignable
figshare-osce	RES0208	NEGATION_FLIP	havent	haven't		unalignable
figshare-osce	RES0208	NEGATION_FLIP	dont	don't		unalignable
figshare-osce	RES0208	NEGATION_FLIP	havent	haven't		unalignable
figshare-osce	RES0208	NUMERIC	much	one		unalignable
figshare-osce	RES0208	NEGATION_FLIP	dont	don't		unalignable
figshare-osce	RES0208	NEGATION_FLIP	dont	don't		unalignable
figshare-osce	RES0208	NEGATION_FLIP	dont	don't		unalignable
figshare-osce	RES0208	NEGATION_FLIP	dont	don't		unalignable
figshare-osce	RES0208	NEGATION_FLIP	havent	haven't		unalignable
figshare-osce	RES0208	NEGATION_FLIP	wouldnt	wouldn't		unalignable
figshare-osce	RES0208	NEGATION_FLIP	ok have you	okay no not		unalignable
figshare-osce	RES0208	NEGATION_FLIP	pain in your belly no cause i i meant i haven t really been			unalignable
figshare-osce	RES0208	NEGATION_FLIP	dont	don't		unalignable
figshare-osce	RES0208	NEGATION_FLIP	didnt	didn't		unalignable
figshare-osce	RES0208	NEGATION_FLIP	didnt	didn't		unalignable
figshare-osce	RES0208	NEGATION_FLIP	no no ok	okay all right		unalignable
figshare-osce	RES0208	NEGATION_FLIP	arent that arent there that	don't they don't they're not		unalignable
figshare-osce	RES0208	NEGATION_FLIP	dont	don't		unalignable
figshare-osce	RES0208	NEGATION_FLIP	no	okay		unalignable
figshare-osce	RES0208	LATERALITY	wasn t heavily yes	i was down right		unalignable
figshare-osce	RES0208	NEGATION_FLIP	no			unalignable
figshare-osce	RES0208	NEGATION_FLIP	cant	can't		unalignable
figshare-osce	RES0208	NEGATION_FLIP	ray just to make sure or just to see if theres anything a infection that is settling in your chest and a covid swab and then uh go from there we ll decide whether you need to stay in the you need to stay in the hospital and if you can go home based on those results but if you are to go home we would request that you stay away from from everyone so including your wife try to self isolate as much as possible and your results should come out in 24 to 48 hours and then the public health nurse should tell you what to do if your results are positive ok ok no that sounds fair all right well lets do a physical exam and then go from there ok thank you youre welcome		just to make sure just to see if there is anything an infection that the settling in your ando then there will decide whether you need to stay in the ho toy in the hospital home based on those reult go home would requ you stay away from every inluding isolate as much as possible and should come out in 24 to 48 hours and the public health nur	0
figshare-osce	RES0208	NUMERIC	ray just to make sure or just to see if theres anything a infection that is settling in your chest and a covid swab and then uh go from there we ll decide whether you need to stay in the you need to stay in the hospital and if you can go home based on those results but if you are to go home we would request that you stay away from from everyone so including your wife try to self isolate as much as possible and your results should come out in 24 to 48 hours and then the public health nurse should tell you what to do if your results are positive ok ok no that sounds fair all right well lets do a physical exam and then go from there ok thank you youre welcome		just to make sure just to see if there is anything an infection that the settling in your ando then there will decide whether you need to stay in the ho toy in the hospital home based on those reult go home would requ you stay away from every inluding isolate as much as possible and should come out in 24 to 48 hours and the public health nur	1
figshare-osce	RES0209	NUMERIC	youre 10	you're ten		unalignable
figshare-osce	RES0209	NEGATION_FLIP	dont	don't	do'	1
figshare-osce	RES0209	NEGATION_FLIP	dont	don't		unalignable
figshare-osce	RES0209	NEGATION_FLIP	dont	don't		unalignable
figshare-osce	RES0209	NEGATION_FLIP	i guess	don't know		unalignable
figshare-osce	RES0209	NEGATION_FLIP	no			unalignable
figshare-osce	RES0209	NEGATION_FLIP	havent	haven't		unalignable
figshare-osce	RES0209	NEGATION_FLIP	no ok	though okay		unalignable
figshare-osce	RES0209	NEGATION_FLIP	dont	don't		unalignable
figshare-osce	RES0209	NEGATION_FLIP	no no ok			unalignable
figshare-osce	RES0209	NEGATION_FLIP	not			unalignable
figshare-osce	RES0209	NEGATION_FLIP	dont	don't		unalignable
figshare-osce	RES0209	NUMERIC	uh both we	um well three		unalignable
figshare-osce	RES0209	NEGATION_FLIP	well i guess we have goldfish oh ok those are cool pets does anyone in the house smoke no ok ok i think thats all my questions that i had for you today what do you like to do for fun oh im i like playing games online with my friends and and before covid we used to get together and have movie nights and play sports together it sounds really cool hopefully we can get this figured out for you so you dont have any you dont have to use your your medications every time you play sports cause thats no fun and no you should be able to enjoy that so so were going to try to get this sorted out for you im gonna go talk to the doctor and tell him everything or her everything that you said and yeah we ll come back and see you shortly hopefully maybe all you need is a little change to your medications and maybe it will be better be able to better control your asthma yeah that sounds great thank you thanks talking with me and well see you soon ok great thanks		my friend and before covid we used to get together and you do not have any you have to noo are goingy to getrt up for you i go talk to the door tell everything everything that you said and u you we will come back and see you shortly hopefully maybe only need is a little change to your medications and maybe will be better be able to better control your asthma th youunintellig ths	1
figshare-osce	RES0210	NEGATION_FLIP	in	didn't		unalignable
figshare-osce	RES0210	NEGATION_FLIP	didnt	didn't		unalignable
figshare-osce	RES0210	NEGATION_FLIP	have just happened	just haven't been		unalignable
figshare-osce	RES0210	NEGATION_FLIP	havent	haven't		unalignable
figshare-osce	RES0210	NUMERIC	1	one		unalignable
figshare-osce	RES0210	NEGATION_FLIP	never	okay		unalignable
figshare-osce	RES0210	NEGATION_FLIP	now theyve	no they've		unalignable
figshare-osce	RES0210	NEGATION_FLIP	dont	don't		unalignable
figshare-osce	RES0210	NEGATION_FLIP	havent	haven't		unalignable
figshare-osce	RES0211	NEGATION_FLIP	dont	don't		unalignable
figshare-osce	RES0211	NEGATION_FLIP	havent	haven't		unalignable
figshare-osce	RES0211	NEGATION_FLIP	havent	haven't		unalignable
figshare-osce	RES0211	NEGATION_FLIP	dont	don't		unalignable
figshare-osce	RES0211	NEGATION_FLIP	havent	haven't		unalignable
figshare-osce	RES0211	NEGATION_FLIP	you	no		unalignable
figshare-osce	RES0211	NEGATION_FLIP	dont	don't		unalignable
figshare-osce	RES0211	NEGATION_FLIP	dont	don't		unalignable
figshare-osce	RES0211	NEGATION_FLIP	i	don't		unalignable
figshare-osce	RES0211	NEGATION_FLIP	isnt	isn't		unalignable
figshare-osce	RES0211	NEGATION_FLIP	dont	don't		unalignable
figshare-osce	RES0211	NEGATION_FLIP	dont	don't		unalignable
figshare-osce	RES0211	NEGATION_FLIP	cant	can't		unalignable
figshare-osce	RES0211	NEGATION_FLIP	dont	don't		unalignable
figshare-osce	RES0211	NEGATION_FLIP	don	don't		unalignable
figshare-osce	RES0211	NEGATION_FLIP	no			unalignable
figshare-osce	RES0211	NEGATION_FLIP	havent	haven't		unalignable
figshare-osce	RES0211	NEGATION_FLIP	dont	don't		unalignable
figshare-osce	RES0211	NEGATION_FLIP	dont	don't		unalignable
figshare-osce	RES0211	NEGATION_FLIP	havent	haven't		unalignable
figshare-osce	RES0211	NEGATION_FLIP	havent	haven't		unalignable
figshare-osce	RES0211	LATERALITY	oh	right		unalignable
figshare-osce	RES0211	NEGATION_FLIP	had	hadn't		unalignable
figshare-osce	RES0211	NEGATION_FLIP	have	haven't		unalignable
figshare-osce	RES0211	NEGATION_FLIP	dont	don't		unalignable
figshare-osce	RES0211	NEGATION_FLIP	dont know	don't no		unalignable
figshare-osce	RES0211	NEGATION_FLIP	dont	don't		unalignable
figshare-osce	RES0212	NEGATION_FLIP	not			unalignable
figshare-osce	RES0212	NEGATION_FLIP	didnt	didn't		unalignable
figshare-osce	RES0212	NEGATION_FLIP	havent	haven't		unalignable
figshare-osce	RES0212	NEGATION_FLIP	i	don't		unalignable
figshare-osce	RES0212	NEGATION_FLIP	dont	don't		unalignable
figshare-osce	RES0212	NEGATION_FLIP	havent	haven't		unalignable
figshare-osce	RES0212	NEGATION_FLIP	ok and also	you didn't notice		unalignable
figshare-osce	RES0212	NEGATION_FLIP	havent	haven't		unalignable
figshare-osce	RES0212	NEGATION_FLIP	dont	don't		unalignable
figshare-osce	RES0212	NEGATION_FLIP	dont	don't		unalignable
figshare-osce	RES0212	NEGATION_FLIP	dont	don't		unalignable
figshare-osce	RES0212	NEGATION_FLIP	dont	don't		unalignable
figshare-osce	RES0212	NEGATION_FLIP	dont ok	don't okay		unalignable
figshare-osce	RES0212	NEGATION_FLIP	dont	don't		unalignable
figshare-osce	RES0212	NEGATION_FLIP	hasnt	hasn't		unalignable
figshare-osce	RES0212	NEGATION_FLIP	dont	don't		unalignable
figshare-osce	RES0212	NEGATION_FLIP	i	don't		unalignable
figshare-osce	RES0212	NEGATION_FLIP	you havent	i haven't		unalignable
figshare-osce	RES0212	NEGATION_FLIP	havent	haven't		unalignable
figshare-osce	RES0212	NEGATION_FLIP	dont	don't		unalignable
figshare-osce	RES0212	NEGATION_FLIP	dont	don't		unalignable
figshare-osce	RES0212	NUMERIC	2	two		unalignable
figshare-osce	RES0212	NUMERIC	one			unalignable
figshare-osce	RES0212	NEGATION_FLIP	dont	don't		unalignable
figshare-osce	RES0212	NUMERIC	5	five		unalignable
figshare-osce	RES0212	NUMERIC	6	six		unalignable
figshare-osce	RES0212	NUMERIC	2	two		unalignable
figshare-osce	RES0212	NEGATION_FLIP	dont	don't	do	1
figshare-osce	RES0212	NEGATION_FLIP	dont	don't		unalignable
figshare-osce	RES0213	NUMERIC	26	26-year-old		unalignable
figshare-osce	RES0213	NEGATION_FLIP	i	don't		unalignable
figshare-osce	RES0213	NUMERIC	a week and a half			unalignable
figshare-osce	RES0213	NEGATION_FLIP	dont	don't		unalignable
figshare-osce	RES0213	NEGATION_FLIP	hasnt	hasn't	hasn't	0
figshare-osce	RES0213	NEGATION_FLIP	dont	don't	don't	0
figshare-osce	RES0213	NEGATION_FLIP	dont	don't		unalignable
figshare-osce	RES0213	NEGATION_FLIP	dont	don't	don't	0
figshare-osce	RES0213	NEGATION_FLIP	dont	don't	don't	0
figshare-osce	RES0213	NEGATION_FLIP	havent	haven't	haven't	0
figshare-osce	RES0213	NEGATION_FLIP	dont	don't		unalignable
figshare-osce	RES0213	NUMERIC	smoked 5	smoke five		unalignable
figshare-osce	RES0213	NEGATION_FLIP	no			unalignable
figshare-osce	RES0213	NEGATION_FLIP	dont	don't	don't	0
figshare-osce	RES0213	NEGATION_FLIP	ok dont	okay don't	uhm	1
figshare-osce	RES0213	NEGATION_FLIP	havent	haven't	haven't	0
figshare-osce	RES0213	NEGATION_FLIP	havent	haven't	it	1
figshare-osce	RES0213	NEGATION_FLIP	dont	don't		unalignable
figshare-osce	RES0213	NEGATION_FLIP	havent	haven't		unalignable
figshare-osce	RES0213	NEGATION_FLIP	dont	don't		unalignable
figshare-osce	RES0213	NEGATION_FLIP	dont	don't		unalignable
figshare-osce	RES0213	NUMERIC	one ok	night okay		unalignable
figshare-osce	RES0214	NEGATION_FLIP	no			unalignable
figshare-osce	RES0214	NUMERIC	2	two	two	0
figshare-osce	RES0214	LATERALITY	right			unalignable
figshare-osce	RES0214	NEGATION_FLIP	doesnt	doesn't		unalignable
figshare-osce	RES0214	NEGATION_FLIP	uh	no		unalignable
figshare-osce	RES0214	NEGATION_FLIP	no ok alright ill	okay all right now		unalignable
figshare-osce	RES0214	NEGATION_FLIP	not			unalignable
figshare-osce	RES0214	NEGATION_FLIP	havent	haven't		unalignable
figshare-osce	RES0215	NUMERIC	8	eight-year-old	eight-year-old	0
figshare-osce	RES0215	NEGATION_FLIP	hasnt	hasn't	not	0
figshare-osce	RES0215	NEGATION_FLIP	wasnt	wasn't	not	0
figshare-osce	RES0215	NEGATION_FLIP	didnt	didn't		unalignable
figshare-osce	RES0215	NEGATION_FLIP	no			unalignable
figshare-osce	RES0215	NEGATION_FLIP	havent	haven't		unalignable
figshare-osce	RES0215	NEGATION_FLIP	didnt	didn't	not	0
figshare-osce	RES0215	NUMERIC	8	eight		unalignable
figshare-osce	RES0215	NUMERIC	8	eight		unalignable
figshare-osce	RES0215	NUMERIC	8 pounds	eight pains		unalignable
figshare-osce	RES0215	NUMERIC	8 pounds			unalignable
figshare-osce	RES0215	NEGATION_FLIP	no shes			unalignable
figshare-osce	RES0215	NEGATION_FLIP	hasnt	hasn't		unalignable
figshare-osce	RES0215	NEGATION_FLIP	havent	haven't		unalignable
figshare-osce	RES0215	NEGATION_FLIP	dont	don't		unalignable
figshare-osce	RES0215	NEGATION_FLIP	doesnt	doesn't		unalignable
figshare-osce	RES0215	NEGATION_FLIP	doesnt	doesn't		unalignable
figshare-osce	RES0215	NEGATION_FLIP	she	doesn't		unalignable
figshare-osce	RES0215	NUMERIC	one			unalignable
figshare-osce	RES0215	NEGATION_FLIP	doesnt	doesn't	you do	1
figshare-osce	RES0215	NEGATION_FLIP	no		medicationssion reation techno	0
figshare-osce	RES0215	NUMERIC	3	three		unalignable
figshare-osce	RES0216	NUMERIC	3	three	three	0
figshare-osce	RES0216	NUMERIC	3	three		unalignable
figshare-osce	RES0216	NEGATION_FLIP	theres not			unalignable
figshare-osce	RES0216	NEGATION_FLIP	cant	can't		unalignable
figshare-osce	RES0216	NEGATION_FLIP	havent	haven't		unalignable
figshare-osce	RES0216	NEGATION_FLIP	cant	can't		unalignable
figshare-osce	RES0216	NEGATION_FLIP	no	nope		unalignable
figshare-osce	RES0216	NEGATION_FLIP	dont	don't		unalignable
figshare-osce	RES0216	NEGATION_FLIP	dont	don't		unalignable
figshare-osce	RES0216	NEGATION_FLIP	havent	haven't		unalignable
figshare-osce	RES0216	NEGATION_FLIP	didnt	didn't		unalignable
figshare-osce	RES0216	NEGATION_FLIP	dont	don't		unalignable
figshare-osce	RES0216	NEGATION_FLIP	havent	haven't		unalignable
figshare-osce	RES0216	NEGATION_FLIP	didnt	didn't	not	0
figshare-osce	RES0216	NEGATION_FLIP	havent	haven't		unalignable
figshare-osce	RES0216	NEGATION_FLIP	havent	haven't		unalignable
figshare-osce	RES0216	NEGATION_FLIP	i	haven't		unalignable
figshare-osce	RES0216	NEGATION_FLIP	would	wouldn't		unalignable
figshare-osce	RES0216	NEGATION_FLIP	havent	haven't		unalignable
figshare-osce	RES0216	NEGATION_FLIP	im not			unalignable
figshare-osce	RES0216	NEGATION_FLIP	dont	don't		unalignable
figshare-osce	RES0216	NEGATION_FLIP	dont	don't		unalignable
figshare-osce	RES0216	NEGATION_FLIP	dont	don't		unalignable
figshare-osce	RES0216	NEGATION_FLIP	dont	don't		unalignable
figshare-osce	RES0216	NEGATION_FLIP	dont	don't		unalignable
figshare-osce	RES0216	NEGATION_FLIP	havent	haven't		unalignable
figshare-osce	RES0216	NEGATION_FLIP	havent	haven't		unalignable
figshare-osce	RES0216	NEGATION_FLIP	havent	haven't		unalignable
figshare-osce	RES0216	NEGATION_FLIP	dont	don't	do'	1
figshare-osce	RES0216	NEGATION_FLIP	didnt	didn't		unalignable
figshare-osce	RES0216	NEGATION_FLIP	sounds like a chest tightness and you havent had any pain associated with it so that puts more cardiac ischemic pictures kind of lower on the differential but of course were going to try one thing at a time and then well come back to the table um depending on how youre feeling after that ok sounds great thank you no problem ok ill go talk to the doctor ill be back with you in a moment thank you		sounds like a chest tightness and he not had any pain associated with it that was more cardiac ischemic pictures kind of lower on the differential but of course we are going to try one thing at a time and then come back to the table uh depending on how you are feeling after	1
figshare-osce	RES0216	NUMERIC	sounds like a chest tightness and you havent had any pain associated with it so that puts more cardiac ischemic pictures kind of lower on the differential but of course were going to try one thing at a time and then well come back to the table um depending on how youre feeling after that ok sounds great thank you no problem ok ill go talk to the doctor ill be back with you in a moment thank you		sounds like a chest tightness and he not had any pain associated with it that was more cardiac ischemic pictures kind of lower on the differential but of course we are going to try one thing at a time and then come back to the table uh depending on how you are feeling after	1
figshare-osce	RES0217	NUMERIC	the	double		unalignable
figshare-osce	RES0217	NEGATION_FLIP	dont	don't	not	0
figshare-osce	RES0217	NEGATION_FLIP	have	haven't		unalignable
figshare-osce	RES0217	NUMERIC	10	ten	like 10 years and	1
figshare-osce	RES0217	NEGATION_FLIP	didnt	didn't		unalignable
figshare-osce	RES0217	NUMERIC	one	the		unalignable
figshare-osce	RES0217	NEGATION_FLIP	dont	don't		unalignable
figshare-osce	RES0217	NEGATION_FLIP	doesnt	doesn't	not	0
figshare-osce	RES0217	NUMERIC	one	one's	prett	0
figshare-osce	RES0217	NEGATION_FLIP	dont	don't		unalignable
figshare-osce	RES0217	NEGATION_FLIP	dont	don't		unalignable
figshare-osce	RES0217	NEGATION_FLIP	dont	don't		unalignable
figshare-osce	RES0217	NEGATION_FLIP	no	nope		unalignable
figshare-osce	RES0217	NEGATION_FLIP	didnt	didn't		unalignable
figshare-osce	RES0217	NEGATION_FLIP	havent	haven't		unalignable
figshare-osce	RES0217	NEGATION_FLIP	havent	haven't		unalignable
figshare-osce	RES0217	NEGATION_FLIP	cant	can't		unalignable
figshare-osce	RES0217	NEGATION_FLIP	doesnt	doesn't	not	0
figshare-osce	RES0217	NEGATION_FLIP	little bit more concerned for lyme disease but aside from that youve been feeling well otherwise yeah totally fine it was just a little tender there and thats the only reason i looked ok so no headaches no nothing like that nothing like that ok excellent alright im fairly happy with what we talked about today do you have any questions for me jean no this is pretty well what i expected today so thanks for helping me out no problem ok ill go talk to the doctor well come back and talk to you ok great thanks thanks jean			unalignable
nazmulkazi	D0420-S1-T01	NEGATION_FLIP	he not		a psychiatrist yeah he not he not had time to listen to me you see okay	1
nazmulkazi	D0420-S1-T01	NEGATION_FLIP	is odell	oh don't	o don'	1
nazmulkazi	D0420-S1-T01	LATERALITY	write	right	yeah i write a	1
nazmulkazi	D0420-S1-T01	NUMERIC	what	one		unalignable
nazmulkazi	D0420-S1-T01	NEGATION_FLIP	doesn't	the	does the	0
nazmulkazi	D0420-S1-T01	LATERALITY	write-up	right	right cri he	0
nazmulkazi	D0420-S1-T01	NUMERIC	at 2	it to	it to	0
nazmulkazi	D0420-S1-T01	LATERALITY	write	right		unalignable
nazmulkazi	D0420-S1-T01	NEGATION_FLIP	no	nah	and lots of bright ideas no no it's not happened before no but this	1
nazmulkazi	D0420-S1-T01	NEGATION_FLIP	no	nah	and lots of bright ideas no no it's not happened before no but this	1
nazmulkazi	D0420-S1-T01	LATERALITY	write	right	right o	0
nazmulkazi	D0420-S1-T01	NEGATION_FLIP	now	no	know	1
nazmulkazi	D0420-S1-T01	NEGATION_FLIP	no more monkeys		i want to talk to the engineer the driver of this unit no more monkeies	1
nazmulkazi	D0420-S1-T02	NUMERIC	9	nine	do you run for training now you are 20 correct yes i run 9 miles	0
nazmulkazi	D0420-S1-T02	NUMERIC	5	5-5	five five	0
nazmulkazi	D0420-S1-T02	NUMERIC	5		five five	0
nazmulkazi	D0420-S1-T03	NUMERIC	4	four	for	0
nazmulkazi	D0420-S1-T03	NEGATION_FLIP	know	no	no	0
nazmulkazi	D0420-S1-T04	NUMERIC	3	three	three	0
nazmulkazi	D0420-S1-T04	NUMERIC	of 6	is six	the past 10 years since i started how many kids do you have and what are their ages we have three kids the oldest is eight the middle of six	0
nazmulkazi	D0420-S1-T04	NUMERIC	for	four	four	0
nazmulkazi	D0420-S1-T04	NUMERIC	4 year old		four four-year-old	0
nazmulkazi	D0420-S1-T04	NUMERIC	one	when	when	0
nazmulkazi	D0420-S1-T05	NUMERIC	if you can	it began six	it began six	0
nazmulkazi	D0420-S1-T05	NUMERIC	6			unalignable
nazmulkazi	D0420-S1-T05	NEGATION_FLIP	know	no	no	0
nazmulkazi	D0420-S1-T05	NEGATION_FLIP	haven't	having	having	0
nazmulkazi	D0420-S1-T05	NUMERIC	to	two	kidneys is to little	1
nazmulkazi	D0420-S2-T01	NUMERIC	2	two	two	0
nazmulkazi	D0420-S2-T01	NEGATION_FLIP	i'm not		am not crying	1
nazmulkazi	D0420-S2-T01	NEGATION_FLIP	not	in	a little bit slower not remembering	1
nazmulkazi	D0420-S2-T01	NUMERIC	die for scanes	dye four skeins	i had to die one thing but then i decided to die for scines	0
nazmulkazi	D0420-S2-T01	NUMERIC	two	too	to	0
nazmulkazi	D0420-S2-T01	NUMERIC	4	time	long time	0
nazmulkazi	D0420-S2-T01	NEGATION_FLIP	wasn't	a	a	0
nazmulkazi	D0420-S2-T01	NEGATION_FLIP	did it	didn't he	problem and he actually believed it wasn't a problem or you think he did it	0
nazmulkazi	D0420-S2-T01	NUMERIC	3 hour	three-hour each-way	three hour each way commute and i	0
nazmulkazi	D0420-S2-T01	NEGATION_FLIP	nah	no	i am	1
nazmulkazi	D0420-S2-T01	NUMERIC	3	three	three	0
nazmulkazi	D0420-S2-T01	NUMERIC	what is	one of	one of	0
nazmulkazi	D0420-S2-T01	LATERALITY	right		ri that is	0
nazmulkazi	D0420-S2-T01	NUMERIC	08	wait	await	0
nazmulkazi	D0420-S2-T01	LATERALITY	right			unalignable
nazmulkazi	D0420-S2-T01	NEGATION_FLIP	no	now	i am	0
nazmulkazi	D0420-S2-T01	NUMERIC	2	two	two	0
nazmulkazi	D0420-S2-T01	NUMERIC	6-hour	six-hour	six-hour	0
nazmulkazi	D0420-S2-T01	NUMERIC	3	three	three	0
nazmulkazi	D0420-S2-T01	NUMERIC	4	four	four	0
nazmulkazi	D0420-S2-T01	NEGATION_FLIP	no defects	mood effects	mood effects	0
nazmulkazi	D0420-S2-T01	NEGATION_FLIP	know	no	no	0
nazmulkazi	D0420-S2-T01	LATERALITY	right	spread		unalignable
nazmulkazi	D0420-S2-T01	NUMERIC	see what your	do a 2		unalignable
nazmulkazi	D0420-S3-T01	NUMERIC	5	five	five	0
nazmulkazi	D0420-S3-T01	NUMERIC	what	one	one	0
nazmulkazi	D0420-S3-T01	NUMERIC	5 1	and one	and one	0
nazmulkazi	D0420-S3-T01	NUMERIC	7	seven	seven	0
nazmulkazi	D0420-S3-T01	NUMERIC	5	five	five	0
nazmulkazi	D0420-S3-T01	NEGATION_FLIP	not to	naps can	knowns can	0
nazmulkazi	D0420-S3-T01	NUMERIC	9	nine	nine	0
nazmulkazi	D0420-S3-T02	NUMERIC	when	one	one	0
nazmulkazi	D0420-S3-T02	NUMERIC	well made	one way	well made to tell really the	1
nazmulkazi	D0420-S3-T02	NUMERIC	6	six	six	0
nazmulkazi	D0420-S3-T02	NUMERIC	8	eight	eight	0
nazmulkazi	D0420-S3-T02	NUMERIC	6	six	si	0
nazmulkazi	D0420-S3-T02	NUMERIC	6	six	six	0
nazmulkazi	D0420-S3-T02	LATERALITY	ray	right	right	0
nazmulkazi	D0420-S3-T02	NUMERIC	neuropsychologist ii must	the second most	good to work with somebody who is more specialized the most specialized people are neuropsychologist the second most	0
nazmulkazi	D0420-S3-T02	NUMERIC	if you	50 of	50 of	0
nazmulkazi	D0420-S3-T02	LATERALITY	right		while	0
nazmulkazi	D0420-S3-T02	LATERALITY	i	right	i	1
nazmulkazi	D0420-S3-T02	NUMERIC	6	six-year-old	six-year-old boy who is coubby he leaves	0
nazmulkazi	D0420-S3-T02	NUMERIC	6	six-year-old	sixyear-old	0
nazmulkazi	D0420-S3-T02	NUMERIC	6-month	six-month	sixmonth ait	0
nazmulkazi	D0420-S3-T02	LATERALITY	rei	right		unalignable
nazmulkazi	D0420-S3-T02	NUMERIC	sixties	60s	60s	0
nazmulkazi	D0420-S3-T02	NUMERIC	seventies	70s	70s	0
nazmulkazi	D0420-S3-T02	NUMERIC	hundred	140		unalignable
nazmulkazi	D0420-S3-T02	NUMERIC	40			unalignable
nazmulkazi	D0420-S3-T02	NUMERIC	6 7 8	six seven eight		unalignable
nazmulkazi	D0420-S3-T02	LATERALITY	bright	right		unalignable
nazmulkazi	D0420-S3-T02	NUMERIC	6	630		unalignable
nazmulkazi	D0420-S3-T02	NUMERIC	30			unalignable
nazmulkazi	D0420-S3-T02	NUMERIC	5	five		unalignable
nazmulkazi	D0420-S3-T02	NUMERIC	6	six		unalignable
nazmulkazi	D0420-S3-T02	NUMERIC	6	six		unalignable
nazmulkazi	D0420-S3-T02	NEGATION_FLIP	i	no		unalignable
nazmulkazi	D0420-S3-T02	NEGATION_FLIP	i	no		unalignable
nazmulkazi	D0420-S3-T02	NUMERIC	2	o'clock		unalignable
nazmulkazi	D0420-S3-T02	LATERALITY	ryan find me	right so i'm		unalignable
nazmulkazi	D0420-S3-T02	NUMERIC	a	10	going to be a week the state is pretty quick that's only a	1
nazmulkazi	D0420-S3-T02	NUMERIC	hundred		100	0
nazmulkazi	D0420-S3-T02	NUMERIC	4th	fourth	fourth	0
nazmulkazi	D0420-S3-T02	NUMERIC	one	ones		unalignable
nazmulkazi	D0420-S3-T02	NEGATION_FLIP	no	know		unalignable
nazmulkazi	D0420-S3-T02	NEGATION_FLIP	no	know		unalignable
nazmulkazi	D0420-S3-T02	LATERALITY	spray is tops	right they stopped		unalignable
nazmulkazi	D0420-S3-T02	LATERALITY	rei	right	appeteray we are	1
nazmulkazi	D0420-S3-T02	NEGATION_FLIP	don't	they'll		unalignable
nazmulkazi	D0420-S3-T03	NUMERIC	four	for	for	0
nazmulkazi	D0420-S3-T03	NUMERIC	three	career	creer	0
nazmulkazi	D0420-S3-T03	NEGATION_FLIP	don't actually	so eventually	s eventually	0
nazmulkazi	D0420-S3-T03	NEGATION_FLIP	know	no	really feel like she could know but then we had the conversation where she asked me directly if we were okay so i sort of put it out there anyway because there is a sense in which	1
nazmulkazi	D0420-S3-T03	NUMERIC	2	two	two	0
nazmulkazi	D0420-S3-T03	NEGATION_FLIP	can't talk to you i		i can't talk to i suppose if i talk to each one of them once a week we could talk for a little bit of time	1
nazmulkazi	D0420-S3-T03	NUMERIC	3rd	third	third	0
nazmulkazi	D0420-S3-T03	NUMERIC	4th	fourth	fourth	0
nazmulkazi	D0420-S3-T03	NUMERIC	second	circumstances	circumstances	0
nazmulkazi	D0420-S3-T03	LATERALITY	write will	right well	r what	1
nazmulkazi	D0420-S3-T03	NEGATION_FLIP	work	weren't	were to	1
nazmulkazi	D0420-S3-T03	NUMERIC	twenties	20s	20s	0
nazmulkazi	D0420-S3-T03	LATERALITY	left over	leftover biases	leftver byas	0
nazmulkazi	D0420-S3-T03	NUMERIC	2	too	too	0
nazmulkazi	D0420-S4-T01	NUMERIC	apps for	at first	at first	0
nazmulkazi	D0420-S4-T01	NUMERIC	25mg	milligrams	mg	0
nazmulkazi	D0420-S4-T01	NUMERIC	a	100	taking a	1
nazmulkazi	D0420-S4-T01	NUMERIC	hundred		100	0
nazmulkazi	D0420-S4-T01	NUMERIC	10	cut		unalignable
nazmulkazi	D0420-S4-T01	NUMERIC	4	four	four	0
nazmulkazi	D0420-S4-T01	NUMERIC	one	y		unalignable
nazmulkazi	D0420-S4-T01	NUMERIC	7	seven	seven	0
nazmulkazi	D0420-S4-T01	NUMERIC	one even	when ian	when even started because she already been kicking around a ball	0
nazmulkazi	D0420-S4-T01	NUMERIC	year-and-a-half it will	a half it'll	year and a half it will be21 2	0
nazmulkazi	D0420-S4-T01	NEGATION_FLIP	i	not		unalignable
nazmulkazi	D0420-S4-T02	NEGATION_FLIP	ya know	yeah no		unalignable
nazmulkazi	D0420-S4-T02	NEGATION_FLIP	wouldn't	up		unalignable
nazmulkazi	D0420-S4-T02	NUMERIC	one		on campus this semester obviously the first thing that every one notices that	0
nazmulkazi	D0420-S4-T02	NUMERIC	9	o'clock	at school until 9	1
nazmulkazi	D0420-S4-T02	NUMERIC	one day	wednesday is	at night so one day	1
nazmulkazi	D0420-S4-T02	NEGATION_FLIP	to	won't	don't	0
nazmulkazi	D0420-S4-T02	NUMERIC	two	too	to	0
nazmulkazi	D0420-S4-T02	NEGATION_FLIP	no bad	now that	now that	0
nazmulkazi	D0420-S4-T02	NEGATION_FLIP	didn't	did	did	0
nazmulkazi	D0420-S4-T02	NEGATION_FLIP	no sir	an ulcer	an ulcer	0
nazmulkazi	D0420-S4-T02	NEGATION_FLIP	no son	a sudden	sudd	0
nazmulkazi	D0420-S4-T02	NUMERIC	one	when		unalignable
nazmulkazi	D0420-S4-T02	NUMERIC	month-and-a-half	half	half	0
nazmulkazi	D0420-S4-T02	NUMERIC	or month-and-a-half of	a half and	a half from	0
nazmulkazi	D0420-S4-T02	NUMERIC	alex lights 2	else liked to	else likes to	0
nazmulkazi	D0420-S4-T02	NUMERIC	one	attack		unalignable
nazmulkazi	D0420-S4-T02	NEGATION_FLIP	could	couldn't	so th	1
nazmulkazi	D0420-S4-T02	NUMERIC	6	six	six	0
nazmulkazi	D0420-S4-T02	NEGATION_FLIP	can't	control	itro what' is	0
nazmulkazi	D0420-S4-T02	NUMERIC	first	for	first semester sophomore year i was in the	1
nazmulkazi	D0420-S4-T02	NEGATION_FLIP	in	didn't		unalignable
nazmulkazi	D0420-S4-T02	NUMERIC	first	a	first semester that i	1
nazmulkazi	D0420-S4-T02	NEGATION_FLIP	cuz it's	couldn't sit		unalignable
nazmulkazi	D0420-S4-T02	NEGATION_FLIP	don't	still	that still	0
nazmulkazi	D0420-S4-T02	NEGATION_FLIP	wasn't a sleep	was an athlete	was' enleep	0
nazmulkazi	D0420-S4-T02	NUMERIC	and e2	need to	need to	0
nazmulkazi	D0420-S4-T02	NUMERIC	under	119	under19	0
nazmulkazi	D0420-S4-T02	NUMERIC	19			unalignable
nazmulkazi	D0420-S4-T02	NEGATION_FLIP	then	didn't	and	1
nazmulkazi	D0420-S4-T02	NEGATION_FLIP	been cheating how do you	binge eating i don't even		unalignable
nazmulkazi	D0420-S4-T02	NUMERIC	one	once	once	0
nazmulkazi	D0420-S4-T02	NUMERIC	b6	to	sick	0
nazmulkazi	D0420-S4-T02	NEGATION_FLIP	now	no	no	0
nazmulkazi	D0421-S1-T01	NUMERIC	5	five	be five	0
nazmulkazi	D0421-S1-T01	NUMERIC	5	five	five	0
nazmulkazi	D0421-S1-T01	NUMERIC	year-and-a-half	half	half	0
nazmulkazi	D0421-S1-T01	NUMERIC	where she	first he	first he	0
nazmulkazi	D0421-S1-T01	NEGATION_FLIP	not	that	that	0
nazmulkazi	D0421-S1-T01	NEGATION_FLIP	not	that's	thats	0
nazmulkazi	D0421-S1-T01	NEGATION_FLIP	not	that	that	0
nazmulkazi	D0421-S1-T01	LATERALITY	it's right	to try	to try	0
nazmulkazi	D0421-S1-T01	NEGATION_FLIP	has	hasn't	has' whats	1
nazmulkazi	D0421-S1-T01	NUMERIC	past 2	pass to	just like there is the parking garage and then i have the past two	0
nazmulkazi	D0421-S1-T01	NEGATION_FLIP	i	no		unalignable
nazmulkazi	D0421-S1-T01	NUMERIC	when	one	one	0
nazmulkazi	D0421-S1-T01	NEGATION_FLIP	no	know	know	0
nazmulkazi	D0421-S1-T01	NEGATION_FLIP	wouldn't	when	when	0
nazmulkazi	D0421-S1-T01	NEGATION_FLIP	i	no	no	0
nazmulkazi	D0421-S1-T01	NUMERIC	5	five	five	0
nazmulkazi	D0421-S1-T01	NUMERIC	00 cover	go for	o	0
nazmulkazi	D0421-S1-T02	NEGATION_FLIP	no	new		unalignable
nazmulkazi	D0421-S1-T02	NEGATION_FLIP	not enough	nodding off	nodding off	0
nazmulkazi	D0421-S1-T02	NEGATION_FLIP	no	out	eventually conk out	0
nazmulkazi	D0421-S1-T02	NUMERIC	two	2	out and then do you sleep through until someone in the morning sometime in the morning no i usually wake up two or three times a night and then you get up at depending on how much	0
nazmulkazi	D0421-S1-T02	NUMERIC	three	2	out and then do you sleep through until someone in the morning sometime in the morning no i usually wake up two or three times a night and then you get up at depending on how much	0
nazmulkazi	D0421-S1-T02	NUMERIC	two	2	hours or so with two or three interruptions	0
nazmulkazi	D0421-S1-T02	NUMERIC	three	10	hours or so with two or three interruptions	0
nazmulkazi	D0421-S1-T02	NUMERIC	1 4	one quarter	doses1 ter	0
nazmulkazi	D0421-S1-T02	NUMERIC	5	five	five	0
nazmulkazi	D0421-S1-T02	NUMERIC	2	two	okay so if you could go to sleep every night at 2 or	1
nazmulkazi	D0421-S1-T02	NUMERIC	3	three	00	0
nazmulkazi	D0421-S1-T02	NUMERIC	5	five	woke me up at 5	1
nazmulkazi	D0421-S1-T02	NUMERIC	5	five	five	0
nazmulkazi	D0421-S1-T02	NUMERIC	3	three	three	0
nazmulkazi	D0421-S1-T02	NUMERIC	11	11-year-old		unalignable
nazmulkazi	D0421-S1-T02	NUMERIC	11 year	11-year-old it's		unalignable
nazmulkazi	D0421-S1-T02	LATERALITY	is that right			unalignable
nazmulkazi	D0421-S1-T02	LATERALITY	right	ray		unalignable
nazmulkazi	D0421-S1-T02	NUMERIC	4	four	four	0
nazmulkazi	D0421-S1-T02	NEGATION_FLIP	know	no	has a hard time understanding me because i don't know he says my english isn't clear enough for him that i talk too fast and use too many big words even though i make every effort when	0
nazmulkazi	D0421-S1-T02	NUMERIC	8	eight	eight	0
nazmulkazi	D0421-S1-T02	NEGATION_FLIP	no	a	is a	0
nazmulkazi	D0421-S1-T02	NUMERIC	when	one	o	1
nazmulkazi	D0421-S1-T03	LATERALITY	write	right	right	0
nazmulkazi	D0421-S1-T03	NEGATION_FLIP	for you that's the so i guess the equivalent of if nobody's going to use chemical weapons then what can you do with in those options people feel trapped when they feel that none of their options are okay then you're trapped so the question is how can we make the options available to you okay and then in that you actually probably could see more good at each of them then if a parent right now you know i'd like to know more about what you're thinking but i'm going to need to wait 2 weeks to i didn't mean to disturb your referee no that's okay thanks very much okay so i will see you in two weeks okay good luck next week at your conference it'll go fine i'm sure it will all right bye sure		for you that's the so i guess the equivalent of if nobody is going to use chemical weapons then what can you do within those options people feel trapped when they feel that none of their options are okay thann you trapped s the question is how can we make the options available to you okay and then in not you actually probably could see more good in each of them than is apparent right now you know i would like to know more about what your is thinking but i am going to need to wait two weeks to me to disturb your reverere no that's okay thanks very much okay so i will see you in two weeks kay love next wee your conferenceun fine i am sure it will alr by sure	1
nazmulkazi	D0421-S1-T03	LATERALITY	for you that's the so i guess the equivalent of if nobody's going to use chemical weapons then what can you do with in those options people feel trapped when they feel that none of their options are okay then you're trapped so the question is how can we make the options available to you okay and then in that you actually probably could see more good at each of them then if a parent right now you know i'd like to know more about what you're thinking but i'm going to need to wait 2 weeks to i didn't mean to disturb your referee no that's okay thanks very much okay so i will see you in two weeks okay good luck next week at your conference it'll go fine i'm sure it will all right bye sure		for you that's the so i guess the equivalent of if nobody is going to use chemical weapons then what can you do within those options people feel trapped when they feel that none of their options are okay thann you trapped s the question is how can we make the options available to you okay and then in not you actually probably could see more good in each of them than is apparent right now you know i would like to know more about what your is thinking but i am going to need to wait two weeks to me to disturb your reverere no that's okay thanks very much okay so i will see you in two weeks kay love next wee your conferenceun fine i am sure it will alr by sure	1
nazmulkazi	D0421-S1-T03	NUMERIC	for you that's the so i guess the equivalent of if nobody's going to use chemical weapons then what can you do with in those options people feel trapped when they feel that none of their options are okay then you're trapped so the question is how can we make the options available to you okay and then in that you actually probably could see more good at each of them then if a parent right now you know i'd like to know more about what you're thinking but i'm going to need to wait 2 weeks to i didn't mean to disturb your referee no that's okay thanks very much okay so i will see you in two weeks okay good luck next week at your conference it'll go fine i'm sure it will all right bye sure		for you that's the so i guess the equivalent of if nobody is going to use chemical weapons then what can you do within those options people feel trapped when they feel that none of their options are okay thann you trapped s the question is how can we make the options available to you okay and then in not you actually probably could see more good in each of them than is apparent right now you know i would like to know more about what your is thinking but i am going to need to wait two weeks to me to disturb your reverere no that's okay thanks very much okay so i will see you in two weeks kay love next wee your conferenceun fine i am sure it will alr by sure	0
nazmulkazi	D0421-S1-T04	NUMERIC	2	two	two	0
nazmulkazi	D0421-S1-T04	NEGATION_FLIP	ya know	yeah no		unalignable
nazmulkazi	D0421-S1-T04	NUMERIC	year-and-a-half	half	half	0
nazmulkazi	D0421-S1-T04	NUMERIC	for	four	four	0
nazmulkazi	D0421-S1-T04	NUMERIC	8th	eighth	eighth	0
nazmulkazi	D0421-S1-T04	NUMERIC	first			unalignable
nazmulkazi	D0421-S1-T04	NUMERIC	second	seconds		unalignable
nazmulkazi	D0421-S1-T04	NUMERIC	do four	stew for		unalignable
nazmulkazi	D0421-S1-T05	NEGATION_FLIP	had	hadn't		unalignable
nazmulkazi	D0421-S1-T05	LATERALITY	right			unalignable
nazmulkazi	D0421-S1-T05	NUMERIC	onto	two		unalignable
nazmulkazi	D0421-S1-T05	NUMERIC	3	three		unalignable
nazmulkazi	D0421-S1-T05	NEGATION_FLIP	don't	a	do	0
nazmulkazi	D0421-S1-T05	NUMERIC	half the	have their	have their	0
nazmulkazi	D0421-S1-T05	NUMERIC	mid-twentieth	mid-20th	of centryry	1
nazmulkazi	D0421-S1-T05	NUMERIC	2	too	two	0
nazmulkazi	D0421-S1-T05	NEGATION_FLIP	and i said something i said i think i said that i don't understand how denver hasn't been swallowed up in earthquakes with how sad i feel she was like that really sucks that was really pretty thanks the thing is i feel so bad about putting things on people i want to find a way to make it bearable for them we should stop for now		about how i was feeling pretty bad sunday and i said something i said i think i said that i don't understand how dendper hasn't been swallowed up in irth wakes with how sad i feel she was like that really sucks that was really prettys the thing is i feel so bad about putting things on people i want to find a way to make it bearable for them w should stop for now	1
nazmulkazi	D0421-S2-T01	NEGATION_FLIP	i know	mm-hmm no	no	0
nazmulkazi	D0421-S2-T01	NUMERIC	what if	one of	one of	0
nazmulkazi	D0421-S2-T01	NEGATION_FLIP	that	not	a parent who is more supportive both of you you wish that only for your own parents to be people who they are not but his	0
nazmulkazi	D0421-S2-T01	NUMERIC	and 7th	in seventh	up home in seventh	0
nazmulkazi	D0421-S2-T01	NEGATION_FLIP	haven't		have	0
nazmulkazi	D0421-S2-T01	NEGATION_FLIP	i	no	everybody is	1
nazmulkazi	D0421-S2-T01	NEGATION_FLIP	you and	he wouldn't	he wouldn't	0
nazmulkazi	D0421-S2-T01	NEGATION_FLIP	can't			unalignable
nazmulkazi	D0421-S2-T01	NUMERIC	10	10-minute	10-minute	0
nazmulkazi	D0421-S2-T01	NUMERIC	two	to	to	0
nazmulkazi	D0421-S2-T01	NEGATION_FLIP	now	no	no	0
nazmulkazi	D0421-S2-T01	NEGATION_FLIP	now	no	finding another place probably unless i live with my sister and there is now i	1
nazmulkazi	D0421-S2-T01	NEGATION_FLIP	haven't	and	and	0
nazmulkazi	D0421-S2-T01	NEGATION_FLIP	i	no	no	0
nazmulkazi	D0421-S2-T01	NUMERIC	5	five	five	0
nazmulkazi	D0421-S2-T01	NUMERIC	cuz i want him	because on one hand	is on one hand	0
nazmulkazi	D0421-S2-T01	LATERALITY	last	left	i have no marriage last i have no	1
nazmulkazi	D0421-S2-T01	NEGATION_FLIP	you didn't		he didn't know even that	1
nazmulkazi	D0421-S2-T01	NEGATION_FLIP	can	can't	can't	0
nazmulkazi	D0421-S2-T01	NUMERIC	lg 910	9 10		unalignable
nazmulkazi	D0421-S2-T02	NEGATION_FLIP	question	shouldn't	so should	1
nazmulkazi	D0421-S2-T02	NUMERIC	the	two	two	0
nazmulkazi	D0421-S2-T02	NEGATION_FLIP	are	aren't	guess now that my parents are paying for	1
nazmulkazi	D0421-S2-T02	NEGATION_FLIP	i mean you cannot	i'm unique in that	losing them like maybe i am meique can that	0
nazmulkazi	D0421-S2-T02	NEGATION_FLIP	know	no	really know he does	1
nazmulkazi	D0421-S2-T02	NUMERIC	3	three	three	0
nazmulkazi	D0421-S2-T02	NEGATION_FLIP	couldn't very	in theory	could' beary	0
nazmulkazi	D0421-S2-T02	NEGATION_FLIP	i	not	will not	0
nazmulkazi	D0421-S2-T02	NUMERIC	6 and	six in	6 coge	1
nazmulkazi	D0421-S2-T02	NUMERIC	8	eight	eid	0
nazmulkazi	D0421-S2-T02	NEGATION_FLIP	by	not	u	1
nazmulkazi	D0421-S2-T02	NEGATION_FLIP	not	less	is less	0
nazmulkazi	D0421-S2-T02	NUMERIC	yeah few	have two	is likeoh we have two	0
nazmulkazi	D0421-S2-T02	NUMERIC	want	one	do one	0
nazmulkazi	D0421-S2-T02	NUMERIC	other three		use other three sometimes	1
nazmulkazi	D0421-S2-T02	NUMERIC	once	one	one	0
nazmulkazi	D0421-S2-T02	NUMERIC	when	one	uncomfortable for you feeling like well when	1
nazmulkazi	D0421-S2-T02	LATERALITY	right george	write georgia	rightor	0
nazmulkazi	D0421-S2-T02	NEGATION_FLIP	united sara pist	not his therapist	unintelligible you not his therapist	0
nazmulkazi	D0421-S2-T02	NEGATION_FLIP	isn't	solve	solve	0
nazmulkazi	D0421-S2-T02	NEGATION_FLIP	isn't	accept	accept	0
nazmulkazi	D0421-S2-T02	NUMERIC	how 2	have two		unalignable
nazmulkazi	D0421-S2-T02	NEGATION_FLIP	would	wouldn't		unalignable
nazmulkazi	D0421-S2-T02	NUMERIC	four	for		unalignable
nazmulkazi	D0421-S2-T02	NEGATION_FLIP	die	don't		unalignable
nazmulkazi	D0421-S2-T02	NEGATION_FLIP	someone	won't		unalignable
nazmulkazi	D0421-S2-T02	NEGATION_FLIP	have	haven't	talking about today that we have it	1
nazmulkazi	D0421-S2-T02	LATERALITY	right	weight	weight	0
nazmulkazi	D0421-S2-T02	NUMERIC	1	meal	for one ye it is	0
nazmulkazi	D0421-S2-T02	NEGATION_FLIP	should	shouldn't	to my diet should that be helping i	1
nazmulkazi	D0421-S2-T02	NUMERIC	1 2 and	an hour i	an hour i	0
nazmulkazi	D0421-S3-T01	NUMERIC	1	hi		unalignable
nazmulkazi	D0421-S3-T01	NEGATION_FLIP	can	can't	canun night	1
nazmulkazi	D0421-S3-T01	NUMERIC	one			unalignable
nazmulkazi	D0421-S3-T01	NUMERIC	10-year	tenure	year	0
nazmulkazi	D0421-S3-T01	NEGATION_FLIP	had some publishing	hasn't published enough	because she had some publishing	1
nazmulkazi	D0421-S3-T01	NUMERIC	6	six	six	0
nazmulkazi	D0421-S3-T01	NUMERIC	one		someone i been in	0
nazmulkazi	D0421-S3-T01	NEGATION_FLIP	you	didn't	everything was normal and you	1
nazmulkazi	D0421-S3-T01	NEGATION_FLIP	can't	can	can	0
nazmulkazi	D0421-S3-T01	NEGATION_FLIP	does	doesn't	doesn't	0
nazmulkazi	D0421-S3-T01	NUMERIC	5	five	fib	0
nazmulkazi	D0421-S3-T01	NUMERIC	5	five	five	0
nazmulkazi	D0421-S3-T01	NUMERIC	6	six	sex	0
nazmulkazi	D0421-S3-T01	NEGATION_FLIP	i	no	no and it is	0
nazmulkazi	D0421-S3-T01	NUMERIC	what's your three year olds	with two or three-year-olds you'd	yah while with two or three yearolds you would	0
nazmulkazi	D0421-S3-T01	NUMERIC	9	nine	expect them to be asleep by 9 at night which medicine	1
nazmulkazi	D0421-S3-T01	NUMERIC	13b	be		unalignable
nazmulkazi	D0421-S3-T01	NUMERIC	leave	three		unalignable
nazmulkazi	D0421-S3-T01	NUMERIC	24	24-7	not there on the ground 24 7 with it but it's not	0
nazmulkazi	D0421-S3-T01	NUMERIC	7		not there on the ground 24 7 with it but it's not	0
nazmulkazi	D0421-S3-T01	LATERALITY	right			unalignable
nazmulkazi	D0421-S3-T01	NUMERIC	2	two	two	0
nazmulkazi	D0421-S3-T01	NUMERIC	10	10-week	10-week	0
nazmulkazi	D0421-S3-T02	NEGATION_FLIP	know	no	no	0
nazmulkazi	D0421-S3-T02	NEGATION_FLIP	are only	aren't like		unalignable
nazmulkazi	D0421-S3-T02	NUMERIC	28	tanya		unalignable
nazmulkazi	D0421-S3-T02	NEGATION_FLIP	not	that	bet that same situation to you would not	1
nazmulkazi	D0421-S3-T02	NEGATION_FLIP	21 on	would not	bet that same situation to you would not	0
nazmulkazi	D0421-S3-T02	NUMERIC	21 on	would not	bet that same situation to you would not	0
nazmulkazi	D0421-S3-T02	NUMERIC	20	tanya's	ton	0
nazmulkazi	D0421-S3-T02	NUMERIC	20	tanya	toy	0
nazmulkazi	D0421-S3-T02	NEGATION_FLIP	yes or no	so in the	know yes so in the	0
nazmulkazi	D0421-S3-T02	NUMERIC	siri	three	the	1
nazmulkazi	D0421-S3-T02	NUMERIC	when	one	one	0
nazmulkazi	D0421-S3-T02	NUMERIC	1	one	one	0
nazmulkazi	D0421-S3-T02	NUMERIC	one	ones	with the other one so like	1
nazmulkazi	D0421-S3-T02	NUMERIC	four	fourth	forurth	0
nazmulkazi	D0421-S3-T02	NUMERIC	safe i'm	say five	five me five	0
nazmulkazi	D0421-S3-T02	NUMERIC	5		five me five	0
nazmulkazi	D0421-S3-T02	NEGATION_FLIP	did not	think that's	that is	0
nazmulkazi	D0421-S3-T02	NEGATION_FLIP	those aren't	are important	which is more or less exactly what you said many months ago yes i was also thinking about i don't want this but i also think that those are imporant	1
nazmulkazi	D0421-S3-T03	NEGATION_FLIP	do	didn't	did	1
nazmulkazi	D0421-S3-T03	NEGATION_FLIP	not		not have anything to say but i guess i want to say thank you	1
nazmulkazi	D0421-S3-T03	NUMERIC	lincoln trucks theory	one constructs theories	canstrut one constructs the	0
nazmulkazi	D0421-S3-T03	NEGATION_FLIP	not just	that does	that does	0
nazmulkazi	D0421-S3-T03	NEGATION_FLIP	not	that	that	0
nazmulkazi	D0421-S3-T03	NEGATION_FLIP	not	non-ideal	the if my view of things is not ideal and therefore bad it's	1
nazmulkazi	D0421-S3-T03	NEGATION_FLIP	nomadic infused	no meta-confused	confused we are	1
nazmulkazi	D0421-S3-T03	NEGATION_FLIP	we cannot	know at	lo	0
nazmulkazi	D0421-S3-T03	NUMERIC	when	one	one	0
nazmulkazi	D0421-S3-T03	NEGATION_FLIP	is	isn't	doing so this is not a question to invade that question but	0
nazmulkazi	D0421-S3-T03	NEGATION_FLIP	not		doing so this is not a question to invade that question but	1
nazmulkazi	D0421-S3-T03	NEGATION_FLIP	didn't			unalignable
nazmulkazi	D0421-S3-T03	NEGATION_FLIP	i don't know ashley		letting things i don't know actually	1
nazmulkazi	D0421-S3-T03	NUMERIC	u2	too		unalignable
nazmulkazi	D0421-S3-T04	NEGATION_FLIP	love isn't	is it	for anyoneuh is it	0
nazmulkazi	D0421-S3-T04	NUMERIC	one little	when literally	when literly there is	0
nazmulkazi	D0421-S3-T04	NEGATION_FLIP	you	no		unalignable
nazmulkazi	D0421-S3-T04	NUMERIC	12	times		unalignable
nazmulkazi	D0421-S3-T04	NEGATION_FLIP	i don't know of			unalignable
nazmulkazi	D0421-S3-T04	LATERALITY	come right		comerate commemerate mellings	0
nazmulkazi	D0421-S3-T04	NEGATION_FLIP	about	not	not	0
nazmulkazi	D0421-S3-T04	NEGATION_FLIP	the not		is that i knew that the that	0
nazmulkazi	D0421-S3-T04	NUMERIC	to	two	two i	0
nazmulkazi	D0421-S3-T04	NEGATION_FLIP	were there	weren't here	weren' here	1
nazmulkazi	D0421-S3-T04	NEGATION_FLIP	i	no		unalignable
nazmulkazi	D0421-S3-T04	NUMERIC	twenty	20	20	0
nazmulkazi	D0421-S3-T04	NUMERIC	30 alright	all right		unalignable
nazmulkazi	D0421-S3-T05	NEGATION_FLIP	is	isn't	isn'	1
nazmulkazi	D0421-S3-T05	NEGATION_FLIP	don't know	had done	had done	0
nazmulkazi	D0421-S3-T05	NUMERIC	that you	the two	that you have more so it's so i asked so that two	0
nazmulkazi	D0421-S3-T05	NUMERIC	first	so	her	0
nazmulkazi	D0421-S3-T05	NEGATION_FLIP	sport not working	support network and	at work and	0
nazmulkazi	D0421-S3-T05	NEGATION_FLIP	can	can't	not to say that one can construct one's	0
nazmulkazi	D0421-S3-T05	NUMERIC	she's at the fierce	two sets of fears	two sets of fears	0
nazmulkazi	D0421-S3-T05	NEGATION_FLIP	were	weren't	like damages that were	1
nazmulkazi	D0421-S3-T05	NEGATION_FLIP	no	know	way who	0
nazmulkazi	D0422-S1-T01	NEGATION_FLIP	weeks sleep wise but it sounded	week sleep-wise but just not a		unalignable
nazmulkazi	D0422-S1-T01	NUMERIC	2	two	two	0
nazmulkazi	D0422-S1-T01	NEGATION_FLIP	and	didn't	know what he did took too many drugs and	1
nazmulkazi	D0422-S1-T01	NUMERIC	5	five	like 5 in the morning and we	1
nazmulkazi	D0422-S1-T01	NEGATION_FLIP	no	know	know	0
nazmulkazi	D0422-S1-T01	NUMERIC	ten	10	10	0
nazmulkazi	D0422-S1-T01	NEGATION_FLIP	could	couldn't	like could even walk to	1
nazmulkazi	D0422-S1-T01	NEGATION_FLIP	has	hasn't	your heart will kick in and he kind of has it naturally because his heart rate is so low they call it	1
nazmulkazi	D0422-S1-T01	NEGATION_FLIP	no but	now that	now that	0
nazmulkazi	D0422-S1-T01	NEGATION_FLIP	does	doesn't	not the person to ask but he said that in his opinion if this does not hold then	0
nazmulkazi	D0422-S1-T01	NEGATION_FLIP	not		not the person to ask but he said that in his opinion if this does not hold then	1
nazmulkazi	D0422-S1-T01	NEGATION_FLIP	going	couldn't	can	1
nazmulkazi	D0422-S1-T01	NEGATION_FLIP	never	but		unalignable
nazmulkazi	D0422-S1-T01	NEGATION_FLIP	couldn't		could'	0
nazmulkazi	D0422-S1-T01	NEGATION_FLIP	does	doesn't	it basically implies that he does not want me to be doing this which is fine if he talks to me about it	0
nazmulkazi	D0422-S1-T01	NEGATION_FLIP	not		it basically implies that he does not want me to be doing this which is fine if he talks to me about it	1
nazmulkazi	D0422-S1-T01	NEGATION_FLIP	i don't know		while he	0
nazmulkazi	D0422-S1-T01	NUMERIC	half a	hath-abased or	ba	0
nazmulkazi	D0422-S1-T01	NUMERIC	7			unalignable
nazmulkazi	D0422-S1-T01	NEGATION_FLIP	not			unalignable
nazmulkazi	D0422-S1-T01	NUMERIC	4xl	exhale	exhle	0
nazmulkazi	D0422-S1-T02	NUMERIC	7	seven	seven	0
nazmulkazi	D0422-S1-T02	NUMERIC	4	four	four	0
nazmulkazi	D0422-S1-T02	NUMERIC	20th seem	tanya seemed	tonnia seemed	0
nazmulkazi	D0422-S1-T02	NEGATION_FLIP	didn't	did	did	0
nazmulkazi	D0422-S1-T02	NEGATION_FLIP	is	isn't	thing that i feel like she is	1
nazmulkazi	D0422-S1-T02	NUMERIC	3	three	three	0
nazmulkazi	D0422-S1-T02	NUMERIC	nine	in	not sorryy	0
nazmulkazi	D0422-S1-T02	NEGATION_FLIP	wasn't	spot		unalignable
nazmulkazi	D0422-S1-T02	NEGATION_FLIP	i thought	not that	th	1
nazmulkazi	D0422-S1-T02	NEGATION_FLIP	only use what	not a useful	is not a useful	0
nazmulkazi	D0422-S1-T02	NEGATION_FLIP	my day is	days not days	days no days	0
nazmulkazi	D0422-S1-T02	NUMERIC	4	several	suer	0
nazmulkazi	D0422-S1-T02	LATERALITY	poignant	right		unalignable
nazmulkazi	D0422-S1-T02	LATERALITY	rain	right	r	1
nazmulkazi	D0422-S1-T02	NEGATION_FLIP	i'm not	i might	i am en	0
nazmulkazi	D0422-S1-T02	NUMERIC	for	four	four	0
nazmulkazi	D0422-S1-T02	NUMERIC	one	sort		unalignable
nazmulkazi	D0422-S1-T02	NUMERIC	someone sends	one sense	in one sense	0
nazmulkazi	D0422-S1-T02	NEGATION_FLIP	no not know	on that note	are go stop toa	0
nazmulkazi	D0422-S1-T03	NUMERIC	4	four	four	0
nazmulkazi	D0422-S1-T03	NEGATION_FLIP	how does	harold doesn't	in touch with being angry so you don't want physical contact yeah how does not understand that i don't know if men just	0
nazmulkazi	D0422-S1-T03	NEGATION_FLIP	not		in touch with being angry so you don't want physical contact yeah how does not understand that i don't know if men just	1
nazmulkazi	D0422-S1-T03	NEGATION_FLIP	not	that	that	0
nazmulkazi	D0422-S1-T03	NEGATION_FLIP	a verse of tia i	aversive to you i don't	avers to you i don't	0
nazmulkazi	D0422-S1-T03	NEGATION_FLIP	that wasn't	was it	wasn'	0
nazmulkazi	D0422-S1-T03	NUMERIC	what are	one of	what	1
nazmulkazi	D0422-S1-T03	NEGATION_FLIP	how old	harold isn't	heill	1
nazmulkazi	D0422-S1-T03	LATERALITY	left always	lived like	your mother left	1
nazmulkazi	D0422-S1-T03	LATERALITY	she knows all the right		talk to her she she knows all the right i mean she	1
nazmulkazi	D0422-S1-T03	NEGATION_FLIP	don't listen	delved into	deals into	0
nazmulkazi	D0422-S1-T03	NEGATION_FLIP	does	doesn't	but does not off during	0
nazmulkazi	D0422-S1-T03	NEGATION_FLIP	not		but does not off during	1
nazmulkazi	D0422-S1-T03	NUMERIC	2	two		unalignable
nazmulkazi	D0422-S1-T04	NUMERIC	one	woman		unalignable
nazmulkazi	D0422-S1-T04	NEGATION_FLIP	was	wasn't	waslete	1
nazmulkazi	D0422-S1-T04	NUMERIC	7	stefan	something	0
nazmulkazi	D0422-S1-T04	NUMERIC	ten	10	10	0
nazmulkazi	D0422-S1-T04	NEGATION_FLIP	no	now		unalignable
nazmulkazi	D0422-S1-T04	NUMERIC	i want a	at one or	and one or	0
nazmulkazi	D0422-S1-T04	LATERALITY	right	around	income	0
nazmulkazi	D0422-S1-T04	NEGATION_FLIP	never		with just seems to never never tell you these things and i don't know flop over and	1
nazmulkazi	D0422-S1-T04	NUMERIC	manning interest tax	in two respects	w maing into respects	1
nazmulkazi	D0422-S1-T04	NEGATION_FLIP	no ask	an aspect	is an aspect	0
nazmulkazi	D0422-S1-T04	NEGATION_FLIP	didn't	in	in	0
nazmulkazi	D0422-S1-T04	NEGATION_FLIP	is	isn't	isn't	0
nazmulkazi	D0422-S1-T04	NEGATION_FLIP	i	no	i	1
nazmulkazi	D0422-S1-T04	NUMERIC	forties	40s		unalignable
nazmulkazi	D0422-S1-T04	NEGATION_FLIP	it's not	is that		unalignable
nazmulkazi	D0422-S1-T04	NUMERIC	9	nine		unalignable
nazmulkazi	D0422-S1-T04	NUMERIC	3	three		unalignable
nazmulkazi	D0422-S1-T04	NEGATION_FLIP	not	yeah	they are	0
nazmulkazi	D0422-S1-T04	LATERALITY	rei	right	y wherehe	1
nazmulkazi	D0422-S2-T01	NEGATION_FLIP	i don't		not okay and like again i don't i don't know whether	1
nazmulkazi	D0422-S2-T01	NUMERIC	2	too	too	0
nazmulkazi	D0422-S2-T01	NEGATION_FLIP	could	couldn't		unalignable
nazmulkazi	D0422-S2-T01	NEGATION_FLIP	would	wouldn't	wouldon't	1
nazmulkazi	D0422-S2-T01	NEGATION_FLIP	wouldn't	would	would	0
nazmulkazi	D0422-S2-T01	NUMERIC	what	one	one	0
nazmulkazi	D0422-S2-T01	NUMERIC	half	halfway	halfway	0
nazmulkazi	D0422-S2-T01	NUMERIC	to worry	two worries	two worries	0
nazmulkazi	D0422-S2-T01	NEGATION_FLIP	no	now		unalignable
nazmulkazi	D0422-S2-T01	NEGATION_FLIP	had	hadn't	have'	1
nazmulkazi	D0422-S2-T02	NEGATION_FLIP	didn't	did	did	0
nazmulkazi	D0422-S2-T02	NEGATION_FLIP	i	no	no he is	0
nazmulkazi	D0422-S2-T02	NUMERIC	seventy-five	75	75	0
nazmulkazi	D0422-S2-T02	NUMERIC	9 doctor	non-doctor shared	nondoctor showed	0
nazmulkazi	D0422-S2-T02	NUMERIC	a	100	not a	1
nazmulkazi	D0422-S2-T02	NUMERIC	hundred percent		100 goalable no i am	0
nazmulkazi	D0422-S2-T02	NUMERIC	3	three	three	0
nazmulkazi	D0422-S2-T02	NUMERIC	3	three	three	0
nazmulkazi	D0422-S2-T02	NUMERIC	per	four	three	0
nazmulkazi	D0422-S2-T02	NEGATION_FLIP	i didn't		what you told me i didn't i didn't hear any	1
nazmulkazi	D0422-S2-T02	NUMERIC	18			unalignable
nazmulkazi	D0422-S2-T02	NEGATION_FLIP	she's been	she isn't	has been complaining she will	1
nazmulkazi	D0422-S2-T02	NEGATION_FLIP	don't	then	then	0
nazmulkazi	D0422-S2-T02	NUMERIC	2	two	two	0
nazmulkazi	D0422-S2-T02	NUMERIC	3	three	three	0
nazmulkazi	D0422-S2-T02	NUMERIC	2	two	two	0
nazmulkazi	D0422-S2-T02	NUMERIC	3	three	three	0
nazmulkazi	D0422-S2-T02	NUMERIC	6	six	is six	0
nazmulkazi	D0422-S2-T02	NUMERIC	v 5	fifth five	fit five	0
nazmulkazi	D0422-S2-T02	NUMERIC	change 30	changed 30-something	changed 30 something years of	1
nazmulkazi	D0422-S2-T02	NUMERIC	ninety	90	90	0
nazmulkazi	D0422-S2-T02	NUMERIC	one			unalignable
nazmulkazi	D0422-S2-T02	NEGATION_FLIP	the follicle know	fallible human no	feeling an unhealthy emotion but i am the followable no	0
nazmulkazi	D0422-S2-T02	NEGATION_FLIP	i'll	won't	in't	1
nazmulkazi	D0422-S2-T02	NUMERIC	nine	9-1		unalignable
nazmulkazi	D0422-S2-T02	NUMERIC	one			unalignable
nazmulkazi	D0422-S2-T02	NEGATION_FLIP	not			unalignable
nazmulkazi	D0422-S2-T02	LATERALITY	a late elation whisper ridge this	bliss or rage right it is		unalignable
nazmulkazi	D0422-S2-T02	NUMERIC	when	one		unalignable
nazmulkazi	D0422-S2-T02	NEGATION_FLIP	still no	till now		unalignable
nazmulkazi	D0422-S2-T02	NEGATION_FLIP	haven't	answer		unalignable
nazmulkazi	D0422-S2-T02	NEGATION_FLIP	can	can't	cant	1
nazmulkazi	D0422-S2-T02	NEGATION_FLIP	let us know	that is no	that is no	0
nazmulkazi	D0422-S2-T02	NEGATION_FLIP	no	know	know	0
nazmulkazi	D0422-S2-T02	NUMERIC	four			unalignable
nazmulkazi	D0422-S2-T02	LATERALITY	self-determination bright and	self-damination right in	havidual self-damination right in	0
nazmulkazi	D0422-S2-T02	NUMERIC	5	five	five	0
nazmulkazi	D0422-S2-T02	LATERALITY	great	right	right	0
nazmulkazi	D0422-S2-T02	NEGATION_FLIP	no	now	no	1
nazmulkazi	D0422-S2-T02	NEGATION_FLIP	should	shouldn't	better and that i should have any pain with	1
nazmulkazi	D0422-S2-T02	NEGATION_FLIP	no	now	disput kay not	1
nazmulkazi	D0422-S2-T02	NEGATION_FLIP	know	no		unalignable
nazmulkazi	D0422-S2-T02	NEGATION_FLIP	should	shouldn't	should'	1
nazmulkazi	D0422-S2-T02	NEGATION_FLIP	no	no-good	makes me an irresponsible no good person i feel disgusting i feel	1
nazmulkazi	D0422-S2-T02	NEGATION_FLIP	now shania	shouldn't i	should i	1
nazmulkazi	D0422-S2-T02	NEGATION_FLIP	no	now	so no i just forgot which one we	1
nazmulkazi	D0422-S2-T02	LATERALITY	bright	right	just bethat	1
nazmulkazi	D0422-S2-T02	LATERALITY	right	at	out	0
nazmulkazi	D0422-S2-T02	NEGATION_FLIP	i can't		can i i can't well notice that you told me that you believed in your drama	1
nazmulkazi	D0422-S2-T02	NEGATION_FLIP	no	known	so are you willing to accept that up until this recent point you haven't known more because if you had no more you might have done things differently	1
nazmulkazi	D0422-S2-T02	NEGATION_FLIP	now	no		unalignable
nazmulkazi	D0422-S2-T02	NEGATION_FLIP	don't	know	known't	0
nazmulkazi	D0422-S2-T02	NEGATION_FLIP	should	shouldn't	that it is so i think the best for me right now would be to investigate to see to really stop and think and go through it instead of just anyone can write down a bunch of i should	1
nazmulkazi	D0422-S2-T02	NEGATION_FLIP	know	no	no i'mtinguh	0
nazmulkazi	D0422-S3-T01	NEGATION_FLIP	all-or-nothing	nothing	nothing	0
nazmulkazi	D0422-S3-T01	NEGATION_FLIP	don't	i	i	0
nazmulkazi	D0422-S3-T01	NEGATION_FLIP	would	wouldn't	wouldn't be enough or would	0
nazmulkazi	D0422-S3-T01	NEGATION_FLIP	would	wouldn't	wouldn'	1
nazmulkazi	D0422-S3-T01	NEGATION_FLIP	not	know	know	0
nazmulkazi	D0422-S3-T01	NEGATION_FLIP	i	no	no	0
nazmulkazi	D0422-S3-T01	NEGATION_FLIP	haven't			unalignable
nazmulkazi	D0422-S3-T01	LATERALITY	what steering right	what's scary what's	in him and that may be what scaring right	1
nazmulkazi	D0422-S3-T01	NEGATION_FLIP	does	doesn't	doesn't	0
nazmulkazi	D0422-S3-T01	NUMERIC	to is	two it's	just like it's fine if i would have tried on that i would have taken a longer to i	1
nazmulkazi	D0422-S3-T01	NEGATION_FLIP	i	no	no	0
nazmulkazi	D0422-S3-T01	NEGATION_FLIP	is	isn't	a part of me that is it still feeling like i need or wanting that motherly care like	1
nazmulkazi	D0422-S3-T01	NEGATION_FLIP	know	no	and it sounds like she has had a hard time taking that in she does not know so that might be the growing edge of	0
nazmulkazi	D0422-S3-T01	NUMERIC	5	o'clock	at 5	1
nazmulkazi	D0422-S3-T01	NUMERIC	5	five		unalignable
nazmulkazi	D0422-S3-T01	NUMERIC	7	seven		unalignable
nazmulkazi	D0422-S3-T01	NUMERIC	so	20		unalignable
nazmulkazi	D0422-S3-T01	NUMERIC	5	five	five	0
nazmulkazi	D0422-S3-T01	NUMERIC	at 6	is six	is six	0
nazmulkazi	D0422-S3-T01	NUMERIC	8	eight	eight	0
nazmulkazi	D0422-S3-T01	NUMERIC	7	seven	seven	0
nazmulkazi	D0422-S3-T01	NEGATION_FLIP	are	aren't	going to reach a point where new things are going to come up	1
nazmulkazi	D0422-S3-T01	NUMERIC	2	two	two	0
nazmulkazi	D0422-S3-T01	NUMERIC	3	three	three	0
nazmulkazi	D0422-S3-T01	NUMERIC	211th	211	211	0
nazmulkazi	D0422-S3-T01	NUMERIC	and three	in 300	1 in 300 you will	0
nazmulkazi	D0422-S3-T01	NUMERIC	hundred		1 in 300 you will	0
nazmulkazi	D0422-S3-T01	NUMERIC	1	in	and	0
nazmulkazi	D0422-S3-T01	LATERALITY	right			unalignable
nazmulkazi	D0422-S3-T01	NUMERIC	ou 200	do oh	do oh	0
nazmulkazi	D0422-S3-T01	LATERALITY	escalades right	escalates write	escalate right about it	1
nazmulkazi	D0422-S3-T02	NUMERIC	5	five		unalignable
nazmulkazi	D0422-S3-T02	NUMERIC	10	ten	or 10 minutes	1
nazmulkazi	D0422-S3-T02	NEGATION_FLIP	i can't		things that probably won't happen like i just can't i can't come up with one where that doesn't keep you know that the best i can come up with is things get better for a while which at this point is not so bad i have lots of	1
nazmulkazi	D0422-S3-T02	NEGATION_FLIP	i don't care			unalignable
nazmulkazi	D0422-S3-T02	NUMERIC	two	to	the	0
nazmulkazi	D0422-S3-T02	NEGATION_FLIP	know no		no no i think about it yeah	1
nazmulkazi	D0422-S3-T02	NUMERIC	3	three	three	0
nazmulkazi	D0422-S3-T02	NUMERIC	2	two	hours around 2	1
nazmulkazi	D0422-S3-T02	NUMERIC	3 3	three o'clock	yeah 3 3	1
nazmulkazi	D0422-S3-T02	NUMERIC	3	three	three	0
nazmulkazi	D0422-S3-T02	NUMERIC	3	three	three	0
nazmulkazi	D0422-S3-T02	NEGATION_FLIP	not	imagining	i am mentagining	0
nazmulkazi	D0422-S3-T02	NEGATION_FLIP	will know	well no	i know i can make it through the next few hours but i don't know if i want to will know i know i don't want to i don't know whether	0
nazmulkazi	D0422-S3-T02	NUMERIC	6	six		unalignable
nazmulkazi	D0422-S3-T02	NEGATION_FLIP	know	no	no	0
nazmulkazi	D0422-S3-T02	NEGATION_FLIP	no i can just call			unalignable
nazmulkazi	D0422-S3-T03	NEGATION_FLIP	did they	didn't i	this weekend did not	0
nazmulkazi	D0422-S3-T03	NUMERIC	000	000-ish	20 indition	0
nazmulkazi	D0422-S3-T03	NEGATION_FLIP	want	wouldn't	want'	1
nazmulkazi	D0422-S3-T03	NEGATION_FLIP	had	hadn't	hadn'	1
nazmulkazi	D0422-S3-T03	LATERALITY	laughed	left	left	0
nazmulkazi	D0422-S3-T03	NUMERIC	25	25-year	25-year	0
nazmulkazi	D0422-S3-T03	NUMERIC	for	four	four kids	0
nazmulkazi	D0422-S3-T03	NUMERIC	hour-and-a-half	half	half keo	0
nazmulkazi	D0422-S3-T03	NUMERIC	first	frustration	frustration	0
nazmulkazi	D0422-S3-T03	NEGATION_FLIP	are	aren't	aren't	0
nazmulkazi	D0422-S3-T03	NEGATION_FLIP	none	nut	not	1
nazmulkazi	D0422-S3-T03	NUMERIC	when	one	one	0
nazmulkazi	D0422-S3-T03	NEGATION_FLIP	are	aren't	are	1
nazmulkazi	D0422-S3-T03	NEGATION_FLIP	is	isn't	is it so part of her this is so amazing and	1
nazmulkazi	D0422-S3-T03	LATERALITY	right now says	her analysis of	her analysis at tussel	0
nazmulkazi	D0422-S3-T03	NEGATION_FLIP	know	no	answer to this might just be know is are you doing that thing at all where i mean when somebody	1
nazmulkazi	D0422-S3-T03	NEGATION_FLIP	not	that	that that	0
nazmulkazi	D0422-S3-T04	NUMERIC	8	eight	eight hour	0
nazmulkazi	D0422-S3-T04	NEGATION_FLIP	no		na-	0
nazmulkazi	D0422-S3-T04	NEGATION_FLIP	no	know	know	0
nazmulkazi	D0422-S3-T04	LATERALITY	write	right	know rightritewhat	1
nazmulkazi	D0422-S3-T04	NUMERIC	1200	200	she wants to do is because my rents going down to 1200	1
nazmulkazi	D0422-S3-T04	NUMERIC	1200	200	not going to be able to get 1200 rent anywhere that	1
nazmulkazi	D0422-S3-T04	NUMERIC	1200	200	or in a bad neighborhood so she wants my 1200 rent you know and for me to move into the house	1
nazmulkazi	D0422-S3-T04	NUMERIC	5	five	five	0
nazmulkazi	D0422-S3-T04	NEGATION_FLIP	would	wouldn't	would'	1
nazmulkazi	D0422-S3-T04	LATERALITY	write	right	right	0
nazmulkazi	D0422-S3-T04	NUMERIC	2	two	two	0
nazmulkazi	D0422-S3-T05	NEGATION_FLIP	don't know i'm		you can't bear no not really i just don't really have anything to say i don't worry too much about you i don't know am	1
nazmulkazi	D0422-S3-T05	NUMERIC	one	when	when	0
nazmulkazi	D0422-S3-T05	NEGATION_FLIP	know	no	learn but know	1
nazmulkazi	D0422-S3-T05	NEGATION_FLIP	won't	we'll	will	0
nazmulkazi	D0422-S3-T05	NUMERIC	two	too	to	0
nazmulkazi	D0422-S3-T06	LATERALITY	right		right i'm okay i think	1
nazmulkazi	D0422-S3-T06	LATERALITY	right		right yeah probably something really important going on if not knowing what to say but it will emerge at some point eventually it happens	1
nazmulkazi	D0422-S3-T06	NUMERIC	by	5		unalignable
nazmulkazi	D0422-S4-T01	NUMERIC	is going to win and	even 1 a m that	it was wing in that	1
nazmulkazi	D0422-S4-T01	NEGATION_FLIP	doesn't	it	it	0
nazmulkazi	D0422-S4-T01	NEGATION_FLIP	no	know	know	0
nazmulkazi	D0422-S4-T01	NEGATION_FLIP	had	hadn't	actually make out because we had him for like	1
nazmulkazi	D0422-S4-T01	NUMERIC	3	three	three	0
nazmulkazi	D0422-S4-T01	NEGATION_FLIP	you can't		you can't you can	1
nazmulkazi	D0422-S4-T01	NEGATION_FLIP	not		not not calling him names i'm not hitting him or throwing things or even raising my voice but like	1
nazmulkazi	D0422-S4-T01	NUMERIC	3	three	three	0
nazmulkazi	D0422-S4-T01	NEGATION_FLIP	spend and	i hadn't	i hadn't	0
nazmulkazi	D0422-S4-T01	NUMERIC	3	three	three	0
nazmulkazi	D0422-S4-T01	NEGATION_FLIP	was	wasn't	was't	1
nazmulkazi	D0422-S4-T01	NUMERIC	four	for		unalignable
nazmulkazi	D0422-S4-T01	NUMERIC	two	to	to	0
nazmulkazi	D0422-S4-T01	NEGATION_FLIP	not	that	i don't know it's just hard i'm also like a little bit sick and not makes it hard to i guess just i don't know maybe the when	1
nazmulkazi	D0422-S4-T01	LATERALITY	right		then do like i think more immediate right works better for you works better than something in	1
nazmulkazi	D0422-S4-T01	NUMERIC	8	eight	eight	0
nazmulkazi	D0422-S4-T01	NUMERIC	2	two	two	0
nazmulkazi	D0422-S4-T01	NEGATION_FLIP	sydney couldn't	could in	be that he could	0
nazmulkazi	D0422-S4-T01	NUMERIC	five	to		unalignable
nazmulkazi	D0422-S4-T01	NUMERIC	1	one	one	0
nazmulkazi	D0422-S4-T01	NUMERIC	when	one	that working	1
nazmulkazi	D0422-S4-T01	NUMERIC	3	the		unalignable
nazmulkazi	D0422-S4-T01	NUMERIC	2	to		unalignable
nazmulkazi	D0422-S4-T01	NUMERIC	6	six		unalignable
nazmulkazi	D0422-S4-T02	NUMERIC	6th	sixth	six	0
nazmulkazi	D0422-S4-T02	NUMERIC	4	four-ish		unalignable
nazmulkazi	D0422-S4-T02	NEGATION_FLIP	aren't	yarn	arm	0
nazmulkazi	D0422-S4-T02	NEGATION_FLIP	can	can't		unalignable
nazmulkazi	D0422-S4-T02	NEGATION_FLIP	not	now	now	0
nazmulkazi	D0422-S4-T02	NEGATION_FLIP	doesn't	in	like if it does it doesn't such a subtle way that like it doesn't help immediately help as i could see working right away usually people feel in effect in about 20 minutes	1
nazmulkazi	D0422-S4-T02	NEGATION_FLIP	it would	i wouldn't	i would have to deal with them that would feel nice to be able to say	1
nazmulkazi	D0422-S4-T02	NEGATION_FLIP	couldn't be right	in theory write	could'y right one cover letter	0
nazmulkazi	D0422-S4-T02	LATERALITY	couldn't be right	in theory write	could'y right one cover letter	1
nazmulkazi	D0422-S4-T02	LATERALITY	cake write a note	take right and that	take right and that	0
nazmulkazi	D0422-S4-T02	NEGATION_FLIP	there isn't		true skepticism that there isn't there isn't necessarily one right but that there are lots of ways to look at something or lots of possibilities and	1
nazmulkazi	D0422-S4-T02	NUMERIC	anyone believe it's	one belief gives	error in anyone belief gives	1
nazmulkazi	D0422-S4-T02	NUMERIC	2	250		unalignable
nazmulkazi	D0422-S4-T02	NUMERIC	50			unalignable
nazmulkazi	D0422-S4-T02	NUMERIC	1	one	justst up one se two	0
nazmulkazi	D0422-S4-T02	NUMERIC	2	two	justst up one se two	0
nazmulkazi	D0422-S4-T02	NEGATION_FLIP	wellbutrin	not	been almost two weeks since the appointment with the week of the klonopin the week of the lower wellbutrin	1
nazmulkazi	D0422-S4-T02	NUMERIC	two klonopin	the clonopin	the klonopin i think it's more just like all the panic is making me tired	0
nazmulkazi	D0422-S4-T02	NUMERIC	when i	one i'd	that's when i	1
nazmulkazi	D0422-S4-T02	NUMERIC	before	four	inhaled a for	1
nazmulkazi	D0422-S4-T02	NUMERIC	4	four		unalignable
nazmulkazi	D0422-S4-T02	NUMERIC	4 and	four then		unalignable
nazmulkazi	D0422-S4-T02	NUMERIC	4	four		unalignable
nazmulkazi	D0422-S4-T02	NUMERIC	4	four		unalignable
nazmulkazi	D0422-S4-T02	NUMERIC	4	four		unalignable
nazmulkazi	D0422-S4-T02	NUMERIC	4	four		unalignable
nazmulkazi	D0422-S4-T02	NUMERIC	4	four		unalignable
nazmulkazi	D0422-S4-T02	NUMERIC	for	four	four	0
nazmulkazi	D0422-S4-T02	NUMERIC	two	a	you out of where you are two different place	1
nazmulkazi	D0422-S4-T03	NUMERIC	2	two	two	0
nazmulkazi	D0422-S4-T03	NEGATION_FLIP	didn't not	in that	it not so	1
nazmulkazi	D0422-S4-T03	NEGATION_FLIP	and not	in that	lost in that	0
nazmulkazi	D0422-S4-T03	NUMERIC	four	for	for	0
nazmulkazi	D0422-S4-T03	NUMERIC	8	eight	eight	0
nazmulkazi	D0422-S4-T03	NEGATION_FLIP	ya know	yeah no	yeh no	0
nazmulkazi	D0422-S4-T03	NUMERIC	one of the		like one of my one of the things that i really hope that i could do is do chemistry that he would find like in that class of things	1
nazmulkazi	D0422-S4-T03	NEGATION_FLIP	not	that	unhappy most of the time and not and i guess i feel like i don't really trust her to or the same extent at all like i just i meant to say more there but then	1
nazmulkazi	D0422-S4-T03	NEGATION_FLIP	would	wouldn't	wouldn't	0
nazmulkazi	D0422-S4-T03	NEGATION_FLIP	doesn't hack	does impact	does impact	0
nazmulkazi	D0422-S4-T03	NUMERIC	15 till 2	being tilt to	being tilt to	0
nazmulkazi	D0422-S4-T03	NEGATION_FLIP	now	no	actually resolve some of what i was trying to resolve because well go ahead now go ahead well	1
nazmulkazi	D0422-S4-T03	NEGATION_FLIP	can't	can	can	0
nazmulkazi	D0422-S4-T03	NUMERIC	2nd	second	second	0
nazmulkazi	D0422-S4-T04	NEGATION_FLIP	should	shouldn't	shouldn't	0
nazmulkazi	D0422-S4-T04	LATERALITY	left	lift		unalignable
nazmulkazi	D0422-S4-T04	NUMERIC	2 and when she	too in which he	too'	0
nazmulkazi	D0422-S4-T04	NUMERIC	forties	40s	40s	0
nazmulkazi	D0422-S4-T04	NUMERIC	10	10-year-old	10yearold	0
nazmulkazi	D0422-S4-T04	NUMERIC	twenty-four-year-old	24-year-old	24-year-old	0
nazmulkazi	D0422-S4-T04	NUMERIC	going	24	24	0
nazmulkazi	D0422-S4-T04	NUMERIC	thirties	30s	30s	0
nazmulkazi	D0422-S4-T04	NUMERIC	20	24	24	0
nazmulkazi	D0422-S4-T04	LATERALITY	right	bright	bright	0
nazmulkazi	D0422-S4-T04	NUMERIC	u2	bye		unalignable
nazmulkazi	D0422-S4-T05	NEGATION_FLIP	and not	in that	been talking less about my frustrations with him so i can be available to him and not clearly not very good time in his life and not talking	1
nazmulkazi	D0422-S4-T05	NUMERIC	2	two	two	0
nazmulkazi	D0422-S4-T05	NEGATION_FLIP	nice guy fisher out of	not exactly sure how to	i am not exactly sure fram	0
nazmulkazi	D0422-S4-T05	NUMERIC	6	six	six	0
nazmulkazi	D0422-S4-T05	NUMERIC	2	two	some of us are leaving the reception the wedding reception at 2 in the morning	1
nazmulkazi	D0422-S4-T05	NEGATION_FLIP	no		no memories from	1
nazmulkazi	D0422-S4-T05	NEGATION_FLIP	act i	ect no		unalignable
nazmulkazi	D0422-S4-T05	NEGATION_FLIP	i	no		unalignable
nazmulkazi	D0422-S4-T05	NEGATION_FLIP	i	no		unalignable
nazmulkazi	D0422-S4-T05	NEGATION_FLIP	no	know		unalignable
nazmulkazi	D0422-S4-T05	NUMERIC	50	50-50		unalignable
nazmulkazi	D0422-S4-T05	NUMERIC	50			unalignable
nazmulkazi	D0422-S4-T05	NEGATION_FLIP	canton oh	can't know		unalignable
nazmulkazi	D0422-S4-T05	NUMERIC	50	50-50		unalignable
nazmulkazi	D0422-S4-T05	NUMERIC	50			unalignable
nazmulkazi	D0422-S4-T05	NUMERIC	5545	55-45		unalignable
nazmulkazi	D0423-S1-T01	NEGATION_FLIP	decide knots by guess	not to buy gifts	my marriage i don't know and then yes i don't know if i can really remember if there were other significant events of that week but the weekend for christmas this year we decide not by guess we ended up buying a	0
nazmulkazi	D0423-S1-T01	NUMERIC	6	o'clock	what was that we you were really able to say but i know that words probably like the bullet point that you could have used for the 6	1
nazmulkazi	D0423-S1-T01	NUMERIC	third	third-person	a third person relationship and	1
nazmulkazi	D0423-S1-T01	NEGATION_FLIP	not	that	recognizing not sitting on my emotions and being	1
nazmulkazi	D0423-S1-T01	LATERALITY	right		it right	1
nazmulkazi	D0423-S1-T01	NEGATION_FLIP	not	that	that	0
nazmulkazi	D0423-S1-T01	NUMERIC	7	seven	seven	0
nazmulkazi	D0423-S1-T01	NUMERIC	7	seven	seven	0
nazmulkazi	D0423-S1-T01	NEGATION_FLIP	i	no	youh	1
nazmulkazi	D0423-S1-T01	NUMERIC	9	nine	nine	0
nazmulkazi	D0423-S1-T01	NUMERIC	5	five-year-old	fiveyar	0
nazmulkazi	D0423-S1-T01	NUMERIC	to	two	talking to complete different languages and i recognized in just sitting there	1
nazmulkazi	D0423-S1-T01	NEGATION_FLIP	knock it	not get	trying to knock get	1
nazmulkazi	D0423-S1-T01	NEGATION_FLIP	can	can't	cant	1
nazmulkazi	D0423-S1-T01	NUMERIC	7	seven	seven	0
nazmulkazi	D0423-S1-T01	NEGATION_FLIP	can	can't		unalignable
nazmulkazi	D0423-S1-T01	NUMERIC	7 year absence	seven-year absence period	seven year absence	0
nazmulkazi	D0423-S1-T01	NUMERIC	it	three	three	0
nazmulkazi	D0423-S1-T01	NUMERIC	four	three	of her	0
nazmulkazi	D0423-S1-T01	NUMERIC	4	profunctionally	for	0
nazmulkazi	D0423-S1-T01	NUMERIC	2	two	two	0
nazmulkazi	D0423-S1-T01	NUMERIC	5 minutes	five-minute segment	five minute segment	0
nazmulkazi	D0423-S1-T01	NUMERIC	five	five-minute	a little five	1
nazmulkazi	D0423-S1-T01	NUMERIC	6	six	six	0
nazmulkazi	D0423-S1-T01	NUMERIC	7	seven	seven	0
nazmulkazi	D0423-S1-T01	NUMERIC	45	45-minute	45-minute	0
nazmulkazi	D0423-S1-T01	NUMERIC	3	three	three	0
nazmulkazi	D0423-S1-T01	NUMERIC	3-day	three-day	threeding	0
nazmulkazi	D0423-S1-T02	NEGATION_FLIP	was	wasn't	wasn'	1
nazmulkazi	D0423-S1-T02	NEGATION_FLIP	could	couldn't	can	1
nazmulkazi	D0423-S1-T02	NEGATION_FLIP	know	no		unalignable
nazmulkazi	D0423-S1-T02	NUMERIC	6	six	six	0
nazmulkazi	D0423-S1-T02	NEGATION_FLIP	don't			unalignable
nazmulkazi	D0423-S1-T02	NEGATION_FLIP	can	shouldn't	the	1
nazmulkazi	D0423-S1-T02	NEGATION_FLIP	i	no	i	1
nazmulkazi	D0423-S1-T02	NEGATION_FLIP	i	no	no	0
nazmulkazi	D0423-S1-T02	NEGATION_FLIP	have	haven't		unalignable
nazmulkazi	D0423-S1-T02	NEGATION_FLIP	can't	can	can'	0
nazmulkazi	D0423-S1-T02	NEGATION_FLIP	doesn't	does	does	0
nazmulkazi	D0423-S1-T02	NUMERIC	one	juan	is good and interesting one	1
nazmulkazi	D0423-S1-T02	NEGATION_FLIP	i	no		unalignable
nazmulkazi	D0423-S1-T02	NEGATION_FLIP	i'm not	in that	in that	0
nazmulkazi	D0423-S1-T02	NUMERIC	hopeful two	helpful to	am helpful to	0
nazmulkazi	D0423-S1-T02	NEGATION_FLIP	you know you could find a lot of categories that don't fall under obligation but well and so this is when things right like this is why the brown students and their taxes are so relevant like they're not meeting their obligations but it doesn't change what i need to do so obviously i don't love them so that's the issue but i feel like you're arguing for some sort of society in my perceptions and i just actually not maybe before a little bit i wasn't necessarily suggesting that okay i was more so		you find a lot of categories' fa under obligation and so this right like this is why the brown students and theirtaxes are so relev like they are not meeting their obligations n' change what i need to do so obviously i don't love them so that's the issue but i feel like you are arguing for some sort ofxicity in my perceptions and i just actually not maybe before a little b i wasn't necessarily suggesting that o i was more so	1
nazmulkazi	D0423-S1-T02	LATERALITY	you know you could find a lot of categories that don't fall under obligation but well and so this is when things right like this is why the brown students and their taxes are so relevant like they're not meeting their obligations but it doesn't change what i need to do so obviously i don't love them so that's the issue but i feel like you're arguing for some sort of society in my perceptions and i just actually not maybe before a little bit i wasn't necessarily suggesting that okay i was more so		you find a lot of categories' fa under obligation and so this right like this is why the brown students and theirtaxes are so relev like they are not meeting their obligations n' change what i need to do so obviously i don't love them so that's the issue but i feel like you are arguing for some sort ofxicity in my perceptions and i just actually not maybe before a little b i wasn't necessarily suggesting that o i was more so	1
nazmulkazi	D0423-S1-T02	NEGATION_FLIP	two kinds of categories of responsibility not represent us attorney for someone i see i see yeah we're going to need to stop there for today okay because i'll see you next week all right okay take care		saying two kinds of categories of responsibility not repre for	1
nazmulkazi	D0423-S1-T02	NUMERIC	two kinds of categories of responsibility not represent us attorney for someone i see i see yeah we're going to need to stop there for today okay because i'll see you next week all right okay take care		saying two kinds of categories of responsibility not repre for	1
nazmulkazi	D0423-S1-T03	NUMERIC	ii	second	second	0
nazmulkazi	D0423-S1-T03	NEGATION_FLIP	haven't talked in	have and call	and call it good	0
nazmulkazi	D0423-S1-T03	NEGATION_FLIP	make something unimportant	that not important	that not important	0
nazmulkazi	D0423-S1-T03	NEGATION_FLIP	no	night	all night	0
nazmulkazi	D0423-S1-T03	NUMERIC	1	was	once a	0
nazmulkazi	D0423-S1-T03	NEGATION_FLIP	was	wasn't	was'	1
nazmulkazi	D0423-S1-T03	NUMERIC	two	to	to	0
nazmulkazi	D0423-S1-T03	NUMERIC	two	to	to	0
nazmulkazi	D0423-S1-T03	NEGATION_FLIP	was an	wasn't ideal	easy thing to say is that monday night post session was an idea but it also wasn't	0
nazmulkazi	D0423-S1-T03	NEGATION_FLIP	knot	not	not	0
nazmulkazi	D0423-S1-T03	NUMERIC	6	six	six	0
nazmulkazi	D0423-S1-T03	NEGATION_FLIP	has not truly		is not wholy	1
nazmulkazi	D0423-S1-T03	NEGATION_FLIP	had	hadn't	hadt	1
nazmulkazi	D0423-S1-T03	NUMERIC	ii	second	the second	0
nazmulkazi	D0423-S2-T01	LATERALITY	right	straight	straight	0
nazmulkazi	D0423-S2-T01	NEGATION_FLIP	no		know	0
nazmulkazi	D0423-S2-T02	NEGATION_FLIP	i	no	no	0
nazmulkazi	D0423-S2-T02	NUMERIC	when	one	when	1
nazmulkazi	D0423-S2-T02	NUMERIC	9	nine	i am	0
nazmulkazi	D0423-S2-T02	NEGATION_FLIP	could	couldn't	couldt	1
nazmulkazi	D0423-S2-T02	LATERALITY	i may ask	i'm left to	my worth or self-esteem off of doing all of that and if i am love to	1
nazmulkazi	D0423-S2-T02	NUMERIC	2	two	two	0
nazmulkazi	D0423-S2-T02	NEGATION_FLIP	no	know	know	0
nazmulkazi	D0423-S2-T02	NUMERIC	about 2	that too	that too	0
nazmulkazi	D0423-S2-T02	NEGATION_FLIP	know	no	no	0
nazmulkazi	D0423-S2-T02	NEGATION_FLIP	envy no part	emphasis on applauding	is not e on applott	1
nazmulkazi	D0423-S2-T02	NUMERIC	1	one	one	0
nazmulkazi	D0423-S2-T03	NUMERIC	half	half-hour	half-hour	0
nazmulkazi	D0423-S2-T03	NUMERIC	for	four	four	0
nazmulkazi	D0423-S2-T03	NUMERIC	time	10	10	0
nazmulkazi	D0423-S2-T03	NEGATION_FLIP	isn't here in	that's inherent or	that iss inherent or	0
nazmulkazi	D0423-S2-T03	NUMERIC	3	three	three	0
nazmulkazi	D0423-S2-T03	NUMERIC	4	four	four	0
nazmulkazi	D0423-S2-T03	NUMERIC	5	five	five	0
nazmulkazi	D0423-S2-T03	NUMERIC	6th		to sick	0
nazmulkazi	D0423-S2-T03	NUMERIC	6	six	six	0
nazmulkazi	D0423-S2-T03	NUMERIC	3	three	three	0
nazmulkazi	D0423-S2-T03	NUMERIC	civics	six	six	0
nazmulkazi	D0423-S2-T03	NUMERIC	3	three	was in	0
nazmulkazi	D0423-S2-T03	NUMERIC	and grey sex scene when	in grade six they knew	to kleal in grade six they knew	0
nazmulkazi	D0423-S2-T03	NUMERIC	6 is	six was	s was	0
nazmulkazi	D0423-S2-T03	NUMERIC	add s i t a r	first had this idea of wearing	first this idea wearing a	0
nazmulkazi	D0423-S2-T03	NEGATION_FLIP	going to	we couldn't	who couldn't	0
nazmulkazi	D0423-S2-T03	NEGATION_FLIP	not empty	an emptier	was not emptyer	1
nazmulkazi	D0423-S2-T03	NUMERIC	and 6th	in sixth	time and then what was really hard and sixth	0
nazmulkazi	D0423-S2-T03	NUMERIC	6	six	six	0
nazmulkazi	D0423-S2-T03	NUMERIC	6	six	six	0
nazmulkazi	D0423-S2-T03	NUMERIC	3	three	three	0
nazmulkazi	D0423-S2-T03	NUMERIC	6	six	six	0
nazmulkazi	D0423-S2-T03	NEGATION_FLIP	was	wasn't	was'	1
nazmulkazi	D0423-S2-T03	NEGATION_FLIP	haven't	had	had	0
nazmulkazi	D0423-S2-T03	NUMERIC	6 foot	six-foot snowstorm	six foot	0
nazmulkazi	D0423-S2-T03	NUMERIC	grace 6	grade six	grade six	0
nazmulkazi	D0423-S2-T03	NUMERIC	7	seven	seven	0
nazmulkazi	D0423-S2-T03	NUMERIC	7 8	seven eight	and eight	0
nazmulkazi	D0423-S2-T03	NUMERIC	for	four	four	0
nazmulkazi	D0423-S2-T03	NUMERIC	5	five	five and	0
nazmulkazi	D0423-S2-T03	NEGATION_FLIP	nothing	thing	thing	0
nazmulkazi	D0423-S2-T03	NUMERIC	2	two	two	0
nazmulkazi	D0423-S2-T03	NEGATION_FLIP	can't	letting		unalignable
nazmulkazi	D0424-S1-T01	NEGATION_FLIP	can	can't		unalignable
nazmulkazi	D0424-S1-T01	NEGATION_FLIP	neither	their		unalignable
nazmulkazi	D0424-S1-T01	NEGATION_FLIP	now	no		unalignable
nazmulkazi	D0424-S1-T01	NUMERIC	two	who		unalignable
nazmulkazi	D0424-S1-T01	NEGATION_FLIP	don't	i'm		unalignable
nazmulkazi	D0424-S1-T02	NUMERIC	5	five	five	0
nazmulkazi	D0424-S1-T02	NUMERIC	4	four	four	0
nazmulkazi	D0424-S1-T02	NEGATION_FLIP	know	no	for some people actually know we	1
nazmulkazi	D0424-S1-T02	NUMERIC	9 ulysses 7 linens	nine ulissas seven lennons	nine youes seven lenons	0
nazmulkazi	D0424-S1-T02	LATERALITY	right	upright	upright	0
nazmulkazi	D0424-S1-T02	NUMERIC	10	ten	or 10 somebody took a picture of me riding a bicycle and reading at the same time it	1
nazmulkazi	D0424-S1-T02	NEGATION_FLIP	can	can't	cannot	0
nazmulkazi	D0424-S1-T02	NUMERIC	5	five	five	0
nazmulkazi	D0424-S1-T03	NEGATION_FLIP	don't	was		unalignable
nazmulkazi	D0424-S1-T03	NUMERIC	staying for 1	seeing from one		unalignable
nazmulkazi	D0424-S1-T03	NEGATION_FLIP	had	hadn't	hadn't	0
nazmulkazi	D0424-S1-T03	NEGATION_FLIP	doesn't	it		unalignable
nazmulkazi	D0424-S1-T03	NEGATION_FLIP	as much	just not		unalignable
nazmulkazi	D0424-S1-T03	NUMERIC	west des moines	last two months		unalignable
nazmulkazi	D0424-S1-T03	NUMERIC	3	three		unalignable
nazmulkazi	D0424-S1-T03	NUMERIC	5657	seven		unalignable
nazmulkazi	D0424-S1-T03	NUMERIC	6	six		unalignable
nazmulkazi	D0424-S1-T03	NUMERIC	a	eight	adresses	1
nazmulkazi	D0424-S1-T03	NEGATION_FLIP	didn't do as	to it is		unalignable
nazmulkazi	D0424-S1-T03	NUMERIC	6			unalignable
nazmulkazi	D0424-S1-T03	NEGATION_FLIP	didn't	did	did	0
nazmulkazi	D0424-S1-T03	NEGATION_FLIP	can	can't		unalignable
nazmulkazi	D0424-S2-T01	NUMERIC	12	well	while	0
nazmulkazi	D0424-S2-T01	NEGATION_FLIP	you are	he won't	he won't	0
nazmulkazi	D0424-S2-T01	NUMERIC	to	two	two	0
nazmulkazi	D0424-S2-T01	NEGATION_FLIP	or	nor	nor	0
nazmulkazi	D0424-S2-T01	NUMERIC	goddaughters 3rd	goddaughter's third	daughter's third	0
nazmulkazi	D0424-S2-T01	NUMERIC	50	50-pound	of clothes which was which is like a huge 50	1
nazmulkazi	D0424-S2-T01	NEGATION_FLIP	then why wouldn't		the why wouldn't she just pick up the phone and call and leave a	1
nazmulkazi	D0424-S2-T01	NUMERIC	2	two	two	0
nazmulkazi	D0424-S2-T01	NEGATION_FLIP	no	know	know	0
nazmulkazi	D0424-S2-T01	NUMERIC	6	six	six	0
nazmulkazi	D0424-S2-T01	NUMERIC	7	seven	seven	0
nazmulkazi	D0424-S2-T01	NUMERIC	3-hour	three-hour	three-hour	0
nazmulkazi	D0424-S2-T01	NUMERIC	one of them		one of them has to	1
nazmulkazi	D0424-S2-T01	NUMERIC	6	six	six	0
nazmulkazi	D0424-S2-T01	NUMERIC	8	o'clock	you know 8	1
nazmulkazi	D0424-S2-T01	NUMERIC	3	three	three	0
nazmulkazi	D0424-S2-T01	NEGATION_FLIP	know on the	no i'm away	hours or you know know i am away	1
nazmulkazi	D0424-S2-T01	NEGATION_FLIP	that i didn't	i to them	just like little stuff that that i to them	0
nazmulkazi	D0424-S2-T01	NEGATION_FLIP	there go to singer	they're noticing or not	are noticing or gou	1
nazmulkazi	D0424-S2-T01	NUMERIC	6	six	six	0
nazmulkazi	D0424-S2-T01	NUMERIC	1	120	so let you know let's do 1 20 unless i contact you okay	0
nazmulkazi	D0424-S2-T01	NUMERIC	20		so let you know let's do 1 20 unless i contact you okay	0
nazmulkazi	D0424-S2-T02	NEGATION_FLIP	won't	to	to	0
nazmulkazi	D0424-S2-T02	NEGATION_FLIP	now	no	no	0
nazmulkazi	D0424-S2-T02	NUMERIC	once into	and two	and two	0
nazmulkazi	D0424-S2-T02	LATERALITY	write that	right but	p but	1
nazmulkazi	D0424-S2-T02	NEGATION_FLIP	margin margin or not but you have things you're thinking yeah but you know what i mean it's like with everything else		writing them in the margin margin or not but you have things you are thinking you have but you know what i meanun like with everything else written music just	1
nazmulkazi	D0424-S2-T02	LATERALITY	right of you	had a view	had of view	0
nazmulkazi	D0424-S2-T02	NEGATION_FLIP	you know	yeah no	yeah know i mean i guess i could have just	1
nazmulkazi	D0424-S2-T02	NEGATION_FLIP	haven't	it	it	0
nazmulkazi	D0424-S2-T02	NUMERIC	just woke before	12 to 4	that unintelligible before mean the last client like you need to be out	1
nazmulkazi	D0424-S2-T02	NUMERIC	4	four		unalignable
nazmulkazi	D0424-S2-T02	NUMERIC	4-hour	four-hour	fourhour	0
nazmulkazi	D0424-S2-T02	NUMERIC	1 2	two o'clock	1 o'clock 2	1
nazmulkazi	D0424-S2-T02	NUMERIC	3	o'clock	and 3	1
nazmulkazi	D0424-S2-T02	NUMERIC	2 2	to 1	one one to two	0
nazmulkazi	D0424-S2-T02	NEGATION_FLIP	you know	yeah no	yeah no	0
nazmulkazi	D0424-S2-T02	NEGATION_FLIP	about	don't	i'munemigible so i don't	0
nazmulkazi	D0424-S2-T02	NEGATION_FLIP	no	now	now	0
nazmulkazi	D0424-S2-T02	NEGATION_FLIP	i don't want to		was not but i didn't want to i don't want to scare her away or get her off	1
nazmulkazi	D0424-S2-T02	NEGATION_FLIP	doesn't know	it on	she doesn't on	1
nazmulkazi	D0424-S2-T02	NEGATION_FLIP	what	not	thought	1
nazmulkazi	D0424-S2-T02	NEGATION_FLIP	i	no	will ye initiate	1
nazmulkazi	D0424-S2-T02	NEGATION_FLIP	sexy and i	see i don't	see i don't	0
nazmulkazi	D0424-S2-T03	NEGATION_FLIP	haven't		i	0
nazmulkazi	D0424-S2-T03	NEGATION_FLIP	aunt	can't	can't	0
nazmulkazi	D0424-S2-T03	NUMERIC	to	two	two	0
nazmulkazi	D0424-S2-T03	NEGATION_FLIP	was	wasn't	wasn't	0
nazmulkazi	D0424-S2-T03	LATERALITY	write	right		unalignable
nazmulkazi	D0424-S2-T03	NUMERIC	to	two	that she told you one thing one that she did it to that she told you it just feels like	0
nazmulkazi	D0424-S2-T03	LATERALITY	rate	right	right	0
nazmulkazi	D0424-S2-T03	NEGATION_FLIP	can	can't	i and i can just something you know	1
nazmulkazi	D0424-S2-T03	NEGATION_FLIP	know	no	no clear	0
nazmulkazi	D0424-S2-T03	NUMERIC	1 hour shut	one-hour period showed	one hour period showed	0
nazmulkazi	D0424-S2-T03	NEGATION_FLIP	have	haven't	then haven't	0
nazmulkazi	D0424-S2-T03	NEGATION_FLIP	know	no	but i know know i know but i feel like	1
nazmulkazi	D0424-S2-T03	NEGATION_FLIP	know that	no that's	i know i know when you hate what even dark what even dark feelings even mean i mean you know lots of people have dark feelings but it would help if you show me what it means and what you associate to it bringing things up memories know that i get all that	1
nazmulkazi	D0424-S2-T03	NUMERIC	four	a	a	0
nazmulkazi	D0424-S2-T03	NEGATION_FLIP	i	no		unalignable
nazmulkazi	D0424-S2-T03	NUMERIC	fifty	50	50 shs a gray but	0
nazmulkazi	D0424-S2-T03	NUMERIC	thought	five	five	0
nazmulkazi	D0424-S2-T04	NUMERIC	two one	2 1	to one i don't know like i was exhausted it was really weird i wonder why i don't know and it happens to me	0
nazmulkazi	D0424-S2-T04	NEGATION_FLIP	now hypochondria	not hypochondriac	not hypochondri conhoriact	0
nazmulkazi	D0424-S2-T04	NEGATION_FLIP	nothing	thing	thing	0
nazmulkazi	D0424-S2-T04	NEGATION_FLIP	don't	would	though	0
nazmulkazi	D0424-S2-T04	NUMERIC	one			unalignable
nazmulkazi	D0424-S2-T04	NEGATION_FLIP	would	wouldn't	she had said to you that weekend and i don't know how that would have been like a punch in the stomach and you were handling it but how could you not but how could	0
nazmulkazi	D0424-S2-T04	NEGATION_FLIP	shown	don't	shown	1
nazmulkazi	D0424-S2-T04	NEGATION_FLIP	don't		't	0
nazmulkazi	D0424-S2-T04	NUMERIC	and 3	on three	tandem with this because it is so like vulnerable and three	0
nazmulkazi	D0424-S2-T04	NEGATION_FLIP	i already got	my art not	my are not	0
nazmulkazi	D0424-S2-T04	NUMERIC	shifters got2b	to be	there is got to be	0
nazmulkazi	D0424-S2-T04	NUMERIC	two			unalignable
nazmulkazi	D0424-S2-T04	NEGATION_FLIP	had	hadn't	hadn't	0
nazmulkazi	D0424-S2-T04	NEGATION_FLIP	of	no	a	1
nazmulkazi	D0424-S2-T04	NUMERIC	and three		be3 no3 arow	0
nazmulkazi	D0424-S2-T04	NUMERIC	one	1	1	0
nazmulkazi	D0424-S2-T04	NUMERIC	11250	50	50	0
nazmulkazi	D0424-S2-T05	NEGATION_FLIP	no	know	know	0
nazmulkazi	D0424-S2-T05	NUMERIC	12	1250	somebody at 12 50 what the fuck it's	0
nazmulkazi	D0424-S2-T05	NUMERIC	50		somebody at 12 50 what the fuck it's	0
nazmulkazi	D0424-S2-T05	NUMERIC	12	1253	1253	0
nazmulkazi	D0424-S2-T05	NUMERIC	53			unalignable
nazmulkazi	D0424-S2-T05	NEGATION_FLIP	i don't really		i don't know i don't really i don't really know what it is	1
nazmulkazi	D0424-S2-T05	NEGATION_FLIP	when he	wouldn't be	would' be	1
nazmulkazi	D0424-S2-T05	NEGATION_FLIP	lot	not	not	0
nazmulkazi	D0424-S2-T05	NEGATION_FLIP	now	not	no one else okay	0
nazmulkazi	D0424-S2-T05	NEGATION_FLIP	did no ceilings	do housing hearings	no	1
nazmulkazi	D0424-S2-T05	NUMERIC	2	too	to	0
nazmulkazi	D0424-S2-T05	NEGATION_FLIP	i'm not		am not aware of i don't know exactly	1
nazmulkazi	D0424-S2-T05	NUMERIC	4 5	five and	and five and	0
nazmulkazi	D0424-S2-T05	NUMERIC	second field in	can feel even	can feel even	0
nazmulkazi	D0424-S2-T05	NUMERIC	4	four	f	0
nazmulkazi	D0424-S2-T05	NUMERIC	1	one	one	0
nazmulkazi	D0424-S2-T05	NUMERIC	to	two	i don't know any of her friends i think maybe one two families maybe that have one kid but they all have at least two or three her sisters have to	0
nazmulkazi	D0424-S2-T05	NUMERIC	to	two	two	0
nazmulkazi	D0424-S2-T05	NEGATION_FLIP	know	no	no b	0
nazmulkazi	D0424-S2-T05	NEGATION_FLIP	can't	became	like we can't we	1
nazmulkazi	D0424-S2-T05	NEGATION_FLIP	we can't		like we can't we became	1
nazmulkazi	D0424-S2-T05	NUMERIC	1	one	one	0
nazmulkazi	D0424-S2-T05	LATERALITY	right	rec	rec-	0
nazmulkazi	D0424-S2-T06	NUMERIC	3	three	three	0
nazmulkazi	D0424-S2-T06	NUMERIC	for	four	four	0
nazmulkazi	D0424-S2-T06	NUMERIC	26th	26	that 6	0
nazmulkazi	D0424-S2-T06	NUMERIC	few	two	two	0
nazmulkazi	D0424-S2-T06	NEGATION_FLIP	is italy so that he doesn't	easily so the heat is at	hisli so that he is	0
nazmulkazi	D0424-S2-T06	NUMERIC	seven	70	70	0
nazmulkazi	D0424-S2-T06	NUMERIC	to shirt	two shirts	too shirt so i	1
nazmulkazi	D0424-S2-T06	NEGATION_FLIP	know	no	no	0
nazmulkazi	D0424-S2-T06	NEGATION_FLIP	know	no	no	0
nazmulkazi	D0424-S2-T06	NUMERIC	2	two	two	0
nazmulkazi	D0424-S2-T06	NEGATION_FLIP	now	no	she is	1
nazmulkazi	D0424-S2-T06	NEGATION_FLIP	can't	can	diplomacy issue which i really disagree i don't think it's so i asked him to explain because i was like i don't know i don't think i think i know how to communicate it's true that i can't that i can't get	1
nazmulkazi	D0424-S2-T06	NEGATION_FLIP	wasn't	in	in	0
nazmulkazi	D0424-S2-T06	NUMERIC	4-year	four-year	four-year	0
nazmulkazi	D0424-S2-T06	NEGATION_FLIP	is	isn't	the workplace is in	1
nazmulkazi	D0424-S2-T06	NUMERIC	for	four	been frustrated over thinking about struggling with this for years with chet and have tried many different things are completely	1
nazmulkazi	D0424-S2-T06	NEGATION_FLIP	no	know	either in the workplace or my personal life is like no stay calm use the right nice voice don't sound like an angry	1
nazmulkazi	D0424-S2-T06	NEGATION_FLIP	have	haven't	and since they have	1
nazmulkazi	D0424-S2-T06	NEGATION_FLIP	what does not but		not been	1
nazmulkazi	D0424-S2-T06	NEGATION_FLIP	know	no	a person with a very different hr perspective having both these people like know the problem	1
nazmulkazi	D0424-S2-T06	NEGATION_FLIP	it does not		really it does not make me feel great about	1
nazmulkazi	D0424-S2-T06	NUMERIC	month or	months four	been having this very much last four month four	0
nazmulkazi	D0424-S2-T06	NEGATION_FLIP	not	that	in that	0
nazmulkazi	D0424-S3-T01	NEGATION_FLIP	lied know	led nowhere	led nowhere	0
nazmulkazi	D0424-S3-T01	NEGATION_FLIP	can	can't	can't be spoken about it almost becomes unreal then if your parents can acknowledge it	0
nazmulkazi	D0424-S3-T01	NEGATION_FLIP	can	can't	parents can acknowledge it	1
nazmulkazi	D0424-S3-T01	NEGATION_FLIP	can	can't	can acknowledge it it sounds like dr	1
nazmulkazi	D0424-S3-T01	NEGATION_FLIP	is it	it isn't		unalignable
nazmulkazi	D0424-S3-T01	NEGATION_FLIP	you don't	he even	he even	0
nazmulkazi	D0424-S3-T01	NEGATION_FLIP	know	no	not do those things around the house and then there are times when i know	0
nazmulkazi	D0424-S3-T01	NEGATION_FLIP	when i'm talkin	we're not talking	are not talking	0
nazmulkazi	D0424-S3-T01	NUMERIC	5	five	five	0
nazmulkazi	D0424-S3-T01	NUMERIC	5	five	moyah no and	0
nazmulkazi	D0424-S3-T01	NEGATION_FLIP	i	no	i	1
nazmulkazi	D0424-S3-T01	NUMERIC	split-second	second	f thatli second	0
nazmulkazi	D0424-S3-T01	NEGATION_FLIP	isn't	in	in	0
nazmulkazi	D0424-S3-T01	NUMERIC	5 month	five months	i five months	0
nazmulkazi	D0424-S3-T01	NUMERIC	8	eight	eight	0
nazmulkazi	D0424-S3-T01	NUMERIC	3 4 5	three four five	f	0
nazmulkazi	D0424-S3-T01	NEGATION_FLIP	know	no	though	1
nazmulkazi	D0424-S3-T01	NUMERIC	100	hundred	100 no she probably has a	1
nazmulkazi	D0424-S3-T01	NEGATION_FLIP	that might not be the		online that might not be the easiest or most	1
nazmulkazi	D0424-S3-T01	NEGATION_FLIP	know	no	no	0
nazmulkazi	D0424-S3-T01	NUMERIC	two	different	different	0
nazmulkazi	D0424-S3-T01	NEGATION_FLIP	now	no		unalignable
nazmulkazi	D0424-S3-T01	NEGATION_FLIP	know	no	no	0
nazmulkazi	D0424-S3-T01	NEGATION_FLIP	not	now	is now	0
nazmulkazi	D0424-S3-T01	NUMERIC	1616	16	16	0
nazmulkazi	D0424-S3-T01	NEGATION_FLIP	still	don't	subtember don't	0
nazmulkazi	D0424-S3-T01	NEGATION_FLIP	haven't		and	0
nazmulkazi	D0424-S3-T01	LATERALITY	right	write	write	0
nazmulkazi	D0424-S3-T02	NUMERIC	8	eight	eight	0
nazmulkazi	D0424-S3-T02	NEGATION_FLIP	i didn't	and then	and then	0
nazmulkazi	D0424-S3-T02	NUMERIC	4	for	for	0
nazmulkazi	D0424-S3-T02	NUMERIC	4	four	four	0
nazmulkazi	D0424-S3-T02	NUMERIC	what	one	o	1
nazmulkazi	D0424-S3-T02	NEGATION_FLIP	could have	couldn't talk	couldn't talk	0
nazmulkazi	D0424-S3-T02	NUMERIC	9	nine	nine	0
nazmulkazi	D0424-S3-T02	NUMERIC	9	nine	n	0
nazmulkazi	D0424-S3-T02	NUMERIC	5	five	five	0
nazmulkazi	D0424-S3-T03	NUMERIC	are we going to have	a week and a half	or week and a half	0
nazmulkazi	D0424-S3-T03	NEGATION_FLIP	were	weren't	weren't	0
nazmulkazi	D0424-S3-T03	NEGATION_FLIP	i don't		me for for it all the same time so i don't i don't know i don't really remember this but i wrote about it a long time	1
nazmulkazi	D0424-S3-T03	NEGATION_FLIP	now	no		unalignable
nazmulkazi	D0424-S3-T04	NEGATION_FLIP	why no	i know	happened what i know	0
nazmulkazi	D0424-S3-T04	NUMERIC	when is	one example	one example	0
nazmulkazi	D0424-S3-T04	NUMERIC	3	three	three	0
nazmulkazi	D0424-S3-T04	NEGATION_FLIP	can't	can	can'	0
nazmulkazi	D0425-S1-T01	NUMERIC	4	four	four	0
nazmulkazi	D0425-S1-T01	NUMERIC	5	five	five	0
nazmulkazi	D0425-S1-T01	NEGATION_FLIP	i	no	no	0
nazmulkazi	D0425-S1-T01	NEGATION_FLIP	we didn't	leading with	leading with	0
nazmulkazi	D0425-S1-T02	NEGATION_FLIP	and	didn't	nott	1
nazmulkazi	D0425-S1-T02	NEGATION_FLIP	not		not not angry at pretty angry at myself pretty angry at the most people in my life i had the impression that	1
nazmulkazi	D0425-S1-T02	NEGATION_FLIP	should	shouldn't	a reason i should be able to do them and i just can't i can't but then i wonder is it just is it just that	0
nazmulkazi	D0425-S1-T02	NUMERIC	8	eight	eight	0
nazmulkazi	D0425-S1-T02	NUMERIC	8	eight	eight	0
nazmulkazi	D0425-S1-T02	NUMERIC	8	eight	eight	0
nazmulkazi	D0425-S1-T02	NEGATION_FLIP	don't		will	0
nazmulkazi	D0425-S1-T02	NEGATION_FLIP	can	can't	in other ways like i can but	1
nazmulkazi	D0425-S1-T03	NUMERIC	3	three	3 and	1
nazmulkazi	D0425-S1-T03	NUMERIC	600	dollars	600	1
nazmulkazi	D0425-S1-T03	NUMERIC	four	for	for	0
nazmulkazi	D0425-S1-T03	NUMERIC	three	he	it	0
nazmulkazi	D0425-S1-T03	NUMERIC	two	two-year-old	two-year-old	0
nazmulkazi	D0425-S1-T03	NEGATION_FLIP	know	no		unalignable
nazmulkazi	D0425-S1-T03	NUMERIC	ii	two	to	1
nazmulkazi	D0425-S1-T03	NEGATION_FLIP	are	aren't	c	1
nazmulkazi	D0425-S1-T03	LATERALITY	left	enough	enough are	0
nazmulkazi	D0425-S1-T03	NUMERIC	one	on	one one hand i i very much want to take care of	1
nazmulkazi	D0425-S2-T01	NEGATION_FLIP	and it	i didn't	i didn't	0
nazmulkazi	D0425-S2-T01	NEGATION_FLIP	neither	nita	to	0
nazmulkazi	D0425-S2-T01	NUMERIC	495	95	charging like 495 for like	1
nazmulkazi	D0425-S2-T01	NUMERIC	half	half-assed	and you know not answer to anybody but yourself you know but also do things that i don't feel half asked about you know	1
nazmulkazi	D0425-S2-T01	NUMERIC	1	one	one	0
nazmulkazi	D0425-S2-T01	NUMERIC	20	20-something	up after 20 something years	1
nazmulkazi	D0425-S2-T01	NUMERIC	24	24-7	people that start to work for themselves that's 24 7 a lot of times	0
nazmulkazi	D0425-S2-T01	NUMERIC	7		people that start to work for themselves that's 24 7 a lot of times	0
nazmulkazi	D0425-S2-T01	NUMERIC	8	eight-year-old	eight-year-old	0
nazmulkazi	D0425-S2-T01	NUMERIC	40	40-year-old	married off to a 40	1
nazmulkazi	D0425-S2-T01	NUMERIC	1	one	one	0
nazmulkazi	D0425-S2-T01	NUMERIC	the one	so then	so then	0
nazmulkazi	D0425-S2-T01	LATERALITY	right	write	or have them right	1
nazmulkazi	D0425-S2-T01	NEGATION_FLIP	not	about	about	0
nazmulkazi	D0425-S2-T01	NEGATION_FLIP	not	that		unalignable
nazmulkazi	D0425-S2-T01	NUMERIC	to	two	to you know that's one to is you know again is that	0
nazmulkazi	D0425-S2-T01	NUMERIC	to course	two courses	two courses	0
nazmulkazi	D0425-S2-T01	NEGATION_FLIP	don't look	it with	do with	0
nazmulkazi	D0425-S2-T01	NEGATION_FLIP	know	no	no will	0
nazmulkazi	D0425-S2-T01	NUMERIC	6	six		unalignable
nazmulkazi	D0425-S2-T01	NEGATION_FLIP	no			unalignable
nazmulkazi	D0425-S2-T01	NEGATION_FLIP	doesn't	it	it	0
nazmulkazi	D0425-S2-T01	NEGATION_FLIP	know	no	yeah know it is and yeah there is with me	1
nazmulkazi	D0425-S2-T01	NUMERIC	alright 1256	50 thanks	dealing with people in general is much more you know i don't keep it in you know but you know it may be part of the same thing alright 12 50 thanks clear se	0
nazmulkazi	D0425-S2-T02	NEGATION_FLIP	are	aren't	aren'	1
nazmulkazi	D0425-S2-T02	NEGATION_FLIP	a that's not		that's not exactly what	1
nazmulkazi	D0425-S2-T02	NEGATION_FLIP	know	no		unalignable
nazmulkazi	D0425-S2-T02	NUMERIC	one	went	went	0
nazmulkazi	D0425-S2-T02	NUMERIC	24	24-month	to a 24 month which is a huge	1
nazmulkazi	D0425-S2-T02	NUMERIC	to 60	a 60-month	a 60-month	0
nazmulkazi	D0425-S2-T02	NEGATION_FLIP	had	hadn't	mentioned the wire had	1
nazmulkazi	D0425-S2-T02	NEGATION_FLIP	did	didn't	to some degree they did	1
nazmulkazi	D0425-S2-T02	LATERALITY	bright	right	right	0
nazmulkazi	D0425-S2-T02	NUMERIC	000		apparently not i mean it's 250 000 251 000 actually which is pretty	0
nazmulkazi	D0425-S2-T02	NEGATION_FLIP	didn't if i		if i didn't if i don't go to the games	1
nazmulkazi	D0425-S2-T02	NUMERIC	3	three	three	0
nazmulkazi	D0425-S2-T02	NUMERIC	2	two	two	0
nazmulkazi	D0425-S2-T02	NUMERIC	to service	two surveys	to serves i't	1
nazmulkazi	D0425-S2-T02	NUMERIC	when	one	i try and do the same thing but i forget which is what they do when cleared the only reason i remember it is because a check	1
nazmulkazi	D0425-S2-T02	NUMERIC	280	80	cheaper at 280 but if	1
nazmulkazi	D0425-S2-T02	NUMERIC	3	320	03	0
nazmulkazi	D0425-S2-T02	NUMERIC	20		20 the question is how long i go out for i fly out on friday	1
nazmulkazi	D0425-S2-T02	NEGATION_FLIP	that's what	not that	not that	0
nazmulkazi	D0425-S2-T03	LATERALITY	sprite	right	right	0
nazmulkazi	D0425-S2-T03	NEGATION_FLIP	no	know	know fussting	0
nazmulkazi	D0425-S2-T03	NUMERIC	6th off for	circ staff are	circ staff are	0
nazmulkazi	D0425-S2-T03	NUMERIC	your two	here too	here to	0
nazmulkazi	D0425-S2-T03	LATERALITY	bright	right	right	0
nazmulkazi	D0425-S2-T03	NEGATION_FLIP	i'm not	and that	and that	0
nazmulkazi	D0425-S2-T03	NUMERIC	into	two	two	0
nazmulkazi	D0425-S2-T03	NEGATION_FLIP	i'm not	and that	that it is	0
nazmulkazi	D0425-S2-T03	NUMERIC	xvi	16th	16	0
nazmulkazi	D0425-S2-T04	NUMERIC	10		have it forgotten	0
nazmulkazi	D0425-S2-T04	LATERALITY	right	right-hand	the church and we could only see the right hand side i said this is your turn and he said is	1
nazmulkazi	D0425-S2-T04	LATERALITY	anyway great	way right	waya right	0
nazmulkazi	D0425-S2-T04	NUMERIC	one			unalignable
nazmulkazi	D0425-S2-T04	NEGATION_FLIP	ya know	yeah no	yeah no	0
nazmulkazi	D0425-S2-T04	NEGATION_FLIP	was	wasn't	wasn't	0
nazmulkazi	D0425-S2-T04	NEGATION_FLIP	not			unalignable
nazmulkazi	D0425-S2-T04	NEGATION_FLIP	want	won't	won't	0
nazmulkazi	D0425-S2-T04	NEGATION_FLIP	mark no	more know	more no more of the doctor thing sometimes you feel like you don't like it's on you if	1
nazmulkazi	D0425-S2-T04	NEGATION_FLIP	is	isn't	is'	1
nazmulkazi	D0425-S3-T01	NUMERIC	to kiss	two kids	two kids	0
nazmulkazi	D0425-S3-T01	NEGATION_FLIP	there's no	they're so	are so	0
nazmulkazi	D0425-S3-T01	NEGATION_FLIP	i've not been		have not been feeling like talking to him at all or like i didn't want to tell him all those things as directly as i did last night just because it	1
nazmulkazi	D0425-S3-T01	NEGATION_FLIP	no	know		unalignable
nazmulkazi	D0425-S3-T01	NEGATION_FLIP	no	know	know	0
nazmulkazi	D0425-S3-T01	NEGATION_FLIP	not		not not	1
nazmulkazi	D0425-S3-T01	NUMERIC	98	98-year-old	98-year-old	0
nazmulkazi	D0425-S3-T01	NEGATION_FLIP	issue no thanks	you know thing	you know thing	0
nazmulkazi	D0425-S3-T01	NEGATION_FLIP	where is	aren't you		unalignable
nazmulkazi	D0425-S3-T01	NEGATION_FLIP	to run	oh no		unalignable
nazmulkazi	D0425-S3-T01	NEGATION_FLIP	did i see what	there doesn't seem a		unalignable
nazmulkazi	D0425-S3-T01	NEGATION_FLIP	a demon	not even		unalignable
nazmulkazi	D0425-S3-T01	NEGATION_FLIP	it's not	i'm snobby		unalignable
nazmulkazi	D0425-S3-T01	NUMERIC	10-year	tenure		unalignable
nazmulkazi	D0425-S3-T01	LATERALITY	right	writing		unalignable
nazmulkazi	D0425-S3-T01	NEGATION_FLIP	not			unalignable
nazmulkazi	D0425-S3-T01	NEGATION_FLIP	foot	not		unalignable
nazmulkazi	D0425-S3-T01	NEGATION_FLIP	thing question being as what	shouldn't be in his way	thing as u	1
nazmulkazi	D0425-S3-T01	NEGATION_FLIP	not			unalignable
nazmulkazi	D0425-S3-T01	NEGATION_FLIP	give us a high-value	he doesn't have value		unalignable
nazmulkazi	D0425-S3-T01	NEGATION_FLIP	it'll	don't		unalignable
nazmulkazi	D0425-S3-T01	NEGATION_FLIP	them	no		unalignable
nazmulkazi	D0425-S3-T01	LATERALITY	right then	read thin		unalignable
nazmulkazi	D0425-S3-T02	LATERALITY	write	right		unalignable
nazmulkazi	D0425-S3-T02	LATERALITY	last name	left him		unalignable
nazmulkazi	D0425-S3-T02	NUMERIC	when	one		unalignable
nazmulkazi	D0425-S3-T02	NEGATION_FLIP	do	didn't		unalignable
nazmulkazi	D0425-S3-T02	NEGATION_FLIP	not	know		unalignable
nazmulkazi	D0425-S3-T02	NEGATION_FLIP	not	know		unalignable
nazmulkazi	D0425-S3-T02	NUMERIC	in 200	into oh	intoro ary volteer	0
nazmulkazi	D0425-S3-T02	NUMERIC	two	to		unalignable
nazmulkazi	D0425-S3-T02	NEGATION_FLIP	not	very	i am very	0
nazmulkazi	D0425-S3-T02	NEGATION_FLIP	know	no		unalignable
nazmulkazi	D0425-S3-T02	NUMERIC	a one-time	one time	one time	0
nazmulkazi	D0425-S3-T02	NEGATION_FLIP	do	don't		unalignable
nazmulkazi	D0425-S3-T02	NEGATION_FLIP	should	shouldn't	not changing so are you suggesting i should	0
nazmulkazi	D0425-S3-T02	NEGATION_FLIP	want	won't	i just want to see my	1
nazmulkazi	D0425-S3-T02	NUMERIC	5000	000	they gave me 5000 to be able to finish and i was really just i was just at the center of my universe	1
nazmulkazi	D0425-S3-T02	NEGATION_FLIP	can	couldn't	couldn't	0
nazmulkazi	D0425-S3-T02	NEGATION_FLIP	weren't	were	they invited invi	0
nazmulkazi	D0425-S3-T02	NEGATION_FLIP	not	know		unalignable
nazmulkazi	D0425-S3-T02	NUMERIC	three times	free time		unalignable
nazmulkazi	D0425-S3-T02	NEGATION_FLIP	is that	it's not	merings	1
nazmulkazi	D0425-S3-T03	NUMERIC	two	to	though it is	0
nazmulkazi	D0425-S3-T03	NEGATION_FLIP	would	wouldn't		unalignable
nazmulkazi	D0425-S3-T03	NUMERIC	0	zero	zer	0
nazmulkazi	D0425-S3-T03	NUMERIC	5	five	fivea sc	0
nazmulkazi	D0425-S3-T03	NUMERIC	3rd	sort		unalignable
nazmulkazi	D0425-S3-T03	NEGATION_FLIP	now	no		unalignable
nazmulkazi	D0425-S3-T03	NEGATION_FLIP	i don't know			unalignable
nazmulkazi	D0425-S3-T03	NEGATION_FLIP	was	wasn't		unalignable
nazmulkazi	D0425-S3-T03	NUMERIC	5	five	five	0
nazmulkazi	D0425-S3-T03	NEGATION_FLIP	wild hunt contract	hadn't been checked	well had checked	1
nazmulkazi	D0425-S3-T03	NEGATION_FLIP	housing block on	didn't belong to		unalignable
nazmulkazi	D0425-S3-T03	NEGATION_FLIP	weren't	were		unalignable
nazmulkazi	D0425-S3-T03	NEGATION_FLIP	was	wasn't		unalignable
nazmulkazi	D0425-S3-T03	NUMERIC	when	one		unalignable
nazmulkazi	D0425-S3-T03	NUMERIC	thirties	30s		unalignable
nazmulkazi	D0425-S3-T03	NEGATION_FLIP	don't	sometimes		unalignable
nazmulkazi	D0425-S3-T03	NUMERIC	200	oh		unalignable
nazmulkazi	D0425-S3-T03	LATERALITY	it	right	it	1
nazmulkazi	D0425-S3-T04	LATERALITY	really write	clearly right		unalignable
nazmulkazi	D0425-S3-T04	NEGATION_FLIP	know	no		unalignable
nazmulkazi	D0425-S3-T04	NEGATION_FLIP	aren't	ardent		unalignable
nazmulkazi	D0425-S3-T04	NUMERIC	last one	less when		unalignable
nazmulkazi	D0425-S3-T04	NEGATION_FLIP	not sure			unalignable
nazmulkazi	D0425-S3-T04	NEGATION_FLIP	now	no		unalignable
nazmulkazi	D0425-S3-T04	NEGATION_FLIP	that's not helpful	in a way		unalignable
nazmulkazi	D0425-S3-T04	NEGATION_FLIP	and it doesn't end well for him i don't know anyway		anyway like maybe	0
nazmulkazi	D0425-S3-T04	NEGATION_FLIP	i don't know			unalignable
nazmulkazi	D0425-S3-T04	NEGATION_FLIP	now	no		unalignable
nazmulkazi	D0425-S3-T04	NEGATION_FLIP	problems myself i'm not very good at also	also kind of when i be and talk		unalignable
nazmulkazi	D0425-S3-T04	NEGATION_FLIP	should	shouldn't	should have happened or find some reason yeah that's right	1
nazmulkazi	D0425-S3-T04	NEGATION_FLIP	awful should not have happened or should not			unalignable
nazmulkazi	D0425-S3-T04	NEGATION_FLIP	had to happen	hadn't happened differently	had' happened	1
nazmulkazi	D0425-S3-T04	NEGATION_FLIP	i don't think that's a		uh	0
nazmulkazi	D0425-S3-T04	NEGATION_FLIP	don't			unalignable
nazmulkazi	D0425-S3-T04	LATERALITY	probably right i		i	0
nazmulkazi	D0425-S3-T04	NEGATION_FLIP	i don't think that would be			unalignable
nazmulkazi	D0425-S3-T04	NEGATION_FLIP	no	know	know	0
nazmulkazi	D0425-S3-T04	NEGATION_FLIP	don't think so i			unalignable
nazmulkazi	D0425-S3-T04	NEGATION_FLIP	know	no		unalignable
nazmulkazi	D0425-S3-T04	NEGATION_FLIP	to not trust my own judgment in the first place there ic			unalignable
nazmulkazi	D0425-S3-T04	NUMERIC	to not trust my own judgment in the first place there ic			unalignable
nazmulkazi	D0425-S3-T05	NEGATION_FLIP	would	wouldn't		unalignable
nazmulkazi	D0425-S3-T05	NEGATION_FLIP	can't	can	can	0
nazmulkazi	D0425-S3-T05	NUMERIC	true	two	to	1
nazmulkazi	D0425-S3-T05	NEGATION_FLIP	not	yeah	times	0
nazmulkazi	D0425-S3-T05	NEGATION_FLIP	this is not	the success rate		unalignable
nazmulkazi	D0425-S3-T05	NUMERIC	9th	ninth		unalignable
nazmulkazi	D0425-S3-T05	NUMERIC	2	too	them to the	0
kokoro-va-sample	A980	NEGATION_FLIP	i'm allergic to i can't take anything to do with that third doctor a980 okay so but again try tylenol if it doesn't help because i want you to be active you know everything has its balance right you don't want to be in too much pain at the same time you take so much medication you're getting the side effects and you know you may be walking like a zombie all the time so you have to have a balance you yeah first doctor a980 so we'll go ahead and do that uh and i will take a look at i will take a look at the leg in just a minute uh what i also want to do while i have you here is just go over some of your other sort of more chronic problems just to sort of touch base let you know how everything's going so the diabetes um i and uh i don't know what it is now when i was in the hospital for my pneumonia last month they took a ct scan and there's no cancer in my lungs or nothing you know and uh afterwards after i got out i had another chest x-ray and they said all the pneumonia was gone and everything but and then too if i pressed into my stomach here i feel pain when anybody else presses in i don't feel nothing only when i press		do aor nice to meet you second doctor a980 alright i am just going	0
kokoro-va-sample	A980	LATERALITY	i'm allergic to i can't take anything to do with that third doctor a980 okay so but again try tylenol if it doesn't help because i want you to be active you know everything has its balance right you don't want to be in too much pain at the same time you take so much medication you're getting the side effects and you know you may be walking like a zombie all the time so you have to have a balance you yeah first doctor a980 so we'll go ahead and do that uh and i will take a look at i will take a look at the leg in just a minute uh what i also want to do while i have you here is just go over some of your other sort of more chronic problems just to sort of touch base let you know how everything's going so the diabetes um i and uh i don't know what it is now when i was in the hospital for my pneumonia last month they took a ct scan and there's no cancer in my lungs or nothing you know and uh afterwards after i got out i had another chest x-ray and they said all the pneumonia was gone and everything but and then too if i pressed into my stomach here i feel pain when anybody else presses in i don't feel nothing only when i press		do aor nice to meet you second doctor a980 alright i am just going	0
kokoro-va-sample	A980	NUMERIC	i'm allergic to i can't take anything to do with that third doctor a980 okay so but again try tylenol if it doesn't help because i want you to be active you know everything has its balance right you don't want to be in too much pain at the same time you take so much medication you're getting the side effects and you know you may be walking like a zombie all the time so you have to have a balance you yeah first doctor a980 so we'll go ahead and do that uh and i will take a look at i will take a look at the leg in just a minute uh what i also want to do while i have you here is just go over some of your other sort of more chronic problems just to sort of touch base let you know how everything's going so the diabetes um i and uh i don't know what it is now when i was in the hospital for my pneumonia last month they took a ct scan and there's no cancer in my lungs or nothing you know and uh afterwards after i got out i had another chest x-ray and they said all the pneumonia was gone and everything but and then too if i pressed into my stomach here i feel pain when anybody else presses in i don't feel nothing only when i press		do aor nice to meet you second doctor a980 alright i am just going	0
kokoro-va-sample	A980	NUMERIC	take enough pain medicine so you can function know i read dr 's note that he was actually he felt that it was well controlled with diet and last time that's exactly what happened is you made the dietary the lifestyle changes and your a1c went from 7 1 that's been 2009 down to 6 4 which was in december so that's perfect it third doctor a980 why do you think that is		to	0
kokoro-va-sample	A980	NUMERIC	a980	a9803		unalignable
kokoro-va-sample	A980	NUMERIC	three			unalignable
kokoro-va-sample	A980	NEGATION_FLIP	no	know	know	0
kokoro-va-sample	A980	NUMERIC	5-7	57	57	0
kokoro-va-sample	A980	NUMERIC	doctor a980	dr a980ok	doctor a98k	0
kokoro-va-sample	A980	NUMERIC	doctor a980	dr a980ok	doctor a8	0
kokoro-va-sample	A980	NUMERIC	doctor a980	dr a980ok	talking about first doctor a980 can i take a look sure okay it should be the one at a time and this is just the albuterol first doctor a980 okay	0
kokoro-va-sample	A980	NUMERIC	a980	a980ok		unalignable
kokoro-va-sample	A980	NUMERIC	a980	a980ok	and then terazosin which is for the prostate right first doctor a980 okay	0
kokoro-va-sample	A980	NUMERIC	first doctor	1st dr	first do	1
kokoro-va-sample	A980	NUMERIC	first doctor	1st dr		unalignable
kokoro-va-sample	A980	NUMERIC	first doctor	1st dr	first do	1
kokoro-va-sample	A980	NEGATION_FLIP	no	number	number	0
kokoro-va-sample	A980	NUMERIC	a980	980	first doctor a980	0
kokoro-va-sample	A980	NUMERIC	a980	980	a98 ging	0
kokoro-va-sample	A980	NUMERIC	a980	980	980	0
kokoro-va-sample	A980	NUMERIC	catch	catch-22	cat22 i am	0
kokoro-va-sample	A980	NUMERIC	22		cat22 i am	0
kokoro-va-sample	A980	NUMERIC	first	1st	first doctor a980	0
kokoro-va-sample	A980	NUMERIC	1	one	almost 1 o'clock in the morning third doctor	0
kokoro-va-sample	A980	NUMERIC	6	six	and then i get up at 6 7	0
kokoro-va-sample	A980	NUMERIC	third doctor	3rd dr	a 9 80	0
kokoro-va-sample	A980	NUMERIC	five	5	i see i got maybe five hours of sleep	1
kokoro-va-sample	A980	NUMERIC	third doctor	3rd dr	third80	0
kokoro-va-sample	A980	NUMERIC	third doctor	3rd dr		unalignable
kokoro-va-sample	A980	NUMERIC	third doctor	3rd dr	cha thir	0
kokoro-va-sample	A980	NUMERIC	third doctor	3rd dr		unalignable
kokoro-va-sample	A980	NUMERIC	third doctor	3rd dr		unalignable
kokoro-va-sample	A980	NUMERIC	third doctor	3rd dr		unalignable
kokoro-va-sample	A980	NUMERIC	third doctor	3rd dr		unalignable
kokoro-va-sample	A980	NUMERIC	third doctor	3rd dr	third doctor98 t	0
kokoro-va-sample	A980	NUMERIC	third doctor	3rd dr	a probiotic plus the stool softener and third doctor a980	0
kokoro-va-sample	A980	NUMERIC	third doctor	3rd dr	right third doctor	1
kokoro-va-sample	A980	NEGATION_FLIP	no	know	know	0
kokoro-va-sample	A980	NUMERIC	third doctor	3rd dr	my god third doctor a980 but	0
kokoro-va-sample	A980	NEGATION_FLIP	no third doctor	number 3rd dr	number third doct8 alrum	0
kokoro-va-sample	A980	NUMERIC	no third doctor	number 3rd dr	number third doct8 alrum	0
kokoro-va-sample	A980	NEGATION_FLIP	no third doctor	number 3rd dr	number third doctor80 do number	0
kokoro-va-sample	A980	NUMERIC	no third doctor	number 3rd dr	number third doctor80 do number	0
kokoro-va-sample	A980	NEGATION_FLIP	no third doctor	number 3rd dr	third doctor	0
kokoro-va-sample	A980	NUMERIC	no third doctor	number 3rd dr	third doctor	1
kokoro-va-sample	B610	NEGATION_FLIP	okay well it's okay as long as you remember that sugar is gonna be bad for your diabetes so keep you know use substitute stuff if you can instead of the real sugars cause that's gonna be bad for your diabetes just remember just to limit your lemonade drinking at night like you know two three hours you should just try to make two to three hours before you're gonna go to bed let's say you go to bed at 10 o'clock you know just say at 8 o'clock you cut off any drinking unless you're really thirsty take a little half glass because of my blood pressure it hasn't been up and i was taking it and i was taking you know where i got the monitor and if it went down to a certain amount don't take the blood pressure medicine and i haven't when i started i was taking it it was down it would be down low or something like that i didn't take the blood pressure medicine and my blood pressure machine hasn't been working for the last two weeks like it's really not bad or something like that but i still have to wait and see so i don't think i'm not sure if they have that kind		you met last dier	0
kokoro-va-sample	B610	NUMERIC	okay well it's okay as long as you remember that sugar is gonna be bad for your diabetes so keep you know use substitute stuff if you can instead of the real sugars cause that's gonna be bad for your diabetes just remember just to limit your lemonade drinking at night like you know two three hours you should just try to make two to three hours before you're gonna go to bed let's say you go to bed at 10 o'clock you know just say at 8 o'clock you cut off any drinking unless you're really thirsty take a little half glass because of my blood pressure it hasn't been up and i was taking it and i was taking you know where i got the monitor and if it went down to a certain amount don't take the blood pressure medicine and i haven't when i started i was taking it it was down it would be down low or something like that i didn't take the blood pressure medicine and my blood pressure machine hasn't been working for the last two weeks like it's really not bad or something like that but i still have to wait and see so i don't think i'm not sure if they have that kind		you met last dier	0
kokoro-va-sample	B610	NUMERIC	i think it's more like a standard one but what i could do is if		do	0
kokoro-va-sample	B610	NEGATION_FLIP	just checked your sugar uh you know maybe once a day or once every other day or three times a week even and log your sugars in the mornings when you wake up log your sugars or if you if you're gonna do it in the evening do it two hours after you've eaten your meal check your yes the blood pressure let's check what it was the blood pressure i want to make sure we could do two things one is i'd like to either and you tell me what you want to do we can either have you i'd like to either have you started back on the medicine at least one of the blood pressure medicines if you don't want to take both of them you take one and come back in two weeks and recheck your blood pressure and see how it is and see the results or that's what i ideally like to do or we could just say you can come back in two weeks not taking any of your blood pressure medicines just and you're pretty that indicates that your diabetes is really well controlled just on that metformin so you know sometimes we say that people have diet-controlled diabetes which means they may have uh a touch of high of what we you know may			unalignable
kokoro-va-sample	B610	NUMERIC	just checked your sugar uh you know maybe once a day or once every other day or three times a week even and log your sugars in the mornings when you wake up log your sugars or if you if you're gonna do it in the evening do it two hours after you've eaten your meal check your yes the blood pressure let's check what it was the blood pressure i want to make sure we could do two things one is i'd like to either and you tell me what you want to do we can either have you i'd like to either have you started back on the medicine at least one of the blood pressure medicines if you don't want to take both of them you take one and come back in two weeks and recheck your blood pressure and see how it is and see the results or that's what i ideally like to do or we could just say you can come back in two weeks not taking any of your blood pressure medicines just and you're pretty that indicates that your diabetes is really well controlled just on that metformin so you know sometimes we say that people have diet-controlled diabetes which means they may have uh a touch of high of what we you know may			unalignable
kokoro-va-sample	B610	NUMERIC	high sugar as you hear it and they just control it with good diet and nutrition as well as some exercise so it's just important because with the heart history that you have with the stent it's important that we make sure that your diabetes is well controlled and it does look like it is because that can be a okay let's just start with the lisinopril the lisinopril is actually good because it protects your kidneys for people who have diabetes so that's a good medicine plus a blood pressure medicine and you're on a really low dose 10 mg uh i think i'd like to take one to just we can see you next week and then you can			unalignable
kokoro-va-sample	B610	NEGATION_FLIP	back in two weeks and see what your blood pressure is if your top number your goal for your top number is less than 130 the goal for your bottom number is less than 80 so your here you be something like you know try to limit so that you're not having that problem that much at night that'll help things with the problem at night okay along with the terazosin just continue taking the terazosin my blood pressure is still okay now so sugar write them down bring that log to me and we'll see your sugars and say well you're being so well controlled we may just take you off the medicine and see how you're controlled with just diet and exercise continue checking your blood pressure at home and get you maybe a new battery here and bring a log of your blood pressures and come back in two weeks take your blood pressure again here in the clinic see what it is if it's still high then we'll go back			unalignable
kokoro-va-sample	B610	NUMERIC	back in two weeks and see what your blood pressure is if your top number your goal for your top number is less than 130 the goal for your bottom number is less than 80 so your here you be something like you know try to limit so that you're not having that problem that much at night that'll help things with the problem at night okay along with the terazosin just continue taking the terazosin my blood pressure is still okay now so sugar write them down bring that log to me and we'll see your sugars and say well you're being so well controlled we may just take you off the medicine and see how you're controlled with just diet and exercise continue checking your blood pressure at home and get you maybe a new battery here and bring a log of your blood pressures and come back in two weeks take your blood pressure again here in the clinic see what it is if it's still high then we'll go back			unalignable
kokoro-va-sample	B610	NUMERIC	in two weeks and have your blood pressure rechecked risk factor for having a heart attack in the future okay but your diabetes looks good so we'll set you up with a meter so you can just check some sugars so we can have a log to see if we maybe can have you off the medicine bottom number you're at goal you're less than 80 the top number today you're almost at goal if you were 130 or less you'd be at goal but you're 135 so you're slightly high so that's your blood pressure is fairly well controlled come on back			unalignable
kokoro-va-sample	B610	NEGATION_FLIP	don	don't	do't	1
kokoro-va-sample	B610	NUMERIC	thirty	30	30	0
kokoro-va-sample	B610	NUMERIC	35-40	35	0	0
kokoro-va-sample	B610	NUMERIC	110	11080	11080	0
kokoro-va-sample	B610	NUMERIC	80			unalignable
kokoro-va-sample	B610	NUMERIC	135	13574	okay cause your blood pressures here they got 135 74 so the bottom number is pretty consistent with what you get at home the top number is 135 from what	0
kokoro-va-sample	B610	NUMERIC	74		okay cause your blood pressures here they got 135 74 so the bottom number is pretty consistent with what you get at home the top number is 135 from what	0
kokoro-va-sample	B610	NUMERIC	three	3	every diabetes person we aim to get that at 6 and the a1c is just an indication of how good your sugars have been over a period of about three months your last one when we checked in	0
kokoro-va-sample	B610	NUMERIC	too	two		unalignable
kokoro-va-sample	B610	NEGATION_FLIP	don	don't	don't	0
kokoro-va-sample	B610	NEGATION_FLIP	doesn	doesn't	does'	1
kokoro-va-sample	B610	NUMERIC	0 i	zero i'll	zero i	0
kokoro-va-sample	B610	NUMERIC	twelve	12	12	0
kokoro-va-sample	C332	NEGATION_FLIP	that helps and we talked about we talked about the metformin you're gonna drop the dose or not take it if you don't eat your meals ideally you want to structure your meals and we talked about that um i'm gonna give you some of that vardenafil you re not on simvastatin anymore so i'll discontinue that from your list you're gonna take the metoprolol and lisinopril as is you're not going to mix don't mix trazodone or uh ativan with like i said your sugar looks okay your sugar is in the 140s in the morning isn't bad actually it's fairly good you have a couple that are a little higher but that's not too bad and since you're telling me you've had eight or nine episodes where your sugars have been in the 40s or 50s i would not change your metformin probably um you're taking metformin 1000 once in the morning and once at night you know if you're having a the drinking yeah i would cut down the drinking for sure uh the cpap machine i know it's hard to get to sleep with that and it's hard to be fully kind of compliant and religious with that but i think part of your grogginess during the day uh is gonna be related to your sleep apnea okay one of the one of the ways we screen for sleep apnea is we ask people are you fatigued during the day do you usually have to take frequent naps during the day are you tired or lethargic good			unalignable
kokoro-va-sample	C332	NUMERIC	that helps and we talked about we talked about the metformin you're gonna drop the dose or not take it if you don't eat your meals ideally you want to structure your meals and we talked about that um i'm gonna give you some of that vardenafil you re not on simvastatin anymore so i'll discontinue that from your list you're gonna take the metoprolol and lisinopril as is you're not going to mix don't mix trazodone or uh ativan with like i said your sugar looks okay your sugar is in the 140s in the morning isn't bad actually it's fairly good you have a couple that are a little higher but that's not too bad and since you're telling me you've had eight or nine episodes where your sugars have been in the 40s or 50s i would not change your metformin probably um you're taking metformin 1000 once in the morning and once at night you know if you're having a the drinking yeah i would cut down the drinking for sure uh the cpap machine i know it's hard to get to sleep with that and it's hard to be fully kind of compliant and religious with that but i think part of your grogginess during the day uh is gonna be related to your sleep apnea okay one of the one of the ways we screen for sleep apnea is we ask people are you fatigued during the day do you usually have to take frequent naps during the day are you tired or lethargic good			unalignable
kokoro-va-sample	C332	NEGATION_FLIP	alcohol ideally you're gonna try to stop the alcohol altogether lot of sugars that are low in the morning i would tell you you could cut back on your evening metformin dose so if you don't eat dinner at all and lunch is the last meal of your day or you kind of you don't eat dinner at all during the day that's an indication that they have sleep sometimes have sleep apnea			unalignable
kokoro-va-sample	C332	NEGATION_FLIP	no	know	knowum	0
kokoro-va-sample	C332	NUMERIC	2	2-1-2	two one two	0
kokoro-va-sample	C332	NUMERIC	1 2		two one two	0
kokoro-va-sample	C332	NUMERIC	2	2-1-2	two one two	0
kokoro-va-sample	C332	NUMERIC	1 2		two one two	0
kokoro-va-sample	C332	NUMERIC	two	too	to	0
kokoro-va-sample	C332	NUMERIC	2	212	two one two	0
kokoro-va-sample	C332	NUMERIC	1 2		two one two	0
kokoro-va-sample	C332	NUMERIC	2	2-1-2		unalignable
kokoro-va-sample	C332	NUMERIC	1 2			unalignable
kokoro-va-sample	C332	NUMERIC	1000	000	i would just tell you to cut down like 500 in the evening so take 1000 in the morning and then 500 at night	0
kokoro-va-sample	C332	NUMERIC	one	one-on-one	you could do maybe like more personal one on one counseling i guess better more suited for you	1
kokoro-va-sample	C332	NUMERIC	on one		you could do maybe like more personal one on one counseling i guess better more suited for you	1
kokoro-va-sample	C332	NUMERIC	when	one	which when i usually reach for a drink but because	1
kokoro-va-sample	C332	NUMERIC	2	2-1-2		unalignable
kokoro-va-sample	C332	NUMERIC	1 2			unalignable
kokoro-va-sample	C332	NUMERIC	one	one-month	the one month supply i gave six refills on it	0
kokoro-va-sample	C332	NUMERIC	ten	10	10	0
kokoro-va-sample	C996	LATERALITY	right		like right right in here	1
kokoro-va-sample	C996	NUMERIC	calling it in three times a week		calling it in three times a week	1
kokoro-va-sample	C996	NUMERIC	one time		about 93 98 one time 106 any reason why	0
kokoro-va-sample	C996	NUMERIC	206 207	high 206-207	2 06 207 pretty good so	0
kokoro-va-sample	C996	NUMERIC	9-9	9-9-30	9	0
kokoro-va-sample	C996	NUMERIC	30		30 go to sleep and i wake up if i don't take a advil	1
kokoro-va-sample	C996	NEGATION_FLIP	don	don't	don'	1
kokoro-va-sample	C996	NUMERIC	8	8-0-0	800	0
kokoro-va-sample	C996	NUMERIC	00			unalignable
kokoro-va-sample	C996	NUMERIC	the 325 and you can try that and that should help prevent it		help if it doesn't work we can try a full dose aspirin okay the 325 and you can try that and that should help prevent it at least okay either that and if that	1
kokoro-va-sample	C996	NEGATION_FLIP	don	don't	don't	0
kokoro-va-sample	C996	NEGATION_FLIP	don	don't	don't	0
kokoro-va-sample	D106	NUMERIC	150-160	15160	15160 kay	0
kokoro-va-sample	D106	NEGATION_FLIP	can	can't	can't	0
kokoro-va-sample	D106	NUMERIC	140-150	14150	104150	0
kokoro-va-sample	D106	NUMERIC	ten	10	10	0
kokoro-va-sample	D106	NUMERIC	ten	10	o 10	0
kokoro-va-sample	D106	NEGATION_FLIP	doesn	doesn't	doesn't	0
kokoro-va-sample	D106	NEGATION_FLIP	can	can't	you can start that today so i can	1
kokoro-va-sample	D106	NUMERIC	two	to	to	0
kokoro-va-sample	D106	LATERALITY	right		right yeah	1
kokoro-va-sample	D106	NEGATION_FLIP	don	don't	don't	0
kokoro-va-sample	D947	NUMERIC	73's	is	is	0
kokoro-va-sample	D947	LATERALITY	fib right		fib right that's correct and	1
kokoro-va-sample	D947	NUMERIC	three	three-month	three-mnth	0
kokoro-va-sample	D947	NUMERIC	6	six	just a shade under 6 foot like	1
kokoro-va-sample	D947	NUMERIC	5'	5-11-1-2	51112 soo	0
kokoro-va-sample	D947	NUMERIC	11 1 2		51112 soo	0
kokoro-va-sample	D947	NUMERIC	64	6480	6480	0
kokoro-va-sample	D947	NUMERIC	80			unalignable
kokoro-va-sample	D947	NUMERIC	130	13085	you know 130 85 or something like that but yeah in the clinic here	0
kokoro-va-sample	D947	NUMERIC	85		you know 130 85 or something like that but yeah in the clinic here	0
kokoro-va-sample	D947	NEGATION_FLIP	didn	didn't	didn't	0
kokoro-va-sample	D947	NUMERIC	ten	10	10	0
kokoro-va-sample	D947	LATERALITY	right uh	write ooh	write or	0
kokoro-va-sample	D947	NUMERIC	00	0-0	0 0	0
kokoro-va-sample	D947	NUMERIC	second	2nd	been fairly consistent i mean i don't check them as often as i should second doctor d947 okay that's what dr	0
kokoro-va-sample	D947	NUMERIC	second	2nd	told me second doctor d947 okay	0
kokoro-va-sample	D947	NUMERIC	too	two	to	1
kokoro-va-sample	E484	NEGATION_FLIP	no	any	the amlodipine do i have a refill on that amlodipine the amlodipine yeah i don't have no amlodipine	1
kokoro-va-sample	E484	NUMERIC	three	things	pillsuse	0
kokoro-va-sample	E484	NUMERIC	6-7	six-seven	seven	0
kokoro-va-sample	E484	NUMERIC	79	7982	140 over sometimes 79 82 like 140	0
kokoro-va-sample	E484	NUMERIC	82		140 over sometimes 79 82 like 140	0
kokoro-va-sample	E484	NUMERIC	1	115	day 115 yah thats	0
kokoro-va-sample	E484	NUMERIC	15		day 115 yah thats	0
kokoro-va-sample	E484	NUMERIC	8	eight	eight	0
kokoro-va-sample	E484	NUMERIC	2-3	three	three	0
kokoro-va-sample	E484	NEGATION_FLIP	don	don't	don't	0
kokoro-va-sample	E484	NEGATION_FLIP	no	now	breathing normally breathing okay good no any swelling in your feet and your legs	1
kokoro-va-sample	E484	NEGATION_FLIP	no	number	number	0
kokoro-va-sample	E484	NUMERIC	50	50-50	i go 50 50 on the treadmill and on the elliptical i feel good so nothing more than usual no no okay i	1
kokoro-va-sample	E484	NUMERIC	50		i go 50 50 on the treadmill and on the elliptical i feel good so nothing more than usual no no okay i	1
kokoro-va-sample	E484	NEGATION_FLIP	no		got time to go to the clinic sleep clinic i don't have time in my schedule okay the sleep study you got to stay all night and everything no no no okay	1
kokoro-va-sample	E484	LATERALITY	right	wright	right i can't tell okay now you	1
kokoro-va-sample	E484	NUMERIC	3-4	four	four	0
kokoro-va-sample	E484	NUMERIC	3rd	third	third	0
kokoro-va-sample	E704	NEGATION_FLIP	doesn	doesn't	doesn't work it is	0
kokoro-va-sample	E704	NUMERIC	15	15mg	taking i do take more of the vicodins than i do take do you take the morphine 15 mg the 15 mg when was the last time you got it filled are you still taking do you still have some i had some left i just finished running out of them because last month they were	1
kokoro-va-sample	E704	NUMERIC	two	long	to	0
kokoro-va-sample	E704	NEGATION_FLIP	doesn	doesn't	doesn'	1
kokoro-va-sample	G040	LATERALITY	yeah do you know how many little old ladies my mother-in-law would have been alive she would have bought that stuff 95 fat free you can still buy it for the same price as milk cause you know what it is just regular milk it's got 5 butterfat in it that means that it's 95 fat free if my arithmetic's right			unalignable
kokoro-va-sample	G040	NUMERIC	yeah do you know how many little old ladies my mother-in-law would have been alive she would have bought that stuff 95 fat free you can still buy it for the same price as milk cause you know what it is just regular milk it's got 5 butterfat in it that means that it's 95 fat free if my arithmetic's right			unalignable
kokoro-va-sample	G040	NUMERIC	said we got about ten days to do this and then we gotta			unalignable
kokoro-va-sample	G040	NUMERIC	out of the country and he told me i was dangerous and apparently made some i'm diabetic well i'm going to have to come a little less weight and i got up about a week and a half ago in the night i get up at 6 in the morning and i go down and about every other day or every third day i take my blood sugar it was 104 where the hell that come from you know i had a piece of cake after supper last night i was at 104 and it's been 104 105 i get 120 and it went back down to 104 i get		a	0
kokoro-va-sample	G040	NUMERIC	smart-aleck comment to the nutritionist cause i got a long lecture the next time she came through the next day this last week cause i took every day this week but it's floating along at 105 and i know that's chemically induced but um i need to stay on the medication i'm on			unalignable
kokoro-va-sample	G040	NUMERIC	67	sixty-seven	67you	0
kokoro-va-sample	G040	NUMERIC	65	sixty-five	say is that if you were 65 and you had smoked before all the studies show that you qualify for an abdominal ultrasound to look for an aneurysm okay	1
kokoro-va-sample	G040	NUMERIC	9-year-old	nine-year-old	old	0
kokoro-va-sample	G040	NUMERIC	10-year-old	ten-year-old	old	0
kokoro-va-sample	G040	NUMERIC	100	hundred	how often do i need to come in here for that you see we live 100 mile round trip i know	1
kokoro-va-sample	G040	NUMERIC	too	2	two	0
kokoro-va-sample	G040	NUMERIC	2	two	two	0
kokoro-va-sample	G040	LATERALITY	right	write	write	0
kokoro-va-sample	G040	NUMERIC	a1c	c	a1c that was checked today and it stayed there when it becomes 6 5 right	0
kokoro-va-sample	G040	NUMERIC	80s	eighties	like less than 80s and if you get episodes or	1
kokoro-va-sample	G040	NUMERIC	104	four	104 is pretty good	1
kokoro-va-sample	G040	NUMERIC	80	eighty	ever less than 80 give me a call and	1
kokoro-va-sample	G056	NEGATION_FLIP	yeah that's okay a lot of people have a little bit of that um last time they saw you they said yeah they saw you last july it looks like so it hasn't quite been a year so you can call up there and they said you're right glaucoma suspect good and then they wanted you to follow up so maybe give them a buzz up there um or i can ask them to make you an appointment right now on your sheet i don't need to write you a referral or anything cause they've seen you within a year you know i can so yeah it's a good idea to go to them yeah to be completely honest with you i don't know what that is for a minute i thought it was eczema you know cause the way the edges are kind of and the way there's a little bit of scabbing sometimes the red blood cells you can see them come on the outside and you get this like kind of speckle of eczema but the hallmark of eczema is itching and yours doesn't itch so it's probably not eczema um you're dark-skinned enough so i'm not worried about cancer or anything like that you know um but there's some sort of cancer cause it is a little uh-huh first doctor g056 so right when you get out of here i would go right to the left make that appointment an appointment with me i'd like to see you in six months if that's okay any sooner if needed of course but they'll send you a letter and then the pharmacy's over there and you'll have your glargine your strips and i'm maybe i could take a knife and just cut it off first doctor g056 oh no you could try but i wouldn't recommend that too second doctor g056 i understand first doctor g056 well we'll put some steroid cream on it second doctor g056 yeah it doesn't and get the uh eye appointment first doctor g056 yeah yeah it doesn't matter what order you go in doesn't matter to me but the important thing was the triamcinolone i'm gonna give you the ointment cause it's a little oilier it's more potent you need very little just put it on a real thin film like that twice a day don't put it on yeah i can make it like in two weeks and you're gonna see me in six months let me just take a look at you okay open your mouth for me dark in there i don't know i think dr smith will check it um but for now you know i'm glad it doesn't hurt or it doesn't itch cause i could give you cream for it going to give you triamcinolone ointment look like normal skin first doctor g056 okay thank you second doctor g056 no problem first doctor g056 alright so your medications are coming to your house or you're picking them up at the window your face don't put it on any babies but just keep it right there on the leg cause it's a pretty potent steroid okay and just do it until that goes away okay no you're right you were gonna say we'll ask you to go to the lab do those three things in any order you want sounds good		have been in back to back	0
kokoro-va-sample	G056	LATERALITY	yeah that's okay a lot of people have a little bit of that um last time they saw you they said yeah they saw you last july it looks like so it hasn't quite been a year so you can call up there and they said you're right glaucoma suspect good and then they wanted you to follow up so maybe give them a buzz up there um or i can ask them to make you an appointment right now on your sheet i don't need to write you a referral or anything cause they've seen you within a year you know i can so yeah it's a good idea to go to them yeah to be completely honest with you i don't know what that is for a minute i thought it was eczema you know cause the way the edges are kind of and the way there's a little bit of scabbing sometimes the red blood cells you can see them come on the outside and you get this like kind of speckle of eczema but the hallmark of eczema is itching and yours doesn't itch so it's probably not eczema um you're dark-skinned enough so i'm not worried about cancer or anything like that you know um but there's some sort of cancer cause it is a little uh-huh first doctor g056 so right when you get out of here i would go right to the left make that appointment an appointment with me i'd like to see you in six months if that's okay any sooner if needed of course but they'll send you a letter and then the pharmacy's over there and you'll have your glargine your strips and i'm maybe i could take a knife and just cut it off first doctor g056 oh no you could try but i wouldn't recommend that too second doctor g056 i understand first doctor g056 well we'll put some steroid cream on it second doctor g056 yeah it doesn't and get the uh eye appointment first doctor g056 yeah yeah it doesn't matter what order you go in doesn't matter to me but the important thing was the triamcinolone i'm gonna give you the ointment cause it's a little oilier it's more potent you need very little just put it on a real thin film like that twice a day don't put it on yeah i can make it like in two weeks and you're gonna see me in six months let me just take a look at you okay open your mouth for me dark in there i don't know i think dr smith will check it um but for now you know i'm glad it doesn't hurt or it doesn't itch cause i could give you cream for it going to give you triamcinolone ointment look like normal skin first doctor g056 okay thank you second doctor g056 no problem first doctor g056 alright so your medications are coming to your house or you're picking them up at the window your face don't put it on any babies but just keep it right there on the leg cause it's a pretty potent steroid okay and just do it until that goes away okay no you're right you were gonna say we'll ask you to go to the lab do those three things in any order you want sounds good		have been in back to back	0
kokoro-va-sample	G056	NUMERIC	yeah that's okay a lot of people have a little bit of that um last time they saw you they said yeah they saw you last july it looks like so it hasn't quite been a year so you can call up there and they said you're right glaucoma suspect good and then they wanted you to follow up so maybe give them a buzz up there um or i can ask them to make you an appointment right now on your sheet i don't need to write you a referral or anything cause they've seen you within a year you know i can so yeah it's a good idea to go to them yeah to be completely honest with you i don't know what that is for a minute i thought it was eczema you know cause the way the edges are kind of and the way there's a little bit of scabbing sometimes the red blood cells you can see them come on the outside and you get this like kind of speckle of eczema but the hallmark of eczema is itching and yours doesn't itch so it's probably not eczema um you're dark-skinned enough so i'm not worried about cancer or anything like that you know um but there's some sort of cancer cause it is a little uh-huh first doctor g056 so right when you get out of here i would go right to the left make that appointment an appointment with me i'd like to see you in six months if that's okay any sooner if needed of course but they'll send you a letter and then the pharmacy's over there and you'll have your glargine your strips and i'm maybe i could take a knife and just cut it off first doctor g056 oh no you could try but i wouldn't recommend that too second doctor g056 i understand first doctor g056 well we'll put some steroid cream on it second doctor g056 yeah it doesn't and get the uh eye appointment first doctor g056 yeah yeah it doesn't matter what order you go in doesn't matter to me but the important thing was the triamcinolone i'm gonna give you the ointment cause it's a little oilier it's more potent you need very little just put it on a real thin film like that twice a day don't put it on yeah i can make it like in two weeks and you're gonna see me in six months let me just take a look at you okay open your mouth for me dark in there i don't know i think dr smith will check it um but for now you know i'm glad it doesn't hurt or it doesn't itch cause i could give you cream for it going to give you triamcinolone ointment look like normal skin first doctor g056 okay thank you second doctor g056 no problem first doctor g056 alright so your medications are coming to your house or you're picking them up at the window your face don't put it on any babies but just keep it right there on the leg cause it's a pretty potent steroid okay and just do it until that goes away okay no you're right you were gonna say we'll ask you to go to the lab do those three things in any order you want sounds good		have been in back to back	0
kokoro-va-sample	G056	NUMERIC	555-1234 555-1234	550-512-34 550-512-34	550 51234	0
kokoro-va-sample	G056	NEGATION_FLIP	oh	no	no	0
kokoro-va-sample	G056	NEGATION_FLIP	oh	no		unalignable
kokoro-va-sample	G056	NUMERIC	8	eight	eight ods	0
kokoro-va-sample	G056	NUMERIC	its versed	it's first	it's first	0
kokoro-va-sample	G056	NEGATION_FLIP	well it's important to recognize it you know of course you're not glad you went through that but		the only time i felt that the hypoglycemia hypoglycemia okay well it is important to recognize it you know of course you not glad you went through that but	1
kokoro-va-sample	G056	NEGATION_FLIP	don	don't	don't	0
kokoro-va-sample	G056	NUMERIC	g056 oh	six o	dor or g0560 lets	0
kokoro-va-sample	G360	NEGATION_FLIP	and the only reason could be because there is questionable thrombus in your ventricle in one of the chambers of your heart but we did the ultrasound of the heart here and we didn't see anything there okay it could have been that the clot already dissolved the coumadin helped and your body resolved the clot okay um so i agree with dr smith i think it's okay to stop the coumadin okay there's no reason right now that you're on it that we can find um it's either because people have clots in their legs or their lungs um or they're gonna need it for their			unalignable
kokoro-va-sample	G360	LATERALITY	and the only reason could be because there is questionable thrombus in your ventricle in one of the chambers of your heart but we did the ultrasound of the heart here and we didn't see anything there okay it could have been that the clot already dissolved the coumadin helped and your body resolved the clot okay um so i agree with dr smith i think it's okay to stop the coumadin okay there's no reason right now that you're on it that we can find um it's either because people have clots in their legs or their lungs um or they're gonna need it for their			unalignable
kokoro-va-sample	G360	NUMERIC	and the only reason could be because there is questionable thrombus in your ventricle in one of the chambers of your heart but we did the ultrasound of the heart here and we didn't see anything there okay it could have been that the clot already dissolved the coumadin helped and your body resolved the clot okay um so i agree with dr smith i think it's okay to stop the coumadin okay there's no reason right now that you're on it that we can find um it's either because people have clots in their legs or their lungs um or they're gonna need it for their			unalignable
kokoro-va-sample	G360	NUMERIC	so you have the amlodipine the metoprolol and the lisinopril lisinopril will also protect your kidneys it helps your blood pressure but also your kidney protection because of your diabetes that one kind of works in two ways okay um you know we can kind of cut back on that you know like			unalignable
kokoro-va-sample	G360	NEGATION_FLIP	said you can always everyone can lose weight if you lose weight it will bring your blood pressure down watching your salt intake will help keep it under control so these aren't permanent medicines you know if everything no okay i want you to try doing it a couple times a week and maybe put it on a piece of paper and keeping track of it you better call us so we can see what your blood pressures are at home and we'll compare what they are in the clinic and if they're a little higher than they normally are and i see at home that your blood pressure is a more normal level again i can take you off some of your pills okay you could check one day in the morning and one day at night and one day at lunch then it doesn t have to be every day you know once in a while you need to increase your activity okay like i said weight loss and exercise can help with your blood pressure and your diabetes okay and it's good for your heart i'm not saying go run marathons and no get yourself all worked up but you can do a half hour walk a day you know it's not much i know it's cold outside it's hard to go outside but go to a mall or someplace indoors or access to a pool or a gym you know i think that's gonna be the best medicine for you is to get yourself a little bit more activity every day okay um it's yeah heart but for you i think it'll be safe to stop it gets improved you can always get off of those okay just keep the machine out where it s easy to access and just jot it down for us like i said when you come in we really look at one number and we focus on that one number and it might be lower at home as well gonna help with everything it's going to help you breathe better and eventually you might be a little tired at first but if you do it in time you're gonna get better and better and i think in the end you could get off of some blood pressure medicines you could get off some of your diabetes medicines you know we can get you back in a healthy 43 year-old 46 year-old i			unalignable
kokoro-va-sample	G360	NUMERIC	said you can always everyone can lose weight if you lose weight it will bring your blood pressure down watching your salt intake will help keep it under control so these aren't permanent medicines you know if everything no okay i want you to try doing it a couple times a week and maybe put it on a piece of paper and keeping track of it you better call us so we can see what your blood pressures are at home and we'll compare what they are in the clinic and if they're a little higher than they normally are and i see at home that your blood pressure is a more normal level again i can take you off some of your pills okay you could check one day in the morning and one day at night and one day at lunch then it doesn t have to be every day you know once in a while you need to increase your activity okay like i said weight loss and exercise can help with your blood pressure and your diabetes okay and it's good for your heart i'm not saying go run marathons and no get yourself all worked up but you can do a half hour walk a day you know it's not much i know it's cold outside it's hard to go outside but go to a mall or someplace indoors or access to a pool or a gym you know i think that's gonna be the best medicine for you is to get yourself a little bit more activity every day okay um it's yeah heart but for you i think it'll be safe to stop it gets improved you can always get off of those okay just keep the machine out where it s easy to access and just jot it down for us like i said when you come in we really look at one number and we focus on that one number and it might be lower at home as well gonna help with everything it's going to help you breathe better and eventually you might be a little tired at first but if you do it in time you're gonna get better and better and i think in the end you could get off of some blood pressure medicines you could get off some of your diabetes medicines you know we can get you back in a healthy 43 year-old 46 year-old i			unalignable
kokoro-va-sample	G360	NEGATION_FLIP	don	don't	don't	0
kokoro-va-sample	G360	NEGATION_FLIP	don	don't	don't	0
kokoro-va-sample	G360	NEGATION_FLIP	don	don't	don't	0
kokoro-va-sample	G360	NEGATION_FLIP	no	number	number	0
kokoro-va-sample	G360	NUMERIC	2	two	be two	0
kokoro-va-sample	G360	NEGATION_FLIP	don	don't	don't	0
kokoro-va-sample	G360	NEGATION_FLIP	don	don't	don't	0
kokoro-va-sample	G360	NEGATION_FLIP	don	don't	don't	0
kokoro-va-sample	G360	NEGATION_FLIP	don	don't	don't	0
kokoro-va-sample	G360	NEGATION_FLIP	don	don't	don't	0
kokoro-va-sample	H417	NUMERIC	06	610	6	0
kokoro-va-sample	H417	NUMERIC	10		10 so it says this note said	1
kokoro-va-sample	H417	NEGATION_FLIP	no uh uh	number ua ua	numb unintellig	0
kokoro-va-sample	H417	NEGATION_FLIP	alright oh	right no	alr no	0
kokoro-va-sample	H417	NEGATION_FLIP	oh	no	no	0
kokoro-va-sample	H417	NUMERIC	8	eight	in for tomorrow morning at 8 o'clock	1
kokoro-va-sample	H417	NUMERIC	9	nine	put down 9 o'clock 9 o'clock is fine	1
kokoro-va-sample	H417	NUMERIC	9	nine	put down 9 o'clock 9 o'clock is fine	1
kokoro-va-sample	H942	NEGATION_FLIP	so these obviously don t need to be done today um and your liver function tests were pretty good so yeah we usually check that once a year just to make sure everything looks good so we'll get that stuff cooking so let's get this done today and then we can forward the ultrasound that they will contact you about no emergency on that either we'll send the lab we can get that sent to the lab okay but in terms of let's see what's so why don't we try cause maybe it's just stress you know maybe it's like some sort of a muscle spasm going on in your shoulder here it could be something your kidney function is fine so you should be able to tolerate some anti-inflammatories and we'll see if that does the trick so let me put in for that let me do a quick look and a listen i feel like here there's some kind of a you and i are only kind of like the tip of the iceberg all this stuff that we have to go over		kind ofnew to	0
kokoro-va-sample	H942	NEGATION_FLIP	on the reminder's list and then we'll go over any other specific concerns so uh pneumovax are you interested in getting a pneumonia shot for you so even if i talk to my boss about you we'll have you come back in not too long uh to make sure everything is kind of on the right step so let me take a look and a listen		come in	0
kokoro-va-sample	H942	LATERALITY	on the reminder's list and then we'll go over any other specific concerns so uh pneumovax are you interested in getting a pneumonia shot for you so even if i talk to my boss about you we'll have you come back in not too long uh to make sure everything is kind of on the right step so let me take a look and a listen		come in	0
kokoro-va-sample	H942	NUMERIC	'22	22		unalignable
kokoro-va-sample	H942	NUMERIC	eight	eat	oxycodone six tablets a day okay naproxen okay eight tablets of that too how many times a day do you take the dilantin i take it on schedule once a day once a day yeah okay so	0
kokoro-va-sample	H942	NEGATION_FLIP	don	don't	don't	0
kokoro-va-sample	H942	NUMERIC	ten	10	10	0
kokoro-va-sample	H942	NEGATION_FLIP	shouldn	shouldn't	shouldn't	0
kokoro-va-sample	H942	NUMERIC	x4	four	four	0
kokoro-va-sample	H942	NEGATION_FLIP	don	don't	don't	0
kokoro-va-sample	H942	NEGATION_FLIP	don	don't	don't	0
kokoro-va-sample	H962	NUMERIC	140	14082	taking those okay you take that twice a day twice a day okay that also helps protect the kidneys for diabetics your blood pressure is a little high today 140 82 did you take it this morning	0
kokoro-va-sample	H962	NUMERIC	82		taking those okay you take that twice a day twice a day okay that also helps protect the kidneys for diabetics your blood pressure is a little high today 140 82 did you take it this morning	0
kokoro-va-sample	H962	NUMERIC	50	fifty	would it be beneficial to take more than 20 or like 40 no you can take as much as you need to i mean some people go up to 100 you know okay cause my syringes go to 50	0
kokoro-va-sample	H962	NUMERIC	80-100	8100	8100 o	0
kokoro-va-sample	H962	NUMERIC	55	fifty-five	only 55 you shouldn't have a hemoglobin a1c that is that high you know so if	0
kokoro-va-sample	H962	NUMERIC	5 leiden	v lidin	five leiden	0
kokoro-va-sample	H962	NUMERIC	omega	omega-3	onm omega-3 yeap	0
kokoro-va-sample	H962	NUMERIC	3		onm omega-3 yeap	0
kokoro-va-sample	H962	NUMERIC	140	140-80	the same 140 80 you can sit over here you don't have any history of gout do you	0
kokoro-va-sample	H962	NUMERIC	80		the same 140 80 you can sit over here you don't have any history of gout do you	0
kokoro-va-sample	H962	NUMERIC	30 30	thirty thirty	how much are you taking now you said 30 30 okay so	1
kokoro-va-sample	H962	NUMERIC	35 35	thirty-five thirty-five	do 35 35 units 30 minutes before dinner	0
kokoro-va-sample	H962	NUMERIC	30	thirty	do 35 35 units 30 minutes before dinner	0
kokoro-va-sample	H962	NUMERIC	30	thirty	usually yeah okay so this is a shorter acting insulin so we can take it with every meal but you have to take it 30 minutes before your meal 30 minutes before yeah okay cause it takes a little bit of time to kick in okay but if you take it right when you start eating	1
kokoro-va-sample	H962	NUMERIC	30	thirty	usually yeah okay so this is a shorter acting insulin so we can take it with every meal but you have to take it 30 minutes before your meal 30 minutes before yeah okay cause it takes a little bit of time to kick in okay but if you take it right when you start eating	1
kokoro-va-sample	H962	NUMERIC	5	five	take 5 units for breakfast 30 minutes before breakfast	0
kokoro-va-sample	H962	NUMERIC	30	thirty	take 5 units for breakfast 30 minutes before breakfast	0
kokoro-va-sample	H962	NUMERIC	5	five	take another 5 units 30 minutes before lunch and then	0
kokoro-va-sample	H962	NUMERIC	30	thirty	take another 5 units 30 minutes before lunch and then	0
kokoro-va-sample	H962	NUMERIC	12	twelve	take the normal 12 that you take	1
kokoro-va-sample	H962	NUMERIC	20 20	twenty twenty	20 20 you can keep doing that 20	1
kokoro-va-sample	H962	NUMERIC	20	twenty	20 20 you can keep doing that 20	1
kokoro-va-sample	H962	NUMERIC	170 170 17 117 hmm	seventy seventeen one hundred seventeen	170 170 17 117telligible	0
kokoro-va-sample	H962	NUMERIC	20	twenty	you can keep on the 20	1
kokoro-va-sample	H962	NUMERIC	100	hundred	noticing that your blood sugar is below 100 then obviously	1
kokoro-va-sample	H962	NEGATION_FLIP	can	can't	can't	0
kokoro-va-sample	I017	NEGATION_FLIP	no	number	number	0
kokoro-va-sample	I017	NUMERIC	08	eight		unalignable
kokoro-va-sample	I017	NUMERIC	80	80-50	8050 o	0
kokoro-va-sample	I017	NUMERIC	50		8050 o	0
kokoro-va-sample	I017	NUMERIC	96	9658	9658	0
kokoro-va-sample	I017	NUMERIC	58			unalignable
kokoro-va-sample	I017	NUMERIC	109	10967	10967	0
kokoro-va-sample	I017	NUMERIC	67			unalignable
kokoro-va-sample	I017	NEGATION_FLIP	no	number	number	0
kokoro-va-sample	I017	NUMERIC	okay oh that's fine that's the only one you're actually prescribed on here		okay oh that's fine that's the only one you actually prescribed on here	1
kokoro-va-sample	I017	NUMERIC	1	one	40 50 60 okay it goes 60 70 80 90 100 that's right which one is that i think that's the 1	0
kokoro-va-sample	I017	NUMERIC	9	nine	nine	0
kokoro-va-sample	I017	NEGATION_FLIP	not		no let	1
kokoro-va-sample	I017	NUMERIC	200	hundred	been under 200 under 200 is good it's not no	1
kokoro-va-sample	I017	NUMERIC	208	eight	2008	0
kokoro-va-sample	I017	NUMERIC	twelve o	12 o'clock	12 o'clock	0
kokoro-va-sample	I017	NEGATION_FLIP	didn	didn't	didn't	0
kokoro-va-sample	I017	NEGATION_FLIP	nothin uh-huh i	nothing uha i'm	nothing hi i	0
kokoro-va-sample	I017	NUMERIC	i017	i-017		unalignable
kokoro-va-sample	I017	NUMERIC	second	2nd		unalignable
kokoro-va-sample	I017	NUMERIC	i017	i-017		unalignable
kokoro-va-sample	I017	NUMERIC	i017	i-017	log first doctor i017 told you	0
kokoro-va-sample	I017	NUMERIC	i017	i-0170	i 0170	0
kokoro-va-sample	I017	NUMERIC	doctor i017	dr i-017	she hits me second doctor i 017	0
kokoro-va-sample	I017	NUMERIC	i017	i-017	so one of those days you can have the nurse to see you okay second doctor i017 make it on the	0
kokoro-va-sample	I017	NUMERIC	second	2nd	i think i will be back by then so we can check your sugars and adjust your insulin then so you want me to draw the blood today or what second doctor i017 no you don't need any blood tests	0
kokoro-va-sample	I017	NUMERIC	i017	i-017	i think i will be back by then so we can check your sugars and adjust your insulin then so you want me to draw the blood today or what second doctor i017 no you don't need any blood tests	0
kokoro-va-sample	I017	NUMERIC	i017	i-017	talking about you checking your sugars at home the different times of the day and do you have those sheets or you want me to give you new ones i have those sheets second doctor i017 okay so that we can have at least three or four readings of each column so you want me to do it three times a day second doctor i017 no one time a day but switch the times each day	0
kokoro-va-sample	I017	NUMERIC	i017	i-017	talking about you checking your sugars at home the different times of the day and do you have those sheets or you want me to give you new ones i have those sheets second doctor i017 okay so that we can have at least three or four readings of each column so you want me to do it three times a day second doctor i017 no one time a day but switch the times each day	0
kokoro-va-sample	I017	NUMERIC	i017	i-017	okay second doctor i017 so	0
kokoro-va-sample	I017	NUMERIC	second doctor i017	2 dr i-017	later like at night and it seems like second doctor is 017 know	0
kokoro-va-sample	I017	NUMERIC	second doctor i017	2nd dr i-017	trying to lose the weight cause second doctor i 017 while that' is	0
kokoro-va-sample	I017	NUMERIC	second	2nd	good you do diet you do exercise you do your insulin those are all the things that will control it just not increasing the medicine will help you in terms of your insulin so you really need to do all of the things similarly but at the same time you need to check your sugar so that it helps you know where you are and if it goes up then we can adjust your medications i know that second doctor i017 but in terms of vicodin that's the other pain medication so that would not be the medicine for your diabetic neuropathy no but it helps second doctor i017 what i can do is dr	0
kokoro-va-sample	I017	NUMERIC	i017	i-017	good you do diet you do exercise you do your insulin those are all the things that will control it just not increasing the medicine will help you in terms of your insulin so you really need to do all of the things similarly but at the same time you need to check your sugar so that it helps you know where you are and if it goes up then we can adjust your medications i know that second doctor i017 but in terms of vicodin that's the other pain medication so that would not be the medicine for your diabetic neuropathy no but it helps second doctor i017 what i can do is dr	0
kokoro-va-sample	I017	NUMERIC	second	2nd	good you do diet you do exercise you do your insulin those are all the things that will control it just not increasing the medicine will help you in terms of your insulin so you really need to do all of the things similarly but at the same time you need to check your sugar so that it helps you know where you are and if it goes up then we can adjust your medications i know that second doctor i017 but in terms of vicodin that's the other pain medication so that would not be the medicine for your diabetic neuropathy no but it helps second doctor i017 what i can do is dr	0
kokoro-va-sample	I017	NUMERIC	i017	i-017	good you do diet you do exercise you do your insulin those are all the things that will control it just not increasing the medicine will help you in terms of your insulin so you really need to do all of the things similarly but at the same time you need to check your sugar so that it helps you know where you are and if it goes up then we can adjust your medications i know that second doctor i017 but in terms of vicodin that's the other pain medication so that would not be the medicine for your diabetic neuropathy no but it helps second doctor i017 what i can do is dr	0
kokoro-va-sample	I017	NUMERIC	900	903	was mentioning to you that we can increase the gabapentin to 900 three times a day	0
kokoro-va-sample	I017	NUMERIC	three		was mentioning to you that we can increase the gabapentin to 900 three times a day	0
kokoro-va-sample	I017	NUMERIC	second	2nd	you might feel sleepy already i might feel sleepy second doctor i017 good so it's a neuropathy medication that	0
kokoro-va-sample	I017	NUMERIC	i017	i-017	you might feel sleepy already i might feel sleepy second doctor i017 good so it's a neuropathy medication that	0
kokoro-va-sample	I017	NEGATION_FLIP	doesn	doesn't	doesn't	0
kokoro-va-sample	I017	NUMERIC	second	2nd	bother me second doctor i017 okay so	0
kokoro-va-sample	I017	NUMERIC	i017	i-017	bother me second doctor i017 okay so	0
kokoro-va-sample	I017	NUMERIC	second	2nd	pills with no refills and this is not for the neuropathy pain no no second doctor i017	0
kokoro-va-sample	I017	NUMERIC	i017 it	i-017 it's	pills with no refills and this is not for the neuropathy pain no no second doctor i017 it's	0
kokoro-va-sample	I017	NUMERIC	second	2nd	for the ankle pain if you need it but no refills i don't want to get in the habit of taking vicodin for regular pain and like i told her i still have a few pills from the last time you gave me some second doctor i017 yeah	0
kokoro-va-sample	I017	NUMERIC	i017	i-017	for the ankle pain if you need it but no refills i don't want to get in the habit of taking vicodin for regular pain and like i told her i still have a few pills from the last time you gave me some second doctor i017 yeah	0
kokoro-va-sample	I017	NUMERIC	second	2nd	to be going over on vacation this year second doctor i017 next week	0
kokoro-va-sample	I017	NUMERIC	i017	i-017	to be going over on vacation this year second doctor i017 next week	0
kokoro-va-sample	I017	NUMERIC	second	2nd	you going second doctor i017 nowhere you	0
kokoro-va-sample	I017	NUMERIC	i017	i-017	you going second doctor i017 nowhere you	0
kokoro-va-sample	I017	NUMERIC	second	2nd	just going to relax second doctor i017	0
kokoro-va-sample	I017	NUMERIC	i017	i-017	just going to relax second doctor i017	0
kokoro-va-sample	I017	NUMERIC	second	2nd	second doctor i017 take care happy holidays thank you second doctor	0
kokoro-va-sample	I017	NUMERIC	i017	i-017	second doctor i017 take care happy holidays thank you second doctor	0
kokoro-va-sample	I017	NUMERIC	second	2nd	second doctor i017 take care happy holidays thank you second doctor	0
kokoro-va-sample	I017	NUMERIC	i017	i-017	017	0
kokoro-va-sample	I017	NUMERIC	first	1st	first doctor i017	0
kokoro-va-sample	I017	NUMERIC	i017	i-017	first doctor i017	0
kokoro-va-sample	I017	NUMERIC	i017	i-017	017	0
kokoro-va-sample	I017	NUMERIC	i017	i-017	doctor i017 you know i do what i can to set you up that's my bad alright so	1
kokoro-va-sample	I017	NUMERIC	i017	i-017	been doing that since 2000 you know that first doctor i017 i know	0
kokoro-va-sample	I017	NUMERIC	i017	i-017	first doctor i017 she is pretty	0
kokoro-va-sample	I017	NUMERIC	i017	i-017	i swear by her first doctor i017 she is pretty	0
kokoro-va-sample	I017	NUMERIC	doctor i017	dr i-017	admitted to the hospital first doctor i017 i know because she cares about you yes she does first	0
kokoro-va-sample	I017	NUMERIC	i017	i-017	doctor7 al so here is	0
kokoro-va-sample	I017	NUMERIC	i017	i-017	said she just said first doctor i017 the	0
kokoro-va-sample	I017	NUMERIC	4th	fourth	fourth	0
kokoro-va-sample	I017	NUMERIC	i017	i-017	is with podiatry podiatry and what else first doctor i017 the	0
kokoro-va-sample	I017	NUMERIC	4th	fourth	fourth you	0
kokoro-va-sample	I017	NUMERIC	i017 uh-huh	i-017 uhah		unalignable
kokoro-va-sample	I017	NEGATION_FLIP	doctor i017 no	dr i-017 know	you know what i knew there was something that i needed to do i knew it first doctor i0170	0
kokoro-va-sample	I017	NUMERIC	doctor i017 no	dr i-017 know	you know what i knew there was something that i needed to do i knew it first doctor i0170	0
kokoro-va-sample	I017	NUMERIC	doctor i017	dr i-017	that's okay but i thought i scheduled it for today because i knew i was going to be here early first doctor i017 right	0
kokoro-va-sample	I017	NUMERIC	doctor i017	dr i-017	there on mondays and fridays only first doctor i017 right so i knew it first doctor i017 you can have them reschedule that for you	0
kokoro-va-sample	I017	NUMERIC	i017	i-017	there on mondays and fridays only first doctor i017 right so i knew it first doctor i017 you can have them reschedule that for you	0
kokoro-va-sample	I017	NUMERIC	i017	i-017	reschedule your ortho appointment okay first doctor i017	0
kokoro-va-sample	I017	NUMERIC	doctor i017	dr i-017	schedule your eye doctor i need to reschedule with ortho first doctor i017 ophthalmology for the eye doctor	0
kokoro-va-sample	I017	NUMERIC	doctor i017	dr i-017	increasing your gabapentin to 800 mg three times a day i thought she said 900 first doctor i017 you know you already have them and i mean you can do that way this time	0
kokoro-va-sample	I017	NUMERIC	i017	i-017	017	0
kokoro-va-sample	I017	NUMERIC	i017 uh-huh	i-017 uaha	wondering you know because right after the surgery first doctor i017 o hu	0
kokoro-va-sample	I017	NUMERIC	doctor i017 uh-huh	dr i-017 uaha	the toes to hang that foot up there for them to do first doctor i017 u hu i am	0
kokoro-va-sample	I017	NUMERIC	i017	i-017	017	0
kokoro-va-sample	I017	NUMERIC	i017	i-017	017	0
kokoro-va-sample	I017	NUMERIC	i017	i-017	017	0
kokoro-va-sample	I017	NEGATION_FLIP	not		no no only some of the discoloration you know was due to the injury that you had and what not so	1
kokoro-va-sample	I017	NUMERIC	doctor i017 uh-huh	dr i-017 uaha	and actually do a lotion a lotion to put the sock on and it takes it right off first doctor i017	0
kokoro-va-sample	I017	NUMERIC	doctor i017	dr i-017	and we just first doctor i 017	0
kokoro-va-sample	I017	NUMERIC	doctor i017	dr i-017	be fine first doctor i017 then	0
kokoro-va-sample	I017	NUMERIC	doctor i017 ha	dr i-017 hahaha	see you back in three months how does that sound no i want to see you before first doctor i017	0
kokoro-va-sample	I017	NUMERIC	doctor i017	dr i-017	yeah first doctor i 017	0
kokoro-va-sample	I017	NUMERIC	doctor i017	dr i-017	forget something you know first doctor i 017	0
kokoro-va-sample	I017	NUMERIC	i017	i-017	017	0
kokoro-va-sample	I017	NUMERIC	doctor i017	dr i-017	go every month and a half instead of three months first doctor i017 i mean i don't think you need to see me every month and a half why first doctor	0
kokoro-va-sample	I017	NUMERIC	i017	i-017	017	0
kokoro-va-sample	I017	NUMERIC	to	two	because you don't have that many medical problems for you to i don't know first doctor i017 if you want to see me every month and half you know what yes i do because i want to get i want to get cut down on insulin first doctor i017 so	0
kokoro-va-sample	I017	NUMERIC	i017	i-017	because you don't have that many medical problems for you to i don't know first doctor i017 if you want to see me every month and half you know what yes i do because i want to get i want to get cut down on insulin first doctor i017 so	0
kokoro-va-sample	I017	NUMERIC	7 8 5	eight point five	it should be less than 7 8 5 that's nothing first doctor i017 high it used to be 13 or higher first doctor	0
kokoro-va-sample	I017	NUMERIC	doctor i017	dr i-017	of your medications is to lose more weight now what medication am i taking for the diabetes first doctor i017 the insulin and so the only way this is	0
kokoro-va-sample	I017	NUMERIC	doctor i017	dr i-017	at first doctor i 017	0
kokoro-va-sample	I017	NUMERIC	three	three-month	three-month	0
kokoro-va-sample	I017	NUMERIC	doctor i017	dr i-017	sense you can come and see me more often if you want i just don't think it's going to change our management of you i think it will first doctor i017 okay if you want to	0
kokoro-va-sample	I017	NUMERIC	doctor i017	dr i-017	being monitored you know i feel more comfortable first doctor i017 if you feel more comfortable	0
kokoro-va-sample	I017	NUMERIC	doctor i017	dr i-017	being monitored properly and that yes i am doing the right thing first doctor i017 good and	0
kokoro-va-sample	I017	NUMERIC	61	617181	51 i want to see 61 71 81 first doctor i017	0
kokoro-va-sample	I017	NUMERIC	71 81		51 i want to see 61 71 81 first doctor i017	0
kokoro-va-sample	I017	NUMERIC	doctor i017 uh-huh	dr i-017 uaha	51 i want to see 61 71 81 first doctor i017	0
kokoro-va-sample	I017	NUMERIC	doctor i017 uh-huh	dr i-017 uaha	feeling right now you know i want to have motivation some day first doctor i017 o hu	0
kokoro-va-sample	I017	NUMERIC	doctor i017	dr i-017	and it's not because of my diabetes i don't know what it is first doctor i017	0
kokoro-va-sample	I017	NUMERIC	i017	i-017	like yesterday i felt like first doctor i017 have you thought about seeing a psychiatrist	0
kokoro-va-sample	I017	NUMERIC	doctor i017	dr i-017	good only because i don't think it's that bad first doctor i017 you might benefit from it i don't think done now first doctor i017 sometimes it can be helpful you can see them if you feel you need it that's okay i	0
kokoro-va-sample	I017	NUMERIC	doctor i017	dr i-017	good only because i don't think it's that bad first doctor i017 you might benefit from it i don't think done now first doctor i017 sometimes it can be helpful you can see them if you feel you need it that's okay i	0
kokoro-va-sample	I017	NUMERIC	i017	i-017	017	0
kokoro-va-sample	I017	NUMERIC	i017	i-017	what was he a psychiatrist you know first doctor i017 he was a psychologist psych	0
kokoro-va-sample	I017	NUMERIC	i017	i-017	something first doctor i017 psychologist	0
kokoro-va-sample	I017	NEGATION_FLIP	don	don't	don't	0
kokoro-va-sample	I017	NUMERIC	doctor i017	dr i-017	have mds what could the psychiatrist do for me first doctor i017 they can talk to you they can kind of help you work through things i can talk to people i can talk to you first doctor i017 yeah but they have a lot more training no	0
kokoro-va-sample	I017	NUMERIC	i017	i-017	have mds what could the psychiatrist do for me first doctor i017 they can talk to you they can kind of help you work through things i can talk to people i can talk to you first doctor i017 yeah but they have a lot more training no	0
kokoro-va-sample	I017	NUMERIC	i017	i-017	tell her first doctor i017	0
kokoro-va-sample	I017	NUMERIC	i017	i-017	i 01720	0
kokoro-va-sample	I017	NUMERIC	i017	i-017	17	0
kokoro-va-sample	I017	NUMERIC	i017	i-017	doct i7	0
kokoro-va-sample	I017	NUMERIC	i017	i-017	i7	0
kokoro-va-sample	I017	NUMERIC	i017	i-017	i017	1
kokoro-va-sample	I017	NUMERIC	i017	i-017		unalignable
kokoro-va-sample	I017	NUMERIC	i017	i-017	doct7 yea	0
kokoro-va-sample	I017	NUMERIC	i017	i-017		unalignable
kokoro-va-sample	I017	NUMERIC	i017	i-017	happy holidays first doctor i017 happy holidays have a good christmas	0
kokoro-va-sample	J539	NEGATION_FLIP	um this one is might be here let me see here it was done in 2010 let me see here here we go okay i think we might want to at least re-look at the aorta it's not a cat scan you don't go through any machines we'll schedule you for an appointment and they'll come and it's just that it's like what they give to um so the aorta which is the largest vessel that runs down the middle of your body sometimes especially in men who have any history of smoking at all it can become a little bit enlarged and the problem with that is that if it becomes enlarged it's a little bit increased risk for the wall being thin and well they may do nothing they may just watch it for us but if it's really big they may have some intervention which you may or may not decide you want but that's something that you could discuss with them but it's good to have a specialist take a look at it if it is enlarged just so they're aware of it and we all know about it and they can tell us how often we um and because it carries a lot of blood that would be very dangerous when that happens so we screen all men who have any kind of history of smoking in their past and see if it's enlarged and if it is we keep an eye on it it looks like yours was a little bit enlarged in 2009 i'm trying to see if we did another one um but i don't okay so in that case it's actually very important that somebody not only does someone know about this so someone close to you who is considered your power of attorney know your wishes but also you keep a written record that you have said you don't want aggressive measures done because otherwise our default is we so in that case i think when you have that problem again you should come in come in to gmc or come in the pulmonary clinic and just have somebody listen to your lungs okay so that we kind of know what's going on and we can help you out if you you know if you need more medicine or anything like that just so no and i think that that s a great idea but rather than come in to the emergency room which you'll need help getting to anyway have that person who would drive you here drive you to the clinic and someone can just listen to your lungs and that way you won't automatically be admitted to the hospital for potential pneumonia which is right somebody will listen to you at the clinic and they may be like okay you sound a little wheezy why don't you go ahead and take your zithromax and go home but they might say oh you sound terrible your breathing is awful we're going to send you down to the emergency room but at least then you have a doctor checking you out or a nurse checking and then after that i want you by then hopefully you won't you know need it any time soon you just took it but after that i'm gonna have you call the pulmonary doctor and just double check everything with her and the other thing that i think might be sensible is if you feel like you're getting a viral infection or no no i know wait listen to me for just a second i don't want to have you just keep dosing for yourself when you think that you re having an attack because you may not be it may be just a short-lived thing that you don't need to take a whole prednisone course for because these antibiotics and the prednisone have lots of side effects themselves so if you don't need			unalignable
kokoro-va-sample	J539	LATERALITY	um this one is might be here let me see here it was done in 2010 let me see here here we go okay i think we might want to at least re-look at the aorta it's not a cat scan you don't go through any machines we'll schedule you for an appointment and they'll come and it's just that it's like what they give to um so the aorta which is the largest vessel that runs down the middle of your body sometimes especially in men who have any history of smoking at all it can become a little bit enlarged and the problem with that is that if it becomes enlarged it's a little bit increased risk for the wall being thin and well they may do nothing they may just watch it for us but if it's really big they may have some intervention which you may or may not decide you want but that's something that you could discuss with them but it's good to have a specialist take a look at it if it is enlarged just so they're aware of it and we all know about it and they can tell us how often we um and because it carries a lot of blood that would be very dangerous when that happens so we screen all men who have any kind of history of smoking in their past and see if it's enlarged and if it is we keep an eye on it it looks like yours was a little bit enlarged in 2009 i'm trying to see if we did another one um but i don't okay so in that case it's actually very important that somebody not only does someone know about this so someone close to you who is considered your power of attorney know your wishes but also you keep a written record that you have said you don't want aggressive measures done because otherwise our default is we so in that case i think when you have that problem again you should come in come in to gmc or come in the pulmonary clinic and just have somebody listen to your lungs okay so that we kind of know what's going on and we can help you out if you you know if you need more medicine or anything like that just so no and i think that that s a great idea but rather than come in to the emergency room which you'll need help getting to anyway have that person who would drive you here drive you to the clinic and someone can just listen to your lungs and that way you won't automatically be admitted to the hospital for potential pneumonia which is right somebody will listen to you at the clinic and they may be like okay you sound a little wheezy why don't you go ahead and take your zithromax and go home but they might say oh you sound terrible your breathing is awful we're going to send you down to the emergency room but at least then you have a doctor checking you out or a nurse checking and then after that i want you by then hopefully you won't you know need it any time soon you just took it but after that i'm gonna have you call the pulmonary doctor and just double check everything with her and the other thing that i think might be sensible is if you feel like you're getting a viral infection or no no i know wait listen to me for just a second i don't want to have you just keep dosing for yourself when you think that you re having an attack because you may not be it may be just a short-lived thing that you don't need to take a whole prednisone course for because these antibiotics and the prednisone have lots of side effects themselves so if you don't need			unalignable
kokoro-va-sample	J539	NUMERIC	um this one is might be here let me see here it was done in 2010 let me see here here we go okay i think we might want to at least re-look at the aorta it's not a cat scan you don't go through any machines we'll schedule you for an appointment and they'll come and it's just that it's like what they give to um so the aorta which is the largest vessel that runs down the middle of your body sometimes especially in men who have any history of smoking at all it can become a little bit enlarged and the problem with that is that if it becomes enlarged it's a little bit increased risk for the wall being thin and well they may do nothing they may just watch it for us but if it's really big they may have some intervention which you may or may not decide you want but that's something that you could discuss with them but it's good to have a specialist take a look at it if it is enlarged just so they're aware of it and we all know about it and they can tell us how often we um and because it carries a lot of blood that would be very dangerous when that happens so we screen all men who have any kind of history of smoking in their past and see if it's enlarged and if it is we keep an eye on it it looks like yours was a little bit enlarged in 2009 i'm trying to see if we did another one um but i don't okay so in that case it's actually very important that somebody not only does someone know about this so someone close to you who is considered your power of attorney know your wishes but also you keep a written record that you have said you don't want aggressive measures done because otherwise our default is we so in that case i think when you have that problem again you should come in come in to gmc or come in the pulmonary clinic and just have somebody listen to your lungs okay so that we kind of know what's going on and we can help you out if you you know if you need more medicine or anything like that just so no and i think that that s a great idea but rather than come in to the emergency room which you'll need help getting to anyway have that person who would drive you here drive you to the clinic and someone can just listen to your lungs and that way you won't automatically be admitted to the hospital for potential pneumonia which is right somebody will listen to you at the clinic and they may be like okay you sound a little wheezy why don't you go ahead and take your zithromax and go home but they might say oh you sound terrible your breathing is awful we're going to send you down to the emergency room but at least then you have a doctor checking you out or a nurse checking and then after that i want you by then hopefully you won't you know need it any time soon you just took it but after that i'm gonna have you call the pulmonary doctor and just double check everything with her and the other thing that i think might be sensible is if you feel like you're getting a viral infection or no no i know wait listen to me for just a second i don't want to have you just keep dosing for yourself when you think that you re having an attack because you may not be it may be just a short-lived thing that you don't need to take a whole prednisone course for because these antibiotics and the prednisone have lots of side effects themselves so if you don't need			unalignable
kokoro-va-sample	J539	NEGATION_FLIP	pregnant women with the little gel and the stick and they go like this it potentially tearing need to take a look at it okay it's a very easy test initially that's going to do that see it on record so i think it might be a good idea to get another one and see where it's at do everything to keep someone alive we don't want to go against anyone's wishes that somebody's listening to the lungs and in terms of often what happens in the emergency room you out before you proceed straight to the emergency room i just want to decrease the number of times you have to go to the emergency room if you feel like you're getting a bad cough if you feel like your copd is acting up you can come into the gmc clinic right here on the third floor without an appointment and be heard by one of the nurses they can just see you and they can decide if you're wheezing that you really do need to them i don't want you to take them but it's easier for a nurse or a doctor to assess whether you really do need to take the full course do you see what i mean so i understand having the preventative medicines at home and i'm not saying we're not going to do that anymore i think it's been a good way to keep you out of the hospital			unalignable
kokoro-va-sample	J539	LATERALITY	pregnant women with the little gel and the stick and they go like this it potentially tearing need to take a look at it okay it's a very easy test initially that's going to do that see it on record so i think it might be a good idea to get another one and see where it's at do everything to keep someone alive we don't want to go against anyone's wishes that somebody's listening to the lungs and in terms of often what happens in the emergency room you out before you proceed straight to the emergency room i just want to decrease the number of times you have to go to the emergency room if you feel like you're getting a bad cough if you feel like your copd is acting up you can come into the gmc clinic right here on the third floor without an appointment and be heard by one of the nurses they can just see you and they can decide if you're wheezing that you really do need to them i don't want you to take them but it's easier for a nurse or a doctor to assess whether you really do need to take the full course do you see what i mean so i understand having the preventative medicines at home and i'm not saying we're not going to do that anymore i think it's been a good way to keep you out of the hospital			unalignable
kokoro-va-sample	J539	NUMERIC	pregnant women with the little gel and the stick and they go like this it potentially tearing need to take a look at it okay it's a very easy test initially that's going to do that see it on record so i think it might be a good idea to get another one and see where it's at do everything to keep someone alive we don't want to go against anyone's wishes that somebody's listening to the lungs and in terms of often what happens in the emergency room you out before you proceed straight to the emergency room i just want to decrease the number of times you have to go to the emergency room if you feel like you're getting a bad cough if you feel like your copd is acting up you can come into the gmc clinic right here on the third floor without an appointment and be heard by one of the nurses they can just see you and they can decide if you're wheezing that you really do need to them i don't want you to take them but it's easier for a nurse or a doctor to assess whether you really do need to take the full course do you see what i mean so i understand having the preventative medicines at home and i'm not saying we're not going to do that anymore i think it's been a good way to keep you out of the hospital			unalignable
kokoro-va-sample	J539	NEGATION_FLIP	oh	no	no	0
kokoro-va-sample	J539	NEGATION_FLIP	have	haven't	it okay good and i have	1
kokoro-va-sample	J539	NUMERIC	81	one	1	0
kokoro-va-sample	J539	NEGATION_FLIP	no	number	and number	0
kokoro-va-sample	J539	NEGATION_FLIP	didn	didn't	didn't	0
kokoro-va-sample	J539	NEGATION_FLIP	don	don't	don't	0
kokoro-va-sample	J539	NEGATION_FLIP	oh	no	though	1
kokoro-va-sample	J539	NEGATION_FLIP	no	number	number	0
kokoro-va-sample	J539	NEGATION_FLIP	know	no	especially at night it's probably good you know well they told me make sure i sleep with you know with the oxygen and i do do that good they told me when	1
kokoro-va-sample	J539	NUMERIC	2	2-800	two	0
kokoro-va-sample	J539	NUMERIC	- 800		800 number well what happens if	1
kokoro-va-sample	J539	NEGATION_FLIP	wouldn	wouldn't	would'	1
kokoro-va-sample	J539	NEGATION_FLIP	know	no	better to come to the clinic and get checked out in the clinic than to show up in the emergency room you tend to get you know more complete care we can deal with it as an outpatient	1
kokoro-va-sample	J539	NEGATION_FLIP	no uh	noah yes	the prednisone and the antibiotics yeah just only take it when you need it no would yea	1
kokoro-va-sample	J539	NEGATION_FLIP	yeah	neither	that	1
kokoro-va-sample	J539	LATERALITY	uh-huh so they can send it to the right place um		ahead so they can send it to the right placeum okay w will	1
kokoro-va-sample	J539	NUMERIC	30	30-day	30-day	0
kokoro-va-sample	J539	NUMERIC	3rd	third	third	0
kokoro-va-sample	J539	NUMERIC	1st	first	first	0
kokoro-va-sample	J539	NUMERIC	8	eight	the eight	0
kokoro-va-sample	J539	NUMERIC	9	nine	nine	0
kokoro-va-sample	J539	NUMERIC	8	eight	eight	0
kokoro-va-sample	J539	NUMERIC	9	nine	nine	0
kokoro-va-sample	J539	NUMERIC	11-ish	eleven-ish	is	0
kokoro-va-sample	M224	NUMERIC	7	seven	seven	0
kokoro-va-sample	M224	NUMERIC	3	three	three	0
kokoro-va-sample	M224	NUMERIC	to	two	still smoking a few cigarettes a day yes i am is it one to the last time i wrote down	0
kokoro-va-sample	M224	NUMERIC	1-2	two	two	0
kokoro-va-sample	M224	NUMERIC	9	nine	this morning early this morning 9 o'clock this morning	1
kokoro-va-sample	M224	NUMERIC	too	two	to	1
kokoro-va-sample	M224	NUMERIC	220	22	at the same time when i was at 200 i spent the same night here now it was 200 on that one scale they gave me and upstairs it read 220 so	0
kokoro-va-sample	M224	NUMERIC	0	zero	zero	0
kokoro-va-sample	M224	NUMERIC	lisinopril 5	lissinoprol 5-mg	out of that your lancets or your testing strips are the things to test your blood sugars yes do you need more of those yes the lisinopril 5 mg for your blood pressure	1
kokoro-va-sample	M224	NUMERIC	1-year-old	old	old	0
kokoro-va-sample	M224	NUMERIC	double	double-check	i just want to double check your creatinine yeah and then if i can get your phone number just in case i need to call yeah yeah because otherwise you call the main hospital they send you through this way and that way and wait a minute	1
kokoro-va-sample	M224	NUMERIC	two heart attacks		yea do heart attacks yes i got four stents	0
kokoro-va-sample	M224	NUMERIC	that'll be the 31st that'll be the 31st		will be the 30 first that will be the 30 first	0
kokoro-va-sample	M224	LATERALITY	alright any more questions right now		right any more questions right now no okay	1
kokoro-va-sample	M224	NUMERIC	3-4	four	four	0
kokoro-va-sample	M224	NEGATION_FLIP	know	no	have some recommendations for you know stretches or treatment or something	1
kokoro-va-sample	O716	NUMERIC	135	130580	happy with your blood pressure okay and so let's just say i checked it today and i saw a 135 80 randomly today	0
kokoro-va-sample	O716	NUMERIC	80		happy with your blood pressure okay and so let's just say i checked it today and i saw a 135 80 randomly today	0
kokoro-va-sample	O716	NUMERIC	30	30-day	30-day	0
kokoro-va-sample	O716	NUMERIC	30	30-day	30-day	0
kokoro-va-sample	O716	NUMERIC	90	90-day	90-day	0
kokoro-va-sample	O716	NEGATION_FLIP	no	feels	taking that no no fevers or chills right no no nausea or vomiting nope and then no recent weight loss	1
kokoro-va-sample	O716	NEGATION_FLIP	no nausea or vomiting		taking that no no fevers or chills right no no nausea or vomiting nope and then no recent weight loss	1
kokoro-va-sample	O716	NUMERIC	mid	mid-70s	no longer smoking never but you did smoke yes how many years have you smoked for i think i quit in the mid 70s i probably started when i was about 16 17 so 20	0
kokoro-va-sample	O716	NUMERIC	70s		no longer smoking never but you did smoke yes how many years have you smoked for i think i quit in the mid 70s i probably started when i was about 16 17 so 20	0
kokoro-va-sample	O716	NEGATION_FLIP	don	don't	don't	0
kokoro-va-sample	O716	NUMERIC	166 80	16680 we'll	you come over there and check 166 80 we	1
kokoro-va-sample	O716	NUMERIC	3 uh	three ua	what started the first time it was high and it shouldn't have been over 3 ell	0
kokoro-va-sample	O721	NEGATION_FLIP	uh-huh he has the lidoderm patch and he's had dilaudid but his pain is not controlled and he has an anxiety medication that they are administering but his pain is not controlled even though he's under hospice care uh more than any problem it seems that his pain is out of control the okay but i mean it was probably there all along but i mean it's probably growing larger to now to where it's like protruding out he's had two uh bowel obstruction surgeries 2003 july 2003 the bowel obstruction surgery and then after that he had a lot of adhesions and yeah it sometimes can really affect that i mean it just keeps it just keeps it replenished you know in the setting of not eating if he's eating better let me talk to my boss and we'll see what we can do we can check his labs and things like that and see if we find anything i mean give him something for the yeah i heard the name no first doctor o721 do you know dr thomas the doctor that i is he from va first doctor o721 yeah i think so the doctor that i remember was an african doctor first doctor o721 okay i'll be right back first doctor o721 she's probably approving she's looking at the nicotine right now but she's in the computer anyway okay it's just a matter of time first doctor o721 so she is in the system right now so i can't do anything uh can't we just wait outside until first doctor o721 you can wait outside and eventually when she's logged out of the system i could try to go back in and then get it so you could pick it up today you can't get his pain medicines first doctor o721 i can't even it's all i'm locked out right now because she's putting in the orders so if you guys want to hang out i can try to log back in once the pharmacist is out of the system and you can possibly now look at what what are you looking at second doctor o721 um yes that's alright no skin breakdown second doctor o721 no skin breakdown like stage 1 just a little erythema yes second doctor o721 so usually how we dress those is just a transparent dressing and then well when he was in the hospital they he was here in the va a month ago they was putting a dressing on it and he was bleeding and the skin had broke all i know is what happens here for 45 minutes that's what he's saying first doctor o721 there's only about 45 minutes it lasts about 45 minutes 45 minutes so is that controlled i don't know second doctor o721 so once he takes this for 45 minutes he's good and then it starts again yes second doctor o721 with just dilaudid with two pills every two hours so if that 45 minutes or maybe it might be a little longer maybe it's controlled for a hour but what no it's not the cancer second doctor o721 so he does not have any cancer in his abdomen from what we were able to see so this is not the cancer causing this pain oh he gave us nicoderm patches second doctor o721 yes she said that they didn't provide them the va gave it to them so when we came over here the nurse i talked to her twice today she said make sure that we ask for the nicoderm second doctor o721 yeah we can't write for those we'll get it out of here second doctor o721 you sound like you're struggling here here we go okay you've got it thank you very much sorry about that you know i'll fix it second doctor o721 okay so essentially i think that what's going on here is that you're clearly frustrated cause you feel like people aren't properly um addressing all of the concerns that you have all of the pain that your husband's having that's not true that's not true okay second doctor o721 and fridays tuesday and fridays second doctor o721 and how do you contact them they came last tuesday friday they did not come she called though but they're in constant contact i don't have no problem with them second doctor o721 and you don't have a number no no i know that s not what i mean so we can contact them do you have a way if you want to second doctor o721 oh they have a number i can answer you 555-1234 i'm giving the direct number to my nurse hurts along with this right there yeah it's painful second doctor o721 have you had recent imaging of his abdomen so yeah the question would be the only way to repair those if it is in fact a hernia which it appears to be is the surgical approach i don't know that they're gonna want to do anything surgically um what do you think second doctor o721 huh what do you mean second doctor o721 i don't know i mean it could just be pain medication cause right now when hours first doctor o721 so let's give them a call to see if we can find out what they've been doing and then um they call the va first doctor o721 the thing is we don t want to be giving um we don't want to be giving we want to find out so we're not all giving a bunch of different regimens we want to have one regimen for him okay we're giving you one thing and they're giving something else i see when um when he was discharged i gave		i am okay i'm se	0
kokoro-va-sample	O721	LATERALITY	uh-huh he has the lidoderm patch and he's had dilaudid but his pain is not controlled and he has an anxiety medication that they are administering but his pain is not controlled even though he's under hospice care uh more than any problem it seems that his pain is out of control the okay but i mean it was probably there all along but i mean it's probably growing larger to now to where it's like protruding out he's had two uh bowel obstruction surgeries 2003 july 2003 the bowel obstruction surgery and then after that he had a lot of adhesions and yeah it sometimes can really affect that i mean it just keeps it just keeps it replenished you know in the setting of not eating if he's eating better let me talk to my boss and we'll see what we can do we can check his labs and things like that and see if we find anything i mean give him something for the yeah i heard the name no first doctor o721 do you know dr thomas the doctor that i is he from va first doctor o721 yeah i think so the doctor that i remember was an african doctor first doctor o721 okay i'll be right back first doctor o721 she's probably approving she's looking at the nicotine right now but she's in the computer anyway okay it's just a matter of time first doctor o721 so she is in the system right now so i can't do anything uh can't we just wait outside until first doctor o721 you can wait outside and eventually when she's logged out of the system i could try to go back in and then get it so you could pick it up today you can't get his pain medicines first doctor o721 i can't even it's all i'm locked out right now because she's putting in the orders so if you guys want to hang out i can try to log back in once the pharmacist is out of the system and you can possibly now look at what what are you looking at second doctor o721 um yes that's alright no skin breakdown second doctor o721 no skin breakdown like stage 1 just a little erythema yes second doctor o721 so usually how we dress those is just a transparent dressing and then well when he was in the hospital they he was here in the va a month ago they was putting a dressing on it and he was bleeding and the skin had broke all i know is what happens here for 45 minutes that's what he's saying first doctor o721 there's only about 45 minutes it lasts about 45 minutes 45 minutes so is that controlled i don't know second doctor o721 so once he takes this for 45 minutes he's good and then it starts again yes second doctor o721 with just dilaudid with two pills every two hours so if that 45 minutes or maybe it might be a little longer maybe it's controlled for a hour but what no it's not the cancer second doctor o721 so he does not have any cancer in his abdomen from what we were able to see so this is not the cancer causing this pain oh he gave us nicoderm patches second doctor o721 yes she said that they didn't provide them the va gave it to them so when we came over here the nurse i talked to her twice today she said make sure that we ask for the nicoderm second doctor o721 yeah we can't write for those we'll get it out of here second doctor o721 you sound like you're struggling here here we go okay you've got it thank you very much sorry about that you know i'll fix it second doctor o721 okay so essentially i think that what's going on here is that you're clearly frustrated cause you feel like people aren't properly um addressing all of the concerns that you have all of the pain that your husband's having that's not true that's not true okay second doctor o721 and fridays tuesday and fridays second doctor o721 and how do you contact them they came last tuesday friday they did not come she called though but they're in constant contact i don't have no problem with them second doctor o721 and you don't have a number no no i know that s not what i mean so we can contact them do you have a way if you want to second doctor o721 oh they have a number i can answer you 555-1234 i'm giving the direct number to my nurse hurts along with this right there yeah it's painful second doctor o721 have you had recent imaging of his abdomen so yeah the question would be the only way to repair those if it is in fact a hernia which it appears to be is the surgical approach i don't know that they're gonna want to do anything surgically um what do you think second doctor o721 huh what do you mean second doctor o721 i don't know i mean it could just be pain medication cause right now when hours first doctor o721 so let's give them a call to see if we can find out what they've been doing and then um they call the va first doctor o721 the thing is we don t want to be giving um we don't want to be giving we want to find out so we're not all giving a bunch of different regimens we want to have one regimen for him okay we're giving you one thing and they're giving something else i see when um when he was discharged i gave		i am okay i'm se	0
kokoro-va-sample	O721	NUMERIC	uh-huh he has the lidoderm patch and he's had dilaudid but his pain is not controlled and he has an anxiety medication that they are administering but his pain is not controlled even though he's under hospice care uh more than any problem it seems that his pain is out of control the okay but i mean it was probably there all along but i mean it's probably growing larger to now to where it's like protruding out he's had two uh bowel obstruction surgeries 2003 july 2003 the bowel obstruction surgery and then after that he had a lot of adhesions and yeah it sometimes can really affect that i mean it just keeps it just keeps it replenished you know in the setting of not eating if he's eating better let me talk to my boss and we'll see what we can do we can check his labs and things like that and see if we find anything i mean give him something for the yeah i heard the name no first doctor o721 do you know dr thomas the doctor that i is he from va first doctor o721 yeah i think so the doctor that i remember was an african doctor first doctor o721 okay i'll be right back first doctor o721 she's probably approving she's looking at the nicotine right now but she's in the computer anyway okay it's just a matter of time first doctor o721 so she is in the system right now so i can't do anything uh can't we just wait outside until first doctor o721 you can wait outside and eventually when she's logged out of the system i could try to go back in and then get it so you could pick it up today you can't get his pain medicines first doctor o721 i can't even it's all i'm locked out right now because she's putting in the orders so if you guys want to hang out i can try to log back in once the pharmacist is out of the system and you can possibly now look at what what are you looking at second doctor o721 um yes that's alright no skin breakdown second doctor o721 no skin breakdown like stage 1 just a little erythema yes second doctor o721 so usually how we dress those is just a transparent dressing and then well when he was in the hospital they he was here in the va a month ago they was putting a dressing on it and he was bleeding and the skin had broke all i know is what happens here for 45 minutes that's what he's saying first doctor o721 there's only about 45 minutes it lasts about 45 minutes 45 minutes so is that controlled i don't know second doctor o721 so once he takes this for 45 minutes he's good and then it starts again yes second doctor o721 with just dilaudid with two pills every two hours so if that 45 minutes or maybe it might be a little longer maybe it's controlled for a hour but what no it's not the cancer second doctor o721 so he does not have any cancer in his abdomen from what we were able to see so this is not the cancer causing this pain oh he gave us nicoderm patches second doctor o721 yes she said that they didn't provide them the va gave it to them so when we came over here the nurse i talked to her twice today she said make sure that we ask for the nicoderm second doctor o721 yeah we can't write for those we'll get it out of here second doctor o721 you sound like you're struggling here here we go okay you've got it thank you very much sorry about that you know i'll fix it second doctor o721 okay so essentially i think that what's going on here is that you're clearly frustrated cause you feel like people aren't properly um addressing all of the concerns that you have all of the pain that your husband's having that's not true that's not true okay second doctor o721 and fridays tuesday and fridays second doctor o721 and how do you contact them they came last tuesday friday they did not come she called though but they're in constant contact i don't have no problem with them second doctor o721 and you don't have a number no no i know that s not what i mean so we can contact them do you have a way if you want to second doctor o721 oh they have a number i can answer you 555-1234 i'm giving the direct number to my nurse hurts along with this right there yeah it's painful second doctor o721 have you had recent imaging of his abdomen so yeah the question would be the only way to repair those if it is in fact a hernia which it appears to be is the surgical approach i don't know that they're gonna want to do anything surgically um what do you think second doctor o721 huh what do you mean second doctor o721 i don't know i mean it could just be pain medication cause right now when hours first doctor o721 so let's give them a call to see if we can find out what they've been doing and then um they call the va first doctor o721 the thing is we don t want to be giving um we don't want to be giving we want to find out so we're not all giving a bunch of different regimens we want to have one regimen for him okay we're giving you one thing and they're giving something else i see when um when he was discharged i gave		i am okay i'm se	0
kokoro-va-sample	O721	NEGATION_FLIP	new problem the new secondary problem to his cancer another bowel obstruction surgery in 2011 july at the little company of mary constipation get him something better for pain hmm so all i could say is um why she can't give him today if she's in the system first doctor o721 well i don't know where she is i mean she's gonna have			unalignable
kokoro-va-sample	O721	NUMERIC	new problem the new secondary problem to his cancer another bowel obstruction surgery in 2011 july at the little company of mary constipation get him something better for pain hmm so all i could say is um why she can't give him today if she's in the system first doctor o721 well i don't know where she is i mean she's gonna have			unalignable
kokoro-va-sample	O721	NEGATION_FLIP	know give you a call to tell you guys to come get them or she'll have to mail them so in terms of the dilaudid i can't get in the system right now because she's in it so what we're gonna have to do is um if you			unalignable
kokoro-va-sample	O721	LATERALITY	know give you a call to tell you guys to come get them or she'll have to mail them so in terms of the dilaudid i can't get in the system right now because she's in it so what we're gonna have to do is um if you			unalignable
kokoro-va-sample	O721	NEGATION_FLIP	come up like tomorrow and pick it up from the pharmacy get the medication today okay we'll wait first doctor o721 you want to hang around so you said you was gonna order some blood work or something first doctor o721 yeah you can go to the lab and get the blood work done and come back in here yeah first doctor o721 that's fine you won t forget him right first doctor o721 no down so maybe first doctor o721 he looks pretty good second doctor o721 okay how we usually either prevent further worsening because of his thinness second doctor o721 yeah what we would probably do is recommend things like a hospital type bed he probably needs to have one of those frequent turning you know good nutrition all those things okay second doctor o721 um because otherwise you know obviously if he's running down a lot he's at risk for developing you know oh i i was saying to you is he has to have an anxiety pill second doctor o721 uh-huh more than once a day but va was the one that gave him that anxiety medicine but instead of once a day we had to give it twice second doctor o721 the zyprexa zyprexa or he becomes very anxious i thought that it was very important for you to know he's anxious because of his pain second doctor o721 okay i don't know can you look up so is it possible to take have to refer him cause they won't let us write for those but they gave it to us when he left the hospital second doctor o721 i understand they can in the hospital but they can't on an outpatient basis it's just the va rules okay can i say something to you cause i see you didn't hear me when he left here on discharge they gave him nicoderm second doctor o721 i understand that i cannot write for it as an outpatient doctor they can do that as an you're not frustrated first of all i think they're doing everything second doctor o721 okay i'm very pleased and satisfied with hospice it s not their fault that they have not been able to control second doctor o721 uh-huh the pain they've tried everything i'm not frustrated about anything i'm just haven't gave up second doctor o721 okay no one can make me give up second doctor o721 let me finish because otherwise we're probably not gonna make much progress here i understand that this is a very this manager second doctor o721 okay i will call them that's i only have one nurse it's the nurse manager second doctor o721 so these people okay why don't we just talk to them okay second doctor o721 so then we'll talk to them about the hernia too because really i don't know that anyone's gonna feel like it's a good idea for him being weak and having this stage of cancer cause the only way to treat a hernia like this is surgically so um they can't reduce no other kind of way you say they you know i want you to identify they second doctor o721 anybody anyone i don't know that anyone would operate because he's a very high risk um of not doing well what would make him be um high risk second doctor o721 being a stage iv cancer patient he's a high risk okay what i m saying to you is that he's very very uncomfortable second doctor o721 oh yeah i want you to ask he can express himself second doctor o721 yeah because he's the the nurse the computer sheet that they give you when you leave the hospital first doctor o721 uh-huh and she followed everything that um she was the one that told the va had wrote down for me cause he was on vicodin so the va changed it to dilaudid not hospice only thing that we have changed was he needs his ativan or he can't function he has to have that first doctor o721 so how come how come they're not prescribing it at home then they are first doctor o721 so they are prescribing it you can			unalignable
kokoro-va-sample	O721	LATERALITY	come up like tomorrow and pick it up from the pharmacy get the medication today okay we'll wait first doctor o721 you want to hang around so you said you was gonna order some blood work or something first doctor o721 yeah you can go to the lab and get the blood work done and come back in here yeah first doctor o721 that's fine you won t forget him right first doctor o721 no down so maybe first doctor o721 he looks pretty good second doctor o721 okay how we usually either prevent further worsening because of his thinness second doctor o721 yeah what we would probably do is recommend things like a hospital type bed he probably needs to have one of those frequent turning you know good nutrition all those things okay second doctor o721 um because otherwise you know obviously if he's running down a lot he's at risk for developing you know oh i i was saying to you is he has to have an anxiety pill second doctor o721 uh-huh more than once a day but va was the one that gave him that anxiety medicine but instead of once a day we had to give it twice second doctor o721 the zyprexa zyprexa or he becomes very anxious i thought that it was very important for you to know he's anxious because of his pain second doctor o721 okay i don't know can you look up so is it possible to take have to refer him cause they won't let us write for those but they gave it to us when he left the hospital second doctor o721 i understand they can in the hospital but they can't on an outpatient basis it's just the va rules okay can i say something to you cause i see you didn't hear me when he left here on discharge they gave him nicoderm second doctor o721 i understand that i cannot write for it as an outpatient doctor they can do that as an you're not frustrated first of all i think they're doing everything second doctor o721 okay i'm very pleased and satisfied with hospice it s not their fault that they have not been able to control second doctor o721 uh-huh the pain they've tried everything i'm not frustrated about anything i'm just haven't gave up second doctor o721 okay no one can make me give up second doctor o721 let me finish because otherwise we're probably not gonna make much progress here i understand that this is a very this manager second doctor o721 okay i will call them that's i only have one nurse it's the nurse manager second doctor o721 so these people okay why don't we just talk to them okay second doctor o721 so then we'll talk to them about the hernia too because really i don't know that anyone's gonna feel like it's a good idea for him being weak and having this stage of cancer cause the only way to treat a hernia like this is surgically so um they can't reduce no other kind of way you say they you know i want you to identify they second doctor o721 anybody anyone i don't know that anyone would operate because he's a very high risk um of not doing well what would make him be um high risk second doctor o721 being a stage iv cancer patient he's a high risk okay what i m saying to you is that he's very very uncomfortable second doctor o721 oh yeah i want you to ask he can express himself second doctor o721 yeah because he's the the nurse the computer sheet that they give you when you leave the hospital first doctor o721 uh-huh and she followed everything that um she was the one that told the va had wrote down for me cause he was on vicodin so the va changed it to dilaudid not hospice only thing that we have changed was he needs his ativan or he can't function he has to have that first doctor o721 so how come how come they're not prescribing it at home then they are first doctor o721 so they are prescribing it you can			unalignable
kokoro-va-sample	O721	NUMERIC	come up like tomorrow and pick it up from the pharmacy get the medication today okay we'll wait first doctor o721 you want to hang around so you said you was gonna order some blood work or something first doctor o721 yeah you can go to the lab and get the blood work done and come back in here yeah first doctor o721 that's fine you won t forget him right first doctor o721 no down so maybe first doctor o721 he looks pretty good second doctor o721 okay how we usually either prevent further worsening because of his thinness second doctor o721 yeah what we would probably do is recommend things like a hospital type bed he probably needs to have one of those frequent turning you know good nutrition all those things okay second doctor o721 um because otherwise you know obviously if he's running down a lot he's at risk for developing you know oh i i was saying to you is he has to have an anxiety pill second doctor o721 uh-huh more than once a day but va was the one that gave him that anxiety medicine but instead of once a day we had to give it twice second doctor o721 the zyprexa zyprexa or he becomes very anxious i thought that it was very important for you to know he's anxious because of his pain second doctor o721 okay i don't know can you look up so is it possible to take have to refer him cause they won't let us write for those but they gave it to us when he left the hospital second doctor o721 i understand they can in the hospital but they can't on an outpatient basis it's just the va rules okay can i say something to you cause i see you didn't hear me when he left here on discharge they gave him nicoderm second doctor o721 i understand that i cannot write for it as an outpatient doctor they can do that as an you're not frustrated first of all i think they're doing everything second doctor o721 okay i'm very pleased and satisfied with hospice it s not their fault that they have not been able to control second doctor o721 uh-huh the pain they've tried everything i'm not frustrated about anything i'm just haven't gave up second doctor o721 okay no one can make me give up second doctor o721 let me finish because otherwise we're probably not gonna make much progress here i understand that this is a very this manager second doctor o721 okay i will call them that's i only have one nurse it's the nurse manager second doctor o721 so these people okay why don't we just talk to them okay second doctor o721 so then we'll talk to them about the hernia too because really i don't know that anyone's gonna feel like it's a good idea for him being weak and having this stage of cancer cause the only way to treat a hernia like this is surgically so um they can't reduce no other kind of way you say they you know i want you to identify they second doctor o721 anybody anyone i don't know that anyone would operate because he's a very high risk um of not doing well what would make him be um high risk second doctor o721 being a stage iv cancer patient he's a high risk okay what i m saying to you is that he's very very uncomfortable second doctor o721 oh yeah i want you to ask he can express himself second doctor o721 yeah because he's the the nurse the computer sheet that they give you when you leave the hospital first doctor o721 uh-huh and she followed everything that um she was the one that told the va had wrote down for me cause he was on vicodin so the va changed it to dilaudid not hospice only thing that we have changed was he needs his ativan or he can't function he has to have that first doctor o721 so how come how come they're not prescribing it at home then they are first doctor o721 so they are prescribing it you can			unalignable
kokoro-va-sample	O721	NEGATION_FLIP	come by tomorrow first doctor o721 yeah see second doctor o721 further ones or getting this one to advance so i mean we could at least put in a referral uh you know we didn't come today because of his pain we're just saying that he's uncomfortable second doctor o721 i understand because of the um but he's been having this he's been having this is what i'm asking you second doctor o721 yeah i guess people don't listen he's been like this for what six months and i have two more patients to see before 5 o'clock and so i can't i can't go chasing after her all i can do is get in touch with her when she s available i mean you can't talk to her on the computer i mean they re			unalignable
kokoro-va-sample	O721	NUMERIC	come by tomorrow first doctor o721 yeah see second doctor o721 further ones or getting this one to advance so i mean we could at least put in a referral uh you know we didn't come today because of his pain we're just saying that he's uncomfortable second doctor o721 i understand because of the um but he's been having this he's been having this is what i'm asking you second doctor o721 yeah i guess people don't listen he's been like this for what six months and i have two more patients to see before 5 o'clock and so i can't i can't go chasing after her all i can do is get in touch with her when she s available i mean you can't talk to her on the computer i mean they re			unalignable
kokoro-va-sample	O721	NEGATION_FLIP	out there first doctor o721 no i tried to look for her just now she's not there so i'll definitely get in touch with her and we'll try to get those two the lidoderm and the nicotine the other ones i could try i could get right now okay it twice a day second doctor o721 the zyprexa let me look it up i honestly couldn't tell			unalignable
kokoro-va-sample	O721	LATERALITY	out there first doctor o721 no i tried to look for her just now she's not there so i'll definitely get in touch with her and we'll try to get those two the lidoderm and the nicotine the other ones i could try i could get right now okay it twice a day second doctor o721 the zyprexa let me look it up i honestly couldn't tell			unalignable
kokoro-va-sample	O721	NUMERIC	out there first doctor o721 no i tried to look for her just now she's not there so i'll definitely get in touch with her and we'll try to get those two the lidoderm and the nicotine the other ones i could try i could get right now okay it twice a day second doctor o721 the zyprexa let me look it up i honestly couldn't tell			unalignable
kokoro-va-sample	O721	NEGATION_FLIP	it's not a medication i really prescribe oh okay first doctor o721 it's fine every 12 hours second doctor o721 the zyprexa it says you can take it twice a day the way it's written here okay well okay second doctor o721 so that should be okay now as far as the dilaudid now a half-life should be from one to two hours so theoretically it's okay second doctor o721 i'm wondering inpatient doctor oh second doctor o721 i understood what you said the lidoderm either second doctor o721 the lidoderm we also cannot do so we can try to find out how to get them that's what we're gonna do are you angry second doctor o721 no i'm not angry but i just you're telling me that i'm not listening but i've heard everything you've said i just want you to realize that i still can't do it all i can do is try to find out how we can facilitate fully and that's what is a very difficult time and it's a very difficult situation it sounds like from oncology's perspective they know that just from all of the data they have and from evaluating your husband they know from their estimation their experience that there is nothing more that they feel they can do now if he wants to see them again and re-address that issue i think that's a good idea and it sounds like you already have that plan so that's one thing i could not speak more on that second doctor o721 no there's no other way to i mean it reduces on its own but the only way to keep it gone is doing surgery and do you know why it came i mean this hernia second doctor o721 um you know he could have has he ever had surgery it looks like he had surgery on his abdomen before yes july of 2011 second doctor o721 yeah last year second doctor o721 so wherever he had surgery before that part of the wall of patient and i can't express his subjective feelings now i can tell you what i think second doctor o721 okay as his caretaker second doctor o721 uh-huh and his wife and living with him consistently during his whole experience second doctor o721 no i understand i know what you mean uh illness no i'm gonna tell you what i think i think that his pain is not controlled second doctor o721 okay i think that um second doctor o721 hold so he doesn't need that cause you guys have it right we have the ativan first doctor o721 okay so you don't need the ativan no the va had said discontinue the ativan cause they			unalignable
kokoro-va-sample	O721	LATERALITY	it's not a medication i really prescribe oh okay first doctor o721 it's fine every 12 hours second doctor o721 the zyprexa it says you can take it twice a day the way it's written here okay well okay second doctor o721 so that should be okay now as far as the dilaudid now a half-life should be from one to two hours so theoretically it's okay second doctor o721 i'm wondering inpatient doctor oh second doctor o721 i understood what you said the lidoderm either second doctor o721 the lidoderm we also cannot do so we can try to find out how to get them that's what we're gonna do are you angry second doctor o721 no i'm not angry but i just you're telling me that i'm not listening but i've heard everything you've said i just want you to realize that i still can't do it all i can do is try to find out how we can facilitate fully and that's what is a very difficult time and it's a very difficult situation it sounds like from oncology's perspective they know that just from all of the data they have and from evaluating your husband they know from their estimation their experience that there is nothing more that they feel they can do now if he wants to see them again and re-address that issue i think that's a good idea and it sounds like you already have that plan so that's one thing i could not speak more on that second doctor o721 no there's no other way to i mean it reduces on its own but the only way to keep it gone is doing surgery and do you know why it came i mean this hernia second doctor o721 um you know he could have has he ever had surgery it looks like he had surgery on his abdomen before yes july of 2011 second doctor o721 yeah last year second doctor o721 so wherever he had surgery before that part of the wall of patient and i can't express his subjective feelings now i can tell you what i think second doctor o721 okay as his caretaker second doctor o721 uh-huh and his wife and living with him consistently during his whole experience second doctor o721 no i understand i know what you mean uh illness no i'm gonna tell you what i think i think that his pain is not controlled second doctor o721 okay i think that um second doctor o721 hold so he doesn't need that cause you guys have it right we have the ativan first doctor o721 okay so you don't need the ativan no the va had said discontinue the ativan cause they			unalignable
kokoro-va-sample	O721	NUMERIC	it's not a medication i really prescribe oh okay first doctor o721 it's fine every 12 hours second doctor o721 the zyprexa it says you can take it twice a day the way it's written here okay well okay second doctor o721 so that should be okay now as far as the dilaudid now a half-life should be from one to two hours so theoretically it's okay second doctor o721 i'm wondering inpatient doctor oh second doctor o721 i understood what you said the lidoderm either second doctor o721 the lidoderm we also cannot do so we can try to find out how to get them that's what we're gonna do are you angry second doctor o721 no i'm not angry but i just you're telling me that i'm not listening but i've heard everything you've said i just want you to realize that i still can't do it all i can do is try to find out how we can facilitate fully and that's what is a very difficult time and it's a very difficult situation it sounds like from oncology's perspective they know that just from all of the data they have and from evaluating your husband they know from their estimation their experience that there is nothing more that they feel they can do now if he wants to see them again and re-address that issue i think that's a good idea and it sounds like you already have that plan so that's one thing i could not speak more on that second doctor o721 no there's no other way to i mean it reduces on its own but the only way to keep it gone is doing surgery and do you know why it came i mean this hernia second doctor o721 um you know he could have has he ever had surgery it looks like he had surgery on his abdomen before yes july of 2011 second doctor o721 yeah last year second doctor o721 so wherever he had surgery before that part of the wall of patient and i can't express his subjective feelings now i can tell you what i think second doctor o721 okay as his caretaker second doctor o721 uh-huh and his wife and living with him consistently during his whole experience second doctor o721 no i understand i know what you mean uh illness no i'm gonna tell you what i think i think that his pain is not controlled second doctor o721 okay i think that um second doctor o721 hold so he doesn't need that cause you guys have it right we have the ativan first doctor o721 okay so you don't need the ativan no the va had said discontinue the ativan cause they			unalignable
kokoro-va-sample	O721	NEGATION_FLIP	giving zyprexa but he has to take the zyprexa and the ativan so i don't give this other seroquel because i'm giving ativan you know good with some food and i'm giving zyprexa so i have not gave the seroquel first doctor o721 okay but that's what i was trying to tell her first doctor o721 that's because right second doctor o721 right so if it's not from the cancer if we could change this to one to two hours okay second doctor o721 um doctor asks first doctor to look something up			unalignable
kokoro-va-sample	O721	LATERALITY	giving zyprexa but he has to take the zyprexa and the ativan so i don't give this other seroquel because i'm giving ativan you know good with some food and i'm giving zyprexa so i have not gave the seroquel first doctor o721 okay but that's what i was trying to tell her first doctor o721 that's because right second doctor o721 right so if it's not from the cancer if we could change this to one to two hours okay second doctor o721 um doctor asks first doctor to look something up			unalignable
kokoro-va-sample	O721	NUMERIC	giving zyprexa but he has to take the zyprexa and the ativan so i don't give this other seroquel because i'm giving ativan you know good with some food and i'm giving zyprexa so i have not gave the seroquel first doctor o721 okay but that's what i was trying to tell her first doctor o721 that's because right second doctor o721 right so if it's not from the cancer if we could change this to one to two hours okay second doctor o721 um doctor asks first doctor to look something up			unalignable
kokoro-va-sample	O721	NEGATION_FLIP	computer and they discuss patient so we're gonna look it up and i'll see if we can change it but really it's a discussion that needs to be had with whoever's controlling his pain but since i don't know how to get a hold of that person we can at least try to get you enough before they're gonna come when do they contact you normally um they we're gonna do the nurse is the one that gave me these directions i talked to her twice this morning second doctor o721 sure she told me to ask for the nicoderm she told me to ask for the lidoderm she told me to ask for um all the medicine everything i'm saying second doctor o721 uh-huh i got directives from my hospice nurse second doctor o721 okay i'm not a cancer doctor uh-huh second doctor o721 i don't have an educated opinion about that beyond what it appears is this is a non-surgical situation um and you know if they think he's too weak for chemo or there's no appropriate trials out there they're the best ones to speak to that now as far as pain goes yeah if he's not getting adequate pain control then we need to keep working on that um he's got a palliative doctor who's seeing him for pain control is that correct the abdomen is probably a little weaker and thinner so it creates an area where it's vulnerable for other organs like bowels to poke through oh okay second doctor o721 so wearing a belly band or something that don't help i mean wearing an um second doctor o721 i don't know that it's gonna make a huge difference here because it's not that big but it's clearly causing pain so let me talk to the hospice nurse too i don't mind referring him to surgery to see what they on second i m sorry i m listening i m just trying to read his last scan see when he left the			unalignable
kokoro-va-sample	O721	LATERALITY	computer and they discuss patient so we're gonna look it up and i'll see if we can change it but really it's a discussion that needs to be had with whoever's controlling his pain but since i don't know how to get a hold of that person we can at least try to get you enough before they're gonna come when do they contact you normally um they we're gonna do the nurse is the one that gave me these directions i talked to her twice this morning second doctor o721 sure she told me to ask for the nicoderm she told me to ask for the lidoderm she told me to ask for um all the medicine everything i'm saying second doctor o721 uh-huh i got directives from my hospice nurse second doctor o721 okay i'm not a cancer doctor uh-huh second doctor o721 i don't have an educated opinion about that beyond what it appears is this is a non-surgical situation um and you know if they think he's too weak for chemo or there's no appropriate trials out there they're the best ones to speak to that now as far as pain goes yeah if he's not getting adequate pain control then we need to keep working on that um he's got a palliative doctor who's seeing him for pain control is that correct the abdomen is probably a little weaker and thinner so it creates an area where it's vulnerable for other organs like bowels to poke through oh okay second doctor o721 so wearing a belly band or something that don't help i mean wearing an um second doctor o721 i don't know that it's gonna make a huge difference here because it's not that big but it's clearly causing pain so let me talk to the hospice nurse too i don't mind referring him to surgery to see what they on second i m sorry i m listening i m just trying to read his last scan see when he left the			unalignable
kokoro-va-sample	O721	NUMERIC	computer and they discuss patient so we're gonna look it up and i'll see if we can change it but really it's a discussion that needs to be had with whoever's controlling his pain but since i don't know how to get a hold of that person we can at least try to get you enough before they're gonna come when do they contact you normally um they we're gonna do the nurse is the one that gave me these directions i talked to her twice this morning second doctor o721 sure she told me to ask for the nicoderm she told me to ask for the lidoderm she told me to ask for um all the medicine everything i'm saying second doctor o721 uh-huh i got directives from my hospice nurse second doctor o721 okay i'm not a cancer doctor uh-huh second doctor o721 i don't have an educated opinion about that beyond what it appears is this is a non-surgical situation um and you know if they think he's too weak for chemo or there's no appropriate trials out there they're the best ones to speak to that now as far as pain goes yeah if he's not getting adequate pain control then we need to keep working on that um he's got a palliative doctor who's seeing him for pain control is that correct the abdomen is probably a little weaker and thinner so it creates an area where it's vulnerable for other organs like bowels to poke through oh okay second doctor o721 so wearing a belly band or something that don't help i mean wearing an um second doctor o721 i don't know that it's gonna make a huge difference here because it's not that big but it's clearly causing pain so let me talk to the hospice nurse too i don't mind referring him to surgery to see what they on second i m sorry i m listening i m just trying to read his last scan see when he left the			unalignable
kokoro-va-sample	O721	NEGATION_FLIP	he did not have uh this problem that he's got now so would you think it would be reasonable			unalignable
kokoro-va-sample	O721	NEGATION_FLIP	him to have another scan second doctor o721 he's probably gonna need some kind of imaging if this is new this is new this is what i'm trying to tell you while he was hospitalized on december 25th to january the 2nd or something i think he you don't want to over medicate him or just so you can have it i have never gave all of it first doctor o721 you've never tried to give all of them no no first doctor o721 well they act differently well because one is an anti-psychotic and one is what anti-anxiety first doctor o721 yes one is anti-psychotic and one is anti-anxiolytic the zyprexa is the anti-psychotic first doctor o721 right the seroquel is anti-psychotic right it's for ptsd his ptsd first doctor o721 right right that's what the seroquel is for and the you were in the hospital for			unalignable
kokoro-va-sample	O721	LATERALITY	him to have another scan second doctor o721 he's probably gonna need some kind of imaging if this is new this is new this is what i'm trying to tell you while he was hospitalized on december 25th to january the 2nd or something i think he you don't want to over medicate him or just so you can have it i have never gave all of it first doctor o721 you've never tried to give all of them no no first doctor o721 well they act differently well because one is an anti-psychotic and one is what anti-anxiety first doctor o721 yes one is anti-psychotic and one is anti-anxiolytic the zyprexa is the anti-psychotic first doctor o721 right the seroquel is anti-psychotic right it's for ptsd his ptsd first doctor o721 right right that's what the seroquel is for and the you were in the hospital for			unalignable
kokoro-va-sample	O721	NUMERIC	him to have another scan second doctor o721 he's probably gonna need some kind of imaging if this is new this is new this is what i'm trying to tell you while he was hospitalized on december 25th to january the 2nd or something i think he you don't want to over medicate him or just so you can have it i have never gave all of it first doctor o721 you've never tried to give all of them no no first doctor o721 well they act differently well because one is an anti-psychotic and one is what anti-anxiety first doctor o721 yes one is anti-psychotic and one is anti-anxiolytic the zyprexa is the anti-psychotic first doctor o721 right the seroquel is anti-psychotic right it's for ptsd his ptsd first doctor o721 right right that's what the seroquel is for and the you were in the hospital for			unalignable
kokoro-va-sample	O721	NEGATION_FLIP	uh they come and see us every second doctor o721 two weeks no every uh twice a week second doctor o721 oh okay so when did you last see them or not we don't know second doctor o721 okay who prescribed his pain medicines right now um va did and then hospice second doctor o721 okay so we probably			unalignable
kokoro-va-sample	O721	LATERALITY	uh they come and see us every second doctor o721 two weeks no every uh twice a week second doctor o721 oh okay so when did you last see them or not we don't know second doctor o721 okay who prescribed his pain medicines right now um va did and then hospice second doctor o721 okay so we probably			unalignable
kokoro-va-sample	O721	NUMERIC	uh they come and see us every second doctor o721 two weeks no every uh twice a week second doctor o721 oh okay so when did you last see them or not we don't know second doctor o721 okay who prescribed his pain medicines right now um va did and then hospice second doctor o721 okay so we probably			unalignable
kokoro-va-sample	O721	NEGATION_FLIP	the palliative doctor what's the second doctor o721 so is that the doctor from the va or is it the doctor from hospice i'm never second doctor o721 probably hospice oh it is second doctor o721 um let's we're looking hmm second doctor o721 i can spell his name second doctor have to say i just don't know what they're gonna offer him so i don't mind you talking to them and then they can tell you what they think um i just by my estimation i'm not sure that they would feel it was safe for him to go through a surgery that's not a life-saving type surgery for a hernia you know so we wouldn't want to possibly do more harm than good for something that wasn't absolutely necessary now if they look at it as well keeping him comfortable is what was here until january 2nd uh he did not have a problem that i am and that he is expressing you first doctor o721 with the left belly pain			unalignable
kokoro-va-sample	O721	LATERALITY	the palliative doctor what's the second doctor o721 so is that the doctor from the va or is it the doctor from hospice i'm never second doctor o721 probably hospice oh it is second doctor o721 um let's we're looking hmm second doctor o721 i can spell his name second doctor have to say i just don't know what they're gonna offer him so i don't mind you talking to them and then they can tell you what they think um i just by my estimation i'm not sure that they would feel it was safe for him to go through a surgery that's not a life-saving type surgery for a hernia you know so we wouldn't want to possibly do more harm than good for something that wasn't absolutely necessary now if they look at it as well keeping him comfortable is what was here until january 2nd uh he did not have a problem that i am and that he is expressing you first doctor o721 with the left belly pain			unalignable
kokoro-va-sample	O721	NUMERIC	the palliative doctor what's the second doctor o721 so is that the doctor from the va or is it the doctor from hospice i'm never second doctor o721 probably hospice oh it is second doctor o721 um let's we're looking hmm second doctor o721 i can spell his name second doctor have to say i just don't know what they're gonna offer him so i don't mind you talking to them and then they can tell you what they think um i just by my estimation i'm not sure that they would feel it was safe for him to go through a surgery that's not a life-saving type surgery for a hernia you know so we wouldn't want to possibly do more harm than good for something that wasn't absolutely necessary now if they look at it as well keeping him comfortable is what was here until january 2nd uh he did not have a problem that i am and that he is expressing you first doctor o721 with the left belly pain			unalignable
kokoro-va-sample	O721	NEGATION_FLIP	left abdominal pain first doctor o721 uh-huh he didn't have the hernia it wasn't as large and protruding as it is now first doctor o721 uh-huh or i would've said something and he would've said something i try to allow him to he's the patient i'm just somebody that's in the family second doctor o721 yeah zyprexa is just given for anti-psychotic first doctor o721 it's usually given at night for insomnia insomnia but he takes it twice a day with the ativan together when i give him one i give the other first doctor o721 hmm alright so we'll have the labs checked you can go over to the laboratory after this yeah i came for the visit so i just wanted his electrolytes checked first doctor o721 uh-huh so i'll be back down first doctor o721 of course and in terms of the um the constipation is he yeah o721 okay would that help second doctor o721 um it might who uh uh before he came into the hospital uh the hospice doctor his name was dr lee second doctor o721 okay is that i think it's something like that second doctor o721 because really what we'd have to do just so that we i'm not sure i never saw him or talked to him second doctor o721 okay the only person i've ever seen is the uh the nurse you know manager second doctor o721 and who's that uh we're trying to do and he's not comfortable maybe they'd be willing to i honestly don't know so we can put in the referral and find out with lung cancer are you supposed to my question to you have abdominal pain he's been having abdominal pain for six months second doctor o721 from the hernia right where he's telling you now second doctor o721 yeah from the hernia this isn't the cancer this is the hernia okay well that's where his pain is second doctor o721 i'm just his wife i don't have his pain that's why i want him to express himself second doctor o721 usually the patients are pretty good at expressing themselves i'm sorry i clicked it off so i'll stop talking so ya'll second doctor o721 well you know it sounds like when did you last see your cancer doctors out of curiosity because the last note i could find was august has it been that long and while we were in the hospital the last time we saw oncology cancer taking the docusate or is he out of that he's got all of his he's got the suppositories and what he don't have she told me to write everything down so we can talk about it he don't have the i'm not frustrated about anything first doctor o721 uh-huh i just didn't want him to go he was in bad shape when he came in here on christmas first doctor o721 uh-huh i didn't want him to get back like that again um he's taking the um he needs the is that right his nurse manager her name is karen second doctor o721 okay so maybe what the best thing we could probably do is to try to get a hold of the people who are actually prescribing the pain medicines right now i'll let them know we need to make some adjustments we could enter them in but we probably need to work with you know have a discussion with them about it and let them know that he's not getting adequate pain control now let me be specific in terms right and nothing in his chest second doctor o721 but what i'm saying is so that's not from the cancer it's from the hernia second doctor o721 no it's from the hernia where he's pointing to is the hernia okay second doctor o721 okay so let's just go on and talk to the surgeon or let me look at your backside first okay you know your wife told me you had that ulcer do you mind if i look at it i'm gonna just grab some gloves first okay let me people second doctor o721 uh-huh was august 30 2022 second doctor o721 okay we had one appointment we talked to someone that pulled up the computer and told us the results can you hear me with all that rattling second doctor o721 no i can hear you go ahead i'm listening so on august the 30th she didn't examine my husband all that she did was told him the results she had never seen him before second doctor o721 okay the pet scan second doctor o721 okay that patch for smoking nicoderm he needs the lidoderm patch first doctor o721 so the lidoderm patch i don't see in here so we have to call them to find out what's going on with that right and um he needs the um fentanyl patch and you were saying to and then increase it to 100 instead of 50 or just wait for now first doctor o721 she's gonna manage the pain stuff and she's calling over to the nurse that you're talking about so she's gonna take care of that that's been uh-huh of understanding		will	0
kokoro-va-sample	O721	LATERALITY	left abdominal pain first doctor o721 uh-huh he didn't have the hernia it wasn't as large and protruding as it is now first doctor o721 uh-huh or i would've said something and he would've said something i try to allow him to he's the patient i'm just somebody that's in the family second doctor o721 yeah zyprexa is just given for anti-psychotic first doctor o721 it's usually given at night for insomnia insomnia but he takes it twice a day with the ativan together when i give him one i give the other first doctor o721 hmm alright so we'll have the labs checked you can go over to the laboratory after this yeah i came for the visit so i just wanted his electrolytes checked first doctor o721 uh-huh so i'll be back down first doctor o721 of course and in terms of the um the constipation is he yeah o721 okay would that help second doctor o721 um it might who uh uh before he came into the hospital uh the hospice doctor his name was dr lee second doctor o721 okay is that i think it's something like that second doctor o721 because really what we'd have to do just so that we i'm not sure i never saw him or talked to him second doctor o721 okay the only person i've ever seen is the uh the nurse you know manager second doctor o721 and who's that uh we're trying to do and he's not comfortable maybe they'd be willing to i honestly don't know so we can put in the referral and find out with lung cancer are you supposed to my question to you have abdominal pain he's been having abdominal pain for six months second doctor o721 from the hernia right where he's telling you now second doctor o721 yeah from the hernia this isn't the cancer this is the hernia okay well that's where his pain is second doctor o721 i'm just his wife i don't have his pain that's why i want him to express himself second doctor o721 usually the patients are pretty good at expressing themselves i'm sorry i clicked it off so i'll stop talking so ya'll second doctor o721 well you know it sounds like when did you last see your cancer doctors out of curiosity because the last note i could find was august has it been that long and while we were in the hospital the last time we saw oncology cancer taking the docusate or is he out of that he's got all of his he's got the suppositories and what he don't have she told me to write everything down so we can talk about it he don't have the i'm not frustrated about anything first doctor o721 uh-huh i just didn't want him to go he was in bad shape when he came in here on christmas first doctor o721 uh-huh i didn't want him to get back like that again um he's taking the um he needs the is that right his nurse manager her name is karen second doctor o721 okay so maybe what the best thing we could probably do is to try to get a hold of the people who are actually prescribing the pain medicines right now i'll let them know we need to make some adjustments we could enter them in but we probably need to work with you know have a discussion with them about it and let them know that he's not getting adequate pain control now let me be specific in terms right and nothing in his chest second doctor o721 but what i'm saying is so that's not from the cancer it's from the hernia second doctor o721 no it's from the hernia where he's pointing to is the hernia okay second doctor o721 okay so let's just go on and talk to the surgeon or let me look at your backside first okay you know your wife told me you had that ulcer do you mind if i look at it i'm gonna just grab some gloves first okay let me people second doctor o721 uh-huh was august 30 2022 second doctor o721 okay we had one appointment we talked to someone that pulled up the computer and told us the results can you hear me with all that rattling second doctor o721 no i can hear you go ahead i'm listening so on august the 30th she didn't examine my husband all that she did was told him the results she had never seen him before second doctor o721 okay the pet scan second doctor o721 okay that patch for smoking nicoderm he needs the lidoderm patch first doctor o721 so the lidoderm patch i don't see in here so we have to call them to find out what's going on with that right and um he needs the um fentanyl patch and you were saying to and then increase it to 100 instead of 50 or just wait for now first doctor o721 she's gonna manage the pain stuff and she's calling over to the nurse that you're talking about so she's gonna take care of that that's been uh-huh of understanding		will	0
kokoro-va-sample	O721	NUMERIC	left abdominal pain first doctor o721 uh-huh he didn't have the hernia it wasn't as large and protruding as it is now first doctor o721 uh-huh or i would've said something and he would've said something i try to allow him to he's the patient i'm just somebody that's in the family second doctor o721 yeah zyprexa is just given for anti-psychotic first doctor o721 it's usually given at night for insomnia insomnia but he takes it twice a day with the ativan together when i give him one i give the other first doctor o721 hmm alright so we'll have the labs checked you can go over to the laboratory after this yeah i came for the visit so i just wanted his electrolytes checked first doctor o721 uh-huh so i'll be back down first doctor o721 of course and in terms of the um the constipation is he yeah o721 okay would that help second doctor o721 um it might who uh uh before he came into the hospital uh the hospice doctor his name was dr lee second doctor o721 okay is that i think it's something like that second doctor o721 because really what we'd have to do just so that we i'm not sure i never saw him or talked to him second doctor o721 okay the only person i've ever seen is the uh the nurse you know manager second doctor o721 and who's that uh we're trying to do and he's not comfortable maybe they'd be willing to i honestly don't know so we can put in the referral and find out with lung cancer are you supposed to my question to you have abdominal pain he's been having abdominal pain for six months second doctor o721 from the hernia right where he's telling you now second doctor o721 yeah from the hernia this isn't the cancer this is the hernia okay well that's where his pain is second doctor o721 i'm just his wife i don't have his pain that's why i want him to express himself second doctor o721 usually the patients are pretty good at expressing themselves i'm sorry i clicked it off so i'll stop talking so ya'll second doctor o721 well you know it sounds like when did you last see your cancer doctors out of curiosity because the last note i could find was august has it been that long and while we were in the hospital the last time we saw oncology cancer taking the docusate or is he out of that he's got all of his he's got the suppositories and what he don't have she told me to write everything down so we can talk about it he don't have the i'm not frustrated about anything first doctor o721 uh-huh i just didn't want him to go he was in bad shape when he came in here on christmas first doctor o721 uh-huh i didn't want him to get back like that again um he's taking the um he needs the is that right his nurse manager her name is karen second doctor o721 okay so maybe what the best thing we could probably do is to try to get a hold of the people who are actually prescribing the pain medicines right now i'll let them know we need to make some adjustments we could enter them in but we probably need to work with you know have a discussion with them about it and let them know that he's not getting adequate pain control now let me be specific in terms right and nothing in his chest second doctor o721 but what i'm saying is so that's not from the cancer it's from the hernia second doctor o721 no it's from the hernia where he's pointing to is the hernia okay second doctor o721 okay so let's just go on and talk to the surgeon or let me look at your backside first okay you know your wife told me you had that ulcer do you mind if i look at it i'm gonna just grab some gloves first okay let me people second doctor o721 uh-huh was august 30 2022 second doctor o721 okay we had one appointment we talked to someone that pulled up the computer and told us the results can you hear me with all that rattling second doctor o721 no i can hear you go ahead i'm listening so on august the 30th she didn't examine my husband all that she did was told him the results she had never seen him before second doctor o721 okay the pet scan second doctor o721 okay that patch for smoking nicoderm he needs the lidoderm patch first doctor o721 so the lidoderm patch i don't see in here so we have to call them to find out what's going on with that right and um he needs the um fentanyl patch and you were saying to and then increase it to 100 instead of 50 or just wait for now first doctor o721 she's gonna manage the pain stuff and she's calling over to the nurse that you're talking about so she's gonna take care of that that's been uh-huh of understanding		will	0
kokoro-va-sample	O721	NEGATION_FLIP	he's not getting adequate control sarah			unalignable
kokoro-va-sample	O721	NEGATION_FLIP	like your pain is being well controlled or do you always have pain squeeze past you here was done at va jesse brown hospital she told him the results of the pet scan where the cancer how it was staged and how it had mets spread and to what areas of the body as to what ribs and bones and so with that and i asked could i have a follow-up appointment with surgery would that be curative and she said no i asked if we'd have chemotherapy and she said no i asked if we'd have radiation therapy second his nurse for the last five months so first doctor o721 okay we get a lot of medicines so all his medicines this nurse didn't prescribe va prescribed so um but we been coming here so much we came in here i'm glad ya'll are gonna do the labs to see where he is bloodwork so his calcium won't be real high or low or whatever and he doesn't get real sick like he was christmas i spent christmas at va hospital and new year's i was here for nine days so first doctor o721 uh-huh how are you feeling			unalignable
kokoro-va-sample	O721	NUMERIC	like your pain is being well controlled or do you always have pain squeeze past you here was done at va jesse brown hospital she told him the results of the pet scan where the cancer how it was staged and how it had mets spread and to what areas of the body as to what ribs and bones and so with that and i asked could i have a follow-up appointment with surgery would that be curative and she said no i asked if we'd have chemotherapy and she said no i asked if we'd have radiation therapy second his nurse for the last five months so first doctor o721 okay we get a lot of medicines so all his medicines this nurse didn't prescribe va prescribed so um but we been coming here so much we came in here i'm glad ya'll are gonna do the labs to see where he is bloodwork so his calcium won't be real high or low or whatever and he doesn't get real sick like he was christmas i spent christmas at va hospital and new year's i was here for nine days so first doctor o721 uh-huh how are you feeling			unalignable
kokoro-va-sample	O721	NEGATION_FLIP	doctor o721 yeah and she said no and then my husband asked her second doctor o721 cause it didn't help yeah my husband asked her if he could have surgery in terms of removing the tumor and she said it was 3 2 it was located so close to his heart that second doctor o721 yeah uh it would be very dangerous second doctor o721 yeah i saw that and then he asked her again second doctor o721 uh-huh i'm trying to tell you what i don't want him to get back in that shape if they could catch it i mean would the va hospital allow him to get the iv therapy or they don't do that first doctor o721 for what though his electrolyte imbalance first doctor o721 well we don't know what his electrolytes are i'm saying if he became imbalanced		li i	0
kokoro-va-sample	O721	NUMERIC	doctor o721 yeah and she said no and then my husband asked her second doctor o721 cause it didn't help yeah my husband asked her if he could have surgery in terms of removing the tumor and she said it was 3 2 it was located so close to his heart that second doctor o721 yeah uh it would be very dangerous second doctor o721 yeah i saw that and then he asked her again second doctor o721 uh-huh i'm trying to tell you what i don't want him to get back in that shape if they could catch it i mean would the va hospital allow him to get the iv therapy or they don't do that first doctor o721 for what though his electrolyte imbalance first doctor o721 well we don't know what his electrolytes are i'm saying if he became imbalanced		li i	0
kokoro-va-sample	O721	NUMERIC	he was christmas would they put him in the hospital here first doctor o721 um if it was bad enough yeah cause he was real bad when he um came in here like		was	0
kokoro-va-sample	O721	NEGATION_FLIP	happened second doctor o721 okay i have read all of this already yeah i did read it yeah okay i'm trying to tell you what happened he asked her again how we don't understand second doctor o721 uh-huh could they surgically remove the um tumor second doctor o721 uh-huh and she said that uh they couldn't because of the location of the tumor second doctor o721 right uh-huh so then while he was hospitalized i m getting so long-winded while he was here from december 25th to january christmas first doctor o721 oh if it was bad enough they would just put him in oh he can't sit up too long like he just he'll get real tired that's why he's laying down now he gets real tired first doctor o721 okay real easy is it anemia or something i mean if it could first doctor o721 it could be from fatigue from the cancer itself that happens oh okay first doctor o721 it makes him tired oh the cancer makes him tired first doctor o721 it can yeah do you think uh-huh 2nd i asked them if we could talk with oncology i didn't know if we could get involved with some trial studies medicine or anything second doctor o721 uh-huh uh-huh and uh they said that they weren't because of the holidays able to get an appointment but once he was discharged they would try to get an appointment when they gave him an appointment it was a snow storm on the thursday second doctor o721 hmm and i couldn't take my husband i'm frustrating because i'm asking questions is it not allowed to ask questions first doctor o721 oh no you can ask questions i mean that's fine i'm not trying to i'm not frustrated about anything i'm just trying to find out uh what you all can do what i can do for my husband the patient you know is there something wrong with that first doctor o721 no but she said i was frustrated i am not frustrated i'm just trying to find out is there something i can do i got 17 grandkids it's been hard out in a snowstorm second doctor o721 uh-huh so i made another appointment for this week which is thursday second doctor o721 okay uh at to see oncology i don't know second doctor o721 so you have one on thursday i have an appointment at 8 45 for oncology that i made for this week but i don't know what they'll be able to do if they don't examine him i'll be very irate second doctor o721 uh-huh i will be very upset if they don't even and i'll be asking are you hungry if you say you don't want eggs then i'll ask them do you want waffles or does you want cold cereal or you want orange juice or you want nothing and so that's saying something i'm doing the same thing here i'm asking what can we do as a team trying to work for the patient sarah that's the only thing i'm asking is that allowed first doctor o721 of course it's allowed of course it's allowed i'm just not in a hammock she can't make me get in		it has been hard	0
kokoro-va-sample	O721	LATERALITY	happened second doctor o721 okay i have read all of this already yeah i did read it yeah okay i'm trying to tell you what happened he asked her again how we don't understand second doctor o721 uh-huh could they surgically remove the um tumor second doctor o721 uh-huh and she said that uh they couldn't because of the location of the tumor second doctor o721 right uh-huh so then while he was hospitalized i m getting so long-winded while he was here from december 25th to january christmas first doctor o721 oh if it was bad enough they would just put him in oh he can't sit up too long like he just he'll get real tired that's why he's laying down now he gets real tired first doctor o721 okay real easy is it anemia or something i mean if it could first doctor o721 it could be from fatigue from the cancer itself that happens oh okay first doctor o721 it makes him tired oh the cancer makes him tired first doctor o721 it can yeah do you think uh-huh 2nd i asked them if we could talk with oncology i didn't know if we could get involved with some trial studies medicine or anything second doctor o721 uh-huh uh-huh and uh they said that they weren't because of the holidays able to get an appointment but once he was discharged they would try to get an appointment when they gave him an appointment it was a snow storm on the thursday second doctor o721 hmm and i couldn't take my husband i'm frustrating because i'm asking questions is it not allowed to ask questions first doctor o721 oh no you can ask questions i mean that's fine i'm not trying to i'm not frustrated about anything i'm just trying to find out uh what you all can do what i can do for my husband the patient you know is there something wrong with that first doctor o721 no but she said i was frustrated i am not frustrated i'm just trying to find out is there something i can do i got 17 grandkids it's been hard out in a snowstorm second doctor o721 uh-huh so i made another appointment for this week which is thursday second doctor o721 okay uh at to see oncology i don't know second doctor o721 so you have one on thursday i have an appointment at 8 45 for oncology that i made for this week but i don't know what they'll be able to do if they don't examine him i'll be very irate second doctor o721 uh-huh i will be very upset if they don't even and i'll be asking are you hungry if you say you don't want eggs then i'll ask them do you want waffles or does you want cold cereal or you want orange juice or you want nothing and so that's saying something i'm doing the same thing here i'm asking what can we do as a team trying to work for the patient sarah that's the only thing i'm asking is that allowed first doctor o721 of course it's allowed of course it's allowed i'm just not in a hammock she can't make me get in		it has been hard	0
kokoro-va-sample	O721	NUMERIC	happened second doctor o721 okay i have read all of this already yeah i did read it yeah okay i'm trying to tell you what happened he asked her again how we don't understand second doctor o721 uh-huh could they surgically remove the um tumor second doctor o721 uh-huh and she said that uh they couldn't because of the location of the tumor second doctor o721 right uh-huh so then while he was hospitalized i m getting so long-winded while he was here from december 25th to january christmas first doctor o721 oh if it was bad enough they would just put him in oh he can't sit up too long like he just he'll get real tired that's why he's laying down now he gets real tired first doctor o721 okay real easy is it anemia or something i mean if it could first doctor o721 it could be from fatigue from the cancer itself that happens oh okay first doctor o721 it makes him tired oh the cancer makes him tired first doctor o721 it can yeah do you think uh-huh 2nd i asked them if we could talk with oncology i didn't know if we could get involved with some trial studies medicine or anything second doctor o721 uh-huh uh-huh and uh they said that they weren't because of the holidays able to get an appointment but once he was discharged they would try to get an appointment when they gave him an appointment it was a snow storm on the thursday second doctor o721 hmm and i couldn't take my husband i'm frustrating because i'm asking questions is it not allowed to ask questions first doctor o721 oh no you can ask questions i mean that's fine i'm not trying to i'm not frustrated about anything i'm just trying to find out uh what you all can do what i can do for my husband the patient you know is there something wrong with that first doctor o721 no but she said i was frustrated i am not frustrated i'm just trying to find out is there something i can do i got 17 grandkids it's been hard out in a snowstorm second doctor o721 uh-huh so i made another appointment for this week which is thursday second doctor o721 okay uh at to see oncology i don't know second doctor o721 so you have one on thursday i have an appointment at 8 45 for oncology that i made for this week but i don't know what they'll be able to do if they don't examine him i'll be very irate second doctor o721 uh-huh i will be very upset if they don't even and i'll be asking are you hungry if you say you don't want eggs then i'll ask them do you want waffles or does you want cold cereal or you want orange juice or you want nothing and so that's saying something i'm doing the same thing here i'm asking what can we do as a team trying to work for the patient sarah that's the only thing i'm asking is that allowed first doctor o721 of course it's allowed of course it's allowed i'm just not in a hammock she can't make me get in		it has been hard	0
kokoro-va-sample	O721	NEGATION_FLIP	examine him what i don't like can i say this i hate for people to just conclude second doctor o721 okay i hate waiting i hate for people to just can i finish give up and that's what i m feeling when hospice comes to your home the reason why i don't like their philosophy they're coming in in terms of treating the symptoms second doctor o721 uh-huh in terms of saying well we don't do this yet so far they have not been a hammock - i m just resting - i had a patient once cause i worked in health care first doctor o721 uh-huh and i had a patient once and uh i was coming to work i was working at 11 to 7 and when i got to my facility where i was working i had on some pink house shoes cause i didn't want to be late cause i'd been the supervisor so when i walked in to make my rounds the patient reached out for my hot chocolate first doctor o721 uh-huh			unalignable
kokoro-va-sample	O721	NUMERIC	examine him what i don't like can i say this i hate for people to just conclude second doctor o721 okay i hate waiting i hate for people to just can i finish give up and that's what i m feeling when hospice comes to your home the reason why i don't like their philosophy they're coming in in terms of treating the symptoms second doctor o721 uh-huh in terms of saying well we don't do this yet so far they have not been a hammock - i m just resting - i had a patient once cause i worked in health care first doctor o721 uh-huh and i had a patient once and uh i was coming to work i was working at 11 to 7 and when i got to my facility where i was working i had on some pink house shoes cause i didn't want to be late cause i'd been the supervisor so when i walked in to make my rounds the patient reached out for my hot chocolate first doctor o721 uh-huh			unalignable
kokoro-va-sample	O721	NEGATION_FLIP	able to control the pain second doctor o721 uh-huh and make sarah my husband comfortable second doctor o721 okay are you finished or do you still have something you want to tell me yeah i want to tell you that uh he's so thin he's had such tremendous weight loss that i was wondering is it possible for them to give him some type of donut or something second doctor o721 yeah it could help right well i mean i guess it'll come from cause they had gave this patient up and they had said oh you know but i was kinda tired you know when you work 11 to 7 it looks like you're in a different world we never get enough rest but i was a supervisor so i had to make rounds and we gave him the hot chocolate and they had said this patient wasn t sick this patient happily told the doctor that he was alright to first doctor o721 uh-huh to give him um whatever he wanted first doctor o721			unalignable
kokoro-va-sample	O721	LATERALITY	able to control the pain second doctor o721 uh-huh and make sarah my husband comfortable second doctor o721 okay are you finished or do you still have something you want to tell me yeah i want to tell you that uh he's so thin he's had such tremendous weight loss that i was wondering is it possible for them to give him some type of donut or something second doctor o721 yeah it could help right well i mean i guess it'll come from cause they had gave this patient up and they had said oh you know but i was kinda tired you know when you work 11 to 7 it looks like you're in a different world we never get enough rest but i was a supervisor so i had to make rounds and we gave him the hot chocolate and they had said this patient wasn t sick this patient happily told the doctor that he was alright to first doctor o721 uh-huh to give him um whatever he wanted first doctor o721			unalignable
kokoro-va-sample	O721	NUMERIC	able to control the pain second doctor o721 uh-huh and make sarah my husband comfortable second doctor o721 okay are you finished or do you still have something you want to tell me yeah i want to tell you that uh he's so thin he's had such tremendous weight loss that i was wondering is it possible for them to give him some type of donut or something second doctor o721 yeah it could help right well i mean i guess it'll come from cause they had gave this patient up and they had said oh you know but i was kinda tired you know when you work 11 to 7 it looks like you're in a different world we never get enough rest but i was a supervisor so i had to make rounds and we gave him the hot chocolate and they had said this patient wasn t sick this patient happily told the doctor that he was alright to first doctor o721 uh-huh to give him um whatever he wanted first doctor o721			unalignable
kokoro-va-sample	O721	NEGATION_FLIP	hospice i don't know if it'll come from the va hospice second doctor o721 okay this donut cause he's so he started getting a decubitus it was just it wasn't even 1 centimeter it was like half of a centimeter or something second doctor o721 does he have one now a decubitus on his coccyx area second doctor o721 okay but what happens that it was just like a skin break second doctor o721 we'll look at it and uh they they put a dressing to it before he uh-huh he was able to tolerate change from um what they had said to almost two years first doctor o721 hmm so he lived for a long time i can't help it because i want a long time for my husband first doctor o721 uh-huh that's not my problem i married somebody else that was sick that's not my problem i have a role here it s not very much first doctor o721 uh-huh but i worked in health care for a long time first doctor o721 uh-huh so i can't help it			unalignable
kokoro-va-sample	O721	NUMERIC	hospice i don't know if it'll come from the va hospice second doctor o721 okay this donut cause he's so he started getting a decubitus it was just it wasn't even 1 centimeter it was like half of a centimeter or something second doctor o721 does he have one now a decubitus on his coccyx area second doctor o721 okay but what happens that it was just like a skin break second doctor o721 we'll look at it and uh they they put a dressing to it before he uh-huh he was able to tolerate change from um what they had said to almost two years first doctor o721 hmm so he lived for a long time i can't help it because i want a long time for my husband first doctor o721 uh-huh that's not my problem i married somebody else that was sick that's not my problem i have a role here it s not very much first doctor o721 uh-huh but i worked in health care for a long time first doctor o721 uh-huh so i can't help it			unalignable
kokoro-va-sample	O721	NEGATION_FLIP	uh left the hospital and i don't know if it's showing up on the computer now and so but if you have these donuts or stuff would that help second doctor o721 probably not no second doctor o721 the donuts don't help decubitus ulcers we'll take a look at it maybe it'll help in the wheelchair because i want this i'm not frustrated i'm just asking questions first doctor o721 uh-huh i'm trying to find out with my experiences my education first doctor o721 uh-huh i appreciate your patience first doctor o721 no i'm glad you asked i think you asked appropriately and we answered well and i found out why my husband seemed to be so weak see he told me karen you don't let me say nothing so see how he rests and lays back first doctor o721 let me go find out i just			unalignable
kokoro-va-sample	O721	LATERALITY	uh left the hospital and i don't know if it's showing up on the computer now and so but if you have these donuts or stuff would that help second doctor o721 probably not no second doctor o721 the donuts don't help decubitus ulcers we'll take a look at it maybe it'll help in the wheelchair because i want this i'm not frustrated i'm just asking questions first doctor o721 uh-huh i'm trying to find out with my experiences my education first doctor o721 uh-huh i appreciate your patience first doctor o721 no i'm glad you asked i think you asked appropriately and we answered well and i found out why my husband seemed to be so weak see he told me karen you don't let me say nothing so see how he rests and lays back first doctor o721 let me go find out i just			unalignable
kokoro-va-sample	O721	NUMERIC	uh left the hospital and i don't know if it's showing up on the computer now and so but if you have these donuts or stuff would that help second doctor o721 probably not no second doctor o721 the donuts don't help decubitus ulcers we'll take a look at it maybe it'll help in the wheelchair because i want this i'm not frustrated i'm just asking questions first doctor o721 uh-huh i'm trying to find out with my experiences my education first doctor o721 uh-huh i appreciate your patience first doctor o721 no i'm glad you asked i think you asked appropriately and we answered well and i found out why my husband seemed to be so weak see he told me karen you don't let me say nothing so see how he rests and lays back first doctor o721 let me go find out i just			unalignable
kokoro-va-sample	O721	NEGATION_FLIP	to find out what the next steps are is that okay i mean can you help first doctor o721 i'll be back in a minute okay and thank you for i really appreciate you first doctor o721 you're welcome first doctor o721 okay so we did call and talked with her and um she's going to be the one to you guys tomorrow and we're gonna try to get the lidoderm and the nicotine patch so these are not formulary items here in the va so we'll um we'll get them ordered she's going to vertebrae continue to order them for him but we're going to try to get them ordered here i have to speak with the pharmacist but he's not available at		okay	0
kokoro-va-sample	O721	NUMERIC	to find out what the next steps are is that okay i mean can you help first doctor o721 i'll be back in a minute okay and thank you for i really appreciate you first doctor o721 you're welcome first doctor o721 okay so we did call and talked with her and um she's going to be the one to you guys tomorrow and we're gonna try to get the lidoderm and the nicotine patch so these are not formulary items here in the va so we'll um we'll get them ordered she's going to vertebrae continue to order them for him but we're going to try to get them ordered here i have to speak with the pharmacist but he's not available at		okay	0
kokoro-va-sample	O721	NUMERIC	2011	11	2 11	0
kokoro-va-sample	O721	NUMERIC	1 00	one 0-0	0 it is	0
kokoro-va-sample	O721	NUMERIC	50	fifty	50 right	1
kokoro-va-sample	O721	NUMERIC	50	fifty	at 50 and	1
kokoro-va-sample	O721	NEGATION_FLIP	no	number	no no no no no	1
kokoro-va-sample	O721	NEGATION_FLIP	isn	isn't	isn'	1
kokoro-va-sample	O721	NEGATION_FLIP	didn	didn't	the other problem we had is constipation which is from the hold on mother hold off one thing i need to mention see he didn	1
kokoro-va-sample	O721	NEGATION_FLIP	don	don't	don't	0
kokoro-va-sample	O721	NEGATION_FLIP	don	don't	don't	0
kokoro-va-sample	O721	NEGATION_FLIP	no	know	a high risk yes because of his cancer high risk of what of the complications of something bad happening is it cancer or something no that if they try to repair the hernia that you would end up being in the hospital on a ventilator for the rest of your life basically just because of a hernia which would really	1
kokoro-va-sample	O721	NUMERIC	o721	0721	07 21 i say	0
kokoro-va-sample	O721	NUMERIC	o721	0721	0721	0
kokoro-va-sample	O721	NUMERIC	second	2	not sure what to do yeah i think they just want to keep him comfortable second doctor	1
kokoro-va-sample	O721	NUMERIC	o721	0721	21	0
kokoro-va-sample	O721	NEGATION_FLIP	don	don't	don't	0
kokoro-va-sample	O721	NUMERIC	second	2nd	just pain medicine right now yeah i have this thing second doctor	1
kokoro-va-sample	O721	NUMERIC	o721	0721	0721	0
kokoro-va-sample	O721	NUMERIC	second	2nd	it's just that i was doing fine this right here second doctor	1
kokoro-va-sample	O721	NUMERIC	o721	0721	0721 yea	0
kokoro-va-sample	O721	NUMERIC	second	2nd	pain second doctor	1
kokoro-va-sample	O721	NUMERIC	o721	0721	0721 yea	0
kokoro-va-sample	O721	NUMERIC	second	2nd	it second doctor	1
kokoro-va-sample	O721	NUMERIC	o721	0721	0721 yea	0
kokoro-va-sample	O721	NUMERIC	second	2nd	right in here it might not do anything second doctor	1
kokoro-va-sample	O721	NUMERIC	o721 we'll	0721 will	0721 will	0
kokoro-va-sample	O721	NUMERIC	second	2nd	of what's going on here having just met your husband but from what i saw being able to know the source of it you feel that second doctor	1
kokoro-va-sample	O721	NUMERIC	o721	0721	21	0
kokoro-va-sample	O721	NUMERIC	second	2nd	honey you want this for your medicine come on honey and my throat is dry honey i can't do this now that's too hard second doctor	1
kokoro-va-sample	O721	NUMERIC	o721	0721	0721	0
kokoro-va-sample	O721	NUMERIC	second	2nd	it's okay i mean it's nothing i don't need this second doctor	1
kokoro-va-sample	O721	NUMERIC	o721	0721	0721	0
kokoro-va-sample	O721	NUMERIC	second	2nd	what they doing is they giving these second doctor	1
kokoro-va-sample	O721	NUMERIC	o721 uh-huh	0721 ooha	0721 unointelligible	0
kokoro-va-sample	O721	NUMERIC	second	2nd	and it cuts me out it cuts me off two hours second doctor	0
kokoro-va-sample	O721	NUMERIC	o721	0721	21	0
kokoro-va-sample	O721	NUMERIC	second	2nd	got pain i got pain second doctor	1
kokoro-va-sample	O721	NUMERIC	o721	0721	21	0
kokoro-va-sample	O721	NUMERIC	o721	0721	21	0
kokoro-va-sample	O721	NUMERIC	o721	0721	21	0
kokoro-va-sample	O721	NUMERIC	o721	0721	21	0
kokoro-va-sample	O721	NUMERIC	second	2	not going they say they can help pay no mind forget it second doctor	1
kokoro-va-sample	O721	NUMERIC	o721	0721	21	0
kokoro-va-sample	O721	NUMERIC	o721	0721	0721	0
kokoro-va-sample	O721	NUMERIC	second	2nd	right right but you know i mean i call in for the patches and all of this is higher than what the va is giving me second doctor	1
kokoro-va-sample	O721	NUMERIC	o721	0721	0721 know o	0
kokoro-va-sample	O721	NUMERIC	second	2nd	be more i just don't know second doctor	1
kokoro-va-sample	O721	NUMERIC	o721	0721	21	0
kokoro-va-sample	O721	NUMERIC	dilaudid second	diladid 2nd	dilidid second doctor	1
kokoro-va-sample	O721	NUMERIC	o721	0721	21	0
kokoro-va-sample	O721	NUMERIC	second	2nd	okay he was on vicodin until he came in here second doctor	1
kokoro-va-sample	O721	NUMERIC	o721	0721	21	0
kokoro-va-sample	O721	NUMERIC	second	2nd	second doctor	1
kokoro-va-sample	O721	NUMERIC	o721	0721	0721	0
kokoro-va-sample	O721	NUMERIC	ativan second	adavan 2nd	on zyprexa and ativan second doctor	1
kokoro-va-sample	O721	NUMERIC	o721	0721	0721	0
kokoro-va-sample	O721	NUMERIC	second	2nd	cause i can't feel your pain last friday so they supposed to be tuesday today but we had to come down here on appointment second doctor	1
kokoro-va-sample	O721	NUMERIC	o721	0721	21	0
kokoro-va-sample	O721	NUMERIC	second	2nd	don't you let her talk second doctor	1
kokoro-va-sample	O721	NUMERIC	o721	0721	21	0
kokoro-va-sample	O721	NUMERIC	second	2nd	like i said it's from the hernia now that's all i just want you to call her since my medication i don't know if these people can give me some second doctor	1
kokoro-va-sample	O721	NUMERIC	o721	0721	21	0
kokoro-va-sample	O721	NUMERIC	second	2nd	refer you to a doctor for your hernia is there anything you can do about the hernia second doctor	1
kokoro-va-sample	O721	NUMERIC	o721	0721	0721	0
kokoro-va-sample	O721	NUMERIC	second	2nd	the cancer if it would the other side would be second doctor	1
kokoro-va-sample	O721	NUMERIC	o721	0721	21	0
kokoro-va-sample	O721	NUMERIC	second	2nd	just watching over me making sure i'm okay second doctor	1
kokoro-va-sample	O721	NUMERIC	o721	0721	21	0
kokoro-va-sample	O721	NUMERIC	second	2nd	told me to ask for this second doctor	1
kokoro-va-sample	O721	NUMERIC	o721	0721	21	0
kokoro-va-sample	O721	NUMERIC	second	2nd	been hurting let's just go but you just took your medicine second doctor	1
kokoro-va-sample	O721	NUMERIC	o721	0721	21	0
kokoro-va-sample	O721	NUMERIC	first	1st	it should kick in within 30 minutes or 45 first doctor	0
kokoro-va-sample	O721	NUMERIC	o721	0721	21	0
kokoro-va-sample	O721	NUMERIC	second	2nd	minutes second doctor	1
kokoro-va-sample	O721	NUMERIC	o721	0721	he has	0
kokoro-va-sample	O721	NUMERIC	two	2	about two hours right 2 o'clock is	0
kokoro-va-sample	O721	NUMERIC	two	2	2	0
kokoro-va-sample	O721	NUMERIC	two	2	and you took two well that's four pills	0
kokoro-va-sample	O721	NUMERIC	four	4	and you took two well that's four pills	0
kokoro-va-sample	O721	NUMERIC	two	2	been here right two before you left home that's six pills so that's why you	0
kokoro-va-sample	O721	NUMERIC	six	6	been here right two before you left home that's six pills so that's why you	0
kokoro-va-sample	O721	NUMERIC	o721	0721	21	0
kokoro-va-sample	O721	NUMERIC	o721	0721	21	0
kokoro-va-sample	O721	NUMERIC	o721	0721	0721	0
kokoro-va-sample	O721	NUMERIC	o721	0721	0721	0
kokoro-va-sample	O721	NUMERIC	o721	0721	21	0
kokoro-va-sample	O721	NEGATION_FLIP	can	can't	can't	0
kokoro-va-sample	P736	NEGATION_FLIP	don	don't	don't	0
kokoro-va-sample	P736	NUMERIC	5	five	five	0
kokoro-va-sample	P736	NUMERIC	l3-l4	l4	l4	0
kokoro-va-sample	P736	NUMERIC	l3-l4	l4	actually probably most definitely in l3-l4 so what i bet	1
kokoro-va-sample	P736	NEGATION_FLIP	no i never had any		any stomach pain since no no i never had any so no blood in the stool or dark tarry stools	1
kokoro-va-sample	P736	NUMERIC	5	five	five	0
kokoro-va-sample	P736	NUMERIC	4	four	you can take as much as 4	1
kokoro-va-sample	P736	NUMERIC	555-1234	550-512-34	51234 55 678 k	0
kokoro-va-sample	P736	NUMERIC	555-5678	550-550-678	51234 55 678 k	0
kokoro-va-sample	Q091	NEGATION_FLIP	i know you guys are ready to go so we just talked a little bit about your blood pressure um and i think what we're gonna do is like i told you we're gonna start taking the valsartan in the morning that two pills in the morning and then um as needed depending on what your blood pressure is running that day take one or two then 12 hours later in the meantime and then when you follow up with dr lee next month then you can show her what you're getting at home and they can decide if they want to add so we could give it a try the way we do it is you're taking 300 mg twice a day what i would suggest is we usually taper it so you don't stop cold turkey um take one pill for about a week just to let your body get accustomed to it and then we can probably stop it completely you're not on a very high dose we can actually have gabapentin can be a very high dose for people with a lot of nerve pain but with arthritis we don t really see a lot		are	0
kokoro-va-sample	Q091	NUMERIC	i know you guys are ready to go so we just talked a little bit about your blood pressure um and i think what we're gonna do is like i told you we're gonna start taking the valsartan in the morning that two pills in the morning and then um as needed depending on what your blood pressure is running that day take one or two then 12 hours later in the meantime and then when you follow up with dr lee next month then you can show her what you're getting at home and they can decide if they want to add so we could give it a try the way we do it is you're taking 300 mg twice a day what i would suggest is we usually taper it so you don't stop cold turkey um take one pill for about a week just to let your body get accustomed to it and then we can probably stop it completely you're not on a very high dose we can actually have gabapentin can be a very high dose for people with a lot of nerve pain but with arthritis we don t really see a lot		are	0
kokoro-va-sample	Q091	NEGATION_FLIP	anything else or if we want to just keep you where you are okay and then the other question i have for you which we talked about that last time and i forgot to ask you was is that gabapentin helping at all do you feel with the pain of nerve pain we see more of an inflammation pain an achy pain and with nerve issues we see a lot of people with diabetes or things like that and you don't have any issues with those types of things so			unalignable
kokoro-va-sample	Q091	NEGATION_FLIP	no	now	taking the valsartan 160 mg in the morning and then no what	1
kokoro-va-sample	Q091	NUMERIC	80	admg		unalignable
kokoro-va-sample	Q091	NUMERIC	90s	nineties	they want you to be more a goal of the 140 90s for you because we don't want you to drop too low i never get 90 the second one well under under 140 90 but your top	0
kokoro-va-sample	Q091	NUMERIC	90	ninety	they want you to be more a goal of the 140 90s for you because we don't want you to drop too low i never get 90 the second one well under under 140 90 but your top	0
kokoro-va-sample	Q091	NUMERIC	140 90	forty ninety	they want you to be more a goal of the 140 90s for you because we don't want you to drop too low i never get 90 the second one well under under 140 90 but your top	0
kokoro-va-sample	Q091	NUMERIC	140	forty	usually higher than 140 yeah so 140 you do have a couple in the 100 110 reading i had a	0
kokoro-va-sample	Q091	NUMERIC	140	forty	usually higher than 140 yeah so 140 you do have a couple in the 100 110 reading i had a	0
kokoro-va-sample	Q091	NUMERIC	100 110	hundred ten	usually higher than 140 yeah so 140 you do have a couple in the 100 110 reading i had a	0
kokoro-va-sample	Q091	NUMERIC	103	three	1003	0
kokoro-va-sample	Q091	NUMERIC	103	three	to 1003	0
kokoro-va-sample	Q091	NUMERIC	103 46	forty six	100346	0
kokoro-va-sample	Q091	NUMERIC	150s-160s	160s	150s 160s	0
kokoro-va-sample	Q091	NUMERIC	100s-120s	twenties	we will	0
kokoro-va-sample	Q091	NUMERIC	six	sixth	seeing a little more inflammation well i just i don't want you to take any when i had my six	1
kokoro-va-sample	Q091	NUMERIC	8 uh	eight ooh	e	0
kokoro-va-sample	Q091	NUMERIC	9	nine	9 now they were	1
kokoro-va-sample	Q091	NUMERIC	8	dollars	un	0
kokoro-va-sample	Q091	NUMERIC	9	nine	9	1
kokoro-va-sample	Q091	NUMERIC	9	nine	they are n	0
kokoro-va-sample	Q091	NUMERIC	80	eighty	i probably have 80 originally oh and now	1
kokoro-va-sample	Q091	NUMERIC	40	forty	you getting your 40 mg pills now you are supposed to be getting 40 i haven't gotten any yet because i got them once but i had so many left over that	1
kokoro-va-sample	Q091	NUMERIC	40	forty	the next one you get should be a 40 mg pill so	0
kokoro-va-sample	Q091	NUMERIC	90	90-day	90da	0
kokoro-va-sample	Q091	NUMERIC	90	90-day	90-day supply we will	0
kokoro-va-sample	Q091	NUMERIC	30	30-day	30-day	0
kokoro-va-sample	Q091	NUMERIC	90	90-day	90-day	0
kokoro-va-sample	Q091	NUMERIC	90	90-day	been renewed because that's the one that ran out simvastatin and how many that's a 90 day	0
kokoro-va-sample	Q091	NUMERIC	30	30-day	30da	0
kokoro-va-sample	Q091	NUMERIC	90	90-day	90da	0
kokoro-va-sample	Q091	NUMERIC	30	30-day	30da	0
kokoro-va-sample	Q091	NUMERIC	30	30-day	30-day	0
kokoro-va-sample	Q091	NUMERIC	90	90-day	90-day	0
kokoro-va-sample	Q091	NUMERIC	90	90-okay	have everything to be 90 okay and valsartan you only have a	1
kokoro-va-sample	Q091	NUMERIC	30	30-day	30-day	0
kokoro-va-sample	Q091	NEGATION_FLIP	no you	now you've	telling me you had side effects to furosemide before is that true no you	1
kokoro-va-sample	Q091	NUMERIC	152	15272	good about 152 72	0
kokoro-va-sample	Q091	NUMERIC	72		good about 152 72	0
kokoro-va-sample	Q091	NUMERIC	ten	10	10	0
kokoro-va-sample	Q091	NUMERIC	12	twelve	i think we talked about that last time you were here yeah my family doctor said i should have a test at the hospital but how often are you getting it now well i think about two or three weeks apart and it's still sort of late in the day but it wasn't as severe last time sit up for me only lasted four hours instead of 12	0
kokoro-va-sample	Q091	NUMERIC	one	want	the right one oh this one okay pretty good strength though good go ahead and relax can you shrug your shoulders up okay can you put your arms up to your sides a little stiff that's as far as they go okay go ahead and relax good puff out your cheeks all the way out like you	1
kokoro-va-sample	Q091	NEGATION_FLIP	nothing's	nothing	nothing	0
kokoro-va-sample	Q091	NUMERIC	double	double-check	just double check the blood pressure thing i don't think i want to add anything just because sometimes	1
kokoro-va-sample	Q091	NUMERIC	90	90-day	be getting 90	1
kokoro-va-sample	Q091	NEGATION_FLIP	don	don't	don't	0
kokoro-va-sample	Q091	NEGATION_FLIP	doesn	doesn't	doesn't	0
kokoro-va-sample	Q587	NUMERIC	ten	10	10	0
kokoro-va-sample	Q587	NUMERIC	140-something	something	something	0
kokoro-va-sample	Q587	NUMERIC	139 70	13970 uwah		unalignable
kokoro-va-sample	Q587	NUMERIC	140 80	14080 your	14080	0
kokoro-va-sample	Q587	NUMERIC	100s	hundreds	never be low less than 100s then you can call me and	1
kokoro-va-sample	Q587	NUMERIC	134	13410	13410	0
kokoro-va-sample	Q587	NUMERIC	10			unalignable
kokoro-va-sample	R054	NEGATION_FLIP	so this is the stuff we're trying to figure out we're trying we're gonna try to get something different that's gonna help with that instead of using the needle we're going to try to give you these insulin pens okay instead of drawing blood like drawing into a syringe you're going it's a pump not a pump but a little contraption okay and then			unalignable
kokoro-va-sample	R054	NEGATION_FLIP	don	don't	don't	0
kokoro-va-sample	R054	NUMERIC	130s	130's	and my blood pressure shot up so it went from 125s to 130s did you take your medication today	0
kokoro-va-sample	R054	NUMERIC	2 30 4	234 zero zero	234 0 0	0
kokoro-va-sample	R054	NUMERIC	00			unalignable
kokoro-va-sample	R054	NUMERIC	240s 260s	two hundred	how high well 240s 260s and	1
kokoro-va-sample	R054	NUMERIC	3	three	three	0
kokoro-va-sample	R054	NUMERIC	uh 60s	ua sixties	of 60s	1
kokoro-va-sample	R054	NUMERIC	65	sixty-five	gone up to 65 of the glargine in the evening and it still be 200 when i wake up we need to address that	0
kokoro-va-sample	R054	NUMERIC	200	hundred	gone up to 65 of the glargine in the evening and it still be 200 when i wake up we need to address that	0
kokoro-va-sample	R054	NUMERIC	5	five	f5	0
kokoro-va-sample	R054	NUMERIC	5	five	you were on 5 units three times a day and 65 units of glargine but she had me on 60 units of glargine but they told me if it didn't do any good or go down in the morning go up to 65 what we could do if you	0
kokoro-va-sample	R054	NEGATION_FLIP	don	don't	don't	0
kokoro-va-sample	R054	NUMERIC	5	five	get it's not getting it done no improvement okay let's see that's not too good not too good last time my sugars were better when did you start the 65 well now a week ago and you started on 5 units of aspart	0
kokoro-va-sample	R054	NUMERIC	and did you notice improvement in your sugars after you had gone up to 65		before meals right three times a day right and did you notice improvement in your sugars after you had gone up to 65 or was it still the same thing the same thing after i eat dinner around 6 30 7 o'clock	0
kokoro-va-sample	R054	NEGATION_FLIP	don	don't	don't	0
kokoro-va-sample	R054	NUMERIC	9	nine	too high then going up to 9 units okay is there anything in my prescriptions that could be making it worse no this is what happens this is what happens so you know you get diabetes so then your pancreas which is the main organ involved with making insulin okay so when you first start getting diabetes	0
kokoro-va-sample	R054	NUMERIC	130s	130's	at home you told me your blood pressures are less than 130s usually yeah between 125 alright	0
kokoro-va-sample	R054	NUMERIC	uh 10	ua ten	10 even 10 on that	1
kokoro-va-sample	R054	NUMERIC	10	ten	10 even 10 on that	1
kokoro-va-sample	R054	NUMERIC	10	ten	ten	0
kokoro-va-sample	R054	NEGATION_FLIP	don	don't	don't	0
kokoro-va-sample	R054	NEGATION_FLIP	isn	isn't	in not	0
kokoro-va-sample	R054	NEGATION_FLIP	aren	aren't	in't	1
kokoro-va-sample	R054	NEGATION_FLIP	it	not	is	1
kokoro-va-sample	R054	NUMERIC	120s	120's	always 120s anywhere from	1
kokoro-va-sample	R054	NUMERIC	120-133	12133	i will	0
kokoro-va-sample	R054	NUMERIC	70	seventy	do 70 and 70	1
kokoro-va-sample	R054	NUMERIC	70	seventy	do 70 and 70	1
kokoro-va-sample	R054	NEGATION_FLIP	don	don't	don't	0
kokoro-va-sample	R054	NEGATION_FLIP	don	don't	don'	1
kokoro-va-sample	R176	NUMERIC	uh-huh first doctor r176 and that kind of lowers the inflammation and it usually helps with the pain um patients who get that usually get pain relief for a month or two and they have to come you know several times a year to get re-injected and then after that um you know there's other things that you can go on and then there are other things that you can do to kind of help with the pain you can strengthen the muscles around the joint uh mainly you know the leg muscles you've got here um so you		can ye i am	0
kokoro-va-sample	R176	NEGATION_FLIP	know	no	hard to cure you know worn down knees right first doctor	1
kokoro-va-sample	R176	NUMERIC	0-10	010	010	0
kokoro-va-sample	R176	NUMERIC	8	eight	what would you think it would be before the medicine before the ibuprofen it was about a 8 first doctor	0
kokoro-va-sample	R176	NUMERIC	8	eight	so you were an 8 before	1
kokoro-va-sample	R176	NUMERIC	6	six	and then what does it bring it down to it come on down to about a 6 or something like that you know first doctor	0
kokoro-va-sample	R176	NUMERIC	4 uh-huh	four ooh	different but the ideal is to get it down to about a 4 ouh	1
kokoro-va-sample	R176	NUMERIC	r176	six	are 176uhm	0
kokoro-va-sample	R176	NUMERIC	r176	six	176	0
kokoro-va-sample	R176	NUMERIC	r176	six	176	0
kokoro-va-sample	R176	NUMERIC	r176	six	176	0
kokoro-va-sample	R176	NUMERIC	r176 alright	all right	176 alright	0
kokoro-va-sample	R176	NUMERIC	r176	six	176	0
kokoro-va-sample	R176	NUMERIC	r176 lisinopril	six listenoprol	are176 lisinopril okay first doctor	0
kokoro-va-sample	R176	NUMERIC	r176	six	176	0
kokoro-va-sample	R176	NUMERIC	uh-huh first		huah first doctor	1
kokoro-va-sample	R176	NUMERIC	50	fifty	renew it its tramadol 50 mg	1
kokoro-va-sample	R176	NUMERIC	7	seven	what we can do how about you work nights i work 7 to	1
kokoro-va-sample	R176	NUMERIC	7 7	seven seven	77	0
kokoro-va-sample	R176	NUMERIC	7	seven	at night to 7 in the morning first doctor	0
kokoro-va-sample	R176	NUMERIC	10	ten	sleep about 10 o'clock first doctor	0
kokoro-va-sample	R176	NUMERIC	3 30	three thirty	how late until about maybe 3 30 or something like that first doctor	0
kokoro-va-sample	R176	NUMERIC	two	too	off two	1
kokoro-va-sample	R176	NUMERIC	140s	forty's	140s to 150s	0
kokoro-va-sample	R176	NUMERIC	150s uh-huh	fifties ooh	140s to 150s o will hu	0
kokoro-va-sample	R176	NEGATION_FLIP	no	know	no you know not adding salt to	1
kokoro-va-sample	R176	NUMERIC	143 70	140 370	140 370	0
kokoro-va-sample	R176	NUMERIC	r176 50	r17650mg ooah	are 17650	0
kokoro-va-sample	R176	NUMERIC	okay first doctor r176 um		follow up on it next time okay first doctor are 176um	0
kokoro-va-sample	R176	NUMERIC	'70s	seventies	70s	0
kokoro-va-sample	R370	NEGATION_FLIP	yes i had a heart attack before second doctor r370 right right and this was more of a blockage um so we had no		i am	0
kokoro-va-sample	R370	LATERALITY	yes i had a heart attack before second doctor r370 right right and this was more of a blockage um so we had no		i am	0
kokoro-va-sample	R370	NUMERIC	yes i had a heart attack before second doctor r370 right right and this was more of a blockage um so we had no		i am	0
kokoro-va-sample	R370	NEGATION_FLIP	trying to figure out one option is that we could call the surgery fellow now we probably should call the cardiology fellow i think what we should do is call the cardiology fellow now and ask them what they recommend we do cause i want to make sure we get this right you know on the one hand you know your body well and you're saying that you know you're okay now on the other hand the problem is sometimes you know you can get a sudden blood clot in a narrow vessel and that can be deadly like uh-huh second doctor r370 we've got a pretty good idea pretty good information now and we can say that you know he was initially treated for an mi in springfield that he was stented at that time he had a 99 lesion when he came in he came back two weeks ago with no mi at holy cross but with um evidence of you know some partial blockage um that now has been okay for a week no symptoms um but uh we kind first floor second doctor r370 first floor okay um right alright i'm going to figure out what to do for this gentleman um you know obviously we re not seeing any of the test results we're just hearing it from you so we got to figure out and you know really we know we know that the big picture is we need to get some of those test results or repeat them ourselves um and then we have to figure out what the right thing is for you you know treatment wise and the other thing we have to decide on is how dangerous is the situation really is do i m			unalignable
kokoro-va-sample	R370	LATERALITY	trying to figure out one option is that we could call the surgery fellow now we probably should call the cardiology fellow i think what we should do is call the cardiology fellow now and ask them what they recommend we do cause i want to make sure we get this right you know on the one hand you know your body well and you're saying that you know you're okay now on the other hand the problem is sometimes you know you can get a sudden blood clot in a narrow vessel and that can be deadly like uh-huh second doctor r370 we've got a pretty good idea pretty good information now and we can say that you know he was initially treated for an mi in springfield that he was stented at that time he had a 99 lesion when he came in he came back two weeks ago with no mi at holy cross but with um evidence of you know some partial blockage um that now has been okay for a week no symptoms um but uh we kind first floor second doctor r370 first floor okay um right alright i'm going to figure out what to do for this gentleman um you know obviously we re not seeing any of the test results we're just hearing it from you so we got to figure out and you know really we know we know that the big picture is we need to get some of those test results or repeat them ourselves um and then we have to figure out what the right thing is for you you know treatment wise and the other thing we have to decide on is how dangerous is the situation really is do i m			unalignable
kokoro-va-sample	R370	NUMERIC	trying to figure out one option is that we could call the surgery fellow now we probably should call the cardiology fellow i think what we should do is call the cardiology fellow now and ask them what they recommend we do cause i want to make sure we get this right you know on the one hand you know your body well and you're saying that you know you're okay now on the other hand the problem is sometimes you know you can get a sudden blood clot in a narrow vessel and that can be deadly like uh-huh second doctor r370 we've got a pretty good idea pretty good information now and we can say that you know he was initially treated for an mi in springfield that he was stented at that time he had a 99 lesion when he came in he came back two weeks ago with no mi at holy cross but with um evidence of you know some partial blockage um that now has been okay for a week no symptoms um but uh we kind first floor second doctor r370 first floor okay um right alright i'm going to figure out what to do for this gentleman um you know obviously we re not seeing any of the test results we're just hearing it from you so we got to figure out and you know really we know we know that the big picture is we need to get some of those test results or repeat them ourselves um and then we have to figure out what the right thing is for you you know treatment wise and the other thing we have to decide on is how dangerous is the situation really is do i m			unalignable
kokoro-va-sample	R370	NEGATION_FLIP	with no warning and we don't want that to happen to you of want to get their advice of whether we need to do something today or whether we can have him come in for testing and also the question becomes it would be nice to get the results from holy cross we're gonna want those results soon to get those sent over here and we could have him sign a release here we need to um you know do all this today or can we wait um and you know it's a little hard to say you've been doing okay for the last week um but we don't want anything bad to happen		yes	0
kokoro-va-sample	R370	NUMERIC	one	1	1	0
kokoro-va-sample	R370	NUMERIC	ten	10	10 whats	0
kokoro-va-sample	R370	NUMERIC	three	3	been feeling since you left about a three or four okay so	0
kokoro-va-sample	R370	NUMERIC	four	4	been feeling since you left about a three or four okay so	0
kokoro-va-sample	R370	NEGATION_FLIP	don	don't	don't	0
kokoro-va-sample	R370	NUMERIC	in one	and 1	blockage in 1	0
kokoro-va-sample	R370	NUMERIC	'98	98	98	0
kokoro-va-sample	R370	NUMERIC	'98	98	98	0
kokoro-va-sample	R370	NUMERIC	05	five	five do	0
kokoro-va-sample	R370	NEGATION_FLIP	no	now	me a little bit what's this scar from i had a boil there a boil pain no interesting let me go talk to my boss and see how important this is okay how fast you can get to see a cardiologist okay you know i want you to realize this is serious stuff alright i got you	1
kokoro-va-sample	R370	NUMERIC	hdl	hdl48	on a statin i was on that for a while okay here we go triglycerides 69 ldl 82 hdl 48 okay so your cholesterol was pretty much okay what is it what is it you know so your bad cholesterol is	0
kokoro-va-sample	R370	NUMERIC	48		on a statin i was on that for a while okay here we go triglycerides 69 ldl 82 hdl 48 okay so your cholesterol was pretty much okay what is it what is it you know so your bad cholesterol is	0
kokoro-va-sample	R370	NUMERIC	uh	ua82	oa	1
kokoro-va-sample	R370	NUMERIC	82		82 and we like anything below 130 so it's good	0
kokoro-va-sample	R370	NUMERIC	second	2nd	scond	0
kokoro-va-sample	R370	NUMERIC	second	2nd	of this year second doctor	1
kokoro-va-sample	R370	NUMERIC	second	2nd	of this year you did have a heart attack yes second doctor	1
kokoro-va-sample	R370	NUMERIC	second	2nd	second doctor	1
kokoro-va-sample	R370	NUMERIC	mary s	mary's 2nd	sinentt marries	1
kokoro-va-sample	R370	NUMERIC	second		second doctor	1
kokoro-va-sample	R370	NUMERIC	second	2nd	aspirin plavix second doctor	1
kokoro-va-sample	R370	NUMERIC	plavix second	plavics 2	on plavix second doctor	1
kokoro-va-sample	R370	NUMERIC	first	1st	firstir	0
kokoro-va-sample	R370	NUMERIC	second	2nd	aspirin and warfarin second doctor	1
kokoro-va-sample	R370	NUMERIC	first	1st	not on aspirin first doctor	1
kokoro-va-sample	R370	NUMERIC	first	1st	he is on do you take an aspirin every day 81 mg first doctor	0
kokoro-va-sample	R370	NUMERIC	the one		they going to do a surgery or a cath the one where they go through the groin second doctor	0
kokoro-va-sample	R370	NUMERIC	second	2nd	just walking on flat ground yes second doctor	1
kokoro-va-sample	R370	NUMERIC	second	2nd	time to go second doctor	1
kokoro-va-sample	R370	NUMERIC	second	2nd	seecond	0
kokoro-va-sample	R370	NUMERIC	second	2nd	really going on second doctor	1
kokoro-va-sample	R370	NUMERIC	second	2nd	stand up straight i knew that something was really going on wrong there and i went to the hospital and i like i say i had surgery second doctor	1
kokoro-va-sample	R370	NUMERIC	r370	r3702	37	0
kokoro-va-sample	R370	NUMERIC	two		two weeks	1
kokoro-va-sample	R370	LATERALITY	right	write	small blockage right second doctor	1
kokoro-va-sample	R370	LATERALITY	right	write	and they wanted to go in there again and put in like more stents or something right second doctor	1
kokoro-va-sample	R370	NEGATION_FLIP	no	number	number	0
kokoro-va-sample	R370	NEGATION_FLIP	don	don't	don't	0
kokoro-va-sample	R370	NUMERIC	ten	10	10	0
kokoro-va-sample	V469	LATERALITY	right	write	write	0
kokoro-va-sample	V469	NUMERIC	2-3	three	three	0
kokoro-va-sample	V469	NEGATION_FLIP	didn	didn't	they wanted you to take this dose for only one month and then they wanted you to come to me here which you didn	1
kokoro-va-sample	V469	NUMERIC	179	1798	because i haven't took none of my medications in a minute 179 98	0
kokoro-va-sample	V469	NUMERIC	98		because i haven't took none of my medications in a minute 179 98	0
kokoro-va-sample	V469	NEGATION_FLIP	wouldn	wouldn't	wouldn't	0
kokoro-va-sample	V469	NUMERIC	four	for	goes for	0
kokoro-va-sample	V469	NEGATION_FLIP	wasn	wasn't	wasn'	1
kokoro-va-sample	V469	NEGATION_FLIP	don	don't	don't	0
kokoro-va-sample	V469	NEGATION_FLIP	don	don't	don't	0
kokoro-va-sample	W204	NUMERIC	he prescribed me two medicines i want to see if i could get them over here okay		what he prescribed okay he prescribed me two medicines i want to see if i could get them over here okay there are two medicines okay	1
kokoro-va-sample	W204	NUMERIC	1000	000	taking 1000	1
kokoro-va-sample	W204	NUMERIC	1000	000	taking 1000 okay	1
kokoro-va-sample	W204	NUMERIC	1000	000	taking 1000 in the morning and 1000 in the evening okay it was	1
kokoro-va-sample	W204	NUMERIC	1000	000	taking 1000 in the morning and 1000 in the evening okay it was	1
kokoro-va-sample	W204	NUMERIC	200s	hundreds	my blood sugar supposed to be the way they treating it here 200s yeah	1
kokoro-va-sample	W204	NUMERIC	400s	hundreds	let me continue with this one and then i give you the ideas but your blood sugars are too high not too high because the 170s probably if they go over 400s and 300s	0
kokoro-va-sample	W204	NUMERIC	300s	hundreds	let me continue with this one and then i give you the ideas but your blood sugars are too high not too high because the 170s probably if they go over 400s and 300s	0
kokoro-va-sample	W204	NUMERIC	200	hundred	200 is still high and they came down to 200 and they came down to	1
kokoro-va-sample	W204	NUMERIC	200	hundred	200 is still high and they came down to 200 and they came down to	1
kokoro-va-sample	W204	NUMERIC	179s	seventy-nine	179 a	0
kokoro-va-sample	W204	NUMERIC	1	one	one	0
kokoro-va-sample	W204	NUMERIC	120 uh	twenty ua	you know around 120 we will	1
kokoro-va-sample	W204	NEGATION_FLIP	don	don't	don't	0
kokoro-va-sample	W204	NUMERIC	10	10mg	saying we could either increase i don't know i have to check if i can increase your glipizide but i think you might be on the maximum dose and then we would have to add insulin maximum dose of what the glipizide the 10 mg	1
kokoro-va-sample	W204	NUMERIC	3	three	i got another appointment for 3 o'clock now	1
kokoro-va-sample	W204	NUMERIC	3	three	3	1
kokoro-va-sample	W204	NEGATION_FLIP	didn	didn't	didn't	0
kokoro-va-sample	W253	NEGATION_FLIP	that was something that wasn't going stop me my problem is coming from no income i don't have no income my wife has stopped giving me anything as far as support is concerned so i don't have no income and my problems is a physical problem it's not a mental problem mentals means stress but it's a physical thing and there's nothing i can do about it doctor cause i can't work and take what i need everybody i talk to say that her money is my money but somebody's got to tell her and three guys raped her she was out at a disco one night and three guys raped her but she showed up over my house the next day and i think i'd did what any man should do i gave her my bedroom my bed and i took care of her until she was up and well and she was mental enough to get up and get around i took her shopping and spent about 500 on her for new clothes and took all those old clothes she had and burned them and her and her daughter lived with me for a while until she got on her			unalignable
kokoro-va-sample	W253	NUMERIC	that was something that wasn't going stop me my problem is coming from no income i don't have no income my wife has stopped giving me anything as far as support is concerned so i don't have no income and my problems is a physical problem it's not a mental problem mentals means stress but it's a physical thing and there's nothing i can do about it doctor cause i can't work and take what i need everybody i talk to say that her money is my money but somebody's got to tell her and three guys raped her she was out at a disco one night and three guys raped her but she showed up over my house the next day and i think i'd did what any man should do i gave her my bedroom my bed and i took care of her until she was up and well and she was mental enough to get up and get around i took her shopping and spent about 500 on her for new clothes and took all those old clothes she had and burned them and her and her daughter lived with me for a while until she got on her			unalignable
kokoro-va-sample	W253	NEGATION_FLIP	they're not here for spousal abuse or something like that they ought to lock her up for not sharing her money with me feet and i felt that any righteous man was supposed to do that			unalignable
kokoro-va-sample	W253	NUMERIC	160	160-90	got to be finding out where i lost the antifreeze okay i just want to get home so your blood pressure is 160 90 yes yeah	0
kokoro-va-sample	W253	NUMERIC	90		got to be finding out where i lost the antifreeze okay i just want to get home so your blood pressure is 160 90 yes yeah	0
kokoro-va-sample	W253	NUMERIC	25	2540	supposed to be taking the 25 40 right you need refills right right the mineral oil omeprazole	0
kokoro-va-sample	W253	NUMERIC	40		supposed to be taking the 25 40 right you need refills right right the mineral oil omeprazole	0
kokoro-va-sample	W253	LATERALITY	right			unalignable
kokoro-va-sample	W253	NEGATION_FLIP	don	don't	don't	0
kokoro-va-sample	W253	NEGATION_FLIP	wasn	wasn't	wasn't	0
kokoro-va-sample	W253	NUMERIC	5 10	five ten	king ive 10 that's the blue one	0
kokoro-va-sample	W253	NUMERIC	160	160-90	better but it still sucks but it came down 160 90 well see that's what i told you but it's	0
kokoro-va-sample	W253	NUMERIC	90		better but it still sucks but it came down 160 90 well see that's what i told you but it's	0
kokoro-va-sample	W253	NUMERIC	125	125-75	be 125 75	0
kokoro-va-sample	W253	NUMERIC	75		be 125 75	0
kokoro-va-sample	W253	NUMERIC	4	four	i got to get the labs today yeah 4 o'clock you can get all the labs while	1
kokoro-va-sample	W253	NUMERIC	52	5214	patient leaves 52	1
kokoro-va-sample	W253	NUMERIC	14		14	1
kokoro-va-sample	X592	NUMERIC	but i was coughing a lot i had a cold at that time and i told them i says maybe that was the build-up from being me having a cold now i went to them and picked up the pain medication and they uh also dr smith in chicago heights she's very courteous very nice she prescribed me a face mask for the cold weather that we're gonna be experiencing for the next seven or eight weeks or nine weeks they said it was gonna be a very mild winter but i believe that like the cubs are gonna win the			unalignable
kokoro-va-sample	X592	LATERALITY	world series right uh i think it's gonna be a lot colder but anyway i see the cardiologist here in two days			unalignable
kokoro-va-sample	X592	NUMERIC	world series right uh i think it's gonna be a lot colder but anyway i see the cardiologist here in two days			unalignable
kokoro-va-sample	X592	NUMERIC	7	seven	okay you know what now the last time i smoked the last time i smoked a cigarette was 7 o'clock this morning and i feel good i take a couple shots of albuterol	1
kokoro-va-sample	X592	NUMERIC	2	2-1-2-3	two one two three	0
kokoro-va-sample	X592	NUMERIC	1 2 3		two one two three	0
kokoro-va-sample	X592	NEGATION_FLIP	know	no	you know schedule appointment at the	1
kokoro-va-sample	X592	NUMERIC	ten	10	10	0
kokoro-va-sample	X592	NUMERIC	ten	10	kay 10	0
kokoro-va-sample	X592	NUMERIC	six	6	at chicago heights ordered 120 doses okay every two weeks now the pharmacist over here says it would be for 20 days because i don't want you to take more than six a day so six times	0
kokoro-va-sample	X592	NUMERIC	six	6	at chicago heights ordered 120 doses okay every two weeks now the pharmacist over here says it would be for 20 days because i don't want you to take more than six a day so six times	0
kokoro-va-sample	X592	NUMERIC	ten	10	10	0
kokoro-va-sample	X592	NUMERIC	ten	10	10	0
kokoro-va-sample	X592	NUMERIC	six	6	times six times	1
kokoro-va-sample	X592	NUMERIC	ten	10	10	0
kokoro-va-sample	X592	NEGATION_FLIP	no		no cigarette definitely so	1
kokoro-va-sample	X592	NUMERIC	9	9-0-0	give you 60 tablets you should get it like at 9 00 a m in the morning and 9 00 p m	0
kokoro-va-sample	X592	NUMERIC	00		give you 60 tablets you should get it like at 9 00 a m in the morning and 9 00 p m	0
kokoro-va-sample	X592	NUMERIC	9	9-0-0	the new medication you just take it two times a day right 9 00 a m and 9 00 p m i wake up like 4 o'clock 4 30 okay	0
kokoro-va-sample	X592	NUMERIC	00		the new medication you just take it two times a day right 9 00 a m and 9 00 p m i wake up like 4 o'clock 4 30 okay	0
kokoro-va-sample	X592	NUMERIC	9	9-0-0	the new medication you just take it two times a day right 9 00 a m and 9 00 p m i wake up like 4 o'clock 4 30 okay	0
kokoro-va-sample	X592	NUMERIC	00		the new medication you just take it two times a day right 9 00 a m and 9 00 p m i wake up like 4 o'clock 4 30 okay	0
kokoro-va-sample	X592	NUMERIC	9	nine	be about 9 o'clock tonight	1
kokoro-va-sample	X592	NUMERIC	2-2 1 2	two one two	2 to12 mile	0
kokoro-va-sample	X592	NEGATION_FLIP	don	don't	don't	0
kokoro-va-sample	X592	NUMERIC	1	one	see i take the new one in the afternoon like 1 o'clock and i'm	0
kokoro-va-sample	X592	NEGATION_FLIP	doesn	doesn't	doesn't	0
kokoro-va-sample	X808	NUMERIC	05 uh-huh	five uh	5 hu	0
kokoro-va-sample	X808	NUMERIC	08	eight	eight	0
kokoro-va-sample	X808	NEGATION_FLIP	no	number	numberuhm	0
kokoro-va-sample	X808	NEGATION_FLIP	no	number	number	0
kokoro-va-sample	X808	NUMERIC	1	112	one one two	0
kokoro-va-sample	X808	NUMERIC	1 2		one one two	0
kokoro-va-sample	X808	NUMERIC	1	one-two	one two	0
kokoro-va-sample	X808	NUMERIC	2		one two	0
kokoro-va-sample	X808	NEGATION_FLIP	haven	haven't	haven't	0
kokoro-va-sample	X808	NUMERIC	mg	mg1	you can take 0 6 mg one per day	0
kokoro-va-sample	X808	NUMERIC	one		you can take 0 6 mg one per day	0
