file_id	term	category	length	parakeet_sub	ref_context
CAR0001	strokes	CONDITION	1	<DELETED>	a stroke no strokes ok and then
CAR0001	history	FINDING	1	<DELETED>	i on on history no i dont
CAR0001	stroke	CONDITION	1	<DELETED>	family have a stroke no strokes ok
CAR0001	else	FINDING	1	<DELETED>	is there anything else that you wanted
CAR0001	cancers	CONDITION	1	<DELETED>	and then any cancers in the family
CAR0002	multi vitamin	DRUG	2	multivitamin okay	i take a multi vitamin ok and do
CAR0002	rosuvastatin	DRUG	1	rizubastatin	pressure and cholesterol rosuvastatin and um lisinopril
CAR0002	lisinopril	DRUG	1	<DELETED>	rosuvastatin and um lisinopril and i take
CAR0002	marijuana	CONDITION	1	<DELETED>	recreational drugs like marijuana um no marijuana
CAR0002	marijuana	CONDITION	1	<DELETED>	marijuana um no marijuana but i have
CAR0002	usually	FINDING	1	<DELETED>	just regularly uhh usually i feel like
CAR0002	crystal	DRUG	1	<DELETED>	i have used crystal meth in the
CAR0002	crystal	DRUG	1	<DELETED>	that you used crystal meth um six
CAR0002	crystal	DRUG	1	<DELETED>	do you use crystal meth um i
CAR0002	crystal	DRUG	1	<DELETED>	you been using crystal meth uh for
CAR0002	drugs	PROCEDURE	1	<DELETED>	and any recreational drugs like marijuana um
CAR0002	times	CONDITION	1	<DELETED>	a couple of times a month a
CAR0002	times	CONDITION	1	<DELETED>	a couple of times a month ok
CAR0002	meth	DRUG	1	<DELETED>	have used crystal meth in the past
CAR0002	meth	DRUG	1	<DELETED>	you used crystal meth um six days
CAR0002	meth	DRUG	1	<DELETED>	you use crystal meth um i would
CAR0002	meth	DRUG	1	<DELETED>	been using crystal meth uh for the
CAR0002	ill	SYMPTOM	1	i'll	usually on sundays ill go for a
CAR0002	couple	FINDING	1	<DELETED>	would say a couple of times a
CAR0002	couple	FINDING	1	<DELETED>	a month a couple of times a
CAR0002	tight tightness	SYMPTOM	2	<DELETED>	a sharp or tight tightness kind of pain
CAR0003	simvastatin	DRUG	1	simastatin okay	aspirin ramipril and simvastatin ok and have
CAR0003	ramipril	DRUG	1	ramapro	i take aspirin ramipril and simvastatin ok
CAR0003	swelling	CONDITION	1	swallow	about from your swelling as well as
CAR0003	lasix	DRUG	1	lasics	on something like lasix or a diuretic
CAR0004	recreational drug use	CONDITION	3	<DELETED>	ok and any recreational drug use like marijuana or
CAR0004	nausea or vomiting	FINDING	3	all your	havent any headaches nausea or vomiting fevers or chills
CAR0004	marijuana	CONDITION	1	<DELETED>	drug use like marijuana or cocaine no
CAR0004	difficult	FINDING	1	<DELETED>	must be really difficult and scary for
CAR0004	too much	FINDING	2	<DELETED>	not to worry too much about it right
CAR0004	tylenol	DRUG	1	thylanol	i took some tylenol and that did
CAR0004	tylenol	DRUG	1	dylanol okay	i sometimes take tylenol ok and any
CAR0004	cocaine	PROCEDURE	1	<DELETED>	like marijuana or cocaine no and do
CAR0004	heart	CONDITION	1	<DELETED>	see how your heart is functioning and
CAR0004	worry	FINDING	1	<DELETED>	try not to worry too much about
CAR0004	tests	PROCEDURE	1	<DELETED>	some of those tests come back thank
CAR0004	back	ANATOMY	1	<DELETED>	those tests come back thank you so
CAR0004	ill	SYMPTOM	1	i'll	questions and then ill just get to
CAR0004	laying	FINDING	1	lying	im coughing or laying down yeah yeah
CAR0005	steps	PROCEDURE	1	<DELETED>	about the next steps awesome thank you
CAR0005	back	ANATOMY	1	<DELETED>	we can come back together and talk
CAR0005	ill	SYMPTOM	1	<DELETED>	do but uh ill have maybe one
CAR0005	ill	SYMPTOM	1	<DELETED>	regularly yeah actually ill either do some
DER0001	double check	DRUG	2	double-check no	but ill just double check no no well
DER0001	rosuvastatin	DRUG	1	um	think its called rosuvastatin the other three
DER0001	very much	FINDING	2	pretty	of the family very much everyone has diabetes
DER0001	rundown	SYMPTOM	1	down	have you felt rundown at all yeah
DER0001	tylenol	DRUG	1	and all at vil	for it is tylenol advil for that
DER0001	alone	FINDING	1	<DELETED>	say have you alone have you felt
DER0001	advil	DRUG	1	and all at vil	it is tylenol advil for that ok
DER0001	legs	ANATOMY	1	leg	pain on your legs worse when you
DER0001	dads	DRUG	1	that	blood pressure cholesterol dads side of the
DER0001	ill	SYMPTOM	1	i'll	you didnt but ill just double check
DER0001	ill	SYMPTOM	1	<DELETED>	leg i will ill go back to
DER0001	ill	SYMPTOM	1	i'll	a list somewhere ill give it to
GAS0001	flu like symptoms	SYMPTOM	3	flu-like	you had any flu like symptoms no nothing like
GAS0001	sexually active	FINDING	2	<DELETED>	are you currently sexually active yeah just like
GAS0001	birth control	FINDING	2	<DELETED>	to be on birth control but it always
GAS0001	protection	FINDING	1	<DELETED>	do you use protection while having sex
GAS0001	having sex	FINDING	2	<DELETED>	use protection while having sex yeah we we
GAS0001	nauseated	SYMPTOM	1	naughty	feeling like very nauseated for it feels
GAS0001	related	FINDING	1	really what is	or is it related or does it
GAS0001	stomach	CONDITION	1	of stomach-related	had any other stomach related issues any
GAS0001	related	FINDING	1	of stomach-related	any other stomach related issues any belly
GAS0001	history	FINDING	1	<DELETED>	lets see family history do you do
GAS0001	medical	PROCEDURE	1	<DELETED>	you have any medical conditions that run
GAS0001	drugs	PROCEDURE	1	<DELETED>	consume any illicit drugs no no alright
GAS0001	sick	SYMPTOM	1	<DELETED>	like kind of sick so i dont
GAS0001	else	FINDING	1	<DELETED>	think theres anything else alright alright well
GAS0001	back	ANATOMY	1	<DELETED>	attending well come back and maybe ask
GAS0001	ill	SYMPTOM	1	i'll	lot of days ill throw up like
GAS0001	ill	SYMPTOM	1	i'll	hear something then ill be like oh
GAS0001	ill	SYMPTOM	1	i'll	uh have you ill just ask you
GAS0001	run	FINDING	1	<DELETED>	medical conditions that run in your family
GAS0001	conditions	CONDITION	1	<DELETED>	have any medical conditions that run in
GAS0001	couple	FINDING	1	<DELETED>	maybe ask a couple more questions and
GAS0002	blood in stool	CONDITION	3	<UNKNOWN>	so notice any blood in the stool no no blood
GAS0002	criticizing	FINDING	1	<DELETED>	annoyed by people criticizing your drinking uh
GAS0002	living	FINDING	1	<DELETED>	who are you living with currently at
GAS0002	living	FINDING	1	<DELETED>	and so im living with my two
GAS0002	drugs	PROCEDURE	1	<DELETED>	you use recreational drugs uh no never
GAS0002	cut	ANATOMY	1	<DELETED>	the need to cut down on your
GAS0002	3 hours	FINDING	2	three	hours ago like 3 hours ago it was
GAS0003	nausea and vomiting	SYMPTOM	3	<UNKNOWN>	you have any nausea and vomiting i am a
GAS0003	crohns disease	CONDITION	2	<DELETED>	err um iblike crohns disease or ulcerative colitis
GAS0003	wisdom teeth	ANATOMY	2	visim	i got my wisdom teeth removed when i
GAS0003	come and go	FINDING	3	<DELETED>	does your pain come and go or is it
GAS0003	come and go	FINDING	3	<DELETED>	initially it would come and go but now so
GAS0003	come and go	FINDING	3	<DELETED>	hours it would come and go and when i
GAS0003	come and go	FINDING	3	<DELETED>	eating it would come and go but over the
GAS0003	ulcerative	CONDITION	1	ulceritis	crohns disease or ulcerative colitis no not
GAS0003	marijuana	CONDITION	1	<DELETED>	recreational drugs like marijuana no i dont
GAS0003	colitis	CONDITION	1	<DELETED>	disease or ulcerative colitis no not that
GAS0003	drugs	PROCEDURE	1	<DELETED>	use any recreational drugs like marijuana no
GAS0003	ill	SYMPTOM	1	i'll	you usually drink ill just drink a
GAS0004	three or four days	FINDING	4	<UNKNOWN>	and over the three or four days have your stools
GAS0004	digestive problems	SYMPTOM	2	<DELETED>	any history of digestive problems or um abdominal
GAS0004	abdominal surgery	PROCEDURE	2	<DELETED>	um abdominal problems abdominal surgery my brother had
GAS0004	unclear speech	FINDING	2	ever applied some of that	dont have you unclear speech due to connection
GAS0004	wisdom teeth	ANATOMY	2	<UNKNOWN>	i had my wisdom teeth removed but no
GAS0004	appendicitis	CONDITION	1	<DELETED>	my brother had appendicitis when he was
GAS0004	hysterectomy	FINDING	1	<DELETED>	has had a hysterectomy if that counts
GAS0004	abdominal	ANATOMY	1	<DELETED>	problems or um abdominal problems abdominal surgery
GAS0004	history	FINDING	1	<DELETED>	about your family history does anyone in
GAS0004	history	FINDING	1	<DELETED>	family have any history of digestive problems
GAS0004	cramp	SYMPTOM	1	clamp	bit of a cramp now since yesterday
GAS0004	else	FINDING	1	<DELETED>	counts yeah nothing else ok ok thank
GAS0004	ill	SYMPTOM	1	<DELETED>	might have my ill probably just like
GAS0004	problems	FINDING	1	<DELETED>	or um abdominal problems abdominal surgery my
GAS0005	medical diagnosis	PROCEDURE	2	<UNKNOWN>	ok so no medical diagnosis previously no nothing
GAS0005	crohns disease	CONDITION	2	crohn's	celiac disease or crohns disease no no uh
GAS0005	immunizations	PROCEDURE	1	is	to date yeah immunizations all up to
GAS0007	take temperature	PROCEDURE	2	<UNKNOWN>	other day didnt take a temperature though ok ok
GAS0007	diabetes type 2	CONDITION	3	<UNKNOWN>	doctor i got diabetes type 2 and has that
GAS0007	living alone	FINDING	2	<DELETED>	i live here living alone or with family
GAS0007	back	ANATOMY	1	<DELETED>	and will get back to you shortly
GAS0007	ill	SYMPTOM	1	i'll	hot days sometimes ill have a beer
GAS0007	metformin	DRUG	1	four minutes	you currently taking metformin metformin and have
GAS0007	metformin	DRUG	1	four minutes	currently taking metformin metformin and have you
GEN0001	ill	SYMPTOM	1	i'll	in the spring ill get like a
GEN0001	ill	SYMPTOM	1	i'll	now do next ill move to a
MSK0001	sexually active	FINDING	2	<DELETED>	who are you sexually active with any new
MSK0001	sexually active	FINDING	2	<DELETED>	have you been sexually active with more than
MSK0001	just right	FINDING	2	<UNKNOWN>	so the pains just right in the in
MSK0001	protection	FINDING	1	<DELETED>	any kind of protection yes always use
MSK0001	rashes	SYMPTOM	1	lashes	i mean any rashes no ok any
MSK0001	pains	SYMPTOM	1	pain's	pain so the pains just right in
MSK0001	legs	ANATOMY	1	can you align	limbs in your legs uh no numbness
MSK0001	ill	SYMPTOM	1	i'll	occasionally uh maybe ill have a glass
MSK0001	weights	SYMPTOM	1	weight's	recently no the weights been about the
MSK0001	vegetable vegetables	DRUG	2	of	with some variety vegetable vegetables other meats and
MSK0003	antinuclear antibodies	PROCEDURE	2	<DELETED>	the rheumatoid factor antinuclear antibodies those are just
MSK0003	physical examination	FINDING	2	<DELETED>	do a full physical examination and book an
MSK0003	morning stiffness	FINDING	2	<DELETED>	that has some morning stiffness as well so
MSK0003	joint pains	SYMPTOM	2	<UNKNOWN>	ever have any joint pains alongside the psoriasis
MSK0003	definitely	FINDING	1	<DELETED>	so yeah theres definitely multiple things that
MSK0003	sacroiliac	ANATOMY	1	<DELETED>	spine and your sacroiliac joints and well
MSK0003	back pain	SYMPTOM	2	<DELETED>	a progressive dull back pain and that has
MSK0003	arthritis	CONDITION	1	<DELETED>	you have any arthritis so yeah those
MSK0003	your age	FINDING	2	<DELETED>	present in men your age and its kind
MSK0003	present	FINDING	1	<DELETED>	spondylitis which can present in men your
MSK0003	x ray	PROCEDURE	2	<DELETED>	well as a x ray of the of
MSK0003	spine	FINDING	1	<DELETED>	the of the spine and your sacroiliac
MSK0003	x ray	PROCEDURE	2	<DELETED>	also get an x ray of your hands
MSK0003	hands	ANATOMY	1	<DELETED>	ray of your hands and knees since
MSK0003	knees	ANATOMY	1	<DELETED>	your hands and knees since youre having
MSK0003	steps	PROCEDURE	1	<DELETED>	those are some steps that well take
MSK0003	dull	SYMPTOM	1	<DELETED>	like a progressive dull back pain and
MSK0003	5 6	FINDING	2	five six	over these last 5 6 months it has
MSK0003	ill	SYMPTOM	1	i'll	yes sometimes yeah ill smoke like once
MSK0003	ill	SYMPTOM	1	i'll	alcohol sometimes yeah ill have a beer
MSK0003	men	CONDITION	1	<DELETED>	can present in men your age and
MSK0003	cbc	PROCEDURE	1	<DELETED>	blood work with cbc crand esr so
MSK0003	esr	CONDITION	1	<DELETED>	with cbc crand esr so those are
MSK0003	weights	SYMPTOM	1	weight's	normal and my weights been stable ok
MSK0004	physical examination	FINDING	2	<DELETED>	like a proper physical examination done to make
MSK0004	physical examination	FINDING	2	<DELETED>	find that on physical examination you are having
MSK0004	physiotherapy	PROCEDURE	1	<DELETED>	own with some physiotherapy later on as
MSK0004	immobilize	PROCEDURE	1	<DELETED>	usually we just immobilize the ankle and
MSK0004	right foot	ANATOMY	2	<DELETED>	ray of the right foot and ankle as
MSK0004	palpation	PROCEDURE	1	<DELETED>	significant pain on palpation or any kind
MSK0004	lower leg	ANATOMY	2	<DELETED>	as just your lower leg so yeah well
MSK0004	usually	FINDING	1	<DELETED>	can do is usually we just immobilize
MSK0004	weight	SYMPTOM	1	weight's	bit but my weight has been relatively
MSK0004	likely	FINDING	1	<DELETED>	no fracture most likely though it seems
MSK0004	nsaids	DRUG	1	<DELETED>	can take some nsaids like advil for
MSK0004	ankle	ANATOMY	1	<DELETED>	you inverting your ankle the other day
MSK0004	ankle	ANATOMY	1	<DELETED>	just immobilize the ankle and then recommend
MSK0004	advil	DRUG	1	<DELETED>	some nsaids like advil for pain to
MSK0004	x ray	PROCEDURE	2	<DELETED>	to get an x ray of the right
MSK0004	ankle	ANATOMY	1	<DELETED>	right foot and ankle as well as
MSK0004	x ray	PROCEDURE	2	<DELETED>	you need an x ray ok that sounds
MSK0004	ill	SYMPTOM	1	i'll	alcohol uh rarely ill have maybe a
MSK0004	ill	SYMPTOM	1	i'll	that bad yeah ill say no ok
MSK0004	ice	DRUG	1	<DELETED>	then recommend applying ice you can take
MSK0004	fracture	FINDING	1	<DELETED>	there is no fracture most likely though
MSK0004	vitamin	DRUG	1	vitamin d	i take a vitamin and some other
MSK0004	right right	ANATOMY	2	<UNKNOWN>	weakness in your right right extremities or any
MSK0005	right handed	ANATOMY	2	because i'm right-handed	annoying cause im right handed as well so
MSK0005	muscle group	ANATOMY	2	<DELETED>	your wrist extensor muscle group there um so
MSK0005	compression	PROCEDURE	1	<DELETED>	therapy and the compression and splints if
MSK0005	no pain	FINDING	2	<UNKNOWN>	your biceps uh no no pain ok alright and
MSK0005	confusion	FINDING	1	concern	memory loss or confusion no ok so
MSK0005	fractures	FINDING	1	<DELETED>	worried about any fractures um so to
MSK0005	swelling	CONDITION	1	slowing	any redness or swelling uh no i
MSK0005	extensor	ANATOMY	1	<DELETED>	of your wrist extensor muscle group there
MSK0005	activity	FINDING	1	<DELETED>	we recommend some activity modifications so um
MSK0005	extensor	ANATOMY	1	<DELETED>	using those um extensor forearm muscles um
MSK0005	swelling	CONDITION	1	<DELETED>	the pain and swelling if you see
MSK0005	imaging	FINDING	1	<DELETED>	in terms of imaging i dont think
MSK0005	worried	FINDING	1	<DELETED>	im not too worried about any fractures
MSK0005	forearm	PROCEDURE	1	<DELETED>	those um extensor forearm muscles um and
MSK0005	muscles	ANATOMY	1	<DELETED>	um extensor forearm muscles um and then
MSK0005	tylenol	DRUG	1	<DELETED>	well continue taking tylenol or nsaids for
MSK0005	resolve	PROCEDURE	1	<DELETED>	so it should resolve in about six
MSK0005	worries	FINDING	1	<DELETED>	you yeah no worries
MSK0005	trauma	PROCEDURE	1	<DELETED>	there was any trauma and im not
MSK0005	nsaids	DRUG	1	<DELETED>	taking tylenol or nsaids for the pain
MSK0005	wrist	ANATOMY	1	<DELETED>	contraction of your wrist extensor muscle group
MSK0005	ill	SYMPTOM	1	although i'll	with the pain ill ill do that
MSK0005	ill	SYMPTOM	1	although i'll	the pain ill ill do that for
MSK0005	ill	SYMPTOM	1	i'll	um uh yeah ill have a glass
MSK0005	arm	ANATOMY	1	<DELETED>	strength in that arm uh and as
MSK0005	ice	DRUG	1	<DELETED>	apply things like ice um to it
MSK0005	modifications	FINDING	1	<DELETED>	recommend some activity modifications so um at
MSK0005	increase	FINDING	1	<DELETED>	therapy um to increase mobility and strength
MSK0005	csection	PROCEDURE	1	c-section	for um a csection for uh my
MSK0005	csection	PROCEDURE	1	c-section	that an emergency csection uh no it
MSK0005	weights	SYMPTOM	1	weight's	loss no my weights been stable over
MSK0005	energys	FINDING	1	energy's	fatigue no my energys been good ok
MSK0005	couple	FINDING	1	<DELETED>	recommend um a couple of things to
MSK0005	couple	FINDING	1	<DELETED>	away in a couple of months with
MSK0006	numbness or tingling	FINDING	3	<UNKNOWN>	ok um any numbness or tingling yeah ive ive
MSK0006	stool incontinence	CONDITION	2	<DELETED>	urinary or um stool incontinence no no ok
MSK0006	chills fevers	SYMPTOM	2	<DELETED>	loss fevers or chills no fevers or chills uh
MSK0006	loss weight	FINDING	2	<UNKNOWN>	no no weight loss no weight loss fevers or
MSK0006	antalgic gait	FINDING	2	entalic	theres like an antalgic gait ok alright and
MSK0006	muscle aches	SYMPTOM	2	drugs on my legs	joint pains or muscle aches elsewhere no no
MSK0006	palpitations	FINDING	1	complications	any chest pain palpitations uh or dizziness
MSK0006	joint pains	SYMPTOM	2	drugs on my legs	you have any joint pains or muscle aches
MSK0006	amlodipine	DRUG	1	amlotipine	those i take amlodipine and um a
MSK0006	right leg	ANATOMY	2	<UNKNOWN>	just in your right leg right yeah any
MSK0006	buttocks	ANATOMY	1	buttock	starts on your buttocks kind of goes
MSK0006	wheezing	SYMPTOM	1	<DELETED>	of breath or wheezing no i havent
MSK0006	symptoms	SYMPTOM	1	<DELETED>	any having any symptoms like that ok
MSK0006	tylenol	DRUG	1	all	like advil and tylenol but thats it
MSK0006	limping	FINDING	1	in living	difficulty walking been limping oh i see
MSK0006	urinary	ANATOMY	1	school comments	right yeah any urinary or um stool
MSK0006	hearing	FINDING	1	hearings no kids	to your vision hearing smell or taste
MSK0006	hipbone	ANATOMY	1	bone	down on your hipbone do you feel
MSK0006	weight	SYMPTOM	1	way	elsewhere no no weight loss no weight
MSK0006	fevers	SYMPTOM	1	<DELETED>	no weight loss fevers or chills no
MSK0006	thighs	ANATOMY	1	leg size	of your legs thighs no no ok
MSK0006	lumbar	ANATOMY	1	<DELETED>	a lower lumbar lumbar um radiculopathy um
MSK0006	groin	ANATOMY	1	corner	about in the groin area no its
MSK0006	loss	FINDING	1	<DELETED>	loss no weight loss fevers or chills
MSK0006	legs	ANATOMY	1	leg size	um of your legs thighs no no
MSK0006	ill	SYMPTOM	1	i'll	alright um and ill just kind of
MSK0006	cut	ANATOMY	1	i've got	have yeah ive cut down over the
MSK0006	ill	SYMPTOM	1	i'll	alcohol um yeah ill have a beer
MSK0006	problem	PROCEDURE	1	problems	ok yeah no problem
MSK0006	sexual	FINDING	1	special	no ok any sexual dysfunction no i
MSK0006	couple	FINDING	1	<DELETED>	try a couple couple of like conservative
MSK0007	tendinopathy	CONDITION	1	<DELETED>	epicondylitis or a tendinopathy in that area
MSK0007	pains	SYMPTOM	1	pain's	better oh the pains been getting worse
MSK0007	ill	SYMPTOM	1	<DELETED>	drink alcohol um ill have a glass
MSK0007	ill	SYMPTOM	1	i'll	or anything else ill smoke a joint
MSK0008	antiinflammatories	DRUG	1	anti-inflammatories	like nsaids or antiinflammatories to help that
MSK0008	pain in calf	SYMPTOM	3	<UNKNOWN>	knee no any pain in the calf or the thigh
MSK0008	ecchymosis	FINDING	1	echimosis	joint swelling or ecchymosis or bruising it
MSK0008	painful	SYMPTOM	1	cause pain	knee that is painful to palpation at
MSK0008	knee	ANATOMY	1	<DELETED>	before to your knee or anything like
MSK0008	ill	SYMPTOM	1	<DELETED>	be comprehensive so ill run through a
MSK0009	gastrocnemius	ANATOMY	1	gastrocnemia	could be a gastrocnemius strain to the
MSK0009	ramipril	DRUG	1	ramapro okay	im taking a ramipril ok have you
MSK0009	crestor	DRUG	1	cruster	a like a crestor medication and then
MSK0009	x ray	PROCEDURE	2	x-ray	well as an x ray of the right
MSK0009	fall	FINDING	1	falls	especially after my fall so ive tried
MSK0009	fall	FINDING	1	footfall	from from the fall which could have
MSK0009	ill	SYMPTOM	1	<DELETED>	test yeah yeah ill try that and
MSK0009	csection	PROCEDURE	1	c-section	just besides a csection for one of
MSK0010	subacromial impingement syndrome	CONDITION	3	subachromial	cuff tear or subacromial impingement syndrome and so we
MSK0010	weight	SYMPTOM	1	weightlifting	worse with the weight lifting it sounds
MSK0010	others	DRUG	1	other	sleeping on the others on the right
MSK0010	advil	DRUG	1	village	more of the advil but thats about
MSK0010	x ray	PROCEDURE	2	x-ray	such as an x ray or mri to
MSK0011	pins and needles sensation	SYMPTOM	4	<UNKNOWN>	any kind of pins and needles sensation tingling or numbness
MSK0011	antiinflammatories	DRUG	1	anti-inflammatories	i tried some antiinflammatories that did help
MSK0011	right hand	ANATOMY	2	<DELETED>	ok and which right which hand is this its
MSK0011	multi vitamin	DRUG	2	multivitamin okay	all just a multi vitamin ok and vitamin
MSK0011	x ray	PROCEDURE	2	x-ray	check though on x ray and everything but
MSK0011	thumb	ANATOMY	1	thumb's kind of	fingers but my thumb is kinda out
MSK0011	ill	SYMPTOM	1	i'll	been well controlled ill use i havent
MSK0011	ill	SYMPTOM	1	i'll	just restarted and ill have to be
MSK0011	ill	SYMPTOM	1	oh	an average day ill probably i guess
MSK0012	feeling ok	SYMPTOM	2	<UNKNOWN>	that tingling burning feeling ok ok any recent
MSK0012	examining	FINDING	1	exactly	questions about just examining the areas that
MSK0012	vitamins	DRUG	1	<DELETED>	other but multi vitamins ok any allergies
MSK0012	x ray	PROCEDURE	2	x-ray	havent had an x ray we can do
MSK0012	x ray	PROCEDURE	2	x-ray	can do an x ray of your lower
MSK0012	ill	SYMPTOM	1	i'll	you drink alcohol ill have a glass
MSK0012	ill	SYMPTOM	1	i'll	do you think ill have it for
MSK0013	hypercholesterolemia	FINDING	1	hypercholesteroemia	with diabetes hypertension hypercholesterolemia obesity and and
MSK0013	atorvastatin	DRUG	1	toverstatin	ramipril im on atorvastatin yeah ok an
MSK0013	tingling	CONDITION	1	<DELETED>	numbness and tingling tingling do you feel
MSK0013	ramipril	DRUG	1	remapril i'm	acting im on ramipril im on atorvastatin
MSK0013	overtime	DRUG	1	time	a peripheral neuropathy overtime and you can
MSK0013	history	FINDING	1	you're	like the history history youre saying today
MSK0013	hearts	ANATOMY	1	heart's	feeling like your hearts racing no have
MSK0013	ill	SYMPTOM	1	i'll	it but then ill see them and
MSK0013	ill	SYMPTOM	1	i'll	the park like ill take off my
MSK0013	ill	SYMPTOM	1	i'll	of that like ill find it hard
MSK0013	ill	SYMPTOM	1	i'll	alcohol um yeah ill have some alcohol
MSK0013	ill	SYMPTOM	1	i'll	drinks per week ill have about 5
MSK0013	2 years	FINDING	2	two	the past like 2 years but recently ive
MSK0014	definitely	FINDING	1	definitely yeah	red it it definitely it definitely looks
MSK0014	furosemide	DRUG	1	fierosamide then a ramapurl	taking just um furosemide then ramipril for
MSK0014	pseudogout	CONDITION	1	pseudo-gout	be gout or pseudogout they do have
MSK0014	ramipril	DRUG	1	fierosamide then a ramapurl	um furosemide then ramipril for my blood
MSK0014	s reaction	PROCEDURE	2	what's	rash or sorry whats the reaction i dont really
MSK0014	couple	FINDING	1	<DELETED>	a couple a couple of stents put
MSK0015	developmental dysplasia of hip	CONDITION	4	<UNKNOWN>	hips dysplasia like developmental dysplasia of the hip so when she
MSK0015	transient synovitis	CONDITION	2	<UNKNOWN>	is something called transient synovitis where which can
MSK0015	transient synovitis	CONDITION	2	<UNKNOWN>	temperature pointing towards transient synovitis which is a
MSK0015	anti inflammatories	DRUG	2	anti-inflammatories	and can use anti inflammatories to help with
MSK0015	put weight	FINDING	2	<DELETED>	walk or put put weight on it ok
MSK0015	deformity	FINDING	1	different	any misalignment or deformity of the joints
MSK0015	breech	FINDING	1	breach	weeks she was breech at that time
MSK0015	foot	FINDING	1	<DELETED>	foot like a foot down so yeah
MSK0015	hurt	FINDING	1	<DELETED>	you mentioned her hurt hip any other
MSK0016	acromion process	ANATOMY	2	acronym	pain on the acromion process or the scapula
MSK0016	corticosteroids	DRUG	1	<DELETED>	we can try corticosteroids um and if
MSK0016	osteoarthritis	CONDITION	1	is	um i think osteoarthritis a few few
MSK0016	obesity class	FINDING	2	i have immunobesity	well or in obesity class one i think
MSK0016	relieve pain	DRUG	2	<DELETED>	some nsaids to relieve pain um and if
MSK0016	ring finger	ANATOMY	2	<DELETED>	ring finger and ring finger ok and maybe
MSK0016	thyroxine	DRUG	1	<DELETED>	um like uh thyroxine for that and
MSK0016	wheezing	SYMPTOM	1	<DELETED>	cough ok um wheezing or shortness of
MSK0016	surgery	FINDING	1	<DELETED>	can also discuss surgery sometime down the
MSK0016	wrists	ANATOMY	1	wrist	um palpate your wrists both sides medial
MSK0016	wrist	ANATOMY	1	wrists	now with my wrist or my hand
MSK0016	nerve	ANATOMY	1	nerve-damaging	obesity um any nerve damaging conditions like
MSK0016	stis	CONDITION	1	sti	any concerns for stis no im just
MSK0016	hand	FINDING	1	hands	instead invert your hand so that the
MSK0016	ill	SYMPTOM	1	i	you drink um ill have wine every
MSK0016	5 to 10 cigarettes	FINDING	4	five	smoke about um 5 to 10 cigarettes per day ok
MSK0016	problem	PROCEDURE	1	<DELETED>	you yeah no problem
MSK0017	referral to physical therapy	PROCEDURE	4	<DELETED>	help um so referral to physical therapy or physiotherapy um
MSK0017	history and physical exam	FINDING	4	<UNKNOWN>	diagnose that on history and physical exam um but if
MSK0017	anti inflammatories	DRUG	2	<DELETED>	took some um anti inflammatories and it went
MSK0017	nausea or vomiting	FINDING	3	now you're	and then uh nausea or vomiting nope nothing like
MSK0017	severe back pain	SYMPTOM	3	<DELETED>	if you have severe back pain and muscle spasms
MSK0017	muscle spasms	SYMPTOM	2	<DELETED>	back pain and muscle spasms um and you
MSK0017	physiotherapy	PROCEDURE	1	<DELETED>	physical therapy or physiotherapy um can help
MSK0017	inflammation	CONDITION	1	<DELETED>	well with the inflammation um so well
MSK0017	medications	DRUG	1	<DELETED>	can help uh medications like nsaids can
MSK0017	right knee	ANATOMY	2	<DELETED>	like your right right knee and your left
MSK0017	management	PROCEDURE	1	<DELETED>	we try some management and treatment plans
MSK0017	management	PROCEDURE	1	<DELETED>	in terms of management for right now
MSK0017	very short	FINDING	2	<DELETED>	bed rest uh very short term though um
MSK0017	definitely	FINDING	1	<DELETED>	um and you definitely shouldnt be doing
MSK0017	treatment	PROCEDURE	1	<DELETED>	some management and treatment plans it doesnt
MSK0017	activity	FINDING	1	<DELETED>	now um modified activity at work um
MSK0017	bed rest	PROCEDURE	2	<DELETED>	some short term bed rest uh very short
MSK0017	bed rest	PROCEDURE	2	<DELETED>	though um and bed rest is only really
MSK0017	physical	PROCEDURE	1	<DELETED>	48 hours and physical activity can help
MSK0017	activity	FINDING	1	<DELETED>	hours and physical activity can help um
MSK0017	imaging	FINDING	1	<DELETED>	we do recommend imaging including an mri
MSK0017	muscles	ANATOMY	1	<DELETED>	um strengthen those muscles and then ice
MSK0017	x rays	PROCEDURE	2	x-rays	i need any x rays or like what
MSK0017	nsaids	DRUG	1	<DELETED>	uh medications like nsaids can help as
MSK0017	rehab	PROCEDURE	1	<DELETED>	can help in rehab and theyll give
MSK0017	ill	SYMPTOM	1	i'll	healed uh sometimes ill get um like
MSK0017	ill	SYMPTOM	1	i'll	marijuana uh sometimes ill have like uh
MSK0017	ill	SYMPTOM	1	i'll	consume alcohol yeah ill have a couple
MSK0017	mri	PROCEDURE	1	<DELETED>	imaging including an mri so uh in
MSK0017	ice	DRUG	1	<DELETED>	muscles and then ice and heating packs
MSK0017	exercises	PROCEDURE	1	<DELETED>	give you some exercises that you can
MSK0017	part part	ANATOMY	2	<UNKNOWN>	i can get part part way down you
MSK0018	acromion process	ANATOMY	2	chromian	pain in the acromion process and scapula um
MSK0018	muscle weakness	CONDITION	2	possible	how about any muscle weakness um in that
MSK0018	range of motion	PROCEDURE	3	<DELETED>	to restore some range of motion does that sound
MSK0018	deformity	FINDING	1	it	skin changes um deformity i i do
MSK0018	tingling	CONDITION	1	jingling	you experiencing any tingling or numbness um
MSK0018	numbness	FINDING	1	mudness	any tingling or numbness um no i
MSK0018	aching	SYMPTOM	1	at pain it's it's	it dull and aching its its sharp
MSK0018	fevers	SYMPTOM	1	<DELETED>	loss uh no fevers or chills no
MSK0018	lower	ANATOMY	1	more	a little bit lower than my left
MSK0018	rehab	PROCEDURE	1	<DELETED>	can do some rehab as well to
MSK0018	immobilized	PROCEDURE	1	<DELETED>	can keep it immobilized for a few
MSK0019	no dizziness	FINDING	2	nope	no any headaches no dizziness no uh weight
MSK0019	muscle group	ANATOMY	2	<UNKNOWN>	like forearm extensor muscle group um just yeah
MSK0019	condition	CONDITION	1	<DELETED>	conditions no autoimmmune condition uh not that
MSK0019	allergies	CONDITION	1	<DELETED>	alright um any allergies or sorry you
MSK0019	wrists	ANATOMY	1	wrist and	straightening out your wrists um does that
MSK0019	autoimmmune	CONDITION	1	<DELETED>	heart conditions no autoimmmune condition uh not
MSK0019	12 months	FINDING	2	twelve	about 6 to 12 months um once we
MSK0019	mothers	DRUG	1	mother's	aunt on my mothers side um she
MSK0020	autoimmune condition	CONDITION	2	<UNKNOWN>	cant recall any autoimmune condition ok an and
MSK0020	joint replacement	PROCEDURE	2	<DELETED>	steroid injections or joint replacement does that sound
MSK0020	chills fevers	SYMPTOM	2	<UNKNOWN>	no fevers or chills no fevers or chills ok
MSK0020	osteoarthritis	CONDITION	1	<DELETED>	that align with osteoarthritis and basically for
MSK0020	physical exam	FINDING	2	<DELETED>	we did the physical exam we can also
MSK0020	acetaminophen	DRUG	1	<DELETED>	the pain or acetaminophen for the pain
MSK0020	physiotherapy	PROCEDURE	1	<DELETED>	refer you to physiotherapy to strengthen those
MSK0020	painful joint	SYMPTOM	2	<DELETED>	on an already painful joint and if these
MSK0020	atorvastatin	DRUG	1	okay all right	this medication called atorvastatin ok alright and
MSK0020	telmisartan	DRUG	1	sartin	this medication called telmisartan and then for
MSK0020	injections	PROCEDURE	1	<DELETED>	things like steroid injections or joint replacement
MSK0020	stiffness	SYMPTOM	1	sickness	the pain and stiffness always there or
MSK0020	sensation	FINDING	1	<DELETED>	like the grading sensation and causes the
MSK0020	ibuprofen	DRUG	1	<DELETED>	and sets like ibuprofen for the pain
MSK0020	crepitus	FINDING	1	crepidus	whats called a crepitus or like a
MSK0020	diagnose	PROCEDURE	1	<DELETED>	tear so to diagnose it we well
MSK0020	too much	FINDING	2	<DELETED>	tasks without putting too much stress on an
MSK0020	atrophy	CONDITION	1	<DELETED>	no no any atrophy deformity or skin
MSK0020	old age	FINDING	2	<DELETED>	it happens in old age it happens with
MSK0020	muscles	ANATOMY	1	<DELETED>	to strengthen those muscles around your joint
MSK0020	steroid	DRUG	1	<DELETED>	discuss things like steroid injections or joint
MSK0020	worries	FINDING	1	<DELETED>	ok yeah no worries
MSK0020	stress	FINDING	1	<DELETED>	putting too much stress on an already
MSK0020	joint	FINDING	1	joints	in any other joint so far ok
MSK0020	knees	ANATOMY	1	<DELETED>	your hips and knees which can have
MSK0020	align	DRUG	1	<DELETED>	some findings that align with osteoarthritis and
MSK0020	joint	FINDING	1	<DELETED>	muscles around your joint and to increase
MSK0020	knee	ANATOMY	1	knees	uh extend your knee so straighten it
MSK0020	bone	ANATOMY	1	<DELETED>	eventually rub on bone which causes like
MSK0020	xray	PROCEDURE	1	<DELETED>	also get an xray of your hips
MSK0020	hips	ANATOMY	1	<DELETED>	xray of your hips and knees which
MSK0020	increase	FINDING	1	<DELETED>	joint and to increase flexibility and reduce
MSK0020	hipbones	ANATOMY	1	bones	to palpate your hipbones does that hurt
MSK0020	reduce	FINDING	1	<DELETED>	increase flexibility and reduce that pain uhm
MSK0021	patellofemoral syndrome	CONDITION	2	femoral	something called a patellofemoral syndrome and that is
MSK0021	surgical treatments	PROCEDURE	2	<DELETED>	of those non surgical treatments work well also
MSK0021	range of motion	PROCEDURE	3	<DELETED>	you with the range of motion and strength and
MSK0021	physiotherapy	PROCEDURE	1	<DELETED>	refer you to physiotherapy to help you
MSK0021	arthroscopy	PROCEDURE	1	<DELETED>	to like am arthroscopy or some sort
MSK0021	sharp pain	SYMPTOM	2	<UNKNOWN>	then with the sharp pain you could also
MSK0021	knee caps	ANATOMY	2	kneecaps	down on your knee caps yeah i do
MSK0021	kneecap	ANATOMY	1	my left knee	the on the kneecap uhm on my
MSK0021	surgery	FINDING	1	<DELETED>	some sort of surgery that may be
MSK0021	worries	FINDING	1	<DELETED>	ok yeah no worries
MSK0021	stairs	FINDING	1	<DELETED>	im walking down stairs or if if
MSK0021	my way	DRUG	2	<UNKNOWN>	weight loss no my way its been the
MSK0021	rashes	SYMPTOM	1	grashes	or nails like rashes no nothing nothing
MSK0021	weight	SYMPTOM	1	weightlifting	ill do some weight lifting and like
MSK0021	pains	SYMPTOM	1	pain's	feel like your pains getting worse over
MSK0021	issue	FINDING	1	<DELETED>	to fix the issue more permanently does
MSK0021	hurt	FINDING	1	very close	main things that hurt are if im
MSK0021	knee	ANATOMY	1	knees	quadriceps on both knee sorry on both
MSK0021	able	FINDING	1	<DELETED>	that may be able to fix the
MSK0021	ill	SYMPTOM	1	i'll	daily one that ill use and then
MSK0021	ill	SYMPTOM	1	i'll	blue one that ill use sometimes but
MSK0021	ill	SYMPTOM	1	i'll	of exercises yeah ill do some weight
MSK0021	fix	DRUG	1	<DELETED>	be able to fix the issue more
MSK0021	treatments	PROCEDURE	1	<DELETED>	of those nonsurgical treatments work oh sorry
MSK0021	energys	FINDING	1	energy's	fatigue no fatigue energys been good ok
MSK0022	antiinflammatories	DRUG	1	anti-inflammatories	different types of antiinflammatories like ibuprofen or
MSK0022	both hands	ANATOMY	2	<UNKNOWN>	a fist with both both hands not completely i
MSK0022	crohns disease	CONDITION	2	crohn's	arthritis ulcertaive colitis crohns disease type one diabetes
MSK0022	arthritis	CONDITION	1	<DELETED>	be rheumatoid arthritis arthritis which seems likely
MSK0022	ill	SYMPTOM	1	i'll	like some days ill get ill feel
MSK0022	ill	SYMPTOM	1	i'll	days ill get ill feel like feverish
MSK0022	ill	SYMPTOM	1	i'll	how about alcohol ill have a glass
MSK0022	right foots	ANATOMY	2	<UNKNOWN>	feet but my right foots worse than the
MSK0022	ddefinitely	FINDING	1	definitely	like rheumatoid arthritis ddefinitely it can be
MSK0022	hashimotos	CONDITION	1	hashimoto's okay okay okay	think they said hashimotos ok ok ok
MSK0023	grade	FINDING	1	<DELETED>	im in grade grade 10 and playing
MSK0024	antiinflammatory	DRUG	1	anti-inflammatory	first and some antiinflammatory medication and then
MSK0024	ramipril	DRUG	1	rhymer po	i take some ramipril for ok any
MSK0024	limp	FINDING	1	limb	walk without a limp or anything im
MSK0024	limp	FINDING	1	okay all right	walk without a limp ok alright so
MSK0024	ill	SYMPTOM	1	i'll	i drink occasionally ill have like a
MSK0024	repetitive repetitive	CONDITION	2	<UNKNOWN>	that occurs with repetitive repetitive work and strenuous
MSK0025	cauda equina syndrome	CONDITION	3	cauta	having something called cauda equina syndrome that may be
MSK0025	topical analgesics	DRUG	2	tropical	ive tried some topical analgesics and nothing seems
MSK0025	infect	FINDING	1	<DELETED>	if its an infect infection thats causing
MSK0025	cold	PROCEDURE	1	cold-like	any cough or cold like symptoms no
MSK0025	counter counter	DRUG	2	<UNKNOWN>	like over the counter counter and ibuprofen ive
MSK0026	patellar bursitis	CONDITION	2	an infra-patellar	or sorry infra patellar bursitis or a prepatellar
MSK0026	arthritis	CONDITION	1	<DELETED>	and then also arthritis in my left
MSK0026	ramipril	DRUG	1	ramaprol	currently im on ramipril and i take
MSK0026	nsaids	DRUG	1	<DELETED>	like as um nsaids and icing to
MSK0026	bend	CONDITION	1	<DELETED>	to fully bend bend and straighten the
MSK0026	ill	SYMPTOM	1	i'll	you drink alcohol ill have a glass
MSK0026	csection	PROCEDURE	1	okay	was born through csection and are you
MSK0026	something something	FINDING	2	<UNKNOWN>	and i think something something may have happened
MSK0027	immobilization of arm	PROCEDURE	3	mobilization	bit longer but immobilization of the arm is not required
MSK0027	pain radiate	SYMPTOM	2	<UNKNOWN>	and does the pain radiate anywhere else like
MSK0027	complaints	FINDING	1	<DELETED>	way she she complaints of pain ok
MSK0027	x ray	PROCEDURE	2	x-ray	get an elbow x ray and but typically
MSK0027	csection	PROCEDURE	1	c-section	vaginal delivery or csection it was vaginal
MSK0028	no shortness of breath	FINDING	4	nope	had a cough no any shortness of breath no ok any
MSK0028	pre diabetes	CONDITION	2	pre-diabetes	do have like pre diabetes but im not
MSK0028	upper arm	ANATOMY	2	<DELETED>	move my upper upper arm in my elbow
MSK0028	reduced	FINDING	1	produced	so you have reduced supination as well
MSK0028	hearts	ANATOMY	1	heart's	feeling like your hearts racing no any
MSK0028	weight	SYMPTOM	1	weightlifting	you mentioned like weight lifting are you
MSK0028	swell	FINDING	1	swells	are you seeing swell is there like
MSK0028	skip	FINDING	1	<DELETED>	alright well i skip look at that
MSK0028	arm	ANATOMY	1	<DELETED>	the at the arm compared to the
MSK0028	nothings	FINDING	1	nothing's	pain better no nothings i tried like
MSK0028	nothings	FINDING	1	nothing's	tried like advil nothings really worked ok
MSK0028	nothings	FINDING	1	<DELETED>	ice but nothing nothings been working and
MSK0029	range of motion exercises	PROCEDURE	4	<DELETED>	help you with range of motion exercises and try to
MSK0029	pain management	PROCEDURE	2	a920	management plan for pain management you can rest
MSK0029	osteoarthritis	CONDITION	1	maybe osteoar arthritis in	i think maybe osteoarthritis and my grandpa
MSK0029	spine cervical	ANATOMY	2	<DELETED>	on your c spine cervical spine just like
MSK0029	multi vitamin	DRUG	2	multivitamin	i am a multi vitamin but thats it
MSK0029	injections	PROCEDURE	1	interactions	we can try injections to the area
MSK0029	management	PROCEDURE	1	<DELETED>	talk about alternative management plans does that
MSK0029	stiffness	SYMPTOM	1	sickness okay okay	its pain and stiffness ok ok those
MSK0029	ibuprofen	DRUG	1	broken	pain medications like ibuprofen or tylenol and
MSK0029	left ear	ANATOMY	2	<UNKNOWN>	opposite touch your left ear to your left
MSK0029	worried	FINDING	1	worry	i was just worried like focusing on
MSK0029	c spine	ANATOMY	2	<DELETED>	that that like c spine itself theres no
MSK0029	tylenol	DRUG	1	alanol	like ibuprofen or tylenol and if it
MSK0029	muscles	ANATOMY	1	<DELETED>	to strengthen the muscles in that area
MSK0029	improve	FINDING	1	<DELETED>	area and to improve your posture and
MSK0029	posture	DRUG	1	<DELETED>	to improve your posture and normal movement
MSK0029	worries	FINDING	1	<DELETED>	ok yeah no worries
MSK0029	broken	FINDING	1	<DELETED>	think anything is broken just hurts a
MSK0029	weight	SYMPTOM	1	weight's	weight no my weight its been been
MSK0029	normal	FINDING	1	<DELETED>	your posture and normal movement and thats
MSK0029	x ray	PROCEDURE	2	x-ray	t needed an x ray or like you
MSK0029	x ray	PROCEDURE	2	x-ray	can order an x ray to rule out
MSK0029	exam	PROCEDURE	1	exams	range of motion exam so im gonna
MSK0029	neck	FINDING	1	an act	packs to your neck for 15 minutes
MSK0029	ill	SYMPTOM	1	<DELETED>	mostly backwards so ill get ill get
MSK0029	ill	SYMPTOM	1	<DELETED>	so ill get ill get pain ok
MSK0029	ill	SYMPTOM	1	i'll	i am yes ill get the flu
MSK0029	ill	SYMPTOM	1	because i'll	all environmental cause ill typically get issues
MSK0029	ill	SYMPTOM	1	i'll	in a while ill have a glass
MSK0029	ill	SYMPTOM	1	i'll	uh but yeah ill get pain at
MSK0031	partial hip replacement	PROCEDURE	3	<DELETED>	replacement or a partial hip replacement the orthopaedic surgeon
MSK0031	total hip replacement	PROCEDURE	3	<DELETED>	can do a total hip replacement or a partial
MSK0031	range of motion	PROCEDURE	3	<DELETED>	on improving your range of motion and strengthening the
MSK0031	muscle atrophy	CONDITION	2	<DELETED>	ok ok any muscle atrophy any deformities or
MSK0031	physiotherapy	PROCEDURE	1	<DELETED>	some rehab so physiotherapy will focus on
MSK0031	medications	DRUG	1	<DELETED>	the counter pain medications for now does
MSK0031	definitely	FINDING	1	<DELETED>	so we will definitely look into the
MSK0031	management	PROCEDURE	1	<DELETED>	uhm and for management of pain you
MSK0031	surgeries	PROCEDURE	1	<DELETED>	a combination of surgeries and rehab and
MSK0031	ibuprofen	DRUG	1	<DELETED>	you can take ibuprofen or any over
MSK0031	anterior	CONDITION	1	your	into your upper anterior lower back or
MSK0031	ramipril	DRUG	1	ramapril okay	its called uh ramipril ok ok and
MSK0031	swelling	CONDITION	1	swallowing it's	do notice some swelling its a little
MSK0031	surgical	PROCEDURE	1	<DELETED>	look into the surgical option first which
MSK0031	consult	PROCEDURE	1	<DELETED>	you for a consult with them and
MSK0031	muscles	ANATOMY	1	<DELETED>	and strengthening the muscles in that area
MSK0031	weight	SYMPTOM	1	<DELETED>	so you cant weight bear and you
MSK0031	likely	FINDING	1	<DELETED>	that surgery theyll likely refer you to
MSK0031	cough	DRUG	1	coughs	you experiencing any cough uhm shortness of
MSK0031	turns	FINDING	1	turned okay	its more outward turns ok and if
MSK0031	rehab	PROCEDURE	1	<DELETED>	of surgeries and rehab and medication so
MSK0031	head	ANATOMY	1	hip	right onto my head and now uh
MSK0031	best	CONDITION	1	<DELETED>	which option is best for you after
MSK0031	problem	PROCEDURE	1	<DELETED>	ok great no problem
MSK0031	option	FINDING	1	<DELETED>	into the surgical option first which is
MSK0031	option	FINDING	1	<DELETED>	decide like which option is best for
MSK0032	numbness or tingling	FINDING	3	memories	she have any numbness or tingling in the area
MSK0032	normal function	FINDING	2	<DELETED>	she should have normal function of her arm
MSK0032	immunization	PROCEDURE	1	immunizations	got all the immunization okay how about
MSK0032	medications	DRUG	1	medication	havent tried any medications or anything i
MSK0032	upper arm	ANATOMY	2	<UNKNOWN>	goes into her upper arm like from her
MSK0032	wheezing	SYMPTOM	1	breathing	of breath or wheezing um no uh
MSK0032	imaging	FINDING	1	<DELETED>	we need any imaging for this at
MSK0032	fevers	SYMPTOM	1	nope fever	loss recently no fevers or chills nope
MSK0032	back	ANATOMY	1	<DELETED>	we reduce it back into its place
MSK0032	arm	ANATOMY	1	<DELETED>	function of her arm again um if
MSK0032	mothers	DRUG	1	mother's	um with her mothers pregnancy with her
MSK0032	reduce	FINDING	1	<DELETED>	then after we reduce it back into
MSK0033	patellar tendonitis	CONDITION	2	<UNKNOWN>	its like a patellar tendonitis or something like
MSK0033	tylenol	DRUG	1	pylonol	taking some like tylenol and advil and
MSK0033	patella	ANATOMY	1	patel	just under the patella you said its
MSK0033	ill	SYMPTOM	1	<DELETED>	other activities um ill get it if
MSK0033	ill	SYMPTOM	1	i'll	im like sometimes ill feel it if
MSK0034	slipped capital femoral epiphysis	CONDITION	4	<UNKNOWN>	or theres a slipped capital femoral epiphysis we will need
MSK0034	epiphysis	ANATOMY	1	<DELETED>	capital femoral if epiphysis which is right
MSK0034	found	FINDING	1	you felt	worst pain youve found in your life
MSK0034	ill	SYMPTOM	1	i'll	ok and yeah ill just ask you
MSK0034	ill	SYMPTOM	1	i'll	questions i had ill call your mom
MSK0034	csection	PROCEDURE	1	c-section	delivery or a csection it was a
MSK0034	talked	CONDITION	1	talk	anything that we talked about here today
MSK0035	anatomical snuffbox	ANATOMY	2	<UNKNOWN>	the the dorsal anatomical snuffbox and in terms
MSK0035	playing tennis	FINDING	2	painting	camping i like playing tennis and volleyball ok
MSK0035	right wrist	ANATOMY	2	<DELETED>	sides is the right wrist does it feel
MSK0035	general	PROCEDURE	1	gentleman	but just a general kind of swelling
MSK0035	hearts	ANATOMY	1	heart's	feeling like your hearts racing uh nope
MSK0035	hands	ANATOMY	1	hand's	its its my hands very painful and
MSK0035	x ray	PROCEDURE	2	x-ray	i need an x ray how do i
MSK0035	x ray	PROCEDURE	2	x-ray	on on the x ray of the hands
MSK0035	hands	ANATOMY	1	hand	ray of the hands too is a
MSK0035	xray	PROCEDURE	1	<DELETED>	think i it xray would be the
MSK0035	ill	SYMPTOM	1	i'll	you drink alcohol ill have a beer
MSK0035	ill	SYMPTOM	1	i'll	not that many ill maybe have like
MSK0035	ill	SYMPTOM	1	i'll	any cannabis products ill take an edible
MSK0036	positive phalen sign	FINDING	3	<UNKNOWN>	tenel sign and positive phalen sign are highly suggestive
MSK0036	positive tinel sign	FINDING	3	<UNKNOWN>	would be yeah positive tinel sign and do you
MSK0036	nausea or vomiting	FINDING	3	<DELETED>	had any of nausea or vomiting no and any
MSK0036	pain in neck	SYMPTOM	3	pains	you have any pain in the neck in my neck
MSK0036	radiculopathy	CONDITION	1	ridiculopathy	be something like radiculopathy coming up up
MSK0036	right handed	ANATOMY	2	left-handed i'm right-handed okay	left handed im right handed ok yeah and
MSK0036	left handed	FINDING	2	left-handed i'm right-handed okay	you right or left handed im right handed
MSK0036	aching pain	SYMPTOM	2	<DELETED>	like an aching aching pain um it does
MSK0036	hearts	ANATOMY	1	heart's	as though your hearts racing no ok
MSK0036	wrist	ANATOMY	1	wrists	like flicking your wrist sort of thing
MSK0036	hands	ANATOMY	1	hand	areas of your hands over like any
MSK0036	ill	SYMPTOM	1	i'll	i do that ill make it worse
MSK0036	ill	SYMPTOM	1	i'll	the next test ill just ask you
MSK0037	flexor tenosynovitis	CONDITION	2	<UNKNOWN>	rule out like flexor tenosynovitis just yet or
MSK0037	tenosynovitis	CONDITION	1	tinosynobitis	away from the tenosynovitis mmmm but itll
MSK0037	right handed	ANATOMY	2	i'm right-handed	constant and im right handed as well so
MSK0037	crepitations	FINDING	1	prepitations	feel any like crepitations or like crackling
MSK0037	contracture	FINDING	1	dupatrons contractor	had a dupuytrens contracture before uhm no
MSK0037	immunizations	PROCEDURE	1	<DELETED>	and are your immunizations up to date
MSK0037	m construction	PROCEDURE	2	i'm	been difficult working im a construction worker and i
MSK0038	surgical management	PROCEDURE	2	<DELETED>	we can discuss surgical management but uh its
MSK0038	ultrasound therapy	PROCEDURE	2	<DELETED>	other things like ultrasound therapy or like muscle
MSK0038	muscle stimulation	FINDING	2	<DELETED>	therapy or like muscle stimulation um shockwave therapy
MSK0038	range of motion	PROCEDURE	3	<DELETED>	um increase your range of motion so we can
MSK0038	physiotherapy	PROCEDURE	1	<DELETED>	as well like physiotherapy because um itll
MSK0038	other things	FINDING	2	<DELETED>	discuss um some other things like ultrasound therapy
MSK0038	other things	FINDING	2	<DELETED>	none of those other things work we can
MSK0038	sharp pain	SYMPTOM	2	shirt	i get a sharp pain if when doing
MSK0038	sharp pain	SYMPTOM	2	short	get the same sharp pain but its uncomfortable
MSK0038	ober test	PROCEDURE	2	overtest	its called the ober test so can i
MSK0038	ober test	PROCEDURE	2	over	is a positive ober test um ok so
MSK0038	ibuprofen	DRUG	1	<DELETED>	try some like ibuprofen for temporary relief
MSK0038	referral	PROCEDURE	1	<DELETED>	put in a referral for that um
MSK0038	muscles	ANATOMY	1	<DELETED>	of strengthen those muscles around that joint
MSK0038	therapy	FINDING	1	<DELETED>	stimulation um shockwave therapy and then eventually
MSK0038	worries	FINDING	1	<DELETED>	ok yeah no worries
MSK0038	thighs	ANATOMY	1	is maintained	uh while your thighs maintain in line
MSK0038	pains	SYMPTOM	1	pain's	it um the pains not as severe
MSK0038	joint	FINDING	1	<DELETED>	muscles around that joint as well as
MSK0038	ill	SYMPTOM	1	i'll	i am yeah ill get the flu
MSK0038	ill	SYMPTOM	1	<DELETED>	uh like i ill get up uh
MSK0038	other treatments	PROCEDURE	2	<DELETED>	can talk about other treatments as well like
MSK0038	increase	FINDING	1	<DELETED>	well as um increase your range of
MSK0038	relief	DRUG	1	<DELETED>	ibuprofen for temporary relief um we can
MSK0039	pain management	PROCEDURE	2	<DELETED>	talk about like pain management and physiotherapy as
MSK0039	range of motion	PROCEDURE	3	<DELETED>	to increase your range of motion does that sound
MSK0039	able to stand	FINDING	3	<DELETED>	bearing are you able to stand up at all
MSK0039	physiotherapy	PROCEDURE	1	<DELETED>	pain management and physiotherapy as well just
MSK0039	nail plates	ANATOMY	2	<DELETED>	like and intramedullary nail plates and screws and
MSK0039	extended	FINDING	1	<DELETED>	leg was hyper extended but it kind
MSK0039	possible	FINDING	1	<DELETED>	was just not possible ok alright um
MSK0039	swelling	CONDITION	1	<DELETED>	um until the swelling goes down and
MSK0039	fixation	PROCEDURE	1	<DELETED>	some sort of fixation um but after
MSK0039	swollen	FINDING	1	smooth	all its all swollen and red and
MSK0039	swollen	FINDING	1	<DELETED>	because everything is swollen and angry down
MSK0039	surgery	FINDING	1	<DELETED>	surgic for the surgery itself so that
MSK0039	surgery	FINDING	1	<DELETED>	but after the surgery your fracture will
MSK0039	muscles	ANATOMY	1	<DELETED>	to keep the muscles in that area
MSK0039	worries	FINDING	1	<DELETED>	ok yeah no worries
MSK0039	weight	SYMPTOM	1	<DELETED>	and how about weight bearing are you
MSK0039	x rays	PROCEDURE	2	we have an extra end	start with some x rays um to be
MSK0039	dress	CONDITION	1	desk	caught in my dress and it just
MSK0039	shins	ANATOMY	1	initials	of where your shins are mhmm ok
MSK0039	hyper	CONDITION	1	hyperextended	my leg was hyper extended but it
MSK0039	shin	ANATOMY	1	<DELETED>	so in the shin area ok um
MSK0039	skin	CONDITION	1	sky	breaks in the skin but like when
MSK0039	bend	CONDITION	1	bent	see like the bend there is like
MSK0039	bend	CONDITION	1	bent	is like a bend in the bone
MSK0039	leg	ANATOMY	1	<DELETED>	all on that leg no i just
MSK0039	fracture	FINDING	1	<DELETED>	like where the fracture is and how
MSK0039	fracture	FINDING	1	<DELETED>	the surgery your fracture will probably take
MSK0039	increase	FINDING	1	<DELETED>	strong and to increase your range of
MSK0040	discolouration	FINDING	1	discoloration	or redness or discolouration so i theres
MSK0040	metatarsals	ANATOMY	1	metatarsal	kind of last metatarsals is there any
MSK0040	headaches	SYMPTOM	1	and have you	headaches uh no headaches had any fevers
MSK0040	hearts	ANATOMY	1	heart's	feeling like your hearts racing no have
MSK0040	check check	PROCEDURE	2	<UNKNOWN>	come here to check check it out see
MSK0040	your partners or or partner	FINDING	5	<UNKNOWN>	tell me about your partners or or partner um yeah shes
MSK0041	aspiration of joint	PROCEDURE	3	<DELETED>	to get a aspiration of the joint fluid just to
MSK0041	anti inflammatories	DRUG	2	<DELETED>	high doses of anti inflammatories i will start
MSK0041	discolouration	FINDING	1	discoloration	swelling redness or discolouration i see some
MSK0041	antalgic gait	FINDING	2	analgic	otherwise called an antalgic gait somewhat because im
MSK0041	gout flare	CONDITION	2	<DELETED>	this is a gout flare and in particular
MSK0041	colchicine	DRUG	1	<DELETED>	with medication called colchicine to help with
MSK0041	management	PROCEDURE	1	<DELETED>	improve the diabetes management as well ok
MSK0041	deformity	FINDING	1	deformities	in terms of deformity is like it
MSK0041	ramipril	DRUG	1	ramapol	um i take ramipril for high blood
MSK0041	reducing	FINDING	1	<DELETED>	lifestyle related with reducing things like red
MSK0041	diabetes	CONDITION	1	<DELETED>	to improve the diabetes management as well
MSK0041	podagra	CONDITION	1	<DELETED>	could be called podagra and so we
MSK0041	related	FINDING	1	<DELETED>	kind of lifestyle related with reducing things
MSK0041	improve	FINDING	1	<DELETED>	just trying to improve the diabetes management
MSK0041	likely	FINDING	1	<DELETED>	taking the most likely thing is that
MSK0041	shell	ANATOMY	1	<DELETED>	seafood like like shell shellfish i eat
MSK0041	flare	FINDING	1	<DELETED>	help with this flare and in the
MSK0041	gout	CONDITION	1	getting	of arthritis and gout taking the most
MSK0041	gout	CONDITION	1	<DELETED>	if this is gout and it comes
MSK0041	back	ANATOMY	1	<DELETED>	and it comes back that this way
MSK0041	diet	PROCEDURE	1	<DELETED>	the future are diet and kind of
MSK0041	toe	ANATOMY	1	<DELETED>	particular in the toe like that it
MSK0041	red	FINDING	1	<DELETED>	reducing things like red meats alcohol weight
MSK0041	and right	ANATOMY	2	<DELETED>	temperature changes yes and the right one is definitely
MSK0041	infection	CONDITION	1	<DELETED>	not not an infection and that were
MSK0041	mothers	DRUG	1	mother's	and on my mothers side um there
MSK0042	skin discolouration	FINDING	2	<UNKNOWN>	or redness or skin discolouration no no nothing
MSK0042	benign bone tumour	CONDITION	3	<UNKNOWN>	common uh primary benign bone tumour um however there
MSK0042	antalgic gait	FINDING	2	intelligent	excellent so no antalgic gait and when looking
MSK0042	bone tumours	CONDITION	2	<UNKNOWN>	or or any bone tumours or soft tissue
MSK0042	bone tumour	CONDITION	2	<UNKNOWN>	had like a bone tumour or anything like
MSK0042	long bones	ANATOMY	2	<UNKNOWN>	of the uh long bones so of your
MSK0042	physical	PROCEDURE	1	this people	check on the physical as well um
MSK0042	tumours	CONDITION	1	<DELETED>	soft tissue um tumours or growths um
MSK0042	hearts	ANATOMY	1	heart's	feeling like your hearts racing no okay
MSK0042	tests	PROCEDURE	1	test stun	to get any tests done or xrays
MSK0042	lump	FINDING	1	uh	like a hard lump okay and uh
MSK0042	else	FINDING	1	let me also like	i um nothing else i wanted to
MSK0042	energys	FINDING	1	energy's	um no my energys been fine okay
MSK0042	couple	FINDING	1	two um	um probably a couple weeks ago i
MSK0043	knee problem	FINDING	2	<DELETED>	had a knee knee problem like this before
MSK0043	extremities	ANATOMY	1	medicine	um in your extremities no no weakness
MSK0043	antibiotics	DRUG	1	<DELETED>	start you on antibiotics right away um
MSK0043	surgeries	PROCEDURE	1	<DELETED>	any hospitalizations or surgeries in the past
MSK0043	admission	PROCEDURE	1	<DELETED>	require um an admission today as well
MSK0043	dilaudid	DRUG	1	i got a lot of	pills too like dilaudid is um is
MSK0043	fevers	SYMPTOM	1	feverish	were you feeling fevers uh just like
MSK0043	back	ANATOMY	1	<DELETED>	all those results back and you may
MSK0043	xray	PROCEDURE	1	<DELETED>	also need an xray so just sit
MSK0043	ill	SYMPTOM	1	i'll	main thing that ill that ill use
MSK0043	ill	SYMPTOM	1	<DELETED>	that ill that ill use okay and
MSK0043	ill	SYMPTOM	1	i'll	at all yeah ill smoke uh smoke
MSK0043	ill	SYMPTOM	1	<DELETED>	and um like ill sometimes like ill
MSK0043	ill	SYMPTOM	1	<DELETED>	ill sometimes like ill take uh pills
MSK0043	ill	SYMPTOM	1	i'll	is something that ill ill get my
MSK0043	ill	SYMPTOM	1	<DELETED>	something that ill ill get my hands
MSK0043	ill	SYMPTOM	1	i'll	um sometimes yeah ill ill have uh
MSK0043	ill	SYMPTOM	1	<DELETED>	sometimes yeah ill ill have uh just
MSK0043	sit	FINDING	1	<DELETED>	xray so just sit tight well well
MSK0043	um infection	CONDITION	2	<DELETED>	that well understand um the infection you have and
MSK0043	um infection	CONDITION	2	<DELETED>	if you have um an infection however well also
MSK0043	hospitalizations	PROCEDURE	1	<DELETED>	you had any hospitalizations or surgeries in
MSK0043	infection	CONDITION	1	<DELETED>	what kind of infection you have we
MSK0043	medicate	FINDING	1	your medications	take anything for medicate medication for your
MSK0043	results	FINDING	1	<DELETED>	get all those results back and you
MSK0044	physical examination	FINDING	2	<DELETED>	do a full physical examination of the area
MSK0044	medications	DRUG	1	<DELETED>	give you some medications here um and
MSK0044	definitely	FINDING	1	<DELETED>	we we will definitely get an xray
MSK0044	shoulder	PROCEDURE	1	<DELETED>	xray of the shoulder and clavicle to
MSK0044	clavicle	ANATOMY	1	<DELETED>	the shoulder and clavicle to see what
MSK0044	clavicle	ANATOMY	1	<DELETED>	areas of the clavicle um and how
MSK0044	usually	FINDING	1	<DELETED>	go home thats usually the case but
MSK0044	surgery	FINDING	1	<DELETED>	you may require surgery as well and
MSK0044	aching	SYMPTOM	1	it's it's	or is it aching its really sharp
MSK0044	xray	PROCEDURE	1	<DELETED>	definitely get an xray of the shoulder
MSK0044	xray	PROCEDURE	1	<DELETED>	well get the xray done and if
MSK0044	ill	SYMPTOM	1	<DELETED>	all um yeah ill take like uh
MSK0044	ill	SYMPTOM	1	<DELETED>	youre welcome um ill be here with
MSK0044	reduce	FINDING	1	<DELETED>	just need to reduce it here and
MSK0045	loss of appetite	CONDITION	3	<UNKNOWN>	loss um or loss of appetite anything like that
MSK0045	shoulder x rays	PROCEDURE	3	<UNKNOWN>	them to your shoulder x rays from before we
MSK0045	pain management	PROCEDURE	2	<DELETED>	methods like physiotherapy pain management uh and then
MSK0045	corticosteroid	DRUG	1	<DELETED>	options like um corticosteroid injections right into
MSK0045	physiotherapy	PROCEDURE	1	<DELETED>	already tried some physiotherapy but now we
MSK0045	physiotherapy	PROCEDURE	1	<DELETED>	full course of physiotherapy whatever it may
MSK0045	physiotherapy	PROCEDURE	1	<DELETED>	um because if physiotherapy doesnt work we
MSK0045	physiotherapy	PROCEDURE	1	<DELETED>	conservative methods like physiotherapy pain management uh
MSK0045	inflammation	CONDITION	1	<DELETED>	as well as inflammation markers and then
MSK0045	pretty good	FINDING	2	<DELETED>	sound that sounds pretty good thank you welcome
MSK0045	ultrasound	PROCEDURE	1	<DELETED>	also get an ultrasound if um we
MSK0045	management	PROCEDURE	1	<DELETED>	um discuss some management strategies so youve
MSK0045	recurrence	CONDITION	1	<DELETED>	has a high recurrence rate and we
MSK0045	definitely	FINDING	1	<DELETED>	and we will definitely need to finish
MSK0045	injections	PROCEDURE	1	<DELETED>	like um corticosteroid injections right into your
MSK0045	shoulder	PROCEDURE	1	<DELETED>	right into your shoulder ok for some
MSK0045	options	FINDING	1	<DELETED>	consider like other options like um corticosteroid
MSK0045	x rays	PROCEDURE	2	x-rays	sure youve had x rays before so well
MSK0045	x rays	PROCEDURE	2	<DELETED>	tell from the x rays and then from
MSK0045	normal	FINDING	1	<DELETED>	um just your normal blood work as
MSK0045	cuff	ANATOMY	1	cough	your recent shoulder cuff injury what can
MSK0045	ill	SYMPTOM	1	i'll	you drink alcohol ill drink like a
MSK0045	12 months	FINDING	2	twelve	after 6 to 12 months it starts uh
MSK0045	relief	DRUG	1	<DELETED>	ok for some relief but yeah so
MSK0046	de quervains tenosynovitis	CONDITION	3	sequerevians tinocinovitis it's	having something called de quervains tenosynovitis um its caused
MSK0046	conservative management	PROCEDURE	2	concerted	your work and conservative management with pain and
MSK0046	conservative management	PROCEDURE	2	<DELETED>	just do some conservative management and see if
MSK0046	finkelstein test	FINDING	2	seam	its called a finkelstein test ok so i
MSK0046	cancer ovarian	CONDITION	2	<UNKNOWN>	colon cancer breast cancer ovarian cancer ok and
MSK0046	left handed	FINDING	2	and i'm left-handed	um and im left handed so its really
MSK0046	left handed	FINDING	2	left-handed yes okay all right	so are you left handed yes ok alright
MSK0046	examining	FINDING	1	<DELETED>	things for examining examining uh that area
MSK0046	medical	PROCEDURE	1	medications	history of any medical conditions whether its
MSK0046	advil	DRUG	1	and	any uh tylenol advil anything for the
MSK0046	ill	SYMPTOM	1	i'll	any alcohol um ill have like a
MSK0046	cancers	CONDITION	1	breast cancer	who had those cancers uh no first
MSK0049	blood in stool	CONDITION	3	flood	like diarrhea or blood in the stool no alright and
MSK0049	steroid injection	PROCEDURE	2	<DELETED>	something like a steroid injection as well ok
MSK0049	20 pounds	FINDING	2	twenty	ive gained about 20 pounds ok have you
MSK0049	ibuprofen	DRUG	1	<DELETED>	i wouldnt recommend ibuprofen or nsaids on
MSK0049	ramipril	DRUG	1	ramaprol	um im on ramipril for high blood
MSK0049	voltaren	DRUG	1	<DELETED>	as um like voltaren or something like
MSK0049	urinary	ANATOMY	1	<DELETED>	how about any urinary problems uh no
MSK0049	kneecap	ANATOMY	1	knee cell that's	the patella or kneecap that thats a
MSK0049	nsaids	DRUG	1	<DELETED>	recommend ibuprofen or nsaids on a long
MSK0049	basis	DRUG	1	<DELETED>	a long term basis although you could
MSK0049	flare	FINDING	1	<DELETED>	like an acute flare up of your
MSK0049	knee	ANATOMY	1	<DELETED>	put on your knee and um if
MSK0049	ill	SYMPTOM	1	<DELETED>	drink alcohol um ill have a glass
MSK0049	continuing	DRUG	1	<DELETED>	it keeps um continuing on we can
MSK0049	problems	FINDING	1	<DELETED>	about any urinary problems uh no urinary
MSK0050	rheumatoid arthritis	CONDITION	2	there's rheumato	conditions um theres rheumatoid arthritis in the family
MSK0050	childhood asthma	CONDITION	2	ton of	i had like childhood asthma but nothing since
MSK0050	wrist	ANATOMY	1	wrists	of place your wrist so that um
MSK0050	ill	SYMPTOM	1	i'll	drink alcohol um ill have a glass
MSK0050	ill	SYMPTOM	1	i'll	the first part ill ask you to
MSK0050	numb numb	DRUG	2	numbers	pressure on those numb numb areas ok does
RES0001	shortness of breath on exertion	SYMPTOM	5	<DELETED>	mentioned shortness some shortness of breath on exertion how about when
RES0001	left legs	ANATOMY	2	<DELETED>	my left my left legs actually a little
RES0001	overtime	DRUG	1	time okay	goes away over overtime ok and the
RES0001	embolism	FINDING	1	<DELETED>	like a pulmonary embolism like we talked
RES0001	history	FINDING	1	<DELETED>	that and any history of family history
RES0001	hearts	ANATOMY	1	heart's	feel like your hearts racing uh actually
RES0001	dvts	CONDITION	1	dbts	pulmonary embolism or dvts uh no i
RES0001	dvts	CONDITION	1	dbts	lung and then dvts are deep vein
RES0001	heard of heard	FINDING	3	<UNKNOWN>	no i havent heard of a heard of pulmonary embolism
RES0002	hospitalizations p	PROCEDURE	2	<UNKNOWN>	any reasons for hospitalizations p at that time
RES0003	treated with diet	FINDING	3	<DELETED>	treated it was treated with diet um and blood
RES0003	throat	ANATOMY	1	<DELETED>	his throat his throat that hes complaining
RES0003	centor	DRUG	1	a centaur	thing called the centor score so it
RES0004	nausea or vomiting	FINDING	3	<DELETED>	discharge ok any nausea or vomiting um no nausea
RES0004	monospot test	PROCEDURE	2	spa	do like a monospot test and we can
RES0004	ventolin	DRUG	1	<DELETED>	just use ah ventolin as needed but
RES0004	reactine	DRUG	1	reactin	take um like reactine or some other
RES0004	basis	DRUG	1	bases	to cover our basis and get you
RES0004	red	FINDING	1	than	more more red red then usual but
RES0004	ill	SYMPTOM	1	i'll	medications uh sometimes ill take um like
RES0004	burnin	SYMPTOM	1	burny	kinda yeah like burnin or burning or
RES0005	medical diagnosis	PROCEDURE	2	<UNKNOWN>	have any other medical diagnosis yeah i have
RES0005	cold symptoms	CONDITION	2	<DELETED>	just just cold cold symptoms has there been
RES0005	rosuvastatin	DRUG	1	rozuvastatin	the cholesterol taking rosuvastatin and i forget
RES0005	10 pounds	FINDING	2	ten	like 8 to 10 pounds ok have you
RES0005	tylenol	DRUG	1	tolerant	ive tried the tylenol cold hasnt really
RES0005	tinged	DRUG	1	<DELETED>	and now blood tinged sputum have you
RES0005	ill	SYMPTOM	1	i'll	weakness not weakness ill just say more
RES0005	12 months	FINDING	2	month i've	1 and a 12 months probably lost like
RES0005	couple	FINDING	1	couple of	like a a couple teaspoons ok and
RES0006	chest x ray	PROCEDURE	3	<UNKNOWN>	likely get a chest x ray because its been
RES0006	your age	FINDING	2	<DELETED>	me of your your age again so i
RES0006	energys	FINDING	1	is	feel like my energys still there ok
RES0006	not not really	FINDING	3	<UNKNOWN>	onto it yeah not not really ready to quit
RES0007	2 times	FINDING	2	two	to be like 2 times a day the
RES0007	times	CONDITION	1	time okay	not the other times ok and do
RES0007	ill	SYMPTOM	1	i'll	really cold outside ill go out and
RES0007	ill	SYMPTOM	1	i'll	a lunch like ill have like a
RES0007	ill	SYMPTOM	1	we	cheese or something ill usually have like
RES0008	take deep breath	FINDING	3	i'll have	coughing episode i take a deep breath and i really
RES0008	sglt 2 inhibitor	DRUG	3	sglt2	i think an sglt 2 inhibitor and then i
RES0008	yellow colour	FINDING	2	<UNKNOWN>	a dark greenish yellow colour ok ok um
RES0008	coughs	SYMPTOM	1	cough's	few years this coughs a little bit
RES0008	lt2 inhibitor	DRUG	2	<DELETED>	and an sg lt2 inhibitor you think anything
RES0009	difficulty breathing	SYMPTOM	2	<UNKNOWN>	no just the difficulty breathing that scares to
RES0009	medical diagnosis	PROCEDURE	2	<UNKNOWN>	health any previous medical diagnosis uh no just
RES0009	lightheadedness	SYMPTOM	1	this	any episodes of lightheadedness or feeling like
RES0009	wisdom teeth	ANATOMY	2	haven't listened to that	i have my wisdom teeth out when i
RES0009	coagulations	PROCEDURE	1	coagulation	bleeding disorders or coagulations disorders um no
RES0009	treatment	PROCEDURE	1	<DELETED>	offer the right treatment ok thanks doctor
RES0009	embolism	FINDING	1	<DELETED>	have a pulmonary embolism and so were
RES0009	urinary	ANATOMY	1	<DELETED>	you had any urinary problems no i
RES0009	imaging	FINDING	1	<DELETED>	lab work and imaging to investigate that
RES0009	imaging	FINDING	1	<DELETED>	some of the imaging and lab work
RES0009	confirm	FINDING	1	<DELETED>	well to first confirm if thats what
RES0009	belly	ANATOMY	1	body	not in my belly at all ok
RES0009	offer	FINDING	1	<DELETED>	and if so offer the right treatment
RES0010	no headache	FINDING	2	<UNKNOWN>	bend over uh no no headache nothing like that
RES0010	muscle aches	SYMPTOM	2	<UNKNOWN>	you had any muscle aches or pains no
RES0010	ill	SYMPTOM	1	i'll	um ok well ill i ill go
RES0010	ill	SYMPTOM	1	<DELETED>	well ill i ill go speak to
RES0011	fatigued	SYMPTOM	1	<DELETED>	like you are fatigued that youve been
RES0011	ramipril	DRUG	1	ramapril	called i take ramipril and i take
RES0011	throats	ANATOMY	1	kind of	its like my throats kinda tired ok
RES0011	history	FINDING	1	<DELETED>	on the the history today so next
RES0011	tylenol	DRUG	1	<DELETED>	and maybe some tylenol and we will
RES0011	rigors	SYMPTOM	1	<DELETED>	shakes or or rigors ive been like
RES0011	fluids	PROCEDURE	1	<DELETED>	give you some fluids and maybe some
RES0011	ill	SYMPTOM	1	i'll	the couch like ill get up from
RES0011	tam	DRUG	1	<DELETED>	one like tam tam something ok maybe
RES0011	tamsulosin	DRUG	1	tamsilocin	something ok maybe tamsulosin that sounds right
RES0012	white blood cell count	LAB_RESULT	4	<DELETED>	see if your white blood cell count is high and
RES0012	difficulty breathing	SYMPTOM	2	<DELETED>	and then the difficulty breathing or shortness of
RES0012	take deep breath	FINDING	3	uh i can retain	like if i take a deep breath ill have it
RES0012	feeling better	FINDING	2	<DELETED>	i can get feeling better hope its not
RES0012	physical exam	FINDING	2	<DELETED>	i do a physical exam of course and
RES0012	consolidation	CONDITION	1	<DELETED>	is like a consolidation if theres pneumonia
RES0012	night sweats	SYMPTOM	2	<UNKNOWN>	more chills or night sweats well i dont
RES0012	chest xray	PROCEDURE	2	<UNKNOWN>	up like a chest xray to see whats
RES0012	chest xray	PROCEDURE	2	<DELETED>	can do a chest xray to see if
RES0012	chest pain	SYMPTOM	2	<DELETED>	and then the chest pain just seems like
RES0012	wheezing	SYMPTOM	1	eating worth	and are you wheezing with the cough
RES0012	coughing	SYMPTOM	1	cough	with breathing or coughing in the past
RES0012	timeline	DRUG	1	<DELETED>	it from the timeline like you started
RES0012	coughing	SYMPTOM	1	<DELETED>	like you started coughing two days ago
RES0012	coughing	SYMPTOM	1	<DELETED>	its from you coughing a lot it
RES0012	serious	FINDING	1	<DELETED>	its not anything serious like i i
RES0012	creamy	FINDING	1	<DELETED>	well yeah its creamy yellow ok sure
RES0012	potato	DRUG	1	day	like a couch potato right and i
RES0012	fevers	SYMPTOM	1	fever recently uh	you had any fevers race recently i
RES0012	soaked	PROCEDURE	1	choked	i feel like soaked and but yeah
RES0012	hearts	ANATOMY	1	heart's	feel like your hearts racing no no
RES0012	cancer	CONDITION	1	<DELETED>	and like like cancer stuff is super
RES0012	cough	DRUG	1	<DELETED>	but then ill cough and ill kind
RES0012	lungs	ANATOMY	1	<DELETED>	close to the lungs how old was
RES0012	meth	DRUG	1	<DELETED>	like cocaine or meth anything like that
RES0012	hope	FINDING	1	<DELETED>	yeah i just hope i can get
RES0012	hope	FINDING	1	<DELETED>	get feeling better hope its not anything
RES0012	hope	FINDING	1	<DELETED>	yeah i just hope its like i
RES0012	hope	FINDING	1	<DELETED>	its like i hope like you said
RES0012	ill	SYMPTOM	1	i'll	a deep breath ill have it but
RES0012	ill	SYMPTOM	1	i'll	of sweaty and ill cough for for
RES0012	ill	SYMPTOM	1	<DELETED>	without but then ill cough and ill
RES0012	ill	SYMPTOM	1	<DELETED>	ill cough and ill kind of keep
RES0012	add	CONDITION	1	<DELETED>	you wanted to add that i missed
RES0012	pneumonia	CONDITION	1	<DELETED>	consolidation if theres pneumonia or you know
RES0012	infection	CONDITION	1	<DELETED>	got like an infection or something and
RES0012	time time ok	SYMPTOM	3	<UNKNOWN>	it all the time all the time ok but its not
RES0013	obstructive pulmonary disease	CONDITION	3	<DELETED>	is a chronic obstructive pulmonary disease because you have
RES0013	other things	FINDING	2	<DELETED>	area and then other things could be like
RES0013	inflammation	CONDITION	1	<DELETED>	thats basically just inflammation in your lungs
RES0013	flu vaccine	DRUG	2	floor	so like the flu vaccine every year oh
RES0013	chest xray	PROCEDURE	2	<DELETED>	imaging like a chest xray and a pulmonary
RES0013	monitoring	PROCEDURE	1	<DELETED>	meantime well keep monitoring you to make
RES0013	indicated	FINDING	1	<DELETED>	function test if indicated and so that
RES0013	imaging	FINDING	1	<DELETED>	well do some imaging like a chest
RES0013	narrow	FINDING	1	<DELETED>	your airways to narrow and so you
RES0013	lungs	ANATOMY	1	<DELETED>	inflammation in your lungs that causes your
RES0013	best	CONDITION	1	<DELETED>	how we can best help you sounds
RES0014	allergic rhinitis	CONDITION	2	<DELETED>	pneumonia or like allergic rhinitis how does that
RES0014	bronchodilators	DRUG	1	<DELETED>	well see if bronchodilators will help with
RES0014	other things	FINDING	2	<DELETED>	also rule out other things like pneumonia or
RES0014	chest xray	PROCEDURE	2	<DELETED>	past like a chest xray or investigations like
RES0014	condition	CONDITION	1	conditions	have any other condition i i do
RES0014	too much	FINDING	2	<DELETED>	im running around too much i feel shortness
RES0014	symptoms	SYMPTOM	1	<DELETED>	asthma since your symptoms started three months
RES0014	symptoms	SYMPTOM	1	<DELETED>	help with your symptoms and if it
RES0014	running	FINDING	1	<DELETED>	like if im running around too much
RES0014	imaging	FINDING	1	<DELETED>	ever had any imaging done in the
RES0014	hearts	ANATOMY	1	heart's	feelings like your hearts racing nope no
RES0014	cancer	CONDITION	1	cancers	like heart conditions cancer no uh no
RES0014	normal	FINDING	1	<DELETED>	maybe like the normal amount like if
RES0014	asthma	CONDITION	1	<DELETED>	you have is asthma since your symptoms
RES0014	else	FINDING	1	<DELETED>	didnt have anything else to add i
RES0014	cold	PROCEDURE	1	<DELETED>	this smoking and cold is triggering that
RES0014	add	CONDITION	1	<DELETED>	anything else to add i guess we
RES0014	pneumonia	CONDITION	1	<DELETED>	other things like pneumonia or like allergic
RES0015	no sore throat	FINDING	3	nope	a sore throat no no sore throat no sore throat
RES0015	recently moved	FINDING	2	<DELETED>	because you have recently moved to canada from
RES0015	other things	FINDING	2	<DELETED>	up further for other things like copor lung
RES0015	chest x ray	PROCEDURE	3	<DELETED>	can do a chest x ray for that as
RES0015	lung cancer	CONDITION	2	<DELETED>	things like copor lung cancer how does that
RES0015	infectious	CONDITION	1	<DELETED>	it is highly infectious and and we
RES0015	diagnostic	PROCEDURE	1	<DELETED>	they have other diagnostic work up for
RES0015	negatives	FINDING	1	<DELETED>	out to be negatives then well have
RES0015	symptoms	SYMPTOM	1	<DELETED>	most of your symptoms fit with tb
RES0015	serious	FINDING	1	<DELETED>	might be something serious so just wanted
RES0015	tinged	DRUG	1	<DELETED>	of pink pink tinged sputum as well
RES0015	tinged	DRUG	1	<DELETED>	sputum like pink tinged sputum how much
RES0015	hearts	ANATOMY	1	heart's	feeling like your hearts racing no no
RES0015	swell	FINDING	1	<DELETED>	limbs no no swell leg swelling no
RES0015	turn	FINDING	1	<DELETED>	both of those turn out to be
RES0015	ill	SYMPTOM	1	i'll	point and then ill break out into
RES0015	fit	FINDING	1	<DELETED>	of your symptoms fit with tb and
RES0015	typical pneumonia	CONDITION	2	<DELETED>	like another another typical pneumonia we can do
RES0015	presents	FINDING	1	<DELETED>	and how it presents so we just
RES0016	nausea and vomiting	SYMPTOM	3	<UNKNOWN>	ok how about nausea and vomiting uh no headaches
RES0016	pulmonary fibrosis	CONDITION	2	<DELETED>	it could be pulmonary fibrosis either like you
RES0016	autoimmune process	CONDITION	2	<DELETED>	you know an autoimmune process or triggered after
RES0016	racing heart	FINDING	2	<UNKNOWN>	like your hearts racing no heart has been fine
RES0016	able to breathe	FINDING	3	<DELETED>	just not being able to breathe at one point
RES0016	lung cancer	CONDITION	2	<DELETED>	its perhaps a lung cancer asthma and you
RES0016	definitely	FINDING	1	<DELETED>	past we will definitely also look into
RES0016	marijuana	CONDITION	1	no	drugs no no marijuana no cocaine nothing
RES0016	ramipril	DRUG	1	ramapurl	any medications just ramipril for my high
RES0016	negative	LAB_RESULT	1	<DELETED>	else comes back negative ok sounds good
RES0016	hearts	ANATOMY	1	heart's	feeling like your hearts racing no heart
RES0016	either	FINDING	1	<DELETED>	be pulmonary fibrosis either like you know
RES0016	asthma	CONDITION	1	<DELETED>	a lung cancer asthma and you mentioned
RES0016	else	FINDING	1	<DELETED>	case all everything else comes back negative
RES0016	back	ANATOMY	1	<DELETED>	everything else comes back negative ok sounds
RES0016	add	CONDITION	1	<DELETED>	you wanted to add that i maybe
RES0016	and right	ANATOMY	2	<DELETED>	it may be and right now it sounds
RES0016	infection	CONDITION	1	<DELETED>	after like an infection that you may
RES0016	not not really	FINDING	3	<UNKNOWN>	and there but not not really a fever no
RES0017	pulmonary fibrosis	CONDITION	2	<DELETED>	it could cause pulmonary fibrosis and then also
RES0017	joint pains	SYMPTOM	2	<DELETED>	then also the joint pains that youve been
RES0017	chest xray	PROCEDURE	2	<DELETED>	those including a chest xray and a chest
RES0017	chest ct	PROCEDURE	2	<DELETED>	xray and a chest ct sounds good
RES0017	tylenol	DRUG	1	to	everything ive tried tylenol cold ive tried
RES0017	symptom	SYMPTOM	1	<DELETED>	might be another symptom that is suggestive
RES0017	disease	CONDITION	1	<DELETED>	a connective tissue disease and it doesnt
RES0017	history	FINDING	1	<DELETED>	have a family history of those but
RES0017	lupus	CONDITION	1	lupus i yeah	arthritis or or lupus uh i dont
RES0017	hip	ANATOMY	1	head	really affecting my hip but like everything
RES0017	5 to 10 cigarettes	FINDING	4	five	to smoke like 5 to 10 cigarettes for around 20
RES0018	nausea or vomiting	FINDING	3	durable	ok and any nausea or vomiting i did feel
RES0018	runny nose	SYMPTOM	2	ruddy	you had a runny nose or sore throat
RES0018	tylenol	DRUG	1	tunnel	away just like tylenol cold and then
RES0018	covid19	CONDITION	1	covid-19	might might have covid19 or coronavirus and
RES0018	hearts	ANATOMY	1	heart's	feeling like your hearts racing no alright
RES0018	cough	DRUG	1	cough's	and uh the cough has been been
RES0018	tests	PROCEDURE	1	<DELETED>	and order those tests and well see
RES0018	meth	DRUG	1	bath	opioids or crystal meth anything like that
RES0018	pcr	PROCEDURE	1	<DELETED>	also do a pcr nasal swab testing
RES0018	infection	CONDITION	1	<DELETED>	you have an infection and so well
RES0018	cultures	PROCEDURE	1	<DELETED>	check some sputum cultures and and well
RES0018	results	FINDING	1	<DELETED>	what their their results say alright sounds
RES0018	your partner or partners	FINDING	4	<DELETED>	bit about your your partner or partners just my wife
RES0019	white blood cell count	LAB_RESULT	4	<UNKNOWN>	cbc and a white blood cell count but um for
RES0019	birth control pills	DRUG	3	<UNKNOWN>	yes just the birth control pills yeah ok no
RES0019	lumbar puncture	PROCEDURE	2	<DELETED>	to do a lumbar puncture or some blood
RES0019	antibiotics	DRUG	1	<DELETED>	be treated with antibiotics ok alright that
RES0019	meningitis	CONDITION	1	<DELETED>	have you know meningitis or something cause
RES0019	thunder	DRUG	1	a thunderclap	your life or thunder clap kind of
RES0019	covid19	CONDITION	1	covid-19	possibilities could be covid19 but also it
RES0019	tests	PROCEDURE	1	<DELETED>	will get those tests ordered did you
RES0019	signs	FINDING	1	<DELETED>	to look for signs of infection that
RES0019	clap	CONDITION	1	a thunderclap	life or thunder clap kind of sensation
RES0019	ill	SYMPTOM	1	i'll	alcohol i do ill have a glass
RES0019	infection	CONDITION	1	<DELETED>	for signs of infection that might be
RES0020	trouble breathing	SYMPTOM	2	troubles	and is this trouble breathing like after walking
RES0020	shingles vaccine	DRUG	2	shields	zoster or the shingles vaccine yes i had
RES0020	self quarantine	PROCEDURE	2	self-quarantine	test it requires self quarantine for 14 days
RES0020	antibiotics	DRUG	1	biotics	have you had antibiotics recently for any
RES0020	chest x ray	PROCEDURE	3	<UNKNOWN>	and also a chest x ray so that we
RES0020	chest x ray	PROCEDURE	3	<UNKNOWN>	and also the chest x ray could help us
RES0020	pneumovax	DRUG	1	pneumovac okay	date with my pneumovax ok great yeah
RES0020	covid19	CONDITION	1	covid-19	include something like covid19 so well be
RES0020	zoster	CONDITION	1	disaster	youve had the zoster or the shingles
RES0020	lungs	ANATOMY	1	lung	on in your lungs like a possible
RES0020	dust	FINDING	1	dusts	kind of like dust or or molds
RES0020	penicillin ok	DRUG	2	<UNKNOWN>	im allergic to penicillin ok have you had
RES0021	fever cough	SYMPTOM	2	<UNKNOWN>	youve had a fever cough and being tired
RES0021	common cold	CONDITION	2	<UNKNOWN>	common like the common cold like an adenovirus
RES0021	chest x ray	PROCEDURE	3	<UNKNOWN>	along with a chest x ray and we will
RES0021	covid19	CONDITION	1	covid-19	infection and possibly covid19 or something more
RES0021	covid19	CONDITION	1	<DELETED>	testing for for covid19 with a nasal
RES0021	hearts	ANATOMY	1	heart's	felt like your hearts racing at all
RES0021	rigors	SYMPTOM	1	rigers	any chills or rigors no have you
RES0021	either	FINDING	1	it	the stool either either being red or
RES0021	ear	CONDITION	1	ear situation	eye or or ear symptoms like discharge
RES0022	public health	PROCEDURE	2	<DELETED>	after note notified public health so that the
RES0022	exacerbation	FINDING	1	<DELETED>	could be an exacerbation of your copand
RES0022	sensitivity	CONDITION	1	<DELETED>	got any photo sensitivity or kind of
RES0022	quarantine	PROCEDURE	1	<DELETED>	youll need to quarantine for 14 days
RES0022	positive	FINDING	1	<DELETED>	the results are positive well after note
RES0022	thunder	DRUG	1	thunderclap	of like a thunder clap sensation no
RES0022	covid19	CONDITION	1	covid	with the pandemic covid19 is definitely pne
RES0022	related	FINDING	1	<DELETED>	not covid really related at all or
RES0022	titrate	PROCEDURE	1	<DELETED>	need to just titrate your inhaler so
RES0022	clap	CONDITION	1	<DELETED>	like a thunder clap sensation no nothing
RES0022	cop	DRUG	1	copd at a	just like the cop ok my family
RES0022	pne	CONDITION	1	one	covid19 is definitely pne thing that will
RES0022	run	FINDING	1	<DELETED>	need to just run some lab work
RES0022	pcr	PROCEDURE	1	<DELETED>	and do the pcr nasal swab as
RES0022	doc	DRUG	1	<DELETED>	now ok thanks doc alright youre welcome
RES0022	infection	CONDITION	1	<DELETED>	have a bacterial infection thats not covid
RES0022	results	FINDING	1	<DELETED>	and if the results are positive well
RES0022	yesterday yesterday	FINDING	2	<UNKNOWN>	diarrhea start like yesterday yesterday ok and and
RES0023	10 pounds	FINDING	2	ten	probably 5 or 10 pounds ok ok um
RES0023	ramipril	DRUG	1	<DELETED>	i take a ramipril and metformin ok
RES0023	ramipril	DRUG	1	okay ramapril	and metformin ok ramipril and metformin any
RES0023	cannabis	DRUG	1	<DELETED>	do you use cannabis or any other
RES0023	symptoms	SYMPTOM	1	<DELETED>	based on the symptoms youre experiencing it
RES0023	positive	FINDING	1	<DELETED>	your covitest is positive or not ok
RES0023	process	ANATOMY	1	<DELETED>	kind of infective process like maybe some
RES0023	isolate	DRUG	1	<DELETED>	is to self isolate you and your
RES0023	soaked	PROCEDURE	1	so great	shirt was was soaked through when i
RES0023	3 or 4	FINDING	3	three	ill have like 3 or 4 beers on the
RES0023	cough	DRUG	1	<DELETED>	actually with the cough i would say
RES0023	swab	PROCEDURE	1	<DELETED>	to get a swab done on you
RES0023	back	ANATOMY	1	<DELETED>	get the results back shortly and youll
RES0023	swab	PROCEDURE	1	<DELETED>	will get that swab done right away
RES0023	ill	SYMPTOM	1	i'll	ok ok so ill ask you few
RES0023	ill	SYMPTOM	1	i'll	drink alcohol maybe ill have like 3
RES0023	infection	CONDITION	1	<DELETED>	kind of viral infection that were concerned
RES0023	results	FINDING	1	<DELETED>	will get the results back shortly and
RES0023	other other people	FINDING	3	<UNKNOWN>	around to any other other people and your wife
RES0023	pretty pretty	FINDING	2	<UNKNOWN>	ive been feeling pretty pretty hot and just
RES0024	vomiting diarrhea	SYMPTOM	2	<UNKNOWN>	any nausea or vomiting no any diarrhea or constipation no
RES0024	nasal swab test	PROCEDURE	3	<DELETED>	will require a nasal swab test for that usually
RES0024	cancer ovarian	CONDITION	2	<DELETED>	you know breast cancer ovarian cancer no ok
RES0024	eczema cream	DRUG	2	zema	i had like eczema cream like the the
RES0024	symptoms	SYMPTOM	1	<DELETED>	with uh the symptoms of losing your
RES0024	symptoms	SYMPTOM	1	<DELETED>	days after your symptoms are gone so
RES0024	history	FINDING	1	<DELETED>	on uh the history today was there
RES0024	usually	FINDING	1	<DELETED>	test for that usually the results are
RES0024	isolate	DRUG	1	<DELETED>	required to self isolate now for the
RES0024	breast	PROCEDURE	1	<DELETED>	do you know breast cancer ovarian cancer
RES0024	cancer	CONDITION	1	<DELETED>	breast cancer ovarian cancer no ok so
RES0024	else	FINDING	1	<DELETED>	was there anything else that i maybe
RES0024	back	ANATOMY	1	<DELETED>	results are coming back now within 48
RES0024	back	ANATOMY	1	<DELETED>	the results come back from this test
RES0024	results	FINDING	1	<DELETED>	that usually the results are coming back
RES0024	results	FINDING	1	<DELETED>	know when the results come back from
RES0025	escitalopram	DRUG	1	<DELETED>	hydromorphone uh uh escitalopram ok and that
RES0025	overtime	DRUG	1	time	symptoms gotten worse overtime yeah they they
RES0025	cannabis	DRUG	1	cannabis or	other substances like cannabis um i will
RES0025	throats	ANATOMY	1	throat's	cough by my throats felt a little
RES0025	covid19	CONDITION	1	covid-19	some cases of covid19 that that are
RES0025	tylenol	DRUG	1	silenol	cant control with tylenol then please come
RES0025	ill	SYMPTOM	1	i'll	that sounds good ill get some gatorade
RES0026	neck stiffness	SYMPTOM	2	next sickness	you dont have neck stiffness but itll be
RES0026	thunder	DRUG	1	thunderclap	life or a thunder clap sensation no
RES0026	fever	FINDING	1	<DELETED>	ive had for fever i think ive
RES0026	clap	CONDITION	1	<DELETED>	or a thunder clap sensation no its
RES0026	ill	SYMPTOM	1	i'll	here ok so ill start with the
RES0026	malignancys	CONDITION	1	malignancies	how about any malignancys or or cancers
RES0026	csection	PROCEDURE	1	um	any surgeries before csection how many children
RES0026	csection	PROCEDURE	1	c-section	complications with the csection um no no
RES0027	not feeling well	SYMPTOM	3	<DELETED>	nausea vomiting and not feeling well that being said
RES0027	no dizziness	FINDING	2	<UNKNOWN>	at all um no no dizziness alright and have
RES0027	nausea vomiting	SYMPTOM	2	<DELETED>	being sick with nausea vomiting and not feeling
RES0027	hypothyroidism	CONDITION	1	as	before i have hypothyroidism i see ok
RES0027	multi vitamin	DRUG	2	multivitamin	i take this multi vitamin i cant remember
RES0027	viral illness	CONDITION	2	<DELETED>	another type of viral illness or possibly a
RES0027	chest x ray	PROCEDURE	3	<DELETED>	well as a chest x ray to start with
RES0027	being sick	SYMPTOM	2	<DELETED>	with your husband being sick with nausea vomiting
RES0027	blackout	SYMPTOM	1	out	faint or maybe blackout no ok and
RES0027	symptoms	SYMPTOM	1	<DELETED>	hearing about your symptoms of having this
RES0027	possibly	FINDING	1	<DELETED>	viral illness or possibly a bacterial infection
RES0027	hearing	FINDING	1	<DELETED>	im considering after hearing about your symptoms
RES0027	coughs	SYMPTOM	1	cough's	well because the coughs been keeping you
RES0027	cough	DRUG	1	<DELETED>	of having this cough and fever and
RES0027	fever	FINDING	1	<DELETED>	this cough and fever and being tired
RES0027	tired	SYMPTOM	1	<DELETED>	fever and being tired these last few
RES0027	cold	PROCEDURE	1	cold-like	you had any cold like symptoms with
RES0027	back	ANATOMY	1	<DELETED>	results to come back ok yeah that
RES0027	ill	SYMPTOM	1	i'll	you drink alcohol ill have a glass
RES0027	pcr	PROCEDURE	1	<DELETED>	blood work a pcr nasal swab that
RES0027	infection	CONDITION	1	<DELETED>	possibly a bacterial infection but certainly we
RES0027	results	FINDING	1	<DELETED>	some of those results to come back
RES0028	nausea or vomiting	FINDING	3	<DELETED>	any kind of nausea or vomiting or fever or
RES0028	birth control pill	DRUG	3	<UNKNOWN>	been on the birth control pill um for two
RES0028	coughing up blood	SYMPTOM	3	<UNKNOWN>	noticed at all coughing up blood no blood ok
RES0028	multi vitamin	DRUG	2	multivitamin okay	also a daily multi vitamin ok and how
RES0028	runny nose	SYMPTOM	2	rutty	i had a runny nose and sore throat
RES0028	very often	FINDING	2	<DELETED>	friends but not very often ok and do
RES0028	dry cough	DRUG	2	try	a dry cough dry cough ok and have
RES0028	marijuana	CONDITION	1	<DELETED>	recreational drugs like marijuana never ok and
RES0028	vitamins	DRUG	1	<DELETED>	control or multi vitamins yeah i take
RES0028	exercise	PROCEDURE	1	<DELETED>	you get any exercise uh not really
RES0028	drugs	PROCEDURE	1	<DELETED>	use any recreational drugs like marijuana never
RES0028	diet	PROCEDURE	1	<DELETED>	how about your diet like what is
RES0028	diet	PROCEDURE	1	<DELETED>	is your regular diet look like a
RES0028	fast	FINDING	1	<DELETED>	a lot of fast food i know
RES0028	food	DRUG	1	<DELETED>	lot of fast food i know i
RES0028	hospitalizations	PROCEDURE	1	hospitalization	years ok any hospitalizations recently um none
RES0028	now right	FINDING	2	<DELETED>	and hectic right now right now unfortunately ok
RES0028	in in italy	FINDING	3	<UNKNOWN>	recently i was in in italy for the past
RES0029	no cough	FINDING	2	<UNKNOWN>	pretty healthy recently no no cough or no infections
RES0029	other drugs	DRUG	2	<DELETED>	no marijuana no other drugs ok and do
RES0029	marijuana	CONDITION	1	<DELETED>	do you smoke marijuana no no no
RES0029	marijuana	CONDITION	1	<DELETED>	no no no marijuana no other drugs
RES0029	hearts	ANATOMY	1	heart's	as though your hearts racing i would
RES0029	ill	SYMPTOM	1	<DELETED>	on the weekend ill just have a
RES0029	3 hours	FINDING	2	three	would say around 3 hours ago ok um
RES0029	pretty pretty	FINDING	2	<UNKNOWN>	no ive been pretty pretty healthy recently no
RES0030	lisinopril	DRUG	1	lisenopro okay	i take um lisinopril ok and do
RES0030	medical	PROCEDURE	1	non-medical	diagnosed with any medical conditions at all
RES0030	coughs	SYMPTOM	1	cough's been	would say the coughs were getting worse
RES0030	5 or 6	FINDING	3	five	say is like 5 or 6 ounces like a
RES0030	ill	SYMPTOM	1	<DELETED>	of kleenexes um ill use but so
RES0030	ill	SYMPTOM	1	well	like um diet ill usually eat one
RES0030	5 pounds	FINDING	2	five	i maybe lost 5 pounds in the last
RES0030	40 years	FINDING	2	forty	the last nearly 40 years ok ok alright
RES0030	csection	PROCEDURE	1	section from	did have a csection for the birth
RES0030	csection	PROCEDURE	1	section	other than your csection no just the
RES0030	csection	PROCEDURE	1	okay and	no just the csection ok in terms
RES0031	runny nose	SYMPTOM	2	roundy	bit of a runny nose maybe a little
RES0031	too much	FINDING	2	<DELETED>	to eat too too much just because of
RES0031	pregnant	FINDING	1	<DELETED>	got a girl pregnant so yeah i
RES0031	back	ANATOMY	1	the	of just swelling back back in my
RES0031	skin	CONDITION	1	not skinny	changes no no skin skin rashes ok
RES0031	body	ANATOMY	1	body's	sure that my body is completely healthy
RES0031	your partner or or partners	FINDING	5	<UNKNOWN>	little bit about your partner or or partners so i just
RES0032	smokers cough	SYMPTOM	2	smoker's	ive had a smokers cough now for several
RES0032	smokers cough	SYMPTOM	2	the smoker's	bronchitis with a smokers cough ok and do
RES0032	heart attacks	CONDITION	2	<DELETED>	any cancers or heart attacks any any medical
RES0032	heart attacks	CONDITION	2	<DELETED>	medical conditions no heart attacks but uh my
RES0032	come and go	FINDING	3	<UNKNOWN>	or does it come and go i it its
RES0032	lung cancer	CONDITION	2	<DELETED>	father died of lung cancer when he was
RES0032	runny nose	SYMPTOM	2	uh everybody knows	was just a runny nose and it seems
RES0032	runny nose	SYMPTOM	2	os kind of	thats where the runny nose kinda went away
RES0032	muscarinic	DRUG	1	<DELETED>	type of anti muscarinic inhaler ok and
RES0032	wet cough	FINDING	2	light	is it a wet cough i im bringing
RES0032	surgeries	PROCEDURE	1	<DELETED>	no and any surgeries in the past
RES0032	surgeries	PROCEDURE	1	<DELETED>	the past no surgeries and have you
RES0032	marijuana	CONDITION	1	<DELETED>	recreational drugs like marijuana no uh any
RES0032	history	FINDING	1	<DELETED>	there been any history of any cancers
RES0032	medical	PROCEDURE	1	<DELETED>	attacks any any medical conditions no heart
RES0032	cough	DRUG	1	cough's uh	all yeah the cough has been getting
RES0032	drugs	PROCEDURE	1	<DELETED>	alcohol any recreational drugs like marijuana no
RES0032	life	PROCEDURE	1	<DELETED>	most of my life similar to my
RES0032	ill	SYMPTOM	1	<DELETED>	anyone who is ill i know you
RES0032	conditions	CONDITION	1	<DELETED>	any any medical conditions no heart attacks
RES0032	hospitalization	PROCEDURE	1	hospitalizations	so no any hospitalization in the past
RES0032	cancers	CONDITION	1	<DELETED>	history of any cancers or heart attacks
RES0033	symptoms cold	CONDITION	2	<UNKNOWN>	um and these symptoms cold symptoms youve been
RES0033	tuberculosis	CONDITION	1	tuberculos	any exposures to tuberculosis oh no no
RES0033	other drugs	DRUG	2	<DELETED>	you tried any other drugs besides marijuana um
RES0033	pretty good	FINDING	2	<DELETED>	has been pretty pretty good like at home
RES0033	not often	FINDING	2	<DELETED>	drink alcohol uh not often like just when
RES0033	marijuana	CONDITION	1	<DELETED>	other drugs besides marijuana um just just
RES0033	marijuana	CONDITION	1	<DELETED>	um just just marijuana i i try
RES0033	marijuana	CONDITION	1	<DELETED>	i do have marijuana once or twice
RES0033	difficult	FINDING	1	<DELETED>	is getting more difficult with my cough
RES0033	symptoms	SYMPTOM	1	<DELETED>	these symptoms cold symptoms youve been feeling
RES0033	exercise	PROCEDURE	1	<DELETED>	your diet and exercise i feel like
RES0033	offered	FINDING	1	<DELETED>	sometimes ive been offered like some pills
RES0033	active	DRUG	1	<DELETED>	like im fairly active even though like
RES0033	active	DRUG	1	<DELETED>	im still pretty active but it is
RES0033	cough	DRUG	1	cough's	its been the cough has been happening
RES0033	offer	FINDING	1	cough	to make the offer better um i
RES0033	drugs	PROCEDURE	1	<DELETED>	anything to any drugs ok do you
RES0033	cough	DRUG	1	<DELETED>	though like i cough when im exercising
RES0033	cough	DRUG	1	<DELETED>	difficult with my cough other than that
RES0033	else	FINDING	1	<DELETED>	than that nothing else so it sounds
RES0033	diet	PROCEDURE	1	<DELETED>	bit about your diet and exercise i
RES0033	diet	PROCEDURE	1	<DELETED>	than that my diet has been pretty
RES0033	diet	PROCEDURE	1	<DELETED>	having a balanced diet so yeah i
RES0034	coughing up sputum	FINDING	3	<UNKNOWN>	has she been coughing up any sputum yeah i would
RES0034	discolouration	FINDING	1	bluish discoloration	noticed any blueish discolouration around her lips
RES0034	birth history	FINDING	2	<DELETED>	regards to birth birth history was it a
RES0034	digital	ANATOMY	1	<DELETED>	a regular non digital thermometer in her
RES0034	fevers	SYMPTOM	1	fever's	know of her fevers been getting worse
RES0034	cough	DRUG	1	<DELETED>	today but the cough coughing is about
RES0034	csection	PROCEDURE	1	c-section	vaginal delivery or csection it was a
RES0035	activity	FINDING	1	<DELETED>	you do for activity um i take
RES0035	walks	FINDING	1	<DELETED>	um i take walks when i can
RES0036	respiratory tract infection	CONDITION	3	<DELETED>	have an upper respiratory tract infection the other things
RES0036	smoking history	FINDING	2	<DELETED>	to your significant smoking history so we will
RES0036	other things	FINDING	2	<DELETED>	tract infection the other things on differential would
RES0036	antibiotics	DRUG	1	<DELETED>	can give you antibiotics or other medications
RES0036	medications	DRUG	1	<DELETED>	antibiotics or other medications to help you
RES0036	infection	CONDITION	1	<DELETED>	its a viral infection
RES0037	next appointment	FINDING	2	<DELETED>	you in the next appointment for follow up
RES0037	azithromycin	DRUG	1	thromycin	antibiotics i think azithromycin and it it
RES0037	rosuvastatin	DRUG	1	<DELETED>	i think i rosuvastatin for for the
RES0037	tuberculosis	CONDITION	1	<DELETED>	you dont have tuberculosis as thats prevalent
RES0037	chest xray	PROCEDURE	2	<DELETED>	get like a chest xray for that you
RES0037	tinged	DRUG	1	<DELETED>	besides the pain tinged sputum have you
RES0037	coughs	SYMPTOM	1	cough's	sweats yeah the coughs been messing with
RES0037	tests	PROCEDURE	1	<DELETED>	well after those tests have come back
RES0037	back	ANATOMY	1	<DELETED>	tests have come back well see you
RES0037	run	FINDING	1	<DELETED>	and it can run in the family
RES0037	pneumonia	CONDITION	1	<DELETED>	may have a pneumonia as well and
RES0037	nothings	FINDING	1	nothing's	tried uh no nothings really helped it
RES0037	problem	PROCEDURE	1	that's probably it okay	so thats the problem ok and how
RES0037	pretty pretty	FINDING	2	<UNKNOWN>	like ive been pretty pretty hot sometimes ok
RES0038	coughing up blood	SYMPTOM	3	popping	and are you coughing up any blood at all no
RES0038	coughs	SYMPTOM	1	cough's	i think the coughs worse at night
RES0038	coughs	SYMPTOM	1	cough's	mentioned like the coughs been keeping you
RES0038	ill	SYMPTOM	1	i'll	um yeah maybe ill ill smoke like
RES0038	ill	SYMPTOM	1	<DELETED>	yeah maybe ill ill smoke like one
RES0038	ill	SYMPTOM	1	or	during the week ill usually i guess
RES0038	energys	FINDING	1	energy's	ah no my energys been been good
RES0038	weights	SYMPTOM	1	weight's	at all my weights been about the
RES0039	tuberculosis	CONDITION	1	tuberosis	potential exposures to tuberculosis anyone there that
RES0039	tuberculosis	CONDITION	1	<DELETED>	or uh uh tuberculosis like one of
RES0039	chest xray	PROCEDURE	2	<UNKNOWN>	to get a chest xray and we can
RES0039	crystal	DRUG	1	math	like cocaine or crystal meth anything of
RES0039	living	FINDING	1	in	you at all living like close quarters
RES0039	issue	FINDING	1	tissue okay	covering the the issue ok and have
RES0039	meth	DRUG	1	<DELETED>	cocaine or crystal meth anything of that
RES0039	imm	CONDITION	1	i'll smoke i guess	you smoke uhm imm smoke maybe maybe
RES0039	ill	SYMPTOM	1	i'll	marijuana uh yeah ill smoke one or
RES0039	ill	SYMPTOM	1	i'll	any alcohol yeah ill have a few
RES0039	regiment	PROCEDURE	1	regimen	a whole antibiotic regiment if it does
RES0042	neurological symptoms	SYMPTOM	2	<DELETED>	you have any neurological symptoms like seizures or
RES0042	nausea or vomiting	FINDING	3	<DELETED>	swallowing food no nausea or vomiting no um changes
RES0042	high temperature	SYMPTOM	2	<DELETED>	have a really high temperature you have trouble
RES0042	fainting spells	SYMPTOM	2	<DELETED>	like seizures or fainting spells please do go
RES0042	crohns disease	CONDITION	2	crohn's	so for my crohns disease ok yeah yeah
RES0042	crohns disease	CONDITION	2	a hat chrome disease um i'm	said i have crohns disease im not like
RES0042	crohns disease	CONDITION	2	crohn's	mentioned you have crohns disease do you have
RES0042	crohns disease	CONDITION	2	crohn's	on biologics for crohns disease are there any
RES0042	viral illness	CONDITION	2	<DELETED>	could be another viral illness thats going around
RES0042	symptoms	SYMPTOM	1	<DELETED>	though because your symptoms do overlap with
RES0042	symptoms	SYMPTOM	1	<DELETED>	do overlap with symptoms of coviand and
RES0042	hydrated	DRUG	1	<DELETED>	sure youre staying hydrated youre eating nutritious
RES0042	symptoms	SYMPTOM	1	<DELETED>	sleep if your symptoms do become worse
RES0042	seizures	SYMPTOM	1	<DELETED>	neurological symptoms like seizures or fainting spells
RES0042	isolate	DRUG	1	<DELETED>	then you should isolate for 14 days
RES0042	overlap	PROCEDURE	1	<DELETED>	your symptoms do overlap with symptoms of
RES0042	flare	FINDING	1	glare	like in a flare right now or
RES0042	sleep	DRUG	1	<DELETED>	and getting good sleep if your symptoms
RES0042	temp	PROCEDURE	1	tenth and	i took my temp in it its
RES0042	temp	PROCEDURE	1	tenth	didnt take my temp but like the
RES0042	temp	PROCEDURE	1	they come to the pie	i took my temp was high i
RES0042	hope	FINDING	1	<DELETED>	i hope i hope i just wanted
RES0042	swab	PROCEDURE	1	<DELETED>	get you a swab and you should
RES0042	swab	PROCEDURE	1	<DELETED>	of the that swab in about 24
RES0042	ill	SYMPTOM	1	i'll	or anything so ill say no but
RES0042	results	FINDING	1	<DELETED>	should have the results of the that
RES0042	please	FINDING	1	<DELETED>	or fainting spells please do go to
RES0043	short of breath	SYMPTOM	3	<DELETED>	he was just short of breath or something like
RES0043	coughs	SYMPTOM	1	cough okay	been like little coughs ok and he
RES0043	hearts	ANATOMY	1	heart's	feeling like his hearts racing no i
RES0043	asthma	CONDITION	1	<DELETED>	add everythings like asthma to the list
RES0043	times	CONDITION	1	<DELETED>	i can often times like we dont
RES0043	cough	DRUG	1	<DELETED>	was just the cough or if he
RES0043	temp	PROCEDURE	1	temps	been taking his temp the whole time
RES0043	ill	SYMPTOM	1	we'll	so for now ill just wait for
RES0043	add	CONDITION	1	<DELETED>	fever we would add everythings like asthma
RES0043	infection	CONDITION	1	<DELETED>	sounds like an infection ok yeah thats
RES0044	bacterial pneumonia	CONDITION	2	<DELETED>	some sort of bacterial pneumonia and those are
RES0044	productive cough	FINDING	2	<DELETED>	youre having a productive cough um youre really
RES0044	short of breath	SYMPTOM	3	<DELETED>	um youre really short of breath uh we can
RES0044	antibiotics	DRUG	1	<DELETED>	usually treated with antibiotics so thats kind
RES0044	treatment	PROCEDURE	1	<DELETED>	and usually the treatment for that kind
RES0044	hydrated	DRUG	1	<DELETED>	youre staying well hydrated youre eating nutritious
RES0044	symptoms	SYMPTOM	1	<DELETED>	not and your symptoms you know youre
RES0044	fainted	SYMPTOM	1	<DELETED>	dont i havent fainted or anything ok
RES0044	usually	FINDING	1	<DELETED>	year um and usually the treatment for
RES0044	usually	FINDING	1	<DELETED>	and those are usually treated with antibiotics
RES0044	hearts	ANATOMY	1	heart's	feel like your hearts racing uh no
RES0044	3 or 4	FINDING	3	three	know maybe like 3 or 4 drinks over the
RES0044	sleep	DRUG	1	<DELETED>	youre getting good sleep um and if
RES0044	swab	PROCEDURE	1	<DELETED>	with that covid swab for now how
RES0044	sick	SYMPTOM	1	<DELETED>	dont feel super sick i just really
RES0044	ill	SYMPTOM	1	i'll	dont know maybe ill drink like a
RES0044	immunizations	PROCEDURE	1	immunization	with all your immunizations uh yeah yeah
RES0044	cancers	CONDITION	1	cancer	see um any cancers in the family
RES0045	neurological symptoms	SYMPTOM	2	<DELETED>	um youre having neurological symptoms like you know
RES0045	difficulty breathing	SYMPTOM	2	<DELETED>	if youre having difficulty breathing um you should
RES0045	fainting spells	SYMPTOM	2	<DELETED>	know seizures or fainting spells um or if
RES0045	public health	PROCEDURE	2	<DELETED>	when possible and public health will get in
RES0045	viral illness	CONDITION	2	<DELETED>	could be another viral illness thats going around
RES0045	high fever	FINDING	2	<DELETED>	running a really high fever um youre having
RES0045	possible	FINDING	1	<DELETED>	family members when possible and public health
RES0045	positive	FINDING	1	<DELETED>	those results are positive and so they
RES0045	hydrated	DRUG	1	<DELETED>	that is staying hydrated um getting good
RES0045	symptoms	SYMPTOM	1	<DELETED>	but if your symptoms get worse like
RES0045	seizures	SYMPTOM	1	<DELETED>	like you know seizures or fainting spells
RES0045	isolate	DRUG	1	<DELETED>	meantime you should isolate for 14 days
RES0045	therapy	FINDING	1	<DELETED>	guess the best therapy for that is
RES0045	running	FINDING	1	<DELETED>	worse like youre running a really high
RES0045	hearts	ANATOMY	1	heart's	feeling like your hearts racing no nothing
RES0045	sleep	DRUG	1	<DELETED>	um getting good sleep and eating nutritious
RES0045	swab	PROCEDURE	1	swap	well take a swab today well send
RES0045	best	CONDITION	1	<DELETED>	i guess the best therapy for that
RES0045	back	ANATOMY	1	<DELETED>	you should come back to the er
RES0045	ill	SYMPTOM	1	i'll	marijuana uh sometimes ill have a joint
RES0045	results	FINDING	1	<DELETED>	you if those results are positive and
RES0046	other viral infection	CONDITION	3	<DELETED>	some sort of other viral infection thats going around
RES0046	no blood	FINDING	2	<UNKNOWN>	no blood yeah no no blood just yeah its
RES0046	stomachs	ANATOMY	1	stomach's	um little my stomachs just been killing
RES0046	diarrhea	FINDING	1	<DELETED>	and taste um diarrhea uh abdominal pain
RES0046	possibly	FINDING	1	<DELETED>	you you could possibly have um some
RES0046	throats	ANATOMY	1	throat's	uh no my throats felt ok ok
RES0046	worries	FINDING	1	<DELETED>	you alright no worries
RES0046	coughs	SYMPTOM	1	cough's	harsh yeah the coughs like yeah harsh
RES0046	hearts	ANATOMY	1	heart's	feeling like your hearts racing no nothing
RES0046	ill	SYMPTOM	1	i'll	drink alcohol yeah ill have a glass
RES0046	weights	SYMPTOM	1	weight's	few weeks no weights been stable ok
RES0046	pretty pretty	FINDING	2	<UNKNOWN>	yeah its been pretty pretty loose pretty loose
RES0047	supplemental oxygen	FINDING	2	<DELETED>	some sort of supplemental oxygen whether its bipaor
RES0047	bronchodilators	DRUG	1	<DELETED>	giving you your bronchodilators and steroids as
RES0047	other symptoms	SYMPTOM	2	<DELETED>	you develop any other symptoms like um fevers
RES0047	smokers cough	SYMPTOM	2	smoker's	its just a smokers cough i think that
RES0047	complications	CONDITION	1	<DELETED>	have any bad complications of uh pneumonia
RES0047	cough syrups	DRUG	2	<UNKNOWN>	the counter uh cough syrups in the past
RES0047	green sputum	FINDING	2	increased	cough especially not green sputum in the past
RES0047	exacerbation	FINDING	1	<DELETED>	moderate um moderate exacerbation well also prescribe
RES0047	cough syrup	DRUG	2	<UNKNOWN>	over the counter cough syrup um yeah ive
RES0047	antibiotics	DRUG	1	<DELETED>	also prescribe uh antibiotics and or steroids
RES0047	antibiotics	DRUG	1	<DELETED>	as well as antibiotics to um make
RES0047	10 pounds	FINDING	2	<DELETED>	but maybe maybe 10 pounds over the last
RES0047	therapies	PROCEDURE	1	it's	use for rescue therapies been for like
RES0047	prescribe	PROCEDURE	1	<DELETED>	exacerbation well also prescribe uh antibiotics and
RES0047	illnesses	SYMPTOM	1	<DELETED>	uh viral viral illnesses well well well
RES0047	symptoms	SYMPTOM	1	<DELETED>	fevers or any symptoms that overlap with
RES0047	overlap	PROCEDURE	1	<DELETED>	any symptoms that overlap with uh viral
RES0047	hearts	ANATOMY	1	heart's	feel like your hearts racing uh no
RES0047	fevers	SYMPTOM	1	<DELETED>	symptoms like um fevers or any symptoms
RES0047	swab	PROCEDURE	1	<DELETED>	do a covid swab on you just
RES0047	aid	PROCEDURE	1	<DELETED>	do seek out aid um in the
RES0047	vitamin um	DRUG	2	<UNKNOWN>	and i take vitamin um and thats it
RES0047	pneumonia	CONDITION	1	<DELETED>	complications of uh pneumonia um and it
RES0047	spirivas	DRUG	1	has	long time but spirivas been the last
RES0047	steroids	DRUG	1	<DELETED>	antibiotics and or steroids to go along
RES0047	steroids	DRUG	1	<DELETED>	your bronchodilators and steroids as well as
RES0047	agonist	DRUG	1	<DELETED>	short acting beta agonist and if it
RES0047	please	FINDING	1	<DELETED>	becomes severe um please do seek out
RES0047	morning in morning	SYMPTOM	3	<UNKNOWN>	coffee in the morning in the morning um but i
RES0047	three days three three	CONDITION	4	<UNKNOWN>	for the past three days three three years ok yeah
RES0048	neurological symptoms	SYMPTOM	2	<DELETED>	know youre having neurological symptoms or or if
RES0048	trouble breathing	SYMPTOM	2	<DELETED>	a lot of trouble breathing then you should
RES0048	public health	PROCEDURE	2	<DELETED>	if possible and public health should be in
RES0048	viral illness	CONDITION	2	<DELETED>	its probably another viral illness thats going around
RES0048	diarrhea	FINDING	1	<DELETED>	constipation no diarrhea diarrhea right um how
RES0048	ramipril	DRUG	1	<DELETED>	something like um ramipril or something like
RES0048	ramipril	DRUG	1	ramiform	medications besides the ramipril and metformin just
RES0048	vitamins	DRUG	1	<DELETED>	uh like multi vitamins for men over
RES0048	symptoms	SYMPTOM	1	<DELETED>	not because your symptoms overlap with covid
RES0048	possible	FINDING	1	<DELETED>	as well if possible and public health
RES0048	positive	FINDING	1	<DELETED>	touch if its positive uh to do
RES0048	symptoms	SYMPTOM	1	<DELETED>	uh if your symptoms get worse um
RES0048	overlap	PROCEDURE	1	<DELETED>	because your symptoms overlap with covid um
RES0048	isolate	DRUG	1	<DELETED>	its good to isolate for 14 days
RES0048	isolate	DRUG	1	<DELETED>	includes trying to isolate from your wife
RES0048	coughs	SYMPTOM	1	cough's	you say the coughs getting worse yeah
RES0048	hearts	ANATOMY	1	heart's	feel like your hearts racing at all
RES0048	change	PROCEDURE	1	changes	any blood or change in colour its
RES0048	bowel	ANATOMY	1	<DELETED>	the the bowel bowel changes when did
RES0048	fever	FINDING	1	<DELETED>	or if your fever gets really high
RES0048	semi	CONDITION	1	semi-solid	like is it semi solid at all
RES0048	runs	FINDING	1	was	pretty big it runs in the family
RES0048	swab	PROCEDURE	1	<DELETED>	do a covid swab today um and
RES0048	back	ANATOMY	1	<DELETED>	and youll hear back within 24 to
RES0048	ill	SYMPTOM	1	<DELETED>	gets worse uh ill just go to
RES0048	metformin	DRUG	1	uh	the ramipril and metformin just uh like
RES0048	20 years	FINDING	2	twenty	for more than 20 years oh ok well
RES0048	10 days	FINDING	2	ten	the last like 10 days uh its theres
RES0048	please	FINDING	1	<DELETED>	emergency department yes please do ok sounds
RES0049	loss of smell	FINDING	3	<DELETED>	coviespecially umm the loss of smell and taste we
RES0049	viral illness	CONDITION	2	<DELETED>	could be another viral illness thats going around
RES0049	constipation	SYMPTOM	1	constitution constitutional	habits like constant constipation or diarrhea oh
RES0049	energetic	FINDING	1	<DELETED>	not really energetic energetic to do anything
RES0049	negative	LAB_RESULT	1	<DELETED>	it comes back negative but ill stay
RES0049	tylenol	DRUG	1	was thinking town all	the other thing tylenol cold but other
RES0049	isolate	DRUG	1	<DELETED>	recommend that you isolate for 14 days
RES0049	isolate	DRUG	1	<DELETED>	includes trying to isolate from family members
RES0049	fevers	SYMPTOM	1	and then in the	few days the fevers at night and
RES0049	hearts	ANATOMY	1	heart's	feel like your hearts racing uh no
RES0049	back	ANATOMY	1	<DELETED>	hopefully it comes back negative but ill
RES0049	ill	SYMPTOM	1	i'll	um i guess ill ask you about
RES0049	ill	SYMPTOM	1	<DELETED>	that sounds good ill ill let my
RES0049	ill	SYMPTOM	1	<DELETED>	sounds good ill ill let my work
RES0049	ill	SYMPTOM	1	<DELETED>	back negative but ill stay away from
RES0049	other thing	FINDING	2	was thinking town all	currently just the other thing tylenol cold but
RES0050	chills fevers	SYMPTOM	2	<UNKNOWN>	any fevers or chills fevers or chills ah
RES0050	either	FINDING	1	<DELETED>	discharge from either either your ears or
RES0050	hearts	ANATOMY	1	heart's	feeling like your hearts racing no and
RES0050	worsen	FINDING	1	worsened	this cough and worsen the sputum this
RES0051	crohns disease	CONDITION	2	crohn's	congenital i think crohns disease ok and umm
RES0051	pain chest	SYMPTOM	2	pains	had any chest pain no chest pain have you
RES0051	isolation	PROCEDURE	1	self-isolation and we'll	days of self isolation well get back
RES0051	virus	CONDITION	1	<DELETED>	dont know the virus thats bringing this
RES0051	else	FINDING	1	<DELETED>	was there anything else you wanted to
RES0051	penicillin ok	DRUG	2	<UNKNOWN>	medications umm possibly penicillin ok do you know
RES0052	congenital conditions	CONDITION	2	<DELETED>	genetic conditions or congenital conditions in the family
RES0052	conjunctivitis	CONDITION	1	<DELETED>	that could be conjunctivitis ok so at
RES0052	common cold	CONDITION	2	a hole um	common like the common cold we just need
RES0052	pink eye	CONDITION	2	one i enjoyed okay um	she has this pink eye and she has
RES0052	symptom	SYMPTOM	1	one i enjoyed okay um	was the last symptom she has this
RES0052	heart	CONDITION	1	<DELETED>	lung conditions or heart conditions that run
RES0052	cough	DRUG	1	i lost very	symptoms are the cough that started two
RES0052	cough	DRUG	1	<DELETED>	she has a cough yeah right that
RES0052	dust	FINDING	1	dusts	like carpets or dust or inhalants that
RES0052	sick	SYMPTOM	1	um the main situation	was anybody been sick there no i
RES0052	sick	SYMPTOM	1	<DELETED>	no ones been sick ok and you
RES0052	lung	CONDITION	1	<DELETED>	ok and any lung conditions or heart
RES0052	nose	CONDITION	1	<DELETED>	involving the eyes nose and and with
RES0052	swab	PROCEDURE	1	moment	test with a swab for covid for
RES0052	run	FINDING	1	are not	heart conditions that run in the family
RES0052	run	FINDING	1	continue running	we will certainly run some investigations to
RES0052	genetic conditions	CONDITION	2	<DELETED>	how about any genetic conditions or congenital conditions
RES0052	conditions	CONDITION	1	<DELETED>	and any lung conditions or heart conditions
RES0052	alittle	CONDITION	1	little	shes been eating alittle less than usual
RES0053	parainfluenza	CONDITION	1	influenza	viral infection like parainfluenza also known as
RES0053	physical exam	FINDING	2	<DELETED>	will do a physical exam today and will
RES0053	contraction	CONDITION	1	<DELETED>	just a regular contraction and that it
RES0053	epinephrine	DRUG	1	<DELETED>	some steroids or epinephrine just to open
RES0053	chest pain	SYMPTOM	2	would he has a	think he has chest pain he hasnt any
RES0053	assessment	PROCEDURE	1	<DELETED>	to do an assessment on him of
RES0053	prescribe	PROCEDURE	1	<DELETED>	we can also prescribe him some steroids
RES0053	symptoms	SYMPTOM	1	<DELETED>	and if his symptoms do become worse
RES0053	symptoms	SYMPTOM	1	<DELETED>	call if his symptoms are becoming worse
RES0053	symptoms	SYMPTOM	1	<DELETED>	how severe his symptoms are most children
RES0053	resolve	PROCEDURE	1	resolved	it will just resolve but she wound
RES0053	seizure	SYMPTOM	1	<DELETED>	has like a seizure or urological issues
RES0053	coughs	SYMPTOM	1	these kind of	colds before his coughs were quiet but
RES0053	likely	FINDING	1	<DELETED>	own and he likely wont need any
RES0053	colds	CONDITION	1	cold	like hes had colds before his coughs
RES0053	ill	SYMPTOM	1	i'll	the day sometimes ill notice when hes
RES0053	eye	CONDITION	1	<DELETED>	just keep an eye on on that
RES0053	ill	SYMPTOM	1	<DELETED>	sounds good ok ill just keep an
RES0053	eye	CONDITION	1	<DELETED>	just keep an eye on him for
RES0053	urological	DRUG	1	<DELETED>	a seizure or urological issues he should
RES0053	treatments	PROCEDURE	1	<DELETED>	need any additional treatments ok sounds good
RES0053	infection	CONDITION	1	<DELETED>	get over their infection on their own
RES0053	steroids	DRUG	1	<DELETED>	prescribe him some steroids or epinephrine just
RES0053	mothers	DRUG	1	mother's	and then his mothers pregnancy with him
RES0054	shortness of breath on exertion	SYMPTOM	5	<UNKNOWN>	like you have shortness of breath on exertion and it sounds
RES0054	seborrheic keratosis	CONDITION	2	several	be something like seborrheic keratosis but i d
RES0054	pulmonary disorder	CONDITION	2	<DELETED>	copd chronic obstructive pulmonary disorder because of your
RES0054	systemic symptoms	SYMPTOM	2	<DELETED>	you have any systemic symptoms of infection so
RES0054	smoking history	FINDING	2	<DELETED>	because of your smoking history uhm so we
RES0054	heart attacks	CONDITION	2	<UNKNOWN>	but yeah awful heart attacks on my father
RES0054	heart problem	SYMPTOM	2	<DELETED>	me than a heart problem to me right
RES0054	heart attack	CONDITION	2	<UNKNOWN>	say about a heart attack supposed to like
RES0054	chest x rays	PROCEDURE	3	<UNKNOWN>	function tests or chest x rays done in the
RES0054	lung problem	FINDING	2	<DELETED>	more like a lung problem to me than
RES0054	chest xray	PROCEDURE	2	<UNKNOWN>	the past p chest xray i think they
RES0054	chest xray	PROCEDURE	2	<UNKNOWN>	they did a chest xray after the car
RES0054	chest pain	SYMPTOM	2	<DELETED>	you had that chest pain once but it
RES0054	chest xray	PROCEDURE	2	<DELETED>	function test and chest xray and i well
RES0054	symptoms	SYMPTOM	1	<DELETED>	so if your symptoms don t get
RES0054	symptom	SYMPTOM	1	second	uhm so your symptom your shortness of
RES0054	worried	FINDING	1	<DELETED>	m not too worried about that and
RES0054	hearts	ANATOMY	1	heart's	feel like your hearts racing p felt
RES0054	either	FINDING	1	he's	of a guy either hes a hard
RES0054	likely	FINDING	1	<DELETED>	is copd well likely put you on
RES0054	climb	FINDING	1	<DELETED>	we tried to climb a couple flights
RES0054	stoop	FINDING	1	stooped	had to stop stoop over just couldnt
RES0054	cough	DRUG	1	<DELETED>	you have a cough with still producing
RES0054	heart	CONDITION	1	<DELETED>	terms of your heart you mentioned you
RES0054	heart	CONDITION	1	<DELETED>	rule out any heart stuff but right
RES0054	lung	CONDITION	1	<DELETED>	other lung any lung conditions that run
RES0054	copd	DRUG	1	<DELETED>	be something called copd chronic obstructive pulmonary
RES0054	copd	DRUG	1	<DELETED>	if it is copd well likely put
RES0054	doc	DRUG	1	docs	pressure p yeah doc s got me
RES0054	ill	SYMPTOM	1	i'll	go whole hog ill drink maybe 20
RES0054	doc	DRUG	1	though	that in mind doc ill keep that
RES0054	ill	SYMPTOM	1	<DELETED>	in mind doc ill keep that in
RES0054	mrs	PROCEDURE	1	missus	two with the mrs right now d
RES0054	kid	CONDITION	1	grandkid in	her and grand kid a bit the
RES0054	doc	DRUG	1	<DELETED>	p sounds great doc thanks a million
RES0054	one	FINDING	1	<DELETED>	have a good one
RES0054	infection	CONDITION	1	<DELETED>	systemic symptoms of infection so i m
RES0054	p healthy	PROCEDURE	2	<DELETED>	a healthy person p healthy hes healthy i
RES0054	2 years	FINDING	2	two	able to like 2 years ago be able
RES0054	right p	ANATOMY	2	<DELETED>	be getting worse right p yeah d ok
RES0054	right p	ANATOMY	2	<UNKNOWN>	left towards the right p it was kind
RES0054	right p	ANATOMY	2	<UNKNOWN>	wins the race right p i ll keep
RES0054	agonist	DRUG	1	<DELETED>	long acting beta agonist thats what it
RES0055	difficulty breathing	SYMPTOM	2	to breathe in	of breath or difficulty breathing when did that
RES0055	corticosteroids	DRUG	1	have been destroyed	things like inhaled corticosteroids as well as
RES0055	antibiotics	DRUG	1	we find it	as well as antibiotics and so just
RES0055	chest x ray	PROCEDURE	3	the catching up with all my	do probably a chest x ray and possibly a
RES0055	metoprolol	DRUG	1	so	medications besides the metoprolol i do take
RES0055	ventolin	DRUG	1	mentalin okay	them is called ventolin ok and then
RES0055	symptoms	SYMPTOM	1	screen	eye on your symptoms for now and
RES0055	possibly	FINDING	1	<DELETED>	x ray and possibly a pulmonary function
RES0055	tonsils	PROCEDURE	1	remote okay okay	i had my tonsils removed ok are
RES0055	spiriva	DRUG	1	revolution okay	is called the spiriva ok sure yep
RES0055	likely	FINDING	1	you have copd if	year which is likely because you have
RES0055	copa	PROCEDURE	1	a	you had for copa year back umm
RES0055	date	DRUG	1	i have to do it	you up to date with all your
RES0055	multivitaminsi	DRUG	1	i	i do take multivitaminsi think thats yeah
RES0055	20 years	FINDING	2	twenty	say the last 20 years ok how much
RES0055	20 years	FINDING	2	twenty	for the last 20 years umm have you
RES0055	problem	PROCEDURE	1	<DELETED>	ok yeah no problem
RES0056	temperature	PROCEDURE	1	haven't	you taken your temperature you said you
RES0056	antibiotics	DRUG	1	<DELETED>	give you some antibiotics does that sound
RES0056	definitely	FINDING	1	can be brings	wet cough im definitely bringing up some
RES0056	runny nose	SYMPTOM	2	rainos and the springtime um	i get some runny nose around spring time
RES0056	appendix	CONDITION	1	<DELETED>	teens had my appendix removed but nothing
RES0056	vitamins	DRUG	1	multi-vitamins okay	take some multi vitamins ok and are
RES0056	symptoms	SYMPTOM	1	<DELETED>	eye on your symptoms if they become
RES0056	symptoms	SYMPTOM	1	<DELETED>	if youre experiencing symptoms like neurological deficits
RES0056	weakness	SYMPTOM	1	<DELETED>	neurological deficits or weakness or seizures or
RES0056	seizures	SYMPTOM	1	<DELETED>	or weakness or seizures or anything like
RES0056	symptoms	SYMPTOM	1	<DELETED>	and if your symptoms are persisting beyond
RES0056	tylenol	DRUG	1	with	yes i tried tylenol cold and liked
RES0056	tylenol	DRUG	1	talonal	better with the tylenol cold ok good
RES0056	hearts	ANATOMY	1	heart's	feeling like your hearts racing no no
RES0056	pollen	DRUG	1	to pollen but uh not really conditioned anymore	im allergic to pollen ok and any
RES0056	cough	DRUG	1	<DELETED>	been having a cough for the last
RES0056	dust	FINDING	1	dust uh	cold air or dust like maybe pets
RES0056	lung	CONDITION	1	or blood	family history of lung conditions no not
RES0056	back	ANATOMY	1	<DELETED>	us a call back to see whats
RES0056	dok	DRUG	1	been wheezing okay	think ive recently dok chest pain no
RES0056	eye	CONDITION	1	<DELETED>	so keep an eye on your symptoms
RES0056	neurological deficits	FINDING	2	<DELETED>	experiencing symptoms like neurological deficits or weakness or
RES0056	infection	CONDITION	1	<DELETED>	be another viral infection thats going around
RES0056	infection	CONDITION	1	<DELETED>	like a bacterial infection in which case
RES0056	mothers	DRUG	1	mother's	aunt on my mothers side who had
RES0056	10 days	FINDING	2	<DELETED>	seven days to 10 days also you should
RES0057	never smoked	FINDING	2	<DELETED>	dont and have never smoked in the past
RES0057	medications	DRUG	1	<DELETED>	you take any medications i know you
RES0057	headaches	SYMPTOM	1	headache	you mentioned the headaches there too then
RES0057	headache	SYMPTOM	1	<DELETED>	anything for your headache any pain meds
RES0057	symptoms	SYMPTOM	1	um	any of these symptoms gotten worse overtime
RES0057	overtime	DRUG	1	time	symptoms gotten worse overtime yes i would
RES0057	times	CONDITION	1	<DELETED>	there are some times that are worse
RES0057	advil	DRUG	1	uh advice	been taking some advil its helped and
RES0057	meds	CONDITION	1	mad	headache any pain meds yeah ive been
RES0057	top	PROCEDURE	1	<DELETED>	just squeezing the top of or just
RES0057	ill	SYMPTOM	1	i'll	counter pills yeah ill take like a
RES0057	ill	SYMPTOM	1	i'll	wanted to know ill go talk to
RES0058	weight change	FINDING	2	weight's	like that no weight change its been the
RES0058	night sweats	SYMPTOM	2	<UNKNOWN>	how about umm night sweats or chills i
RES0058	possibly	FINDING	1	to	have any allergies possibly cats but we
RES0058	diabetes	CONDITION	1	and my dad has diabetes but	life also also diabetes but dont know
RES0058	hearts	ANATOMY	1	heart's	feeling like your hearts racing no nothing
RES0058	chills	SYMPTOM	1	us uh well	night sweats or chills i felt a
RES0058	cough	DRUG	1	<DELETED>	you have a cough yeah ive had
RES0058	ill	SYMPTOM	1	i'll	that yeah sure ill just continue on
RES0059	false negative	LAB_RESULT	2	<DELETED>	there are sometimes false negative tests you know
RES0059	reactine	DRUG	1	reactin	umm something like reactine or claritin for
RES0059	symptoms	SYMPTOM	1	<DELETED>	any of the symptoms that overlap with
RES0059	throats	ANATOMY	1	throat's	pain yeah my throats been a little
RES0059	isolate	DRUG	1	<DELETED>	kind of self isolate until the coviresults
RES0059	overlap	PROCEDURE	1	<DELETED>	the symptoms that overlap with covisymptoms isolate
RES0059	isolate	DRUG	1	<DELETED>	overlap with covisymptoms isolate for two weeks
RES0059	tests	PROCEDURE	1	<DELETED>	sometimes false negative tests you know just
RES0059	ill	SYMPTOM	1	i'll	herbal stuff no ill use my tylenol
RES0059	ill	SYMPTOM	1	i'll	i do yeah ill have like two
RES0059	pcr	PROCEDURE	1	<DELETED>	even though the pcr that we do
RES0059	results	FINDING	1	<DELETED>	what the test results are and then
RES0060	bacterial pneumonia	CONDITION	2	<DELETED>	bacterial infection or bacterial pneumonia in which case
RES0060	false negative	LAB_RESULT	2	<DELETED>	it can be false negative so as long
RES0060	multi vitamin	DRUG	2	multivitamin okay	supplements just a multi vitamin ok umm do
RES0060	public health	PROCEDURE	2	<DELETED>	will also notify public health so that they
RES0060	viral illness	CONDITION	2	<DELETED>	another upper respiratory viral illness because of this
RES0060	rosuvastatin	DRUG	1	resubastatin	ive been taking rosuvastatin for that the
RES0060	rosuvastatin	DRUG	1	statin	any medications just rosuvastatin right now ok
RES0060	antibiotics	DRUG	1	<DELETED>	we can prescribe antibiotics ok yeah thank
RES0060	isolation	PROCEDURE	1	<DELETED>	we do encourage isolation for 14 days
RES0060	prescribe	PROCEDURE	1	<DELETED>	case we can prescribe antibiotics ok yeah
RES0060	wheezing	SYMPTOM	1	wheeze okay	havent noticed any wheezing ok how about
RES0060	inguinal	ANATOMY	1	a inglinal	i had an inguinal hernia repaired about
RES0060	negative	LAB_RESULT	1	<DELETED>	coviswab comes back negative sometimes it can
RES0060	symptoms	SYMPTOM	1	<DELETED>	youre having these symptoms and these symptoms
RES0060	symptoms	SYMPTOM	1	<DELETED>	symptoms and these symptoms are common in
RES0060	positive	FINDING	1	<DELETED>	swab comes back positive we will also
RES0060	symptoms	SYMPTOM	1	<DELETED>	sick or your symptoms change we can
RES0060	isolate	DRUG	1	<DELETED>	ask that you isolate for 14 days
RES0060	hearts	ANATOMY	1	heart's	feel like your hearts racing no i
RES0060	notify	PROCEDURE	1	<DELETED>	we will also notify public health so
RES0060	likely	FINDING	1	<DELETED>	not coviit could likely be another upper
RES0060	change	PROCEDURE	1	<DELETED>	or your symptoms change we can reassess
RES0060	cough	DRUG	1	last several days okay for like four	ive had a cough these last several
RES0060	back	ANATOMY	1	<DELETED>	that should come back in a day
RES0060	back	ANATOMY	1	<DELETED>	the coviswab comes back negative sometimes it
RES0060	swab	PROCEDURE	1	<DELETED>	days if the swab comes back positive
RES0060	back	ANATOMY	1	<DELETED>	the swab comes back positive we will
RES0060	sick	SYMPTOM	1	<DELETED>	if youre still sick or your symptoms
RES0060	dok	DRUG	1	okay okay	relatively stable still dok we can review
RES0060	top	PROCEDURE	1	<DELETED>	know thats the top on my list
RES0060	flu	CONDITION	1	<DELETED>	viruses or the flu you know so
RES0060	infection	CONDITION	1	<DELETED>	not a bacterial infection or bacterial pneumonia
RES0060	several days	FINDING	2	last several days okay for like four	cough these last several days yeah today is
RES0061	problem swallowing	SYMPTOM	2	problems	oh yeah no problem swallowing just havent felt
RES0061	nausea vomiting	SYMPTOM	2	neurological longing	your complaints of nausea vomiting loss of appetite
RES0061	amlodipine	DRUG	1	lotipine	a statin and amlodipine i think dok
RES0061	usually	FINDING	1	they're	uhh yeah usually usually kind of like
RES0061	heaving	SYMPTOM	1	i'm like um like heating	with when im heaving right um are
RES0061	vomit	SYMPTOM	1	vlog	like after i vomit it kind of
RES0061	swab	PROCEDURE	1	swap	to do a swab for you and
RES0061	swab	PROCEDURE	1	swap	even if the swab comes back negative
RES0061	pno	ANATOMY	1	no	in your stool pno blood i havent
RES0061	red	FINDING	1	yet okay	havent seen any red ok and how
RES0061	ill	SYMPTOM	1	i'll	water or something ill kind of get
RES0061	dok	DRUG	1	okay okay	amlodipine i think dok ok good its
RES0061	ill	SYMPTOM	1	i'll	ok alright so ill go back to
RES0061	dok	DRUG	1	no okay	no i dont dok how about marijuana
RES0061	liquidy	PROCEDURE	1	liquid it's haven't	yellow and umm liquidy beacuse i havent
RES0061	weights	SYMPTOM	1	weight's	recently no my weights been uh about
RES0062	inguinal hernia repair	PROCEDURE	3	<DELETED>	i had an inguinal hernia repair about 15 years
RES0062	short of breath	SYMPTOM	3	breath a bit of	when im really short of breath yeah wheezing yeah
RES0062	zoster vaccine	DRUG	2	zostavax	ive received the zoster vaccine for shingles and
RES0062	long term care	PROCEDURE	3	long-term	mother at a long term care facility just this
RES0062	long term care	PROCEDURE	3	the long-term	covioutbreaks at the long term care yeah there has
RES0062	metoprolol	DRUG	1	all	i do take metoprolol for that ok
RES0062	memory ok	FINDING	2	<UNKNOWN>	concerns with my memory ok and how about
RES0062	hearts	ANATOMY	1	heart's	feel like your hearts racing no nothing
RES0062	throat	ANATOMY	1	throat's	throat no my throat felt ok ok
RES0062	sleep	DRUG	1	the r sweep	like they are sleep aids or even
RES0062	sleep	DRUG	1	speed	help regulate your sleep so we can
RES0062	dok	DRUG	1	okay	good yeah certainly dok great and ok
RES0062	ill	SYMPTOM	1	i'll	smoke it but ill use some edibles
RES0063	muscle aches	SYMPTOM	2	<UNKNOWN>	ok and the muscle aches started two days
RES0063	definitely	FINDING	1	<DELETED>	vaccine so its definitely something to consider
RES0063	pneumovax	DRUG	1	pneumovacs	for shingles and pneumovax for pneumococcal infections
RES0063	wheezing	SYMPTOM	1	wheeziness	of breath or wheezing no no shortness
RES0063	ramipril	DRUG	1	ramapril okay yep	medication called the ramipril ok yeah and
RES0063	vitamins	DRUG	1	multivitamins i	vitamin and multi vitamins those are some
RES0063	shingrix	DRUG	1	shingrex	a vaccine called shingrix for shingles and
RES0063	contacts	PROCEDURE	1	contacts at all	no no sick contacts that i know
RES0063	symptoms	SYMPTOM	1	<DELETED>	the flu your symptoms wont be as
RES0063	crestor	DRUG	1	crester	this medication called crestor yeah yeah but
RES0063	vaccine	DRUG	1	<DELETED>	you have the vaccine so its definitely
RES0063	hearts	ANATOMY	1	heart's	feeling like your hearts racing no no
RES0063	sick	SYMPTOM	1	contacts at all	recently no no sick contacts that i
RES0063	run	FINDING	1	were	heart conditions that run in the family
RES0063	20s	ANATOMY	1	twenties	probably in my 20s to late 40s
RES0063	ill	SYMPTOM	1	i'll	those vaccines but ill do that from
RES0063	flu	CONDITION	1	<DELETED>	you get the flu your symptoms wont
RES0064	diabetes type 2	CONDITION	3	<UNKNOWN>	with type 2 diabetes type 2 ok and then
RES0064	strep throat	CONDITION	2	strap	the criteria for strep throat so just to
RES0064	strep throat	CONDITION	2	any	the boxes for strep throat we will give
RES0064	antibiotics	DRUG	1	<DELETED>	prescribe him some antibiotics but we will
RES0064	definitely	FINDING	1	<DELETED>	maybe even five definitely over four we
RES0064	headaches	SYMPTOM	1	headache's	ok so the headaches gone completely now
RES0064	prescribe	PROCEDURE	1	should find	four we can prescribe him some antibiotics
RES0064	positive	FINDING	1	and make sure	it comes back positive and i guess
RES0064	positive	FINDING	1	<DELETED>	if it isnt positive because he checked
RES0064	symptoms	SYMPTOM	1	<DELETED>	that if his symptoms dont go away
RES0064	symptoms	SYMPTOM	1	<DELETED>	two because his symptoms also overlap with
RES0064	tylenol	DRUG	1	talanol	try uh like tylenol cold it helped
RES0064	overlap	PROCEDURE	1	<DELETED>	his symptoms also overlap with coviwe will
RES0064	isolate	DRUG	1	<DELETED>	then you should isolate for 14 days
RES0064	lumps	FINDING	1	<DELETED>	like a few lumps near his neck
RES0064	score	FINDING	1	<DELETED>	does have a score of right now
RES0064	strep	CONDITION	1	<DELETED>	do a rapid strep test first in
RES0064	neck	FINDING	1	<DELETED>	lumps near his neck so i dont
RES0064	lung	CONDITION	1	longer	conditions no no lung or heart conditions
RES0064	back	ANATOMY	1	and make sure	if it comes back positive and i
RES0064	swab	PROCEDURE	1	<DELETED>	will do a swab for that as
RES0064	back	ANATOMY	1	<DELETED>	you should hear back within 24 to
RES0064	30s	ANATOMY	1	um	in his late 30s with type 2
RES0064	penicillin	CONDITION	1	<DELETED>	a prescription for penicillin or amoxicillin for
RES0064	amoxicillin	DRUG	1	<DELETED>	for penicillin or amoxicillin for 10 days
RES0064	energys	FINDING	1	energy's	fatigue or exhaustion energys pretty much the
RES0064	10 days	FINDING	2	<DELETED>	or amoxicillin for 10 days and then you
RES0064	something something	FINDING	2	<UNKNOWN>	if he picked something something up from his
RES0065	crohns disease	CONDITION	2	crohn's	um i have crohns disease and when did
RES0065	crohns disease	CONDITION	2	crohn's	medications for your crohns disease i am on
RES0065	crohns disease	CONDITION	2	crohn's	you have any crohns disease or ulcerative colitis
RES0065	sulfasalazine	DRUG	1	<DELETED>	i think its sulfasalazine or something like
RES0065	isolate	DRUG	1	would all self-isolate	you should self isolate and other than
RES0065	isolate	DRUG	1	<DELETED>	should definitely self isolate if you havent
RES0065	liquid	PROCEDURE	1	liquids	solids sometimes with liquid if its like
RES0066	producing sputum	FINDING	2	seeing	persistent are you producing any sputum um i guess
RES0066	take temperature	PROCEDURE	2	<UNKNOWN>	chance to measure take a temperature at all umm
RES0066	hyperthyroidism	CONDITION	1	hypothirodism	do you have hyperthyroidism yeah sorry i
RES0066	other symptoms	SYMPTOM	2	<UNKNOWN>	you having any other symptoms yeah chills ive
RES0066	yellow sputum	FINDING	2	<UNKNOWN>	ok so just yellow sputum and how much
RES0066	admitted	PROCEDURE	1	with it they're	when you got admitted they are similar
RES0066	admitted	PROCEDURE	1	<DELETED>	since you were admitted as well recently
RES0066	x ray	PROCEDURE	2	<DELETED>	to get an x ray on you just
RES0066	back	ANATOMY	1	<DELETED>	until everything comes back well get some
RES0066	body	ANATOMY	1	<DELETED>	infection in your body and then yeah
RES0066	sit	FINDING	1	<DELETED>	yeah so just sit tight well get
RES0066	espiratory infection	CONDITION	2	<DELETED>	another bacterial r espiratory infection like a pneumonia
RES0066	antibiotic	DRUG	1	antibiotics	switched from iv antibiotic to the oral
RES0066	pneumonia	CONDITION	1	<DELETED>	infection like a pneumonia or it could
RES0066	pneumonia	CONDITION	1	<DELETED>	if theres any pneumonia ok and so
RES0066	infection	CONDITION	1	<DELETED>	if theres any infection in your body
RES0067	antibiotics	DRUG	1	<DELETED>	her the appropriate antibiotics as well and
RES0067	antibiotics	DRUG	1	<DELETED>	be on iv antibiotics in the hospital
RES0067	epiglottis	ANATOMY	1	<DELETED>	swelling of your epiglottis and it can
RES0067	stabilized	FINDING	1	<DELETED>	her breathing get stabilized so she might
RES0067	stabilized	FINDING	1	<DELETED>	make sure shes stabilized in the er
RES0067	worrying	FINDING	1	<DELETED>	may be very worrying right now do
RES0067	throat	ANATOMY	1	<DELETED>	of obstruct your throat its very urgent
RES0067	cough	DRUG	1	cold two	did have a cough 2 weeks ago
RES0067	x ray	PROCEDURE	2	x-ray	might get an x ray of her neck
RES0067	head	ANATOMY	1	<DELETED>	uh you can head over to the
RES0067	ill	SYMPTOM	1	i'll	really sick so ill give you that
RES0067	ill	SYMPTOM	1	i'll	the emergency department ill give them a
RES0067	ill	SYMPTOM	1	<DELETED>	sounds good so ill give them a
RES0068	anti histamines	DRUG	2	antihistamines	you tried any anti histamines no i havent
RES0068	temperature	PROCEDURE	1	<DELETED>	you measured your temperature i havent i
RES0068	antibiotics	DRUG	1	<DELETED>	give you some antibiotics so amoxicillin and
RES0068	high fever	FINDING	2	<DELETED>	havent had any high fever or anything like
RES0068	symptoms	SYMPTOM	1	<DELETED>	youre having these symptoms right and you
RES0068	feel hot	FINDING	2	<DELETED>	ok i dont feel hot though ok since
RES0068	sinus	DRUG	1	issue like there's sinuses	issues theres a sinus behind your face
RES0068	ill	SYMPTOM	1	<DELETED>	like marijuana um ill smoke a joint
RES0068	antihistamines	DRUG	1	you today	ok so no antihistamines it seems most
RES0068	amoxicillin	DRUG	1	<DELETED>	give you some amoxicillin sure so its
RES0068	amoxicillin	DRUG	1	<DELETED>	some antibiotics so amoxicillin and then well
RES0069	living situation	FINDING	2	<DELETED>	bit about your living situation sure yeah i
RES0069	not feeling well	SYMPTOM	3	<DELETED>	sore throat and not feeling well with the muscle
RES0069	muscle aches	SYMPTOM	2	<DELETED>	well with the muscle aches and fatigue uhm
RES0069	constipated	SYMPTOM	1	constituted	uhm im often constipated but nothing new
RES0069	sore throat	CONDITION	2	<DELETED>	having a fever sore throat and not feeling
RES0069	common cold	CONDITION	2	<DELETED>	something like the common cold that youve experienced
RES0069	migraines	CONDITION	1	migraine okay	before i have migraines ok and are
RES0069	possible	FINDING	1	<DELETED>	its its certainly possible it will be
RES0069	symptoms	SYMPTOM	1	<DELETED>	sure although the symptoms that youre experiencing
RES0069	fatigue	SYMPTOM	1	<DELETED>	muscle aches and fatigue uhm its relatively
RES0069	either	FINDING	1	<DELETED>	rule that out either at this time
RES0069	advil	DRUG	1	atmil	just take like advil whenever my headaches
RES0069	fever	FINDING	1	<DELETED>	or having a fever sore throat and
RES0069	else	FINDING	1	<DELETED>	was there anything else that you wanted
RES0069	and problems	FINDING	2	<DELETED>	breakfast this morning and no problems there ok uh
RES0069	heartss	ANATOMY	1	heart's	as though your heartss been racing at
RES0070	polymyalgia rheumatica	CONDITION	2	polymyalgae	i also have polymyalgia rheumatica ok are you
RES0070	fever or chills	SYMPTOM	3	<DELETED>	you have a fever or chills no not really
RES0070	physical exam	FINDING	2	<DELETED>	go through a physical exam and get some
RES0070	muscle aches	SYMPTOM	2	<DELETED>	little bit of muscle aches and fatigue over
RES0070	sore throat	CONDITION	2	<DELETED>	also had a sore throat a cough shortness
RES0070	migraines	CONDITION	1	<DELETED>	different than your migraines but youve also
RES0070	symptoms	SYMPTOM	1	<DELETED>	uhm so the symptoms youve been experiencing
RES0070	headache	SYMPTOM	1	<DELETED>	youve had a headache thats been the
RES0070	thunder	DRUG	1	thunderclap	it like a thunder clap kind of
RES0070	fatigue	SYMPTOM	1	<DELETED>	muscle aches and fatigue over these last
RES0070	advil	DRUG	1	athel	took tylenol and advil but i guess
RES0070	cough	DRUG	1	<DELETED>	sore throat a cough shortness of breath
RES0070	clap	CONDITION	1	<DELETED>	like a thunder clap kind of worst
RES0070	sick	SYMPTOM	1	<DELETED>	think they were sick at the time
RES0070	else	FINDING	1	<DELETED>	is there anything else no no i
RES0070	talked	CONDITION	1	<DELETED>	i havent really talked to them after
RES0070	couple	FINDING	1	<DELETED>	these these last couple of days which
RES0070	couple	FINDING	1	<DELETED>	over these last couple of days yeah
RES0071	tinged	DRUG	1	tinge	or any blood tinged sputum uh no
RES0071	x rays	PROCEDURE	2	x-rays we'll	blood work or x rays well let you
RES0071	head	ANATOMY	1	like heads	sensation and my head is just really
RES0071	coughingi	SYMPTOM	1	i can	how much im coughingi kind of feel
RES0072	other symptoms	SYMPTOM	2	<DELETED>	since youre having other symptoms as well just
RES0072	strep throat	CONDITION	2	<DELETED>	a testing for strep throat it seems that
RES0072	strep throat	CONDITION	2	<DELETED>	as well as strep throat and then well
RES0072	sore throat	CONDITION	2	one though i	symptoms besides the sore throat yeah ive been
RES0072	temperature	PROCEDURE	1	<DELETED>	well take your temperature as well and
RES0072	antibiotics	DRUG	1	<DELETED>	give you some antibiotics as well to
RES0072	definitely	FINDING	1	<DELETED>	symptoms we will definitely do a testing
RES0072	your age	FINDING	2	<DELETED>	seems that from your age and some of
RES0072	symptoms	SYMPTOM	1	<DELETED>	some of your symptoms we will definitely
RES0072	symptoms	SYMPTOM	1	<DELETED>	some of those symptoms so yeah just
RES0072	vomited	SYMPTOM	1	volunteered	nauseous and i vomited a couple of
RES0072	weight	SYMPTOM	1	weight's	month no my weight has been the
RES0072	cold	PROCEDURE	1	uh	have tried just cold drinks ok and
RES0072	swab	PROCEDURE	1	<DELETED>	well get the swab done for you
RES0072	couple	FINDING	1	<DELETED>	over the last couple of days ok
RES0073	multivitamins	DRUG	1	vitamins okay	that i take multivitamins ok and do
RES0073	energy	FINDING	1	energy's	dont think my energy has been affected
RES0073	recent hospitalizations	FINDING	2	for	i see any recent hospitalizations no hospitalizations any
RES0074	ramipril	DRUG	1	ramapro okay um	this medication called ramipril ok uhm and
RES0074	2 times	FINDING	2	two	go 1 or 2 times a day but
RES0074	crestor	DRUG	1	crester	this medication called crestor for the high
RES0074	weight	SYMPTOM	1	weight's	months no my weight has been around
RES0075	sexually transmitted infection	CONDITION	3	<DELETED>	you had a sexually transmitted infection before no never
RES0075	chest xray	PROCEDURE	2	<UNKNOWN>	and do a chest xray as well to
RES0075	weight	SYMPTOM	1	weight's	several months yeah weight has been stable
RES0075	heart	CONDITION	1	heart's	feel like your heart is like racing
RES0075	run	FINDING	1	on	any cancers that run in the family
RES0076	chills fevers	SYMPTOM	2	<UNKNOWN>	headaches fevers or chills no no fevers or chills and
RES0076	multivitamins multi	DRUG	2	well multivitamin multivitamins okay	a daily basis multivitamins multi vitamins ok any
RES0076	nausea or vomiting	FINDING	3	<DELETED>	smell no any nausea or vomiting uhm yeah i
RES0076	history of smoking	FINDING	3	<DELETED>	and a long history of smoking as well is
RES0076	bloody sputum	SYMPTOM	2	<DELETED>	still producing the bloody sputum yeah thats been
RES0076	lung cancer	CONDITION	2	<DELETED>	as well is lung cancer so yeah we
RES0076	runny nose	SYMPTOM	2	or any	viral symptoms like runny nose fever or any
RES0076	chest xray	PROCEDURE	2	<UNKNOWN>	will get a chest xray for you and
RES0076	chest xray	PROCEDURE	2	<DELETED>	will do a chest xray get some cytology
RES0076	one thing	FINDING	2	<DELETED>	any presence the one thing that we are
RES0076	vitamins	DRUG	1	well multivitamin multivitamins okay	basis multivitamins multi vitamins ok any allergies
RES0076	symptoms	SYMPTOM	1	<DELETED>	some of my symptoms like my cough
RES0076	presence	FINDING	1	<DELETED>	there is any presence the one thing
RES0076	symptoms	SYMPTOM	1	<DELETED>	some of your symptoms and a long
RES0076	cytology	PROCEDURE	1	<DELETED>	xray get some cytology done as well
RES0076	related	FINDING	1	really into	thought it was related to smoking but
RES0076	weight	SYMPTOM	1	<DELETED>	and how much weight would you say
RES0076	biopsy	FINDING	1	<DELETED>	maybe do a biopsy but right now
RES0076	cold	PROCEDURE	1	cold-like	fever or any cold like symptoms no
RES0076	ill	SYMPTOM	1	<DELETED>	drink alcohol well ill have one or
RES0077	nausea or vomiting	FINDING	3	<UNKNOWN>	you having any nausea or vomiting no i havent
RES0077	runny nose	SYMPTOM	2	<DELETED>	symptoms like a runny nose sore throat anything
RES0077	isolate	DRUG	1	<DELETED>	is to self isolate even in your
RES0077	isolate	DRUG	1	<DELETED>	health and self isolate for 14 days
RES0077	coughs	SYMPTOM	1	cough's	as well the coughs been getting worse
RES0077	ill	SYMPTOM	1	i'll	in the springtime ill get itchy eyes
RES0077	ill	SYMPTOM	1	i'll	you drink alcohol ill have some wine
RES0078	other medication	DRUG	2	<UNKNOWN>	medications or any other medication that youre on
RES0078	amlodipine	DRUG	1	amylotipine	and i take amlodipine for that ok
RES0078	overtime	DRUG	1	over time it's	gotten any worse overtime uh its been
RES0078	overtime	DRUG	1	time	pain gotten worse overtime no that pain
RES0078	throats	ANATOMY	1	throat's	problem and your throats been a little
RES0078	back	ANATOMY	1	talk	and ill go back to my attending
RES0078	ill	SYMPTOM	1	i'll	marijuana i mean ill have a joint
RES0078	ill	SYMPTOM	1	i'll	of days and ill go back to
RES0079	three or four days	FINDING	4	<UNKNOWN>	for the past three or four days and you also
RES0079	temperature	PROCEDURE	1	<DELETED>	well check your temperature here as well
RES0079	medications	DRUG	1	<DELETED>	you taken any medications that has helped
RES0079	citalopram	DRUG	1	acytilocram	uh an ssri citalopram as well ok
RES0079	possible	FINDING	1	<DELETED>	that well its possible that you just
RES0079	symptoms	SYMPTOM	1	<DELETED>	you with your symptoms uh no i
RES0079	running	FINDING	1	runny	just kind of running and yeah i
RES0079	helped	FINDING	1	<DELETED>	medications that has helped you with your
RES0079	back	ANATOMY	1	<DELETED>	and well come back and discuss this
RES0079	ocs	CONDITION	1	ocl	guess government store ocs i see ok
RES0079	ill	SYMPTOM	1	<DELETED>	well thank you ill go talk to
RES0080	knee replacement	PROCEDURE	2	new	i had a knee replacement ok and uh
RES0080	short of breath	SYMPTOM	3	<DELETED>	bit more more short of breath which sounds like
RES0080	sputum culture	PROCEDURE	2	<DELETED>	and do a sputum culture and possibly start
RES0080	inflammation	CONDITION	1	<DELETED>	help with the inflammation in the airways
RES0080	blood gases	FINDING	2	<DELETED>	chest xray some blood gases and do a
RES0080	antibiotics	DRUG	1	<DELETED>	and possibly start antibiotics but depending on
RES0080	chest xray	PROCEDURE	2	<DELETED>	well order a chest xray some blood gases
RES0080	worsening	FINDING	1	<DELETED>	youve been experiencing worsening sputum production that
RES0080	symptoms	SYMPTOM	1	<DELETED>	how are your symptoms feeling now when
RES0080	catching	SYMPTOM	1	and	were worried about catching covid so we
RES0080	possibly	FINDING	1	<DELETED>	sputum culture and possibly start antibiotics but
RES0080	steroid	DRUG	1	<DELETED>	well as inhaled steroid to help with
RES0080	not not need	FINDING	3	<DELETED>	severity we may not not need to just yet
RES0081	asthma exacerbation	FINDING	2	<DELETED>	could be an asthma exacerbation and so we
RES0081	exposure to dust	FINDING	3	<UNKNOWN>	was there any exposure to dust or smoke or
RES0081	other therapies	PROCEDURE	2	<DELETED>	and possibly some other therapies thank you so
RES0081	joint pains	SYMPTOM	2	joints	muscle aches or joint pains uh hes just
RES0081	medications	DRUG	1	<DELETED>	trial some inhaler medications a little bit
RES0081	antibiotics	DRUG	1	<DELETED>	for potential uh antibiotics and also steroid
RES0081	schooling	FINDING	1	homeschooling i'm	do some home schooling im a homemaker
RES0081	ventolin	DRUG	1	<DELETED>	but also using ventolin as well and
RES0081	wheezing	SYMPTOM	1	<DELETED>	hear that the wheezing is getting worse
RES0081	possibly	FINDING	1	<DELETED>	some oxygen and possibly some other therapies
RES0081	symptom	SYMPTOM	1	symptoms	him so what symptom is he experiencing
RES0081	steroid	DRUG	1	<DELETED>	antibiotics and also steroid if necessary and
RES0081	either	FINDING	1	there's	home been sick either his brother yourself
RES0081	doc	DRUG	1	dog	no no the doc was pretty happy
RES0081	add	CONDITION	1	<DELETED>	well need to add on some oxygen
RES0081	doc	DRUG	1	<DELETED>	you so much doc alright thank you
RES0081	2 years	FINDING	2	<DELETED>	brother who is 2 years older and hes
RES0082	difficulties swallowing	CONDITION	2	difficulty	you have any difficulties swallowing uh yeah it
RES0082	environmental allergies	CONDITION	2	rental	you have any environmental allergies at all uhm
RES0082	something else	FINDING	2	<DELETED>	or if theres something else thats going on
RES0082	physical exam	FINDING	2	<DELETED>	well do a physical exam and then chat
RES0082	difficulties	FINDING	1	<DELETED>	dont have any difficulties breathing do you
RES0082	chat	DRUG	1	<DELETED>	exam and then chat a little bit
RES0082	infection	CONDITION	1	<DELETED>	maybe a bacterial infection or if theres
RES0083	multi vitamin	DRUG	2	multivitamin	and uh a multi vitamin and do you
RES0083	tylenol	DRUG	1	thylenol	your symptoms take tylenol it sounds like
RES0083	tylenol	DRUG	1	thylanol	it sounds like tylenol has been helping
RES0083	tylenol	DRUG	1	thyl	continue to take tylenol get lots of
RES0083	hearts	ANATOMY	1	heart's	feel like your hearts racing no any
RES0083	coughs	SYMPTOM	1	cough	worse or your coughs getting worse for
RES0083	run	FINDING	1	<DELETED>	medical conditions that run in your family
RES0083	ill	SYMPTOM	1	i'll	consume alcohol yeah ill have three or
RES0084	hearts	ANATOMY	1	heart's	feeling like your hearts racing no nothing
RES0084	advil	DRUG	1	addil	it took some advil as well it
RES0085	hydration	FINDING	1	<DELETED>	oxygen and iv hydration hell need to
RES0085	distress	FINDING	1	<DELETED>	is in any distress and if he
RES0085	symptoms	SYMPTOM	1	<DELETED>	well because his symptoms are in line
RES0085	worries	FINDING	1	<DELETED>	much yeah no worries
RES0085	rashes	SYMPTOM	1	<DELETED>	you noticed any rashes on him no
RES0085	fever	FINDING	1	favorite	you mentioned his fever was 38 correct
RES0085	swab	PROCEDURE	1	<DELETED>	do a covid swab on him as
RES0085	ups	CONDITION	1	<DELETED>	having some spit ups as well theyre
RES0085	ups	CONDITION	1	<DELETED>	theyre just spit ups like but nothing
RES0085	and longstanding	CONDITION	2	<UNKNOWN>	fine after birth and no longstanding medical conditions after
RES0086	taste changes	FINDING	2	<UNKNOWN>	changes in your taste no changes in smell no
RES0086	fainting spells	SYMPTOM	2	<UNKNOWN>	any dizziness or fainting spells no any headaches
RES0086	nausea vomiting	SYMPTOM	2	major	reflux heartburn no nausea vomiting no changes to
RES0086	stuffy nose	SYMPTOM	2	stuffing	no no changes stuffy nose runny nose changes
RES0086	runny nose	SYMPTOM	2	running	changes stuffy nose runny nose changes in your
RES0086	chest xray	PROCEDURE	2	<UNKNOWN>	maybe get a chest xray as well for
RES0086	wheezing	SYMPTOM	1	wheeziness	of breath and wheezing eventually resolve yeah
RES0086	cromolyn	DRUG	1	<DELETED>	try something called cromolyn instead but well
RES0086	symptoms	SYMPTOM	1	<DELETED>	to get your symptoms under control so
RES0086	steroid	DRUG	1	<DELETED>	an inhaled cortico steroid so actually you
RES0086	steroid	DRUG	1	<DELETED>	an inhaled cortico steroid and a short
RES0086	steroid	DRUG	1	<DELETED>	use both the steroid and the long
RES0086	steroid	DRUG	1	<DELETED>	as inhaled cortico steroid and if we
RES0086	control	DRUG	1	<DELETED>	your symptoms under control so well start
RES0086	steroid	DRUG	1	<DELETED>	the inhaled cortico steroid how does that
RES0086	hearts	ANATOMY	1	heart's	feel like your hearts racing no no
RES0086	asthma	CONDITION	1	<DELETED>	find that your asthma is just based
RES0086	asthma	CONDITION	1	<DELETED>	something called athletic asthma we can also
RES0086	lung	CONDITION	1	<DELETED>	family history of lung conditions or heart
RES0086	15 minutes	PROCEDURE	2	fifteen	say 10 to 15 minutes ok ok until
RES0086	agonist	DRUG	1	<DELETED>	short acting beta agonist because you cant
RES0086	instead	DRUG	1	<DELETED>	something called cromolyn instead but well discuss
RES0086	problem	PROCEDURE	1	<DELETED>	much yeah no problem
RES0086	cortico	DRUG	1	<DELETED>	as an inhaled cortico steroid so actually
RES0086	cortico	DRUG	1	<DELETED>	you an inhaled cortico steroid and a
RES0086	cortico	DRUG	1	<DELETED>	well as inhaled cortico steroid and if
RES0086	cortico	DRUG	1	<DELETED>	as the inhaled cortico steroid how does
RES0087	bulging tympanic membrane	FINDING	3	<DELETED>	ear effusion or bulging tympanic membrane again well give
RES0087	reactions to penicillins	FINDING	3	<DELETED>	he has bad reactions to penicillins we can give
RES0087	middle ear effusion	CONDITION	3	<DELETED>	has like a middle ear effusion or bulging tympanic
RES0087	middle ear effusion	CONDITION	3	<DELETED>	he has some middle ear effusion but no systemic
RES0087	tympanic membrane	ANATOMY	2	<DELETED>	uhm if his tympanic membrane has been perforated
RES0087	systemic symptoms	SYMPTOM	2	<DELETED>	to have any systemic symptoms so if he
RES0087	systemic symptoms	SYMPTOM	2	<DELETED>	if he has systemic symptoms like fever which
RES0087	tympanic membrane	ANATOMY	2	<DELETED>	but if his tympanic membrane is just bulging
RES0087	systemic symptoms	SYMPTOM	2	<DELETED>	effusion but no systemic symptoms like no fevers
RES0087	antibiotics	DRUG	1	<DELETED>	10 days of antibiotics we can give
RES0087	antibiotics	DRUG	1	<DELETED>	well give him antibiotics for 10 days
RES0087	antibiotics	DRUG	1	<DELETED>	will prescribe him antibiotics how does that
RES0087	perforated	FINDING	1	<DELETED>	membrane has been perforated or i see
RES0087	cefuroxime	DRUG	1	<DELETED>	can give him cefuroxime and then if
RES0087	prescribe	PROCEDURE	1	<DELETED>	in there well prescribe him like 10
RES0087	prescribe	PROCEDURE	1	<DELETED>	not again will prescribe him antibiotics how
RES0087	bulging	FINDING	1	<DELETED>	membrane is just bulging a little bit
RES0087	worries	FINDING	1	<DELETED>	ok yeah no worries
RES0087	either	FINDING	1	<DELETED>	can give him either amoxicillin or if
RES0087	fevers	SYMPTOM	1	<DELETED>	symptoms like no fevers and he seems
RES0087	fever	FINDING	1	<DELETED>	systemic symptoms like fever which well check
RES0087	lung	CONDITION	1	longer	heart conditions no lung or heart conditions
RES0087	ill	SYMPTOM	1	<DELETED>	like been really ill and he has
RES0087	amoxicillin	DRUG	1	<DELETED>	give him either amoxicillin or if he
RES0087	10 days	FINDING	2	<DELETED>	prescribe him like 10 days of antibiotics we
RES0087	10 days	FINDING	2	<DELETED>	him antibiotics for 10 days but if his
RES0088	examination	PROCEDURE	1	<DELETED>	do a full examination and then go
RES0088	wheezing	SYMPTOM	1	wheeeezing	shortness of breath wheezing chest pain or
RES0088	vitamins	DRUG	1	multivitamins okay	just takes multi vitamins ok and currently
RES0088	sick	SYMPTOM	1	<DELETED>	any contacts with sick people recently ok
RES0089	coughing up blood	SYMPTOM	3	<UNKNOWN>	kind of uh coughing up blood or blood tinged
RES0089	short of breath	SYMPTOM	3	shorter	kind of feel short of breath all the time
RES0089	spironolactone	DRUG	1	spranolactone um i'm	im on uh spironolactone uhm im on
RES0089	spironolactone	DRUG	1	sparonolactone	been taking your spironolactone yeah ive been
RES0089	medications	DRUG	1	<DELETED>	to adjust your medications while youre here
RES0089	chest xray	PROCEDURE	2	<UNKNOWN>	well do a chest xray well get some
RES0089	ventolin	DRUG	1	<DELETED>	you some uh ventolin as well while
RES0089	swelling	CONDITION	1	<DELETED>	some of that swelling goes down if
RES0089	tinged	DRUG	1	<DELETED>	blood or blood tinged sputum at all
RES0089	joint	FINDING	1	going to get it	that sells the joint yeah i get
RES0089	palm	ANATOMY	1	okay all right	inside of my palm ok alright and
RES0089	back	ANATOMY	1	<DELETED>	just ill get back to you well
RES0089	chf	CONDITION	1	vhf	diagnosed me with chf i see ok
RES0089	cop	DRUG	1	and	a history of cop chf we definitely
RES0089	ill	SYMPTOM	1	<DELETED>	yeah lets just ill get back to
RES0089	agonist	DRUG	1	agonisting	long acting beta agonist and i guess
RES0090	coughing up blood	SYMPTOM	3	<UNKNOWN>	concerning especially the coughing up blood which is something
RES0090	chest xray	PROCEDURE	2	<UNKNOWN>	also do a chest xray to see if
RES0091	medications	DRUG	1	<DELETED>	over the counter medications like tylenol cold
RES0091	hydrating	DRUG	1	<DELETED>	some rest youre hydrating well uhm you
RES0091	symptoms	SYMPTOM	1	<DELETED>	one of the symptoms thats for covid
RES0091	tylenol	DRUG	1	<DELETED>	counter medications like tylenol cold for example
RES0091	worried	FINDING	1	<DELETED>	nothing to be worried about until you
RES0091	likely	FINDING	1	<DELETED>	case but most likely its nothing to
RES0091	cold	PROCEDURE	1	<DELETED>	be having a cold which can be
RES0091	cold	PROCEDURE	1	<DELETED>	medications like tylenol cold for example but
RES0091	swab	PROCEDURE	1	<DELETED>	get a covid swab just in case
RES0091	ill	SYMPTOM	1	i'll	in a while ill have like a
RES0091	infection	CONDITION	1	<DELETED>	a viral uh infection but it should
RES0091	isolated	DRUG	1	<DELETED>	would recommend staying isolated and then we
RES0091	decongestion	CONDITION	1	decongestions	using some nasal decongestion but i dont
RES0092	no palpitations	FINDING	2	no hmm	chest pain p no any palpitations do you feel
RES0092	physical exam	FINDING	2	<DELETED>	also do a physical exam and and see
RES0092	inflammation	CONDITION	1	<DELETED>	an infection or inflammation of the uhm
RES0092	definitely	FINDING	1	<DELETED>	can you can definitely we can do
RES0092	vitamins	DRUG	1	<DELETED>	pills or multi vitamins etc yeah im
RES0092	residual	CONDITION	1	<DELETED>	just have this residual cough thats still
RES0092	symptoms	SYMPTOM	1	<DELETED>	you have those symptoms come back again
RES0092	related	FINDING	1	<DELETED>	have any lungs related diseases right like
RES0092	worried	FINDING	1	<DELETED>	and youre just worried about it but
RES0092	fevers	SYMPTOM	1	anything worse	you had any fevers or chills not
RES0092	hearts	ANATOMY	1	heart's	feel like your hearts racing uhm no
RES0092	lungs	ANATOMY	1	lung-related	dont have any lungs related diseases right
RES0092	cough	DRUG	1	<DELETED>	have this residual cough thats still there
RES0092	times	CONDITION	1	<DELETED>	other symptoms often times when we get
RES0092	cough	DRUG	1	<DELETED>	can get a cough that lasts a
RES0092	cough	DRUG	1	<DELETED>	weeks for the cough to go away
RES0092	fever	FINDING	1	<DELETED>	you develop a fever we can you
RES0092	else	FINDING	1	other	last week what else what other symptoms
RES0092	cold	PROCEDURE	1	<DELETED>	you had a cold last week and
RES0092	sick	SYMPTOM	1	<DELETED>	when we get sick or we have
RES0092	back	ANATOMY	1	<DELETED>	those symptoms come back again or you
RES0092	run	FINDING	1	<DELETED>	lung conditions that run in the family
RES0092	ill	SYMPTOM	1	<DELETED>	more about that ill also do a
RES0092	infection	CONDITION	1	<DELETED>	we have an infection or inflammation of
RES0092	couple	FINDING	1	<DELETED>	take you a couple more weeks for
RES0093	viral pneumonia	CONDITION	2	<UNKNOWN>	also be a viral pneumonia or a viral
RES0093	physical exam	FINDING	2	<DELETED>	also do a physical exam just to give
RES0093	pantoprazole	DRUG	1	pantoprazol okay	i think like pantoprazole ok and uh
RES0093	acid reflux	CONDITION	2	<UNKNOWN>	curbed the the acid reflux you still get
RES0093	antibiotics	DRUG	1	<DELETED>	likely start some antibiotics have you recently
RES0093	antibiotics	DRUG	1	<DELETED>	been on any antibiotics no i havent
RES0093	controlled	FINDING	1	connected	your gerd been controlled uh it kind
RES0093	chest xray	PROCEDURE	2	<DELETED>	well get a chest xray done well have
RES0093	bad taste	FINDING	2	<DELETED>	with the uhm bad taste in my mouth
RES0093	nauseous	SYMPTOM	1	noxious	felt a little nauseous with the uhm
RES0093	correct	DRUG	1	<DELETED>	allergies to any correct correct alright ok
RES0093	correct	DRUG	1	<DELETED>	to any correct correct alright ok well
RES0093	hearts	ANATOMY	1	heart's	feel like your hearts racing uh yeah
RES0093	hearts	ANATOMY	1	heart's	mail and your hearts been racing its
RES0093	likely	FINDING	1	<DELETED>	well and well likely start some antibiotics
RES0093	chest	FINDING	1	<DELETED>	infection in your chest well get a
RES0093	lungs	ANATOMY	1	<DELETED>	your to your lungs and see how
RES0093	pass	FINDING	1	back	and did you pass out yeah i
RES0093	labs	LAB_RESULT	1	<DELETED>	well have some labs done as well
RES0093	ill	SYMPTOM	1	i'll	i mean sometimes ill get a little
RES0093	ppi	DRUG	1	bpi hasn't	foods so the ppi hasnt completely curbed
RES0093	ill	SYMPTOM	1	<DELETED>	house i do ill use a cane
RES0093	infection	CONDITION	1	<DELETED>	or a viral infection in your chest
RES0093	right p	ANATOMY	2	<UNKNOWN>	to you before right p no i usually
RES0094	urinary symptoms	SYMPTOM	2	<DELETED>	your urinary any urinary symptoms no nothing like
RES0094	physical exam	FINDING	2	<DELETED>	well do a physical exam see just listen
RES0094	sore throat	CONDITION	2	<DELETED>	you have a sore throat and runny nose
RES0094	temperature	PROCEDURE	1	<DELETED>	and check your temperature and go from
RES0094	runny nose	SYMPTOM	2	i have was	uh had a runny nose over the last
RES0094	runny nose	SYMPTOM	2	<DELETED>	sore throat and runny nose youve been a
RES0094	definitely	FINDING	1	<DELETED>	can you can definitely come back ok
RES0094	reactine	DRUG	1	reactin	ill use like reactine or claritin sometimes
RES0094	classes	PROCEDURE	1	<DELETED>	weve been doing classes virtually and any
RES0094	fevers	SYMPTOM	1	any um um fever's	ok uhm any fevers or chills no
RES0094	drowsy	FINDING	1	<DELETED>	a little bit drowsy had some headaches
RES0094	chest	FINDING	1	<DELETED>	listen to your chest have a look
RES0094	mouth	ANATOMY	1	<DELETED>	look inside your mouth and check your
RES0094	meds	CONDITION	1	nuts	did the cold meds help yeah it
RES0094	sick	SYMPTOM	1	<DELETED>	think might be sick no ok alright
RES0094	swab	PROCEDURE	1	<DELETED>	get a covid swab done just in
RES0094	back	ANATOMY	1	<DELETED>	can definitely come back ok great thank
RES0094	ill	SYMPTOM	1	<DELETED>	regular basis uh ill use like reactine
RES0094	infection	CONDITION	1	<DELETED>	have a viral infection of some sort
RES0095	ejection fraction	FINDING	2	<DELETED>	the uh last ejection fraction was on your
RES0095	heart failure	CONDITION	2	<DELETED>	have uh heart heart failure and uh had
RES0095	beta blocker	DRUG	2	aspirate invaded	things like aspirin beta blocker ace inhibitor statin
RES0095	chest xray	PROCEDURE	2	<UNKNOWN>	work and a chest xray but it is
RES0095	furosemide	DRUG	1	<DELETED>	water pill now furosemide to try and
RES0095	aspirin	DRUG	1	aspirate invaded	so things like aspirin beta blocker ace
RES0095	weight	SYMPTOM	1	<DELETED>	changes to your weight yep gained five
RES0095	hearts	ANATOMY	1	heart's	as though your hearts racing or beating
RES0095	heart	CONDITION	1	<DELETED>	i have uh heart heart failure and
RES0095	lungs	ANATOMY	1	<DELETED>	accumulated in your lungs and so uh
RES0095	water	PROCEDURE	1	<DELETED>	another type of water pill now furosemide
RES0095	meds	CONDITION	1	magic and	some of my meds i think increased
RES0095	dads	DRUG	1	diet's	of breath my dads the same ok
RES0095	pill	DRUG	1	<DELETED>	type of water pill now furosemide to
RES0095	back	ANATOMY	1	<DELETED>	investigations to come back sure thank you
RES0095	ill	SYMPTOM	1	i'll	the first thing ill speak to your
RES0095	rid	DRUG	1	<DELETED>	and help get rid of some of
RES0095	250 pounds	FINDING	2	i'm two fifteen thanks okay	sure yeah im 250 pounds ok and yeah
RES0095	hospitalization	PROCEDURE	1	hospitalized	after the last hospitalization six months ago
RES0096	heart attack	CONDITION	2	<DELETED>	mom had a heart attack ok and how
RES0096	heart attack	CONDITION	2	<DELETED>	mom survive the heart attack no no she
RES0096	difficulties	FINDING	1	<DELETED>	cough and with difficulties breathing so we
RES0096	lung cancer	CONDITION	2	<DELETED>	dad died of lung cancer he was a
RES0096	lung cancer	CONDITION	2	<DELETED>	uhm and the lung cancer you mention any
RES0096	chest xray	PROCEDURE	2	<DELETED>	a uhm a chest xray and possibly a
RES0096	increased	FINDING	1	<DELETED>	with with the increased cough and with
RES0096	possibly	FINDING	1	<DELETED>	chest xray and possibly a ct image
RES0096	lipitor	DRUG	1	libador	uh i take lipitor ok and i
RES0096	survive	DRUG	1	<DELETED>	did your mom survive the heart attack
RES0096	history	FINDING	1	<DELETED>	ask on on history uhm certainly it
RES0096	smoker	FINDING	1	<DELETED>	was a big smoker as well and
RES0096	heart	CONDITION	1	<DELETED>	family had any heart or lung conditions
RES0096	cough	DRUG	1	<DELETED>	with the increased cough and with difficulties
RES0096	chest	FINDING	1	<DELETED>	image of your chest as well to
RES0096	lungs	ANATOMY	1	<DELETED>	on in your lungs and we might
RES0096	lung	CONDITION	1	<DELETED>	any heart or lung conditions my dad
RES0096	run	FINDING	1	<DELETED>	other cancers that run in the family
RES0096	other cancers	CONDITION	2	<DELETED>	you mention any other cancers that run in
RES0096	conditions	CONDITION	1	<DELETED>	heart or lung conditions my dad died
RES0097	post nasal drip	SYMPTOM	3	post-nasal	i guess the post nasal drip you know with
RES0097	physical exam	FINDING	2	<DELETED>	through through a physical exam check some vitals
RES0097	sulfa drugs	DRUG	2	uh self-blood	to medications uhm sulfa drugs and the reaction
RES0097	runny nose	SYMPTOM	2	ruddy	also had a runny nose what does the
RES0097	hearts	ANATOMY	1	heart's	as though his hearts racing no ok
RES0097	cough	DRUG	1	cough's	sleep yeah his cough is usually worse
RES0097	else	FINDING	1	okay	family no nothing else ok and were
RES0097	couple	FINDING	1	<DELETED>	a couple a couple of layers at
RES0098	asthma exacerbation	FINDING	2	<DELETED>	sounding like an asthma exacerbation and so definitely
RES0098	physical exam	FINDING	2	<DELETED>	to do a physical exam but did you
RES0098	lung cancer	CONDITION	2	<DELETED>	grandfather died of lung cancer but he was
RES0098	definitely	FINDING	1	<DELETED>	exacerbation and so definitely let somebody know
RES0098	diagnosed	PROCEDURE	1	<DELETED>	mom was also diagnosed with asthma when
RES0098	difficult	FINDING	1	<DELETED>	is getting more difficult yep sounds good
RES0098	ventolin	DRUG	1	pendulin	think its called ventolin but i took
RES0098	ventolin	DRUG	1	ventiline	bad and the ventolin like puffers werent
RES0098	sounding	PROCEDURE	1	<DELETED>	cause certainly its sounding like an asthma
RES0098	orange	DRUG	1	office	an like an orange one uh its
RES0098	eczema	CONDITION	1	<DELETED>	also has the eczema that i have
RES0098	asthma	CONDITION	1	<DELETED>	also diagnosed with asthma when she was
RES0098	heart	CONDITION	1	<DELETED>	family have any heart or or lung
RES0098	lung	CONDITION	1	<DELETED>	heart or or lung conditions or any
RES0098	life	PROCEDURE	1	<DELETED>	all throughout his life ok uhm alright
RES0098	else	FINDING	1	<DELETED>	have any thing else that maybe i
RES0098	eye	CONDITION	1	eyes hearing	infectious symptoms like eye tearing or red
RES0098	run	FINDING	1	<DELETED>	any cancers that run in the family
RES0098	conditions	CONDITION	1	<DELETED>	or or lung conditions or any cancers
RES0098	cancers	CONDITION	1	<DELETED>	conditions or any cancers that run in
RES0099	flu like symptoms	SYMPTOM	3	flu-like	you had any flu like symptoms or infectious symptoms
RES0099	no blood	FINDING	2	<UNKNOWN>	come up no no no blood and have you
RES0099	feeling ok	SYMPTOM	2	<UNKNOWN>	general whole body feeling ok uh and in
RES0099	vitamins	DRUG	1	some multivitamins all right	just a multi vitamins alright and do
RES0099	isolate	DRUG	1	<DELETED>	important to self isolate for the next
RES0099	musc	CONDITION	1	<DELETED>	uh no no musc sorry no joint
RES0099	ill	SYMPTOM	1	okay i'll	14 days ok ill do that that
RES0100	monospot test	PROCEDURE	2	a mono-spot	well do the monospot test to check for
RES0100	hearts	ANATOMY	1	heart's	feeling like your hearts racing no ok
RES0100	cancer	CONDITION	1	cancers	no no no cancer is in the
RES0100	pains	SYMPTOM	1	pain	pains no join pains no ok and
RES0100	not not really	FINDING	3	<UNKNOWN>	they painful uhm not not really like when im
RES0100	your partners or or partner	FINDING	5	<UNKNOWN>	little bit about your partners or or partner and i and
RES0101	deep vein thrombosis	CONDITION	3	<DELETED>	family having a deep vein thrombosis or or pe
RES0101	coughing up blood	SYMPTOM	3	<DELETED>	swelling with uhm coughing up blood can be symptoms
RES0101	imaging studies	PROCEDURE	2	<DELETED>	also order some imaging studies with a ctpa
RES0101	physical exam	FINDING	2	<DELETED>	today well do physical exam and ill listen
RES0101	knee surgery	PROCEDURE	2	d	recover after the knee surgery ok and do
RES0101	leg swelling	CONDITION	2	<DELETED>	for it and leg swelling with uhm coughing
RES0101	ramipril	DRUG	1	ramapril	taking medication called ramipril and then for
RES0101	embolism	FINDING	1	<DELETED>	is any pulmonary embolism present because with
RES0101	symptoms	SYMPTOM	1	<DELETED>	blood can be symptoms of this so
RES0101	embolism	FINDING	1	<DELETED>	for a pulmonary embolism ok sounds good
RES0101	history	FINDING	1	<DELETED>	ask about on history today well do
RES0101	imaging	FINDING	1	<DELETED>	well as the imaging ordered it will
RES0101	present	FINDING	1	<DELETED>	any pulmonary embolism present because with the
RES0101	surgery	FINDING	1	<DELETED>	because with the surgery last week and
RES0101	hearts	ANATOMY	1	<DELETED>	like your your hearts racing or beating
RES0101	chest	FINDING	1	<DELETED>	listen to your chest and have a
RES0101	else	FINDING	1	<DELETED>	was there anything else that that you
RES0101	20s	ANATOMY	1	twenties	day between my 20s and 30s ok
RES0101	30s	ANATOMY	1	thirties okay	my 20s and 30s ok but it
RES0101	ill	SYMPTOM	1	<DELETED>	physical exam and ill listen to your
RES0101	leg	ANATOMY	1	<DELETED>	look at your leg well also order
RES0101	add	CONDITION	1	<DELETED>	you wanted to add no i think
RES0101	immobilized	PROCEDURE	1	<DELETED>	week and being immobilized for a period
RES0101	metformin	DRUG	1	formin okay	diabetes im taking metformin ok have you
RES0102	coughing up blood	SYMPTOM	3	popping up a lot	the blood like coughing up blood as well yeah
RES0102	flu like symptoms	SYMPTOM	3	flu-like	cold or any flu like symptoms no i i
RES0102	flu like symptoms	SYMPTOM	3	flu-like	havent had any flu like symptoms ok and do
RES0102	coughing up blood	SYMPTOM	3	<UNKNOWN>	your symptoms of coughing up blood as well as
RES0102	exposure to dust	FINDING	3	<UNKNOWN>	you have any exposure to dust fumes animals anywhere
RES0102	lost weight	FINDING	2	<UNKNOWN>	and have you lost any weight recently yeah i
RES0102	citalopram	DRUG	1	<DELETED>	take a a citalopram but i stopped
RES0102	c sections	PROCEDURE	2	c-sections	i had two c sections for my second
RES0102	c sections	PROCEDURE	2	c-sections	all with those c sections no everything was
RES0102	ramipril	DRUG	1	ramapril	and i think ramipril and uh metformin
RES0102	m clear	DRUG	2	<DELETED>	allergies and and im clear there ok do
RES0102	xray	PROCEDURE	1	<DELETED>	an ultrasound an xray for example so
RES0102	ill	SYMPTOM	1	i'll	catch my breath ill feel it then
RES0102	ill	SYMPTOM	1	i'll	about alcohol sometimes ill have some like
RES0102	three three or four	FINDING	4	<UNKNOWN>	so the last three three or four months ok and
RES0102	that that that uh	FINDING	4	<UNKNOWN>	hospital gown on that that that uh came from the
RES0103	shortness of breath increased	SYMPTOM	4	<DELETED>	any kind of shortness of breath increased coughing with producing
RES0103	taking medication	FINDING	2	<UNKNOWN>	ah and im taking a a medication for it but
RES0103	physical examination	FINDING	2	<DELETED>	well do the physical examination and go from
RES0103	three or four days	FINDING	4	<DELETED>	been you said three or four days in total right
RES0103	physical exam	FINDING	2	<DELETED>	also do a physical exam and take her
RES0103	common cold	CONDITION	2	<DELETED>	viral infection like common cold perhaps it she
RES0103	antibiotics	DRUG	1	<DELETED>	i would give antibiotics for right now
RES0103	temperature	PROCEDURE	1	<DELETED>	and take her temperature today as well
RES0103	definitely	FINDING	1	<DELETED>	right now but definitely if her symptoms
RES0103	worrying	FINDING	1	<DELETED>	doesnt have any worrying signs of any
RES0103	symptoms	SYMPTOM	1	<DELETED>	definitely if her symptoms get worse at
RES0103	coughing	SYMPTOM	1	<DELETED>	of breath increased coughing with producing more
RES0103	feverish	SYMPTOM	1	<DELETED>	she gets more feverish so will also
RES0103	likely	FINDING	1	<DELETED>	and so most likely its just caused
RES0103	signs	FINDING	1	<DELETED>	have any worrying signs of any systemic
RES0103	signs	FINDING	1	<DELETED>	so and no signs of like a
RES0103	cold	PROCEDURE	1	<DELETED>	some just a cold like symptoms viral
RES0103	infection	CONDITION	1	<DELETED>	by a viral infection like common cold
RES0103	infection	CONDITION	1	<DELETED>	like a bacterial infection that i would
RES0104	infection viral	CONDITION	2	<DELETED>	be a bacterial infection a viral infection we will
RES0104	short of breath	SYMPTOM	3	a shorted	movement im getting short of breath and its triggering
RES0104	colored sputum	FINDING	2	<DELETED>	up this rust colored sputum ok and so
RES0104	colored sputum	FINDING	2	<DELETED>	producing the rust colored sputum but how much
RES0104	empagliflozin	DRUG	1	amplogliflozin	i use metformin empagliflozin or an sglt2
RES0104	vital signs	PROCEDURE	2	vitals signed	get all your vital signs as well right
RES0104	runny nose	SYMPTOM	2	running	like chest pain runny nose sore throat anything
RES0104	chest xray	PROCEDURE	2	<DELETED>	well as a chest xray and right now
RES0104	symptoms	SYMPTOM	1	<DELETED>	youre having some symptoms of what might
RES0104	chills	SYMPTOM	1	as	no just a chills last night ok
RES0104	rust	CONDITION	1	rust-colored	bringing up this rust colored sputum ok
RES0104	rust	CONDITION	1	rust-colored	youre producing the rust colored sputum but
RES0104	swab	PROCEDURE	1	<DELETED>	also do covid swab test for you
RES0104	ave	PROCEDURE	1	have	able to eat ave you noticed any
RES0104	pneumonia	CONDITION	1	<DELETED>	might be a pneumonia it can be
RES0104	infection	CONDITION	1	<DELETED>	infection a viral infection we will have
RES0104	and right	ANATOMY	2	<DELETED>	a chest xray and right now with the
RES0104	botulinum toxin	DRUG	2	botulin and poxin	get uh uh botulinum toxin injections for for
RES0104	csection	PROCEDURE	1	c-section	did have a csection for my son
RES0104	weights	SYMPTOM	1	weight's	recently no my weights been about the
RES0105	physical examinations	PROCEDURE	2	<DELETED>	some of that physical examinations first ok that
RES0105	very short of breath	FINDING	4	<DELETED>	at all youre very short of breath and we can
RES0105	feeling ok	SYMPTOM	2	<DELETED>	feeling ive been feeling ok ok and have
RES0105	chest xray	PROCEDURE	2	<DELETED>	to do a chest xray as well but
RES0105	confusion	FINDING	1	<DELETED>	any kind of confusion or any do
RES0105	symptoms	SYMPTOM	1	<DELETED>	some of your symptoms but yeah lets
RES0105	spiriva	DRUG	1	spariva	its called like spiriva or something like
RES0105	cold	PROCEDURE	1	cold-like	sore throat any cold like symptoms no
RES0105	ill	SYMPTOM	1	i'll	another one that ill use like if
RES0105	sit	FINDING	1	<DELETED>	would say just sit tight well get
RES0105	infection	CONDITION	1	<DELETED>	any kind of infection umm youre in
RES0105	pneumonia	CONDITION	1	<DELETED>	dont have like pneumonia or anything like
RES0105	steroids	DRUG	1	<DELETED>	like systemic core steroids as well to
RES0105	please	FINDING	1	<DELETED>	diagnosed with you please about 10 years
RES0106	birth control pill	DRUG	3	breath	just taking this birth control pill ok which one
RES0106	no sore throat	FINDING	3	<UNKNOWN>	runny nose no no a sore throat uhm no ok
RES0106	wisdom teeth	ANATOMY	2	had a listen to moon okay	i have my wisdom teeth removed ok when
RES0106	hearts	ANATOMY	1	heart's	feel like your hearts racing no no
RES0106	glass	DRUG	1	<DELETED>	wine or beer glass of wine and
RES0106	ill	SYMPTOM	1	i'll	out with them ill just have a
RES0107	leukotriene receptor antagonists	DRUG	3	<DELETED>	and leukotriene like leukotriene receptor antagonists but those are
RES0107	allergy medications	CONDITION	2	<DELETED>	the those anti allergy medications in the past
RES0107	allergic rhinitis	CONDITION	2	<DELETED>	meantime rhinitis is allergic rhinitis is caused by
RES0107	corticosteroids	DRUG	1	<DELETED>	with the inhaled corticosteroids at first how
RES0107	corticosteroid	DRUG	1	<DELETED>	like an intranasal corticosteroid um and there
RES0107	no swelling	FINDING	2	<DELETED>	yeah but no no swelling no swelling have
RES0107	medications	DRUG	1	medications yeah	him the the medications to help him
RES0107	runny nose	SYMPTOM	2	gunny	always has a runny nose um and he
RES0107	controlled	FINDING	1	bad actually	its pretty well controlled right now i
RES0107	behaviours	FINDING	1	behaviors	and like social behaviours are all up
RES0107	allergies	CONDITION	1	<DELETED>	is caused by allergies to certain things
RES0107	prescribe	PROCEDURE	1	<DELETED>	um we will prescribe him also like
RES0107	reactine	DRUG	1	<DELETED>	given him um reactine or like any
RES0107	rhinitis	CONDITION	1	<DELETED>	in the meantime rhinitis is allergic rhinitis
RES0107	symptoms	SYMPTOM	1	<DELETED>	and if his symptoms are persistent um
RES0107	sneezes	SYMPTOM	1	it	um and he sneezes sometimes here and
RES0107	allergy	FINDING	1	<DELETED>	can get him allergy tested um and
RES0107	antihistamines	DRUG	1	<DELETED>	as well like antihistamines and leukotriene like
RES0107	treatments	PROCEDURE	1	<DELETED>	like second line treatments as well like
RES0107	problem	PROCEDURE	1	<DELETED>	thank you no problem
RES0108	change medication	PROCEDURE	2	<DELETED>	well try and change that medication and see if
RES0108	no sore throat	FINDING	3	<UNKNOWN>	or hearing uh no a sore throat no um loss
RES0108	blood pressure	PROCEDURE	2	<DELETED>	uh another um blood pressure medication for you
RES0108	ace inhibitor	DRUG	2	<DELETED>	a type of ace inhibitor and one of
RES0108	side effects	CONDITION	2	<DELETED>	one of its side effects is that in
RES0108	medications	DRUG	1	medication	um how about medications are you on
RES0108	medications	DRUG	1	<DELETED>	to review your medications and if your
RES0108	definitely	FINDING	1	<DELETED>	so we will definitely do a covid
RES0108	ramipril	DRUG	1	mammapro	me on uh ramipril about two weeks
RES0108	symptoms	SYMPTOM	1	<DELETED>	but because your symptoms do overlap with
RES0108	ramipril	DRUG	1	<DELETED>	this new medication ramipril two weeks ago
RES0108	ramipril	DRUG	1	<DELETED>	ago and so ramipril is a type
RES0108	coughing	SYMPTOM	1	<DELETED>	it can cause coughing so i am
RES0108	ramipril	DRUG	1	<DELETED>	you instead of ramipril sure um so
RES0108	coughing	SYMPTOM	1	<DELETED>	see if your coughing stops how does
RES0108	overlap	PROCEDURE	1	<DELETED>	your symptoms do overlap with that of
RES0108	hearts	ANATOMY	1	heart's	feeling like your hearts racing no any
RES0108	cough	DRUG	1	<DELETED>	you have a cough um and those
RES0108	cough	DRUG	1	<DELETED>	infection besides your cough and it seems
RES0108	cough	DRUG	1	<DELETED>	seems like the cough started a week
RES0108	pill	DRUG	1	bill	be on this pill as well so
RES0108	dust	FINDING	1	<DELETED>	any old carpet dust mold or asbestos
RES0108	mold	DRUG	1	<DELETED>	old carpet dust mold or asbestos in
RES0108	swab	PROCEDURE	1	<DELETED>	do a covid swab on you because
RES0108	back	ANATOMY	1	<DELETED>	results should come back to you in
RES0108	ill	SYMPTOM	1	i'll	do you drink ill have maybe two
RES0108	doc	DRUG	1	<DELETED>	if your family doc also agrees we
RES0108	other thing	FINDING	2	<DELETED>	days but the other thing i want to
RES0108	infection	CONDITION	1	<DELETED>	other symptoms of infection besides your cough
RES0108	nothings	FINDING	1	<DELETED>	i havent uh nothings really helped um
RES0108	2 pills	FINDING	2	two bills	have to take 2 pills instead of one
RES0108	instead	DRUG	1	<DELETED>	medication for you instead of ramipril sure
RES0108	results	FINDING	1	<DELETED>	um and those results should come back
RES0109	neurological symptoms	SYMPTOM	2	<DELETED>	you have any neurological symptoms then you should
RES0109	problems with taste	FINDING	3	problem okay	covid but no problems with taste ok good any
RES0109	nausea or vomiting	FINDING	3	<UNKNOWN>	no no um nausea or vomiting uhm no no
RES0109	sinus pressure	SYMPTOM	2	<DELETED>	headache or like sinus pressure or something you
RES0109	viral illness	CONDITION	2	<DELETED>	just like another viral illness um so just
RES0109	antitussive	CONDITION	1	anti-gasa spells okay	um like the antitussive pills ok yeah
RES0109	common cold	CONDITION	2	<DELETED>	you have a common cold um so just
RES0109	diagnosed	PROCEDURE	1	<DELETED>	when were you diagnosed uh prescribed that
RES0109	symptoms	SYMPTOM	1	things	when i have symptoms like this uh
RES0109	symptoms	SYMPTOM	1	<DELETED>	some of your symptoms do overlap with
RES0109	hydrated	DRUG	1	<DELETED>	um keep yourself hydrated if you feel
RES0109	headache	SYMPTOM	1	<DELETED>	pain like a headache or like sinus
RES0109	symptoms	SYMPTOM	1	<DELETED>	and if your symptoms worsen or if
RES0109	usually	FINDING	1	normally don't	the cough i usually dont come in
RES0109	overlap	PROCEDURE	1	<DELETED>	your symptoms do overlap with that of
RES0109	isolate	DRUG	1	<DELETED>	you should self isolate for 14 days
RES0109	tylenol	DRUG	1	<DELETED>	fever take like tylenol um if you
RES0109	tylenol	DRUG	1	<DELETED>	an advil or tylenol um and if
RES0109	hearts	ANATOMY	1	heart's	feel like your hearts racing no no
RES0109	travel	PROCEDURE	1	<DELETED>	and how about travel to anywhere no
RES0109	worsen	FINDING	1	<DELETED>	if your symptoms worsen or if you
RES0109	fever	FINDING	1	<DELETED>	youre getting a fever take like tylenol
RES0109	advil	DRUG	1	<DELETED>	take again an advil or tylenol um
RES0109	swab	PROCEDURE	1	<DELETED>	do a covid swab anyways today because
RES0109	back	ANATOMY	1	<DELETED>	you should hear back in about 24
RES0109	ill	SYMPTOM	1	i'll	um yeah sometimes ill just have a
RES0110	difficulties with concentration	FINDING	3	<UNKNOWN>	things or having difficulties with concentration no this has
RES0110	physical exams	PROCEDURE	2	<UNKNOWN>	come and do physical exams and listen to
RES0110	chest x ray	PROCEDURE	3	<UNKNOWN>	and do a chest x ray likely and then
RES0110	dry cough	DRUG	2	<DELETED>	is it a dry cough or a wet
RES0110	wet cough	FINDING	2	bed	cough or a wet cough um it was
RES0110	lab tests	PROCEDURE	2	<DELETED>	a few uh lab tests to draw your
RES0110	symptom	SYMPTOM	1	i'll take your cough and eat something	ask about each symptom a little bit
RES0110	hurt	FINDING	1	<DELETED>	pain yeah it hurt hurts when i
RES0110	hurt	FINDING	1	doesn't okay okay	hurt it doesnt hurt ok good um
RES0110	copd	DRUG	1	<DELETED>	had any um copd no ever been
RES0110	ill	SYMPTOM	1	i'll	so i thought ill come to you
RES0110	ill	SYMPTOM	1	i'll take your cough and eat something	can you uh ill talk ill ask
RES0110	ill	SYMPTOM	1	i'll take your cough and eat something	uh ill talk ill ask about each
RES0111	strep throat	CONDITION	2	<DELETED>	could be um strep throat um it could
RES0111	other things	FINDING	2	<DELETED>	it could be other things as well um
RES0111	overlapping	PROCEDURE	1	<DELETED>	symptoms are somewhat overlapping with the symptoms
RES0111	test result	LAB_RESULT	2	<DELETED>	on the strep test result do you have
RES0111	quarantine	PROCEDURE	1	<DELETED>	ask you to quarantine for the next
RES0111	management	PROCEDURE	1	<DELETED>	about um the management based on the
RES0111	symptoms	SYMPTOM	1	<DELETED>	seeing that your symptoms are somewhat overlapping
RES0111	somewhat	FINDING	1	<DELETED>	your symptoms are somewhat overlapping with the
RES0111	symptoms	SYMPTOM	1	<DELETED>	overlapping with the symptoms for covid we
RES0111	symptoms	SYMPTOM	1	<DELETED>	back or your symptoms improve um and
RES0111	improve	FINDING	1	<DELETED>	or your symptoms improve um and well
RES0111	hearts	ANATOMY	1	heart's	feel like your hearts beating very fast
RES0111	strep	CONDITION	1	<DELETED>	do a rapid strep test here as
RES0111	strep	CONDITION	1	<DELETED>	based on the strep test result do
RES0111	back	ANATOMY	1	<DELETED>	covid swabs are back or your symptoms
RES0112	difficulty swallowing food	FINDING	3	<DELETED>	and is having difficulty swallowing food um thats definitely
RES0112	caesarean section	FINDING	2	cesarean	he born via caesarean section or uh csection
RES0112	inflammation	CONDITION	1	<DELETED>	infection or an inflammation of some sort
RES0112	antibiotics	DRUG	1	<DELETED>	start him on antibiotics and put in
RES0112	definitely	FINDING	1	<DELETED>	food um thats definitely very um serious
RES0112	allergies	CONDITION	1	<DELETED>	pardon me any allergies oh uh no
RES0112	allergies	CONDITION	1	<DELETED>	oh uh no allergies ok alright um
RES0112	lethargic	SYMPTOM	1	<DELETED>	and has been lethargic and tired uh
RES0112	hydrated	DRUG	1	<DELETED>	to get him hydrated uh and monitor
RES0112	serious	FINDING	1	<DELETED>	definitely very um serious uh well have
RES0112	likely	FINDING	1	<DELETED>	and uh well likely start him on
RES0112	fluids	PROCEDURE	1	<DELETED>	in get some fluids inside him just
RES0112	fussy	SYMPTOM	1	<DELETED>	well has been fussy and and has
RES0112	tired	SYMPTOM	1	<DELETED>	been lethargic and tired uh and is
RES0112	mouth	ANATOMY	1	<DELETED>	look inside his mouth and see whats
RES0112	fever	FINDING	1	<DELETED>	um given his fever he probably has
RES0112	date	DRUG	1	<DELETED>	immunizations up to date yeah theyre all
RES0112	ill	SYMPTOM	1	i'll	examining the baby ill just ask you
RES0112	5 6	FINDING	2	five six	usually like about 5 6 but yesterday it
RES0112	far	PROCEDURE	1	<DELETED>	to date so far ok alright thats
RES0112	immunizations	PROCEDURE	1	vaccination immunization at the	has his vaccinations immunizations up to date
RES0112	infection	CONDITION	1	<DELETED>	he has an infection or an inflammation
RES0112	infection	CONDITION	1	<DELETED>	probably has an infection um and uh
RES0112	vaccinations	PROCEDURE	1	vaccination immunization at the	uh has his vaccinations immunizations up to
RES0112	csection	PROCEDURE	1	a c-section	section or uh csection or a vaginal
RES0112	very closely	FINDING	2	<DELETED>	and monitor him very closely well also check
RES0113	discolouration	FINDING	1	discoloration	no rashes any discolouration of your fingers
RES0113	difficulties	FINDING	1	<DELETED>	neck or any difficulties moving your neck
RES0113	come and go	FINDING	3	comical	or does it come and go um it seems
RES0113	stuffy nose	SYMPTOM	2	sappy	runny nose or stuffy nose uh nope ok
RES0113	fever cough	SYMPTOM	2	<UNKNOWN>	youve had a fever cough and a um
RES0113	quarantine	PROCEDURE	1	<DELETED>	ask you to quarantine for the for
RES0113	decongest	DRUG	1	deconject	ive tried like decongest like cough suppressants
RES0113	headaches	SYMPTOM	1	headache's	days and your headaches pretty bad a
RES0113	stiffness	SYMPTOM	1	<DELETED>	any um any stiffness in your neck
RES0113	headache	SYMPTOM	1	certain egg	had a similar headache in the past
RES0113	hearts	ANATOMY	1	heart's	feel like your hearts racing no ok
RES0113	neck	FINDING	1	<DELETED>	stiffness in your neck or any difficulties
RES0113	neck	FINDING	1	<DELETED>	difficulties moving your neck uh no nothing
RES0113	ill	SYMPTOM	1	i asked	than the headache ill ask you about
RES0113	ill	SYMPTOM	1	last if	cough and fever ill ask you if
RES0113	changed	PROCEDURE	1	change	and hows it changed over the past
RES0113	couple	FINDING	1	<DELETED>	i guess a couple of other questions
RES0114	oxygen saturation	PROCEDURE	2	<DELETED>	also check your oxygen saturation to make sure
RES0114	corticosteroids	DRUG	1	<DELETED>	you some inhaled corticosteroids um and well
RES0114	azithromycin	DRUG	1	<DELETED>	a macrolide like azithromycin for now um
RES0114	antibiotics	DRUG	1	<DELETED>	as well some antibiotics to consider you
RES0114	chest x ray	PROCEDURE	3	<DELETED>	do like a chest x ray and a pulmonary
RES0114	lisinopril	DRUG	1	lizinopro okay that's	it its called lisinopril ok so thats
RES0114	macrolide	DRUG	1	<DELETED>	you like a macrolide like azithromycin for
RES0114	wheezing	SYMPTOM	1	weezing	um and any wheezing uh yeah its
RES0114	ventolin	DRUG	1	ventilin	thats like the ventolin puffer yeah and
RES0114	ventolin	DRUG	1	ventilin	been using the ventolin uh more and
RES0114	symptoms	SYMPTOM	1	<DELETED>	and hopefully your symptoms subside and we
RES0114	isolate	DRUG	1	<DELETED>	you can self isolate for 14 days
RES0114	rashes	SYMPTOM	1	lashes	your skin like rashes not that ive
RES0114	hearts	ANATOMY	1	heart's	when um your hearts not pumping as
RES0114	agonist	DRUG	1	<DELETED>	long acting beta agonist well give you
RES0114	problem	PROCEDURE	1	<DELETED>	much yeah no problem and i forgot
RES0114	problem	PROCEDURE	1	<DELETED>	good yeah no problem
RES0114	amoxicillin	DRUG	1	<DELETED>	were allergic to amoxicillin so we might
RES0116	bulging tympanic membrane	FINDING	3	<UNKNOWN>	with like a bulging tympanic membrane and he appears
RES0116	bulging tympanic membrane	FINDING	3	<UNKNOWN>	or just the bulging tympanic membrane we can just
RES0116	middle ear effusion	CONDITION	3	<UNKNOWN>	has some like middle ear effusion so like some
RES0116	middle ear effusion	CONDITION	3	<UNKNOWN>	its just some middle ear effusion so just that
RES0116	acute otitis media	CONDITION	3	<UNKNOWN>	picture sounds like acute otitis media so like an
RES0116	vaginal delivery	FINDING	2	vachinal	it was a vaginal delivery but they used
RES0116	palpitations	FINDING	1	complications in	chest pain or palpitations of his heart
RES0116	medications	DRUG	1	<DELETED>	no medications no medications up to date
RES0116	prescribing	PROCEDURE	1	<DELETED>	worse again well prescribing prescribe him some
RES0116	ear ache	SYMPTOM	2	earache and	complaining of uh ear ache in his uh
RES0116	travel	PROCEDURE	1	all right traveled	ago alright um travel to anywhere recently
RES0116	ill	SYMPTOM	1	i'll	management plan but ill kind of walk
RES0116	2 years	FINDING	2	two	was uh like 2 years old he did
RES0116	amoxicillin	DRUG	1	moxicillin	usually prescribe are amoxicillin and because he
RES0116	mothers	DRUG	1	mother's	know if his mothers pregnancy with him
RES0117	tuberculosis	CONDITION	1	<DELETED>	and uh about tuberculosis so i was
RES0117	medications	DRUG	1	<DELETED>	called the ripe medications that we keep
RES0117	definitely	FINDING	1	<DELETED>	so um thats definitely high on our
RES0117	chest xray	PROCEDURE	2	<DELETED>	to do a chest xray and or like
RES0117	infectious	CONDITION	1	<DELETED>	tb is highly infectious and its airborne
RES0117	infectious	CONDITION	1	<DELETED>	um well get infectious disease involved uh
RES0117	isolation	PROCEDURE	1	<DELETED>	well get the isolation going and well
RES0117	treatment	PROCEDURE	1	<DELETED>	on the correct treatment ok thank you
RES0117	flu shot	DRUG	2	food shop	you get the flu shot this year yeah
RES0117	stressed	FINDING	1	<DELETED>	i was really stressed out today yeah
RES0117	positive	FINDING	1	<DELETED>	those come back positive um we will
RES0117	airborne	DRUG	1	<DELETED>	infectious and its airborne um so we
RES0117	hearing	FINDING	1	earrings	changes in vision hearing smell or taste
RES0117	isolate	DRUG	1	<DELETED>	require you to isolate because this uh
RES0117	regimen	PROCEDURE	1	<DELETED>	have like a regimen that wed put
RES0117	worried	FINDING	1	<DELETED>	yeah im really worried but hopefully its
RES0117	disease	CONDITION	1	<DELETED>	well get infectious disease involved uh well
RES0117	correct	DRUG	1	<DELETED>	you on the correct treatment ok thank
RES0117	active	DRUG	1	<DELETED>	if you have active tb or latent
RES0117	hand	FINDING	1	hands	it on my hand like there wasnt
RES0117	blue	FINDING	1	boo okay	out of the blue ok any um
RES0117	swab	PROCEDURE	1	<DELETED>	do a covid swab on you um
RES0117	back	ANATOMY	1	<DELETED>	you should hear back for about those
RES0117	back	ANATOMY	1	<DELETED>	if those come back positive um we
RES0117	immunizations	PROCEDURE	1	immunization	forgot to ask immunizations did you get
RES0117	problem	PROCEDURE	1	<DELETED>	much yeah no problem
RES0117	results	FINDING	1	<DELETED>	for about those results in 24 to
RES0117	couple	FINDING	1	<DELETED>	well do a couple of things well
RES0117	couple	FINDING	1	<DELETED>	we have a couple of uh we
RES0117	couple	FINDING	1	<DELETED>	we continue a couple of those for
RES0118	nausea or vomiting	FINDING	3	non-hero	you had any nausea or vomiting uh no any
RES0118	isolate	DRUG	1	<DELETED>	so just self isolate ok and and
RES0118	stis	CONDITION	1	sdis	history of any stis no ok nice
RES0119	corticosteroid	DRUG	1	<DELETED>	is an inhaled corticosteroid um for the
RES0119	wheezing	SYMPTOM	1	weezing	when did the wheezing start um that
RES0119	symptoms	SYMPTOM	1	<DELETED>	these types of symptoms she can use
RES0119	decrease	FINDING	1	<DELETED>	the future to decrease um the likelihood
RES0119	symptom	SYMPTOM	1	<DELETED>	and have her symptom symptoms been getting
RES0119	usually	FINDING	1	<DELETED>	ok and uh usually when she gets
RES0119	worries	FINDING	1	<DELETED>	you yeah no worries so yeah so
RES0119	asthma	CONDITION	1	<DELETED>	she has um asthma or not and
RES0119	likely	FINDING	1	<DELETED>	then its most likely that she does
RES0119	asthma	CONDITION	1	<DELETED>	she does have asthma and she will
RES0119	asthma	CONDITION	1	<DELETED>	likelihood that this asthma gets worse in
RES0119	tests	PROCEDURE	1	<DELETED>	well get those tests done and then
RES0119	csection	PROCEDURE	1	c-section	was it a csection uh it was
RES0119	2 years	FINDING	2	two	the past like 2 years uh but they
RES0119	agonist	DRUG	1	<DELETED>	short acting beta agonist so its a
RES0120	physical examination	FINDING	2	<DELETED>	do a full physical examination and do all
RES0120	take deep breath	FINDING	3	<DELETED>	take try to take a deep breath in and how
RES0120	cholecystectomy	PROCEDURE	1	cholectomy	i had a cholecystectomy about oh gosh
RES0120	rosuvastatin	DRUG	1	resubastatin	cholesterol i take rosuvastatin okay and do
RES0120	temperature	PROCEDURE	1	<DELETED>	well get your temperature and all your
RES0120	antibiotics	DRUG	1	<DELETED>	you need any antibiotics within the hospital
RES0120	definitely	FINDING	1	<DELETED>	right now its definitely something thats on
RES0120	definitely	FINDING	1	<DELETED>	breath and fever definitely can be coviand
RES0120	chest xray	PROCEDURE	2	<DELETED>	then get a chest xray as well okay
RES0120	ramipril	DRUG	1	rimapro	pressure i take ramipril for the high
RES0120	symptoms	SYMPTOM	1	<DELETED>	some of these symptoms um the shortness
RES0120	fever	FINDING	1	<DELETED>	of breath and fever definitely can be
RES0120	virus	CONDITION	1	<DELETED>	be any other virus or bacteria so
RES0120	turns	FINDING	1	<DELETED>	and if it turns out at all
RES0120	tests	PROCEDURE	1	<DELETED>	do all those tests and then go
RES0120	else	FINDING	1	<DELETED>	make sure nothing else is going on
RES0120	ill	SYMPTOM	1	i'll	at all i ill have a glass
RES0120	pneumonia	CONDITION	1	<DELETED>	can potentially have pneumonia thats not coviit
RES0120	pneumonia	CONDITION	1	<DELETED>	that you have pneumonia well just reassess
RES0121	runny nose	SYMPTOM	2	any	a sore throat runny nose headache anything like
RES0121	wet cough	FINDING	2	like	dry cough or wet cough uh its dry
RES0121	symptoms	SYMPTOM	1	sippers	any cold like symptoms um you know
RES0121	tired	SYMPTOM	1	tire	of um increased tired like getting more
RES0121	cold	PROCEDURE	1	colds	nose um any cold like symptoms um
RES0122	nausea or vomiting	FINDING	3	matter of	belly uh nope nausea or vomiting no changes in
RES0122	weight changes	FINDING	2	<DELETED>	ive noticed any weight changes in your weight
RES0122	public health	PROCEDURE	2	<DELETED>	out and then public health will let you
RES0122	temperature	PROCEDURE	1	<DELETED>	also check your temperature here to see
RES0122	runny nose	SYMPTOM	2	granny	like like a runny nose as well yeah
RES0122	quarantine	PROCEDURE	1	<DELETED>	recommend that you quarantine until at least
RES0122	headaches	SYMPTOM	1	headache	when did your headaches start um its
RES0122	symptoms	SYMPTOM	1	<DELETED>	coviswab because your symptoms do overlap with
RES0122	symptoms	SYMPTOM	1	<DELETED>	some of those symptoms um and wed
RES0122	tylenol	DRUG	1	the tyranny	do take uh tylenol cold in bed
RES0122	overlap	PROCEDURE	1	<DELETED>	your symptoms do overlap with some of
RES0122	fevers	SYMPTOM	1	<DELETED>	you have any fevers and uh go
RES0122	swab	PROCEDURE	1	<DELETED>	least uh swabs swab results are out
RES0122	ill	SYMPTOM	1	i'd	about alcohol alcohol ill probably have a
RES0122	csection	PROCEDURE	1	c-section	have a um csection with both my
RES0122	results	FINDING	1	<DELETED>	uh swabs swab results are out and
RES0122	not not really	FINDING	3	<UNKNOWN>	too but like not not really i see okay
RES0123	testing testing	PROCEDURE	2	<UNKNOWN>	ongoing um theyre testing testing me for things
RES0123	chest xray	PROCEDURE	2	<UNKNOWN>	um get a chest xray done also examine
RES0123	home work	FINDING	2	<DELETED>	to do um home work but for the
RES0123	diagnosed	PROCEDURE	1	you can diagnose	that youve been diagnosed with uh yeah
RES0123	allergies	CONDITION	1	including cameras	any allergies no allergies okay good um
RES0123	migraines	CONDITION	1	<DELETED>	have you had migraines in the past
RES0123	rigidity	SYMPTOM	1	agility	no stiffness or rigidity have a look
RES0123	tonsils	PROCEDURE	1	taunts	i had my tonsils removed um but
RES0123	isolate	DRUG	1	<DELETED>	how to self isolate and i i
RES0123	hearts	ANATOMY	1	heart's	feel like your hearts beating very fast
RES0123	tests	PROCEDURE	1	<DELETED>	a couple of tests do labs and
RES0123	best	CONDITION	1	<DELETED>	you um its best that you do
RES0123	labs	LAB_RESULT	1	<DELETED>	of tests do labs and based on
RES0123	ill	SYMPTOM	1	<DELETED>	okay and um ill ask you about
RES0123	run	FINDING	1	<DELETED>	um we will run a couple of
RES0123	examine	DRUG	1	exam	im doing physical examine and see how
RES0123	results	FINDING	1	<DELETED>	based on those results uh well decide
RES0123	couple	FINDING	1	<DELETED>	will run a couple of tests do
RES0124	pollen allergy	CONDITION	2	polling	its like a pollen allergy like i i
RES0124	coughing fits	FINDING	2	<UNKNOWN>	like really bad coughing fits like it sometimes
RES0124	teary eyes	FINDING	2	cheery	um red or teary eyes itchiness on the
RES0124	wheezing	SYMPTOM	1	you're wearing	okay so youre wheezing okay so you
RES0124	bullying	CONDITION	1	are bleeding	any concerns about bullying at school no
RES0124	usually	FINDING	1	<DELETED>	usually uh its usually dry uh sorry
RES0124	history	FINDING	1	experience	have any family history of any um
RES0124	hearts	ANATOMY	1	heart's	feel like your hearts racing uh no
RES0124	back	ANATOMY	1	<DELETED>	okay lets get back okay great it
RES0124	ill	SYMPTOM	1	<DELETED>	about alcohol uh ill come ive i
RES0124	walkin	FINDING	1	walking point	like at a walkin clinic okay okay
RES0125	flu like symptoms	SYMPTOM	3	flu-like	mentioned have some flu like symptoms 2 weeks ago
RES0125	no dizziness	FINDING	2	<DELETED>	is racing no no any dizziness or fainting spell
RES0125	fainting spell	SYMPTOM	2	in soul	any dizziness or fainting spell no any changes
RES0125	home school	FINDING	2	<UNKNOWN>	uh school from home school from home okay
RES0125	sniffles	FINDING	1	snippet	daughter had the sniffles when was that
RES0125	coughs	SYMPTOM	1	<DELETED>	i guess the coughs first few days
RES0125	3 or 4	FINDING	3	three	i smoke about 3 or 4 cigarettes a week
RES0125	times	CONDITION	1	signs that i'm	goes theres just times when im coughing
RES0125	penicillin	CONDITION	1	<DELETED>	to penicillin to penicillin okay and what
RES0126	coughing up blood	SYMPTOM	3	coughed	like that just coughing up any blood no ok so
RES0126	ventilation	PROCEDURE	1	ventilin perhaps a	you some some ventilation and perhaps steroid
RES0126	chest x ray	PROCEDURE	3	<UNKNOWN>	get like a chest x ray on you as
RES0126	ventolin	DRUG	1	ventilin	you use the ventolin and then whats
RES0126	ventolin	DRUG	1	ventilin's	you said the ventolin is not working
RES0126	gasp	SYMPTOM	1	<DELETED>	at night and gasp gasping for air
RES0126	ill	SYMPTOM	1	i'll	exactly that and ill have to stay
RES0126	ill	SYMPTOM	1	<DELETED>	there sure great ill be with you
RES0126	weights	SYMPTOM	1	weight's	no then your weights been fine its
RES0126	talked	CONDITION	1	talking	have you been talked about that at
RES0127	allergic rhinitis	CONDITION	2	pharinitis	something called like allergic rhinitis and i think
RES0127	antihistamine	DRUG	1	<DELETED>	definitely like any antihistamine medications would help
RES0127	medications	DRUG	1	<DELETED>	and like what medications you would require
RES0127	medications	DRUG	1	<DELETED>	like any antihistamine medications would help with
RES0127	runny nose	SYMPTOM	2	money	always having this runny nose and sneezing my
RES0127	runny nose	SYMPTOM	2	<DELETED>	tired of my runny nose yeah it must
RES0127	definitely	FINDING	1	<DELETED>	in the meantime definitely like any antihistamine
RES0127	congestion	CONDITION	1	<DELETED>	youre also having congestion and sneezing just
RES0127	symptoms	SYMPTOM	1	<DELETED>	help with your symptoms but since youre
RES0127	sneezing	SYMPTOM	1	<DELETED>	having congestion and sneezing just just in
RES0127	isolate	DRUG	1	<DELETED>	you should just isolate as much as
RES0127	result	FINDING	1	<DELETED>	based on the result they would give
RES0127	runs	FINDING	1	ran to	it kind of runs in my family
RES0127	back	ANATOMY	1	<DELETED>	hours to come back and in the
RES0127	talked	CONDITION	1	talk	and anything we talked about its completely
RES0128	oxygen saturation	PROCEDURE	2	<DELETED>	well take his oxygen saturation as well and
RES0128	short of breath	SYMPTOM	3	<DELETED>	youre saying hes short of breath well take his
RES0128	bronchodilators	DRUG	1	<DELETED>	prescribe him some bronchodilators like a short
RES0128	corticosteroid	DRUG	1	<DELETED>	as an inhaled corticosteroid because his symptoms
RES0128	diagnosed	PROCEDURE	1	<DELETED>	hes never been diagnosed before were gonna
RES0128	prescribe	PROCEDURE	1	<DELETED>	strongly suspect well prescribe him some bronchodilators
RES0128	wheezing	SYMPTOM	1	um	of breath or wheezing no we havent
RES0128	activity	FINDING	1	<DELETED>	what his lung activity is like uhm
RES0128	symptoms	SYMPTOM	1	<DELETED>	corticosteroid because his symptoms do seem somewhat
RES0128	somewhat	FINDING	1	<DELETED>	symptoms do seem somewhat severe this time
RES0128	symptoms	SYMPTOM	1	<DELETED>	some of his symptoms overlap with that
RES0128	overlap	PROCEDURE	1	<DELETED>	of his symptoms overlap with that of
RES0128	change	PROCEDURE	1	changing	ok how about change in his smell
RES0128	asthma	CONDITION	1	<DELETED>	my son had asthma as well and
RES0128	asthma	CONDITION	1	<DELETED>	out he has asthma which in this
RES0128	turns	FINDING	1	<DELETED>	and if it turns out he has
RES0128	lung	CONDITION	1	<DELETED>	see what his lung activity is like
RES0128	swab	PROCEDURE	1	<DELETED>	get a covid swab and you should
RES0128	back	ANATOMY	1	<DELETED>	you should hear back about that in
RES0128	agonist	DRUG	1	<DELETED>	short acting beta agonist as well as
RES0129	bulging tympanic membrane	FINDING	3	<DELETED>	effusion or a bulging tympanic membrane just one of
RES0129	discharge from ear	FINDING	3	<UNKNOWN>	it and no discharge from the ear no discharge ok
RES0129	middle ear effusion	CONDITION	3	<DELETED>	i see like middle ear effusion or his tympanic
RES0129	middle ear effusion	CONDITION	3	<DELETED>	he has a middle ear effusion or a bulging
RES0129	nausea or vomiting	FINDING	3	<UNKNOWN>	its been normal nausea or vomiting nope uhm headaches
RES0129	tympanic membranes	ANATOMY	2	<DELETED>	effusion or his tympanic membranes bulging and he
RES0129	tympanic membrane	ANATOMY	2	<DELETED>	so if his tympanic membrane looks like its
RES0129	antibiotics	DRUG	1	<DELETED>	day course of antibiotics and if i
RES0129	antibiotics	DRUG	1	<DELETED>	10 days of antibiotics and if he
RES0129	perforated	FINDING	1	<DELETED>	like its been perforated or if theres
RES0129	high fever	FINDING	2	<DELETED>	he has a high fever what she does
RES0129	prescribe	PROCEDURE	1	<DELETED>	there then well prescribe him a 10
RES0129	prescribe	PROCEDURE	1	<DELETED>	i will again prescribe him 10 days
RES0129	prescribe	PROCEDURE	1	<DELETED>	that we usually prescribe is amoxicillin uhh
RES0129	wheezing	SYMPTOM	1	breathing	of breath or wheezing no i havent
RES0129	swollen	FINDING	1	fine	does it look swollen no the outside
RES0129	overlap	PROCEDURE	1	<DELETED>	of his symptoms overlap with those of
RES0129	bulging	FINDING	1	<DELETED>	his tympanic membranes bulging and he seems
RES0129	usually	FINDING	1	<DELETED>	antibiotic that we usually prescribe is amoxicillin
RES0129	worries	FINDING	1	<DELETED>	you ok no worries take care
RES0129	fever	FINDING	1	fevers	a fever the fever yeah the fever
RES0129	swab	PROCEDURE	1	<DELETED>	probably do a swab and you should
RES0129	back	ANATOMY	1	<DELETED>	you should hear back in about 24
RES0129	ears	ANATOMY	1	<DELETED>	look into his ears we can do
RES0129	sick	SYMPTOM	1	<DELETED>	he seems really sick like he has
RES0129	sick	SYMPTOM	1	<DELETED>	to be too sick we can reassess
RES0129	antibiotic	DRUG	1	<DELETED>	hours uhm an antibiotic that we usually
RES0129	csection	PROCEDURE	1	c-section	was it a csection or a vaginal
RES0129	amoxicillin	DRUG	1	<DELETED>	usually prescribe is amoxicillin uhh how does
RES0129	mothers	DRUG	1	mother's	ok and his mothers pregnancy with him
RES0129	10 days	FINDING	2	<DELETED>	again prescribe him 10 days of antibiotics and
RES0129	couple	FINDING	1	<DELETED>	one of a couple of things so
RES0130	short of breath	SYMPTOM	3	shorter	pretty ill get short of breath before i used
RES0130	cough up blood	SYMPTOM	3	<DELETED>	cause you to cough up blood um so well
RES0130	lung cancers	CONDITION	2	<DELETED>	standard for diagnosing lung cancers also i know
RES0130	other things	FINDING	2	<DELETED>	up further for other things that you may
RES0130	chest xray	PROCEDURE	2	<UNKNOWN>	also do a chest xray um to look
RES0130	diagnosing	PROCEDURE	1	<DELETED>	gold standard for diagnosing lung cancers also
RES0130	10 pounds	FINDING	2	ten	like 5 to 10 pounds over the last
RES0130	shingrix	DRUG	1	shinrex	given you the shingrix for shingles and
RES0130	biopsies	PROCEDURE	1	<DELETED>	options for like biopsies which is the
RES0130	symptoms	SYMPTOM	1	<DELETED>	that and your symptoms have been going
RES0130	negative	LAB_RESULT	1	<DELETED>	those come back negative then well work
RES0130	medical	PROCEDURE	1	<DELETED>	any major medical medical conditions uh i
RES0130	tylenol	DRUG	1	thylanol	yeah ill take tylenol um for the
RES0130	options	FINDING	1	<DELETED>	we will discuss options for like biopsies
RES0130	hearts	ANATOMY	1	heart's	feel like your hearts racing no i
RES0130	travel	PROCEDURE	1	<DELETED>	had any recent travel or anything like
RES0130	lungs	ANATOMY	1	<DELETED>	mass in your lungs we will discuss
RES0130	turn	FINDING	1	turned	yeah after you turn 65 they shouldve
RES0130	gold	PROCEDURE	1	<DELETED>	which is the gold standard for diagnosing
RES0130	back	ANATOMY	1	<DELETED>	if those come back negative then well
RES0130	ill	SYMPTOM	1	i'll	is is pretty ill get short of
RES0130	ill	SYMPTOM	1	i'll	in a while ill get a headache
RES0130	ill	SYMPTOM	1	i'll	pretty mild usually ill take an advil
RES0130	ger	CONDITION	1	<DELETED>	pressure and um ger okay or acid
RES0130	ill	SYMPTOM	1	i'll	things um yeah ill take tylenol um
RES0130	indicate	FINDING	1	<DELETED>	anything that would indicate um like a
RES0130	problem	PROCEDURE	1	<DELETED>	okay great no problem
RES0130	staying staying	DRUG	2	<UNKNOWN>	so weve been staying staying home for the
RES0131	neurological symptoms	SYMPTOM	2	<DELETED>	you have any neurological symptoms like weakness or
RES0131	supportive care	PROCEDURE	2	<DELETED>	um do some supportive care you know staying
RES0131	high fever	FINDING	2	<DELETED>	running a really high fever you have any
RES0131	surgeries	PROCEDURE	1	surgery	any hospitalizations or surgeries in the past
RES0131	headache	SYMPTOM	1	<DELETED>	not the worst headache youve ever had
RES0131	ventolin	DRUG	1	ventilin	use um just ventolin for that every
RES0131	ventolin	DRUG	1	ventilin	it just the ventolin that use yeah
RES0131	ventolin	DRUG	1	ventilin	use yeah just ventolin okay have you
RES0131	ventolin	DRUG	1	mental	any medications besides ventolin yeah i i
RES0131	symptoms	SYMPTOM	1	<DELETED>	other typical viral symptoms so you could
RES0131	hydrated	DRUG	1	<DELETED>	you know staying hydrated eating well and
RES0131	symptoms	SYMPTOM	1	<DELETED>	and if your symptoms become worse uh
RES0131	weakness	SYMPTOM	1	<DELETED>	neurological symptoms like weakness or seizures then
RES0131	seizures	SYMPTOM	1	<DELETED>	like weakness or seizures then you should
RES0131	tylenol	DRUG	1	power and will	after using some tylenol or advil to
RES0131	worried	FINDING	1	weary	a little bit worried yeah for sure
RES0131	isolate	DRUG	1	<DELETED>	you should self isolate for 14 days
RES0131	running	FINDING	1	<DELETED>	worse uh youre running a really high
RES0131	hearts	ANATOMY	1	heart's	feel like your hearts racing no i
RES0131	fevers	SYMPTOM	1	seen me	you had any fevers recently um i
RES0131	advil	DRUG	1	power and will	some tylenol or advil to help settle
RES0131	life	PROCEDURE	1	<DELETED>	had in your life no its not
RES0131	sick	SYMPTOM	1	second	i well get sick okay yeah that
RES0131	ill	SYMPTOM	1	<DELETED>	and allergies and ill use um just
RES0131	ill	SYMPTOM	1	i'll	drink yeah sometimes ill have a or
RES0131	weights	SYMPTOM	1	weight's	ive been my weights been pretty stable
RES0132	rosuvastatin	DRUG	1	resuvastatin	high blood pressure rosuvastatin for the cholesterol
RES0132	inflammation	CONDITION	1	<DELETED>	for the the inflammation for five days
RES0132	antibiotics	DRUG	1	<DELETED>	will likely require antibiotics as well as
RES0132	chest xray	PROCEDURE	2	<DELETED>	um get a chest xray um and uh
RES0132	ramipril	DRUG	1	ramprol	i am on ramipril for the high
RES0132	possible	FINDING	1	<DELETED>	inhalers because its possible that this is
RES0132	symptoms	SYMPTOM	1	<DELETED>	but since your symptoms currently overlap with
RES0132	overlap	PROCEDURE	1	<DELETED>	your symptoms currently overlap with uh covias
RES0132	hearts	ANATOMY	1	heart's	feeling like your hearts racing or or
RES0132	dilate	FINDING	1	<DELETED>	the airways and dilate so make breathing
RES0132	likely	FINDING	1	<DELETED>	copexacerbation it will likely require antibiotics as
RES0132	cough	DRUG	1	<DELETED>	i make this cough go away for
RES0132	else	FINDING	1	<DELETED>	was there anything else that you wanted
RES0132	swab	PROCEDURE	1	<DELETED>	a a covinasal swab okay okay for
RES0132	ill	SYMPTOM	1	i'll	every other day ill have a glass
RES0132	add	CONDITION	1	<DELETED>	you wanted to add that i maybe
RES0132	run	FINDING	1	<DELETED>	um and uh run some lab work
RES0132	steroids	DRUG	1	<DELETED>	well as some steroids for the the
RES0133	cough and runny nose	DRUG	4	<UNKNOWN>	with having the cough and the runny nose a couple of
RES0133	management	PROCEDURE	1	<DELETED>	supportive kind of management so that will
RES0133	10 pounds	FINDING	2	to ten	maybe like 5 10 pounds 5 to 10
RES0133	10 pounds	FINDING	2	ten	pounds 5 to 10 pounds somewhere around there
RES0133	hydrated	DRUG	1	<DELETED>	to stay as hydrated as you possibly
RES0133	possibly	FINDING	1	<DELETED>	hydrated as you possibly can over these
RES0133	possibly	FINDING	1	<DELETED>	the cough could possibly last for um
RES0133	symptoms	SYMPTOM	1	<DELETED>	weeks that the symptoms last for but
RES0133	symptoms	SYMPTOM	1	<DELETED>	cough and these symptoms could overlap with
RES0133	illness	FINDING	1	<DELETED>	a viral type illness okay yeah so
RES0133	overlap	PROCEDURE	1	<DELETED>	these symptoms could overlap with coviwell want
RES0133	horse	PROCEDURE	1	hoarse	have have this horse voice yeah so
RES0133	cough	DRUG	1	<DELETED>	sometimes and the cough could possibly last
RES0133	cough	DRUG	1	<DELETED>	youre having a cough and these symptoms
RES0133	back	ANATOMY	1	<DELETED>	it to come back on its own
RES0133	couple	FINDING	1	<DELETED>	days to a couple of weeks sometimes
RES0134	activities of daily living	FINDING	4	<UNKNOWN>	with uh any activities of daily living like um either
RES0134	bisphosphonate	DRUG	1	bispossonate	some sort of bisphosphonate okay have you
RES0134	osteoporosis	FINDING	1	uh	medical conditions besides osteoporosis no not that
RES0134	wisdom teeth	ANATOMY	2	muskin tape	i had my wisdom teeth taken out ive
RES0134	alendronate	DRUG	1	alandronate alandronate	as like um alendronate alendronate some sort
RES0134	alendronate	DRUG	1	<DELETED>	like um alendronate alendronate some sort of
RES0134	chest xray	PROCEDURE	2	<UNKNOWN>	will get a chest xray and if um
RES0134	embolism	FINDING	1	polymer animals and were	with the pulmonary embolism did you was
RES0134	hearts	ANATOMY	1	heart's	feeling like your hearts racing or is
RES0134	ill	SYMPTOM	1	i'll	in a while ill see some like
RES0134	ill	SYMPTOM	1	i'll	2 hours away ill see them about
RES0134	ill	SYMPTOM	1	i'll	drink alcohol um ill have like a
RES0134	energys	FINDING	1	has	fatigued yeah my energys been pretty low
RES0134	cover cover	DRUG	2	<UNKNOWN>	antibiotics that will cover cover those those bugs
RES0135	supportive care	PROCEDURE	2	<DELETED>	will be um supportive care with oxygen fluids
RES0135	physical exam	FINDING	2	<DELETED>	so the the physical exam and the the
RES0135	small airways	FINDING	2	<DELETED>	of uh really small airways um and it
RES0135	inflammation	CONDITION	1	<DELETED>	can get like inflammation of uh really
RES0135	vital signs	PROCEDURE	2	<DELETED>	and the the vital signs will really will
RES0135	common cold	CONDITION	2	<DELETED>	uh like a common cold type picture and
RES0135	symptoms	SYMPTOM	1	<DELETED>	some of the symptoms that shes experiencing
RES0135	symptoms	SYMPTOM	1	<DELETED>	also um these symptoms do overlap with
RES0135	possibly	FINDING	1	<DELETED>	uh okay and possibly well need steroids
RES0135	overlap	PROCEDURE	1	<DELETED>	these symptoms do overlap with covias well
RES0135	fluids	PROCEDURE	1	<DELETED>	care with oxygen fluids and well make
RES0135	cough	DRUG	1	<DELETED>	can cause that cough and fever and
RES0135	fever	FINDING	1	<DELETED>	that cough and fever and some of
RES0135	infection	CONDITION	1	<DELETED>	um a viral infection which could be
RES0135	csection	PROCEDURE	1	c-section	and vaginal or csection it was uh
RES0135	steroids	DRUG	1	<DELETED>	possibly well need steroids and um and
RES0136	physical examination	FINDING	2	<DELETED>	definitely do a physical examination get your vitals
RES0136	aspiration pneumonia	CONDITION	2	<DELETED>	get whats called aspiration pneumonia um and thats
RES0136	public health	PROCEDURE	2	<DELETED>	hours and then public health will contact you
RES0136	wisdom teeth	ANATOMY	2	and	i had my wisdom teeth removed but no
RES0136	antibiotics	DRUG	1	<DELETED>	we may require antibiotics and if your
RES0136	definitely	FINDING	1	<DELETED>	okay so yeah definitely with the coughing
RES0136	definitely	FINDING	1	<DELETED>	breath we will definitely get a coviswab
RES0136	definitely	FINDING	1	<DELETED>	far we will definitely do a physical
RES0136	chest xray	PROCEDURE	2	<DELETED>	is get a chest xray get some blood
RES0136	difficult	FINDING	1	<DELETED>	and were really difficult to wake up
RES0136	coughing	SYMPTOM	1	<DELETED>	definitely with the coughing and shortness of
RES0136	unstable	FINDING	1	<DELETED>	if your vitals unstable we might actually
RES0136	drowsy	FINDING	1	<DELETED>	you were very drowsy and were had
RES0136	asleep	FINDING	1	<DELETED>	were had fallen asleep and were really
RES0136	admit	PROCEDURE	1	<DELETED>	we might actually admit you as well
RES0136	tests	PROCEDURE	1	<DELETED>	well get those tests done and well
RES0136	else	FINDING	1	<DELETED>	you had anything else yeah no thats
RES0136	back	ANATOMY	1	<DELETED>	that should come back in the next
RES0136	dis	CONDITION	1	do	would you sorry dis you say you
RES0136	ill	SYMPTOM	1	i'll	no well sometimes ill use marijuana for
RES0136	ill	SYMPTOM	1	<DELETED>	alcohol um yeah ill uh ill drink
RES0136	ill	SYMPTOM	1	<DELETED>	yeah ill uh ill drink once a
RES0136	far	PROCEDURE	1	<DELETED>	telling me so far we will definitely
RES0137	supportive care	PROCEDURE	2	<DELETED>	to do some supportive care for her right
RES0137	vaccinating	FINDING	1	<DELETED>	you should consider vaccinating your child we
RES0137	definitely	FINDING	1	<DELETED>	now but yeah definitely you should consider
RES0137	dry cough	DRUG	2	dried	is it a dry cough or is she
RES0137	vaccinate	FINDING	1	<DELETED>	prevented if you vaccinate your child okay
RES0137	vomiting	SYMPTOM	1	<DELETED>	phase where shes vomiting and coughing a
RES0137	coughing	SYMPTOM	1	<DELETED>	shes vomiting and coughing a lot and
RES0137	coughing	SYMPTOM	1	<DELETED>	weeks of just coughing and so were
RES0137	diseases	CONDITION	1	<DELETED>	a lot of diseases out there that
RES0137	vaginal	FINDING	1	c-d-section a vachinal	a csection uh vaginal and did she
RES0137	feeding	PROCEDURE	1	she's eating	usually eat shes feeding well shes doing
RES0137	usually	FINDING	1	<DELETED>	and then it usually after that phase
RES0137	wheeze	SYMPTOM	1	<DELETED>	kind of a wheeze yeah sure okay
RES0137	coughs	SYMPTOM	1	cough	these fits of coughs okay yeah okay
RES0137	shell	ANATOMY	1	she'll	you know once shell start coughing she
RES0137	shell	ANATOMY	1	will	coughs and then shell either vomit or
RES0137	sum	ANATOMY	1	<DELETED>	in fact the sum of the symptoms
RES0137	ill	SYMPTOM	1	<DELETED>	your child okay ill think about it
RES0137	behaviour	FINDING	1	breathing did	how about her behaviour does she seem
RES0137	csection	PROCEDURE	1	c-d-section a vachinal	or uh a csection uh vaginal and
RES0137	couple	FINDING	1	<DELETED>	in a couple couple minutes this kind
RES0138	nausea or vomiting	FINDING	3	no	or chills no nausea or vomiting nope and any
RES0138	history of smoking	FINDING	3	<UNKNOWN>	with your long history of smoking and this pulmonary
RES0138	short of breath	SYMPTOM	3	shorter	i just get short of breath more easily now
RES0138	no blood	FINDING	2	<DELETED>	green sputum no no any blood um no no
RES0138	rosuvastatin	DRUG	1	<DELETED>	theres uh uh rosuvastatin okay and do
RES0138	medications	DRUG	1	<DELETED>	allergies to any medications or any environmental
RES0138	chest xray	PROCEDURE	2	<UNKNOWN>	get an xray chest xray as well um
RES0138	chest xray	PROCEDURE	2	<UNKNOWN>	require like a chest xray and even um
RES0138	allergies	CONDITION	1	<DELETED>	pressure okay any allergies to any medications
RES0138	activity	FINDING	1	<DELETED>	with activity with activity okay and the
RES0138	fainting	SYMPTOM	1	pain	pain dizziness or fainting no no okay
RES0138	medical	PROCEDURE	1	<DELETED>	no besides your medical history of having
RES0138	history	FINDING	1	<DELETED>	besides your medical history of having a
RES0138	mine	PROCEDURE	1	<DELETED>	mine so a mine yeah lots of
RES0138	ill	SYMPTOM	1	<DELETED>	i do um ill ill drink a
RES0138	ill	SYMPTOM	1	<DELETED>	do um ill ill drink a glass
RES0138	something something	FINDING	2	<DELETED>	well something um something something pril and uh
RES0138	night night	DRUG	2	<DELETED>	a glass at night every night and a glass
RES0139	respiratory tract infection	CONDITION	3	<DELETED>	a viral upper respiratory tract infection that takes two
RES0139	no shortness of breath	FINDING	4	<DELETED>	at all no no any shortness of breath no and no
RES0139	physical examinations	PROCEDURE	2	<DELETED>	like after the physical examinations and everything we
RES0139	physical examination	FINDING	2	<DELETED>	do like a physical examination but it seems
RES0139	physical examination	FINDING	2	<DELETED>	well do the physical examination and then go
RES0139	three or four days	FINDING	4	eat two	three cigarettes maybe three or four days a week okay
RES0139	history of smoking	FINDING	3	<DELETED>	uh with a history of smoking you can have
RES0139	other symptoms	SYMPTOM	2	<DELETED>	yeah without any other symptoms um okay so
RES0139	sore throat	CONDITION	2	so	runny nose congestion sore throat anything like that
RES0139	sore throat	CONDITION	2	um so on top of the	like chest pain sore throat no okay um
RES0139	definitely	FINDING	1	<DELETED>	for today well definitely do like a
RES0139	definitely	FINDING	1	<DELETED>	two weeks we definitely want to do
RES0139	dry cough	DRUG	2	<DELETED>	cough its a dry cough okay are you
RES0139	dry cough	DRUG	2	<DELETED>	be like a dry cough can be just
RES0139	ramipril	DRUG	1	ramoprol	this pill called ramipril and uh ive
RES0139	ramipril	DRUG	1	a ramacrol	one just the ramipril i also take
RES0139	usually	FINDING	1	<DELETED>	potential contact they usually it comes back
RES0139	resolve	PROCEDURE	1	<DELETED>	more weeks to resolve in that case
RES0139	5 or 6	FINDING	3	five	yeah i maybe 5 or 6 beers a day
RES0139	cough	DRUG	1	<DELETED>	been having a cough for the last
RES0139	cough	DRUG	1	<DELETED>	youve had this cough for the last
RES0139	pill	DRUG	1	bill	me on this pill called ramipril and
RES0139	lung	CONDITION	1	longer	history of any lung or heart conditions
RES0139	back	ANATOMY	1	<DELETED>	usually it comes back in 24 to
RES0139	really not really	FINDING	3	<DELETED>	worse at all really not really its just been
RES0140	blood thinners	DRUG	2	<DELETED>	uh this with blood thinners and we definitely
RES0140	blood thinners	DRUG	2	<DELETED>	on anti on blood thinners okay and we
RES0140	physiotherapy	PROCEDURE	1	<DELETED>	get you some physiotherapy here while in
RES0140	hospitalize	FINDING	1	<DELETED>	definitely have to hospitalize you and well
RES0140	vital signs	PROCEDURE	2	<DELETED>	continuously monitor your vital signs um to make
RES0140	lisinopril	DRUG	1	<DELETED>	medication called um lisinopril and any new
RES0140	right calf	ANATOMY	2	<UNKNOWN>	pain in the right calf and the difficulties
RES0140	blood clot	CONDITION	2	<UNKNOWN>	which is a blood clot inside your lungs
RES0140	ultrasound	PROCEDURE	1	<DELETED>	also do an ultrasound of your leg
RES0140	definitely	FINDING	1	<DELETED>	thinners and we definitely have to hospitalize
RES0140	mobilize	PROCEDURE	1	<DELETED>	help you um mobilize better when you
RES0140	tylenol	DRUG	1	tyl	though just taking tylenol instead is your
RES0140	tylenol	DRUG	1	tyl	can increase your tylenol dose or maybe
RES0140	lungs	ANATOMY	1	<DELETED>	scan of your lungs to see whats
RES0140	scan	PROCEDURE	1	<DELETED>	well do a scan of your lungs
RES0140	leg	ANATOMY	1	<DELETED>	ultrasound of your leg and then um
RES0140	ill	SYMPTOM	1	<DELETED>	you out okay ill be ill be
RES0140	ill	SYMPTOM	1	<DELETED>	okay ill be ill be here for
RES0140	measuring	DRUG	1	<DELETED>	and well be measuring your vitals and
RES0140	couple	FINDING	1	<DELETED>	least the next couple of days until
RES0140	couple	FINDING	1	<DELETED>	in the past couple of days before
RES0140	not not really	FINDING	3	<UNKNOWN>	hip surgery um not not really like i was
RES0141	public health	PROCEDURE	2	<DELETED>	more guidelines from public health as to what
RES0141	night sweats	SYMPTOM	2	<UNKNOWN>	no any um night sweats or weight loss
RES0141	naproxen	DRUG	1	the proximity okay any	i have taken naproxen before okay surgeries
RES0141	positive	FINDING	1	<DELETED>	out if its positive youll receive more
RES0141	isolate	DRUG	1	<DELETED>	you to self isolate and stay away
RES0141	temple	ANATOMY	1	temples	side into my temple and what does
RES0141	heads	ANATOMY	1	head's	um like my heads just been hurting
RES0141	drugs	PROCEDURE	1	thoughts	okay any recreational drugs sorry no um
RES0141	dads	DRUG	1	dad's	so on my dads side they like
RES0141	ill	SYMPTOM	1	<DELETED>	and fever um ill also like do
RES0141	results	FINDING	1	<DELETED>	least until the results are out and
RES0141	results	FINDING	1	<DELETED>	then when the results are out if
RES0142	difficulties swallowing	CONDITION	2	difficulty	you had any difficulties swallowing um yeah i
RES0142	vigorous activity	FINDING	2	<DELETED>	um or exercise vigorous activity or like sports
RES0142	sinus congestion	CONDITION	2	<DELETED>	that no um sinus congestion uh no okay
RES0142	strep throat	CONDITION	2	<DELETED>	i guess strep strep throat it could also
RES0142	temperature	PROCEDURE	1	<DELETED>	also check your temperature um and see
RES0142	sore throat	CONDITION	2	<DELETED>	help soothe your sore throat um just some
RES0142	blood test	PROCEDURE	2	<DELETED>	do maybe a blood test for that you
RES0142	physical	PROCEDURE	1	<DELETED>	engage in in physical activity um or
RES0142	activity	FINDING	1	<DELETED>	in in physical activity um or exercise
RES0142	exercise	PROCEDURE	1	<DELETED>	activity um or exercise vigorous activity or
RES0142	comfort	DRUG	1	<DELETED>	um provide some comfort for yourself and
RES0142	spleen	CONDITION	1	<DELETED>	could cause your spleen to rupture and
RES0142	spleen	CONDITION	1	<DELETED>	and sometimes your spleen become very big
RES0142	soothe	DRUG	1	<DELETED>	yourself to help soothe your sore throat
RES0142	strep	CONDITION	1	struck	or i guess strep strep throat it
RES0142	belly	ANATOMY	1	<DELETED>	the in your belly it could cause
RES0142	strep	CONDITION	1	<DELETED>	do uh the strep test well also
RES0142	water	PROCEDURE	1	<DELETED>	uh just drinking water and taking lozenges
RES0142	mono	CONDITION	1	<DELETED>	not if its mono and if we
RES0142	mono	CONDITION	1	<DELETED>	you do have mono but well discuss
RES0142	chat	DRUG	1	<DELETED>	then we can chat a bit more
RES0142	ill	SYMPTOM	1	i'll	mono um but ill uh ill have
RES0142	ill	SYMPTOM	1	<DELETED>	but ill uh ill have a look
RES0142	hit	CONDITION	1	<DELETED>	if you get hit in the in
RES0142	problems	FINDING	1	<DELETED>	that can cause problems if you get
RES0142	engage	FINDING	1	<DELETED>	to um not engage in in physical
RES0142	couple	FINDING	1	<DELETED>	for the next couple of weeks or
RES0143	vomiting diarrhea	SYMPTOM	2	<UNKNOWN>	no nausea or vomiting no no diarrhea or constipation no
RES0143	bacterial pneumonia	CONDITION	2	<DELETED>	uh pneumonia uh bacterial pneumonia for instance oftentimes
RES0143	no sore throat	FINDING	3	<UNKNOWN>	sore throat no no no sore throat okay what about
RES0143	public health	PROCEDURE	2	<DELETED>	48 hours and public health will give you
RES0143	physical exam	FINDING	2	<DELETED>	also do a physical exam here and check
RES0143	physical exam	FINDING	2	<DELETED>	ill do a physical exam look inside your
RES0143	physical exam	FINDING	2	<DELETED>	ill do a physical exam and maybe have
RES0143	night sweats	SYMPTOM	2	<UNKNOWN>	and uh any night sweats uh no unintentional
RES0143	strep throat	CONDITION	2	<DELETED>	anything like say strep throat or mono or
RES0143	temperature	PROCEDURE	1	<DELETED>	and check your temperature to see if
RES0143	antibiotics	DRUG	1	<DELETED>	need any like antibiotics for my cough
RES0143	sore throat	CONDITION	2	<DELETED>	dont have a sore throat at all right
RES0143	antibiotics	DRUG	1	<DELETED>	be treated with antibiotics uh but ill
RES0143	runny nose	SYMPTOM	2	rhinos	have developed a runny nose last week and
RES0143	marijuana	CONDITION	1	marla	and what about marijuana yeah same same
RES0143	sniffles	FINDING	1	snipples	mom had the sniffles like last week
RES0143	positive	FINDING	1	<DELETED>	your results are positive and well let
RES0143	symptoms	SYMPTOM	1	<DELETED>	instance oftentimes um symptoms that you have
RES0143	isolate	DRUG	1	<DELETED>	request that you isolate self isolate at
RES0143	isolate	DRUG	1	<DELETED>	you isolate self isolate at home stay
RES0143	coughs	SYMPTOM	1	<DELETED>	feel like the coughs been just going
RES0143	throat	ANATOMY	1	<DELETED>	look inside your throat look inside your
RES0143	light	PROCEDURE	1	white	it might be light but its not
RES0143	cough	DRUG	1	<DELETED>	antibiotics for my cough oh um well
RES0143	mouth	ANATOMY	1	<DELETED>	look inside your mouth sorry and listen
RES0143	chest	FINDING	1	<DELETED>	listen to your chest and uh ensure
RES0143	back	ANATOMY	1	<DELETED>	results should come back in 24 to
RES0143	else	FINDING	1	<DELETED>	ensure that nothing else is going on
RES0143	mono	CONDITION	1	<DELETED>	strep throat or mono or you dont
RES0143	labs	LAB_RESULT	1	<DELETED>	look at your labs as well and
RES0143	rid	DRUG	1	<DELETED>	to just get rid of it well
RES0143	ill	SYMPTOM	1	<DELETED>	it well um ill do a physical
RES0143	ill	SYMPTOM	1	<DELETED>	antibiotics uh but ill do a physical
RES0143	pneumonia	CONDITION	1	<DELETED>	dont have uh pneumonia uh bacterial pneumonia
RES0143	weights	SYMPTOM	1	weight's	loss no my weights been the same
RES0143	results	FINDING	1	<DELETED>	um the test results should come back
RES0143	results	FINDING	1	<DELETED>	call if your results are positive and
RES0144	cystic fibrosis	CONDITION	2	<DELETED>	conditions anything like cystic fibrosis in the family
RES0144	antibiotics	DRUG	1	<DELETED>	need potentially need antibiotics he might need
RES0144	discussions	PROCEDURE	1	<DELETED>	have all these discussions after the babys
RES0144	5 minutes	PROCEDURE	2	five	after like within 5 minutes he was fine
RES0144	diagnosed	PROCEDURE	1	<DELETED>	he hasnt been diagnosed with any condition
RES0144	condition	CONDITION	1	<DELETED>	diagnosed with any condition no alright can
RES0144	allergies	CONDITION	1	<DELETED>	tell me about allergies is he allergic
RES0144	intubated	FINDING	1	<DELETED>	potentially to be intubated but we will
RES0144	history	FINDING	1	<DELETED>	about his family history anything that you
RES0144	medical	PROCEDURE	1	<DELETED>	healthy yeah no medical conditions anything like
RES0144	serious	FINDING	1	<DELETED>	thats this sounds serious so well keep
RES0144	weight	SYMPTOM	1	wet	five to six weight diapers and its
RES0144	normal	FINDING	1	no	growing well no normal issues any issues
RES0144	chest	FINDING	1	<DELETED>	see that his chest is moving more
RES0144	lungs	ANATOMY	1	<DELETED>	listen to his lungs look look inside
RES0144	mouth	ANATOMY	1	<DELETED>	look inside his mouth and thats this
RES0144	lung	CONDITION	1	lungs	related to the lung something like respiratory
RES0144	else	FINDING	1	<DELETED>	dad or anyone else in the family
RES0144	labs	LAB_RESULT	1	<DELETED>	well draw some labs and go from
RES0144	fed	CONDITION	1	had	feed maybe he fed for like one
RES0144	hospitalizations	PROCEDURE	1	<DELETED>	any or no hospitalizations you said and
RES0144	conditions	CONDITION	1	<DELETED>	yeah no medical conditions anything like cystic
RES0144	examine	DRUG	1	<DELETED>	alright well well examine the child and
RES0145	tonsillitis	CONDITION	1	domain	you had your tonsillitis i was yeah
RES0145	headaches	SYMPTOM	1	headache	other symptoms like headaches stuffy nose runny
RES0145	dry cough	DRUG	2	tri-cough	you had a dry cough and then over
RES0145	isolate	DRUG	1	<DELETED>	hours just self isolate stay away from
RES0145	bend	CONDITION	1	bent	head when you bend down or squat
RES0145	ill	SYMPTOM	1	i'll	ive uhm or ill get yeah like
RES0145	ill	SYMPTOM	1	i'll	four days so ill definitely have a
RES0145	amoxicillin	DRUG	1	crap all	think a like amoxicillin right and uh
RES0146	high cholesterol	CONDITION	2	<DELETED>	have high high high cholesterol and high bmi
RES0146	public health	PROCEDURE	2	<DELETED>	be getting from public health that sounds really
RES0146	pre diabetes	CONDITION	2	prediabetes okay that's	i have uh pre diabetes ok thats really
RES0146	prediabetes	CONDITION	1	pre-diabetes	told i have prediabetes as well so
RES0146	symptoms	SYMPTOM	1	<DELETED>	the you have symptoms started yesterday evening
RES0146	running	FINDING	1	and	yeah its pretty running clear ok uhm
RES0146	advice	FINDING	1	<DELETED>	on follow the advice that youll be
RES0146	back	ANATOMY	1	<DELETED>	test results are back in the next
RES0146	bmi	FINDING	1	pmi	cholesterol and high bmi uh yeah and
RES0146	instead	DRUG	1	sort	that youve been instead of isolating yourself
RES0146	results	FINDING	1	<DELETED>	you recover test results are back in
RES0146	statin	DRUG	1	satin	i take a statin medication for for
RES0146	couple	FINDING	1	<DELETED>	for the next couple of days at
RES0147	short of breath	SYMPTOM	3	shortened	do you feel short of breath yeah its just
RES0147	chest xray	PROCEDURE	2	<UNKNOWN>	exam do a chest xray and you might
RES0147	wet cough	FINDING	2	red	dry cough or wet cough ive been bringing
RES0147	ventolin	DRUG	1	ventilate	have been using ventolin and there was
RES0147	steroid	DRUG	1	steroids	giving you some steroid some are you
RES0147	hearts	ANATOMY	1	heart's	feel like your hearts beating very fast
RES0147	lives	FINDING	1	<DELETED>	who lives who lives nearby and umm
RES0147	swab	PROCEDURE	1	swap	do a covid swab here just in
RES0147	ill	SYMPTOM	1	i'll	in the morning ill bring up some
RES0147	ill	SYMPTOM	1	i'll	over and then ill go visit them
RES0147	wearing	FINDING	1	<DELETED>	outside are you wearing a mask and
RES0148	general symptoms	SYMPTOM	2	<DELETED>	of your uh general symptoms which do overlap
RES0148	physical exam	FINDING	2	<DELETED>	on to the physical exam uh did you
RES0148	joint pains	SYMPTOM	2	<UNKNOWN>	when my uh joint pains are really bad
RES0148	common cold	CONDITION	2	<DELETED>	something like the common cold um as well
RES0148	quetiapine	DRUG	1	<DELETED>	i take um quetiapine and uh i
RES0148	new cough	SYMPTOM	2	<DELETED>	it a new new cough its a new
RES0148	symptoms	SYMPTOM	1	<DELETED>	and if your symptoms get worse at
RES0148	overlap	PROCEDURE	1	<DELETED>	symptoms which do overlap with with covid
RES0148	isolate	DRUG	1	<DELETED>	you to self isolate um for for
RES0148	swab	PROCEDURE	1	<DELETED>	a a covid swab today just because
RES0148	back	ANATOMY	1	<DELETED>	we will get back the results um
RES0148	ill	SYMPTOM	1	i'll	i do uh ill drink um sometimes
RES0148	add	CONDITION	1	<DELETED>	you wanted to add maybe before um
RES0148	act	PROCEDURE	1	<DELETED>	we will uh act accordingly
RES0148	20 years	FINDING	2	twenty	i was uh 20 years old so about
RES0148	results	FINDING	1	<DELETED>	get back the results um as soon
RES0149	difficulty breathing	SYMPTOM	2	<DELETED>	as some more difficulty breathing and some left
RES0149	life threatening	FINDING	2	<DELETED>	the more um life threatening or potentially um
RES0149	other symptoms	SYMPTOM	2	<DELETED>	you had any other symptoms no i dont
RES0149	left leg pain	SYMPTOM	3	<DELETED>	left pain uh left leg pain with with some
RES0149	physical exam	FINDING	2	<DELETED>	to uh the physical exam we want to
RES0149	vital signs	PROCEDURE	2	<DELETED>	to check uh vital signs and have a
RES0149	chest pain	SYMPTOM	2	<DELETED>	so this this chest pain when you breathe
RES0149	swelling	CONDITION	1	<DELETED>	with with some swelling uh have you
RES0149	embolism	FINDING	1	<DELETED>	theres a pulmonary embolism um uh because
RES0149	history	FINDING	1	<DELETED>	today on on history and before i
RES0149	imaging	FINDING	1	<DELETED>	get uh some imaging of your of
RES0149	sugars	PROCEDURE	1	<DELETED>	he said my sugars were good ok
RES0149	heart	CONDITION	1	<DELETED>	listen to your heart and lungs and
RES0149	lungs	ANATOMY	1	<DELETED>	your heart and lungs and um measure
RES0149	shins	ANATOMY	1	<DELETED>	your of your shins as well um
RES0149	lungs	ANATOMY	1	<DELETED>	your of your lungs um to assess
RES0149	dads	DRUG	1	dad's	grandparents on my dads side uh had
RES0149	and left	ANATOMY	2	<DELETED>	more difficulty breathing and some left pain uh left
RES0149	been after travels	FINDING	3	<DELETED>	uh have you been after travels as well have
RES0150	vaccination	PROCEDURE	1	<DELETED>	more about the vaccination um later sure
RES0150	chest pain	SYMPTOM	2	cascade	mentioned anything about chest pain uh no alright
RES0150	management	PROCEDURE	1	<DELETED>	to um supportive management and um ensure
RES0150	red eyes	SYMPTOM	2	<DELETED>	some red eye red eyes that with some
RES0150	symptoms	SYMPTOM	1	<DELETED>	kids experiencing similar symptoms um im not
RES0150	not sure	FINDING	2	<DELETED>	symptoms um im not sure i i guess
RES0150	red eye	SYMPTOM	2	<UNKNOWN>	nose um some red eye red eyes that
RES0150	measles	CONDITION	1	<DELETED>	could be uh measles and so um
RES0150	playing	FINDING	1	<DELETED>	he was out playing with other children
RES0150	rash	SYMPTOM	1	<DELETED>	um at the rash and get the
RES0150	else	FINDING	1	<DELETED>	to um anybody else that reminds me
RES0150	csection	PROCEDURE	1	c-section	give get a csection done ok were
RES0150	reminds	PROCEDURE	1	<DELETED>	anybody else that reminds me yeah he
RES0151	viral illness	CONDITION	2	<DELETED>	another type of viral illness like the common
RES0151	common cold	CONDITION	2	<DELETED>	illness like the common cold which is causing
RES0151	chest pain	SYMPTOM	2	<DELETED>	pain um no chest pain ok and youve
RES0151	symptoms	SYMPTOM	1	<DELETED>	some of the symptoms that youre having
RES0151	symptoms	SYMPTOM	1	<DELETED>	and some nonspecific symptoms like that can
RES0151	symptoms	SYMPTOM	1	<DELETED>	causing your your symptoms here today um
RES0151	symptoms	SYMPTOM	1	<DELETED>	and if your symptoms diligent with the
RES0151	symptoms	SYMPTOM	1	<DELETED>	and if your symptoms get any worse
RES0151	cough	DRUG	1	<DELETED>	having like um cough and some nonspecific
RES0151	nothings	FINDING	1	nothing's	to make sure nothings wrong i see
RES0152	nausea or vomiting	FINDING	3	<UNKNOWN>	no no no nausea or vomiting have you had
RES0152	runny nose	SYMPTOM	2	<DELETED>	eyes or runny runny nose sore throat uh
RES0152	hearts	ANATOMY	1	heart's	um like your hearts racing or beating
RES0153	sore throat	CONDITION	2	sort of okay	had like a sore throat ok so quite
RES0153	hoarseness	SYMPTOM	1	horseness	little bit of hoarseness but not not
RES0153	just right	FINDING	2	<UNKNOWN>	of neck swelling just right at the front
RES0153	lumpiness	FINDING	1	small feet	noticed like this lumpiness on one side
RES0153	hearts	ANATOMY	1	heart's	faster or your hearts beating faster uh
RES0153	neck	FINDING	1	deck	sides of your neck or kind of
RES0153	cold	PROCEDURE	1	cole	tried like tylenol cold but it didnt
RES0153	ill	SYMPTOM	1	<DELETED>	well certainly uh ill look at it
RES0153	pretty pretty	FINDING	2	<UNKNOWN>	i have a pretty pretty loving family ok
RES0154	vomiting diarrhea	SYMPTOM	2	<UNKNOWN>	any nausea or vomiting no any diarrhea no ok any
RES0154	take deep breath	FINDING	3	<UNKNOWN>	lot to like take that deep breath ok um and
RES0154	coughing up sputum	FINDING	3	<UNKNOWN>	green were you coughing up sputum prior to this
RES0154	take deep breath	FINDING	3	strain that's come from uh taking	discomfort when i take a deep breath ok is it
RES0154	nose symptoms	SYMPTOM	2	<UNKNOWN>	have a runny nose any symptoms like that not
RES0154	osteoarthritis	CONDITION	1	okay uh	she had like osteoarthritis ok and any
RES0154	antibiotics	DRUG	1	<DELETED>	have you had antibiotics recently or within
RES0154	antibiotics	DRUG	1	<DELETED>	reason no no antibiotics ok so so
RES0154	antibiotics	DRUG	1	<DELETED>	you may need antibiotics for um for
RES0154	discomfort	SYMPTOM	1	strain that's come from uh taking	some straining and discomfort when i take
RES0154	chest xray	PROCEDURE	2	<DELETED>	also get a chest xray as well ok
RES0154	vitamins	DRUG	1	multivitamins all right	vitamin calcium multi vitamins alright any allergies
RES0154	symptoms	SYMPTOM	1	<DELETED>	with the the symptoms um it could
RES0154	history	FINDING	1	<DELETED>	on uh on history um was there
RES0154	swab	PROCEDURE	1	<DELETED>	and get a swab um and um
RES0154	20s	ANATOMY	1	twenties okay	life in my 20s ok uh do
RES0154	uh vitamin	DRUG	2	vitamin d	medications um just uh vitamin calcium multi vitamins
RES0154	pneumonia	CONDITION	1	<DELETED>	could be um pneumonia which could be
RES0154	pneumonia	CONDITION	1	<DELETED>	there is uh pneumonia so well also
RES0154	csection	PROCEDURE	1	c-section	i had a csection in my twenties
RES0155	gasping for air	SYMPTOM	3	ask me to prepare	at night gasping gasping for air no i havent
RES0155	night gasping	FINDING	2	<UNKNOWN>	wake up at night gasping gasping for air
RES0155	palpitations	FINDING	1	palpitation	any sensation of palpitations or your heart
RES0155	temperature	PROCEDURE	1	the control	to take your temperature at all no
RES0155	sore throat	CONDITION	2	uh i'm sort of leaving	symptoms like um sore throat runny nose anything
RES0155	antibiotics	DRUG	1	<DELETED>	go home on antibiotics um from there
RES0155	runny nose	SYMPTOM	2	uh i'm sort of leaving	um sore throat runny nose anything like that
RES0155	chest xray	PROCEDURE	2	<DELETED>	blood work and chest xray just to see
RES0155	symbicort	DRUG	1	cybacort	ventolin i take symbicort daily um which
RES0155	admission	PROCEDURE	1	<DELETED>	any kind of admission or you can
RES0155	no blood	FINDING	2	<DELETED>	blood no no no blood no blood ok
RES0155	symptoms	SYMPTOM	1	<DELETED>	you do your symptoms get worse at
RES0155	diarrhea	FINDING	1	pandemic	any kind of diarrhea or constipation no
RES0155	ventolin	DRUG	1	<DELETED>	a medication uh ventolin i take symbicort
RES0155	response	FINDING	1	<DELETED>	and monitor your response to them uh
RES0155	symptoms	SYMPTOM	1	<DELETED>	some of these symptoms also overlap with
RES0155	symptoms	SYMPTOM	1	<DELETED>	overlap with covid symptoms um and yeah
RES0155	overlap	PROCEDURE	1	<DELETED>	these symptoms also overlap with covid symptoms
RES0155	fevers	SYMPTOM	1	anything really	you had any fevers or chills yeah
RES0155	energy	FINDING	1	energy's	breath but my energy has been been
RES0155	tests	PROCEDURE	1	<DELETED>	get all those tests there and then
RES0155	swab	PROCEDURE	1	<DELETED>	like a covid swab done since some
RES0155	ill	SYMPTOM	1	i'll	yeah i mean ill have some uh
RES0155	ill	SYMPTOM	1	<DELETED>	do um and ill let the emergency
RES0155	pneumonia	CONDITION	1	<DELETED>	theres any like pneumonia and lastly well
RES0155	weights	SYMPTOM	1	weight's	i think my weights been about the
RES0156	environmental factors	FINDING	2	<DELETED>	some irritation through environmental factors as well so
RES0156	physical examination	FINDING	2	<DELETED>	like a full physical examination that sounds great
RES0156	definitely	FINDING	1	<DELETED>	one thing that definitely we want to
RES0156	one thing	FINDING	2	<DELETED>	at this age one thing that definitely we
RES0156	reactine	DRUG	1	reactive	a uh like reactine or like i
RES0156	symptoms	SYMPTOM	1	<DELETED>	some of her symptoms uh and lastly
RES0156	medical	PROCEDURE	1	mental	all with any medical conditions in the
RES0156	history	FINDING	1	that shows	um any family history of any lung
RES0156	worries	FINDING	1	<DELETED>	yeah and no worries and then well
RES0156	asthma	CONDITION	1	<DELETED>	if she has asthma um she does
RES0156	asthma	CONDITION	1	<DELETED>	are associated with asthma like it seems
RES0156	asthma	CONDITION	1	<DELETED>	in fact has asthma or not and
RES0156	shell	ANATOMY	1	she'll	during these episodes shell have a really
RES0156	shell	ANATOMY	1	she'll	uh and sometimes shell get a cough
RES0156	shell	ANATOMY	1	she'll	um seasons like shell get a runny
RES0156	shell	ANATOMY	1	<DELETED>	use um like shell just take a
RES0156	cough	DRUG	1	<DELETED>	shes having a cough well also do
RES0156	dust	FINDING	1	does i'm	exercise um and dust uh im im
RES0156	lung	CONDITION	1	lower	history of any lung or heart conditions
RES0156	milestones	DRUG	1	muscles	um meeting her milestones on her growth
RES0158	nausea or vomiting	FINDING	3	non-real	you having any nausea or vomiting um no i
RES0158	multi vitamin	DRUG	2	<DELETED>	the uh the multi vitamin and then a
RES0158	public health	PROCEDURE	2	<DELETED>	on the test public health will contact you
RES0158	someone else	FINDING	2	<DELETED>	outside see if someone else can get groceries
RES0158	definitely	FINDING	1	<DELETED>	um there is definitely a possibility and
RES0158	definitely	FINDING	1	<DELETED>	so we will definitely get a covid
RES0158	headache	SYMPTOM	1	head	been having a headache like i dont
RES0158	symptoms	SYMPTOM	1	<DELETED>	lot of the symptoms that youre having
RES0158	symptoms	SYMPTOM	1	<DELETED>	overlap with covid symptoms uh so we
RES0158	overlap	PROCEDURE	1	<DELETED>	that youre having overlap with covid symptoms
RES0158	usually	FINDING	1	<DELETED>	you today it usually comes back in
RES0158	isolate	DRUG	1	<DELETED>	recommend that you isolate either in a
RES0158	isolate	DRUG	1	<DELETED>	family members um isolate to the best
RES0158	either	FINDING	1	<DELETED>	that you isolate either in a room
RES0158	sleep	DRUG	1	<DELETED>	much um my sleep has been ok
RES0158	swab	PROCEDURE	1	<DELETED>	get a covid swab test done for
RES0158	back	ANATOMY	1	<DELETED>	it usually comes back in the next
RES0158	best	CONDITION	1	<DELETED>	isolate to the best of your abilities
RES0158	green green	DRUG	2	<UNKNOWN>	greens supplement a green green supplement yeah its
RES0159	lisinopril	DRUG	1	medzinopro	medication called uh lisinopril anything else um
RES0159	stairs	FINDING	1	<DELETED>	up and down stairs has been tough
RES0159	bph	CONDITION	1	bbh	for your uh bph oh yeah sorry
RES0159	tamsulosin	DRUG	1	okay all right	this medication called tamsulosin ok alright any
RES0160	numbness or tingling	FINDING	3	<UNKNOWN>	no ok any numbness or tingling in your arms
RES0160	flu like symptoms	SYMPTOM	3	<DELETED>	any other like flu like symptoms have you had
RES0160	stuffy nose	SYMPTOM	2	stepy	runny nose or stuffy nose sore throat any
RES0160	headaches	SYMPTOM	1	headache's	feel like your headaches getting better right
RES0160	ramipril	DRUG	1	<DELETED>	i take uh ramipril for the blood
RES0160	not well	FINDING	2	<UNKNOWN>	you have covior not well also do a
RES0160	cough	DRUG	1	cough's	cough but your cough is getting better
RES0160	carry	FINDING	1	diarrhea	hungry with the carry i feel like
RES0160	dads	DRUG	1	dad's	it on my dads side on my
RES0160	ill	SYMPTOM	1	i'll	from there and ill off ill talk
RES0160	ill	SYMPTOM	1	<DELETED>	and ill off ill talk to my
RES0161	acute rhinosinusitis	CONDITION	2	<UNKNOWN>	a condition called acute rhinosinusitis where you have
RES0161	thiazide diuretic	DRUG	2	diabetic um diabetic	its like a thiazide diuretic for blood pressure
RES0161	other symptoms	SYMPTOM	2	<DELETED>	any other any other symptoms that youve experienced
RES0161	bladder cancer	CONDITION	2	bottom	mothers side had bladder cancer ok ok uhm
RES0161	night sweats	SYMPTOM	2	<UNKNOWN>	loss or any night sweats no no ok
RES0161	atorvastatin	DRUG	1	in	and then just atorvastatin for cholesterol any
RES0161	medications	DRUG	1	<DELETED>	do you take medications yeah so i
RES0161	tylenol	DRUG	1	is	you feel like tylenol sort of reducing
RES0161	light	PROCEDURE	1	and like	i see the light kind of up
RES0161	run	FINDING	1	come	medical conditions that run in the family
RES0161	cut	ANATOMY	1	i've come	smoke but ive cut down significantly in
RES0161	ill	SYMPTOM	1	i'll	thats building up ill also do a
RES0161	mothers	DRUG	1	mother's	cancer on my mothers side my uncle
RES0161	mothers	DRUG	1	mother's	uncle from my mothers side had bladder
RES0162	physical exam	FINDING	2	piscal	will do a physical exam now and ill
RES0162	reactine	DRUG	1	reactin	i just take reactine usually during the
RES0162	reactine	DRUG	1	reactin	and other than reactine do you take
RES0162	symptoms	SYMPTOM	1	<DELETED>	like having these symptoms have you ever
RES0162	usually	FINDING	1	<DELETED>	its usually its usually a dry cough
RES0162	hearts	ANATOMY	1	heart's	feel like your hearts beating really fast
RES0162	light	PROCEDURE	1	white	up like this light material but usually
RES0162	times	CONDITION	1	<DELETED>	i like often times over the last
RES0162	exam	PROCEDURE	1	eczema	have any like exam or rashes but
RES0162	pet	PROCEDURE	1	bed	new a new pet or something that
RES0162	ill	SYMPTOM	1	i'll	exam now and ill go talk to
RES0163	physical examination	FINDING	2	<DELETED>	just do the physical examination to go from
RES0163	nose bleeds	CONDITION	2	nosebleeds um	you get these nose bleeds uhm maybe once
RES0163	eyes runny	SYMPTOM	2	<UNKNOWN>	sneezing itching red eyes runny nose anything like
RES0163	throats	ANATOMY	1	throat	in your mouth throats that can cause
RES0163	imaging	FINDING	1	<DELETED>	to do some imaging and even perhaps
RES0163	nose	CONDITION	1	running out	red eyes runny nose anything like im
RES0163	ill	SYMPTOM	1	i'll	time i decided ill get something done
RES0163	fom	PROCEDURE	1	or i'm	the gym uhm fom doing the gym
RES0163	obstruct obstructive	CONDITION	2	<DELETED>	having something called obstruct obstructive sleep apnea and
RES0164	physical examination	FINDING	2	<DELETED>	like a full physical examination and if its
RES0164	supportive care	PROCEDURE	2	<DELETED>	monitor and do supportive care for but if
RES0164	public health	PROCEDURE	2	<DELETED>	further instruction from public health sounds great alright
RES0164	muscle aches	SYMPTOM	2	<DELETED>	of joint or muscle aches at all no
RES0164	symptoms	SYMPTOM	1	him something	have caused the symptoms i dont think
RES0164	examined	FINDING	1	examine what	want to see examined with the rash
RES0164	symptoms	SYMPTOM	1	<DELETED>	some of the symptoms overlap with covisymptoms
RES0164	overlap	PROCEDURE	1	<DELETED>	of the symptoms overlap with covisymptoms and
RES0164	coughs	SYMPTOM	1	okay cough's	the rash ok coughs gotten better yeah
RES0164	joint	FINDING	1	<DELETED>	he complaining of joint or muscle aches
RES0164	rash	SYMPTOM	1	rush	you describe the rash for me like
RES0164	lung	CONDITION	1	longer	history of any lung or heart conditions
RES0164	else	FINDING	1	<DELETED>	if its anything else we might need
RES0164	back	ANATOMY	1	<DELETED>	get the results back in 24 hours
RES0164	immunizations	PROCEDURE	1	<DELETED>	get all his immunizations done earlier he
RES0164	immunizations	PROCEDURE	1	<DELETED>	got all his immunizations when he uh
RES0164	results	FINDING	1	<DELETED>	will get the results back in 24
RES0164	other brother	FINDING	2	<UNKNOWN>	well as his other brother his two brothers
RES0165	environmental allergy	CONDITION	2	<UNKNOWN>	medication no any environmental allergy no ok any
RES0165	cough and runny nose	DRUG	4	<UNKNOWN>	with your dry cough and runny nose sore throat and
RES0165	heart condition	FINDING	2	<UNKNOWN>	any lung or heart condition just high blood
RES0165	nose runny	SYMPTOM	2	<UNKNOWN>	a a runny nose a runny nose as well
RES0165	sore throat	CONDITION	2	the sword	started with a sore throat two nights ago
RES0165	come and go	FINDING	3	coming now	constant or they come and go no theyre not
RES0165	medications	DRUG	1	<DELETED>	over the counter medications like tylenol cold
RES0165	management	PROCEDURE	1	<DELETED>	instructions as for management i think you
RES0165	physical	PROCEDURE	1	full	today after a physical physical examination sure
RES0165	hydrated	DRUG	1	<DELETED>	fluids and stay hydrated and if those
RES0165	symptoms	SYMPTOM	1	<DELETED>	those if your symptoms worsen at all
RES0165	symptom	SYMPTOM	1	your symptoms	okay are you symptom getting any better
RES0165	animals	DRUG	1	outfits animal	dust new carpets animals anything like that
RES0165	tylenol	DRUG	1	<DELETED>	counter medications like tylenol cold drink lots
RES0165	fluids	PROCEDURE	1	<DELETED>	drink lots of fluids and stay hydrated
RES0165	worsen	FINDING	1	<DELETED>	if your symptoms worsen at all you
RES0165	nose	CONDITION	1	<DELETED>	nose a runny nose as well ok
RES0165	cold	PROCEDURE	1	<DELETED>	medications like tylenol cold drink lots of
RES0166	deep vein thrombosis	CONDITION	3	<UNKNOWN>	clots like a deep vein thrombosis or pulmonary embolism
RES0166	nausea and vomiting	SYMPTOM	3	<UNKNOWN>	any symptoms of nausea and vomiting at all uhm
RES0166	clotting disorders	CONDITION	2	plotting	any clotting or clotting disorders at all no
RES0166	coughing up blood	SYMPTOM	3	<UNKNOWN>	any kind of coughing up blood or anything like
RES0166	activities	FINDING	1	tv	we were doing activities it was when
RES0166	activities	FINDING	1	these okay then	i was doing activities ok and what
RES0166	clotting	CONDITION	1	plotting	history of any clotting or clotting disorders
RES0166	fever	FINDING	1	fevers	any chills or fever or anything like
RES0166	caps	CONDITION	1	calves	pain in your caps at all no
RES0166	lung	CONDITION	1	longer	history of any lung or heart conditions
RES0166	lung	CONDITION	1	not long and	conditions um no lung or heart conditions
RES0166	ill	SYMPTOM	1	i'll	marijuana uh sometimes ill have marijuana with
RES0166	ill	SYMPTOM	1	<DELETED>	i do come ill have maybe two
RES0166	immobilized	PROCEDURE	1	even mobilized	youve been pretty immobilized i try but
RES0166	immobilized	PROCEDURE	1	you're immobilizing you want	injury and youre immobilized we need to
RES0167	4 or 5 days	FINDING	4	four	going on for 4 or 5 days now umm and
RES0167	rabeprazole	DRUG	1	rebeprazol okay yep all right	an r uhm rabeprazole ok yeah alright
RES0167	chest xray	PROCEDURE	2	test x-ray	to get a chest xray to see if
RES0167	fatigued	SYMPTOM	1	fatigue	just like just fatigued like more than
RES0167	shingrix	DRUG	1	shingrex	vaccine and the shingrix i had the
RES0167	shingrix	DRUG	1	shingrex	i had the shingrix the pneumo i
RES0167	rundown	SYMPTOM	1	run down okay	felt like very rundown ok just like
RES0167	rundown	SYMPTOM	1	down	i felt really rundown and fatigued i
RES0167	hearts	ANATOMY	1	heart's	feel like your hearts racing no i
RES0167	major	FINDING	1	<DELETED>	but nothing like major any chest pain
RES0167	ill	SYMPTOM	1	i'll	you drink alcohol ill have the occasional
RES0167	bellyaches	SYMPTOM	1	aches	the same no bellyaches nope no bellyaches
RES0167	bellyaches	SYMPTOM	1	aches	bellyaches nope no bellyaches nope ok how
RES0168	nasal decongestant	DRUG	2	decongression	little bit of nasal decongestant but i know
RES0168	five to seven days	FINDING	4	<DELETED>	take those for five to seven days and see if
RES0168	sinus infections	CONDITION	2	science version that's	now like my sinus infections and that have
RES0168	post nasal drip	SYMPTOM	3	postnasal	a lot of post nasal drip and it makes
RES0168	corticosteroids	DRUG	1	<DELETED>	you some inhaled corticosteroids because i think
RES0168	rhinosinusitis	CONDITION	1	identifier	like acute bacterial rhinosinusitis because of some
RES0168	strep throat	CONDITION	2	stretched	you have like strep throat or something ok
RES0168	antibiotics	DRUG	1	<DELETED>	will prescribe some antibiotics for you probably
RES0168	feeling ok	SYMPTOM	2	<UNKNOWN>	and things were feeling ok so i havent
RES0168	dizziness	SYMPTOM	1	he	how about like dizziness or fainting no
RES0168	prescribe	PROCEDURE	1	<DELETED>	so we will prescribe some antibiotics for
RES0168	prescribe	PROCEDURE	1	<DELETED>	this will also prescribe you some inhaled
RES0168	symptoms	SYMPTOM	1	you're set to	yeah so your symptoms ok because some
RES0168	symptoms	SYMPTOM	1	<DELETED>	some of your symptoms clear up if
RES0168	symptoms	SYMPTOM	1	<DELETED>	see how your symptoms are holding up
RES0168	overlap	PROCEDURE	1	top of	of these things overlap with covid were
RES0168	throat	ANATOMY	1	throat's	uh so my throat not sore in
RES0168	saline	PROCEDURE	1	ring sense says	the rinses the saline rinses i used
RES0168	notify	PROCEDURE	1	don't buy	you and theyll notify you of your
RES0168	saline	PROCEDURE	1	<DELETED>	with the rinse saline rinses and these
RES0168	knees	ANATOMY	1	is	advil if my knees sore ok ok
RES0168	sore	SYMPTOM	1	it's soaring	its like its sore in that way
RES0168	lung	CONDITION	1	long	family history of lung or heart conditions
RES0168	mold	DRUG	1	<DELETED>	carpets smoke asbestos mold anything like that
RES0168	swab	PROCEDURE	1	swap	to have to swab you and theyll
RES0168	decongestants	DRUG	1	it it's	rinses and these decongestants so we will
RES0168	problem	PROCEDURE	1	<DELETED>	ok yeah no problem
RES0168	amoxicillin	DRUG	1	<DELETED>	for you probably amoxicillin take those for
RES0168	results	FINDING	1	<DELETED>	you of your results in like 24
RES0169	difficulties	FINDING	1	difficulties in	like that any difficulties breathing no any
RES0169	teary eyes	FINDING	2	toary	red eyes watery teary eyes sneezing any of
RES0169	definitely	FINDING	1	<DELETED>	having worsening symptoms definitely come back or
RES0169	worsening	FINDING	1	<DELETED>	or youre having worsening symptoms definitely come
RES0169	symptoms	SYMPTOM	1	<DELETED>	and hopefully your symptoms will get better
RES0169	symptoms	SYMPTOM	1	<DELETED>	feel like your symptoms are persisting for
RES0169	symptoms	SYMPTOM	1	<DELETED>	youre having worsening symptoms definitely come back
RES0169	isolate	DRUG	1	<DELETED>	try to self isolate as much as
RES0169	tylenol	DRUG	1	<DELETED>	water maybe take tylenol or advil if
RES0169	fevers	SYMPTOM	1	fever	when did the fevers start i think
RES0169	water	PROCEDURE	1	<DELETED>	drink lots of water maybe take tylenol
RES0169	advil	DRUG	1	<DELETED>	take tylenol or advil if thats making
RES0169	drug	FINDING	1	any drugs	been consuming the drug tried anything no
RES0169	back	ANATOMY	1	<DELETED>	symptoms definitely come back or give us
RES0169	ill	SYMPTOM	1	i'll	flu um so ill request that we
RES0169	simple	ANATOMY	1	similar	mild something pretty simple like it so
RES0169	pretty pretty	FINDING	2	<UNKNOWN>	your nose its pretty pretty watery and clear
RES0170	prescribed	PROCEDURE	1	<DELETED>	we can be prescribed some puffers and
RES0170	wheezing	SYMPTOM	1	<DELETED>	so like the wheezing and all of
RES0170	wheezing	SYMPTOM	1	<DELETED>	you said the wheezing sort of lasts
RES0170	possibly	FINDING	1	<DELETED>	times yes its possibly i mean i
RES0170	asthma	CONDITION	1	<DELETED>	be with from asthma too uhm yeah
RES0170	asthma	CONDITION	1	<DELETED>	would think its asthma but then well
RES0170	times	CONDITION	1	<DELETED>	that any other times yes its possibly
RES0170	ill	SYMPTOM	1	<DELETED>	that i think ill everything like thats
RES0170	hospitalizations	PROCEDURE	1	hospitalizes	now ok any hospitalizations or surgeries no
RES0170	pretty pretty	FINDING	2	<UNKNOWN>	usually go away pretty pretty quickly and he
RES0171	take deep breath	FINDING	3	you're taking	occur when you take a deep breath or are there
RES0171	flu like symptoms	SYMPTOM	3	feel	ok any other flu like symptoms runny nose stuffy
RES0171	stuffy nose	SYMPTOM	2	steppy	symptoms runny nose stuffy nose sore throat anything
RES0171	medications	DRUG	1	<DELETED>	give you any medications like any blood
RES0171	medications	DRUG	1	<DELETED>	any blood thinning medications ok yeah that
RES0171	definitely	FINDING	1	<DELETED>	but not enough definitely want to keep
RES0171	definitely	FINDING	1	<DELETED>	so i would definitely strongly recommend that
RES0171	ultrasound	PROCEDURE	1	<DELETED>	well do an ultrasound of your leg
RES0171	surgery 2	FINDING	2	<UNKNOWN>	yeah i had surgery 2 weeks ago what
RES0171	education	FINDING	1	<DELETED>	you need more education or guidance on
RES0171	very much	FINDING	2	<DELETED>	not moving around very much sometimes that causes
RES0171	difficult	FINDING	1	<DELETED>	can make it difficult for you to
RES0171	thinning	SYMPTOM	1	<DELETED>	like any blood thinning medications ok yeah
RES0171	surgery	FINDING	1	<DELETED>	you had a surgery and you were
RES0171	usually	FINDING	1	<DELETED>	much as it usually does and kind
RES0171	confirm	FINDING	1	<DELETED>	do have to confirm it using a
RES0171	others	DRUG	1	other	general questions about others potential symptoms do
RES0171	weight	SYMPTOM	1	<DELETED>	helping you reduce weight thats great but
RES0171	turned	FINDING	1	<DELETED>	place and get turned into a clot
RES0171	settle	CONDITION	1	<DELETED>	get dislodged and settle into your lungs
RES0171	weight	SYMPTOM	1	<DELETED>	smoke and your weight and your bmi
RES0171	lungs	ANATOMY	1	<DELETED>	settle into your lungs and that can
RES0171	tests	PROCEDURE	1	<DELETED>	well do some tests that thats what
RES0171	chest	FINDING	1	<DELETED>	scan of your chest and see whats
RES0171	clot	DRUG	1	<DELETED>	have developed a clot in your leg
RES0171	body	ANATOMY	1	<DELETED>	move around your body is as as
RES0171	clot	DRUG	1	<DELETED>	turned into a clot and that clot
RES0171	clot	DRUG	1	<DELETED>	clot and that clot can sometimes get
RES0171	clot	DRUG	1	<DELETED>	of developing a clot so i would
RES0171	scan	PROCEDURE	1	<DELETED>	well do a scan of your chest
RES0171	ill	SYMPTOM	1	i'll	and alcohol yeah ill have some wine
RES0171	far	PROCEDURE	1	<DELETED>	told me so far it sounds like
RES0171	leg	ANATOMY	1	<DELETED>	clot in your leg somewhere simply because
RES0171	far	PROCEDURE	1	<DELETED>	told me so far but we do
RES0171	bmi	FINDING	1	<DELETED>	weight and your bmi is high increases
RES0171	leg	ANATOMY	1	<DELETED>	ultrasound of your leg and well do
RES0171	and problems	FINDING	2	<UNKNOWN>	and share resources and problems like medications and
RES0171	metformin	DRUG	1	formin um	uh insulin well metformin and then thats
RES0171	helping	DRUG	1	<DELETED>	currently doing is helping you and is
RES0171	helping	DRUG	1	<DELETED>	you and is helping you reduce weight
RES0171	reduce	FINDING	1	<DELETED>	is helping you reduce weight thats great
RES0171	reduce	FINDING	1	<DELETED>	to try to reduce both and try
RES0172	difficulty swallowing	CONDITION	2	difficulties	breathing no any difficulty swallowing with a sore
RES0172	take tylenol and rest	PROCEDURE	4	<DELETED>	to you know take tylenol and rest and take care
RES0172	flu like symptoms	SYMPTOM	3	flu-like	fuzziness or any flu like symptoms uh i have
RES0172	public health	PROCEDURE	2	<DELETED>	back or call public health to get some
RES0172	chest pain	SYMPTOM	2	jet chucking	have had any chest pain no havent had
RES0172	chest pain	SYMPTOM	2	changes	havent had any chest pain havent had anything
RES0172	definitely	FINDING	1	<DELETED>	period of time definitely come back or
RES0172	symptoms	SYMPTOM	1	<DELETED>	given that your symptoms sort of sound
RES0172	exposure	FINDING	1	<DELETED>	you had some exposure to to other
RES0172	symptoms	SYMPTOM	1	<DELETED>	werent just showing symptoms at the time
RES0172	symptoms	SYMPTOM	1	<DELETED>	and if your symptoms worsen or stay
RES0172	symptoms	SYMPTOM	1	<DELETED>	back or your symptoms improve or the
RES0172	tylenol	DRUG	1	tenth	mentioned that the tylenol helped it did
RES0172	illness	FINDING	1	<DELETED>	sort of an illness that they could
RES0172	isolate	DRUG	1	<DELETED>	others and self isolate for the next
RES0172	improve	FINDING	1	<DELETED>	or your symptoms improve or the next
RES0172	worsen	FINDING	1	<DELETED>	if your symptoms worsen or stay the
RES0172	others	DRUG	1	<DELETED>	stay away from others and self isolate
RES0172	sick	SYMPTOM	1	<DELETED>	though they werent sick it could it
RES0172	swab	PROCEDURE	1	<DELETED>	get a covid swab done just to
RES0172	back	ANATOMY	1	<DELETED>	time definitely come back or call public
RES0172	back	ANATOMY	1	<DELETED>	clear covid swabs back or your symptoms
RES0172	ill	SYMPTOM	1	<DELETED>	be that and ill recommend that you
RES0172	infection	CONDITION	1	<DELETED>	viral or bacterial infection and seeing that
RES0172	couple	FINDING	1	<DELETED>	for the next couple of days or
RES0173	hypersensitivity pneumonitis	CONDITION	2	<DELETED>	on like called hypersensitivity pneumonitis but also we
RES0173	chest xray	PROCEDURE	2	<DELETED>	uh imaging and chest xray and we will
RES0173	wet cough	FINDING	2	a dry	cough or or wet cough its a dry
RES0173	allergen	DRUG	1	<DELETED>	caused by an allergen such as which
RES0173	symptoms	SYMPTOM	1	<DELETED>	its bringing these symptoms on like called
RES0173	usually	FINDING	1	i'm really	think so im usually very careful im
RES0173	imaging	FINDING	1	<DELETED>	some uh uh imaging and chest xray
RES0173	parrot	CONDITION	1	<DELETED>	animal like a parrot or a cat
RES0173	asthma	CONDITION	1	<DELETED>	cant rule out asthma as well as
RES0173	cough	DRUG	1	<DELETED>	kind of the cough and shortness of
RES0173	act	PROCEDURE	1	i've been	yeah yeah just act different feeling achy
RES0173	cat	PROCEDURE	1	<DELETED>	parrot or a cat that is causing
RES0173	m very careful	FINDING	3	i'm	time no no im very careful ok and do
RES0173	animal	DRUG	1	<DELETED>	be from an animal like a parrot
RES0174	substance use	FINDING	2	<DELETED>	problems with substance substance use no ok um
RES0174	10 pounds	FINDING	2	ten	yeah gained about 10 pounds ok any changes
RES0174	low mood	CONDITION	2	little	you had a low mood have you had
RES0174	hearts	ANATOMY	1	heart's	feel like my hearts like breathing really
RES0174	nerve	ANATOMY	1	nerve-wracking	its kind of nerve wracking but also
RES0174	meds	CONDITION	1	medica	i was on meds at that time
RES0174	ill	SYMPTOM	1	i'll	it go away ill just say go
RES0174	fingers	ANATOMY	1	finger	snap of your fingers sort of thing
RES0174	manage manage	PROCEDURE	2	<UNKNOWN>	currently to help manage manage stress better sure
RES0175	prostates	ANATOMY	1	prostate's	i think my prostates kind of large
RES0175	isolate	DRUG	1	<DELETED>	important to self isolate including from your
RES0175	hearts	ANATOMY	1	heart's	even like your hearts racing really fast
RES0175	flomax	DRUG	1	flowmax	what is like flomax or or tamsulosin
RES0175	flomax	DRUG	1	flowmax okay	think its called flomax ok yeah its
RES0175	tamsulosin	DRUG	1	it's called filthiness something okay	uhm its called tamsulosin ok yeah call
RES0175	tamsulosin	DRUG	1	<DELETED>	flomax or or tamsulosin but there are
RES0176	heart racing	FINDING	2	<UNKNOWN>	just check your heart racing for the next
RES0176	runny nose	SYMPTOM	2	a rotty	itchy eyes or runny nose sore throat no
RES0176	vaginal	FINDING	1	<DELETED>	or a csection vaginal and any complications
RES0176	ill	SYMPTOM	1	i'll	alcohol i do ill just drink on
RES0176	csection	PROCEDURE	1	c-section vachinal	delivery or a csection vaginal and any
RES0177	community acquired pneumonia	CONDITION	3	<UNKNOWN>	the picture of community acquired pneumonia so for that
RES0177	nausea or vomiting	FINDING	3	<DELETED>	had any like nausea or vomiting though ok ok
RES0177	five to seven days	FINDING	4	<DELETED>	dont resolve in five to seven days we can do
RES0177	fungal infections	CONDITION	2	<DELETED>	or things like fungal infections or tb or
RES0177	fainting spells	SYMPTOM	2	<UNKNOWN>	any dizziness or fainting spells no he doesnt
RES0177	antibiotics	DRUG	1	<DELETED>	the course of antibiotics is complete if
RES0177	chest xray	PROCEDURE	2	<UNKNOWN>	will get a chest xray well check his
RES0177	chest xray	PROCEDURE	2	<UNKNOWN>	and if the chest xray shows consolidation umm
RES0177	cefuroxime	DRUG	1	acid	amoxicillin populate or cefuroxime for five days
RES0177	monitoring	PROCEDURE	1	<DELETED>	and just keep monitoring his symptoms they
RES0177	condition	CONDITION	1	<DELETED>	complete if his condition gets worse like
RES0177	symptoms	SYMPTOM	1	<DELETED>	keep monitoring his symptoms they should resolve
RES0177	complete	DRUG	1	<DELETED>	of antibiotics is complete if his condition
RES0177	weakness	SYMPTOM	1	<DELETED>	neurological deficits like weakness or seizures just
RES0177	seizures	SYMPTOM	1	<DELETED>	like weakness or seizures just take him
RES0177	symptoms	SYMPTOM	1	<DELETED>	er and if symptoms dont resolve in
RES0177	resolve	PROCEDURE	1	<DELETED>	symptoms they should resolve in about 5
RES0177	resolve	PROCEDURE	1	<DELETED>	if symptoms dont resolve in five to
RES0177	hearts	ANATOMY	1	heart's	feel like his hearts racing uhm no
RES0177	lives	FINDING	1	is	ok and who lives at home with
RES0177	swab	PROCEDURE	1	small bumping	will do a swab on him and
RES0177	neurological deficits	FINDING	2	<DELETED>	like hes getting neurological deficits like weakness or
RES0177	service	PROCEDURE	1	shortness	ok and the service of bread started
RES0177	problem	PROCEDURE	1	<DELETED>	ok yeah no problem
RES0177	mothers	DRUG	1	mother's	how about his mothers pregnancy with him
RES0177	couple	FINDING	1	<DELETED>	little bit lower couple of days as
RES0177	pretty pretty	FINDING	2	<UNKNOWN>	of came on pretty pretty suddenly it seemed
RES0178	no sputum	FINDING	2	<UNKNOWN>	no blood no no no sputum or blood any
RES0178	schooling	FINDING	1	<DELETED>	some schooling some schooling online and some
RES0178	hearing	FINDING	1	hearing-wise	ok how about hearing wise uh hearing
RES0178	sick	SYMPTOM	1	<DELETED>	contact with sick sick people recently uh
RES0178	point ah	ANATOMY	2	<UNKNOWN>	it was 38 point ah point 8 ok
RES0178	csection	PROCEDURE	1	c-section	it was a csection delivery but that
RES0178	csection	PROCEDURE	1	c-section	it an emergency csection ah no i
RES0178	mothers	DRUG	1	mother's	complications with his mothers pregnancy with him
RES0179	smoking history	FINDING	2	<DELETED>	your age your smoking history and just the
RES0179	smokers cough	SYMPTOM	2	smoker's	uh like a smokers cough ah and thats
RES0179	nose sore	CONDITION	2	<UNKNOWN>	nose or stuffy nose no sore throat no uhm
RES0179	lung cancer	CONDITION	2	<DELETED>	i could have lung cancer yeah for sure
RES0179	lung cancer	CONDITION	2	<DELETED>	do investigations for lung cancer so well start
RES0179	chest xray	PROCEDURE	2	<DELETED>	by doing a chest xray just to look
RES0179	effusions	CONDITION	1	<DELETED>	a mass or effusions and then from
RES0179	pathology	CONDITION	1	<DELETED>	it off for pathology and that should
RES0179	treatment	PROCEDURE	1	<DELETED>	can talk about treatment plans and kind
RES0179	prognosis	PROCEDURE	1	<DELETED>	of what the prognosis is with those
RES0179	your age	FINDING	2	<DELETED>	just because of your age your smoking history
RES0179	worried	FINDING	1	<DELETED>	like well really worried that i i
RES0179	hearts	ANATOMY	1	heart's	feel like your hearts racing no i
RES0179	travel	PROCEDURE	1	<DELETED>	ok how about travel ive been uh
RES0179	cancer	CONDITION	1	<DELETED>	are signs of cancer we can do
RES0179	biopsy	FINDING	1	<DELETED>	we take a biopsy and send it
RES0179	cancer	CONDITION	1	<DELETED>	if you have cancer and if you
RES0179	cancer	CONDITION	1	<DELETED>	you do have cancer what type of
RES0179	cancer	CONDITION	1	<DELETED>	what type of cancer so that we
RES0179	signs	FINDING	1	<DELETED>	think there are signs of cancer we
RES0179	blow	DRUG	1	at a blowing food	test i did blow into tube but
RES0179	swab	PROCEDURE	1	<DELETED>	do a covid swab just to rule
RES0179	back	ANATOMY	1	<DELETED>	you should hear back in about 24
RES0179	pet	PROCEDURE	1	<DELETED>	stage with the pet ct after we
RES0179	problem	PROCEDURE	1	<DELETED>	ok yeah no problem
RES0179	cancers	CONDITION	1	<DELETED>	particular types of cancers how does that
RES0179	couple	FINDING	1	<DELETED>	gonna do a couple of things were
RES0180	neurological symptoms	SYMPTOM	2	<DELETED>	youre having like neurological symptoms you should seek
RES0180	nausea or vomiting	FINDING	3	<UNKNOWN>	stool ok any nausea or vomiting no nausea or
RES0180	supportive care	PROCEDURE	2	<DELETED>	a lot of supportive care how does that
RES0180	antipyretics	DRUG	1	<DELETED>	you can take antipyretics like tylenol and
RES0180	antibiotics	DRUG	1	<DELETED>	give you some antibiotics ok yeah that
RES0180	symptoms	SYMPTOM	1	<DELETED>	lot of your symptoms do overlap with
RES0180	possible	FINDING	1	<DELETED>	family members if possible uhm and basically
RES0180	symptoms	SYMPTOM	1	<DELETED>	eye on your symptoms if they get
RES0180	hydrated	DRUG	1	<DELETED>	otherwise keep yourself hydrated eat well if
RES0180	symptoms	SYMPTOM	1	<DELETED>	like if your symptoms arent going away
RES0180	running	FINDING	1	um runny	like that ok running or stuffy nose
RES0180	fatigue	SYMPTOM	1	<DELETED>	as well any fatigue uh not really
RES0180	worried	FINDING	1	<DELETED>	was just well worried about covid and
RES0180	overlap	PROCEDURE	1	<DELETED>	your symptoms do overlap with those of
RES0180	isolate	DRUG	1	<DELETED>	but you should isolate for 14 days
RES0180	tylenol	DRUG	1	<DELETED>	take antipyretics like tylenol and just its
RES0180	hearts	ANATOMY	1	heart's	feeling like your hearts racing no i
RES0180	fevers	SYMPTOM	1	<DELETED>	and for your fevers you can take
RES0180	head	ANATOMY	1	<DELETED>	being the worst head worst pain youve
RES0180	swab	PROCEDURE	1	<DELETED>	to take a swab today and you
RES0180	back	ANATOMY	1	<DELETED>	you should hear back in about 24
RES0180	back	ANATOMY	1	<DELETED>	weeks call us back and it could
RES0180	ill	SYMPTOM	1	i'll	alcohol yeah sometimes ill have a glass
RES0180	eye	CONDITION	1	<DELETED>	just keep an eye on your symptoms
RES0180	problem	PROCEDURE	1	<DELETED>	you yeah no problem
RES0181	viral illness	CONDITION	2	<DELETED>	like uhm a viral illness but thats lower
RES0181	sore throat	CONDITION	2	<DELETED>	get fever and sore throat with with covias
RES0181	headaches	SYMPTOM	1	okay	headaches um no headaches no ok how
RES0181	coughing	SYMPTOM	1	<DELETED>	no cough no coughing ok and how
RES0181	detect	FINDING	1	<DELETED>	see to to detect for that however
RES0181	cough	DRUG	1	<DELETED>	any cough no cough no coughing ok
RES0181	necks	ANATOMY	1	neck's	was swollen my necks not swollen but
RES0181	lower	ANATOMY	1	<DELETED>	illness but thats lower on the on
RES0181	fever	FINDING	1	<DELETED>	people can get fever and sore throat
RES0181	back	ANATOMY	1	<DELETED>	back of your back of your mouth
RES0181	swab	PROCEDURE	1	<DELETED>	well do a swab as well because
RES0181	infection	CONDITION	1	<DELETED>	then the bacterial infection is right now
RES0182	cough suppressants	DRUG	2	<UNKNOWN>	i tried this cough suppressants i tried like
RES0182	home remedies	PROCEDURE	2	<DELETED>	just like at home remedies and over the
RES0182	eye discharge	SYMPTOM	2	<DELETED>	as like eye eye discharge or red eyes
RES0182	tuberculosis	CONDITION	1	<DELETED>	it could be tuberculosis based on the
RES0182	tuberculosis	CONDITION	1	<DELETED>	if it is tuberculosis it will require
RES0182	tuberculosis	CONDITION	1	<DELETED>	back to be tuberculosis ok ok that
RES0182	chest x ray	PROCEDURE	3	<DELETED>	sputum get a chest x ray and if it
RES0182	antibiotics	DRUG	1	<DELETED>	prolonged course of antibiotics so that ill
RES0182	hemoptysis	SYMPTOM	1	<DELETED>	and cough and hemoptysis and so well
RES0182	infectious	CONDITION	1	<DELETED>	well get the infectious disease team involved
RES0182	management	PROCEDURE	1	<DELETED>	of guide our management with the appropriate
RES0182	sounding	PROCEDURE	1	<DELETED>	uh yeah its sounding like like it
RES0182	timeline	DRUG	1	<DELETED>	the kind of timeline of your symptoms
RES0182	symptoms	SYMPTOM	1	<DELETED>	timeline of your symptoms and so and
RES0182	disease	CONDITION	1	<DELETED>	get the infectious disease team involved to
RES0182	cough	DRUG	1	<DELETED>	and so and cough and hemoptysis and
RES0182	back	ANATOMY	1	<DELETED>	it does come back to be tuberculosis
RES0182	ill	SYMPTOM	1	<DELETED>	antibiotics so that ill be over several
RES0182	antibiotic	DRUG	1	<DELETED>	with the appropriate antibiotic choice if it
RES0182	cancers	CONDITION	1	<DELETED>	how about any cancers in the family
RES0182	cancers	CONDITION	1	<DELETED>	family no no cancers i see alright
RES0183	complications	CONDITION	1	complications all right	no no no complications alright and up
RES0183	other things	FINDING	2	<DELETED>	possibly utilizing other other things as well depending
RES0183	hemoptysis	SYMPTOM	1	<DELETED>	and no no hemoptysis no ok and
RES0183	bronchitis	CONDITION	1	<DELETED>	or laryngeal tracheal bronchitis which is basically
RES0183	tracheal	ANATOMY	1	<DELETED>	croup or laryngeal tracheal bronchitis which is
RES0183	stridor	SYMPTOM	1	strider	hes having some stridor has he been
RES0183	stridor	SYMPTOM	1	strider	well as some stridor or some noise
RES0183	vaginal	FINDING	1	<DELETED>	csection it was vaginal and no no
RES0183	stridor	SYMPTOM	1	strider	barky cough and stridor and fever and
RES0183	cough	DRUG	1	paw	had a barky cough that started two
RES0183	lives	FINDING	1	was	with ah he lives with his both
RES0183	csection	PROCEDURE	1	c-section	it vaginal or csection it was vaginal
RES0183	s reaction	PROCEDURE	2	right what's	to penicillin alright whats the reaction uh he just
RES0184	blood in stool	CONDITION	3	<UNKNOWN>	was there any blood in the stool no ok have
RES0184	supportive care	PROCEDURE	2	<DELETED>	meantime its mostly supportive care so it means
RES0184	viral illness	CONDITION	2	<DELETED>	cold or a viral illness which it could
RES0184	sore throat	CONDITION	2	<DELETED>	throat uhm no sore throat have you had
RES0184	common cold	CONDITION	2	<DELETED>	you have the common cold or a viral
RES0184	feeling ok	SYMPTOM	2	<UNKNOWN>	i have that feeling ok have you had
RES0184	adenovirus	CONDITION	1	<DELETED>	by something like adenovirus or there are
RES0184	runny nose	SYMPTOM	2	<DELETED>	just like a runny nose like you do
RES0184	symptoms	SYMPTOM	1	<DELETED>	well however the symptoms do overlap with
RES0184	symptoms	SYMPTOM	1	<DELETED>	be like nonspecific symptoms such as having
RES0184	hydrated	DRUG	1	<DELETED>	trying to stay hydrated stay rested and
RES0184	symptoms	SYMPTOM	1	<DELETED>	just monitor your symptoms because if things
RES0184	overlap	PROCEDURE	1	<DELETED>	the symptoms do overlap with covias you
RES0184	hearts	ANATOMY	1	heart's	feeling like your hearts racing no ok
RES0184	others	DRUG	1	<DELETED>	or there are others as well however
RES0184	swab	PROCEDURE	1	<DELETED>	well get the swab now and get
RES0184	ill	SYMPTOM	1	<DELETED>	per week uhm ill have like a
RES0184	recent hospitalizations	FINDING	2	<DELETED>	ok and any recent hospitalizations in the past
RES0184	results	FINDING	1	<DELETED>	well await those results but in the
RES0185	nausea or vomiting	FINDING	3	not your	that ok and nausea or vomiting no no ok
RES0185	night sweats	SYMPTOM	2	eight	uh chills or night sweats no no ok
RES0185	common cold	CONDITION	2	<DELETED>	to be a common cold in which case
RES0185	hydration	FINDING	1	<DELETED>	a lot of hydration nutrition good sleep
RES0185	nutrition	FINDING	1	<DELETED>	lot of hydration nutrition good sleep but
RES0185	symptoms	SYMPTOM	1	<DELETED>	and because your symptoms overlap with those
RES0185	symptoms	SYMPTOM	1	<DELETED>	of what your symptoms are it it
RES0185	symptoms	SYMPTOM	1	<DELETED>	but if your symptoms get worse or
RES0185	weakness	SYMPTOM	1	<DELETED>	neurological deficits like weakness or seizures you
RES0185	seizures	SYMPTOM	1	<DELETED>	like weakness or seizures you should get
RES0185	symptoms	SYMPTOM	1	<DELETED>	had any any symptoms like that so
RES0185	overlap	PROCEDURE	1	<DELETED>	because your symptoms overlap with those of
RES0185	likely	FINDING	1	<DELETED>	it is most likely to be a
RES0185	sleep	DRUG	1	<DELETED>	hydration nutrition good sleep but if your
RES0185	swab	PROCEDURE	1	<DELETED>	do a covid swab on you just
RES0185	ill	SYMPTOM	1	i'll	i use like ill have a joint
RES0185	ill	SYMPTOM	1	i'll	you drink yeah ill have uhm like
RES0185	add	CONDITION	1	<DELETED>	have anything to add or anything you
RES0185	far	PROCEDURE	1	<DELETED>	that so so far so thats good
RES0185	neurological deficits	FINDING	2	<DELETED>	or youre having neurological deficits like weakness or
RES0185	infection	CONDITION	1	<DELETED>	have a viral infection and because your
RES0185	couple	FINDING	1	<DELETED>	away after a couple of weeks or
RES0186	supportive care	PROCEDURE	2	<DELETED>	feel dehydrated otherwise supportive care at home keeping
RES0186	dehydrated	CONDITION	1	<DELETED>	or you feel dehydrated otherwise supportive care
RES0186	definitely	FINDING	1	<DELETED>	of those will definitely help as well
RES0186	coughing	SYMPTOM	1	cough okay that's	blood in the coughing ok thats good
RES0186	symptoms	SYMPTOM	1	<DELETED>	and if your symptoms get worse go
RES0186	weakness	SYMPTOM	1	<DELETED>	experiencing things like weakness seizures like and
RES0186	seizures	SYMPTOM	1	<DELETED>	things like weakness seizures like and youre
RES0186	hydrated	DRUG	1	<DELETED>	home keeping yourself hydrated eating well sleeping
RES0186	isolate	DRUG	1	<DELETED>	meantime you should isolate for for about
RES0186	swab	PROCEDURE	1	<DELETED>	do a covid swab and you should
RES0186	back	ANATOMY	1	<DELETED>	you should hear back in about 24
RES0186	ill	SYMPTOM	1	i'll	drink alcohol yeah ill have like one
RES0186	top	PROCEDURE	1	<DELETED>	thats kind of top on my list
RES0186	problem	PROCEDURE	1	<DELETED>	ok yeah no problem
RES0186	weights	SYMPTOM	1	weight's	ok yeah my weights a bit a
RES0186	results	FINDING	1	<DELETED>	hours with those results in the meantime
RES0186	couple	FINDING	1	<DELETED>	better in a couple of weeks or
RES0187	neurological symptoms	SYMPTOM	2	<DELETED>	like you have neurological symptoms like seizures or
RES0187	muscle aches	SYMPTOM	2	<UNKNOWN>	started or the muscle aches started first was
RES0187	muscle aches	SYMPTOM	2	<UNKNOWN>	uhm before the muscle aches started did you
RES0187	management	PROCEDURE	1	<DELETED>	way kind of management plan is the
RES0187	condition	CONDITION	1	<DELETED>	could make your condition worse no ok
RES0187	coughing	SYMPTOM	1	and	it was the coughing then since yesterday
RES0187	sneezing	SYMPTOM	1	okay	and runny nose sneezing in the springtime
RES0187	symptoms	SYMPTOM	1	<DELETED>	lot of your symptoms do align with
RES0187	hydrated	DRUG	1	<DELETED>	make sure youre hydrated eat well sleep
RES0187	symptoms	SYMPTOM	1	<DELETED>	and if your symptoms become worse severe
RES0187	seizures	SYMPTOM	1	<DELETED>	neurological symptoms like seizures or weakness where
RES0187	weakness	SYMPTOM	1	<DELETED>	like seizures or weakness where you can
RES0187	isolate	DRUG	1	<DELETED>	meantime you should isolate for two weeks
RES0187	hearts	ANATOMY	1	heart's	feeling like your hearts racing no ok
RES0187	3 or 4	FINDING	3	three	i would say 3 or 4 beers a week
RES0187	travel	PROCEDURE	1	<DELETED>	sense alright any travel recently no no
RES0187	align	DRUG	1	<DELETED>	your symptoms do align with those of
RES0187	limbs	ANATOMY	1	<DELETED>	can move your limbs you should seek
RES0187	dust	FINDING	1	<DELETED>	any old carpets dust mold asbestos anything
RES0187	mold	DRUG	1	<DELETED>	old carpets dust mold asbestos anything that
RES0187	swab	PROCEDURE	1	<DELETED>	do a covid swab on you because
RES0187	back	ANATOMY	1	<DELETED>	you should hear back in about 24
RES0187	red	FINDING	1	<DELETED>	or there any red flags like you
RES0187	now right	FINDING	2	<DELETED>	you live right now right now i just
RES0187	infection	CONDITION	1	<DELETED>	be another viral infection thats been going
RES0187	problem	PROCEDURE	1	<DELETED>	ok yeah no problem
RES0188	community acquired pneumonia	CONDITION	3	community-acquired	picture of like community acquired pneumonia so well do
RES0188	oxygen saturation	PROCEDURE	2	<DELETED>	get his oxygen oxygen saturation right away well
RES0188	oxygen saturation	PROCEDURE	2	<DELETED>	uhm the oxygen oxygen saturation and the fact
RES0188	antibiotics	DRUG	1	<DELETED>	give him some antibiotics if if it
RES0188	chest xray	PROCEDURE	2	<UNKNOWN>	well get a chest xray well do some
RES0188	hydrated	DRUG	1	<DELETED>	and keep him hydrated uhm well also
RES0188	worries	FINDING	1	<DELETED>	ok yeah no worries
RES0188	5 or 6	FINDING	3	five	day now probably 5 or 6 5 or 6
RES0188	5 or 6	FINDING	3	six five to six okay	5 or 6 5 or 6 ok has that
RES0188	turns	FINDING	1	<DELETED>	if if it turns out he has
RES0188	calm	PROCEDURE	1	he's calmed	but now has calm down and just
RES0188	pneumonia	CONDITION	1	<DELETED>	out he has pneumonia yeah does that
RES0189	relieved with rest	FINDING	3	<DELETED>	of breath is relieved with some rest ok uh and
RES0189	pain abdominal	SYMPTOM	2	<UNKNOWN>	had any abdominal pain no abdominal pain have you
RES0189	chest discomfort	SYMPTOM	2	<DELETED>	kind of this chest discomfort that youre experiencing
RES0189	night sweats	SYMPTOM	2	threats uh	you had any night sweats no ok and
RES0189	inflammation	CONDITION	1	<DELETED>	help with the inflammation ok that sounds
RES0189	antibiotics	DRUG	1	<DELETED>	will require some antibiotics as well and
RES0189	hemoptysis	SYMPTOM	1	homophysis	you had any hemoptysis no nothing like
RES0189	discomfort	SYMPTOM	1	<DELETED>	more of a discomfort than a pain
RES0189	wheezing	SYMPTOM	1	you've had wheeze in	but youve had wheezing this past week
RES0189	coughing	SYMPTOM	1	<DELETED>	my episode of coughing and shortness of
RES0189	ventolin	DRUG	1	ventilin	recently like the ventolin and then i
RES0189	wheezing	SYMPTOM	1	<DELETED>	well along with wheezing and kind of
RES0189	possibly	FINDING	1	<DELETED>	severity of symptoms possibly some steroids as
RES0189	stairs	FINDING	1	<DELETED>	up and down stairs but right now
RES0189	stairs	FINDING	1	<DELETED>	up and down stairs without getting really
RES0189	fevers	SYMPTOM	1	<DELETED>	been experiencing any fevers or chills yeah
RES0189	chills	SYMPTOM	1	<DELETED>	any fevers or chills yeah ive been
RES0189	change	PROCEDURE	1	<DELETED>	increasing and the change changing sputum the
RES0189	pains	SYMPTOM	1	<DELETED>	describe he the pains character like is
RES0189	dull	SYMPTOM	1	<DELETED>	is it sharp dull or achy its
RES0189	ache	SYMPTOM	1	<DELETED>	more just an ache and its kind
RES0189	steroids	DRUG	1	<DELETED>	symptoms possibly some steroids as well to
RES0189	weights	SYMPTOM	1	weight's	i think my weights been pretty steady
RES0190	tonsillar exudate	FINDING	2	the atotsular	they call a tonsillar exudate possibly well look
RES0190	tonsillar exudate	FINDING	2	<DELETED>	with no cough tonsillar exudate a fever also
RES0190	viral illness	CONDITION	2	<DELETED>	possibly be a viral illness and so that
RES0190	viral illness	CONDITION	2	<DELETED>	thinking its a viral illness then we might
RES0190	running nose	SYMPTOM	2	runny	ok so the running nose and cough have
RES0190	antigen test	PROCEDURE	2	<DELETED>	a rapid strep antigen test to check for
RES0190	pharyngitis	CONDITION	1	<DELETED>	group a strep pharyngitis thats causing this
RES0190	antibiotics	DRUG	1	<DELETED>	who also received antibiotics could be potentially
RES0190	antibiotics	DRUG	1	<DELETED>	this would require antibiotics as well for
RES0190	antibiotics	DRUG	1	<DELETED>	hold off on antibiotics for now and
RES0190	controlled	FINDING	1	<DELETED>	not not being controlled then well reeassess
RES0190	your age	FINDING	2	<DELETED>	a fever also your age and the like
RES0190	swelling	CONDITION	1	<DELETED>	and the like swelling and redness that
RES0190	exposure	FINDING	1	<DELETED>	and with your exposure to your brother
RES0190	possibly	FINDING	1	<DELETED>	it still could possibly be a viral
RES0190	negative	LAB_RESULT	1	<DELETED>	so that passes negative and were thinking
RES0190	symptoms	SYMPTOM	1	<DELETED>	now and monitor symptoms and if at
RES0190	redness	CONDITION	1	<DELETED>	like swelling and redness that you notice
RES0190	either	FINDING	1	on the	as well like either on on the
RES0190	throat	ANATOMY	1	<DELETED>	back of your throat is likely a
RES0190	likely	FINDING	1	<DELETED>	your throat is likely a group a
RES0190	result	FINDING	1	<DELETED>	wait on the result for that because
RES0190	fevers	SYMPTOM	1	<DELETED>	breath or your fevers getting worse and
RES0190	cough	DRUG	1	<DELETED>	now with no cough tonsillar exudate a
RES0190	fever	FINDING	1	<DELETED>	tonsillar exudate a fever also your age
RES0190	strep	CONDITION	1	<DELETED>	a group a strep pharyngitis thats causing
RES0190	strep	CONDITION	1	<DELETED>	do a rapid strep antigen test to
RES0190	back	ANATOMY	1	<DELETED>	notice in the back of your throat
RES0190	sick	SYMPTOM	1	<DELETED>	potentially be a sick contact for you
RES0191	acute rhinosinusitis	CONDITION	2	<DELETED>	be a viral acute rhinosinusitis ok do you
RES0191	rhinosinusitis	CONDITION	1	<DELETED>	likely a viral rhinosinusitis uhm however this
RES0191	obstruction	FINDING	1	structure	nasal discharge and obstruction without fever and
RES0191	symptoms	SYMPTOM	1	<DELETED>	this could have symptoms that overlap with
RES0191	overlap	PROCEDURE	1	<DELETED>	have symptoms that overlap with with coviand
RES0191	hearts	ANATOMY	1	heart's	felt like your hearts beating really fast
RES0191	likely	FINDING	1	<DELETED>	pain its most likely a viral rhinosinusitis
RES0191	likely	FINDING	1	<DELETED>	though the most likely diagnosis is going
RES0191	fever	FINDING	1	<DELETED>	and obstruction without fever and without like
RES0191	swab	PROCEDURE	1	<DELETED>	up doing a swab even though the
RES0191	ill	SYMPTOM	1	i'll	alcohol i do ill have like a
RES0191	your partner or or partners	FINDING	5	<UNKNOWN>	little bit about your partner or or partners uhm yeah so
RES0192	medications	DRUG	1	medication	use uh any medications or any inhalers
RES0192	feeling ok	SYMPTOM	2	<UNKNOWN>	like a tugging feeling ok um it does
RES0192	related	FINDING	1	<DELETED>	possibly an asbestos related lung illness that
RES0192	related	FINDING	1	<DELETED>	possibly a asbestos related lung cancer ok
RES0192	hearts	ANATOMY	1	heart's	feeling like your hearts racing no have
RES0192	dusts	FINDING	1	dust	breathing in any dusts or any fumes
RES0192	protective equipment um	FINDING	3	<UNKNOWN>	a um personal protective equipment um for those concerns
RES0193	physical examination	FINDING	2	<DELETED>	like a full physical examination listen to his
RES0193	allergy testing	FINDING	2	you want to find out more um	anything like an allergy testing or we will
RES0193	viral illness	CONDITION	2	<UNKNOWN>	or viral a viral illness i see um
RES0193	high pitched	FINDING	2	high-pitched	has this like high pitched whistling sound when
RES0193	discussions	PROCEDURE	1	hold story let's see if i can do a few characteristics um	are just some discussions will have in
RES0193	runny nose	SYMPTOM	2	or any	uh sore throat runny nose cold like symptoms
RES0193	definitely	FINDING	1	the other thing	as well so definitely thats something that
RES0193	dry cough	DRUG	2	drag off okay	a dry cough dry cough ok so no
RES0193	exercise	PROCEDURE	1	exercised	up and like exercise or like just
RES0193	coughing	SYMPTOM	1	<DELETED>	these like the coughing is it wet
RES0193	symptoms	SYMPTOM	1	<DELETED>	age and the symptoms that hes been
RES0193	symptoms	SYMPTOM	1	how much is the offer	help manage his symptoms with a puffer
RES0193	running	FINDING	1	any	or any dust running or mold or
RES0193	history	FINDING	1	ready to uh and screen	and the family history of asthma as
RES0193	steroid	DRUG	1	hold story let's see if i can do a few characteristics um	an inhaled cortico steroid but those are
RES0193	wheeze	SYMPTOM	1	wee	can hear a wheeze sometimes that after
RES0193	asthma	CONDITION	1	ready to uh and screen	family history of asthma as well so
RES0193	near	FINDING	1	<DELETED>	have in the near future after weve
RES0193	ill	SYMPTOM	1	i'll	wheezing right yeah ill hear a wheeze
RES0193	mothers	DRUG	1	mother's	issues with the mothers pregnancy with him
RES0193	cortico	DRUG	1	hold story let's see if i can do a few characteristics um	and an inhaled cortico steroid but those
RES0194	return to work	FINDING	3	<DELETED>	and when to return to work ok that yeah
RES0194	pain pressure	SYMPTOM	2	<UNKNOWN>	like a pulsating pain pressure like pain how
RES0194	multi vitamin	DRUG	2	multivitamin and a	i im a multi vitamin and vitamin d
RES0194	public health	PROCEDURE	2	<DELETED>	further instructions from public health about whether or
RES0194	viral illness	CONDITION	2	<DELETED>	or like another viral illness yeah ok thank
RES0194	knee surgery	PROCEDURE	2	<DELETED>	repaired knee and knee surgery about 10 years
RES0194	test result	LAB_RESULT	2	<DELETED>	gone and the test result you will get
RES0194	definitely	FINDING	1	<DELETED>	and it can definitely also be another
RES0194	eye drop	DRUG	2	edge off	take that the eye drop a bit i
RES0194	symptoms	SYMPTOM	1	<DELETED>	the cluster of symptoms that someone may
RES0194	symptoms	SYMPTOM	1	<DELETED>	weeks until your symptoms have gone and
RES0194	hydrated	DRUG	1	<DELETED>	some rest stay hydrated and let it
RES0194	smokers	FINDING	1	his	he was a smokers whole life ok
RES0194	isolate	DRUG	1	<DELETED>	recommend that you isolate for two weeks
RES0194	worries	FINDING	1	<DELETED>	you yeah no worries and it can
RES0194	3 or 4	FINDING	3	three	it maybe like 3 or 4 beers a week
RES0194	ache	SYMPTOM	1	okay um	achy ok generally ache ok and are
RES0194	swab	PROCEDURE	1	<DELETED>	will do a swab on you today
RES0194	back	ANATOMY	1	<DELETED>	you will get back in the next
RES0194	swab	PROCEDURE	1	<DELETED>	you need another swab later on and
RES0194	ill	SYMPTOM	1	i'll	drink alcohol yeah ill have a few
RES0194	infection	CONDITION	1	<DELETED>	be another viral infection as well even
RES0194	weights	SYMPTOM	1	weight's	appetite but my weights been stable recently
RES0194	results	FINDING	1	<DELETED>	alongside your test results so you will
RES0195	steroid treatment	PROCEDURE	2	<DELETED>	what we find steroid treatment today or until
RES0195	short of breath	SYMPTOM	3	shorter breaths	that i get short of breath sometimes and my
RES0195	immune disease	CONDITION	2	<DELETED>	get an auto immune disease that affects the
RES0195	sarcoidosis	FINDING	1	<DELETED>	out something like sarcoidosis which can cause
RES0195	chest x ray	PROCEDURE	3	<DELETED>	will get a chest x ray and also do
RES0195	management	PROCEDURE	1	<DELETED>	rheumatologist for further management and treatment yeah
RES0195	treatment	PROCEDURE	1	<DELETED>	further management and treatment yeah so lets
RES0195	fibrosis	CONDITION	1	<DELETED>	which can cause fibrosis in your lungs
RES0195	immune	FINDING	1	<DELETED>	history of auto immune conditions as well
RES0195	lupus	CONDITION	1	lupus and	is um uh lupus like type one
RES0195	lungs	ANATOMY	1	<DELETED>	that affects the lungs so we need
RES0195	lungs	ANATOMY	1	<DELETED>	fibrosis in your lungs and cause shortness
RES0195	tests	PROCEDURE	1	<DELETED>	some inflammatory marker tests like cresr and
RES0195	tests	PROCEDURE	1	<DELETED>	some other rheumatological tests as well and
RES0195	tests	PROCEDURE	1	<DELETED>	some of those tests 1st and then
RES0195	knee	ANATOMY	1	knees	ones below your knee since the two
RES0195	auto	PROCEDURE	1	autoimmune	family history of auto immune conditions as
RES0195	auto	PROCEDURE	1	<DELETED>	can get an auto immune disease that
RES0195	back	ANATOMY	1	<DELETED>	on what comes back we may have
RES0195	tug	PROCEDURE	1	<DELETED>	it will feel tug tender ok uh
RES0195	ill	SYMPTOM	1	i'll	in awhile like ill have a glass
RES0195	csection	PROCEDURE	1	c-section	i had a csection for my second
RES0196	conservative management	PROCEDURE	2	<DELETED>	even do some conservative management and get her
RES0196	physical examination	FINDING	2	<DELETED>	like a full physical examination ill have to
RES0196	physical examination	FINDING	2	<DELETED>	i see on physical examination she has been
RES0196	other symptoms	SYMPTOM	2	<DELETED>	really having any other symptoms so i dont
RES0196	other symptoms	SYMPTOM	2	<DELETED>	if she develops other symptoms ok that sounds
RES0196	ear infection	CONDITION	2	<DELETED>	be having another ear infection we will need
RES0196	inflammation	CONDITION	1	<DELETED>	i see any inflammation or perforation and
RES0196	perforation	FINDING	1	<DELETED>	any inflammation or perforation and then based
RES0196	antibiotics	DRUG	1	<DELETED>	may require some antibiotics like she has
RES0196	medications	DRUG	1	<DELETED>	some maybe pain medications and then go
RES0196	examination	PROCEDURE	1	<DELETED>	well do the examination and then go
RES0196	definitely	FINDING	1	<DELETED>	her today so definitely since there is
RES0196	management	PROCEDURE	1	<DELETED>	well discuss some management she may require
RES0196	right ear	ANATOMY	2	<UNKNOWN>	it its the right ear right ear and
RES0196	right ear	ANATOMY	2	<UNKNOWN>	the right ear right ear and when did
RES0196	fever	FINDING	1	<DELETED>	been having a fever so she might
RES0196	fever	FINDING	1	<DELETED>	has besides the fever and that your
RES0196	cold	PROCEDURE	1	cold-like	any viral or cold like symptoms no
RES0196	ear	CONDITION	1	year	it just one ear that shes having
RES0196	ear	CONDITION	1	year okay and	both its one ear ok in which
RES0196	ill	SYMPTOM	1	<DELETED>	full physical examination ill have to look
RES0196	ear	CONDITION	1	<DELETED>	look into her ear to see if
RES0196	ear	CONDITION	1	<DELETED>	from there or ear drops ok uh
RES0196	csection	PROCEDURE	1	c-section	vaginal delivery or csection it was vaginal
RES0197	environmental factors	FINDING	2	<UNKNOWN>	or any other environmental factors uh but its
RES0197	nausea or vomiting	FINDING	3	<UNKNOWN>	and any headaches nausea or vomiting he no nothing
RES0197	sore throat	CONDITION	2	port	other symptoms like sore throat runny nose shortness
RES0197	runny nose	SYMPTOM	2	bonus um	like sore throat runny nose shortness of breath
RES0197	vitamins	DRUG	1	multivitamins that's	just some multi vitamins thats about it
RES0197	steroid	DRUG	1	<DELETED>	an inhaled cortico steroid and i only
RES0197	steroid	DRUG	1	<DELETED>	the inhaled cortico steroid puffer as well
RES0197	wheezy	SYMPTOM	1	busy	have been very wheezy for the past
RES0197	wheezy	SYMPTOM	1	wheezing	that ill be wheezy for a little
RES0197	hives	CONDITION	1	heinz okay	break out in hives ok and have
RES0197	ill	SYMPTOM	1	i'll	cough after that ill be wheezy for
RES0197	regiment	PROCEDURE	1	regimen	about changing your regiment for your puffers
RES0197	cortico	DRUG	1	corticosteroid	as an inhaled cortico steroid and i
RES0197	cortico	DRUG	1	inhale corticosteroid	take the inhaled cortico steroid puffer as
RES0197	cortico	DRUG	1	corticoster	might need some cortico steroids as well
RES0198	supportive care	PROCEDURE	2	<DELETED>	can do besides supportive care so make sure
RES0198	public health	PROCEDURE	2	<DELETED>	further instructions from public health ok that sounds
RES0198	stuffy nose	SYMPTOM	2	<DELETED>	so just a stuffy nose in the runny
RES0198	common cold	CONDITION	2	<DELETED>	infection like the common cold it takes a
RES0198	medications	DRUG	1	<DELETED>	over the counter medications uh like tylenol
RES0198	runny nose	SYMPTOM	2	<DELETED>	nose in the runny nose it seems like
RES0198	sensation	FINDING	1	sensational	pain or racing sensation of racing of
RES0198	symptoms	SYMPTOM	1	<DELETED>	weeks for the symptoms to get relieved
RES0198	hydrated	DRUG	1	<DELETED>	you stay well hydrated you can use
RES0198	symptoms	SYMPTOM	1	<DELETED>	some of your symptoms but since right
RES0198	symptoms	SYMPTOM	1	<DELETED>	some of these symptoms can also be
RES0198	running	FINDING	1	runny okay	now its mostly running ok and are
RES0198	tylenol	DRUG	1	<DELETED>	medications uh like tylenol cold now if
RES0198	living	FINDING	1	<DELETED>	so are you living where are you
RES0198	likely	FINDING	1	<DELETED>	like its most likely a viral infection
RES0198	cold	PROCEDURE	1	<DELETED>	uh like tylenol cold now if you
RES0198	swab	PROCEDURE	1	<DELETED>	also get a swab done for you
RES0198	back	ANATOMY	1	<DELETED>	have the results back by 48 hours
RES0198	else	FINDING	1	<DELETED>	not see anyone else and then once
RES0198	back	ANATOMY	1	<DELETED>	the results come back youll get further
RES0198	ill	SYMPTOM	1	i'll	once a month ill have an edible
RES0198	rid	DRUG	1	<DELETED>	do i get rid of this and
RES0198	decongestants	DRUG	1	decongestance	ive tried like decongestants and thats not
RES0198	infection	CONDITION	1	<DELETED>	likely a viral infection like the common
RES0198	isolated	DRUG	1	<DELETED>	that you stay isolated in your own
RES0198	results	FINDING	1	<DELETED>	should have the results back by 48
RES0198	results	FINDING	1	<DELETED>	then once the results come back youll
RES0199	nausea and vomiting	SYMPTOM	3	<UNKNOWN>	started getting some nausea and vomiting few days back
RES0199	public health	PROCEDURE	2	<DELETED>	results are positive public health will be in
RES0199	viral illness	CONDITION	2	<DELETED>	could be another viral illness thats going around
RES0199	antipyretics	DRUG	1	<DELETED>	sleeping well taking antipyretics like tylenol for
RES0199	muscle ache	SYMPTOM	2	<DELETED>	or anseads for muscle ache joint pains anything
RES0199	joint pains	SYMPTOM	2	<DELETED>	for muscle ache joint pains anything like that
RES0199	being sick	SYMPTOM	2	<DELETED>	really noticed anyone being sick ok ok well
RES0199	management	PROCEDURE	1	<DELETED>	either way the management kind of is
RES0199	marijuana	CONDITION	1	mijuwana	yeah how about marijuana do you either
RES0199	symptoms	SYMPTOM	1	<DELETED>	lot of your symptoms overlap with those
RES0199	positive	FINDING	1	<DELETED>	your results are positive public health will
RES0199	symptoms	SYMPTOM	1	<DELETED>	be causing similar symptoms as well but
RES0199	hydrated	DRUG	1	<DELETED>	sure youre well hydrated eating nutritious food
RES0199	tylenol	DRUG	1	the tyl	worse just a tylenol nothing really yeah
RES0199	overlap	PROCEDURE	1	<DELETED>	of your symptoms overlap with those of
RES0199	isolate	DRUG	1	<DELETED>	meantime you should isolate for 14 days
RES0199	tylenol	DRUG	1	<DELETED>	taking antipyretics like tylenol for fevers if
RES0199	tylenol	DRUG	1	<DELETED>	can also take tylenol or anseads for
RES0199	travel	PROCEDURE	1	<DELETED>	ok an any travel recently no ok
RES0199	either	FINDING	1	<DELETED>	as well but either way the management
RES0199	fevers	SYMPTOM	1	<DELETED>	like tylenol for fevers if you get
RES0199	cough	DRUG	1	coughs are worse	the headache and cough started first you
RES0199	tired	SYMPTOM	1	<DELETED>	a little bit tired over the last
RES0199	itchy	SYMPTOM	1	nope itchy eye eye	hearing no uh itchy eyes discharge anything
RES0199	sick	SYMPTOM	1	<DELETED>	your work been sick as well no
RES0199	swab	PROCEDURE	1	<DELETED>	well take a swab and you should
RES0199	food	DRUG	1	<DELETED>	hydrated eating nutritious food sleeping well taking
RES0199	car	CONDITION	1	<DELETED>	work at a car dealership ok ok
RES0199	problem	PROCEDURE	1	<DELETED>	ok great no problem
RES0199	results	FINDING	1	<DELETED>	should get those results in about 24
RES0199	results	FINDING	1	<DELETED>	and if your results are positive public
RES0200	oxygen saturation	PROCEDURE	2	<DELETED>	to take your oxygen saturation an give you
RES0200	bronchodilators	DRUG	1	<DELETED>	to use your bronchodilators an and in
RES0200	past history	FINDING	2	<DELETED>	based on your past history of copi would
RES0200	electrolytes	DRUG	1	<DELETED>	work like cbc electrolytes your kidney function
RES0200	sore throat	CONDITION	2	okay so	have that ok sore throat no any changes
RES0200	chest x ray	PROCEDURE	3	<DELETED>	as like a chest x ray and basically we
RES0200	antibiotics	DRUG	1	<DELETED>	as well as antibiotics and just to
RES0200	infections	CONDITION	1	<DELETED>	to prevent any infections or if you
RES0200	orthopnea	SYMPTOM	1	orthopnia	ok so no orthopnea or pnalright and
RES0200	symptoms	SYMPTOM	1	<DELETED>	and because your symptoms somewhat overlap with
RES0200	somewhat	FINDING	1	<DELETED>	because your symptoms somewhat overlap with those
RES0200	spiriva	DRUG	1	spireva okay	thing its called spiriva ok how often
RES0200	prevent	DRUG	1	<DELETED>	and just to prevent any infections or
RES0200	overlap	PROCEDURE	1	<DELETED>	your symptoms somewhat overlap with those of
RES0200	hearts	ANATOMY	1	heart's	feeling like your hearts racing uh no
RES0200	kidney	ANATOMY	1	<DELETED>	cbc electrolytes your kidney function abg s
RES0200	cough	DRUG	1	couple	you have a cough and shortness of
RES0200	swab	PROCEDURE	1	<DELETED>	do a covid swab just to make
RES0200	back	ANATOMY	1	<DELETED>	you should hear back about those results
RES0200	cbc	PROCEDURE	1	<DELETED>	blood work like cbc electrolytes your kidney
RES0200	abg	PROCEDURE	1	<DELETED>	your kidney function abg s as well
RES0200	steroids	DRUG	1	<DELETED>	give you some steroids as well as
RES0200	problem	PROCEDURE	1	<DELETED>	ok yeah no problem
RES0200	weights	SYMPTOM	1	weight's	loss no my weights been pretty steady
RES0200	results	FINDING	1	<DELETED>	back about those results in 24 to
RES0200	not not really	FINDING	3	<UNKNOWN>	people recently no not not really wie ve been
RES0201	medications	DRUG	1	medication	ok and what medications are you currently
RES0201	chest xray	PROCEDURE	2	<UNKNOWN>	get you a chest xray cause we want
RES0201	covid 19	CONDITION	2	covid-19 and	common symptoms of covid 19 that will probably
RES0201	reduced	FINDING	1	reducing	constantly like a reduced sense of taste
RES0201	fluids	PROCEDURE	1	it's okay	i can drink fluids ok but im
RES0201	result	FINDING	1	results	isolate until the result come back and
RES0201	copd	DRUG	1	<DELETED>	i have mild copd ok and what
RES0202	short of breath	SYMPTOM	3	<DELETED>	he was just short of breath or something like
RES0202	other things	FINDING	2	<DELETED>	we would add other things like asthma to
RES0202	vaccine	DRUG	1	hasn't like besides his vaccine and	to like a vaccine that he hasnt
RES0202	worries	FINDING	1	<DELETED>	yeah yeah no worries and i i
RES0202	hearts	ANATOMY	1	heart's	feeling like his hearts racing no i
RES0202	asthma	CONDITION	1	<DELETED>	other things like asthma to the list
RES0202	times	CONDITION	1	<DELETED>	i can often times like you dont
RES0202	cough	DRUG	1	<DELETED>	was just the cough or if he
RES0202	swab	PROCEDURE	1	swap	do a covid swab just to make
RES0202	swab	PROCEDURE	1	swap	then if the swab comes back negative
RES0202	ill	SYMPTOM	1	we'll	so for now ill just wait for
RES0202	add	CONDITION	1	<DELETED>	fever we would add other things like
RES0202	infection	CONDITION	1	<DELETED>	sounds like an infection ok yeah thats
RES0203	producing sputum	FINDING	2	<UNKNOWN>	cough or you producing any sputum any blood or
RES0203	muscle ache	SYMPTOM	2	<UNKNOWN>	no ok any muscle ache or general weakness
RES0203	isolate	DRUG	1	<DELETED>	have to self isolate between now and
RES0204	chest x ray	PROCEDURE	3	<DELETED>	to do a chest x ray and get a
RES0204	no pets	FINDING	2	<UNKNOWN>	any pets um no no pets and does anyone
RES0204	wheezing	SYMPTOM	1	wheezy	of breath or wheezing or anything like
RES0204	symptoms	SYMPTOM	1	<DELETED>	in with these symptoms lately and thats
RES0204	playing	FINDING	1	<DELETED>	um i like playing with my friends
RES0204	playing	FINDING	1	<DELETED>	friends i like playing video games oh
RES0204	playing	FINDING	1	<DELETED>	game i am playing rollercoaster tycoon oh
RES0204	x ray	PROCEDURE	2	<DELETED>	ever had an x ray before i dont
RES0204	x ray	PROCEDURE	2	<DELETED>	know what an x ray is a little
RES0204	else	FINDING	1	<DELETED>	that and what else pardon me i
RES0204	back	ANATOMY	1	<DELETED>	can get you back to feeling healthy
RES0204	body	ANATOMY	1	<DELETED>	picture of your body on the inside
RES0204	swab	PROCEDURE	1	<DELETED>	do a covid swab because were doing
RES0204	nose	CONDITION	1	<DELETED>	something up your nose but i think
RES0204	back	ANATOMY	1	<DELETED>	i will come back with the doctor
RES0205	alone	FINDING	1	little old	live with family alone i i live
RES0205	ill	SYMPTOM	1	i'll	going and then ill go over it
RES0205	ill	SYMPTOM	1	i'll	heart and lungs ill do a quick
RES0205	m very careful	FINDING	3	i'm	the time and im very careful so ok have
RES0206	nose pain	SYMPTOM	2	<UNKNOWN>	nose or stuffy nose any pain in your sinus
RES0206	lung diseases	CONDITION	2	<DELETED>	are there any lung diseases or heart conditions
RES0206	physical exam	FINDING	2	<DELETED>	now do it physical exam and look at
RES0206	other things	FINDING	2	<DELETED>	its instead of other things whether you need
RES0206	home oxygen	FINDING	2	homoxygen	don t have home oxygen or anything and
RES0206	vital signs	PROCEDURE	2	<DELETED>	labs in your vital signs its instead of
RES0206	marijuana	CONDITION	1	<DELETED>	do you consume marijuana or any recreational
RES0206	admitted	PROCEDURE	1	<DELETED>	er and be admitted or if you
RES0206	likely	FINDING	1	<DELETED>	your chest its likely that what you
RES0206	sinus	DRUG	1	sinuses	pain in your sinus i think i
RES0206	sinus	DRUG	1	science	pressure in the sinus area but its
RES0206	sweat	FINDING	1	sweats	youre drenched in sweat at night uh
RES0206	drugs	PROCEDURE	1	<DELETED>	or any recreational drugs no ok uh
RES0206	heart	CONDITION	1	<DELETED>	lung diseases or heart conditions or cancers
RES0206	chest	FINDING	1	<DELETED>	listen to your chest its likely that
RES0206	lung	CONDITION	1	<DELETED>	a lung a lung doctor i see
RES0206	copd	DRUG	1	copes	mentioned that your copd s are getting
RES0206	swab	PROCEDURE	1	<DELETED>	doing a covid swab and will decide
RES0206	labs	LAB_RESULT	1	<DELETED>	the on your labs in your vital
RES0206	back	ANATOMY	1	<DELETED>	together and come back and talk to
RES0206	run	FINDING	1	<DELETED>	or cancers that run in the family
RES0206	conditions	CONDITION	1	<DELETED>	diseases or heart conditions or cancers that
RES0206	infection	CONDITION	1	<DELETED>	a like an infection that you got
RES0206	20 years	FINDING	2	<DELETED>	day for probably 20 years ok ok and
RES0206	instead	DRUG	1	<DELETED>	vital signs its instead of other things
RES0206	5 years ago	FINDING	3	four or five	copd uhm 4 5 years ago was it formally
RES0206	cancers	CONDITION	1	<DELETED>	heart conditions or cancers that run in
RES0207	runny nose	SYMPTOM	2	or any knells	sore throat no runny nose no ok uhm
RES0207	keppra	DRUG	1	kepra	um im taking keppra ok and normally
RES0207	steps	PROCEDURE	1	<DELETED>	about the next steps if theres any
RES0207	tests	PROCEDURE	1	<DELETED>	if theres any tests we want to
RES0207	back	ANATOMY	1	<DELETED>	now well come back shortly and talk
RES0207	talked	CONDITION	1	<DELETED>	take everything we talked about im going
RES0208	stress headache	CONDITION	2	<UNKNOWN>	kind of difficult stress headache you know yeah
RES0208	public health	PROCEDURE	2	<DELETED>	and then the public health nurse should tell
RES0208	physical exam	FINDING	2	<DELETED>	lets do a physical exam and then go
RES0208	chest x ray	PROCEDURE	3	<UNKNOWN>	also do a chest x ray just to make
RES0208	headaches	SYMPTOM	1	headache	quality from the headaches that you usually
RES0208	difficult	FINDING	1	just	get kind of difficult stress headache you
RES0208	prostates	ANATOMY	1	<DELETED>	yeah my my prostates a little big
RES0208	not able	FINDING	2	<DELETED>	not you are not able to smell well
RES0208	stressed	FINDING	1	depressed	well i am stressed just that i
RES0208	positive	FINDING	1	<DELETED>	your results are positive ok ok no
RES0208	rundown	SYMPTOM	1	down	of breath really rundown just like super
RES0208	worried	FINDING	1	<DELETED>	what i was worried about yeah and
RES0208	isolate	DRUG	1	<DELETED>	try to self isolate as much as
RES0208	hearts	ANATOMY	1	heart's	feel like your hearts beating really fast
RES0208	belly	ANATOMY	1	<DELETED>	pain in your belly no cause i
RES0208	cough	DRUG	1	<DELETED>	sore throat and cough that you might
RES0208	chest	FINDING	1	<DELETED>	settling in your chest and a covid
RES0208	tums	DRUG	1	tumbl	i take a tums here and there
RES0208	swab	PROCEDURE	1	<DELETED>	and a covid swab and then uh
RES0208	run	FINDING	1	are running	medical conditions that run in the family
RES0208	infection	CONDITION	1	<DELETED>	theres anything a infection that is settling
RES0208	results	FINDING	1	<DELETED>	based on those results but if you
RES0208	results	FINDING	1	<DELETED>	possible and your results should come out
RES0208	results	FINDING	1	<DELETED>	do if your results are positive ok
RES0208	starting starting	FINDING	2	<UNKNOWN>	maybe could be starting starting one sure like
RES0209	other breathing problems	SYMPTOM	3	<UNKNOWN>	family have any other breathing problems no anyone else
RES0209	ask questions	FINDING	2	asked	no we just ask those questions because sometimes these
RES0209	medications	DRUG	1	<DELETED>	use your your medications every time you
RES0209	medications	DRUG	1	<DELETED>	change to your medications and maybe it
RES0209	playing	FINDING	1	<DELETED>	im i like playing games online with
RES0209	control	DRUG	1	<DELETED>	able to better control your asthma yeah
RES0209	turned	FINDING	1	turn	does it usually turned out that you
RES0209	change	PROCEDURE	1	<DELETED>	is a little change to your medications
RES0209	asthma	CONDITION	1	<DELETED>	better control your asthma yeah that sounds
RES0209	found	FINDING	1	find i'm	helps but i found im using it
RES0209	re 10	DRUG	2	you're ten	i was eight youre 10 now thats right
RES0209	easy	FINDING	1	wheezy	i get so easy that i find
RES0209	able	FINDING	1	<DELETED>	you should be able to enjoy that
RES0209	back	ANATOMY	1	<DELETED>	we ll come back and see you
RES0209	able	FINDING	1	<DELETED>	be better be able to better control
RES0209	pjs	CONDITION	1	feed	out of your pjs some days yes
RES0209	bronchodilator	DRUG	1	diarrhea you're	said besides the bronchodilator youre not taking
RES0209	spring spring	FINDING	2	<UNKNOWN>	maybe also the spring spring with like pollen
RES0210	odd	CONDITION	1	up	drugs smoke the odd joint from time
RES0211	post nasal drip	SYMPTOM	3	post-nasal	that called like post nasal drip but i dont
RES0211	feeling ok	SYMPTOM	2	<UNKNOWN>	that otherwise youre feeling ok you dont have
RES0211	claritin	DRUG	1	clariton	ill take like claritin this isnt like
RES0211	claritin	DRUG	1	clariton	medications aside from claritin and your little
RES0211	heads	ANATOMY	1	head's	s pounding your heads pounding you have
RES0211	aches	SYMPTOM	1	ache	no no any aches in your joints
RES0211	head	ANATOMY	1	head's pounding yeah	overall and my head s pounding your
RES0211	ill	SYMPTOM	1	i'll	every year otherwise ill take like claritin
RES0212	usually	FINDING	1	<DELETED>	but usually um usually its like the
RES0212	5 or 6	FINDING	3	five	know maybe like 5 or 6 beers i guess
RES0213	multi vitamin	DRUG	2	multivitamin	take like a multi vitamin but thats it
RES0213	dads	DRUG	1	dad's	grandpa like my dads dad but like
RES0213	ill	SYMPTOM	1	i'll	i need and ill pass it on
RES0214	pre diabetic	CONDITION	2	<DELETED>	colds um im pre diabetic so ive been
RES0214	isolate	DRUG	1	<DELETED>	your husband self isolate the other question
RES0214	ill	SYMPTOM	1	okay all right now	no ok alright ill just kind of
RES0214	ill	SYMPTOM	1	let me come	the doctor and ill be coming back
RES0214	but not not regularly	FINDING	4	<UNKNOWN>	just like edibles but not not regularly understood and have
RES0215	seasonal allergies	CONDITION	2	<UNKNOWN>	her anything for seasonal allergies sometimes she takes
RES0215	taking medications	FINDING	2	any	ok is she taking medications right now um
RES0215	congestions	CONDITION	1	ingestions	her no toxic congestions by that i
RES0215	reactine	DRUG	1	reactin	she takes like reactine or like over
RES0215	reactine	DRUG	1	reactant	from the occasional reactine uh yeah aside
RES0215	cas	CONDITION	1	<DELETED>	been any cc cas involvement in the
RES0215	ill	SYMPTOM	1	<DELETED>	the physician and ill come in and
RES0215	changed	PROCEDURE	1	change	household no and changed your air filters
RES0215	slightly slightly	FINDING	2	slightsly	um she just slightly slightly has a hard
RES0216	chest tightness	SYMPTOM	2	<UNKNOWN>	you have some chest tightness do you have
RES0216	chest tightness	SYMPTOM	2	<DELETED>	sounds like a chest tightness and you havent
RES0216	one thing	FINDING	2	<DELETED>	going to try one thing at a time
RES0216	ramipril	DRUG	1	<DELETED>	i take um ramipril yep and uh
RES0216	lower	ANATOMY	1	<DELETED>	pictures kind of lower on the differential
RES0216	semi	CONDITION	1	semi-retired	advisor im like semi retired so i
RES0216	back	ANATOMY	1	<DELETED>	then well come back to the table
RES0216	back	ANATOMY	1	<DELETED>	doctor ill be back with you in
RES0216	ill	SYMPTOM	1	<DELETED>	no problem ok ill go talk to
RES0216	ill	SYMPTOM	1	<DELETED>	to the doctor ill be back with
RES0216	problem	PROCEDURE	1	<DELETED>	thank you no problem ok ill go
RES0217	lyme disease	CONDITION	2	<DELETED>	more concerned for lyme disease but aside from
RES0217	antibiotics	DRUG	1	abiotics	had to take antibiotics for a bit
RES0217	headaches	SYMPTOM	1	<DELETED>	ok so no headaches no nothing like
RES0217	insects	DRUG	1	<DELETED>	understand you removed insects from your leg
RES0217	totally	FINDING	1	<DELETED>	well otherwise yeah totally fine it was
RES0217	rash	SYMPTOM	1	reflecting	kind of target rash thing that they
RES0217	sore	SYMPTOM	1	sold	just kind of sore in one spot
RES0217	easy	FINDING	1	even	and theyre sometimes easy to spot you
RES0217	back	ANATOMY	1	<DELETED>	doctor well come back and talk to
RES0217	leg	ANATOMY	1	<DELETED>	insects from your leg earlier today yes
RES0217	ill	SYMPTOM	1	<DELETED>	no problem ok ill go talk to
RES0217	problem	PROCEDURE	1	<DELETED>	me out no problem ok ill go
RES0217	helping	DRUG	1	<DELETED>	so thanks for helping me out no
RES0217	talked	CONDITION	1	<DELETED>	with what we talked about today do
