kind	model_or_pair	fid	words_fixed	words_buggy	fixed_err	buggy_err
solo	parakeet-tdt-0.6b-v2	CAR0002	1067	1043	173	210
solo	parakeet-tdt-0.6b-v2	GAS0002	1140	1103	275	319
solo	parakeet-tdt-0.6b-v2	CAR0004	920	896	268	303
solo	parakeet-tdt-0.6b-v2	CAR0001	1053	1027	145	183
solo	parakeet-tdt-0.6b-v2	GAS0001	1033	984	291	350
solo	parakeet-tdt-0.6b-v2	GAS0007	903	884	93	131
solo	parakeet-tdt-0.6b-v2	CAR0003	1281	1259	115	149
solo	parakeet-tdt-0.6b-v2	GAS0003	1093	1036	218	279
solo	parakeet-tdt-0.6b-v2	GAS0004	1180	1127	195	272
solo	parakeet-tdt-0.6b-v2	CAR0005	1292	1228	159	249
solo	parakeet-tdt-0.6b-v2	DER0001	1554	1485	187	302
solo	parakeet-tdt-0.6b-v2	GAS0005	1599	1541	167	268
solo	parakeet-tdt-0.6b-v2	GEN0001	1132	1093	92	162
solo	parakeet-tdt-0.6b-v2	MSK0001	983	960	188	223
solo	parakeet-tdt-0.6b-v2	MSK0004	1125	1096	285	320
solo	parakeet-tdt-0.6b-v2	MSK0005	1513	1462	349	419
solo	parakeet-tdt-0.6b-v2	MSK0010	1505	1473	136	189
solo	parakeet-tdt-0.6b-v2	MSK0007	1358	1333	134	175
solo	parakeet-tdt-0.6b-v2	MSK0003	1866	1810	368	453
solo	parakeet-tdt-0.6b-v2	MSK0011	1535	1501	181	231
solo	parakeet-tdt-0.6b-v2	MSK0008	1417	1391	156	200
solo	parakeet-tdt-0.6b-v2	MSK0009	1572	1520	200	280
solo	parakeet-tdt-0.6b-v2	MSK0012	1652	1600	146	228
solo	parakeet-tdt-0.6b-v2	MSK0013	1610	1562	159	240
solo	parakeet-tdt-0.6b-v2	MSK0006	1781	1720	231	326
solo	parakeet-tdt-0.6b-v2	MSK0014	1575	1529	159	227
solo	parakeet-tdt-0.6b-v2	MSK0018	976	940	171	210
solo	parakeet-tdt-0.6b-v2	MSK0017	1735	1681	325	405
solo	parakeet-tdt-0.6b-v2	MSK0016	2064	1999	237	330
solo	parakeet-tdt-0.6b-v2	MSK0019	1337	1298	89	150
solo	parakeet-tdt-0.6b-v2	MSK0015	1622	1576	163	240
solo	parakeet-tdt-0.6b-v2	MSK0024	1193	1162	98	150
solo	parakeet-tdt-0.6b-v2	MSK0023	1229	1181	127	199
solo	parakeet-tdt-0.6b-v2	MSK0020	1683	1636	347	423
solo	parakeet-tdt-0.6b-v2	MSK0026	1365	1338	126	166
solo	parakeet-tdt-0.6b-v2	MSK0025	1580	1511	137	248
solo	parakeet-tdt-0.6b-v2	MSK0021	1745	1691	283	378
solo	parakeet-tdt-0.6b-v2	MSK0027	1377	1331	149	226
solo	parakeet-tdt-0.6b-v2	MSK0031	1299	1247	267	344
solo	parakeet-tdt-0.6b-v2	MSK0028	1836	1785	182	278
solo	parakeet-tdt-0.6b-v2	MSK0022	2164	2091	212	340
solo	parakeet-tdt-0.6b-v2	MSK0032	1198	1154	184	236
solo	parakeet-tdt-0.6b-v2	MSK0029	2268	2186	376	486
solo	parakeet-tdt-0.6b-v2	MSK0034	1448	1417	155	205
solo	parakeet-tdt-0.6b-v2	MSK0036	1757	1714	155	231
solo	parakeet-tdt-0.6b-v2	MSK0033	1687	1621	172	274
solo	parakeet-tdt-0.6b-v2	MSK0035	1596	1549	164	238
solo	parakeet-tdt-0.6b-v2	MSK0041	1583	1543	283	345
solo	parakeet-tdt-0.6b-v2	MSK0044	1177	1132	295	344
solo	parakeet-tdt-0.6b-v2	MSK0039	1404	1367	320	379
solo	parakeet-tdt-0.6b-v2	MSK0037	1682	1620	194	299
solo	parakeet-tdt-0.6b-v2	MSK0040	1488	1446	166	237
solo	parakeet-tdt-0.6b-v2	MSK0042	1522	1471	140	227
solo	parakeet-tdt-0.6b-v2	MSK0046	1225	1188	164	225
solo	parakeet-tdt-0.6b-v2	MSK0038	1895	1828	308	409
solo	parakeet-tdt-0.6b-v2	MSK0043	1772	1694	268	362
solo	parakeet-tdt-0.6b-v2	RES0002	1162	1144	335	365
solo	parakeet-tdt-0.6b-v2	MSK0045	1394	1354	293	336
solo	parakeet-tdt-0.6b-v2	RES0001	1526	1469	204	294
solo	parakeet-tdt-0.6b-v2	MSK0049	1372	1333	205	258
solo	parakeet-tdt-0.6b-v2	MSK0050	1285	1257	106	158
solo	parakeet-tdt-0.6b-v2	RES0003	1261	1213	119	196
solo	parakeet-tdt-0.6b-v2	RES0010	1070	1018	140	228
solo	parakeet-tdt-0.6b-v2	RES0006	1240	1207	122	184
solo	parakeet-tdt-0.6b-v2	RES0005	1645	1578	167	277
solo	parakeet-tdt-0.6b-v2	RES0008	1171	1129	115	184
solo	parakeet-tdt-0.6b-v2	RES0007	1874	1811	182	279
solo	parakeet-tdt-0.6b-v2	RES0004	1723	1650	240	348
solo	parakeet-tdt-0.6b-v2	RES0009	1446	1372	272	374
solo	parakeet-tdt-0.6b-v2	RES0016	1327	1287	282	331
solo	parakeet-tdt-0.6b-v2	RES0011	1647	1573	265	369
solo	parakeet-tdt-0.6b-v2	RES0013	1400	1325	279	389
solo	parakeet-tdt-0.6b-v2	RES0014	1429	1383	333	406
solo	parakeet-tdt-0.6b-v2	RES0012	2168	2058	527	675
solo	parakeet-tdt-0.6b-v2	RES0018	1334	1294	179	245
solo	parakeet-tdt-0.6b-v2	RES0015	1607	1551	326	415
solo	parakeet-tdt-0.6b-v2	RES0020	1413	1386	146	194
solo	parakeet-tdt-0.6b-v2	RES0021	1255	1226	155	205
solo	parakeet-tdt-0.6b-v2	RES0023	1099	1054	290	344
solo	parakeet-tdt-0.6b-v2	RES0019	1334	1300	237	280
solo	parakeet-tdt-0.6b-v2	RES0024	1004	969	238	296
solo	parakeet-tdt-0.6b-v2	RES0027	1366	1323	246	322
solo	parakeet-tdt-0.6b-v2	RES0017	1751	1698	217	301
solo	parakeet-tdt-0.6b-v2	RES0029	811	787	164	188
solo	parakeet-tdt-0.6b-v2	RES0028	1156	1130	280	301
solo	parakeet-tdt-0.6b-v2	RES0030	1184	1158	117	155
solo	parakeet-tdt-0.6b-v2	RES0025	1393	1342	163	248
solo	parakeet-tdt-0.6b-v2	RES0032	1212	1169	276	331
solo	parakeet-tdt-0.6b-v2	RES0022	1999	1927	317	431
solo	parakeet-tdt-0.6b-v2	RES0026	1544	1504	160	226
solo	parakeet-tdt-0.6b-v2	RES0035	958	944	95	118
solo	parakeet-tdt-0.6b-v2	RES0031	1343	1297	174	242
solo	parakeet-tdt-0.6b-v2	RES0033	1372	1306	343	426
solo	parakeet-tdt-0.6b-v2	RES0036	1423	1368	175	255
solo	parakeet-tdt-0.6b-v2	RES0043	1503	1451	249	323
solo	parakeet-tdt-0.6b-v2	RES0038	1554	1504	163	232
solo	parakeet-tdt-0.6b-v2	RES0037	1453	1413	235	294
solo	parakeet-tdt-0.6b-v2	RES0042	1264	1222	344	389
solo	parakeet-tdt-0.6b-v2	RES0034	1685	1627	147	244
solo	parakeet-tdt-0.6b-v2	RES0039	1672	1635	192	259
solo	parakeet-tdt-0.6b-v2	RES0045	1204	1158	226	277
solo	parakeet-tdt-0.6b-v2	RES0046	1588	1532	192	284
solo	parakeet-tdt-0.6b-v2	RES0050	1109	1084	100	144
solo	parakeet-tdt-0.6b-v2	RES0044	1859	1776	320	424
solo	parakeet-tdt-0.6b-v2	RES0052	828	809	245	272
solo	parakeet-tdt-0.6b-v2	RES0051	997	970	127	173
solo	parakeet-tdt-0.6b-v2	RES0047	1628	1575	327	397
solo	parakeet-tdt-0.6b-v2	RES0057	1245	1194	222	309
solo	parakeet-tdt-0.6b-v2	RES0055	1375	1328	286	371
solo	parakeet-tdt-0.6b-v2	RES0056	1174	1140	311	349
solo	parakeet-tdt-0.6b-v2	RES0048	1809	1726	326	458
solo	parakeet-tdt-0.6b-v2	RES0049	1622	1555	256	351
solo	parakeet-tdt-0.6b-v2	RES0058	1514	1462	231	323
solo	parakeet-tdt-0.6b-v2	RES0053	1982	1906	493	610
solo	parakeet-tdt-0.6b-v2	RES0064	1078	1046	259	305
solo	parakeet-tdt-0.6b-v2	RES0059	1358	1327	258	304
solo	parakeet-tdt-0.6b-v2	RES0063	1439	1384	205	292
solo	parakeet-tdt-0.6b-v2	RES0067	946	912	312	344
solo	parakeet-tdt-0.6b-v2	RES0061	1783	1701	258	394
solo	parakeet-tdt-0.6b-v2	RES0066	1192	1160	273	322
solo	parakeet-tdt-0.6b-v2	RES0060	1683	1616	445	548
solo	parakeet-tdt-0.6b-v2	RES0065	1089	1064	131	177
solo	parakeet-tdt-0.6b-v2	RES0054	2491	2446	875	943
solo	parakeet-tdt-0.6b-v2	RES0070	976	946	302	319
solo	parakeet-tdt-0.6b-v2	RES0069	1026	994	293	332
solo	parakeet-tdt-0.6b-v2	RES0062	1965	1905	261	372
solo	parakeet-tdt-0.6b-v2	RES0068	1213	1168	254	299
solo	parakeet-tdt-0.6b-v2	RES0072	1182	1150	305	354
solo	parakeet-tdt-0.6b-v2	RES0075	1112	1070	124	193
solo	parakeet-tdt-0.6b-v2	RES0079	841	815	164	206
solo	parakeet-tdt-0.6b-v2	RES0074	1246	1206	142	219
solo	parakeet-tdt-0.6b-v2	RES0071	1301	1261	152	216
solo	parakeet-tdt-0.6b-v2	RES0073	1340	1303	169	239
solo	parakeet-tdt-0.6b-v2	RES0078	1140	1092	136	217
solo	parakeet-tdt-0.6b-v2	RES0083	990	962	135	180
solo	parakeet-tdt-0.6b-v2	RES0085	959	923	198	257
solo	parakeet-tdt-0.6b-v2	RES0076	1569	1513	271	374
solo	parakeet-tdt-0.6b-v2	RES0082	932	891	145	213
solo	parakeet-tdt-0.6b-v2	RES0080	1225	1179	234	311
solo	parakeet-tdt-0.6b-v2	RES0077	1649	1585	172	289
solo	parakeet-tdt-0.6b-v2	RES0084	1562	1516	147	234
solo	parakeet-tdt-0.6b-v2	RES0081	1455	1391	231	338
solo	parakeet-tdt-0.6b-v2	RES0091	901	869	199	240
solo	parakeet-tdt-0.6b-v2	RES0092	837	800	251	289
solo	parakeet-tdt-0.6b-v2	RES0086	1523	1463	286	391
solo	parakeet-tdt-0.6b-v2	RES0087	1359	1306	275	355
solo	parakeet-tdt-0.6b-v2	RES0090	1193	1160	97	148
solo	parakeet-tdt-0.6b-v2	RES0094	793	766	213	254
solo	parakeet-tdt-0.6b-v2	RES0088	1373	1336	159	216
solo	parakeet-tdt-0.6b-v2	RES0096	1292	1251	344	393
solo	parakeet-tdt-0.6b-v2	RES0093	1606	1543	266	360
solo	parakeet-tdt-0.6b-v2	RES0095	1467	1426	268	334
solo	parakeet-tdt-0.6b-v2	RES0089	1800	1749	255	329
solo	parakeet-tdt-0.6b-v2	RES0098	1474	1422	315	390
solo	parakeet-tdt-0.6b-v2	RES0097	1381	1319	194	282
solo	parakeet-tdt-0.6b-v2	RES0103	1100	1063	264	317
solo	parakeet-tdt-0.6b-v2	RES0101	1430	1379	326	399
solo	parakeet-tdt-0.6b-v2	RES0109	845	817	235	276
solo	parakeet-tdt-0.6b-v2	RES0099	1554	1505	180	245
solo	parakeet-tdt-0.6b-v2	RES0100	1767	1710	183	277
solo	parakeet-tdt-0.6b-v2	RES0108	950	918	340	372
solo	parakeet-tdt-0.6b-v2	RES0104	1563	1511	293	364
solo	parakeet-tdt-0.6b-v2	RES0102	2025	1952	194	319
solo	parakeet-tdt-0.6b-v2	RES0111	965	927	195	258
solo	parakeet-tdt-0.6b-v2	RES0105	1738	1663	350	446
solo	parakeet-tdt-0.6b-v2	RES0106	1307	1251	155	235
solo	parakeet-tdt-0.6b-v2	RES0112	835	795	234	281
solo	parakeet-tdt-0.6b-v2	RES0110	1565	1512	170	263
solo	parakeet-tdt-0.6b-v2	RES0107	1596	1520	291	412
solo	parakeet-tdt-0.6b-v2	RES0118	947	921	71	110
solo	parakeet-tdt-0.6b-v2	RES0113	1079	1043	208	263
solo	parakeet-tdt-0.6b-v2	RES0117	951	920	329	350
solo	parakeet-tdt-0.6b-v2	RES0121	962	930	66	118
solo	parakeet-tdt-0.6b-v2	RES0120	1381	1325	234	315
solo	parakeet-tdt-0.6b-v2	RES0122	1046	1005	148	207
solo	parakeet-tdt-0.6b-v2	RES0119	1359	1302	198	301
solo	parakeet-tdt-0.6b-v2	RES0114	1673	1606	303	413
solo	parakeet-tdt-0.6b-v2	RES0116	1588	1533	189	266
solo	parakeet-tdt-0.6b-v2	RES0129	1078	1040	281	336
solo	parakeet-tdt-0.6b-v2	RES0128	1095	1062	290	343
solo	parakeet-tdt-0.6b-v2	RES0126	1858	1784	215	342
solo	parakeet-tdt-0.6b-v2	RES0127	1461	1418	252	327
solo	parakeet-tdt-0.6b-v2	RES0130	1329	1282	219	294
solo	parakeet-tdt-0.6b-v2	RES0123	1716	1647	212	310
solo	parakeet-tdt-0.6b-v2	RES0125	1638	1576	144	231
solo	parakeet-tdt-0.6b-v2	RES0124	1729	1675	141	225
solo	parakeet-tdt-0.6b-v2	RES0135	1224	1191	223	278
solo	parakeet-tdt-0.6b-v2	RES0131	1231	1176	220	300
solo	parakeet-tdt-0.6b-v2	RES0137	1274	1216	232	306
solo	parakeet-tdt-0.6b-v2	RES0133	1264	1222	245	299
solo	parakeet-tdt-0.6b-v2	RES0139	1131	1093	305	349
solo	parakeet-tdt-0.6b-v2	RES0132	1309	1276	257	303
solo	parakeet-tdt-0.6b-v2	RES0138	1148	1118	142	183
solo	parakeet-tdt-0.6b-v2	RES0136	1243	1211	290	333
solo	parakeet-tdt-0.6b-v2	RES0142	778	758	212	238
solo	parakeet-tdt-0.6b-v2	RES0143	1119	1080	314	351
solo	parakeet-tdt-0.6b-v2	RES0140	907	877	282	311
solo	parakeet-tdt-0.6b-v2	RES0141	987	949	162	210
solo	parakeet-tdt-0.6b-v2	RES0134	1679	1630	141	227
solo	parakeet-tdt-0.6b-v2	RES0146	898	870	183	222
solo	parakeet-tdt-0.6b-v2	RES0144	1153	1119	317	370
solo	parakeet-tdt-0.6b-v2	RES0145	1326	1277	162	249
solo	parakeet-tdt-0.6b-v2	RES0147	1274	1234	197	256
solo	parakeet-tdt-0.6b-v2	RES0152	1059	1028	105	164
solo	parakeet-tdt-0.6b-v2	RES0148	1136	1101	259	313
solo	parakeet-tdt-0.6b-v2	RES0149	1270	1231	271	325
solo	parakeet-tdt-0.6b-v2	RES0150	1147	1099	241	307
solo	parakeet-tdt-0.6b-v2	RES0151	1157	1125	231	280
solo	parakeet-tdt-0.6b-v2	RES0154	943	922	248	282
solo	parakeet-tdt-0.6b-v2	RES0153	1103	1063	130	201
solo	parakeet-tdt-0.6b-v2	RES0159	1104	1060	96	169
solo	parakeet-tdt-0.6b-v2	RES0161	1034	993	167	220
solo	parakeet-tdt-0.6b-v2	RES0160	1135	1093	145	200
solo	parakeet-tdt-0.6b-v2	RES0155	1439	1380	358	415
solo	parakeet-tdt-0.6b-v2	RES0156	1016	983	259	299
solo	parakeet-tdt-0.6b-v2	RES0158	1079	1034	251	306
solo	parakeet-tdt-0.6b-v2	RES0163	1200	1155	169	237
solo	parakeet-tdt-0.6b-v2	RES0165	909	881	183	237
solo	parakeet-tdt-0.6b-v2	RES0162	1235	1183	168	236
solo	parakeet-tdt-0.6b-v2	RES0169	946	906	190	252
solo	parakeet-tdt-0.6b-v2	RES0168	1329	1271	354	433
solo	parakeet-tdt-0.6b-v2	RES0166	1155	1117	171	228
solo	parakeet-tdt-0.6b-v2	RES0164	1248	1197	305	370
solo	parakeet-tdt-0.6b-v2	RES0167	1181	1132	170	245
solo	parakeet-tdt-0.6b-v2	RES0170	1351	1300	310	377
solo	parakeet-tdt-0.6b-v2	RES0172	1195	1148	333	389
solo	parakeet-tdt-0.6b-v2	RES0171	1368	1306	404	479
solo	parakeet-tdt-0.6b-v2	RES0173	1262	1210	249	342
solo	parakeet-tdt-0.6b-v2	RES0177	1193	1151	234	300
solo	parakeet-tdt-0.6b-v2	RES0175	1017	979	121	175
solo	parakeet-tdt-0.6b-v2	RES0178	1125	1082	180	232
solo	parakeet-tdt-0.6b-v2	RES0174	1549	1484	197	307
solo	parakeet-tdt-0.6b-v2	RES0180	1065	1020	335	395
solo	parakeet-tdt-0.6b-v2	RES0182	945	919	243	286
solo	parakeet-tdt-0.6b-v2	RES0176	1305	1269	155	213
solo	parakeet-tdt-0.6b-v2	RES0179	1291	1254	368	423
solo	parakeet-tdt-0.6b-v2	RES0181	1184	1154	245	285
solo	parakeet-tdt-0.6b-v2	RES0186	1069	1020	238	316
solo	parakeet-tdt-0.6b-v2	RES0188	957	932	146	193
solo	parakeet-tdt-0.6b-v2	RES0184	970	946	243	272
solo	parakeet-tdt-0.6b-v2	RES0185	1075	1026	338	386
solo	parakeet-tdt-0.6b-v2	RES0183	1217	1178	162	226
solo	parakeet-tdt-0.6b-v2	RES0187	1303	1275	363	402
solo	parakeet-tdt-0.6b-v2	RES0191	927	905	155	191
solo	parakeet-tdt-0.6b-v2	RES0198	857	833	265	294
solo	parakeet-tdt-0.6b-v2	RES0196	943	910	314	362
solo	parakeet-tdt-0.6b-v2	RES0190	1290	1263	273	315
solo	parakeet-tdt-0.6b-v2	RES0189	1439	1397	263	330
solo	parakeet-tdt-0.6b-v2	RES0194	1395	1339	330	392
solo	parakeet-tdt-0.6b-v2	RES0192	1280	1243	136	194
solo	parakeet-tdt-0.6b-v2	RES0195	1335	1297	258	313
solo	parakeet-tdt-0.6b-v2	RES0197	966	943	135	169
solo	parakeet-tdt-0.6b-v2	RES0193	1431	1382	323	387
solo	parakeet-tdt-0.6b-v2	RES0199	1152	1118	377	421
solo	parakeet-tdt-0.6b-v2	RES0203	920	895	106	147
solo	parakeet-tdt-0.6b-v2	RES0204	995	959	361	391
solo	parakeet-tdt-0.6b-v2	RES0207	818	789	237	273
solo	parakeet-tdt-0.6b-v2	RES0201	1059	1024	160	203
solo	parakeet-tdt-0.6b-v2	RES0200	1351	1316	366	418
solo	parakeet-tdt-0.6b-v2	RES0205	1049	1009	111	182
solo	parakeet-tdt-0.6b-v2	RES0202	1522	1472	280	351
solo	parakeet-tdt-0.6b-v2	RES0208	1322	1254	311	412
solo	parakeet-tdt-0.6b-v2	RES0209	1108	1062	331	392
solo	parakeet-tdt-0.6b-v2	RES0206	1354	1309	365	429
solo	parakeet-tdt-0.6b-v2	RES0210	1139	1119	135	168
solo	parakeet-tdt-0.6b-v2	RES0212	1304	1238	100	220
solo	parakeet-tdt-0.6b-v2	RES0214	1123	1093	110	156
solo	parakeet-tdt-0.6b-v2	RES0211	1415	1355	179	278
solo	whisper-distil-v3.5	CAR0002	1067	1043	106	145
solo	whisper-distil-v3.5	CAR0001	1053	1027	98	146
solo	parakeet-tdt-0.6b-v2	RES0213	1485	1383	150	293
solo	whisper-distil-v3.5	CAR0004	920	896	98	144
solo	parakeet-tdt-0.6b-v2	RES0215	1386	1329	133	225
solo	parakeet-tdt-0.6b-v2	RES0216	1604	1531	188	309
solo	parakeet-tdt-0.6b-v2	RES0217	1486	1424	222	300
solo	whisper-distil-v3.5	CAR0003	1281	1259	111	148
solo	whisper-distil-v3.5	GAS0001	1033	984	147	218
solo	whisper-distil-v3.5	GAS0003	1093	1036	133	214
solo	whisper-distil-v3.5	CAR0005	1292	1228	114	214
solo	whisper-distil-v3.5	GAS0007	903	884	107	142
solo	whisper-distil-v3.5	GAS0002	1140	1103	97	151
solo	whisper-distil-v3.5	GEN0001	1132	1093	87	158
solo	whisper-distil-v3.5	GAS0004	1180	1127	131	223
solo	whisper-distil-v3.5	DER0001	1554	1485	192	300
solo	whisper-distil-v3.5	MSK0001	983	960	117	157
solo	whisper-distil-v3.5	MSK0005	1513	1462	154	233
solo	whisper-distil-v3.5	MSK0004	1125	1096	125	166
solo	whisper-distil-v3.5	GAS0005	1599	1541	166	261
solo	whisper-distil-v3.5	MSK0008	1417	1391	168	213
solo	whisper-distil-v3.5	MSK0006	1781	1720	179	278
solo	whisper-distil-v3.5	MSK0007	1358	1333	144	185
solo	whisper-distil-v3.5	MSK0003	1866	1810	188	282
solo	whisper-distil-v3.5	MSK0010	1505	1473	127	180
solo	whisper-distil-v3.5	MSK0009	1572	1520	193	278
solo	whisper-distil-v3.5	MSK0018	976	940	80	125
solo	whisper-distil-v3.5	MSK0014	1575	1529	158	237
solo	whisper-distil-v3.5	MSK0011	1535	1501	178	236
solo	whisper-distil-v3.5	MSK0012	1652	1600	140	226
solo	whisper-distil-v3.5	MSK0013	1610	1562	149	235
solo	whisper-distil-v3.5	MSK0015	1622	1576	170	251
solo	whisper-distil-v3.5	MSK0017	1735	1681	159	257
solo	whisper-distil-v3.5	MSK0019	1337	1298	88	152
solo	whisper-distil-v3.5	MSK0023	1229	1181	118	191
solo	whisper-distil-v3.5	MSK0024	1193	1162	97	155
solo	whisper-distil-v3.5	MSK0021	1745	1691	226	323
solo	whisper-distil-v3.5	MSK0020	1683	1636	173	257
solo	whisper-distil-v3.5	MSK0016	2064	1999	197	305
solo	whisper-distil-v3.5	MSK0027	1377	1331	155	234
solo	whisper-distil-v3.5	MSK0025	1580	1511	123	243
solo	whisper-distil-v3.5	MSK0026	1365	1338	141	182
solo	whisper-distil-v3.5	MSK0032	1198	1154	81	144
solo	whisper-distil-v3.5	MSK0022	2164	2091	206	344
solo	whisper-distil-v3.5	MSK0031	1299	1247	126	215
solo	whisper-distil-v3.5	MSK0033	1687	1621	166	285
solo	whisper-distil-v3.5	MSK0028	1836	1785	179	274
solo	whisper-distil-v3.5	MSK0029	2268	2186	244	376
solo	whisper-distil-v3.5	MSK0034	1448	1417	157	213
solo	whisper-distil-v3.5	MSK0035	1596	1549	170	246
solo	whisper-distil-v3.5	MSK0040	1488	1446	147	222
solo	whisper-distil-v3.5	MSK0039	1404	1367	126	186
solo	whisper-distil-v3.5	MSK0036	1757	1714	161	239
solo	whisper-distil-v3.5	MSK0037	1682	1620	187	297
solo	whisper-distil-v3.5	MSK0044	1177	1132	107	184
solo	whisper-distil-v3.5	MSK0041	1583	1543	162	231
solo	whisper-distil-v3.5	MSK0038	1895	1828	175	292
solo	whisper-distil-v3.5	MSK0046	1225	1188	110	177
solo	whisper-distil-v3.5	MSK0043	1772	1694	160	274
solo	whisper-distil-v3.5	MSK0042	1522	1471	121	209
solo	whisper-distil-v3.5	MSK0045	1394	1354	136	207
solo	whisper-distil-v3.5	MSK0050	1285	1257	113	165
solo	whisper-distil-v3.5	MSK0049	1372	1333	141	200
solo	whisper-distil-v3.5	RES0002	1162	1144	337	367
solo	whisper-distil-v3.5	RES0010	1070	1018	134	226
solo	whisper-distil-v3.5	RES0001	1526	1469	195	290
solo	whisper-distil-v3.5	RES0008	1171	1129	121	191
solo	whisper-distil-v3.5	RES0003	1261	1213	116	201
solo	whisper-distil-v3.5	RES0006	1240	1207	125	186
solo	whisper-distil-v3.5	RES0009	1446	1372	146	280
solo	whisper-distil-v3.5	RES0005	1645	1578	148	269
solo	whisper-distil-v3.5	RES0004	1723	1650	218	353
solo	whisper-distil-v3.5	RES0007	1874	1811	183	290
solo	whisper-distil-v3.5	RES0015	1607	1551	152	245
solo	whisper-distil-v3.5	RES0014	1429	1383	147	232
solo	whisper-distil-v3.5	RES0013	1400	1325	146	276
solo	whisper-distil-v3.5	RES0016	1327	1287	122	188
solo	whisper-distil-v3.5	RES0011	1647	1573	192	307
solo	whisper-distil-v3.5	RES0018	1334	1294	143	214
solo	whisper-distil-v3.5	RES0023	1099	1054	168	237
solo	whisper-distil-v3.5	RES0019	1334	1300	134	190
solo	whisper-distil-v3.5	RES0021	1255	1226	156	197
solo	whisper-distil-v3.5	RES0024	1004	969	116	183
solo	whisper-distil-v3.5	RES0012	2168	2058	259	449
solo	whisper-distil-v3.5	RES0020	1413	1386	151	199
solo	whisper-distil-v3.5	RES0017	1751	1698	187	273
solo	whisper-distil-v3.5	RES0029	811	787	76	110
solo	whisper-distil-v3.5	RES0026	1544	1504	173	236
solo	whisper-distil-v3.5	RES0025	1393	1342	197	274
solo	whisper-distil-v3.5	RES0027	1366	1323	154	232
solo	whisper-distil-v3.5	RES0028	1156	1130	125	159
solo	whisper-distil-v3.5	RES0031	1343	1297	108	186
solo	whisper-distil-v3.5	RES0032	1212	1169	98	165
solo	whisper-distil-v3.5	RES0035	958	944	76	98
solo	whisper-distil-v3.5	RES0030	1184	1158	125	160
solo	whisper-distil-v3.5	RES0033	1372	1306	134	252
solo	whisper-distil-v3.5	RES0036	1423	1368	151	224
solo	whisper-distil-v3.5	RES0022	1999	1927	220	346
solo	whisper-distil-v3.5	RES0037	1453	1413	158	220
solo	whisper-distil-v3.5	RES0034	1685	1627	134	238
solo	whisper-distil-v3.5	RES0042	1264	1222	173	236
solo	whisper-distil-v3.5	RES0043	1503	1451	197	281
solo	whisper-distil-v3.5	RES0045	1204	1158	101	169
solo	whisper-distil-v3.5	RES0038	1554	1504	167	240
solo	whisper-distil-v3.5	RES0039	1672	1635	178	243
solo	whisper-distil-v3.5	RES0044	1859	1776	162	306
solo	whisper-distil-v3.5	RES0050	1109	1084	107	149
solo	whisper-distil-v3.5	RES0046	1588	1532	151	252
solo	whisper-distil-v3.5	RES0052	828	809	148	186
solo	whisper-distil-v3.5	RES0051	997	970	138	185
solo	whisper-distil-v3.5	RES0047	1628	1575	190	277
solo	whisper-distil-v3.5	RES0048	1809	1726	165	311
solo	whisper-distil-v3.5	RES0055	1375	1328	240	332
solo	whisper-distil-v3.5	RES0057	1245	1194	218	311
solo	whisper-distil-v3.5	RES0058	1514	1462	241	328
solo	whisper-distil-v3.5	RES0056	1174	1140	180	240
solo	whisper-distil-v3.5	RES0053	1982	1906	368	499
solo	whisper-distil-v3.5	RES0049	1622	1555	180	292
solo	whisper-distil-v3.5	RES0059	1358	1327	184	236
solo	whisper-distil-v3.5	RES0065	1089	1064	146	195
solo	whisper-distil-v3.5	RES0063	1439	1384	175	281
solo	whisper-distil-v3.5	RES0060	1683	1616	264	381
solo	whisper-distil-v3.5	RES0067	946	912	129	182
solo	whisper-distil-v3.5	RES0066	1192	1160	145	206
solo	whisper-distil-v3.5	RES0064	1078	1046	121	180
solo	whisper-distil-v3.5	RES0061	1783	1701	222	370
solo	whisper-distil-v3.5	RES0068	1213	1168	157	224
solo	whisper-distil-v3.5	RES0054	2491	2446	756	820
solo	whisper-distil-v3.5	RES0070	976	946	141	200
solo	whisper-distil-v3.5	RES0062	1965	1905	271	381
solo	whisper-distil-v3.5	RES0069	1026	994	127	181
solo	whisper-distil-v3.5	RES0071	1301	1261	162	233
solo	whisper-distil-v3.5	RES0075	1112	1070	130	207
solo	whisper-distil-v3.5	RES0079	841	815	132	183
solo	whisper-distil-v3.5	RES0072	1182	1150	177	237
solo	whisper-distil-v3.5	RES0074	1246	1206	139	219
solo	whisper-distil-v3.5	RES0073	1340	1303	156	226
solo	whisper-distil-v3.5	RES0078	1140	1092	147	241
solo	whisper-distil-v3.5	RES0083	990	962	126	178
solo	whisper-distil-v3.5	RES0076	1569	1513	180	288
solo	whisper-distil-v3.5	RES0077	1649	1585	201	321
solo	whisper-distil-v3.5	RES0080	1225	1179	165	251
solo	whisper-distil-v3.5	RES0085	959	923	112	175
solo	whisper-distil-v3.5	RES0082	932	891	122	202
solo	whisper-distil-v3.5	RES0081	1455	1391	169	291
solo	whisper-distil-v3.5	RES0091	901	869	64	122
solo	whisper-distil-v3.5	RES0094	793	766	83	136
solo	whisper-distil-v3.5	RES0090	1193	1160	95	149
solo	whisper-distil-v3.5	RES0084	1562	1516	157	244
solo	whisper-distil-v3.5	RES0087	1359	1306	145	242
solo	whisper-distil-v3.5	RES0088	1373	1336	159	218
solo	whisper-distil-v3.5	RES0092	837	800	108	174
solo	whisper-distil-v3.5	RES0089	1800	1749	190	284
solo	whisper-distil-v3.5	RES0086	1523	1463	189	297
solo	whisper-distil-v3.5	RES0096	1292	1251	181	243
solo	whisper-distil-v3.5	RES0093	1606	1543	208	319
solo	whisper-distil-v3.5	RES0095	1467	1426	188	254
solo	whisper-distil-v3.5	RES0099	1554	1505	169	255
solo	whisper-distil-v3.5	RES0098	1474	1422	144	237
solo	whisper-distil-v3.5	RES0101	1430	1379	161	242
solo	whisper-distil-v3.5	RES0103	1100	1063	125	192
solo	whisper-distil-v3.5	RES0104	1563	1511	167	246
solo	whisper-distil-v3.5	RES0097	1381	1319	195	289
solo	whisper-distil-v3.5	RES0100	1767	1710	170	264
solo	whisper-distil-v3.5	RES0109	845	817	77	128
solo	whisper-distil-v3.5	RES0108	950	918	104	151
solo	whisper-distil-v3.5	RES0105	1738	1663	195	315
solo	whisper-distil-v3.5	RES0111	965	927	110	173
solo	whisper-distil-v3.5	RES0102	2025	1952	190	317
solo	whisper-distil-v3.5	RES0112	835	795	85	152
solo	whisper-distil-v3.5	RES0106	1307	1251	161	245
solo	whisper-distil-v3.5	RES0110	1565	1512	151	236
solo	whisper-distil-v3.5	RES0113	1079	1043	107	169
solo	whisper-distil-v3.5	RES0117	951	920	102	146
solo	whisper-distil-v3.5	RES0107	1596	1520	187	305
solo	whisper-distil-v3.5	RES0121	962	930	81	124
solo	whisper-distil-v3.5	RES0118	947	921	57	109
solo	whisper-distil-v3.5	RES0120	1381	1325	81	162
solo	whisper-distil-v3.5	RES0122	1046	1005	73	147
solo	whisper-distil-v3.5	RES0119	1359	1302	96	200
solo	whisper-distil-v3.5	RES0116	1588	1533	156	240
solo	whisper-distil-v3.5	RES0124	1729	1675	120	215
solo	whisper-distil-v3.5	RES0128	1095	1062	138	197
solo	whisper-distil-v3.5	RES0125	1638	1576	103	201
solo	whisper-distil-v3.5	RES0114	1673	1606	181	305
solo	whisper-distil-v3.5	RES0127	1461	1418	158	230
solo	whisper-distil-v3.5	RES0129	1078	1040	119	186
solo	whisper-distil-v3.5	RES0123	1716	1647	146	268
solo	whisper-distil-v3.5	RES0126	1858	1784	219	361
solo	whisper-distil-v3.5	RES0130	1329	1282	106	188
solo	whisper-distil-v3.5	RES0131	1231	1176	87	190
solo	whisper-distil-v3.5	RES0135	1224	1191	106	156
solo	whisper-distil-v3.5	RES0133	1264	1222	116	183
solo	whisper-distil-v3.5	RES0132	1309	1276	89	146
solo	whisper-distil-v3.5	RES0136	1243	1211	106	151
solo	whisper-distil-v3.5	RES0140	907	877	98	157
solo	whisper-distil-v3.5	RES0142	778	758	87	118
solo	whisper-distil-v3.5	RES0141	987	949	99	152
solo	whisper-distil-v3.5	RES0138	1148	1118	111	161
solo	whisper-distil-v3.5	RES0139	1131	1093	124	180
solo	whisper-distil-v3.5	RES0134	1679	1630	112	203
solo	whisper-distil-v3.5	RES0137	1274	1216	122	223
solo	whisper-distil-v3.5	RES0144	1153	1119	169	227
solo	whisper-distil-v3.5	RES0146	898	870	116	164
solo	whisper-distil-v3.5	RES0143	1119	1080	108	166
solo	whisper-distil-v3.5	RES0147	1274	1234	192	254
solo	whisper-distil-v3.5	RES0145	1326	1277	188	263
solo	whisper-distil-v3.5	RES0149	1270	1231	136	200
solo	whisper-distil-v3.5	RES0148	1136	1101	157	211
solo	whisper-distil-v3.5	RES0150	1147	1099	152	231
solo	whisper-distil-v3.5	RES0153	1103	1063	131	200
solo	whisper-distil-v3.5	RES0151	1157	1125	119	175
solo	whisper-distil-v3.5	RES0152	1059	1028	123	182
solo	whisper-distil-v3.5	RES0154	943	922	127	169
solo	whisper-distil-v3.5	RES0156	1016	983	139	190
solo	whisper-distil-v3.5	RES0155	1439	1380	185	275
solo	whisper-distil-v3.5	RES0158	1079	1034	112	182
solo	whisper-distil-v3.5	RES0159	1104	1060	103	175
solo	whisper-distil-v3.5	RES0160	1135	1093	153	212
solo	whisper-distil-v3.5	RES0161	1034	993	135	193
solo	whisper-distil-v3.5	RES0165	909	881	118	170
solo	whisper-distil-v3.5	RES0162	1235	1183	148	230
solo	whisper-distil-v3.5	RES0169	946	906	130	191
solo	whisper-distil-v3.5	RES0164	1248	1197	216	301
solo	whisper-distil-v3.5	RES0163	1200	1155	150	223
solo	whisper-distil-v3.5	RES0168	1329	1271	143	249
solo	whisper-distil-v3.5	RES0166	1155	1117	156	213
solo	whisper-distil-v3.5	RES0167	1181	1132	154	230
solo	whisper-distil-v3.5	RES0175	1017	979	118	174
solo	whisper-distil-v3.5	RES0170	1351	1300	177	262
solo	whisper-distil-v3.5	RES0172	1195	1148	149	231
solo	whisper-distil-v3.5	RES0171	1368	1306	143	241
solo	whisper-distil-v3.5	RES0177	1193	1151	142	213
solo	whisper-distil-v3.5	RES0176	1305	1269	151	215
solo	whisper-distil-v3.5	RES0173	1262	1210	188	270
solo	whisper-distil-v3.5	RES0179	1291	1254	169	236
solo	whisper-distil-v3.5	RES0178	1125	1082	157	222
solo	whisper-distil-v3.5	RES0180	1065	1020	135	209
solo	whisper-distil-v3.5	RES0174	1549	1484	175	290
solo	whisper-distil-v3.5	RES0182	945	919	119	155
solo	whisper-distil-v3.5	RES0185	1075	1026	133	209
solo	whisper-distil-v3.5	RES0181	1184	1154	176	221
solo	whisper-distil-v3.5	RES0184	970	946	129	165
solo	whisper-distil-v3.5	RES0183	1217	1178	155	225
solo	whisper-distil-v3.5	RES0188	957	932	121	168
solo	whisper-distil-v3.5	RES0186	1069	1020	121	214
solo	whisper-distil-v3.5	RES0191	927	905	104	135
solo	whisper-distil-v3.5	RES0187	1303	1275	160	213
solo	whisper-distil-v3.5	RES0189	1439	1397	151	232
solo	whisper-distil-v3.5	RES0190	1290	1263	129	179
solo	whisper-distil-v3.5	RES0192	1280	1243	142	190
solo	whisper-distil-v3.5	RES0196	943	910	118	181
solo	whisper-distil-v3.5	RES0198	857	833	72	117
solo	whisper-distil-v3.5	RES0193	1431	1382	162	244
solo	whisper-distil-v3.5	RES0194	1395	1339	173	253
solo	whisper-distil-v3.5	RES0195	1335	1297	148	210
solo	whisper-distil-v3.5	RES0197	966	943	124	156
solo	whisper-distil-v3.5	RES0199	1152	1118	144	197
solo	whisper-distil-v3.5	RES0203	920	895	122	163
solo	whisper-distil-v3.5	RES0201	1059	1024	150	202
solo	whisper-distil-v3.5	RES0207	818	789	101	154
solo	whisper-distil-v3.5	RES0200	1351	1316	196	260
solo	whisper-distil-v3.5	RES0204	995	959	112	171
solo	whisper-distil-v3.5	RES0202	1522	1472	200	291
solo	whisper-distil-v3.5	RES0205	1049	1009	114	183
solo	whisper-distil-v3.5	RES0208	1322	1254	161	282
solo	whisper-distil-v3.5	RES0209	1108	1062	134	209
solo	whisper-distil-v3.5	RES0210	1139	1119	134	172
solo	whisper-distil-v3.5	RES0211	1415	1355	186	293
solo	whisper-distil-v3.5	RES0206	1354	1309	197	273
solo	whisper-distil-v3.5	RES0214	1123	1093	103	161
solo	whisper-distil-v3.5	RES0212	1304	1238	110	229
solo	whisper-distil-v3.5	RES0213	1485	1383	129	289
solo	whisper-turbo	CAR0002	1067	1043	115	152
solo	whisper-distil-v3.5	RES0215	1386	1329	141	236
solo	whisper-turbo	CAR0001	1053	1027	104	151
solo	whisper-turbo	GAS0001	1033	984	166	221
solo	whisper-turbo	CAR0004	920	896	106	149
solo	whisper-distil-v3.5	RES0217	1486	1424	117	217
solo	whisper-distil-v3.5	RES0216	1604	1531	116	244
solo	whisper-turbo	CAR0005	1292	1228	111	212
solo	whisper-turbo	CAR0003	1281	1259	117	151
solo	whisper-turbo	GAS0004	1180	1127	130	206
solo	whisper-turbo	GEN0001	1132	1093	102	167
solo	whisper-turbo	GAS0002	1140	1103	101	149
solo	whisper-turbo	DER0001	1554	1485	176	290
solo	whisper-turbo	GAS0003	1093	1036	139	211
solo	whisper-turbo	GAS0007	903	884	100	133
solo	whisper-turbo	MSK0001	983	960	111	146
solo	whisper-turbo	MSK0004	1125	1096	138	172
solo	whisper-turbo	MSK0005	1513	1462	160	240
solo	whisper-turbo	MSK0007	1358	1333	141	176
solo	whisper-turbo	GAS0005	1599	1541	204	292
solo	whisper-turbo	MSK0003	1866	1810	213	299
solo	whisper-turbo	MSK0008	1417	1391	162	208
solo	whisper-turbo	MSK0010	1505	1473	160	212
solo	whisper-turbo	MSK0006	1781	1720	181	276
solo	whisper-turbo	MSK0009	1572	1520	196	283
solo	whisper-turbo	MSK0011	1535	1501	183	236
solo	whisper-turbo	MSK0015	1622	1576	191	264
solo	whisper-turbo	MSK0018	976	940	72	113
solo	whisper-turbo	MSK0012	1652	1600	156	229
solo	whisper-turbo	MSK0013	1610	1562	180	264
solo	whisper-turbo	MSK0019	1337	1298	97	151
solo	whisper-turbo	MSK0014	1575	1529	167	228
solo	whisper-turbo	MSK0016	2064	1999	196	303
solo	whisper-turbo	MSK0017	1735	1681	195	283
solo	whisper-turbo	MSK0024	1193	1162	87	141
solo	whisper-turbo	MSK0023	1229	1181	137	208
solo	whisper-turbo	MSK0025	1580	1511	141	254
solo	whisper-turbo	MSK0020	1683	1636	178	253
solo	whisper-turbo	MSK0026	1365	1338	135	176
solo	whisper-turbo	MSK0031	1299	1247	145	215
solo	whisper-turbo	MSK0021	1745	1691	239	329
solo	whisper-turbo	MSK0027	1377	1331	181	238
solo	whisper-turbo	MSK0028	1836	1785	193	281
solo	whisper-turbo	MSK0032	1198	1154	98	157
solo	whisper-turbo	MSK0022	2164	2091	228	355
solo	whisper-turbo	MSK0033	1687	1621	173	285
solo	whisper-turbo	MSK0034	1448	1417	170	222
solo	whisper-turbo	MSK0029	2268	2186	266	394
solo	whisper-turbo	MSK0035	1596	1549	176	248
solo	whisper-turbo	MSK0041	1583	1543	262	313
solo	whisper-turbo	MSK0038	1895	1828	216	326
solo	whisper-turbo	MSK0039	1404	1367	143	190
solo	whisper-turbo	MSK0044	1177	1132	137	204
solo	whisper-turbo	MSK0040	1488	1446	167	237
solo	whisper-turbo	MSK0037	1682	1620	220	321
solo	whisper-turbo	MSK0036	1757	1714	185	259
solo	whisper-turbo	MSK0042	1522	1471	149	214
solo	whisper-turbo	MSK0050	1285	1257	142	189
solo	whisper-turbo	MSK0046	1225	1188	124	183
solo	whisper-turbo	MSK0043	1772	1694	186	282
solo	whisper-turbo	RES0003	1261	1213	117	199
solo	whisper-turbo	RES0001	1526	1469	198	292
solo	whisper-turbo	MSK0049	1372	1333	157	205
solo	whisper-turbo	MSK0045	1394	1354	149	211
solo	whisper-turbo	RES0002	1162	1144	330	360
solo	whisper-turbo	RES0006	1240	1207	129	188
solo	whisper-turbo	RES0005	1645	1578	169	277
solo	whisper-turbo	RES0004	1723	1650	231	343
solo	whisper-turbo	RES0008	1171	1129	132	200
solo	whisper-turbo	RES0010	1070	1018	168	251
solo	whisper-turbo	RES0013	1400	1325	170	280
solo	whisper-turbo	RES0011	1647	1573	245	337
solo	whisper-turbo	RES0009	1446	1372	187	302
solo	whisper-turbo	RES0014	1429	1383	145	230
solo	whisper-turbo	RES0007	1874	1811	189	296
solo	whisper-turbo	RES0012	2168	2058	286	451
solo	whisper-turbo	RES0015	1607	1551	158	247
solo	whisper-turbo	RES0016	1327	1287	127	192
solo	whisper-turbo	RES0017	1751	1698	214	291
solo	whisper-turbo	RES0018	1334	1294	159	223
solo	whisper-turbo	RES0021	1255	1226	162	203
solo	whisper-turbo	RES0019	1334	1300	134	182
solo	whisper-turbo	RES0023	1099	1054	164	222
solo	whisper-turbo	RES0024	1004	969	120	186
solo	whisper-turbo	RES0020	1413	1386	149	197
solo	whisper-turbo	RES0029	811	787	91	125
solo	whisper-turbo	RES0022	1999	1927	255	368
solo	whisper-turbo	RES0026	1544	1504	185	246
solo	whisper-turbo	RES0028	1156	1130	136	167
solo	whisper-turbo	RES0025	1393	1342	212	283
solo	whisper-turbo	RES0027	1366	1323	169	242
solo	whisper-turbo	RES0030	1184	1158	136	166
solo	whisper-turbo	RES0031	1343	1297	118	192
solo	whisper-turbo	RES0035	958	944	75	92
solo	whisper-turbo	RES0032	1212	1169	98	161
solo	whisper-turbo	RES0036	1423	1368	149	215
solo	whisper-turbo	RES0037	1453	1413	177	232
solo	whisper-turbo	RES0033	1372	1306	151	258
solo	whisper-turbo	RES0038	1554	1504	264	320
solo	whisper-turbo	RES0042	1264	1222	186	243
solo	whisper-turbo	RES0034	1685	1627	171	269
solo	whisper-turbo	RES0045	1204	1158	113	175
solo	whisper-turbo	RES0043	1503	1451	199	276
solo	whisper-turbo	RES0039	1672	1635	221	281
solo	whisper-turbo	RES0049	1622	1555	184	294
solo	whisper-turbo	RES0050	1109	1084	113	156
solo	whisper-turbo	RES0051	997	970	158	199
solo	whisper-turbo	RES0048	1809	1726	152	296
solo	whisper-turbo	RES0052	828	809	139	176
solo	whisper-turbo	RES0046	1588	1532	233	328
solo	whisper-turbo	RES0044	1859	1776	184	323
solo	whisper-turbo	RES0047	1628	1575	199	285
solo	whisper-turbo	RES0057	1245	1194	195	286
solo	whisper-turbo	RES0056	1174	1140	165	224
solo	whisper-turbo	RES0055	1375	1328	207	296
solo	whisper-turbo	RES0059	1358	1327	169	219
solo	whisper-turbo	RES0060	1683	1616	239	354
solo	whisper-turbo	RES0053	1982	1906	354	485
solo	whisper-turbo	RES0064	1078	1046	123	179
solo	whisper-turbo	RES0058	1514	1462	235	317
solo	whisper-turbo	RES0063	1439	1384	161	264
solo	whisper-turbo	RES0065	1089	1064	122	171
solo	whisper-turbo	RES0061	1783	1701	210	351
solo	whisper-turbo	RES0069	1026	994	135	186
solo	whisper-turbo	RES0067	946	912	112	164
solo	whisper-turbo	RES0054	2491	2446	738	811
solo	whisper-turbo	RES0068	1213	1168	147	215
solo	whisper-turbo	RES0066	1192	1160	142	202
solo	whisper-turbo	RES0062	1965	1905	243	353
solo	whisper-turbo	RES0070	976	946	132	189
solo	whisper-turbo	RES0072	1182	1150	148	210
solo	whisper-turbo	RES0074	1246	1206	127	202
solo	whisper-turbo	RES0071	1301	1261	157	228
solo	whisper-turbo	RES0079	841	815	125	172
solo	whisper-turbo	RES0075	1112	1070	113	190
solo	whisper-turbo	RES0073	1340	1303	135	204
solo	whisper-turbo	RES0078	1140	1092	146	234
solo	whisper-turbo	RES0082	932	891	99	179
solo	whisper-turbo	RES0076	1569	1513	151	259
solo	whisper-turbo	RES0080	1225	1179	138	219
solo	whisper-turbo	RES0077	1649	1585	196	312
solo	whisper-turbo	RES0081	1455	1391	162	268
solo	whisper-turbo	RES0083	990	962	118	160
solo	whisper-turbo	RES0085	959	923	97	162
solo	whisper-turbo	RES0091	901	869	65	120
solo	whisper-turbo	RES0087	1359	1306	126	223
solo	whisper-turbo	RES0086	1523	1463	169	276
solo	whisper-turbo	RES0084	1562	1516	147	230
solo	whisper-turbo	RES0092	837	800	123	184
solo	whisper-turbo	RES0088	1373	1336	149	209
solo	whisper-turbo	RES0090	1193	1160	118	163
solo	whisper-turbo	RES0094	793	766	91	140
solo	whisper-turbo	RES0089	1800	1749	187	277
solo	whisper-turbo	RES0093	1606	1543	198	305
solo	whisper-turbo	RES0095	1467	1426	192	260
solo	whisper-turbo	RES0103	1100	1063	145	198
solo	whisper-turbo	RES0099	1554	1505	192	261
solo	whisper-turbo	RES0098	1474	1422	158	239
solo	whisper-turbo	RES0097	1381	1319	205	284
solo	whisper-turbo	RES0096	1292	1251	204	262
solo	whisper-turbo	RES0101	1430	1379	169	245
solo	whisper-turbo	RES0100	1767	1710	207	286
solo	whisper-turbo	RES0104	1563	1511	177	252
solo	whisper-turbo	RES0106	1307	1251	163	238
solo	whisper-turbo	RES0109	845	817	77	128
solo	whisper-turbo	RES0102	2025	1952	200	321
solo	whisper-turbo	RES0108	950	918	110	149
solo	whisper-turbo	RES0105	1738	1663	268	367
solo	whisper-turbo	RES0111	965	927	113	175
solo	whisper-turbo	RES0112	835	795	98	162
solo	whisper-turbo	RES0107	1596	1520	207	308
solo	whisper-turbo	RES0117	951	920	105	145
solo	whisper-turbo	RES0113	1079	1043	120	179
solo	whisper-turbo	RES0118	947	921	116	153
solo	whisper-turbo	RES0110	1565	1512	157	243
solo	whisper-turbo	RES0114	1673	1606	190	308
solo	whisper-turbo	RES0121	962	930	66	109
solo	whisper-turbo	RES0116	1588	1533	143	229
solo	whisper-turbo	RES0122	1046	1005	92	163
solo	whisper-turbo	RES0119	1359	1302	103	205
solo	whisper-turbo	RES0120	1381	1325	92	166
solo	whisper-turbo	RES0125	1638	1576	114	201
solo	whisper-turbo	RES0127	1461	1418	171	241
solo	whisper-turbo	RES0124	1729	1675	142	228
solo	whisper-turbo	RES0128	1095	1062	149	200
solo	whisper-turbo	RES0123	1716	1647	178	292
solo	whisper-turbo	RES0129	1078	1040	120	186
solo	whisper-turbo	RES0133	1264	1222	164	225
solo	whisper-turbo	RES0126	1858	1784	265	383
solo	whisper-turbo	RES0131	1231	1176	93	184
solo	whisper-turbo	RES0130	1329	1282	112	188
solo	whisper-turbo	RES0135	1224	1191	102	154
solo	whisper-turbo	RES0136	1243	1211	115	164
solo	whisper-turbo	RES0137	1274	1216	186	271
solo	whisper-turbo	RES0132	1309	1276	92	148
solo	whisper-turbo	RES0141	987	949	112	162
solo	whisper-turbo	RES0142	778	758	90	122
solo	whisper-turbo	RES0138	1148	1118	126	168
solo	whisper-turbo	RES0140	907	877	112	158
solo	whisper-turbo	RES0134	1679	1630	129	210
solo	whisper-turbo	RES0146	898	870	114	159
solo	whisper-turbo	RES0145	1326	1277	237	301
solo	whisper-turbo	RES0143	1119	1080	114	162
solo	whisper-turbo	RES0139	1131	1093	115	162
solo	whisper-turbo	RES0144	1153	1119	195	246
solo	whisper-turbo	RES0147	1274	1234	219	276
solo	whisper-turbo	RES0149	1270	1231	142	205
solo	whisper-turbo	RES0148	1136	1101	253	297
solo	whisper-turbo	RES0154	943	922	128	167
solo	whisper-turbo	RES0150	1147	1099	159	229
solo	whisper-turbo	RES0152	1059	1028	114	173
solo	whisper-turbo	RES0151	1157	1125	136	184
solo	whisper-turbo	RES0153	1103	1063	145	210
solo	whisper-turbo	RES0155	1439	1380	265	343
solo	whisper-turbo	RES0156	1016	983	124	177
solo	whisper-turbo	RES0160	1135	1093	160	217
solo	whisper-turbo	RES0161	1034	993	142	197
solo	whisper-turbo	RES0159	1104	1060	114	185
solo	whisper-turbo	RES0158	1079	1034	125	190
solo	whisper-turbo	RES0163	1200	1155	163	229
solo	whisper-turbo	RES0165	909	881	123	175
solo	whisper-turbo	RES0162	1235	1183	148	217
solo	whisper-turbo	RES0168	1329	1271	142	238
solo	whisper-turbo	RES0166	1155	1117	166	223
solo	whisper-turbo	RES0169	946	906	137	193
solo	whisper-turbo	RES0164	1248	1197	214	281
solo	whisper-turbo	RES0171	1368	1306	229	314
solo	whisper-turbo	RES0167	1181	1132	161	234
solo	whisper-turbo	RES0170	1351	1300	200	275
solo	whisper-turbo	RES0172	1195	1148	184	256
solo	whisper-turbo	RES0174	1549	1484	211	315
solo	whisper-turbo	RES0175	1017	979	136	188
solo	whisper-turbo	RES0180	1065	1020	137	200
solo	whisper-turbo	RES0177	1193	1151	167	232
solo	whisper-turbo	RES0181	1184	1154	193	234
solo	whisper-turbo	RES0173	1262	1210	193	272
solo	whisper-turbo	RES0182	945	919	128	164
solo	whisper-turbo	RES0176	1305	1269	161	220
solo	whisper-turbo	RES0178	1125	1082	186	241
solo	whisper-turbo	RES0179	1291	1254	186	245
solo	whisper-turbo	RES0183	1217	1178	177	245
solo	whisper-turbo	RES0184	970	946	177	213
solo	whisper-turbo	RES0185	1075	1026	146	206
solo	whisper-turbo	RES0188	957	932	115	162
solo	whisper-turbo	RES0187	1303	1275	170	221
solo	whisper-turbo	RES0186	1069	1020	135	220
solo	whisper-turbo	RES0191	927	905	103	134
solo	whisper-turbo	RES0189	1439	1397	140	216
solo	whisper-turbo	RES0197	966	943	139	171
solo	whisper-turbo	RES0198	857	833	93	129
solo	whisper-turbo	RES0196	943	910	116	179
solo	whisper-turbo	RES0192	1280	1243	157	205
solo	whisper-turbo	RES0190	1290	1263	140	179
solo	whisper-turbo	RES0193	1431	1382	183	263
solo	whisper-turbo	RES0199	1152	1118	139	185
solo	whisper-turbo	RES0195	1335	1297	158	216
solo	whisper-turbo	RES0194	1395	1339	195	265
solo	whisper-turbo	RES0203	920	895	119	160
solo	whisper-turbo	RES0204	995	959	113	170
solo	whisper-turbo	RES0201	1059	1024	147	193
solo	whisper-turbo	RES0200	1351	1316	197	265
solo	whisper-turbo	RES0202	1522	1472	196	276
solo	whisper-turbo	RES0205	1049	1009	133	194
solo	whisper-turbo	RES0207	818	789	94	148
solo	whisper-turbo	RES0209	1108	1062	128	196
solo	whisper-turbo	RES0212	1304	1238	144	249
solo	whisper-turbo	RES0206	1354	1309	224	281
solo	whisper-turbo	RES0210	1139	1119	131	169
solo	whisper-turbo	RES0213	1485	1383	178	300
solo	whisper-turbo	RES0208	1322	1254	182	278
solo	whisper-turbo	RES0214	1123	1093	107	157
solo	whisper-turbo	RES0217	1486	1424	108	205
solo	whisper-turbo	RES0216	1604	1531	128	248
solo	whisper-turbo	RES0211	1415	1355	195	292
solo	whisper-turbo	RES0215	1386	1329	124	219
solo	sensevoice	CAR0001	1053	1027	120	165
solo	sensevoice	CAR0004	920	896	104	146
solo	sensevoice	CAR0002	1067	1043	115	154
solo	sensevoice	CAR0003	1281	1259	132	163
solo	sensevoice	GAS0004	1180	1127	170	251
solo	sensevoice	GAS0001	1033	984	191	247
solo	sensevoice	GAS0003	1093	1036	145	218
solo	sensevoice	DER0001	1554	1485	206	303
solo	sensevoice	CAR0005	1292	1228	120	216
solo	sensevoice	GAS0002	1140	1103	128	178
solo	sensevoice	GAS0007	903	884	113	150
solo	sensevoice	GEN0001	1132	1093	132	194
solo	sensevoice	MSK0001	983	960	138	166
solo	sensevoice	MSK0004	1125	1096	137	167
solo	sensevoice	GAS0005	1599	1541	191	282
solo	sensevoice	MSK0005	1513	1462	188	260
solo	sensevoice	MSK0008	1417	1391	176	220
solo	sensevoice	MSK0007	1358	1333	153	197
solo	sensevoice	MSK0003	1866	1810	204	288
solo	sensevoice	MSK0009	1572	1520	209	288
solo	sensevoice	MSK0010	1505	1473	153	211
solo	sensevoice	MSK0006	1781	1720	227	313
solo	sensevoice	MSK0011	1535	1501	186	241
solo	sensevoice	MSK0014	1575	1529	182	258
solo	sensevoice	MSK0018	976	940	82	133
solo	sensevoice	MSK0012	1652	1600	154	237
solo	sensevoice	MSK0013	1610	1562	166	250
solo	sensevoice	MSK0017	1735	1681	193	289
solo	sensevoice	MSK0015	1622	1576	204	277
solo	sensevoice	MSK0016	2064	1999	218	323
solo	sensevoice	MSK0024	1193	1162	105	158
solo	sensevoice	MSK0019	1337	1298	105	165
solo	sensevoice	MSK0023	1229	1181	142	222
solo	sensevoice	MSK0025	1580	1511	144	258
solo	sensevoice	MSK0031	1299	1247	151	227
solo	sensevoice	MSK0020	1683	1636	212	295
solo	sensevoice	MSK0021	1745	1691	250	334
solo	sensevoice	MSK0028	1836	1785	206	293
solo	sensevoice	MSK0027	1377	1331	182	245
solo	sensevoice	MSK0026	1365	1338	148	190
solo	sensevoice	MSK0032	1198	1154	93	162
solo	sensevoice	MSK0022	2164	2091	220	349
solo	sensevoice	MSK0034	1448	1417	184	235
solo	sensevoice	MSK0035	1596	1549	178	257
solo	sensevoice	MSK0033	1687	1621	190	298
solo	sensevoice	MSK0039	1404	1367	143	201
solo	sensevoice	MSK0029	2268	2186	288	412
solo	sensevoice	MSK0036	1757	1714	187	263
solo	sensevoice	MSK0044	1177	1132	135	202
solo	sensevoice	MSK0037	1682	1620	199	315
solo	sensevoice	MSK0040	1488	1446	159	231
solo	sensevoice	MSK0042	1522	1471	160	235
solo	sensevoice	MSK0041	1583	1543	169	242
solo	sensevoice	MSK0038	1895	1828	194	304
solo	sensevoice	MSK0049	1372	1333	163	214
solo	sensevoice	MSK0045	1394	1354	148	211
solo	sensevoice	RES0002	1162	1144	341	372
solo	sensevoice	MSK0043	1772	1694	174	284
solo	sensevoice	MSK0046	1225	1188	140	202
solo	sensevoice	RES0001	1526	1469	198	290
solo	sensevoice	MSK0050	1285	1257	137	181
solo	sensevoice	RES0003	1261	1213	129	214
solo	sensevoice	RES0010	1070	1018	184	259
solo	sensevoice	RES0008	1171	1129	134	201
solo	sensevoice	RES0006	1240	1207	162	218
solo	sensevoice	RES0009	1446	1372	182	298
solo	sensevoice	RES0013	1400	1325	178	295
solo	sensevoice	RES0004	1723	1650	236	350
solo	sensevoice	RES0005	1645	1578	160	271
solo	sensevoice	RES0007	1874	1811	191	296
solo	sensevoice	RES0011	1647	1573	202	311
solo	sensevoice	RES0016	1327	1287	132	206
solo	sensevoice	RES0014	1429	1383	187	275
solo	sensevoice	RES0017	1751	1698	179	267
solo	sensevoice	RES0019	1334	1300	156	204
solo	sensevoice	RES0018	1334	1294	150	215
solo	sensevoice	RES0024	1004	969	132	197
solo	sensevoice	RES0012	2168	2058	270	453
solo	sensevoice	RES0020	1413	1386	168	216
solo	sensevoice	RES0015	1607	1551	163	249
solo	sensevoice	RES0021	1255	1226	167	209
solo	sensevoice	RES0023	1099	1054	193	255
solo	sensevoice	RES0025	1393	1342	192	267
solo	sensevoice	RES0027	1366	1323	159	223
solo	sensevoice	RES0029	811	787	95	131
solo	sensevoice	RES0030	1184	1158	129	161
solo	sensevoice	RES0032	1212	1169	128	185
solo	sensevoice	RES0028	1156	1130	135	165
solo	sensevoice	RES0026	1544	1504	171	234
solo	sensevoice	RES0031	1343	1297	137	208
solo	sensevoice	RES0035	958	944	81	103
solo	sensevoice	RES0033	1372	1306	127	248
solo	sensevoice	RES0036	1423	1368	140	218
solo	sensevoice	RES0022	1999	1927	235	361
solo	sensevoice	RES0042	1264	1222	208	266
solo	sensevoice	RES0037	1453	1413	176	236
solo	sensevoice	RES0039	1672	1635	198	251
solo	sensevoice	RES0034	1685	1627	192	278
solo	sensevoice	RES0038	1554	1504	171	233
solo	sensevoice	RES0043	1503	1451	243	319
solo	sensevoice	RES0045	1204	1158	126	188
solo	sensevoice	RES0051	997	970	147	187
solo	sensevoice	RES0050	1109	1084	116	158
solo	sensevoice	RES0052	828	809	142	179
solo	sensevoice	RES0048	1809	1726	189	323
solo	sensevoice	RES0044	1859	1776	208	325
solo	sensevoice	RES0046	1588	1532	192	279
solo	sensevoice	RES0047	1628	1575	209	292
solo	sensevoice	RES0055	1375	1328	269	358
solo	sensevoice	RES0057	1245	1194	242	328
solo	sensevoice	RES0049	1622	1555	203	310
solo	sensevoice	RES0056	1174	1140	201	251
solo	sensevoice	RES0058	1514	1462	267	352
solo	sensevoice	RES0060	1683	1616	287	404
solo	sensevoice	RES0059	1358	1327	203	254
solo	sensevoice	RES0053	1982	1906	394	511
solo	sensevoice	RES0064	1078	1046	139	194
solo	sensevoice	RES0065	1089	1064	156	203
solo	sensevoice	RES0063	1439	1384	211	306
solo	sensevoice	RES0067	946	912	115	169
solo	sensevoice	RES0061	1783	1701	250	386
solo	sensevoice	RES0069	1026	994	168	207
solo	sensevoice	RES0068	1213	1168	165	233
solo	sensevoice	RES0070	976	946	179	228
solo	sensevoice	RES0066	1192	1160	165	217
solo	sensevoice	RES0054	2491	2446	782	834
solo	sensevoice	RES0062	1965	1905	305	400
solo	sensevoice	RES0073	1340	1303	175	241
solo	sensevoice	RES0072	1182	1150	185	239
solo	sensevoice	RES0079	841	815	141	191
solo	sensevoice	RES0071	1301	1261	165	232
solo	sensevoice	RES0078	1140	1092	174	255
solo	sensevoice	RES0075	1112	1070	150	223
solo	sensevoice	RES0074	1246	1206	163	236
solo	sensevoice	RES0083	990	962	166	207
solo	sensevoice	RES0082	932	891	148	224
solo	sensevoice	RES0085	959	923	128	183
solo	sensevoice	RES0080	1225	1179	181	267
solo	sensevoice	RES0076	1569	1513	190	297
solo	sensevoice	RES0077	1649	1585	233	339
solo	sensevoice	RES0081	1455	1391	212	315
solo	sensevoice	RES0084	1562	1516	176	267
solo	sensevoice	RES0087	1359	1306	154	249
solo	sensevoice	RES0092	837	800	120	182
solo	sensevoice	RES0090	1193	1160	109	167
solo	sensevoice	RES0091	901	869	77	126
solo	sensevoice	RES0086	1523	1463	226	323
solo	sensevoice	RES0094	793	766	107	157
solo	sensevoice	RES0088	1373	1336	153	209
solo	sensevoice	RES0097	1381	1319	250	319
solo	sensevoice	RES0098	1474	1422	159	250
solo	sensevoice	RES0089	1800	1749	192	282
solo	sensevoice	RES0093	1606	1543	248	343
solo	sensevoice	RES0096	1292	1251	225	275
solo	sensevoice	RES0095	1467	1426	235	295
solo	sensevoice	RES0099	1554	1505	199	269
solo	sensevoice	RES0100	1767	1710	181	266
solo	sensevoice	RES0103	1100	1063	144	201
solo	sensevoice	RES0101	1430	1379	177	253
solo	sensevoice	RES0106	1307	1251	183	255
solo	sensevoice	RES0109	845	817	105	151
solo	sensevoice	RES0111	965	927	121	187
solo	sensevoice	RES0112	835	795	93	160
solo	sensevoice	RES0108	950	918	124	165
solo	sensevoice	RES0104	1563	1511	205	283
solo	sensevoice	RES0105	1738	1663	218	331
solo	sensevoice	RES0102	2025	1952	221	332
solo	sensevoice	RES0107	1596	1520	213	333
solo	sensevoice	RES0113	1079	1043	121	180
solo	sensevoice	RES0118	947	921	86	134
solo	sensevoice	RES0110	1565	1512	171	242
solo	sensevoice	RES0117	951	920	117	162
solo	sensevoice	RES0119	1359	1302	116	222
solo	sensevoice	RES0121	962	930	69	124
solo	sensevoice	RES0122	1046	1005	121	184
solo	sensevoice	RES0116	1588	1533	184	258
solo	sensevoice	RES0114	1673	1606	225	338
solo	sensevoice	RES0120	1381	1325	88	175
solo	sensevoice	RES0129	1078	1040	139	201
solo	sensevoice	RES0128	1095	1062	149	211
solo	sensevoice	RES0132	1309	1276	95	156
solo	sensevoice	RES0123	1716	1647	202	305
solo	sensevoice	RES0127	1461	1418	172	248
solo	sensevoice	RES0125	1638	1576	174	250
solo	sensevoice	RES0124	1729	1675	162	254
solo	sensevoice	RES0131	1231	1176	127	211
solo	sensevoice	RES0126	1858	1784	276	397
solo	sensevoice	RES0130	1329	1282	102	179
solo	sensevoice	RES0133	1264	1222	135	191
solo	sensevoice	RES0135	1224	1191	125	172
solo	sensevoice	RES0142	778	758	120	150
solo	sensevoice	RES0137	1274	1216	153	229
solo	sensevoice	RES0134	1679	1630	149	228
solo	sensevoice	RES0143	1119	1080	136	182
solo	sensevoice	RES0140	907	877	119	165
solo	sensevoice	RES0141	987	949	119	179
solo	sensevoice	RES0136	1243	1211	130	182
solo	sensevoice	RES0138	1148	1118	174	215
solo	sensevoice	RES0139	1131	1093	158	200
solo	sensevoice	RES0146	898	870	122	167
solo	sensevoice	RES0144	1153	1119	162	223
solo	sensevoice	RES0147	1274	1234	201	260
solo	sensevoice	RES0145	1326	1277	188	260
solo	sensevoice	RES0148	1136	1101	183	222
solo	sensevoice	RES0150	1147	1099	192	256
solo	sensevoice	RES0156	1016	983	167	204
solo	sensevoice	RES0154	943	922	142	180
solo	sensevoice	RES0151	1157	1125	150	197
solo	sensevoice	RES0152	1059	1028	134	192
solo	sensevoice	RES0153	1103	1063	158	215
solo	sensevoice	RES0149	1270	1231	183	242
solo	sensevoice	RES0161	1034	993	151	210
solo	sensevoice	RES0158	1079	1034	138	206
solo	sensevoice	RES0159	1104	1060	141	209
solo	sensevoice	RES0155	1439	1380	203	282
solo	sensevoice	RES0162	1235	1183	162	237
solo	sensevoice	RES0163	1200	1155	155	222
solo	sensevoice	RES0160	1135	1093	166	225
solo	sensevoice	RES0165	909	881	145	185
solo	sensevoice	RES0169	946	906	130	201
solo	sensevoice	RES0166	1155	1117	182	244
solo	sensevoice	RES0164	1248	1197	229	295
solo	sensevoice	RES0167	1181	1132	139	213
solo	sensevoice	RES0171	1368	1306	171	272
solo	sensevoice	RES0168	1329	1271	167	269
solo	sensevoice	RES0173	1262	1210	198	273
solo	sensevoice	RES0170	1351	1300	203	270
solo	sensevoice	RES0172	1195	1148	164	238
solo	sensevoice	RES0175	1017	979	161	209
solo	sensevoice	RES0174	1549	1484	255	340
solo	sensevoice	RES0177	1193	1151	176	240
solo	sensevoice	RES0181	1184	1154	184	218
solo	sensevoice	RES0176	1305	1269	178	229
solo	sensevoice	RES0180	1065	1020	158	225
solo	sensevoice	RES0178	1125	1082	181	238
solo	sensevoice	RES0182	945	919	121	160
solo	sensevoice	RES0188	957	932	126	169
solo	sensevoice	RES0183	1217	1178	168	234
solo	sensevoice	RES0179	1291	1254	178	241
solo	sensevoice	RES0184	970	946	146	177
solo	sensevoice	RES0187	1303	1275	178	225
solo	sensevoice	RES0185	1075	1026	154	221
solo	sensevoice	RES0186	1069	1020	139	226
solo	sensevoice	RES0189	1439	1397	174	248
solo	sensevoice	RES0198	857	833	95	129
solo	sensevoice	RES0191	927	905	107	139
solo	sensevoice	RES0195	1335	1297	151	220
solo	sensevoice	RES0194	1395	1339	186	268
solo	sensevoice	RES0196	943	910	136	189
solo	sensevoice	RES0190	1290	1263	148	190
solo	sensevoice	RES0197	966	943	130	169
solo	sensevoice	RES0192	1280	1243	162	220
solo	sensevoice	RES0193	1431	1382	188	266
solo	sensevoice	RES0201	1059	1024	173	212
solo	sensevoice	RES0199	1152	1118	149	201
solo	sensevoice	RES0203	920	895	154	185
solo	sensevoice	RES0200	1351	1316	217	282
solo	sensevoice	RES0204	995	959	111	176
solo	sensevoice	RES0205	1049	1009	165	224
solo	sensevoice	RES0202	1522	1472	224	300
solo	sensevoice	RES0207	818	789	133	172
solo	sensevoice	RES0209	1108	1062	148	221
solo	sensevoice	RES0208	1322	1254	186	282
solo	sensevoice	RES0206	1354	1309	212	272
solo	sensevoice	RES0211	1415	1355	195	298
solo	sensevoice	RES0210	1139	1119	155	191
solo	sensevoice	RES0212	1304	1238	125	237
solo	sensevoice	RES0214	1123	1093	127	175
solo	sensevoice	RES0216	1604	1531	147	265
solo	sensevoice	RES0215	1386	1329	135	226
solo	sensevoice	RES0217	1486	1424	156	253
solo	sensevoice-no-itn	CAR0001	1053	1027	127	170
solo	sensevoice	RES0213	1485	1383	155	296
solo	sensevoice-no-itn	CAR0004	920	896	102	144
solo	sensevoice-no-itn	CAR0002	1067	1043	122	161
solo	sensevoice-no-itn	CAR0005	1292	1228	130	226
solo	sensevoice-no-itn	GAS0003	1093	1036	150	225
solo	sensevoice-no-itn	GAS0004	1180	1127	176	258
solo	sensevoice-no-itn	CAR0003	1281	1259	169	200
solo	sensevoice-no-itn	GAS0001	1033	984	180	237
solo	sensevoice-no-itn	GAS0007	903	884	119	157
solo	sensevoice-no-itn	GAS0002	1140	1103	124	179
solo	sensevoice-no-itn	GAS0005	1599	1541	202	291
solo	sensevoice-no-itn	DER0001	1554	1485	203	302
solo	sensevoice-no-itn	GEN0001	1132	1093	133	195
solo	sensevoice-no-itn	MSK0001	983	960	130	159
solo	sensevoice-no-itn	MSK0004	1125	1096	133	162
solo	sensevoice-no-itn	MSK0005	1513	1462	196	267
solo	sensevoice-no-itn	MSK0006	1781	1720	243	329
solo	sensevoice-no-itn	MSK0011	1535	1501	192	247
solo	sensevoice-no-itn	MSK0007	1358	1333	153	197
solo	sensevoice-no-itn	MSK0008	1417	1391	181	218
solo	sensevoice-no-itn	MSK0003	1866	1810	202	289
solo	sensevoice-no-itn	MSK0009	1572	1520	206	282
solo	sensevoice-no-itn	MSK0010	1505	1473	151	206
solo	sensevoice-no-itn	MSK0015	1622	1576	211	283
solo	sensevoice-no-itn	MSK0018	976	940	79	131
solo	sensevoice-no-itn	MSK0012	1652	1600	157	244
solo	sensevoice-no-itn	MSK0013	1610	1562	166	254
solo	sensevoice-no-itn	MSK0014	1575	1529	179	255
solo	sensevoice-no-itn	MSK0016	2064	1999	228	331
solo	sensevoice-no-itn	MSK0017	1735	1681	200	290
solo	sensevoice-no-itn	MSK0019	1337	1298	115	175
solo	sensevoice-no-itn	MSK0024	1193	1162	102	155
solo	sensevoice-no-itn	MSK0023	1229	1181	143	224
solo	sensevoice-no-itn	MSK0020	1683	1636	210	293
solo	sensevoice-no-itn	MSK0025	1580	1511	146	262
solo	sensevoice-no-itn	MSK0021	1745	1691	249	334
solo	sensevoice-no-itn	MSK0031	1299	1247	161	236
solo	sensevoice-no-itn	MSK0026	1365	1338	145	187
solo	sensevoice-no-itn	MSK0027	1377	1331	175	238
solo	sensevoice-no-itn	MSK0032	1198	1154	97	165
solo	sensevoice-no-itn	MSK0022	2164	2091	220	349
solo	sensevoice-no-itn	MSK0033	1687	1621	184	296
solo	sensevoice-no-itn	MSK0028	1836	1785	204	288
solo	sensevoice-no-itn	MSK0029	2268	2186	295	419
solo	sensevoice-no-itn	MSK0036	1757	1714	178	255
solo	sensevoice-no-itn	MSK0034	1448	1417	233	275
solo	sensevoice-no-itn	MSK0035	1596	1549	192	271
solo	sensevoice-no-itn	MSK0038	1895	1828	194	304
solo	sensevoice-no-itn	MSK0039	1404	1367	153	208
solo	sensevoice-no-itn	MSK0037	1682	1620	200	315
solo	sensevoice-no-itn	MSK0040	1488	1446	163	234
solo	sensevoice-no-itn	MSK0044	1177	1132	134	204
solo	sensevoice-no-itn	MSK0046	1225	1188	141	202
solo	sensevoice-no-itn	MSK0043	1772	1694	172	280
solo	sensevoice-no-itn	MSK0042	1522	1471	160	231
solo	sensevoice-no-itn	MSK0041	1583	1543	165	236
solo	sensevoice-no-itn	MSK0045	1394	1354	145	213
solo	sensevoice-no-itn	MSK0049	1372	1333	161	211
solo	sensevoice-no-itn	RES0001	1526	1469	192	288
solo	sensevoice-no-itn	MSK0050	1285	1257	137	183
solo	sensevoice-no-itn	RES0002	1162	1144	335	366
solo	sensevoice-no-itn	RES0006	1240	1207	160	216
solo	sensevoice-no-itn	RES0003	1261	1213	132	217
solo	sensevoice-no-itn	RES0010	1070	1018	182	244
solo	sensevoice-no-itn	RES0008	1171	1129	125	198
solo	sensevoice-no-itn	RES0007	1874	1811	188	293
solo	sensevoice-no-itn	RES0004	1723	1650	240	357
solo	sensevoice-no-itn	RES0009	1446	1372	182	301
solo	sensevoice-no-itn	RES0005	1645	1578	152	264
solo	sensevoice-no-itn	RES0015	1607	1551	151	240
solo	sensevoice-no-itn	RES0013	1400	1325	186	298
solo	sensevoice-no-itn	RES0011	1647	1573	201	314
solo	sensevoice-no-itn	RES0014	1429	1383	194	280
solo	sensevoice-no-itn	RES0012	2168	2058	272	455
solo	sensevoice-no-itn	RES0016	1327	1287	130	201
solo	sensevoice-no-itn	RES0017	1751	1698	176	264
solo	sensevoice-no-itn	RES0019	1334	1300	160	208
solo	sensevoice-no-itn	RES0018	1334	1294	149	216
solo	sensevoice-no-itn	RES0023	1099	1054	206	266
solo	sensevoice-no-itn	RES0021	1255	1226	166	208
solo	sensevoice-no-itn	RES0020	1413	1386	186	235
solo	sensevoice-no-itn	RES0029	811	787	95	131
solo	sensevoice-no-itn	RES0024	1004	969	136	200
solo	sensevoice-no-itn	RES0027	1366	1323	155	223
solo	sensevoice-no-itn	RES0030	1184	1158	133	167
solo	sensevoice-no-itn	RES0028	1156	1130	136	166
solo	sensevoice-no-itn	RES0025	1393	1342	205	282
solo	sensevoice-no-itn	RES0032	1212	1169	131	186
solo	sensevoice-no-itn	RES0022	1999	1927	237	361
solo	sensevoice-no-itn	RES0026	1544	1504	177	243
solo	sensevoice-no-itn	RES0035	958	944	80	102
solo	sensevoice-no-itn	RES0031	1343	1297	135	206
solo	sensevoice-no-itn	RES0033	1372	1306	123	245
solo	sensevoice-no-itn	RES0037	1453	1413	187	247
solo	sensevoice-no-itn	RES0036	1423	1368	149	222
solo	sensevoice-no-itn	RES0038	1554	1504	190	253
solo	sensevoice-no-itn	RES0043	1503	1451	240	312
solo	sensevoice-no-itn	RES0034	1685	1627	190	284
solo	sensevoice-no-itn	RES0042	1264	1222	211	268
solo	sensevoice-no-itn	RES0045	1204	1158	123	186
solo	sensevoice-no-itn	RES0046	1588	1532	185	276
solo	sensevoice-no-itn	RES0039	1672	1635	207	260
solo	sensevoice-no-itn	RES0052	828	809	147	180
solo	sensevoice-no-itn	RES0051	997	970	143	186
solo	sensevoice-no-itn	RES0049	1622	1555	197	304
solo	sensevoice-no-itn	RES0044	1859	1776	216	332
solo	sensevoice-no-itn	RES0050	1109	1084	114	157
solo	sensevoice-no-itn	RES0047	1628	1575	212	293
solo	sensevoice-no-itn	RES0056	1174	1140	201	247
solo	sensevoice-no-itn	RES0048	1809	1726	254	375
solo	sensevoice-no-itn	RES0059	1358	1327	206	257
solo	sensevoice-no-itn	RES0058	1514	1462	261	350
solo	sensevoice-no-itn	RES0055	1375	1328	283	370
solo	sensevoice-no-itn	RES0057	1245	1194	269	351
solo	sensevoice-no-itn	RES0060	1683	1616	297	413
solo	sensevoice-no-itn	RES0064	1078	1046	152	203
solo	sensevoice-no-itn	RES0053	1982	1906	401	516
solo	sensevoice-no-itn	RES0067	946	912	121	176
solo	sensevoice-no-itn	RES0065	1089	1064	160	205
solo	sensevoice-no-itn	RES0063	1439	1384	211	306
solo	sensevoice-no-itn	RES0066	1192	1160	162	217
solo	sensevoice-no-itn	RES0061	1783	1701	257	393
solo	sensevoice-no-itn	RES0054	2491	2446	808	854
solo	sensevoice-no-itn	RES0070	976	946	183	230
solo	sensevoice-no-itn	RES0069	1026	994	230	263
solo	sensevoice-no-itn	RES0068	1213	1168	172	241
solo	sensevoice-no-itn	RES0062	1965	1905	315	414
solo	sensevoice-no-itn	RES0071	1301	1261	181	246
solo	sensevoice-no-itn	RES0079	841	815	136	185
solo	sensevoice-no-itn	RES0073	1340	1303	197	264
solo	sensevoice-no-itn	RES0072	1182	1150	187	238
solo	sensevoice-no-itn	RES0074	1246	1206	160	233
solo	sensevoice-no-itn	RES0075	1112	1070	153	224
solo	sensevoice-no-itn	RES0078	1140	1092	177	254
solo	sensevoice-no-itn	RES0076	1569	1513	198	299
solo	sensevoice-no-itn	RES0082	932	891	153	225
solo	sensevoice-no-itn	RES0080	1225	1179	188	273
solo	sensevoice-no-itn	RES0083	990	962	176	209
solo	sensevoice-no-itn	RES0085	959	923	145	200
solo	sensevoice-no-itn	RES0077	1649	1585	248	352
solo	sensevoice-no-itn	RES0084	1562	1516	190	280
solo	sensevoice-no-itn	RES0081	1455	1391	238	335
solo	sensevoice-no-itn	RES0087	1359	1306	157	252
solo	sensevoice-no-itn	RES0086	1523	1463	225	326
solo	sensevoice-no-itn	RES0092	837	800	133	195
solo	sensevoice-no-itn	RES0091	901	869	82	130
solo	sensevoice-no-itn	RES0088	1373	1336	155	211
solo	sensevoice-no-itn	RES0094	793	766	109	160
solo	sensevoice-no-itn	RES0090	1193	1160	110	167
solo	sensevoice-no-itn	RES0093	1606	1543	259	346
solo	sensevoice-no-itn	RES0096	1292	1251	285	333
solo	sensevoice-no-itn	RES0098	1474	1422	157	250
solo	sensevoice-no-itn	RES0099	1554	1505	194	266
solo	sensevoice-no-itn	RES0089	1800	1749	190	281
solo	sensevoice-no-itn	RES0097	1381	1319	249	320
solo	sensevoice-no-itn	RES0095	1467	1426	227	290
solo	sensevoice-no-itn	RES0103	1100	1063	140	200
solo	sensevoice-no-itn	RES0101	1430	1379	174	252
solo	sensevoice-no-itn	RES0106	1307	1251	184	253
solo	sensevoice-no-itn	RES0108	950	918	138	177
solo	sensevoice-no-itn	RES0105	1738	1663	227	338
solo	sensevoice-no-itn	RES0107	1596	1520	217	337
solo	sensevoice-no-itn	RES0112	835	795	94	160
solo	sensevoice-no-itn	RES0100	1767	1710	182	267
solo	sensevoice-no-itn	RES0109	845	817	118	164
solo	sensevoice-no-itn	RES0104	1563	1511	196	277
solo	sensevoice-no-itn	RES0111	965	927	118	183
solo	sensevoice-no-itn	RES0102	2025	1952	217	331
solo	sensevoice-no-itn	RES0118	947	921	83	135
solo	sensevoice-no-itn	RES0117	951	920	117	163
solo	sensevoice-no-itn	RES0110	1565	1512	177	251
solo	sensevoice-no-itn	RES0113	1079	1043	121	185
solo	sensevoice-no-itn	RES0119	1359	1302	120	223
solo	sensevoice-no-itn	RES0121	962	930	67	123
solo	sensevoice-no-itn	RES0116	1588	1533	189	260
solo	sensevoice-no-itn	RES0120	1381	1325	80	170
solo	sensevoice-no-itn	RES0122	1046	1005	115	178
solo	sensevoice-no-itn	RES0114	1673	1606	232	347
solo	sensevoice-no-itn	RES0129	1078	1040	150	207
solo	sensevoice-no-itn	RES0125	1638	1576	166	245
solo	sensevoice-no-itn	RES0128	1095	1062	152	210
solo	sensevoice-no-itn	RES0131	1231	1176	137	219
solo	sensevoice-no-itn	RES0123	1716	1647	201	302
solo	sensevoice-no-itn	RES0126	1858	1784	275	394
solo	sensevoice-no-itn	RES0127	1461	1418	183	256
solo	sensevoice-no-itn	RES0124	1729	1675	158	249
solo	sensevoice-no-itn	RES0130	1329	1282	108	183
solo	sensevoice-no-itn	RES0135	1224	1191	130	175
solo	sensevoice-no-itn	RES0136	1243	1211	129	182
solo	sensevoice-no-itn	RES0132	1309	1276	106	168
solo	sensevoice-no-itn	RES0133	1264	1222	130	187
solo	sensevoice-no-itn	RES0140	907	877	125	171
solo	sensevoice-no-itn	RES0138	1148	1118	212	244
solo	sensevoice-no-itn	RES0142	778	758	113	143
solo	sensevoice-no-itn	RES0139	1131	1093	149	196
solo	sensevoice-no-itn	RES0137	1274	1216	152	231
solo	sensevoice-no-itn	RES0141	987	949	120	178
solo	sensevoice-no-itn	RES0134	1679	1630	157	229
solo	sensevoice-no-itn	RES0144	1153	1119	165	229
solo	sensevoice-no-itn	RES0143	1119	1080	137	184
solo	sensevoice-no-itn	RES0148	1136	1101	190	223
solo	sensevoice-no-itn	RES0145	1326	1277	194	269
solo	sensevoice-no-itn	RES0146	898	870	123	160
solo	sensevoice-no-itn	RES0149	1270	1231	175	232
solo	sensevoice-no-itn	RES0147	1274	1234	203	262
solo	sensevoice-no-itn	RES0154	943	922	139	178
solo	sensevoice-no-itn	RES0150	1147	1099	179	244
solo	sensevoice-no-itn	RES0152	1059	1028	131	187
solo	sensevoice-no-itn	RES0151	1157	1125	159	204
solo	sensevoice-no-itn	RES0153	1103	1063	157	217
solo	sensevoice-no-itn	RES0158	1079	1034	139	202
solo	sensevoice-no-itn	RES0159	1104	1060	136	204
solo	sensevoice-no-itn	RES0156	1016	983	166	205
solo	sensevoice-no-itn	RES0155	1439	1380	202	277
solo	sensevoice-no-itn	RES0160	1135	1093	176	239
solo	sensevoice-no-itn	RES0161	1034	993	152	209
solo	sensevoice-no-itn	RES0169	946	906	130	201
solo	sensevoice-no-itn	RES0165	909	881	150	190
solo	sensevoice-no-itn	RES0162	1235	1183	157	232
solo	sensevoice-no-itn	RES0163	1200	1155	147	217
solo	sensevoice-no-itn	RES0168	1329	1271	167	271
solo	sensevoice-no-itn	RES0167	1181	1132	134	208
solo	sensevoice-no-itn	RES0166	1155	1117	179	241
solo	sensevoice-no-itn	RES0164	1248	1197	230	298
solo	sensevoice-no-itn	RES0171	1368	1306	177	277
solo	sensevoice-no-itn	RES0170	1351	1300	201	268
solo	sensevoice-no-itn	RES0172	1195	1148	165	237
solo	sensevoice-no-itn	RES0173	1262	1210	188	270
solo	sensevoice-no-itn	RES0174	1549	1484	245	334
solo	sensevoice-no-itn	RES0175	1017	979	177	224
solo	sensevoice-no-itn	RES0178	1125	1082	187	247
solo	sensevoice-no-itn	RES0182	945	919	113	152
solo	sensevoice-no-itn	RES0176	1305	1269	185	237
solo	sensevoice-no-itn	RES0180	1065	1020	155	223
solo	sensevoice-no-itn	RES0177	1193	1151	174	236
solo	sensevoice-no-itn	RES0181	1184	1154	185	221
solo	sensevoice-no-itn	RES0179	1291	1254	179	242
solo	sensevoice-no-itn	RES0184	970	946	146	178
solo	sensevoice-no-itn	RES0185	1075	1026	160	225
solo	sensevoice-no-itn	RES0183	1217	1178	178	238
solo	sensevoice-no-itn	RES0186	1069	1020	136	229
solo	sensevoice-no-itn	RES0188	957	932	123	166
solo	sensevoice-no-itn	RES0191	927	905	105	137
solo	sensevoice-no-itn	RES0189	1439	1397	183	258
solo	sensevoice-no-itn	RES0190	1290	1263	154	193
solo	sensevoice-no-itn	RES0196	943	910	135	188
solo	sensevoice-no-itn	RES0198	857	833	93	125
solo	sensevoice-no-itn	RES0192	1280	1243	172	219
solo	sensevoice-no-itn	RES0194	1395	1339	193	278
solo	sensevoice-no-itn	RES0187	1303	1275	174	221
solo	sensevoice-no-itn	RES0197	966	943	146	184
solo	sensevoice-no-itn	RES0193	1431	1382	187	261
solo	sensevoice-no-itn	RES0195	1335	1297	156	225
solo	sensevoice-no-itn	RES0199	1152	1118	146	200
solo	sensevoice-no-itn	RES0201	1059	1024	174	217
solo	sensevoice-no-itn	RES0203	920	895	162	193
solo	sensevoice-no-itn	RES0204	995	959	136	195
solo	sensevoice-no-itn	RES0207	818	789	151	187
solo	sensevoice-no-itn	RES0200	1351	1316	213	279
solo	sensevoice-no-itn	RES0205	1049	1009	180	233
solo	sensevoice-no-itn	RES0206	1354	1309	210	270
solo	sensevoice-no-itn	RES0209	1108	1062	147	221
solo	sensevoice-no-itn	RES0202	1522	1472	219	294
solo	sensevoice-no-itn	RES0212	1304	1238	131	243
solo	sensevoice-no-itn	RES0214	1123	1093	127	176
solo	sensevoice-no-itn	RES0208	1322	1254	181	280
solo	sensevoice-no-itn	RES0210	1139	1119	169	202
solo	sensevoice-no-itn	RES0213	1485	1383	150	295
solo	sensevoice-no-itn	RES0211	1415	1355	228	329
solo	qwen3-asr	CAR0001	1053	1027	99	146
solo	qwen3-asr	CAR0004	920	896	88	132
solo	sensevoice-no-itn	RES0215	1386	1329	135	229
solo	qwen3-asr	CAR0005	1292	1228	94	201
solo	sensevoice-no-itn	RES0217	1486	1424	150	246
solo	qwen3-asr	CAR0002	1067	1043	95	133
solo	qwen3-asr	GAS0002	1140	1103	89	144
solo	sensevoice-no-itn	RES0216	1604	1531	140	257
solo	qwen3-asr	GAS0001	1033	984	144	220
solo	qwen3-asr	CAR0003	1281	1259	114	151
solo	qwen3-asr	GAS0004	1180	1127	170	256
solo	qwen3-asr	GAS0007	903	884	165	199
solo	qwen3-asr	GAS0003	1093	1036	128	217
solo	qwen3-asr	DER0001	1554	1485	196	297
solo	qwen3-asr	GEN0001	1132	1093	108	177
solo	qwen3-asr	MSK0004	1125	1096	104	147
solo	qwen3-asr	MSK0001	983	960	154	189
solo	qwen3-asr	GAS0005	1599	1541	157	258
solo	qwen3-asr	MSK0008	1417	1391	210	251
solo	qwen3-asr	MSK0007	1358	1333	133	179
solo	qwen3-asr	MSK0005	1513	1462	152	239
solo	qwen3-asr	MSK0009	1572	1520	184	272
solo	qwen3-asr	MSK0006	1781	1720	180	279
solo	qwen3-asr	MSK0003	1866	1810	215	295
solo	qwen3-asr	MSK0012	1652	1600	130	225
solo	qwen3-asr	MSK0013	1610	1562	164	249
solo	qwen3-asr	MSK0010	1505	1473	140	198
solo	qwen3-asr	MSK0011	1535	1501	175	232
solo	qwen3-asr	MSK0014	1575	1529	150	230
solo	qwen3-asr	MSK0018	976	940	83	131
solo	qwen3-asr	MSK0019	1337	1298	86	150
solo	qwen3-asr	MSK0015	1622	1576	175	252
solo	qwen3-asr	MSK0016	2064	1999	190	298
solo	qwen3-asr	MSK0023	1229	1181	122	195
solo	qwen3-asr	MSK0017	1735	1681	163	256
solo	qwen3-asr	MSK0024	1193	1162	103	157
solo	qwen3-asr	MSK0020	1683	1636	232	309
solo	qwen3-asr	MSK0021	1745	1691	273	359
solo	qwen3-asr	MSK0025	1580	1511	124	253
solo	qwen3-asr	MSK0031	1299	1247	124	214
solo	qwen3-asr	MSK0022	2164	2091	1188	1317
solo	qwen3-asr	MSK0028	1836	1785	179	273
solo	qwen3-asr	MSK0026	1365	1338	131	176
solo	qwen3-asr	MSK0027	1377	1331	157	233
solo	qwen3-asr	MSK0032	1198	1154	91	159
solo	qwen3-asr	MSK0034	1448	1417	159	215
solo	qwen3-asr	MSK0033	1687	1621	154	271
solo	qwen3-asr	MSK0039	1404	1367	100	167
solo	qwen3-asr	MSK0041	1583	1543	156	230
solo	qwen3-asr	MSK0035	1596	1549	162	241
solo	qwen3-asr	MSK0029	2268	2186	313	434
solo	qwen3-asr	MSK0038	1895	1828	227	342
solo	qwen3-asr	MSK0040	1488	1446	156	231
solo	qwen3-asr	MSK0037	1682	1620	195	311
solo	qwen3-asr	MSK0042	1522	1471	207	281
solo	qwen3-asr	MSK0043	1772	1694	131	256
solo	qwen3-asr	MSK0036	1757	1714	159	239
solo	qwen3-asr	MSK0046	1225	1188	120	187
solo	qwen3-asr	MSK0044	1177	1132	164	234
solo	qwen3-asr	RES0002	1162	1144	334	364
solo	qwen3-asr	RES0003	1261	1213	124	201
solo	qwen3-asr	MSK0049	1372	1333	129	190
solo	qwen3-asr	MSK0050	1285	1257	117	165
solo	qwen3-asr	RES0006	1240	1207	133	193
solo	qwen3-asr	MSK0045	1394	1354	121	189
solo	qwen3-asr	RES0008	1171	1129	127	201
solo	qwen3-asr	RES0001	1526	1469	182	272
solo	qwen3-asr	RES0010	1070	1018	121	219
solo	qwen3-asr	RES0004	1723	1650	206	333
solo	qwen3-asr	RES0005	1645	1578	130	256
solo	qwen3-asr	RES0011	1647	1573	173	302
solo	qwen3-asr	RES0007	1874	1811	219	317
solo	qwen3-asr	RES0009	1446	1372	171	294
solo	qwen3-asr	RES0014	1429	1383	192	275
solo	qwen3-asr	RES0016	1327	1287	105	176
solo	qwen3-asr	RES0013	1400	1325	166	295
solo	qwen3-asr	RES0018	1334	1294	160	228
solo	qwen3-asr	RES0021	1255	1226	148	197
solo	qwen3-asr	RES0015	1607	1551	147	240
solo	qwen3-asr	RES0012	2168	2058	245	439
solo	qwen3-asr	RES0024	1004	969	118	179
solo	qwen3-asr	RES0019	1334	1300	164	214
solo	qwen3-asr	RES0023	1099	1054	149	229
solo	qwen3-asr	RES0020	1413	1386	174	215
solo	qwen3-asr	RES0025	1393	1342	181	262
solo	qwen3-asr	RES0017	1751	1698	162	256
solo	qwen3-asr	RES0027	1366	1323	144	213
solo	qwen3-asr	RES0028	1156	1130	157	192
solo	qwen3-asr	RES0029	811	787	86	126
solo	qwen3-asr	RES0022	1999	1927	221	346
solo	qwen3-asr	RES0035	958	944	84	106
solo	qwen3-asr	RES0031	1343	1297	99	177
solo	qwen3-asr	RES0026	1544	1504	269	320
solo	qwen3-asr	RES0030	1184	1158	126	158
solo	qwen3-asr	RES0032	1212	1169	97	162
solo	qwen3-asr	RES0037	1453	1413	158	223
solo	qwen3-asr	RES0033	1372	1306	116	239
solo	qwen3-asr	RES0038	1554	1504	159	231
solo	qwen3-asr	RES0036	1423	1368	140	231
solo	qwen3-asr	RES0043	1503	1451	184	267
solo	qwen3-asr	RES0034	1685	1627	188	277
solo	qwen3-asr	RES0042	1264	1222	198	257
solo	qwen3-asr	RES0045	1204	1158	138	211
solo	qwen3-asr	RES0050	1109	1084	102	148
solo	qwen3-asr	RES0052	828	809	137	175
solo	qwen3-asr	RES0039	1672	1635	195	254
solo	qwen3-asr	RES0044	1859	1776	168	305
solo	qwen3-asr	RES0051	997	970	138	180
solo	qwen3-asr	RES0048	1809	1726	144	297
solo	qwen3-asr	RES0046	1588	1532	147	243
solo	qwen3-asr	RES0049	1622	1555	165	281
solo	qwen3-asr	RES0047	1628	1575	193	295
solo	qwen3-asr	RES0056	1174	1140	175	234
solo	qwen3-asr	RES0057	1245	1194	229	323
solo	qwen3-asr	RES0059	1358	1327	187	241
solo	qwen3-asr	RES0055	1375	1328	241	331
solo	qwen3-asr	RES0065	1089	1064	145	194
solo	qwen3-asr	RES0058	1514	1462	229	318
solo	qwen3-asr	RES0061	1783	1701	231	382
solo	qwen3-asr	RES0064	1078	1046	120	176
solo	qwen3-asr	RES0053	1982	1906	363	492
solo	qwen3-asr	RES0066	1192	1160	159	219
solo	qwen3-asr	RES0067	946	912	122	179
solo	qwen3-asr	RES0060	1683	1616	329	450
solo	qwen3-asr	RES0062	1965	1905	263	377
solo	qwen3-asr	RES0063	1439	1384	182	287
solo	qwen3-asr	RES0054	2491	2446	788	855
solo	qwen3-asr	RES0069	1026	994	177	228
solo	qwen3-asr	RES0068	1213	1168	162	234
solo	qwen3-asr	RES0070	976	946	124	176
solo	qwen3-asr	RES0071	1301	1261	170	239
solo	qwen3-asr	RES0075	1112	1070	123	195
solo	qwen3-asr	RES0072	1182	1150	312	360
solo	qwen3-asr	RES0079	841	815	137	188
solo	qwen3-asr	RES0073	1340	1303	177	245
solo	qwen3-asr	RES0080	1225	1179	214	296
solo	qwen3-asr	RES0074	1246	1206	161	238
solo	qwen3-asr	RES0078	1140	1092	160	247
solo	qwen3-asr	RES0077	1649	1585	220	335
solo	qwen3-asr	RES0076	1569	1513	183	291
solo	qwen3-asr	RES0082	932	891	139	218
solo	qwen3-asr	RES0083	990	962	134	177
solo	qwen3-asr	RES0085	959	923	115	179
solo	qwen3-asr	RES0081	1455	1391	204	321
solo	qwen3-asr	RES0091	901	869	60	120
solo	qwen3-asr	RES0088	1373	1336	157	217
solo	qwen3-asr	RES0084	1562	1516	153	244
solo	qwen3-asr	RES0094	793	766	86	140
solo	qwen3-asr	RES0092	837	800	144	201
solo	qwen3-asr	RES0090	1193	1160	92	151
solo	qwen3-asr	RES0087	1359	1306	144	242
solo	qwen3-asr	RES0086	1523	1463	204	308
solo	qwen3-asr	RES0097	1381	1319	168	272
solo	qwen3-asr	RES0089	1800	1749	197	287
solo	qwen3-asr	RES0098	1474	1422	129	221
solo	qwen3-asr	RES0096	1292	1251	216	280
solo	qwen3-asr	RES0095	1467	1426	171	235
solo	qwen3-asr	RES0099	1554	1505	181	265
solo	qwen3-asr	RES0093	1606	1543	479	583
solo	qwen3-asr	RES0103	1100	1063	115	176
solo	qwen3-asr	RES0100	1767	1710	170	267
solo	qwen3-asr	RES0101	1430	1379	136	233
solo	qwen3-asr	RES0108	950	918	122	165
solo	qwen3-asr	RES0105	1738	1663	193	312
solo	qwen3-asr	RES0104	1563	1511	164	249
solo	qwen3-asr	RES0109	845	817	87	143
solo	qwen3-asr	RES0111	965	927	109	179
solo	qwen3-asr	RES0106	1307	1251	153	236
solo	qwen3-asr	RES0102	2025	1952	226	343
solo	qwen3-asr	RES0113	1079	1043	103	171
solo	qwen3-asr	RES0112	835	795	75	148
solo	qwen3-asr	RES0107	1596	1520	171	293
solo	qwen3-asr	RES0110	1565	1512	151	236
solo	qwen3-asr	RES0117	951	920	142	191
solo	qwen3-asr	RES0118	947	921	64	113
solo	qwen3-asr	RES0120	1381	1325	68	172
solo	qwen3-asr	RES0114	1673	1606	233	340
solo	qwen3-asr	RES0122	1046	1005	93	153
solo	qwen3-asr	RES0121	962	930	58	117
solo	qwen3-asr	RES0119	1359	1302	108	212
solo	qwen3-asr	RES0125	1638	1576	154	251
solo	qwen3-asr	RES0116	1588	1533	157	237
solo	qwen3-asr	RES0123	1716	1647	151	264
solo	qwen3-asr	RES0126	1858	1784	236	355
solo	qwen3-asr	RES0129	1078	1040	104	171
solo	qwen3-asr	RES0128	1095	1062	115	179
solo	qwen3-asr	RES0124	1729	1675	110	207
solo	qwen3-asr	RES0127	1461	1418	142	220
solo	qwen3-asr	RES0136	1243	1211	110	161
solo	qwen3-asr	RES0131	1231	1176	95	182
solo	qwen3-asr	RES0130	1329	1282	88	170
solo	qwen3-asr	RES0132	1309	1276	90	152
solo	qwen3-asr	RES0134	1679	1630	160	251
solo	qwen3-asr	RES0133	1264	1222	110	172
solo	qwen3-asr	RES0138	1148	1118	158	209
solo	qwen3-asr	RES0137	1274	1216	112	218
solo	qwen3-asr	RES0135	1224	1191	100	154
solo	qwen3-asr	RES0140	907	877	92	144
solo	qwen3-asr	RES0139	1131	1093	188	234
solo	qwen3-asr	RES0141	987	949	137	200
solo	qwen3-asr	RES0142	778	758	105	134
solo	qwen3-asr	RES0146	898	870	103	152
solo	qwen3-asr	RES0148	1136	1101	146	204
solo	qwen3-asr	RES0149	1270	1231	114	178
solo	qwen3-asr	RES0144	1153	1119	140	206
solo	qwen3-asr	RES0143	1119	1080	104	163
solo	qwen3-asr	RES0154	943	922	168	205
solo	qwen3-asr	RES0145	1326	1277	160	238
solo	qwen3-asr	RES0150	1147	1099	149	226
solo	qwen3-asr	RES0147	1274	1234	242	296
solo	qwen3-asr	RES0151	1157	1125	177	227
solo	qwen3-asr	RES0152	1059	1028	111	168
solo	qwen3-asr	RES0153	1103	1063	106	178
solo	qwen3-asr	RES0156	1016	983	134	181
solo	qwen3-asr	RES0155	1439	1380	182	267
solo	qwen3-asr	RES0158	1079	1034	115	184
solo	qwen3-asr	RES0161	1034	993	124	184
solo	qwen3-asr	RES0159	1104	1060	94	165
solo	qwen3-asr	RES0165	909	881	133	181
solo	qwen3-asr	RES0162	1235	1183	126	213
solo	qwen3-asr	RES0168	1329	1271	144	251
solo	qwen3-asr	RES0163	1200	1155	141	223
solo	qwen3-asr	RES0160	1135	1093	1206	1273
solo	qwen3-asr	RES0164	1248	1197	186	270
solo	qwen3-asr	RES0166	1155	1117	151	217
solo	qwen3-asr	RES0167	1181	1132	128	207
solo	qwen3-asr	RES0170	1351	1300	176	255
solo	qwen3-asr	RES0169	946	906	127	194
solo	qwen3-asr	RES0171	1368	1306	129	234
solo	qwen3-asr	RES0175	1017	979	123	182
solo	qwen3-asr	RES0172	1195	1148	136	216
solo	qwen3-asr	RES0173	1262	1210	172	254
solo	qwen3-asr	RES0180	1065	1020	179	241
solo	qwen3-asr	RES0182	945	919	166	195
solo	qwen3-asr	RES0181	1184	1154	157	203
solo	qwen3-asr	RES0178	1125	1082	155	232
solo	qwen3-asr	RES0177	1193	1151	209	275
solo	qwen3-asr	RES0176	1305	1269	141	203
solo	qwen3-asr	RES0184	970	946	129	165
solo	qwen3-asr	RES0179	1291	1254	231	294
solo	qwen3-asr	RES0183	1217	1178	282	323
solo	qwen3-asr	RES0174	1549	1484	176	288
solo	qwen3-asr	RES0185	1075	1026	131	201
solo	qwen3-asr	RES0188	957	932	108	154
solo	qwen3-asr	RES0186	1069	1020	127	215
solo	qwen3-asr	RES0191	927	905	110	141
solo	qwen3-asr	RES0189	1439	1397	203	281
solo	qwen3-asr	RES0187	1303	1275	187	240
solo	qwen3-asr	RES0195	1335	1297	151	217
solo	qwen3-asr	RES0190	1290	1263	133	183
solo	qwen3-asr	RES0196	943	910	117	177
solo	qwen3-asr	RES0192	1280	1243	141	201
solo	qwen3-asr	RES0193	1431	1382	240	315
solo	qwen3-asr	RES0197	966	943	116	157
solo	qwen3-asr	RES0194	1395	1339	156	240
solo	qwen3-asr	RES0198	857	833	91	127
solo	qwen3-asr	RES0203	920	895	110	153
solo	qwen3-asr	RES0201	1059	1024	137	187
solo	qwen3-asr	RES0199	1152	1118	134	190
solo	qwen3-asr	RES0207	818	789	101	148
solo	qwen3-asr	RES0204	995	959	99	167
solo	qwen3-asr	RES0205	1049	1009	108	181
solo	qwen3-asr	RES0200	1351	1316	204	270
solo	qwen3-asr	RES0202	1522	1472	189	274
solo	qwen3-asr	RES0210	1139	1119	176	211
solo	qwen3-asr	RES0209	1108	1062	127	205
solo	qwen3-asr	RES0206	1354	1309	184	250
solo	qwen3-asr	RES0208	1322	1254	151	267
solo	qwen3-asr	RES0211	1415	1355	175	281
solo	qwen3-asr	RES0212	1304	1238	117	231
solo	qwen3-asr	RES0214	1123	1093	136	176
solo	qwen3-asr	RES0213	1485	1383	188	335
solo	qwen3-asr	RES0215	1386	1329	133	234
solo	qwen3-asr	RES0216	1604	1531	152	279
solo	qwen3-asr	RES0217	1486	1424	118	216
pair	parakeet-tdt-0.6b-v2+sensevoice	GAS0007	903	884	95	100
pair	parakeet-tdt-0.6b-v2+sensevoice	GAS0001	1033	984	150	145
pair	parakeet-tdt-0.6b-v2+sensevoice	CAR0004	920	896	109	110
pair	parakeet-tdt-0.6b-v2+sensevoice	CAR0002	1067	1043	107	103
pair	parakeet-tdt-0.6b-v2+sensevoice	GAS0002	1140	1103	105	99
pair	parakeet-tdt-0.6b-v2+sensevoice	GAS0003	1093	1036	115	104
pair	parakeet-tdt-0.6b-v2+sensevoice	CAR0001	1053	1027	104	106
pair	parakeet-tdt-0.6b-v2+sensevoice	GAS0004	1180	1127	115	112
pair	parakeet-tdt-0.6b-v2+sensevoice	MSK0001	983	960	120	109
pair	parakeet-tdt-0.6b-v2+sensevoice	GEN0001	1132	1093	89	82
pair	parakeet-tdt-0.6b-v2+sensevoice	CAR0005	1292	1228	100	91
pair	parakeet-tdt-0.6b-v2+sensevoice	DER0001	1554	1485	189	174
pair	parakeet-tdt-0.6b-v2+sensevoice	CAR0003	1281	1259	116	115
pair	parakeet-tdt-0.6b-v2+sensevoice	MSK0004	1125	1096	113	109
pair	parakeet-tdt-0.6b-v2+sensevoice	MSK0005	1513	1462	148	142
pair	parakeet-tdt-0.6b-v2+sensevoice	GAS0005	1599	1541	155	153
pair	parakeet-tdt-0.6b-v2+sensevoice	MSK0010	1505	1473	127	126
pair	parakeet-tdt-0.6b-v2+sensevoice	MSK0009	1572	1520	185	179
pair	parakeet-tdt-0.6b-v2+sensevoice	MSK0007	1358	1333	123	120
pair	parakeet-tdt-0.6b-v2+sensevoice	MSK0008	1417	1391	154	159
pair	parakeet-tdt-0.6b-v2+sensevoice	MSK0018	976	940	89	80
pair	parakeet-tdt-0.6b-v2+sensevoice	MSK0003	1866	1810	165	158
pair	parakeet-tdt-0.6b-v2+sensevoice	MSK0011	1535	1501	155	156
pair	parakeet-tdt-0.6b-v2+sensevoice	MSK0012	1652	1600	135	125
pair	parakeet-tdt-0.6b-v2+sensevoice	MSK0015	1622	1576	156	152
pair	parakeet-tdt-0.6b-v2+sensevoice	MSK0019	1337	1298	80	72
pair	parakeet-tdt-0.6b-v2+sensevoice	MSK0006	1781	1720	202	197
pair	parakeet-tdt-0.6b-v2+sensevoice	MSK0014	1575	1529	141	134
pair	parakeet-tdt-0.6b-v2+sensevoice	MSK0013	1610	1562	149	141
pair	parakeet-tdt-0.6b-v2+sensevoice	MSK0023	1229	1181	118	109
pair	parakeet-tdt-0.6b-v2+sensevoice	MSK0024	1193	1162	85	82
pair	parakeet-tdt-0.6b-v2+sensevoice	MSK0017	1735	1681	157	151
pair	parakeet-tdt-0.6b-v2+sensevoice	MSK0026	1365	1338	123	122
pair	parakeet-tdt-0.6b-v2+sensevoice	MSK0020	1683	1636	186	179
pair	parakeet-tdt-0.6b-v2+sensevoice	MSK0025	1580	1511	120	117
pair	parakeet-tdt-0.6b-v2+sensevoice	MSK0016	2064	1999	179	169
pair	parakeet-tdt-0.6b-v2+sensevoice	MSK0027	1377	1331	150	147
pair	parakeet-tdt-0.6b-v2+sensevoice	MSK0021	1745	1691	210	200
pair	parakeet-tdt-0.6b-v2+sensevoice	MSK0031	1299	1247	136	134
pair	parakeet-tdt-0.6b-v2+sensevoice	MSK0032	1198	1154	90	76
pair	parakeet-tdt-0.6b-v2+sensevoice	MSK0022	2164	2091	174	170
pair	parakeet-tdt-0.6b-v2+sensevoice	MSK0028	1836	1785	174	167
pair	parakeet-tdt-0.6b-v2+sensevoice	MSK0039	1404	1367	148	141
pair	parakeet-tdt-0.6b-v2+sensevoice	MSK0034	1448	1417	147	135
pair	parakeet-tdt-0.6b-v2+sensevoice	MSK0033	1687	1621	159	139
pair	parakeet-tdt-0.6b-v2+sensevoice	MSK0035	1596	1549	157	159
pair	parakeet-tdt-0.6b-v2+sensevoice	MSK0040	1488	1446	146	136
pair	parakeet-tdt-0.6b-v2+sensevoice	MSK0037	1682	1620	175	166
pair	parakeet-tdt-0.6b-v2+sensevoice	MSK0044	1177	1132	105	97
pair	parakeet-tdt-0.6b-v2+sensevoice	MSK0036	1757	1714	161	156
pair	parakeet-tdt-0.6b-v2+sensevoice	MSK0029	2268	2186	286	277
pair	parakeet-tdt-0.6b-v2+sensevoice	MSK0041	1583	1543	150	149
pair	parakeet-tdt-0.6b-v2+sensevoice	MSK0038	1895	1828	173	156
pair	parakeet-tdt-0.6b-v2+sensevoice	MSK0046	1225	1188	121	116
pair	parakeet-tdt-0.6b-v2+sensevoice	MSK0045	1394	1354	139	124
pair	parakeet-tdt-0.6b-v2+sensevoice	RES0002	1162	1144	329	318
pair	parakeet-tdt-0.6b-v2+sensevoice	MSK0042	1522	1471	122	111
pair	parakeet-tdt-0.6b-v2+sensevoice	MSK0050	1285	1257	106	104
pair	parakeet-tdt-0.6b-v2+sensevoice	MSK0049	1372	1333	128	121
pair	parakeet-tdt-0.6b-v2+sensevoice	MSK0043	1772	1694	134	111
pair	parakeet-tdt-0.6b-v2+sensevoice	RES0003	1261	1213	106	105
pair	parakeet-tdt-0.6b-v2+sensevoice	RES0008	1171	1129	116	107
pair	parakeet-tdt-0.6b-v2+sensevoice	RES0010	1070	1018	137	133
pair	parakeet-tdt-0.6b-v2+sensevoice	RES0001	1526	1469	178	167
pair	parakeet-tdt-0.6b-v2+sensevoice	RES0006	1240	1207	134	135
pair	parakeet-tdt-0.6b-v2+sensevoice	RES0009	1446	1372	170	159
pair	parakeet-tdt-0.6b-v2+sensevoice	RES0004	1723	1650	204	186
pair	parakeet-tdt-0.6b-v2+sensevoice	RES0013	1400	1325	139	135
pair	parakeet-tdt-0.6b-v2+sensevoice	RES0005	1645	1578	143	144
pair	parakeet-tdt-0.6b-v2+sensevoice	RES0014	1429	1383	156	144
pair	parakeet-tdt-0.6b-v2+sensevoice	RES0011	1647	1573	154	143
pair	parakeet-tdt-0.6b-v2+sensevoice	RES0016	1327	1287	109	106
pair	parakeet-tdt-0.6b-v2+sensevoice	RES0018	1334	1294	128	124
pair	parakeet-tdt-0.6b-v2+sensevoice	RES0015	1607	1551	148	143
pair	parakeet-tdt-0.6b-v2+sensevoice	RES0007	1874	1811	163	151
pair	parakeet-tdt-0.6b-v2+sensevoice	RES0024	1004	969	120	120
pair	parakeet-tdt-0.6b-v2+sensevoice	RES0023	1099	1054	161	153
pair	parakeet-tdt-0.6b-v2+sensevoice	RES0021	1255	1226	159	146
pair	parakeet-tdt-0.6b-v2+sensevoice	RES0019	1334	1300	145	149
pair	parakeet-tdt-0.6b-v2+sensevoice	RES0029	811	787	77	80
pair	parakeet-tdt-0.6b-v2+sensevoice	RES0020	1413	1386	145	136
pair	parakeet-tdt-0.6b-v2+sensevoice	RES0012	2168	2058	277	268
pair	parakeet-tdt-0.6b-v2+sensevoice	RES0017	1751	1698	144	136
pair	parakeet-tdt-0.6b-v2+sensevoice	RES0028	1156	1130	125	123
pair	parakeet-tdt-0.6b-v2+sensevoice	RES0025	1393	1342	154	143
pair	parakeet-tdt-0.6b-v2+sensevoice	RES0032	1212	1169	109	106
pair	parakeet-tdt-0.6b-v2+sensevoice	RES0030	1184	1158	123	113
pair	parakeet-tdt-0.6b-v2+sensevoice	RES0035	958	944	71	69
pair	parakeet-tdt-0.6b-v2+sensevoice	RES0031	1343	1297	125	123
pair	parakeet-tdt-0.6b-v2+sensevoice	RES0027	1366	1323	144	139
pair	parakeet-tdt-0.6b-v2+sensevoice	RES0022	1999	1927	207	194
pair	parakeet-tdt-0.6b-v2+sensevoice	RES0033	1372	1306	129	127
pair	parakeet-tdt-0.6b-v2+sensevoice	RES0026	1544	1504	145	135
pair	parakeet-tdt-0.6b-v2+sensevoice	RES0036	1423	1368	120	115
pair	parakeet-tdt-0.6b-v2+sensevoice	RES0042	1264	1222	179	161
pair	parakeet-tdt-0.6b-v2+sensevoice	RES0037	1453	1413	153	139
pair	parakeet-tdt-0.6b-v2+sensevoice	RES0045	1204	1158	102	87
pair	parakeet-tdt-0.6b-v2+sensevoice	RES0034	1685	1627	139	134
pair	parakeet-tdt-0.6b-v2+sensevoice	RES0038	1554	1504	152	130
pair	parakeet-tdt-0.6b-v2+sensevoice	RES0052	828	809	177	170
pair	parakeet-tdt-0.6b-v2+sensevoice	RES0043	1503	1451	189	179
pair	parakeet-tdt-0.6b-v2+sensevoice	RES0050	1109	1084	99	95
pair	parakeet-tdt-0.6b-v2+sensevoice	RES0051	997	970	125	118
pair	parakeet-tdt-0.6b-v2+sensevoice	RES0046	1588	1532	146	128
pair	parakeet-tdt-0.6b-v2+sensevoice	RES0039	1672	1635	173	160
pair	parakeet-tdt-0.6b-v2+sensevoice	RES0047	1628	1575	192	171
pair	parakeet-tdt-0.6b-v2+sensevoice	RES0044	1859	1776	164	144
pair	parakeet-tdt-0.6b-v2+sensevoice	RES0048	1809	1726	166	157
pair	parakeet-tdt-0.6b-v2+sensevoice	RES0056	1174	1140	192	184
pair	parakeet-tdt-0.6b-v2+sensevoice	RES0049	1622	1555	157	151
pair	parakeet-tdt-0.6b-v2+sensevoice	RES0057	1245	1194	228	222
pair	parakeet-tdt-0.6b-v2+sensevoice	RES0055	1375	1328	283	277
pair	parakeet-tdt-0.6b-v2+sensevoice	RES0065	1089	1064	141	130
pair	parakeet-tdt-0.6b-v2+sensevoice	RES0064	1078	1046	135	127
pair	parakeet-tdt-0.6b-v2+sensevoice	RES0059	1358	1327	194	184
pair	parakeet-tdt-0.6b-v2+sensevoice	RES0067	946	912	110	102
pair	parakeet-tdt-0.6b-v2+sensevoice	RES0063	1439	1384	179	170
pair	parakeet-tdt-0.6b-v2+sensevoice	RES0060	1683	1616	264	256
pair	parakeet-tdt-0.6b-v2+sensevoice	RES0058	1514	1462	240	230
pair	parakeet-tdt-0.6b-v2+sensevoice	RES0069	1026	994	116	111
pair	parakeet-tdt-0.6b-v2+sensevoice	RES0066	1192	1160	162	154
pair	parakeet-tdt-0.6b-v2+sensevoice	RES0070	976	946	136	128
pair	parakeet-tdt-0.6b-v2+sensevoice	RES0053	1982	1906	368	341
pair	parakeet-tdt-0.6b-v2+sensevoice	RES0068	1213	1168	158	147
pair	parakeet-tdt-0.6b-v2+sensevoice	RES0072	1182	1150	211	204
pair	parakeet-tdt-0.6b-v2+sensevoice	RES0073	1340	1303	174	165
pair	parakeet-tdt-0.6b-v2+sensevoice	RES0061	1783	1701	252	230
pair	parakeet-tdt-0.6b-v2+sensevoice	RES0062	1965	1905	285	273
pair	parakeet-tdt-0.6b-v2+sensevoice	RES0071	1301	1261	165	149
pair	parakeet-tdt-0.6b-v2+sensevoice	RES0079	841	815	115	103
pair	parakeet-tdt-0.6b-v2+sensevoice	RES0054	2491	2446	719	667
pair	parakeet-tdt-0.6b-v2+sensevoice	RES0075	1112	1070	122	115
pair	parakeet-tdt-0.6b-v2+sensevoice	RES0074	1246	1206	155	149
pair	parakeet-tdt-0.6b-v2+sensevoice	RES0076	1569	1513	177	178
pair	parakeet-tdt-0.6b-v2+sensevoice	RES0083	990	962	138	128
pair	parakeet-tdt-0.6b-v2+sensevoice	RES0082	932	891	127	119
pair	parakeet-tdt-0.6b-v2+sensevoice	RES0078	1140	1092	143	140
pair	parakeet-tdt-0.6b-v2+sensevoice	RES0085	959	923	108	89
pair	parakeet-tdt-0.6b-v2+sensevoice	RES0080	1225	1179	169	151
pair	parakeet-tdt-0.6b-v2+sensevoice	RES0092	837	800	100	95
pair	parakeet-tdt-0.6b-v2+sensevoice	RES0091	901	869	65	65
pair	parakeet-tdt-0.6b-v2+sensevoice	RES0081	1455	1391	168	153
pair	parakeet-tdt-0.6b-v2+sensevoice	RES0087	1359	1306	137	127
pair	parakeet-tdt-0.6b-v2+sensevoice	RES0094	793	766	90	81
pair	parakeet-tdt-0.6b-v2+sensevoice	RES0086	1523	1463	210	176
pair	parakeet-tdt-0.6b-v2+sensevoice	RES0084	1562	1516	161	154
pair	parakeet-tdt-0.6b-v2+sensevoice	RES0077	1649	1585	212	201
pair	parakeet-tdt-0.6b-v2+sensevoice	RES0090	1193	1160	85	78
pair	parakeet-tdt-0.6b-v2+sensevoice	RES0088	1373	1336	136	126
pair	parakeet-tdt-0.6b-v2+sensevoice	RES0093	1606	1543	183	169
pair	parakeet-tdt-0.6b-v2+sensevoice	RES0096	1292	1251	176	169
pair	parakeet-tdt-0.6b-v2+sensevoice	RES0098	1474	1422	136	131
pair	parakeet-tdt-0.6b-v2+sensevoice	RES0103	1100	1063	126	122
pair	parakeet-tdt-0.6b-v2+sensevoice	RES0101	1430	1379	141	129
pair	parakeet-tdt-0.6b-v2+sensevoice	RES0095	1467	1426	201	186
pair	parakeet-tdt-0.6b-v2+sensevoice	RES0097	1381	1319	166	153
pair	parakeet-tdt-0.6b-v2+sensevoice	RES0109	845	817	83	75
pair	parakeet-tdt-0.6b-v2+sensevoice	RES0108	950	918	112	97
pair	parakeet-tdt-0.6b-v2+sensevoice	RES0089	1800	1749	180	165
pair	parakeet-tdt-0.6b-v2+sensevoice	RES0112	835	795	82	72
pair	parakeet-tdt-0.6b-v2+sensevoice	RES0111	965	927	99	90
pair	parakeet-tdt-0.6b-v2+sensevoice	RES0099	1554	1505	169	159
pair	parakeet-tdt-0.6b-v2+sensevoice	RES0105	1738	1663	197	178
pair	parakeet-tdt-0.6b-v2+sensevoice	RES0106	1307	1251	146	131
pair	parakeet-tdt-0.6b-v2+sensevoice	RES0117	951	920	108	89
pair	parakeet-tdt-0.6b-v2+sensevoice	RES0107	1596	1520	179	169
pair	parakeet-tdt-0.6b-v2+sensevoice	RES0100	1767	1710	157	139
pair	parakeet-tdt-0.6b-v2+sensevoice	RES0104	1563	1511	183	167
pair	parakeet-tdt-0.6b-v2+sensevoice	RES0113	1079	1043	127	116
pair	parakeet-tdt-0.6b-v2+sensevoice	RES0110	1565	1512	147	141
pair	parakeet-tdt-0.6b-v2+sensevoice	RES0102	2025	1952	178	165
pair	parakeet-tdt-0.6b-v2+sensevoice	RES0118	947	921	71	68
pair	parakeet-tdt-0.6b-v2+sensevoice	RES0121	962	930	58	53
pair	parakeet-tdt-0.6b-v2+sensevoice	RES0122	1046	1005	71	66
pair	parakeet-tdt-0.6b-v2+sensevoice	RES0119	1359	1302	90	91
pair	parakeet-tdt-0.6b-v2+sensevoice	RES0129	1078	1040	132	122
pair	parakeet-tdt-0.6b-v2+sensevoice	RES0116	1588	1533	160	138
pair	parakeet-tdt-0.6b-v2+sensevoice	RES0120	1381	1325	52	40
pair	parakeet-tdt-0.6b-v2+sensevoice	RES0128	1095	1062	119	105
pair	parakeet-tdt-0.6b-v2+sensevoice	RES0131	1231	1176	123	105
pair	parakeet-tdt-0.6b-v2+sensevoice	RES0130	1329	1282	98	87
pair	parakeet-tdt-0.6b-v2+sensevoice	RES0114	1673	1606	172	156
pair	parakeet-tdt-0.6b-v2+sensevoice	RES0132	1309	1276	76	65
pair	parakeet-tdt-0.6b-v2+sensevoice	RES0136	1243	1211	97	87
pair	parakeet-tdt-0.6b-v2+sensevoice	RES0127	1461	1418	135	134
pair	parakeet-tdt-0.6b-v2+sensevoice	RES0126	1858	1784	207	201
pair	parakeet-tdt-0.6b-v2+sensevoice	RES0137	1274	1216	112	100
pair	parakeet-tdt-0.6b-v2+sensevoice	RES0142	778	758	71	61
pair	parakeet-tdt-0.6b-v2+sensevoice	RES0123	1716	1647	142	128
pair	parakeet-tdt-0.6b-v2+sensevoice	RES0139	1131	1093	136	123
pair	parakeet-tdt-0.6b-v2+sensevoice	RES0133	1264	1222	117	103
pair	parakeet-tdt-0.6b-v2+sensevoice	RES0140	907	877	89	78
pair	parakeet-tdt-0.6b-v2+sensevoice	RES0125	1638	1576	126	108
pair	parakeet-tdt-0.6b-v2+sensevoice	RES0135	1224	1191	98	92
pair	parakeet-tdt-0.6b-v2+sensevoice	RES0138	1148	1118	120	113
pair	parakeet-tdt-0.6b-v2+sensevoice	RES0124	1729	1675	108	94
pair	parakeet-tdt-0.6b-v2+sensevoice	RES0143	1119	1080	108	102
pair	parakeet-tdt-0.6b-v2+sensevoice	RES0146	898	870	98	97
pair	parakeet-tdt-0.6b-v2+sensevoice	RES0141	987	949	86	77
pair	parakeet-tdt-0.6b-v2+sensevoice	RES0144	1153	1119	149	144
pair	parakeet-tdt-0.6b-v2+sensevoice	RES0148	1136	1101	150	148
pair	parakeet-tdt-0.6b-v2+sensevoice	RES0150	1147	1099	153	140
pair	parakeet-tdt-0.6b-v2+sensevoice	RES0154	943	922	142	134
pair	parakeet-tdt-0.6b-v2+sensevoice	RES0145	1326	1277	151	143
pair	parakeet-tdt-0.6b-v2+sensevoice	RES0149	1270	1231	131	125
pair	parakeet-tdt-0.6b-v2+sensevoice	RES0153	1103	1063	124	124
pair	parakeet-tdt-0.6b-v2+sensevoice	RES0134	1679	1630	124	110
pair	parakeet-tdt-0.6b-v2+sensevoice	RES0152	1059	1028	96	87
pair	parakeet-tdt-0.6b-v2+sensevoice	RES0151	1157	1125	121	113
pair	parakeet-tdt-0.6b-v2+sensevoice	RES0156	1016	983	124	104
pair	parakeet-tdt-0.6b-v2+sensevoice	RES0147	1274	1234	178	160
pair	parakeet-tdt-0.6b-v2+sensevoice	RES0158	1079	1034	126	122
pair	parakeet-tdt-0.6b-v2+sensevoice	RES0159	1104	1060	95	91
pair	parakeet-tdt-0.6b-v2+sensevoice	RES0160	1135	1093	127	110
pair	parakeet-tdt-0.6b-v2+sensevoice	RES0161	1034	993	148	138
pair	parakeet-tdt-0.6b-v2+sensevoice	RES0169	946	906	123	117
pair	parakeet-tdt-0.6b-v2+sensevoice	RES0165	909	881	146	141
pair	parakeet-tdt-0.6b-v2+sensevoice	RES0155	1439	1380	210	196
pair	parakeet-tdt-0.6b-v2+sensevoice	RES0166	1155	1117	162	149
pair	parakeet-tdt-0.6b-v2+sensevoice	RES0164	1248	1197	198	175
pair	parakeet-tdt-0.6b-v2+sensevoice	RES0167	1181	1132	127	117
pair	parakeet-tdt-0.6b-v2+sensevoice	RES0168	1329	1271	198	194
pair	parakeet-tdt-0.6b-v2+sensevoice	RES0172	1195	1148	138	135
pair	parakeet-tdt-0.6b-v2+sensevoice	RES0163	1200	1155	135	125
pair	parakeet-tdt-0.6b-v2+sensevoice	RES0162	1235	1183	147	136
pair	parakeet-tdt-0.6b-v2+sensevoice	RES0171	1368	1306	146	136
pair	parakeet-tdt-0.6b-v2+sensevoice	RES0170	1351	1300	174	163
pair	parakeet-tdt-0.6b-v2+sensevoice	RES0180	1065	1020	140	130
pair	parakeet-tdt-0.6b-v2+sensevoice	RES0175	1017	979	107	95
pair	parakeet-tdt-0.6b-v2+sensevoice	RES0177	1193	1151	149	139
pair	parakeet-tdt-0.6b-v2+sensevoice	RES0176	1305	1269	143	138
pair	parakeet-tdt-0.6b-v2+sensevoice	RES0182	945	919	106	102
pair	parakeet-tdt-0.6b-v2+sensevoice	RES0173	1262	1210	171	153
pair	parakeet-tdt-0.6b-v2+sensevoice	RES0185	1075	1026	137	128
pair	parakeet-tdt-0.6b-v2+sensevoice	RES0178	1125	1082	161	151
pair	parakeet-tdt-0.6b-v2+sensevoice	RES0174	1549	1484	191	185
pair	parakeet-tdt-0.6b-v2+sensevoice	RES0179	1291	1254	158	144
pair	parakeet-tdt-0.6b-v2+sensevoice	RES0184	970	946	134	126
pair	parakeet-tdt-0.6b-v2+sensevoice	RES0181	1184	1154	156	143
pair	parakeet-tdt-0.6b-v2+sensevoice	RES0188	957	932	116	105
pair	parakeet-tdt-0.6b-v2+sensevoice	RES0183	1217	1178	147	141
pair	parakeet-tdt-0.6b-v2+sensevoice	RES0186	1069	1020	117	111
pair	parakeet-tdt-0.6b-v2+sensevoice	RES0191	927	905	97	95
pair	parakeet-tdt-0.6b-v2+sensevoice	RES0196	943	910	112	112
pair	parakeet-tdt-0.6b-v2+sensevoice	RES0187	1303	1275	158	146
pair	parakeet-tdt-0.6b-v2+sensevoice	RES0198	857	833	79	79
pair	parakeet-tdt-0.6b-v2+sensevoice	RES0197	966	943	116	110
pair	parakeet-tdt-0.6b-v2+sensevoice	RES0193	1431	1382	245	216
pair	parakeet-tdt-0.6b-v2+sensevoice	RES0190	1290	1263	132	126
pair	parakeet-tdt-0.6b-v2+sensevoice	RES0189	1439	1397	158	152
pair	parakeet-tdt-0.6b-v2+sensevoice	RES0201	1059	1024	149	136
pair	parakeet-tdt-0.6b-v2+sensevoice	RES0200	1351	1316	202	194
pair	parakeet-tdt-0.6b-v2+sensevoice	RES0199	1152	1118	140	137
pair	parakeet-tdt-0.6b-v2+sensevoice	RES0192	1280	1243	136	137
pair	parakeet-tdt-0.6b-v2+sensevoice	RES0204	995	959	104	94
pair	parakeet-tdt-0.6b-v2+sensevoice	RES0203	920	895	108	105
pair	parakeet-tdt-0.6b-v2+sensevoice	RES0194	1395	1339	173	159
pair	parakeet-tdt-0.6b-v2+sensevoice	RES0195	1335	1297	127	126
pair	parakeet-tdt-0.6b-v2+sensevoice	RES0207	818	789	120	115
pair	parakeet-tdt-0.6b-v2+sensevoice	RES0209	1108	1062	141	132
pair	parakeet-tdt-0.6b-v2+sensevoice	RES0205	1049	1009	112	110
pair	parakeet-tdt-0.6b-v2+sensevoice	RES0202	1522	1472	187	188
pair	parakeet-tdt-0.6b-v2+sensevoice	RES0208	1322	1254	158	143
pair	parakeet-tdt-0.6b-v2+sensevoice	RES0212	1304	1238	102	95
pair	parakeet-tdt-0.6b-v2+sensevoice	RES0210	1139	1119	130	132
pair	parakeet-tdt-0.6b-v2+sensevoice	RES0206	1354	1309	181	174
pair	parakeet-tdt-0.6b-v2+sensevoice-no-itn	CAR0002	1067	1043	106	102
pair	parakeet-tdt-0.6b-v2+sensevoice-no-itn	CAR0004	920	896	106	107
pair	parakeet-tdt-0.6b-v2+sensevoice	RES0214	1123	1093	114	108
pair	parakeet-tdt-0.6b-v2+sensevoice-no-itn	CAR0001	1053	1027	107	109
pair	parakeet-tdt-0.6b-v2+sensevoice	RES0217	1486	1424	130	112
pair	parakeet-tdt-0.6b-v2+sensevoice-no-itn	GAS0001	1033	984	146	143
pair	parakeet-tdt-0.6b-v2+sensevoice-no-itn	CAR0003	1281	1259	116	115
pair	parakeet-tdt-0.6b-v2+sensevoice	RES0211	1415	1355	175	164
pair	parakeet-tdt-0.6b-v2+sensevoice	RES0213	1485	1383	126	109
pair	parakeet-tdt-0.6b-v2+sensevoice-no-itn	GAS0002	1140	1103	103	97
pair	parakeet-tdt-0.6b-v2+sensevoice	RES0215	1386	1329	122	112
pair	parakeet-tdt-0.6b-v2+sensevoice-no-itn	GAS0007	903	884	96	101
pair	parakeet-tdt-0.6b-v2+sensevoice-no-itn	CAR0005	1292	1228	100	92
pair	parakeet-tdt-0.6b-v2+sensevoice-no-itn	GAS0003	1093	1036	116	105
pair	parakeet-tdt-0.6b-v2+sensevoice-no-itn	GEN0001	1132	1093	88	81
pair	parakeet-tdt-0.6b-v2+sensevoice	RES0216	1604	1531	106	95
pair	parakeet-tdt-0.6b-v2+sensevoice-no-itn	GAS0004	1180	1127	119	116
pair	parakeet-tdt-0.6b-v2+sensevoice-no-itn	MSK0001	983	960	117	109
pair	parakeet-tdt-0.6b-v2+sensevoice-no-itn	MSK0004	1125	1096	110	106
pair	parakeet-tdt-0.6b-v2+sensevoice-no-itn	DER0001	1554	1485	187	173
pair	parakeet-tdt-0.6b-v2+sensevoice-no-itn	GAS0005	1599	1541	155	152
pair	parakeet-tdt-0.6b-v2+sensevoice-no-itn	MSK0007	1358	1333	124	121
pair	parakeet-tdt-0.6b-v2+sensevoice-no-itn	MSK0008	1417	1391	151	156
pair	parakeet-tdt-0.6b-v2+sensevoice-no-itn	MSK0003	1866	1810	167	159
pair	parakeet-tdt-0.6b-v2+sensevoice-no-itn	MSK0005	1513	1462	150	144
pair	parakeet-tdt-0.6b-v2+sensevoice-no-itn	MSK0018	976	940	86	77
pair	parakeet-tdt-0.6b-v2+sensevoice-no-itn	MSK0013	1610	1562	154	147
pair	parakeet-tdt-0.6b-v2+sensevoice-no-itn	MSK0010	1505	1473	128	126
pair	parakeet-tdt-0.6b-v2+sensevoice-no-itn	MSK0011	1535	1501	155	157
pair	parakeet-tdt-0.6b-v2+sensevoice-no-itn	MSK0009	1572	1520	185	179
pair	parakeet-tdt-0.6b-v2+sensevoice-no-itn	MSK0006	1781	1720	203	198
pair	parakeet-tdt-0.6b-v2+sensevoice-no-itn	MSK0012	1652	1600	133	124
pair	parakeet-tdt-0.6b-v2+sensevoice-no-itn	MSK0017	1735	1681	160	154
pair	parakeet-tdt-0.6b-v2+sensevoice-no-itn	MSK0014	1575	1529	141	133
pair	parakeet-tdt-0.6b-v2+sensevoice-no-itn	MSK0019	1337	1298	83	75
pair	parakeet-tdt-0.6b-v2+sensevoice-no-itn	MSK0015	1622	1576	160	156
pair	parakeet-tdt-0.6b-v2+sensevoice-no-itn	MSK0016	2064	1999	182	171
pair	parakeet-tdt-0.6b-v2+sensevoice-no-itn	MSK0020	1683	1636	182	177
pair	parakeet-tdt-0.6b-v2+sensevoice-no-itn	MSK0023	1229	1181	118	109
pair	parakeet-tdt-0.6b-v2+sensevoice-no-itn	MSK0021	1745	1691	211	201
pair	parakeet-tdt-0.6b-v2+sensevoice-no-itn	MSK0024	1193	1162	84	81
pair	parakeet-tdt-0.6b-v2+sensevoice-no-itn	MSK0027	1377	1331	146	143
pair	parakeet-tdt-0.6b-v2+sensevoice-no-itn	MSK0032	1198	1154	90	76
pair	parakeet-tdt-0.6b-v2+sensevoice-no-itn	MSK0026	1365	1338	122	121
pair	parakeet-tdt-0.6b-v2+sensevoice-no-itn	MSK0031	1299	1247	138	136
pair	parakeet-tdt-0.6b-v2+sensevoice-no-itn	MSK0025	1580	1511	119	116
pair	parakeet-tdt-0.6b-v2+sensevoice-no-itn	MSK0035	1596	1549	157	158
pair	parakeet-tdt-0.6b-v2+sensevoice-no-itn	MSK0033	1687	1621	156	137
pair	parakeet-tdt-0.6b-v2+sensevoice-no-itn	MSK0034	1448	1417	148	136
pair	parakeet-tdt-0.6b-v2+sensevoice-no-itn	MSK0037	1682	1620	174	165
pair	parakeet-tdt-0.6b-v2+sensevoice-no-itn	MSK0039	1404	1367	152	145
pair	parakeet-tdt-0.6b-v2+sensevoice-no-itn	MSK0038	1895	1828	169	152
pair	parakeet-tdt-0.6b-v2+sensevoice-no-itn	MSK0028	1836	1785	171	164
pair	parakeet-tdt-0.6b-v2+sensevoice-no-itn	MSK0042	1522	1471	124	113
pair	parakeet-tdt-0.6b-v2+sensevoice-no-itn	MSK0044	1177	1132	99	90
pair	parakeet-tdt-0.6b-v2+sensevoice-no-itn	MSK0022	2164	2091	175	171
pair	parakeet-tdt-0.6b-v2+sensevoice-no-itn	MSK0045	1394	1354	138	122
pair	parakeet-tdt-0.6b-v2+sensevoice-no-itn	MSK0036	1757	1714	160	155
pair	parakeet-tdt-0.6b-v2+sensevoice-no-itn	MSK0043	1772	1694	140	114
pair	parakeet-tdt-0.6b-v2+sensevoice-no-itn	MSK0040	1488	1446	146	136
pair	parakeet-tdt-0.6b-v2+sensevoice-no-itn	MSK0041	1583	1543	150	150
pair	parakeet-tdt-0.6b-v2+sensevoice-no-itn	MSK0029	2268	2186	281	273
pair	parakeet-tdt-0.6b-v2+sensevoice-no-itn	MSK0049	1372	1333	126	119
pair	parakeet-tdt-0.6b-v2+sensevoice-no-itn	RES0002	1162	1144	326	315
pair	parakeet-tdt-0.6b-v2+sensevoice-no-itn	MSK0046	1225	1188	118	113
pair	parakeet-tdt-0.6b-v2+sensevoice-no-itn	RES0006	1240	1207	133	133
pair	parakeet-tdt-0.6b-v2+sensevoice-no-itn	RES0003	1261	1213	106	105
pair	parakeet-tdt-0.6b-v2+sensevoice-no-itn	MSK0050	1285	1257	107	105
pair	parakeet-tdt-0.6b-v2+sensevoice-no-itn	RES0010	1070	1018	135	129
pair	parakeet-tdt-0.6b-v2+sensevoice-no-itn	RES0001	1526	1469	177	166
pair	parakeet-tdt-0.6b-v2+sensevoice-no-itn	RES0008	1171	1129	109	104
pair	parakeet-tdt-0.6b-v2+sensevoice-no-itn	RES0004	1723	1650	203	186
pair	parakeet-tdt-0.6b-v2+sensevoice-no-itn	RES0009	1446	1372	168	158
pair	parakeet-tdt-0.6b-v2+sensevoice-no-itn	RES0013	1400	1325	136	132
pair	parakeet-tdt-0.6b-v2+sensevoice-no-itn	RES0016	1327	1287	109	106
pair	parakeet-tdt-0.6b-v2+sensevoice-no-itn	RES0019	1334	1300	143	147
pair	parakeet-tdt-0.6b-v2+sensevoice-no-itn	RES0005	1645	1578	138	139
pair	parakeet-tdt-0.6b-v2+sensevoice-no-itn	RES0014	1429	1383	153	141
pair	parakeet-tdt-0.6b-v2+sensevoice-no-itn	RES0020	1413	1386	146	137
pair	parakeet-tdt-0.6b-v2+sensevoice-no-itn	RES0021	1255	1226	159	146
pair	parakeet-tdt-0.6b-v2+sensevoice-no-itn	RES0011	1647	1573	158	147
pair	parakeet-tdt-0.6b-v2+sensevoice-no-itn	RES0023	1099	1054	162	154
pair	parakeet-tdt-0.6b-v2+sensevoice-no-itn	RES0018	1334	1294	127	123
pair	parakeet-tdt-0.6b-v2+sensevoice-no-itn	RES0015	1607	1551	145	140
pair	parakeet-tdt-0.6b-v2+sensevoice-no-itn	RES0029	811	787	76	79
pair	parakeet-tdt-0.6b-v2+sensevoice-no-itn	RES0024	1004	969	123	123
pair	parakeet-tdt-0.6b-v2+sensevoice-no-itn	RES0007	1874	1811	166	154
pair	parakeet-tdt-0.6b-v2+sensevoice-no-itn	RES0028	1156	1130	126	122
pair	parakeet-tdt-0.6b-v2+sensevoice-no-itn	RES0027	1366	1323	144	139
pair	parakeet-tdt-0.6b-v2+sensevoice-no-itn	RES0032	1212	1169	113	107
pair	parakeet-tdt-0.6b-v2+sensevoice-no-itn	RES0022	1999	1927	204	191
pair	parakeet-tdt-0.6b-v2+sensevoice-no-itn	RES0026	1544	1504	150	141
pair	parakeet-tdt-0.6b-v2+sensevoice-no-itn	RES0017	1751	1698	141	133
pair	parakeet-tdt-0.6b-v2+sensevoice-no-itn	RES0012	2168	2058	284	273
pair	parakeet-tdt-0.6b-v2+sensevoice-no-itn	RES0025	1393	1342	153	142
pair	parakeet-tdt-0.6b-v2+sensevoice-no-itn	RES0030	1184	1158	122	112
pair	parakeet-tdt-0.6b-v2+sensevoice-no-itn	RES0031	1343	1297	124	122
pair	parakeet-tdt-0.6b-v2+sensevoice-no-itn	RES0035	958	944	69	67
pair	parakeet-tdt-0.6b-v2+sensevoice-no-itn	RES0033	1372	1306	130	128
pair	parakeet-tdt-0.6b-v2+sensevoice-no-itn	RES0037	1453	1413	151	137
pair	parakeet-tdt-0.6b-v2+sensevoice-no-itn	RES0045	1204	1158	101	83
pair	parakeet-tdt-0.6b-v2+sensevoice-no-itn	RES0042	1264	1222	181	163
pair	parakeet-tdt-0.6b-v2+sensevoice-no-itn	RES0038	1554	1504	148	126
pair	parakeet-tdt-0.6b-v2+sensevoice-no-itn	RES0036	1423	1368	123	118
pair	parakeet-tdt-0.6b-v2+sensevoice-no-itn	RES0043	1503	1451	187	177
pair	parakeet-tdt-0.6b-v2+sensevoice-no-itn	RES0046	1588	1532	140	123
pair	parakeet-tdt-0.6b-v2+sensevoice-no-itn	RES0052	828	809	179	172
pair	parakeet-tdt-0.6b-v2+sensevoice-no-itn	RES0034	1685	1627	136	132
pair	parakeet-tdt-0.6b-v2+sensevoice-no-itn	RES0039	1672	1635	174	161
pair	parakeet-tdt-0.6b-v2+sensevoice-no-itn	RES0051	997	970	126	119
pair	parakeet-tdt-0.6b-v2+sensevoice-no-itn	RES0049	1622	1555	155	145
pair	parakeet-tdt-0.6b-v2+sensevoice-no-itn	RES0050	1109	1084	99	95
pair	parakeet-tdt-0.6b-v2+sensevoice-no-itn	RES0056	1174	1140	196	186
pair	parakeet-tdt-0.6b-v2+sensevoice-no-itn	RES0047	1628	1575	192	171
pair	parakeet-tdt-0.6b-v2+sensevoice-no-itn	RES0055	1375	1328	281	274
pair	parakeet-tdt-0.6b-v2+sensevoice-no-itn	RES0044	1859	1776	168	146
pair	parakeet-tdt-0.6b-v2+sensevoice-no-itn	RES0048	1809	1726	170	161
pair	parakeet-tdt-0.6b-v2+sensevoice-no-itn	RES0057	1245	1194	229	223
pair	parakeet-tdt-0.6b-v2+sensevoice-no-itn	RES0064	1078	1046	137	129
pair	parakeet-tdt-0.6b-v2+sensevoice-no-itn	RES0058	1514	1462	237	227
pair	parakeet-tdt-0.6b-v2+sensevoice-no-itn	RES0060	1683	1616	272	265
pair	parakeet-tdt-0.6b-v2+sensevoice-no-itn	RES0059	1358	1327	195	185
pair	parakeet-tdt-0.6b-v2+sensevoice-no-itn	RES0067	946	912	119	111
pair	parakeet-tdt-0.6b-v2+sensevoice-no-itn	RES0065	1089	1064	144	134
pair	parakeet-tdt-0.6b-v2+sensevoice-no-itn	RES0069	1026	994	115	110
pair	parakeet-tdt-0.6b-v2+sensevoice-no-itn	RES0070	976	946	131	124
pair	parakeet-tdt-0.6b-v2+sensevoice-no-itn	RES0068	1213	1168	164	153
pair	parakeet-tdt-0.6b-v2+sensevoice-no-itn	RES0063	1439	1384	184	175
pair	parakeet-tdt-0.6b-v2+sensevoice-no-itn	RES0066	1192	1160	163	153
pair	parakeet-tdt-0.6b-v2+sensevoice-no-itn	RES0062	1965	1905	290	278
pair	parakeet-tdt-0.6b-v2+sensevoice-no-itn	RES0075	1112	1070	122	115
pair	parakeet-tdt-0.6b-v2+sensevoice-no-itn	RES0053	1982	1906	366	340
pair	parakeet-tdt-0.6b-v2+sensevoice-no-itn	RES0074	1246	1206	157	151
pair	parakeet-tdt-0.6b-v2+sensevoice-no-itn	RES0061	1783	1701	257	235
pair	parakeet-tdt-0.6b-v2+sensevoice-no-itn	RES0079	841	815	117	105
pair	parakeet-tdt-0.6b-v2+sensevoice-no-itn	RES0072	1182	1150	208	202
pair	parakeet-tdt-0.6b-v2+sensevoice-no-itn	RES0073	1340	1303	176	167
pair	parakeet-tdt-0.6b-v2+sensevoice-no-itn	RES0054	2491	2446	725	672
pair	parakeet-tdt-0.6b-v2+sensevoice-no-itn	RES0071	1301	1261	177	162
pair	parakeet-tdt-0.6b-v2+sensevoice-no-itn	RES0083	990	962	135	125
pair	parakeet-tdt-0.6b-v2+sensevoice-no-itn	RES0078	1140	1092	143	140
pair	parakeet-tdt-0.6b-v2+sensevoice-no-itn	RES0082	932	891	129	121
pair	parakeet-tdt-0.6b-v2+sensevoice-no-itn	RES0085	959	923	116	98
pair	parakeet-tdt-0.6b-v2+sensevoice-no-itn	RES0080	1225	1179	172	153
pair	parakeet-tdt-0.6b-v2+sensevoice-no-itn	RES0076	1569	1513	176	177
pair	parakeet-tdt-0.6b-v2+sensevoice-no-itn	RES0081	1455	1391	170	156
pair	parakeet-tdt-0.6b-v2+sensevoice-no-itn	RES0091	901	869	64	63
pair	parakeet-tdt-0.6b-v2+sensevoice-no-itn	RES0092	837	800	100	97
pair	parakeet-tdt-0.6b-v2+sensevoice-no-itn	RES0094	793	766	90	81
pair	parakeet-tdt-0.6b-v2+sensevoice-no-itn	RES0084	1562	1516	166	158
pair	parakeet-tdt-0.6b-v2+sensevoice-no-itn	RES0088	1373	1336	137	127
pair	parakeet-tdt-0.6b-v2+sensevoice-no-itn	RES0096	1292	1251	203	194
pair	parakeet-tdt-0.6b-v2+sensevoice-no-itn	RES0087	1359	1306	142	133
pair	parakeet-tdt-0.6b-v2+sensevoice-no-itn	RES0090	1193	1160	84	76
pair	parakeet-tdt-0.6b-v2+sensevoice-no-itn	RES0077	1649	1585	219	206
pair	parakeet-tdt-0.6b-v2+sensevoice-no-itn	RES0086	1523	1463	212	179
pair	parakeet-tdt-0.6b-v2+sensevoice-no-itn	RES0089	1800	1749	179	163
pair	parakeet-tdt-0.6b-v2+sensevoice-no-itn	RES0101	1430	1379	142	130
pair	parakeet-tdt-0.6b-v2+sensevoice-no-itn	RES0103	1100	1063	128	122
pair	parakeet-tdt-0.6b-v2+sensevoice-no-itn	RES0095	1467	1426	198	185
pair	parakeet-tdt-0.6b-v2+sensevoice-no-itn	RES0097	1381	1319	169	156
pair	parakeet-tdt-0.6b-v2+sensevoice-no-itn	RES0093	1606	1543	177	163
pair	parakeet-tdt-0.6b-v2+sensevoice-no-itn	RES0099	1554	1505	170	160
pair	parakeet-tdt-0.6b-v2+sensevoice-no-itn	RES0098	1474	1422	134	129
pair	parakeet-tdt-0.6b-v2+sensevoice-no-itn	RES0106	1307	1251	146	131
pair	parakeet-tdt-0.6b-v2+sensevoice-no-itn	RES0109	845	817	86	80
pair	parakeet-tdt-0.6b-v2+sensevoice-no-itn	RES0111	965	927	99	90
pair	parakeet-tdt-0.6b-v2+sensevoice-no-itn	RES0108	950	918	113	99
pair	parakeet-tdt-0.6b-v2+sensevoice-no-itn	RES0100	1767	1710	157	139
pair	parakeet-tdt-0.6b-v2+sensevoice-no-itn	RES0112	835	795	80	71
pair	parakeet-tdt-0.6b-v2+sensevoice-no-itn	RES0117	951	920	105	86
pair	parakeet-tdt-0.6b-v2+sensevoice-no-itn	RES0105	1738	1663	196	177
pair	parakeet-tdt-0.6b-v2+sensevoice-no-itn	RES0104	1563	1511	180	165
pair	parakeet-tdt-0.6b-v2+sensevoice-no-itn	RES0113	1079	1043	126	113
pair	parakeet-tdt-0.6b-v2+sensevoice-no-itn	RES0118	947	921	68	66
pair	parakeet-tdt-0.6b-v2+sensevoice-no-itn	RES0121	962	930	55	50
pair	parakeet-tdt-0.6b-v2+sensevoice-no-itn	RES0119	1359	1302	92	93
pair	parakeet-tdt-0.6b-v2+sensevoice-no-itn	RES0122	1046	1005	74	67
pair	parakeet-tdt-0.6b-v2+sensevoice-no-itn	RES0107	1596	1520	180	170
pair	parakeet-tdt-0.6b-v2+sensevoice-no-itn	RES0114	1673	1606	178	163
pair	parakeet-tdt-0.6b-v2+sensevoice-no-itn	RES0120	1381	1325	52	40
pair	parakeet-tdt-0.6b-v2+sensevoice-no-itn	RES0128	1095	1062	120	104
pair	parakeet-tdt-0.6b-v2+sensevoice-no-itn	RES0110	1565	1512	151	145
pair	parakeet-tdt-0.6b-v2+sensevoice-no-itn	RES0102	2025	1952	181	170
pair	parakeet-tdt-0.6b-v2+sensevoice-no-itn	RES0127	1461	1418	137	136
pair	parakeet-tdt-0.6b-v2+sensevoice-no-itn	RES0129	1078	1040	135	123
pair	parakeet-tdt-0.6b-v2+sensevoice-no-itn	RES0130	1329	1282	98	89
pair	parakeet-tdt-0.6b-v2+sensevoice-no-itn	RES0116	1588	1533	159	137
pair	parakeet-tdt-0.6b-v2+sensevoice-no-itn	RES0132	1309	1276	77	66
pair	parakeet-tdt-0.6b-v2+sensevoice-no-itn	RES0131	1231	1176	123	105
pair	parakeet-tdt-0.6b-v2+sensevoice-no-itn	RES0126	1858	1784	211	205
pair	parakeet-tdt-0.6b-v2+sensevoice-no-itn	RES0135	1224	1191	95	89
pair	parakeet-tdt-0.6b-v2+sensevoice-no-itn	RES0133	1264	1222	116	99
pair	parakeet-tdt-0.6b-v2+sensevoice-no-itn	RES0123	1716	1647	136	124
pair	parakeet-tdt-0.6b-v2+sensevoice-no-itn	RES0139	1131	1093	128	117
pair	parakeet-tdt-0.6b-v2+sensevoice-no-itn	RES0125	1638	1576	123	103
pair	parakeet-tdt-0.6b-v2+sensevoice-no-itn	RES0142	778	758	72	62
pair	parakeet-tdt-0.6b-v2+sensevoice-no-itn	RES0141	987	949	89	79
pair	parakeet-tdt-0.6b-v2+sensevoice-no-itn	RES0138	1148	1118	117	110
pair	parakeet-tdt-0.6b-v2+sensevoice-no-itn	RES0140	907	877	90	80
pair	parakeet-tdt-0.6b-v2+sensevoice-no-itn	RES0137	1274	1216	113	97
pair	parakeet-tdt-0.6b-v2+sensevoice-no-itn	RES0136	1243	1211	98	87
pair	parakeet-tdt-0.6b-v2+sensevoice-no-itn	RES0124	1729	1675	110	96
pair	parakeet-tdt-0.6b-v2+sensevoice-no-itn	RES0146	898	870	97	96
pair	parakeet-tdt-0.6b-v2+sensevoice-no-itn	RES0143	1119	1080	109	103
pair	parakeet-tdt-0.6b-v2+sensevoice-no-itn	RES0148	1136	1101	146	145
pair	parakeet-tdt-0.6b-v2+sensevoice-no-itn	RES0134	1679	1630	125	112
pair	parakeet-tdt-0.6b-v2+sensevoice-no-itn	RES0144	1153	1119	154	149
pair	parakeet-tdt-0.6b-v2+sensevoice-no-itn	RES0145	1326	1277	152	144
pair	parakeet-tdt-0.6b-v2+sensevoice-no-itn	RES0150	1147	1099	150	138
pair	parakeet-tdt-0.6b-v2+sensevoice-no-itn	RES0152	1059	1028	95	86
pair	parakeet-tdt-0.6b-v2+sensevoice-no-itn	RES0147	1274	1234	180	162
pair	parakeet-tdt-0.6b-v2+sensevoice-no-itn	RES0156	1016	983	121	102
pair	parakeet-tdt-0.6b-v2+sensevoice-no-itn	RES0151	1157	1125	122	115
pair	parakeet-tdt-0.6b-v2+sensevoice-no-itn	RES0153	1103	1063	123	123
pair	parakeet-tdt-0.6b-v2+sensevoice-no-itn	RES0149	1270	1231	134	128
pair	parakeet-tdt-0.6b-v2+sensevoice-no-itn	RES0154	943	922	144	136
pair	parakeet-tdt-0.6b-v2+sensevoice-no-itn	RES0158	1079	1034	122	117
pair	parakeet-tdt-0.6b-v2+sensevoice-no-itn	RES0160	1135	1093	126	111
pair	parakeet-tdt-0.6b-v2+sensevoice-no-itn	RES0161	1034	993	145	135
pair	parakeet-tdt-0.6b-v2+sensevoice-no-itn	RES0159	1104	1060	95	91
pair	parakeet-tdt-0.6b-v2+sensevoice-no-itn	RES0169	946	906	115	109
pair	parakeet-tdt-0.6b-v2+sensevoice-no-itn	RES0162	1235	1183	144	133
pair	parakeet-tdt-0.6b-v2+sensevoice-no-itn	RES0164	1248	1197	196	176
pair	parakeet-tdt-0.6b-v2+sensevoice-no-itn	RES0165	909	881	143	138
pair	parakeet-tdt-0.6b-v2+sensevoice-no-itn	RES0155	1439	1380	210	192
pair	parakeet-tdt-0.6b-v2+sensevoice-no-itn	RES0170	1351	1300	173	159
pair	parakeet-tdt-0.6b-v2+sensevoice-no-itn	RES0163	1200	1155	129	121
pair	parakeet-tdt-0.6b-v2+sensevoice-no-itn	RES0167	1181	1132	128	118
pair	parakeet-tdt-0.6b-v2+sensevoice-no-itn	RES0175	1017	979	107	96
pair	parakeet-tdt-0.6b-v2+sensevoice-no-itn	RES0166	1155	1117	160	147
pair	parakeet-tdt-0.6b-v2+sensevoice-no-itn	RES0168	1329	1271	200	197
pair	parakeet-tdt-0.6b-v2+sensevoice-no-itn	RES0173	1262	1210	172	154
pair	parakeet-tdt-0.6b-v2+sensevoice-no-itn	RES0171	1368	1306	151	141
pair	parakeet-tdt-0.6b-v2+sensevoice-no-itn	RES0172	1195	1148	136	133
pair	parakeet-tdt-0.6b-v2+sensevoice-no-itn	RES0178	1125	1082	155	145
pair	parakeet-tdt-0.6b-v2+sensevoice-no-itn	RES0181	1184	1154	157	144
pair	parakeet-tdt-0.6b-v2+sensevoice-no-itn	RES0184	970	946	131	124
pair	parakeet-tdt-0.6b-v2+sensevoice-no-itn	RES0174	1549	1484	184	178
pair	parakeet-tdt-0.6b-v2+sensevoice-no-itn	RES0182	945	919	102	98
pair	parakeet-tdt-0.6b-v2+sensevoice-no-itn	RES0180	1065	1020	139	129
pair	parakeet-tdt-0.6b-v2+sensevoice-no-itn	RES0177	1193	1151	147	138
pair	parakeet-tdt-0.6b-v2+sensevoice-no-itn	RES0176	1305	1269	145	140
pair	parakeet-tdt-0.6b-v2+sensevoice-no-itn	RES0188	957	932	117	106
pair	parakeet-tdt-0.6b-v2+sensevoice-no-itn	RES0185	1075	1026	138	129
pair	parakeet-tdt-0.6b-v2+sensevoice-no-itn	RES0179	1291	1254	155	142
pair	parakeet-tdt-0.6b-v2+sensevoice-no-itn	RES0186	1069	1020	113	108
pair	parakeet-tdt-0.6b-v2+sensevoice-no-itn	RES0187	1303	1275	154	142
pair	parakeet-tdt-0.6b-v2+sensevoice-no-itn	RES0191	927	905	100	98
pair	parakeet-tdt-0.6b-v2+sensevoice-no-itn	RES0183	1217	1178	145	139
pair	parakeet-tdt-0.6b-v2+sensevoice-no-itn	RES0190	1290	1263	130	124
pair	parakeet-tdt-0.6b-v2+sensevoice-no-itn	RES0198	857	833	79	77
pair	parakeet-tdt-0.6b-v2+sensevoice-no-itn	RES0196	943	910	115	113
pair	parakeet-tdt-0.6b-v2+sensevoice-no-itn	RES0189	1439	1397	158	152
pair	parakeet-tdt-0.6b-v2+sensevoice-no-itn	RES0192	1280	1243	136	137
pair	parakeet-tdt-0.6b-v2+sensevoice-no-itn	RES0197	966	943	118	112
pair	parakeet-tdt-0.6b-v2+sensevoice-no-itn	RES0204	995	959	109	99
pair	parakeet-tdt-0.6b-v2+sensevoice-no-itn	RES0199	1152	1118	141	138
pair	parakeet-tdt-0.6b-v2+sensevoice-no-itn	RES0195	1335	1297	127	126
pair	parakeet-tdt-0.6b-v2+sensevoice-no-itn	RES0205	1049	1009	110	108
pair	parakeet-tdt-0.6b-v2+sensevoice-no-itn	RES0203	920	895	110	106
pair	parakeet-tdt-0.6b-v2+sensevoice-no-itn	RES0207	818	789	122	117
pair	parakeet-tdt-0.6b-v2+sensevoice-no-itn	RES0201	1059	1024	147	134
pair	parakeet-tdt-0.6b-v2+sensevoice-no-itn	RES0194	1395	1339	170	156
pair	parakeet-tdt-0.6b-v2+sensevoice-no-itn	RES0202	1522	1472	189	190
pair	parakeet-tdt-0.6b-v2+sensevoice-no-itn	RES0193	1431	1382	237	208
pair	parakeet-tdt-0.6b-v2+sensevoice-no-itn	RES0206	1354	1309	179	172
pair	parakeet-tdt-0.6b-v2+sensevoice-no-itn	RES0208	1322	1254	154	140
pair	parakeet-tdt-0.6b-v2+sensevoice-no-itn	RES0200	1351	1316	202	194
pair	parakeet-tdt-0.6b-v2+sensevoice-no-itn	RES0209	1108	1062	142	133
pair	parakeet-tdt-0.6b-v2+whisper-distil-v3.5	CAR0001	1053	1027	104	104
pair	parakeet-tdt-0.6b-v2+sensevoice-no-itn	RES0210	1139	1119	131	132
pair	parakeet-tdt-0.6b-v2+whisper-distil-v3.5	CAR0002	1067	1043	105	103
pair	parakeet-tdt-0.6b-v2+sensevoice-no-itn	RES0211	1415	1355	182	168
pair	parakeet-tdt-0.6b-v2+whisper-distil-v3.5	CAR0004	920	896	106	107
pair	parakeet-tdt-0.6b-v2+sensevoice-no-itn	RES0214	1123	1093	116	110
pair	parakeet-tdt-0.6b-v2+whisper-distil-v3.5	GAS0001	1033	984	152	142
pair	parakeet-tdt-0.6b-v2+sensevoice-no-itn	RES0212	1304	1238	103	97
pair	parakeet-tdt-0.6b-v2+sensevoice-no-itn	RES0216	1604	1531	103	92
pair	parakeet-tdt-0.6b-v2+sensevoice-no-itn	RES0213	1485	1383	123	105
pair	parakeet-tdt-0.6b-v2+whisper-distil-v3.5	CAR0005	1292	1228	108	101
pair	parakeet-tdt-0.6b-v2+sensevoice-no-itn	RES0215	1386	1329	119	109
pair	parakeet-tdt-0.6b-v2+sensevoice-no-itn	RES0217	1486	1424	127	109
pair	parakeet-tdt-0.6b-v2+whisper-distil-v3.5	GAS0002	1140	1103	103	97
pair	parakeet-tdt-0.6b-v2+whisper-distil-v3.5	GAS0003	1093	1036	129	116
pair	parakeet-tdt-0.6b-v2+whisper-distil-v3.5	CAR0003	1281	1259	112	112
pair	parakeet-tdt-0.6b-v2+whisper-distil-v3.5	GEN0001	1132	1093	84	77
pair	parakeet-tdt-0.6b-v2+whisper-distil-v3.5	GAS0007	903	884	119	119
pair	parakeet-tdt-0.6b-v2+whisper-distil-v3.5	GAS0004	1180	1127	124	119
pair	parakeet-tdt-0.6b-v2+whisper-distil-v3.5	MSK0001	983	960	122	112
pair	parakeet-tdt-0.6b-v2+whisper-distil-v3.5	DER0001	1554	1485	200	183
pair	parakeet-tdt-0.6b-v2+whisper-distil-v3.5	MSK0004	1125	1096	128	123
pair	parakeet-tdt-0.6b-v2+whisper-distil-v3.5	GAS0005	1599	1541	157	153
pair	parakeet-tdt-0.6b-v2+whisper-distil-v3.5	MSK0009	1572	1520	193	188
pair	parakeet-tdt-0.6b-v2+whisper-distil-v3.5	MSK0007	1358	1333	135	131
pair	parakeet-tdt-0.6b-v2+whisper-distil-v3.5	MSK0005	1513	1462	153	145
pair	parakeet-tdt-0.6b-v2+whisper-distil-v3.5	MSK0013	1610	1562	148	142
pair	parakeet-tdt-0.6b-v2+whisper-distil-v3.5	MSK0012	1652	1600	143	133
pair	parakeet-tdt-0.6b-v2+whisper-distil-v3.5	MSK0008	1417	1391	154	156
pair	parakeet-tdt-0.6b-v2+whisper-distil-v3.5	MSK0003	1866	1810	180	168
pair	parakeet-tdt-0.6b-v2+whisper-distil-v3.5	MSK0011	1535	1501	171	171
pair	parakeet-tdt-0.6b-v2+whisper-distil-v3.5	MSK0010	1505	1473	133	129
pair	parakeet-tdt-0.6b-v2+whisper-distil-v3.5	MSK0015	1622	1576	166	164
pair	parakeet-tdt-0.6b-v2+whisper-distil-v3.5	MSK0018	976	940	87	77
pair	parakeet-tdt-0.6b-v2+whisper-distil-v3.5	MSK0006	1781	1720	212	203
pair	parakeet-tdt-0.6b-v2+whisper-distil-v3.5	MSK0019	1337	1298	85	76
pair	parakeet-tdt-0.6b-v2+whisper-distil-v3.5	MSK0014	1575	1529	150	141
pair	parakeet-tdt-0.6b-v2+whisper-distil-v3.5	MSK0020	1683	1636	177	170
pair	parakeet-tdt-0.6b-v2+whisper-distil-v3.5	MSK0023	1229	1181	113	101
pair	parakeet-tdt-0.6b-v2+whisper-distil-v3.5	MSK0024	1193	1162	91	88
pair	parakeet-tdt-0.6b-v2+whisper-distil-v3.5	MSK0025	1580	1511	125	121
pair	parakeet-tdt-0.6b-v2+whisper-distil-v3.5	MSK0016	2064	1999	182	171
pair	parakeet-tdt-0.6b-v2+whisper-distil-v3.5	MSK0031	1299	1247	139	139
pair	parakeet-tdt-0.6b-v2+whisper-distil-v3.5	MSK0017	1735	1681	161	154
pair	parakeet-tdt-0.6b-v2+whisper-distil-v3.5	MSK0026	1365	1338	130	129
pair	parakeet-tdt-0.6b-v2+whisper-distil-v3.5	MSK0027	1377	1331	160	155
pair	parakeet-tdt-0.6b-v2+whisper-distil-v3.5	MSK0021	1745	1691	217	204
pair	parakeet-tdt-0.6b-v2+whisper-distil-v3.5	MSK0028	1836	1785	177	173
pair	parakeet-tdt-0.6b-v2+whisper-distil-v3.5	MSK0032	1198	1154	100	84
pair	parakeet-tdt-0.6b-v2+whisper-distil-v3.5	MSK0034	1448	1417	146	134
pair	parakeet-tdt-0.6b-v2+whisper-distil-v3.5	MSK0035	1596	1549	165	165
pair	parakeet-tdt-0.6b-v2+whisper-distil-v3.5	MSK0036	1757	1714	159	154
pair	parakeet-tdt-0.6b-v2+whisper-distil-v3.5	MSK0044	1177	1132	101	94
pair	parakeet-tdt-0.6b-v2+whisper-distil-v3.5	MSK0039	1404	1367	160	151
pair	parakeet-tdt-0.6b-v2+whisper-distil-v3.5	MSK0041	1583	1543	155	153
pair	parakeet-tdt-0.6b-v2+whisper-distil-v3.5	MSK0033	1687	1621	161	143
pair	parakeet-tdt-0.6b-v2+whisper-distil-v3.5	MSK0043	1772	1694	149	124
pair	parakeet-tdt-0.6b-v2+whisper-distil-v3.5	MSK0022	2164	2091	177	173
pair	parakeet-tdt-0.6b-v2+whisper-distil-v3.5	MSK0040	1488	1446	145	136
pair	parakeet-tdt-0.6b-v2+whisper-distil-v3.5	MSK0046	1225	1188	126	121
pair	parakeet-tdt-0.6b-v2+whisper-distil-v3.5	MSK0037	1682	1620	180	169
pair	parakeet-tdt-0.6b-v2+whisper-distil-v3.5	MSK0045	1394	1354	140	120
pair	parakeet-tdt-0.6b-v2+whisper-distil-v3.5	MSK0050	1285	1257	112	110
pair	parakeet-tdt-0.6b-v2+whisper-distil-v3.5	MSK0042	1522	1471	115	104
pair	parakeet-tdt-0.6b-v2+whisper-distil-v3.5	RES0002	1162	1144	326	317
pair	parakeet-tdt-0.6b-v2+whisper-distil-v3.5	MSK0029	2268	2186	284	276
pair	parakeet-tdt-0.6b-v2+whisper-distil-v3.5	MSK0038	1895	1828	179	157
pair	parakeet-tdt-0.6b-v2+whisper-distil-v3.5	MSK0049	1372	1333	137	132
pair	parakeet-tdt-0.6b-v2+whisper-distil-v3.5	RES0010	1070	1018	136	133
pair	parakeet-tdt-0.6b-v2+whisper-distil-v3.5	RES0008	1171	1129	123	118
pair	parakeet-tdt-0.6b-v2+whisper-distil-v3.5	RES0003	1261	1213	119	114
pair	parakeet-tdt-0.6b-v2+whisper-distil-v3.5	RES0001	1526	1469	189	182
pair	parakeet-tdt-0.6b-v2+whisper-distil-v3.5	RES0006	1240	1207	120	123
pair	parakeet-tdt-0.6b-v2+whisper-distil-v3.5	RES0005	1645	1578	158	158
pair	parakeet-tdt-0.6b-v2+whisper-distil-v3.5	RES0014	1429	1383	147	133
pair	parakeet-tdt-0.6b-v2+whisper-distil-v3.5	RES0009	1446	1372	179	165
pair	parakeet-tdt-0.6b-v2+whisper-distil-v3.5	RES0007	1874	1811	175	162
pair	parakeet-tdt-0.6b-v2+whisper-distil-v3.5	RES0015	1607	1551	153	145
pair	parakeet-tdt-0.6b-v2+whisper-distil-v3.5	RES0004	1723	1650	214	200
pair	parakeet-tdt-0.6b-v2+whisper-distil-v3.5	RES0013	1400	1325	142	131
pair	parakeet-tdt-0.6b-v2+whisper-distil-v3.5	RES0016	1327	1287	113	107
pair	parakeet-tdt-0.6b-v2+whisper-distil-v3.5	RES0011	1647	1573	172	153
pair	parakeet-tdt-0.6b-v2+whisper-distil-v3.5	RES0019	1334	1300	142	145
pair	parakeet-tdt-0.6b-v2+whisper-distil-v3.5	RES0023	1099	1054	158	153
pair	parakeet-tdt-0.6b-v2+whisper-distil-v3.5	RES0020	1413	1386	148	139
pair	parakeet-tdt-0.6b-v2+whisper-distil-v3.5	RES0018	1334	1294	141	134
pair	parakeet-tdt-0.6b-v2+whisper-distil-v3.5	RES0029	811	787	77	79
pair	parakeet-tdt-0.6b-v2+whisper-distil-v3.5	RES0024	1004	969	125	125
pair	parakeet-tdt-0.6b-v2+whisper-distil-v3.5	RES0028	1156	1130	121	116
pair	parakeet-tdt-0.6b-v2+whisper-distil-v3.5	RES0021	1255	1226	157	148
pair	parakeet-tdt-0.6b-v2+whisper-distil-v3.5	RES0032	1212	1169	115	109
pair	parakeet-tdt-0.6b-v2+whisper-distil-v3.5	RES0030	1184	1158	121	111
pair	parakeet-tdt-0.6b-v2+whisper-distil-v3.5	RES0012	2168	2058	280	274
pair	parakeet-tdt-0.6b-v2+whisper-distil-v3.5	RES0025	1393	1342	168	155
pair	parakeet-tdt-0.6b-v2+whisper-distil-v3.5	RES0017	1751	1698	162	152
pair	parakeet-tdt-0.6b-v2+whisper-distil-v3.5	RES0027	1366	1323	160	154
pair	parakeet-tdt-0.6b-v2+whisper-distil-v3.5	RES0022	1999	1927	214	201
pair	parakeet-tdt-0.6b-v2+whisper-distil-v3.5	RES0035	958	944	77	74
pair	parakeet-tdt-0.6b-v2+whisper-distil-v3.5	RES0033	1372	1306	143	139
pair	parakeet-tdt-0.6b-v2+whisper-distil-v3.5	RES0031	1343	1297	125	122
pair	parakeet-tdt-0.6b-v2+whisper-distil-v3.5	RES0026	1544	1504	154	144
pair	parakeet-tdt-0.6b-v2+whisper-distil-v3.5	RES0034	1685	1627	136	136
pair	parakeet-tdt-0.6b-v2+whisper-distil-v3.5	RES0037	1453	1413	149	135
pair	parakeet-tdt-0.6b-v2+whisper-distil-v3.5	RES0036	1423	1368	135	133
pair	parakeet-tdt-0.6b-v2+whisper-distil-v3.5	RES0042	1264	1222	170	154
pair	parakeet-tdt-0.6b-v2+whisper-distil-v3.5	RES0045	1204	1158	92	77
pair	parakeet-tdt-0.6b-v2+whisper-distil-v3.5	RES0051	997	970	134	125
pair	parakeet-tdt-0.6b-v2+whisper-distil-v3.5	RES0050	1109	1084	107	102
pair	parakeet-tdt-0.6b-v2+whisper-distil-v3.5	RES0044	1859	1776	168	147
pair	parakeet-tdt-0.6b-v2+whisper-distil-v3.5	RES0052	828	809	183	175
pair	parakeet-tdt-0.6b-v2+whisper-distil-v3.5	RES0043	1503	1451	193	183
pair	parakeet-tdt-0.6b-v2+whisper-distil-v3.5	RES0038	1554	1504	157	132
pair	parakeet-tdt-0.6b-v2+whisper-distil-v3.5	RES0049	1622	1555	167	157
pair	parakeet-tdt-0.6b-v2+whisper-distil-v3.5	RES0046	1588	1532	149	133
pair	parakeet-tdt-0.6b-v2+whisper-distil-v3.5	RES0039	1672	1635	183	168
pair	parakeet-tdt-0.6b-v2+whisper-distil-v3.5	RES0056	1174	1140	196	189
pair	parakeet-tdt-0.6b-v2+whisper-distil-v3.5	RES0055	1375	1328	277	273
pair	parakeet-tdt-0.6b-v2+whisper-distil-v3.5	RES0047	1628	1575	199	179
pair	parakeet-tdt-0.6b-v2+whisper-distil-v3.5	RES0048	1809	1726	177	167
pair	parakeet-tdt-0.6b-v2+whisper-distil-v3.5	RES0057	1245	1194	241	237
pair	parakeet-tdt-0.6b-v2+whisper-distil-v3.5	RES0064	1078	1046	135	126
pair	parakeet-tdt-0.6b-v2+whisper-distil-v3.5	RES0066	1192	1160	172	161
pair	parakeet-tdt-0.6b-v2+whisper-distil-v3.5	RES0059	1358	1327	197	186
pair	parakeet-tdt-0.6b-v2+whisper-distil-v3.5	RES0063	1439	1384	177	172
pair	parakeet-tdt-0.6b-v2+whisper-distil-v3.5	RES0065	1089	1064	148	136
pair	parakeet-tdt-0.6b-v2+whisper-distil-v3.5	RES0067	946	912	133	123
pair	parakeet-tdt-0.6b-v2+whisper-distil-v3.5	RES0058	1514	1462	246	235
pair	parakeet-tdt-0.6b-v2+whisper-distil-v3.5	RES0060	1683	1616	261	254
pair	parakeet-tdt-0.6b-v2+whisper-distil-v3.5	RES0069	1026	994	117	110
pair	parakeet-tdt-0.6b-v2+whisper-distil-v3.5	RES0068	1213	1168	166	154
pair	parakeet-tdt-0.6b-v2+whisper-distil-v3.5	RES0054	2491	2446	725	665
pair	parakeet-tdt-0.6b-v2+whisper-distil-v3.5	RES0070	976	946	136	133
pair	parakeet-tdt-0.6b-v2+whisper-distil-v3.5	RES0071	1301	1261	179	163
pair	parakeet-tdt-0.6b-v2+whisper-distil-v3.5	RES0053	1982	1906	370	345
pair	parakeet-tdt-0.6b-v2+whisper-distil-v3.5	RES0079	841	815	123	111
pair	parakeet-tdt-0.6b-v2+whisper-distil-v3.5	RES0078	1140	1092	142	140
pair	parakeet-tdt-0.6b-v2+whisper-distil-v3.5	RES0072	1182	1150	214	202
pair	parakeet-tdt-0.6b-v2+whisper-distil-v3.5	RES0075	1112	1070	124	117
pair	parakeet-tdt-0.6b-v2+whisper-distil-v3.5	RES0076	1569	1513	185	183
pair	parakeet-tdt-0.6b-v2+whisper-distil-v3.5	RES0074	1246	1206	156	152
pair	parakeet-tdt-0.6b-v2+whisper-distil-v3.5	RES0061	1783	1701	267	244
pair	parakeet-tdt-0.6b-v2+whisper-distil-v3.5	RES0073	1340	1303	174	162
pair	parakeet-tdt-0.6b-v2+whisper-distil-v3.5	RES0083	990	962	135	124
pair	parakeet-tdt-0.6b-v2+whisper-distil-v3.5	RES0080	1225	1179	170	152
pair	parakeet-tdt-0.6b-v2+whisper-distil-v3.5	RES0077	1649	1585	219	208
pair	parakeet-tdt-0.6b-v2+whisper-distil-v3.5	RES0082	932	891	132	122
pair	parakeet-tdt-0.6b-v2+whisper-distil-v3.5	RES0085	959	923	105	89
pair	parakeet-tdt-0.6b-v2+whisper-distil-v3.5	RES0092	837	800	108	104
pair	parakeet-tdt-0.6b-v2+whisper-distil-v3.5	RES0091	901	869	63	65
pair	parakeet-tdt-0.6b-v2+whisper-distil-v3.5	RES0062	1965	1905	292	279
pair	parakeet-tdt-0.6b-v2+whisper-distil-v3.5	RES0094	793	766	79	71
pair	parakeet-tdt-0.6b-v2+whisper-distil-v3.5	RES0090	1193	1160	87	79
pair	parakeet-tdt-0.6b-v2+whisper-distil-v3.5	RES0086	1523	1463	198	164
pair	parakeet-tdt-0.6b-v2+whisper-distil-v3.5	RES0096	1292	1251	178	173
pair	parakeet-tdt-0.6b-v2+whisper-distil-v3.5	RES0081	1455	1391	178	162
pair	parakeet-tdt-0.6b-v2+whisper-distil-v3.5	RES0088	1373	1336	146	135
pair	parakeet-tdt-0.6b-v2+whisper-distil-v3.5	RES0087	1359	1306	137	123
pair	parakeet-tdt-0.6b-v2+whisper-distil-v3.5	RES0103	1100	1063	124	120
pair	parakeet-tdt-0.6b-v2+whisper-distil-v3.5	RES0084	1562	1516	162	154
pair	parakeet-tdt-0.6b-v2+whisper-distil-v3.5	RES0101	1430	1379	151	139
pair	parakeet-tdt-0.6b-v2+whisper-distil-v3.5	RES0095	1467	1426	195	178
pair	parakeet-tdt-0.6b-v2+whisper-distil-v3.5	RES0099	1554	1505	176	165
pair	parakeet-tdt-0.6b-v2+whisper-distil-v3.5	RES0093	1606	1543	194	176
pair	parakeet-tdt-0.6b-v2+whisper-distil-v3.5	RES0097	1381	1319	174	157
pair	parakeet-tdt-0.6b-v2+whisper-distil-v3.5	RES0098	1474	1422	139	130
pair	parakeet-tdt-0.6b-v2+whisper-distil-v3.5	RES0109	845	817	78	73
pair	parakeet-tdt-0.6b-v2+whisper-distil-v3.5	RES0108	950	918	106	91
pair	parakeet-tdt-0.6b-v2+whisper-distil-v3.5	RES0100	1767	1710	172	155
pair	parakeet-tdt-0.6b-v2+whisper-distil-v3.5	RES0089	1800	1749	193	176
pair	parakeet-tdt-0.6b-v2+whisper-distil-v3.5	RES0112	835	795	81	68
pair	parakeet-tdt-0.6b-v2+whisper-distil-v3.5	RES0106	1307	1251	153	138
pair	parakeet-tdt-0.6b-v2+whisper-distil-v3.5	RES0104	1563	1511	180	163
pair	parakeet-tdt-0.6b-v2+whisper-distil-v3.5	RES0111	965	927	108	93
pair	parakeet-tdt-0.6b-v2+whisper-distil-v3.5	RES0113	1079	1043	129	118
pair	parakeet-tdt-0.6b-v2+whisper-distil-v3.5	RES0105	1738	1663	188	173
pair	parakeet-tdt-0.6b-v2+whisper-distil-v3.5	RES0117	951	920	111	92
pair	parakeet-tdt-0.6b-v2+whisper-distil-v3.5	RES0107	1596	1520	188	176
pair	parakeet-tdt-0.6b-v2+whisper-distil-v3.5	RES0121	962	930	64	57
pair	parakeet-tdt-0.6b-v2+whisper-distil-v3.5	RES0118	947	921	67	63
pair	parakeet-tdt-0.6b-v2+whisper-distil-v3.5	RES0122	1046	1005	73	67
pair	parakeet-tdt-0.6b-v2+whisper-distil-v3.5	RES0119	1359	1302	82	84
pair	parakeet-tdt-0.6b-v2+whisper-distil-v3.5	RES0120	1381	1325	53	41
pair	parakeet-tdt-0.6b-v2+whisper-distil-v3.5	RES0110	1565	1512	164	153
pair	parakeet-tdt-0.6b-v2+whisper-distil-v3.5	RES0128	1095	1062	127	113
pair	parakeet-tdt-0.6b-v2+whisper-distil-v3.5	RES0102	2025	1952	191	178
pair	parakeet-tdt-0.6b-v2+whisper-distil-v3.5	RES0116	1588	1533	165	147
pair	parakeet-tdt-0.6b-v2+whisper-distil-v3.5	RES0114	1673	1606	175	158
pair	parakeet-tdt-0.6b-v2+whisper-distil-v3.5	RES0125	1638	1576	109	94
pair	parakeet-tdt-0.6b-v2+whisper-distil-v3.5	RES0129	1078	1040	129	120
pair	parakeet-tdt-0.6b-v2+whisper-distil-v3.5	RES0124	1729	1675	111	98
pair	parakeet-tdt-0.6b-v2+whisper-distil-v3.5	RES0132	1309	1276	76	65
pair	parakeet-tdt-0.6b-v2+whisper-distil-v3.5	RES0127	1461	1418	141	142
pair	parakeet-tdt-0.6b-v2+whisper-distil-v3.5	RES0123	1716	1647	143	131
pair	parakeet-tdt-0.6b-v2+whisper-distil-v3.5	RES0131	1231	1176	118	101
pair	parakeet-tdt-0.6b-v2+whisper-distil-v3.5	RES0126	1858	1784	218	211
pair	parakeet-tdt-0.6b-v2+whisper-distil-v3.5	RES0130	1329	1282	107	95
pair	parakeet-tdt-0.6b-v2+whisper-distil-v3.5	RES0136	1243	1211	101	87
pair	parakeet-tdt-0.6b-v2+whisper-distil-v3.5	RES0138	1148	1118	103	95
pair	parakeet-tdt-0.6b-v2+whisper-distil-v3.5	RES0139	1131	1093	132	115
pair	parakeet-tdt-0.6b-v2+whisper-distil-v3.5	RES0133	1264	1222	113	96
pair	parakeet-tdt-0.6b-v2+whisper-distil-v3.5	RES0142	778	758	72	59
pair	parakeet-tdt-0.6b-v2+whisper-distil-v3.5	RES0135	1224	1191	95	86
pair	parakeet-tdt-0.6b-v2+whisper-distil-v3.5	RES0140	907	877	90	74
pair	parakeet-tdt-0.6b-v2+whisper-distil-v3.5	RES0146	898	870	108	107
pair	parakeet-tdt-0.6b-v2+whisper-distil-v3.5	RES0141	987	949	86	78
pair	parakeet-tdt-0.6b-v2+whisper-distil-v3.5	RES0143	1119	1080	112	98
pair	parakeet-tdt-0.6b-v2+whisper-distil-v3.5	RES0137	1274	1216	122	110
pair	parakeet-tdt-0.6b-v2+whisper-distil-v3.5	RES0144	1153	1119	164	153
pair	parakeet-tdt-0.6b-v2+whisper-distil-v3.5	RES0154	943	922	136	128
pair	parakeet-tdt-0.6b-v2+whisper-distil-v3.5	RES0152	1059	1028	112	100
pair	parakeet-tdt-0.6b-v2+whisper-distil-v3.5	RES0134	1679	1630	125	113
pair	parakeet-tdt-0.6b-v2+whisper-distil-v3.5	RES0153	1103	1063	127	127
pair	parakeet-tdt-0.6b-v2+whisper-distil-v3.5	RES0145	1326	1277	154	147
pair	parakeet-tdt-0.6b-v2+whisper-distil-v3.5	RES0148	1136	1101	151	146
pair	parakeet-tdt-0.6b-v2+whisper-distil-v3.5	RES0150	1147	1099	137	123
pair	parakeet-tdt-0.6b-v2+whisper-distil-v3.5	RES0147	1274	1234	176	155
pair	parakeet-tdt-0.6b-v2+whisper-distil-v3.5	RES0149	1270	1231	119	112
pair	parakeet-tdt-0.6b-v2+whisper-distil-v3.5	RES0151	1157	1125	118	110
pair	parakeet-tdt-0.6b-v2+whisper-distil-v3.5	RES0161	1034	993	156	144
pair	parakeet-tdt-0.6b-v2+whisper-distil-v3.5	RES0160	1135	1093	146	123
pair	parakeet-tdt-0.6b-v2+whisper-distil-v3.5	RES0159	1104	1060	94	90
pair	parakeet-tdt-0.6b-v2+whisper-distil-v3.5	RES0156	1016	983	125	107
pair	parakeet-tdt-0.6b-v2+whisper-distil-v3.5	RES0158	1079	1034	125	121
pair	parakeet-tdt-0.6b-v2+whisper-distil-v3.5	RES0162	1235	1183	141	129
pair	parakeet-tdt-0.6b-v2+whisper-distil-v3.5	RES0155	1439	1380	219	198
pair	parakeet-tdt-0.6b-v2+whisper-distil-v3.5	RES0165	909	881	140	134
pair	parakeet-tdt-0.6b-v2+whisper-distil-v3.5	RES0169	946	906	126	119
pair	parakeet-tdt-0.6b-v2+whisper-distil-v3.5	RES0168	1329	1271	196	188
pair	parakeet-tdt-0.6b-v2+whisper-distil-v3.5	RES0163	1200	1155	138	127
pair	parakeet-tdt-0.6b-v2+whisper-distil-v3.5	RES0167	1181	1132	140	130
pair	parakeet-tdt-0.6b-v2+whisper-distil-v3.5	RES0170	1351	1300	174	159
pair	parakeet-tdt-0.6b-v2+whisper-distil-v3.5	RES0166	1155	1117	168	153
pair	parakeet-tdt-0.6b-v2+whisper-distil-v3.5	RES0164	1248	1197	210	179
pair	parakeet-tdt-0.6b-v2+whisper-distil-v3.5	RES0173	1262	1210	174	159
pair	parakeet-tdt-0.6b-v2+whisper-distil-v3.5	RES0172	1195	1148	148	145
pair	parakeet-tdt-0.6b-v2+whisper-distil-v3.5	RES0171	1368	1306	145	134
pair	parakeet-tdt-0.6b-v2+whisper-distil-v3.5	RES0175	1017	979	112	97
pair	parakeet-tdt-0.6b-v2+whisper-distil-v3.5	RES0176	1305	1269	157	152
pair	parakeet-tdt-0.6b-v2+whisper-distil-v3.5	RES0180	1065	1020	135	124
pair	parakeet-tdt-0.6b-v2+whisper-distil-v3.5	RES0177	1193	1151	139	130
pair	parakeet-tdt-0.6b-v2+whisper-distil-v3.5	RES0182	945	919	115	112
pair	parakeet-tdt-0.6b-v2+whisper-distil-v3.5	RES0178	1125	1082	163	151
pair	parakeet-tdt-0.6b-v2+whisper-distil-v3.5	RES0188	957	932	120	109
pair	parakeet-tdt-0.6b-v2+whisper-distil-v3.5	RES0183	1217	1178	147	142
pair	parakeet-tdt-0.6b-v2+whisper-distil-v3.5	RES0184	970	946	123	114
pair	parakeet-tdt-0.6b-v2+whisper-distil-v3.5	RES0181	1184	1154	167	155
pair	parakeet-tdt-0.6b-v2+whisper-distil-v3.5	RES0179	1291	1254	162	147
pair	parakeet-tdt-0.6b-v2+whisper-distil-v3.5	RES0185	1075	1026	134	127
pair	parakeet-tdt-0.6b-v2+whisper-distil-v3.5	RES0187	1303	1275	154	142
pair	parakeet-tdt-0.6b-v2+whisper-distil-v3.5	RES0186	1069	1020	126	120
pair	parakeet-tdt-0.6b-v2+whisper-distil-v3.5	RES0198	857	833	78	78
pair	parakeet-tdt-0.6b-v2+whisper-distil-v3.5	RES0174	1549	1484	177	169
pair	parakeet-tdt-0.6b-v2+whisper-distil-v3.5	RES0189	1439	1397	160	152
pair	parakeet-tdt-0.6b-v2+whisper-distil-v3.5	RES0191	927	905	99	97
pair	parakeet-tdt-0.6b-v2+whisper-distil-v3.5	RES0196	943	910	116	113
pair	parakeet-tdt-0.6b-v2+whisper-distil-v3.5	RES0192	1280	1243	144	143
pair	parakeet-tdt-0.6b-v2+whisper-distil-v3.5	RES0197	966	943	123	117
pair	parakeet-tdt-0.6b-v2+whisper-distil-v3.5	RES0193	1431	1382	233	207
pair	parakeet-tdt-0.6b-v2+whisper-distil-v3.5	RES0190	1290	1263	128	123
pair	parakeet-tdt-0.6b-v2+whisper-distil-v3.5	RES0199	1152	1118	137	133
pair	parakeet-tdt-0.6b-v2+whisper-distil-v3.5	RES0204	995	959	111	101
pair	parakeet-tdt-0.6b-v2+whisper-distil-v3.5	RES0207	818	789	115	110
pair	parakeet-tdt-0.6b-v2+whisper-distil-v3.5	RES0205	1049	1009	109	105
pair	parakeet-tdt-0.6b-v2+whisper-distil-v3.5	RES0203	920	895	121	117
pair	parakeet-tdt-0.6b-v2+whisper-distil-v3.5	RES0200	1351	1316	197	187
pair	parakeet-tdt-0.6b-v2+whisper-distil-v3.5	RES0194	1395	1339	171	156
pair	parakeet-tdt-0.6b-v2+whisper-distil-v3.5	RES0201	1059	1024	161	147
pair	parakeet-tdt-0.6b-v2+whisper-distil-v3.5	RES0195	1335	1297	138	137
pair	parakeet-tdt-0.6b-v2+whisper-distil-v3.5	RES0202	1522	1472	203	201
pair	parakeet-tdt-0.6b-v2+whisper-distil-v3.5	RES0209	1108	1062	141	129
pair	parakeet-tdt-0.6b-v2+whisper-distil-v3.5	RES0214	1123	1093	117	111
pair	parakeet-tdt-0.6b-v2+whisper-distil-v3.5	RES0212	1304	1238	103	96
pair	parakeet-tdt-0.6b-v2+whisper-distil-v3.5	RES0208	1322	1254	176	162
pair	parakeet-tdt-0.6b-v2+whisper-distil-v3.5	RES0206	1354	1309	189	181
pair	whisper-distil-v3.5+sensevoice	CAR0001	1053	1027	100	101
pair	parakeet-tdt-0.6b-v2+whisper-distil-v3.5	RES0211	1415	1355	193	182
pair	parakeet-tdt-0.6b-v2+whisper-distil-v3.5	RES0210	1139	1119	138	135
pair	whisper-distil-v3.5+sensevoice	CAR0004	920	896	97	102
pair	whisper-distil-v3.5+sensevoice	GAS0001	1033	984	148	136
pair	parakeet-tdt-0.6b-v2+whisper-distil-v3.5	RES0213	1485	1383	128	109
pair	whisper-distil-v3.5+sensevoice	CAR0002	1067	1043	110	106
pair	whisper-distil-v3.5+sensevoice	CAR0003	1281	1259	114	113
pair	whisper-distil-v3.5+sensevoice	GAS0002	1140	1103	95	89
pair	parakeet-tdt-0.6b-v2+whisper-distil-v3.5	RES0215	1386	1329	122	113
pair	parakeet-tdt-0.6b-v2+whisper-distil-v3.5	RES0217	1486	1424	117	102
pair	whisper-distil-v3.5+sensevoice	GAS0004	1180	1127	134	128
pair	whisper-distil-v3.5+sensevoice	GAS0003	1093	1036	124	110
pair	parakeet-tdt-0.6b-v2+whisper-distil-v3.5	RES0216	1604	1531	112	99
pair	whisper-distil-v3.5+sensevoice	MSK0001	983	960	118	110
pair	whisper-distil-v3.5+sensevoice	CAR0005	1292	1228	107	99
pair	whisper-distil-v3.5+sensevoice	GAS0007	903	884	115	118
pair	whisper-distil-v3.5+sensevoice	GEN0001	1132	1093	88	80
pair	whisper-distil-v3.5+sensevoice	GAS0005	1599	1541	160	156
pair	whisper-distil-v3.5+sensevoice	DER0001	1554	1485	197	187
pair	whisper-distil-v3.5+sensevoice	MSK0004	1125	1096	115	109
pair	whisper-distil-v3.5+sensevoice	MSK0009	1572	1520	181	175
pair	whisper-distil-v3.5+sensevoice	MSK0003	1866	1810	178	166
pair	whisper-distil-v3.5+sensevoice	MSK0006	1781	1720	173	168
pair	whisper-distil-v3.5+sensevoice	MSK0007	1358	1333	134	131
pair	whisper-distil-v3.5+sensevoice	MSK0005	1513	1462	144	140
pair	whisper-distil-v3.5+sensevoice	MSK0008	1417	1391	171	171
pair	whisper-distil-v3.5+sensevoice	MSK0010	1505	1473	126	123
pair	whisper-distil-v3.5+sensevoice	MSK0011	1535	1501	167	165
pair	whisper-distil-v3.5+sensevoice	MSK0013	1610	1562	144	139
pair	whisper-distil-v3.5+sensevoice	MSK0018	976	940	76	68
pair	whisper-distil-v3.5+sensevoice	MSK0014	1575	1529	153	143
pair	whisper-distil-v3.5+sensevoice	MSK0012	1652	1600	145	136
pair	whisper-distil-v3.5+sensevoice	MSK0024	1193	1162	96	93
pair	whisper-distil-v3.5+sensevoice	MSK0015	1622	1576	173	172
pair	whisper-distil-v3.5+sensevoice	MSK0019	1337	1298	85	76
pair	whisper-distil-v3.5+sensevoice	MSK0017	1735	1681	154	146
pair	whisper-distil-v3.5+sensevoice	MSK0023	1229	1181	119	110
pair	whisper-distil-v3.5+sensevoice	MSK0016	2064	1999	178	166
pair	whisper-distil-v3.5+sensevoice	MSK0026	1365	1338	139	137
pair	whisper-distil-v3.5+sensevoice	MSK0032	1198	1154	66	53
pair	whisper-distil-v3.5+sensevoice	MSK0020	1683	1636	173	167
pair	whisper-distil-v3.5+sensevoice	MSK0021	1745	1691	214	200
pair	whisper-distil-v3.5+sensevoice	MSK0025	1580	1511	120	117
pair	whisper-distil-v3.5+sensevoice	MSK0031	1299	1247	121	116
pair	whisper-distil-v3.5+sensevoice	MSK0027	1377	1331	157	152
pair	whisper-distil-v3.5+sensevoice	MSK0028	1836	1785	169	158
pair	whisper-distil-v3.5+sensevoice	MSK0034	1448	1417	149	137
pair	whisper-distil-v3.5+sensevoice	MSK0022	2164	2091	198	193
pair	whisper-distil-v3.5+sensevoice	MSK0035	1596	1549	170	172
pair	whisper-distil-v3.5+sensevoice	MSK0033	1687	1621	167	148
pair	whisper-distil-v3.5+sensevoice	MSK0036	1757	1714	166	162
pair	whisper-distil-v3.5+sensevoice	MSK0039	1404	1367	118	111
pair	whisper-distil-v3.5+sensevoice	MSK0037	1682	1620	176	165
pair	whisper-distil-v3.5+sensevoice	MSK0029	2268	2186	241	237
pair	whisper-distil-v3.5+sensevoice	MSK0040	1488	1446	135	126
pair	whisper-distil-v3.5+sensevoice	MSK0045	1394	1354	135	115
pair	whisper-distil-v3.5+sensevoice	MSK0044	1177	1132	97	89
pair	whisper-distil-v3.5+sensevoice	MSK0042	1522	1471	112	99
pair	whisper-distil-v3.5+sensevoice	MSK0041	1583	1543	154	152
pair	whisper-distil-v3.5+sensevoice	MSK0049	1372	1333	132	128
pair	whisper-distil-v3.5+sensevoice	RES0002	1162	1144	334	324
pair	whisper-distil-v3.5+sensevoice	MSK0046	1225	1188	121	119
pair	whisper-distil-v3.5+sensevoice	MSK0038	1895	1828	170	156
pair	whisper-distil-v3.5+sensevoice	RES0008	1171	1129	126	120
pair	whisper-distil-v3.5+sensevoice	RES0001	1526	1469	185	178
pair	whisper-distil-v3.5+sensevoice	MSK0043	1772	1694	148	122
pair	whisper-distil-v3.5+sensevoice	MSK0050	1285	1257	111	109
pair	whisper-distil-v3.5+sensevoice	RES0003	1261	1213	108	105
pair	whisper-distil-v3.5+sensevoice	RES0010	1070	1018	137	135
pair	whisper-distil-v3.5+sensevoice	RES0006	1240	1207	136	142
pair	whisper-distil-v3.5+sensevoice	RES0009	1446	1372	143	133
pair	whisper-distil-v3.5+sensevoice	RES0004	1723	1650	214	194
pair	whisper-distil-v3.5+sensevoice	RES0011	1647	1573	175	159
pair	whisper-distil-v3.5+sensevoice	RES0007	1874	1811	177	163
pair	whisper-distil-v3.5+sensevoice	RES0013	1400	1325	143	133
pair	whisper-distil-v3.5+sensevoice	RES0015	1607	1551	142	138
pair	whisper-distil-v3.5+sensevoice	RES0005	1645	1578	143	143
pair	whisper-distil-v3.5+sensevoice	RES0014	1429	1383	146	135
pair	whisper-distil-v3.5+sensevoice	RES0016	1327	1287	116	112
pair	whisper-distil-v3.5+sensevoice	RES0023	1099	1054	167	161
pair	whisper-distil-v3.5+sensevoice	RES0018	1334	1294	132	127
pair	whisper-distil-v3.5+sensevoice	RES0021	1255	1226	160	148
pair	whisper-distil-v3.5+sensevoice	RES0024	1004	969	119	118
pair	whisper-distil-v3.5+sensevoice	RES0012	2168	2058	254	242
pair	whisper-distil-v3.5+sensevoice	RES0019	1334	1300	138	142
pair	whisper-distil-v3.5+sensevoice	RES0029	811	787	74	76
pair	whisper-distil-v3.5+sensevoice	RES0028	1156	1130	120	113
pair	whisper-distil-v3.5+sensevoice	RES0020	1413	1386	147	138
pair	whisper-distil-v3.5+sensevoice	RES0030	1184	1158	125	115
pair	whisper-distil-v3.5+sensevoice	RES0017	1751	1698	171	160
pair	whisper-distil-v3.5+sensevoice	RES0025	1393	1342	183	167
pair	whisper-distil-v3.5+sensevoice	RES0035	958	944	82	79
pair	whisper-distil-v3.5+sensevoice	RES0032	1212	1169	101	99
pair	whisper-distil-v3.5+sensevoice	RES0027	1366	1323	147	142
pair	whisper-distil-v3.5+sensevoice	RES0022	1999	1927	212	198
pair	whisper-distil-v3.5+sensevoice	RES0031	1343	1297	105	105
pair	whisper-distil-v3.5+sensevoice	RES0036	1423	1368	135	133
pair	whisper-distil-v3.5+sensevoice	RES0026	1544	1504	161	146
pair	whisper-distil-v3.5+sensevoice	RES0042	1264	1222	173	154
pair	whisper-distil-v3.5+sensevoice	RES0033	1372	1306	125	124
pair	whisper-distil-v3.5+sensevoice	RES0034	1685	1627	140	141
pair	whisper-distil-v3.5+sensevoice	RES0045	1204	1158	97	83
pair	whisper-distil-v3.5+sensevoice	RES0038	1554	1504	164	137
pair	whisper-distil-v3.5+sensevoice	RES0037	1453	1413	150	138
pair	whisper-distil-v3.5+sensevoice	RES0052	828	809	151	144
pair	whisper-distil-v3.5+sensevoice	RES0051	997	970	139	129
pair	whisper-distil-v3.5+sensevoice	RES0043	1503	1451	194	186
pair	whisper-distil-v3.5+sensevoice	RES0050	1109	1084	105	101
pair	whisper-distil-v3.5+sensevoice	RES0047	1628	1575	183	163
pair	whisper-distil-v3.5+sensevoice	RES0049	1622	1555	168	155
pair	whisper-distil-v3.5+sensevoice	RES0056	1174	1140	183	175
pair	whisper-distil-v3.5+sensevoice	RES0039	1672	1635	166	151
pair	whisper-distil-v3.5+sensevoice	RES0055	1375	1328	254	248
pair	whisper-distil-v3.5+sensevoice	RES0046	1588	1532	148	133
pair	whisper-distil-v3.5+sensevoice	RES0044	1859	1776	154	134
pair	whisper-distil-v3.5+sensevoice	RES0057	1245	1194	228	226
pair	whisper-distil-v3.5+sensevoice	RES0048	1809	1726	169	155
pair	whisper-distil-v3.5+sensevoice	RES0059	1358	1327	197	186
pair	whisper-distil-v3.5+sensevoice	RES0060	1683	1616	274	266
pair	whisper-distil-v3.5+sensevoice	RES0064	1078	1046	129	125
pair	whisper-distil-v3.5+sensevoice	RES0063	1439	1384	184	179
pair	whisper-distil-v3.5+sensevoice	RES0058	1514	1462	250	241
pair	whisper-distil-v3.5+sensevoice	RES0061	1783	1701	239	221
pair	whisper-distil-v3.5+sensevoice	RES0065	1089	1064	156	145
pair	whisper-distil-v3.5+sensevoice	RES0067	946	912	129	122
pair	whisper-distil-v3.5+sensevoice	RES0053	1982	1906	381	353
pair	whisper-distil-v3.5+sensevoice	RES0066	1192	1160	154	144
pair	whisper-distil-v3.5+sensevoice	RES0069	1026	994	121	112
pair	whisper-distil-v3.5+sensevoice	RES0070	976	946	140	135
pair	whisper-distil-v3.5+sensevoice	RES0068	1213	1168	166	156
pair	whisper-distil-v3.5+sensevoice	RES0071	1301	1261	172	157
pair	whisper-distil-v3.5+sensevoice	RES0079	841	815	136	123
pair	whisper-distil-v3.5+sensevoice	RES0075	1112	1070	132	125
pair	whisper-distil-v3.5+sensevoice	RES0072	1182	1150	192	180
pair	whisper-distil-v3.5+sensevoice	RES0073	1340	1303	165	153
pair	whisper-distil-v3.5+sensevoice	RES0074	1246	1206	155	150
pair	whisper-distil-v3.5+sensevoice	RES0078	1140	1092	159	158
pair	whisper-distil-v3.5+sensevoice	RES0076	1569	1513	187	187
pair	whisper-distil-v3.5+sensevoice	RES0080	1225	1179	179	157
pair	whisper-distil-v3.5+sensevoice	RES0083	990	962	137	124
pair	whisper-distil-v3.5+sensevoice	RES0081	1455	1391	182	169
pair	whisper-distil-v3.5+sensevoice	RES0085	959	923	116	98
pair	whisper-distil-v3.5+sensevoice	RES0062	1965	1905	285	273
pair	whisper-distil-v3.5+sensevoice	RES0082	932	891	137	129
pair	whisper-distil-v3.5+sensevoice	RES0054	2491	2446	760	696
pair	whisper-distil-v3.5+sensevoice	RES0092	837	800	104	100
pair	whisper-distil-v3.5+sensevoice	RES0077	1649	1585	224	215
pair	whisper-distil-v3.5+sensevoice	RES0091	901	869	59	61
pair	whisper-distil-v3.5+sensevoice	RES0094	793	766	86	78
pair	whisper-distil-v3.5+sensevoice	RES0090	1193	1160	86	81
pair	whisper-distil-v3.5+sensevoice	RES0088	1373	1336	160	146
pair	whisper-distil-v3.5+sensevoice	RES0096	1292	1251	155	151
pair	whisper-distil-v3.5+sensevoice	RES0087	1359	1306	147	132
pair	whisper-distil-v3.5+sensevoice	RES0098	1474	1422	135	125
pair	whisper-distil-v3.5+sensevoice	RES0086	1523	1463	216	180
pair	whisper-distil-v3.5+sensevoice	RES0084	1562	1516	167	158
pair	whisper-distil-v3.5+sensevoice	RES0101	1430	1379	154	142
pair	whisper-distil-v3.5+sensevoice	RES0097	1381	1319	191	172
pair	whisper-distil-v3.5+sensevoice	RES0093	1606	1543	204	185
pair	whisper-distil-v3.5+sensevoice	RES0095	1467	1426	188	170
pair	whisper-distil-v3.5+sensevoice	RES0103	1100	1063	117	113
pair	whisper-distil-v3.5+sensevoice	RES0100	1767	1710	158	138
pair	whisper-distil-v3.5+sensevoice	RES0109	845	817	78	72
pair	whisper-distil-v3.5+sensevoice	RES0089	1800	1749	189	174
pair	whisper-distil-v3.5+sensevoice	RES0108	950	918	92	79
pair	whisper-distil-v3.5+sensevoice	RES0099	1554	1505	169	160
pair	whisper-distil-v3.5+sensevoice	RES0112	835	795	77	66
pair	whisper-distil-v3.5+sensevoice	RES0104	1563	1511	158	144
pair	whisper-distil-v3.5+sensevoice	RES0106	1307	1251	149	136
pair	whisper-distil-v3.5+sensevoice	RES0111	965	927	105	93
pair	whisper-distil-v3.5+sensevoice	RES0118	947	921	64	62
pair	whisper-distil-v3.5+sensevoice	RES0113	1079	1043	105	94
pair	whisper-distil-v3.5+sensevoice	RES0107	1596	1520	165	157
pair	whisper-distil-v3.5+sensevoice	RES0110	1565	1512	134	119
pair	whisper-distil-v3.5+sensevoice	RES0117	951	920	101	81
pair	whisper-distil-v3.5+sensevoice	RES0119	1359	1302	93	92
pair	whisper-distil-v3.5+sensevoice	RES0122	1046	1005	72	67
pair	whisper-distil-v3.5+sensevoice	RES0102	2025	1952	180	166
pair	whisper-distil-v3.5+sensevoice	RES0121	962	930	68	60
pair	whisper-distil-v3.5+sensevoice	RES0105	1738	1663	183	170
pair	whisper-distil-v3.5+sensevoice	RES0129	1078	1040	113	103
pair	whisper-distil-v3.5+sensevoice	RES0128	1095	1062	130	117
pair	whisper-distil-v3.5+sensevoice	RES0120	1381	1325	65	49
pair	whisper-distil-v3.5+sensevoice	RES0114	1673	1606	178	159
pair	whisper-distil-v3.5+sensevoice	RES0116	1588	1533	147	130
pair	whisper-distil-v3.5+sensevoice	RES0125	1638	1576	102	86
pair	whisper-distil-v3.5+sensevoice	RES0131	1231	1176	86	73
pair	whisper-distil-v3.5+sensevoice	RES0127	1461	1418	160	160
pair	whisper-distil-v3.5+sensevoice	RES0130	1329	1282	91	79
pair	whisper-distil-v3.5+sensevoice	RES0124	1729	1675	118	106
pair	whisper-distil-v3.5+sensevoice	RES0138	1148	1118	103	96
pair	whisper-distil-v3.5+sensevoice	RES0133	1264	1222	112	100
pair	whisper-distil-v3.5+sensevoice	RES0137	1274	1216	109	97
pair	whisper-distil-v3.5+sensevoice	RES0139	1131	1093	122	105
pair	whisper-distil-v3.5+sensevoice	RES0123	1716	1647	144	133
pair	whisper-distil-v3.5+sensevoice	RES0132	1309	1276	86	76
pair	whisper-distil-v3.5+sensevoice	RES0142	778	758	86	73
pair	whisper-distil-v3.5+sensevoice	RES0135	1224	1191	97	87
pair	whisper-distil-v3.5+sensevoice	RES0140	907	877	101	85
pair	whisper-distil-v3.5+sensevoice	RES0136	1243	1211	94	80
pair	whisper-distil-v3.5+sensevoice	RES0143	1119	1080	102	88
pair	whisper-distil-v3.5+sensevoice	RES0126	1858	1784	228	223
pair	whisper-distil-v3.5+sensevoice	RES0144	1153	1119	152	141
pair	whisper-distil-v3.5+sensevoice	RES0141	987	949	98	89
pair	whisper-distil-v3.5+sensevoice	RES0146	898	870	108	107
pair	whisper-distil-v3.5+sensevoice	RES0148	1136	1101	157	147
pair	whisper-distil-v3.5+sensevoice	RES0145	1326	1277	171	162
pair	whisper-distil-v3.5+sensevoice	RES0154	943	922	118	111
pair	whisper-distil-v3.5+sensevoice	RES0152	1059	1028	116	105
pair	whisper-distil-v3.5+sensevoice	RES0158	1079	1034	105	103
pair	whisper-distil-v3.5+sensevoice	RES0134	1679	1630	106	93
pair	whisper-distil-v3.5+sensevoice	RES0159	1104	1060	103	97
pair	whisper-distil-v3.5+sensevoice	RES0147	1274	1234	173	153
pair	whisper-distil-v3.5+sensevoice	RES0153	1103	1063	122	119
pair	whisper-distil-v3.5+sensevoice	RES0150	1147	1099	156	142
pair	whisper-distil-v3.5+sensevoice	RES0149	1270	1231	125	118
pair	whisper-distil-v3.5+sensevoice	RES0156	1016	983	129	109
pair	whisper-distil-v3.5+sensevoice	RES0151	1157	1125	118	109
pair	whisper-distil-v3.5+sensevoice	RES0161	1034	993	135	122
pair	whisper-distil-v3.5+sensevoice	RES0160	1135	1093	145	124
pair	whisper-distil-v3.5+sensevoice	RES0162	1235	1183	151	137
pair	whisper-distil-v3.5+sensevoice	RES0165	909	881	124	119
pair	whisper-distil-v3.5+sensevoice	RES0164	1248	1197	210	184
pair	whisper-distil-v3.5+sensevoice	RES0169	946	906	130	124
pair	whisper-distil-v3.5+sensevoice	RES0155	1439	1380	178	158
pair	whisper-distil-v3.5+sensevoice	RES0172	1195	1148	150	147
pair	whisper-distil-v3.5+sensevoice	RES0171	1368	1306	137	129
pair	whisper-distil-v3.5+sensevoice	RES0163	1200	1155	148	137
pair	whisper-distil-v3.5+sensevoice	RES0167	1181	1132	130	120
pair	whisper-distil-v3.5+sensevoice	RES0166	1155	1117	150	138
pair	whisper-distil-v3.5+sensevoice	RES0175	1017	979	118	101
pair	whisper-distil-v3.5+sensevoice	RES0168	1329	1271	138	134
pair	whisper-distil-v3.5+sensevoice	RES0178	1125	1082	148	142
pair	whisper-distil-v3.5+sensevoice	RES0170	1351	1300	167	155
pair	whisper-distil-v3.5+sensevoice	RES0177	1193	1151	135	125
pair	whisper-distil-v3.5+sensevoice	RES0173	1262	1210	181	163
pair	whisper-distil-v3.5+sensevoice	RES0179	1291	1254	159	146
pair	whisper-distil-v3.5+sensevoice	RES0182	945	919	122	117
pair	whisper-distil-v3.5+sensevoice	RES0180	1065	1020	132	121
pair	whisper-distil-v3.5+sensevoice	RES0183	1217	1178	151	148
pair	whisper-distil-v3.5+sensevoice	RES0185	1075	1026	130	126
pair	whisper-distil-v3.5+sensevoice	RES0176	1305	1269	136	132
pair	whisper-distil-v3.5+sensevoice	RES0181	1184	1154	172	160
pair	whisper-distil-v3.5+sensevoice	RES0184	970	946	131	122
pair	whisper-distil-v3.5+sensevoice	RES0186	1069	1020	121	117
pair	whisper-distil-v3.5+sensevoice	RES0188	957	932	116	105
pair	whisper-distil-v3.5+sensevoice	RES0187	1303	1275	161	150
pair	whisper-distil-v3.5+sensevoice	RES0174	1549	1484	185	172
pair	whisper-distil-v3.5+sensevoice	RES0191	927	905	99	96
pair	whisper-distil-v3.5+sensevoice	RES0192	1280	1243	139	137
pair	whisper-distil-v3.5+sensevoice	RES0189	1439	1397	147	140
pair	whisper-distil-v3.5+sensevoice	RES0196	943	910	115	114
pair	whisper-distil-v3.5+sensevoice	RES0193	1431	1382	160	137
pair	whisper-distil-v3.5+sensevoice	RES0198	857	833	72	73
pair	whisper-distil-v3.5+sensevoice	RES0199	1152	1118	132	130
pair	whisper-distil-v3.5+sensevoice	RES0197	966	943	115	110
pair	whisper-distil-v3.5+sensevoice	RES0190	1290	1263	133	126
pair	whisper-distil-v3.5+sensevoice	RES0203	920	895	121	115
pair	whisper-distil-v3.5+sensevoice	RES0207	818	789	102	97
pair	whisper-distil-v3.5+sensevoice	RES0205	1049	1009	114	109
pair	whisper-distil-v3.5+sensevoice	RES0201	1059	1024	148	138
pair	whisper-distil-v3.5+sensevoice	RES0195	1335	1297	138	137
pair	whisper-distil-v3.5+sensevoice	RES0194	1395	1339	164	151
pair	whisper-distil-v3.5+sensevoice	RES0204	995	959	106	99
pair	whisper-distil-v3.5+sensevoice	RES0202	1522	1472	189	189
pair	whisper-distil-v3.5+sensevoice	RES0200	1351	1316	201	193
pair	whisper-distil-v3.5+sensevoice	RES0210	1139	1119	136	135
pair	whisper-distil-v3.5+sensevoice	RES0208	1322	1254	157	142
pair	whisper-distil-v3.5+sensevoice	RES0209	1108	1062	137	129
pair	whisper-distil-v3.5+sensevoice-no-itn	CAR0001	1053	1027	103	104
pair	whisper-distil-v3.5+sensevoice	RES0206	1354	1309	190	186
pair	whisper-distil-v3.5+sensevoice-no-itn	CAR0002	1067	1043	109	105
pair	whisper-distil-v3.5+sensevoice	RES0214	1123	1093	106	104
pair	whisper-distil-v3.5+sensevoice	RES0212	1304	1238	117	110
pair	whisper-distil-v3.5+sensevoice-no-itn	CAR0004	920	896	95	100
pair	whisper-distil-v3.5+sensevoice	RES0211	1415	1355	190	179
pair	whisper-distil-v3.5+sensevoice	RES0217	1486	1424	116	98
pair	whisper-distil-v3.5+sensevoice-no-itn	CAR0003	1281	1259	115	114
pair	whisper-distil-v3.5+sensevoice	RES0213	1485	1383	118	100
pair	whisper-distil-v3.5+sensevoice-no-itn	GAS0001	1033	984	145	134
pair	whisper-distil-v3.5+sensevoice-no-itn	CAR0005	1292	1228	109	102
pair	whisper-distil-v3.5+sensevoice	RES0215	1386	1329	141	130
pair	whisper-distil-v3.5+sensevoice-no-itn	GAS0007	903	884	117	120
pair	whisper-distil-v3.5+sensevoice	RES0216	1604	1531	115	101
pair	whisper-distil-v3.5+sensevoice-no-itn	GAS0003	1093	1036	122	109
pair	whisper-distil-v3.5+sensevoice-no-itn	GEN0001	1132	1093	87	79
pair	whisper-distil-v3.5+sensevoice-no-itn	GAS0002	1140	1103	95	89
pair	whisper-distil-v3.5+sensevoice-no-itn	MSK0001	983	960	115	108
pair	whisper-distil-v3.5+sensevoice-no-itn	GAS0004	1180	1127	133	127
pair	whisper-distil-v3.5+sensevoice-no-itn	MSK0004	1125	1096	115	109
pair	whisper-distil-v3.5+sensevoice-no-itn	DER0001	1554	1485	194	185
pair	whisper-distil-v3.5+sensevoice-no-itn	MSK0003	1866	1810	180	168
pair	whisper-distil-v3.5+sensevoice-no-itn	MSK0009	1572	1520	181	175
pair	whisper-distil-v3.5+sensevoice-no-itn	GAS0005	1599	1541	161	157
pair	whisper-distil-v3.5+sensevoice-no-itn	MSK0005	1513	1462	147	143
pair	whisper-distil-v3.5+sensevoice-no-itn	MSK0007	1358	1333	136	133
pair	whisper-distil-v3.5+sensevoice-no-itn	MSK0006	1781	1720	171	165
pair	whisper-distil-v3.5+sensevoice-no-itn	MSK0008	1417	1391	168	168
pair	whisper-distil-v3.5+sensevoice-no-itn	MSK0010	1505	1473	126	122
pair	whisper-distil-v3.5+sensevoice-no-itn	MSK0013	1610	1562	146	141
pair	whisper-distil-v3.5+sensevoice-no-itn	MSK0011	1535	1501	168	167
pair	whisper-distil-v3.5+sensevoice-no-itn	MSK0014	1575	1529	153	142
pair	whisper-distil-v3.5+sensevoice-no-itn	MSK0018	976	940	73	65
pair	whisper-distil-v3.5+sensevoice-no-itn	MSK0012	1652	1600	141	133
pair	whisper-distil-v3.5+sensevoice-no-itn	MSK0015	1622	1576	173	173
pair	whisper-distil-v3.5+sensevoice-no-itn	MSK0019	1337	1298	87	78
pair	whisper-distil-v3.5+sensevoice-no-itn	MSK0023	1229	1181	118	109
pair	whisper-distil-v3.5+sensevoice-no-itn	MSK0017	1735	1681	155	147
pair	whisper-distil-v3.5+sensevoice-no-itn	MSK0024	1193	1162	94	91
pair	whisper-distil-v3.5+sensevoice-no-itn	MSK0025	1580	1511	117	114
pair	whisper-distil-v3.5+sensevoice-no-itn	MSK0020	1683	1636	173	167
pair	whisper-distil-v3.5+sensevoice-no-itn	MSK0026	1365	1338	138	136
pair	whisper-distil-v3.5+sensevoice-no-itn	MSK0016	2064	1999	176	163
pair	whisper-distil-v3.5+sensevoice-no-itn	MSK0032	1198	1154	66	53
pair	whisper-distil-v3.5+sensevoice-no-itn	MSK0027	1377	1331	155	150
pair	whisper-distil-v3.5+sensevoice-no-itn	MSK0021	1745	1691	215	201
pair	whisper-distil-v3.5+sensevoice-no-itn	MSK0031	1299	1247	122	120
pair	whisper-distil-v3.5+sensevoice-no-itn	MSK0034	1448	1417	150	138
pair	whisper-distil-v3.5+sensevoice-no-itn	MSK0028	1836	1785	169	157
pair	whisper-distil-v3.5+sensevoice-no-itn	MSK0036	1757	1714	163	160
pair	whisper-distil-v3.5+sensevoice-no-itn	MSK0033	1687	1621	164	146
pair	whisper-distil-v3.5+sensevoice-no-itn	MSK0042	1522	1471	112	99
pair	whisper-distil-v3.5+sensevoice-no-itn	MSK0022	2164	2091	199	194
pair	whisper-distil-v3.5+sensevoice-no-itn	MSK0039	1404	1367	119	112
pair	whisper-distil-v3.5+sensevoice-no-itn	MSK0029	2268	2186	238	234
pair	whisper-distil-v3.5+sensevoice-no-itn	MSK0035	1596	1549	169	170
pair	whisper-distil-v3.5+sensevoice-no-itn	MSK0038	1895	1828	167	153
pair	whisper-distil-v3.5+sensevoice-no-itn	MSK0040	1488	1446	138	129
pair	whisper-distil-v3.5+sensevoice-no-itn	MSK0044	1177	1132	94	87
pair	whisper-distil-v3.5+sensevoice-no-itn	MSK0037	1682	1620	174	163
pair	whisper-distil-v3.5+sensevoice-no-itn	MSK0041	1583	1543	154	152
pair	whisper-distil-v3.5+sensevoice-no-itn	MSK0046	1225	1188	118	115
pair	whisper-distil-v3.5+sensevoice-no-itn	MSK0043	1772	1694	154	127
pair	whisper-distil-v3.5+sensevoice-no-itn	RES0002	1162	1144	331	321
pair	whisper-distil-v3.5+sensevoice-no-itn	RES0001	1526	1469	184	177
pair	whisper-distil-v3.5+sensevoice-no-itn	RES0006	1240	1207	136	142
pair	whisper-distil-v3.5+sensevoice-no-itn	MSK0050	1285	1257	110	108
pair	whisper-distil-v3.5+sensevoice-no-itn	RES0003	1261	1213	108	105
pair	whisper-distil-v3.5+sensevoice-no-itn	MSK0045	1394	1354	135	115
pair	whisper-distil-v3.5+sensevoice-no-itn	MSK0049	1372	1333	133	129
pair	whisper-distil-v3.5+sensevoice-no-itn	RES0010	1070	1018	135	131
pair	whisper-distil-v3.5+sensevoice-no-itn	RES0005	1645	1578	139	138
pair	whisper-distil-v3.5+sensevoice-no-itn	RES0008	1171	1129	118	116
pair	whisper-distil-v3.5+sensevoice-no-itn	RES0009	1446	1372	145	135
pair	whisper-distil-v3.5+sensevoice-no-itn	RES0011	1647	1573	170	154
pair	whisper-distil-v3.5+sensevoice-no-itn	RES0004	1723	1650	214	194
pair	whisper-distil-v3.5+sensevoice-no-itn	RES0013	1400	1325	141	131
pair	whisper-distil-v3.5+sensevoice-no-itn	RES0018	1334	1294	132	127
pair	whisper-distil-v3.5+sensevoice-no-itn	RES0016	1327	1287	116	112
pair	whisper-distil-v3.5+sensevoice-no-itn	RES0020	1413	1386	147	138
pair	whisper-distil-v3.5+sensevoice-no-itn	RES0014	1429	1383	145	134
pair	whisper-distil-v3.5+sensevoice-no-itn	RES0021	1255	1226	160	148
pair	whisper-distil-v3.5+sensevoice-no-itn	RES0024	1004	969	119	118
pair	whisper-distil-v3.5+sensevoice-no-itn	RES0007	1874	1811	180	166
pair	whisper-distil-v3.5+sensevoice-no-itn	RES0012	2168	2058	250	239
pair	whisper-distil-v3.5+sensevoice-no-itn	RES0019	1334	1300	138	142
pair	whisper-distil-v3.5+sensevoice-no-itn	RES0015	1607	1551	139	136
pair	whisper-distil-v3.5+sensevoice-no-itn	RES0029	811	787	74	76
pair	whisper-distil-v3.5+sensevoice-no-itn	RES0023	1099	1054	167	161
pair	whisper-distil-v3.5+sensevoice-no-itn	RES0028	1156	1130	123	115
pair	whisper-distil-v3.5+sensevoice-no-itn	RES0026	1544	1504	166	153
pair	whisper-distil-v3.5+sensevoice-no-itn	RES0031	1343	1297	105	105
pair	whisper-distil-v3.5+sensevoice-no-itn	RES0017	1751	1698	169	158
pair	whisper-distil-v3.5+sensevoice-no-itn	RES0035	958	944	81	78
pair	whisper-distil-v3.5+sensevoice-no-itn	RES0025	1393	1342	184	168
pair	whisper-distil-v3.5+sensevoice-no-itn	RES0030	1184	1158	124	116
pair	whisper-distil-v3.5+sensevoice-no-itn	RES0027	1366	1323	148	143
pair	whisper-distil-v3.5+sensevoice-no-itn	RES0032	1212	1169	100	98
pair	whisper-distil-v3.5+sensevoice-no-itn	RES0036	1423	1368	138	134
pair	whisper-distil-v3.5+sensevoice-no-itn	RES0033	1372	1306	123	121
pair	whisper-distil-v3.5+sensevoice-no-itn	RES0034	1685	1627	139	140
pair	whisper-distil-v3.5+sensevoice-no-itn	RES0037	1453	1413	151	139
pair	whisper-distil-v3.5+sensevoice-no-itn	RES0038	1554	1504	161	134
pair	whisper-distil-v3.5+sensevoice-no-itn	RES0022	1999	1927	209	195
pair	whisper-distil-v3.5+sensevoice-no-itn	RES0042	1264	1222	168	149
pair	whisper-distil-v3.5+sensevoice-no-itn	RES0045	1204	1158	95	79
pair	whisper-distil-v3.5+sensevoice-no-itn	RES0050	1109	1084	105	101
pair	whisper-distil-v3.5+sensevoice-no-itn	RES0051	997	970	140	130
pair	whisper-distil-v3.5+sensevoice-no-itn	RES0052	828	809	154	147
pair	whisper-distil-v3.5+sensevoice-no-itn	RES0043	1503	1451	196	187
pair	whisper-distil-v3.5+sensevoice-no-itn	RES0047	1628	1575	183	163
pair	whisper-distil-v3.5+sensevoice-no-itn	RES0049	1622	1555	166	152
pair	whisper-distil-v3.5+sensevoice-no-itn	RES0046	1588	1532	143	129
pair	whisper-distil-v3.5+sensevoice-no-itn	RES0056	1174	1140	184	175
pair	whisper-distil-v3.5+sensevoice-no-itn	RES0039	1672	1635	169	154
pair	whisper-distil-v3.5+sensevoice-no-itn	RES0044	1859	1776	158	136
pair	whisper-distil-v3.5+sensevoice-no-itn	RES0055	1375	1328	261	255
pair	whisper-distil-v3.5+sensevoice-no-itn	RES0059	1358	1327	199	188
pair	whisper-distil-v3.5+sensevoice-no-itn	RES0064	1078	1046	128	124
pair	whisper-distil-v3.5+sensevoice-no-itn	RES0057	1245	1194	229	227
pair	whisper-distil-v3.5+sensevoice-no-itn	RES0048	1809	1726	169	155
pair	whisper-distil-v3.5+sensevoice-no-itn	RES0065	1089	1064	158	148
pair	whisper-distil-v3.5+sensevoice-no-itn	RES0058	1514	1462	247	238
pair	whisper-distil-v3.5+sensevoice-no-itn	RES0067	946	912	132	126
pair	whisper-distil-v3.5+sensevoice-no-itn	RES0066	1192	1160	156	147
pair	whisper-distil-v3.5+sensevoice-no-itn	RES0069	1026	994	122	113
pair	whisper-distil-v3.5+sensevoice-no-itn	RES0070	976	946	139	135
pair	whisper-distil-v3.5+sensevoice-no-itn	RES0063	1439	1384	189	184
pair	whisper-distil-v3.5+sensevoice-no-itn	RES0072	1182	1150	191	179
pair	whisper-distil-v3.5+sensevoice-no-itn	RES0071	1301	1261	180	165
pair	whisper-distil-v3.5+sensevoice-no-itn	RES0068	1213	1168	170	160
pair	whisper-distil-v3.5+sensevoice-no-itn	RES0060	1683	1616	279	272
pair	whisper-distil-v3.5+sensevoice-no-itn	RES0054	2491	2446	766	702
pair	whisper-distil-v3.5+sensevoice-no-itn	RES0073	1340	1303	172	159
pair	whisper-distil-v3.5+sensevoice-no-itn	RES0053	1982	1906	382	354
pair	whisper-distil-v3.5+sensevoice-no-itn	RES0061	1783	1701	244	225
pair	whisper-distil-v3.5+sensevoice-no-itn	RES0079	841	815	136	123
pair	whisper-distil-v3.5+sensevoice-no-itn	RES0078	1140	1092	158	157
pair	whisper-distil-v3.5+sensevoice-no-itn	RES0075	1112	1070	132	125
pair	whisper-distil-v3.5+sensevoice-no-itn	RES0082	932	891	139	131
pair	whisper-distil-v3.5+sensevoice-no-itn	RES0074	1246	1206	158	153
pair	whisper-distil-v3.5+sensevoice-no-itn	RES0062	1965	1905	297	285
pair	whisper-distil-v3.5+sensevoice-no-itn	RES0083	990	962	135	122
pair	whisper-distil-v3.5+sensevoice-no-itn	RES0085	959	923	122	105
pair	whisper-distil-v3.5+sensevoice-no-itn	RES0081	1455	1391	182	170
pair	whisper-distil-v3.5+sensevoice-no-itn	RES0077	1649	1585	228	218
pair	whisper-distil-v3.5+sensevoice-no-itn	RES0080	1225	1179	178	155
pair	whisper-distil-v3.5+sensevoice-no-itn	RES0094	793	766	87	79
pair	whisper-distil-v3.5+sensevoice-no-itn	RES0088	1373	1336	160	146
pair	whisper-distil-v3.5+sensevoice-no-itn	RES0091	901	869	56	58
pair	whisper-distil-v3.5+sensevoice-no-itn	RES0092	837	800	104	102
pair	whisper-distil-v3.5+sensevoice-no-itn	RES0086	1523	1463	217	182
pair	whisper-distil-v3.5+sensevoice-no-itn	RES0076	1569	1513	190	190
pair	whisper-distil-v3.5+sensevoice-no-itn	RES0087	1359	1306	153	138
pair	whisper-distil-v3.5+sensevoice-no-itn	RES0090	1193	1160	86	79
pair	whisper-distil-v3.5+sensevoice-no-itn	RES0096	1292	1251	159	153
pair	whisper-distil-v3.5+sensevoice-no-itn	RES0093	1606	1543	198	179
pair	whisper-distil-v3.5+sensevoice-no-itn	RES0097	1381	1319	192	173
pair	whisper-distil-v3.5+sensevoice-no-itn	RES0084	1562	1516	171	161
pair	whisper-distil-v3.5+sensevoice-no-itn	RES0095	1467	1426	187	169
pair	whisper-distil-v3.5+sensevoice-no-itn	RES0103	1100	1063	116	112
pair	whisper-distil-v3.5+sensevoice-no-itn	RES0100	1767	1710	159	139
pair	whisper-distil-v3.5+sensevoice-no-itn	RES0089	1800	1749	187	172
pair	whisper-distil-v3.5+sensevoice-no-itn	RES0106	1307	1251	148	135
pair	whisper-distil-v3.5+sensevoice-no-itn	RES0101	1430	1379	151	139
pair	whisper-distil-v3.5+sensevoice-no-itn	RES0098	1474	1422	135	125
pair	whisper-distil-v3.5+sensevoice-no-itn	RES0104	1563	1511	158	144
pair	whisper-distil-v3.5+sensevoice-no-itn	RES0108	950	918	95	82
pair	whisper-distil-v3.5+sensevoice-no-itn	RES0099	1554	1505	170	161
pair	whisper-distil-v3.5+sensevoice-no-itn	RES0112	835	795	78	66
pair	whisper-distil-v3.5+sensevoice-no-itn	RES0109	845	817	80	74
pair	whisper-distil-v3.5+sensevoice-no-itn	RES0105	1738	1663	188	175
pair	whisper-distil-v3.5+sensevoice-no-itn	RES0111	965	927	102	90
pair	whisper-distil-v3.5+sensevoice-no-itn	RES0121	962	930	69	61
pair	whisper-distil-v3.5+sensevoice-no-itn	RES0113	1079	1043	104	96
pair	whisper-distil-v3.5+sensevoice-no-itn	RES0117	951	920	101	81
pair	whisper-distil-v3.5+sensevoice-no-itn	RES0118	947	921	64	62
pair	whisper-distil-v3.5+sensevoice-no-itn	RES0110	1565	1512	135	120
pair	whisper-distil-v3.5+sensevoice-no-itn	RES0107	1596	1520	170	161
pair	whisper-distil-v3.5+sensevoice-no-itn	RES0119	1359	1302	93	93
pair	whisper-distil-v3.5+sensevoice-no-itn	RES0116	1588	1533	148	131
pair	whisper-distil-v3.5+sensevoice-no-itn	RES0122	1046	1005	73	68
pair	whisper-distil-v3.5+sensevoice-no-itn	RES0129	1078	1040	114	104
pair	whisper-distil-v3.5+sensevoice-no-itn	RES0120	1381	1325	63	48
pair	whisper-distil-v3.5+sensevoice-no-itn	RES0102	2025	1952	176	165
pair	whisper-distil-v3.5+sensevoice-no-itn	RES0128	1095	1062	131	118
pair	whisper-distil-v3.5+sensevoice-no-itn	RES0114	1673	1606	178	160
pair	whisper-distil-v3.5+sensevoice-no-itn	RES0130	1329	1282	92	82
pair	whisper-distil-v3.5+sensevoice-no-itn	RES0127	1461	1418	159	160
pair	whisper-distil-v3.5+sensevoice-no-itn	RES0123	1716	1647	138	130
pair	whisper-distil-v3.5+sensevoice-no-itn	RES0132	1309	1276	86	76
pair	whisper-distil-v3.5+sensevoice-no-itn	RES0131	1231	1176	88	75
pair	whisper-distil-v3.5+sensevoice-no-itn	RES0139	1131	1093	120	104
pair	whisper-distil-v3.5+sensevoice-no-itn	RES0136	1243	1211	93	80
pair	whisper-distil-v3.5+sensevoice-no-itn	RES0125	1638	1576	101	87
pair	whisper-distil-v3.5+sensevoice-no-itn	RES0137	1274	1216	111	97
pair	whisper-distil-v3.5+sensevoice-no-itn	RES0140	907	877	101	85
pair	whisper-distil-v3.5+sensevoice-no-itn	RES0133	1264	1222	114	100
pair	whisper-distil-v3.5+sensevoice-no-itn	RES0138	1148	1118	102	95
pair	whisper-distil-v3.5+sensevoice-no-itn	RES0142	778	758	85	72
pair	whisper-distil-v3.5+sensevoice-no-itn	RES0124	1729	1675	118	106
pair	whisper-distil-v3.5+sensevoice-no-itn	RES0135	1224	1191	95	84
pair	whisper-distil-v3.5+sensevoice-no-itn	RES0146	898	870	107	106
pair	whisper-distil-v3.5+sensevoice-no-itn	RES0141	987	949	101	91
pair	whisper-distil-v3.5+sensevoice-no-itn	RES0143	1119	1080	103	89
pair	whisper-distil-v3.5+sensevoice-no-itn	RES0126	1858	1784	228	223
pair	whisper-distil-v3.5+sensevoice-no-itn	RES0145	1326	1277	172	163
pair	whisper-distil-v3.5+sensevoice-no-itn	RES0149	1270	1231	122	115
pair	whisper-distil-v3.5+sensevoice-no-itn	RES0152	1059	1028	117	106
pair	whisper-distil-v3.5+sensevoice-no-itn	RES0154	943	922	115	108
pair	whisper-distil-v3.5+sensevoice-no-itn	RES0144	1153	1119	148	139
pair	whisper-distil-v3.5+sensevoice-no-itn	RES0148	1136	1101	153	144
pair	whisper-distil-v3.5+sensevoice-no-itn	RES0147	1274	1234	171	151
pair	whisper-distil-v3.5+sensevoice-no-itn	RES0150	1147	1099	156	142
pair	whisper-distil-v3.5+sensevoice-no-itn	RES0134	1679	1630	105	92
pair	whisper-distil-v3.5+sensevoice-no-itn	RES0151	1157	1125	119	110
pair	whisper-distil-v3.5+sensevoice-no-itn	RES0153	1103	1063	122	119
pair	whisper-distil-v3.5+sensevoice-no-itn	RES0158	1079	1034	102	100
pair	whisper-distil-v3.5+sensevoice-no-itn	RES0159	1104	1060	102	96
pair	whisper-distil-v3.5+sensevoice-no-itn	RES0160	1135	1093	145	126
pair	whisper-distil-v3.5+sensevoice-no-itn	RES0156	1016	983	128	108
pair	whisper-distil-v3.5+sensevoice-no-itn	RES0161	1034	993	132	120
pair	whisper-distil-v3.5+sensevoice-no-itn	RES0163	1200	1155	143	134
pair	whisper-distil-v3.5+sensevoice-no-itn	RES0165	909	881	122	117
pair	whisper-distil-v3.5+sensevoice-no-itn	RES0169	946	906	125	119
pair	whisper-distil-v3.5+sensevoice-no-itn	RES0155	1439	1380	178	157
pair	whisper-distil-v3.5+sensevoice-no-itn	RES0162	1235	1183	150	136
pair	whisper-distil-v3.5+sensevoice-no-itn	RES0166	1155	1117	146	134
pair	whisper-distil-v3.5+sensevoice-no-itn	RES0170	1351	1300	163	151
pair	whisper-distil-v3.5+sensevoice-no-itn	RES0164	1248	1197	209	184
pair	whisper-distil-v3.5+sensevoice-no-itn	RES0167	1181	1132	131	121
pair	whisper-distil-v3.5+sensevoice-no-itn	RES0172	1195	1148	147	144
pair	whisper-distil-v3.5+sensevoice-no-itn	RES0175	1017	979	118	101
pair	whisper-distil-v3.5+sensevoice-no-itn	RES0173	1262	1210	177	160
pair	whisper-distil-v3.5+sensevoice-no-itn	RES0168	1329	1271	139	135
pair	whisper-distil-v3.5+sensevoice-no-itn	RES0182	945	919	124	118
pair	whisper-distil-v3.5+sensevoice-no-itn	RES0171	1368	1306	139	131
pair	whisper-distil-v3.5+sensevoice-no-itn	RES0184	970	946	131	122
pair	whisper-distil-v3.5+sensevoice-no-itn	RES0183	1217	1178	151	148
pair	whisper-distil-v3.5+sensevoice-no-itn	RES0179	1291	1254	160	148
pair	whisper-distil-v3.5+sensevoice-no-itn	RES0180	1065	1020	132	121
pair	whisper-distil-v3.5+sensevoice-no-itn	RES0178	1125	1082	142	137
pair	whisper-distil-v3.5+sensevoice-no-itn	RES0177	1193	1151	136	126
pair	whisper-distil-v3.5+sensevoice-no-itn	RES0186	1069	1020	123	119
pair	whisper-distil-v3.5+sensevoice-no-itn	RES0181	1184	1154	172	160
pair	whisper-distil-v3.5+sensevoice-no-itn	RES0176	1305	1269	137	133
pair	whisper-distil-v3.5+sensevoice-no-itn	RES0185	1075	1026	130	126
pair	whisper-distil-v3.5+sensevoice-no-itn	RES0188	957	932	116	105
pair	whisper-distil-v3.5+sensevoice-no-itn	RES0174	1549	1484	180	169
pair	whisper-distil-v3.5+sensevoice-no-itn	RES0198	857	833	71	72
pair	whisper-distil-v3.5+sensevoice-no-itn	RES0191	927	905	103	98
pair	whisper-distil-v3.5+sensevoice-no-itn	RES0190	1290	1263	132	125
pair	whisper-distil-v3.5+sensevoice-no-itn	RES0189	1439	1397	149	142
pair	whisper-distil-v3.5+sensevoice-no-itn	RES0196	943	910	114	113
pair	whisper-distil-v3.5+sensevoice-no-itn	RES0197	966	943	116	111
pair	whisper-distil-v3.5+sensevoice-no-itn	RES0194	1395	1339	168	155
pair	whisper-distil-v3.5+sensevoice-no-itn	RES0187	1303	1275	156	144
pair	whisper-distil-v3.5+sensevoice-no-itn	RES0192	1280	1243	140	138
pair	whisper-distil-v3.5+sensevoice-no-itn	RES0203	920	895	124	117
pair	whisper-distil-v3.5+sensevoice-no-itn	RES0199	1152	1118	131	129
pair	whisper-distil-v3.5+sensevoice-no-itn	RES0207	818	789	105	100
pair	whisper-distil-v3.5+sensevoice-no-itn	RES0200	1351	1316	199	191
pair	whisper-distil-v3.5+sensevoice-no-itn	RES0201	1059	1024	146	136
pair	whisper-distil-v3.5+sensevoice-no-itn	RES0195	1335	1297	138	137
pair	whisper-distil-v3.5+sensevoice-no-itn	RES0204	995	959	109	100
pair	whisper-distil-v3.5+sensevoice-no-itn	RES0193	1431	1382	160	135
pair	whisper-distil-v3.5+sensevoice-no-itn	RES0205	1049	1009	111	106
pair	whisper-distil-v3.5+sensevoice-no-itn	RES0206	1354	1309	190	186
pair	whisper-distil-v3.5+sensevoice-no-itn	RES0210	1139	1119	136	134
pair	whisper-distil-v3.5+sensevoice-no-itn	RES0202	1522	1472	189	189
pair	whisper-distil-v3.5+sensevoice-no-itn	RES0209	1108	1062	135	127
pair	whisper-distil-v3.5+sensevoice-no-itn	RES0212	1304	1238	117	111
pair	whisper-distil-v3.5+sensevoice-no-itn	RES0211	1415	1355	193	181
pair	whisper-distil-v3.5+qwen3-asr	CAR0001	1053	1027	99	99
pair	whisper-distil-v3.5+qwen3-asr	CAR0002	1067	1043	103	99
pair	whisper-distil-v3.5+sensevoice-no-itn	RES0208	1322	1254	158	143
pair	whisper-distil-v3.5+sensevoice-no-itn	RES0214	1123	1093	108	106
pair	whisper-distil-v3.5+qwen3-asr	CAR0004	920	896	100	103
pair	whisper-distil-v3.5+qwen3-asr	GAS0001	1033	984	134	125
pair	whisper-distil-v3.5+sensevoice-no-itn	RES0213	1485	1383	117	98
pair	whisper-distil-v3.5+qwen3-asr	CAR0005	1292	1228	104	96
pair	whisper-distil-v3.5+qwen3-asr	GAS0002	1140	1103	92	87
pair	whisper-distil-v3.5+sensevoice-no-itn	RES0215	1386	1329	140	128
pair	whisper-distil-v3.5+sensevoice-no-itn	RES0217	1486	1424	116	96
pair	whisper-distil-v3.5+qwen3-asr	GAS0007	903	884	109	112
pair	whisper-distil-v3.5+qwen3-asr	GAS0003	1093	1036	128	115
pair	whisper-distil-v3.5+qwen3-asr	DER0001	1554	1485	197	189
pair	whisper-distil-v3.5+qwen3-asr	MSK0001	983	960	118	110
pair	whisper-distil-v3.5+sensevoice-no-itn	RES0216	1604	1531	114	100
pair	whisper-distil-v3.5+qwen3-asr	CAR0003	1281	1259	115	113
pair	whisper-distil-v3.5+qwen3-asr	GAS0004	1180	1127	124	121
pair	whisper-distil-v3.5+qwen3-asr	GEN0001	1132	1093	87	79
pair	whisper-distil-v3.5+qwen3-asr	MSK0004	1125	1096	117	110
pair	whisper-distil-v3.5+qwen3-asr	MSK0008	1417	1391	177	177
pair	whisper-distil-v3.5+qwen3-asr	MSK0009	1572	1520	184	180
pair	whisper-distil-v3.5+qwen3-asr	MSK0003	1866	1810	177	165
pair	whisper-distil-v3.5+qwen3-asr	GAS0005	1599	1541	160	154
pair	whisper-distil-v3.5+qwen3-asr	MSK0006	1781	1720	173	169
pair	whisper-distil-v3.5+qwen3-asr	MSK0007	1358	1333	140	138
pair	whisper-distil-v3.5+qwen3-asr	MSK0005	1513	1462	147	142
pair	whisper-distil-v3.5+qwen3-asr	MSK0011	1535	1501	171	169
pair	whisper-distil-v3.5+qwen3-asr	MSK0010	1505	1473	129	126
pair	whisper-distil-v3.5+qwen3-asr	MSK0018	976	940	81	71
pair	whisper-distil-v3.5+qwen3-asr	MSK0012	1652	1600	137	129
pair	whisper-distil-v3.5+qwen3-asr	MSK0015	1622	1576	178	174
pair	whisper-distil-v3.5+qwen3-asr	MSK0019	1337	1298	90	81
pair	whisper-distil-v3.5+qwen3-asr	MSK0013	1610	1562	151	145
pair	whisper-distil-v3.5+qwen3-asr	MSK0014	1575	1529	155	146
pair	whisper-distil-v3.5+qwen3-asr	MSK0017	1735	1681	159	151
pair	whisper-distil-v3.5+qwen3-asr	MSK0023	1229	1181	113	103
pair	whisper-distil-v3.5+qwen3-asr	MSK0027	1377	1331	166	161
pair	whisper-distil-v3.5+qwen3-asr	MSK0026	1365	1338	138	136
pair	whisper-distil-v3.5+qwen3-asr	MSK0024	1193	1162	101	96
pair	whisper-distil-v3.5+qwen3-asr	MSK0016	2064	1999	191	177
pair	whisper-distil-v3.5+qwen3-asr	MSK0032	1198	1154	76	62
pair	whisper-distil-v3.5+qwen3-asr	MSK0020	1683	1636	185	175
pair	whisper-distil-v3.5+qwen3-asr	MSK0021	1745	1691	226	212
pair	whisper-distil-v3.5+qwen3-asr	MSK0031	1299	1247	114	113
pair	whisper-distil-v3.5+qwen3-asr	MSK0025	1580	1511	124	121
pair	whisper-distil-v3.5+qwen3-asr	MSK0034	1448	1417	159	141
pair	whisper-distil-v3.5+qwen3-asr	MSK0033	1687	1621	159	143
pair	whisper-distil-v3.5+qwen3-asr	MSK0029	2268	2186	241	239
pair	whisper-distil-v3.5+qwen3-asr	MSK0028	1836	1785	171	161
pair	whisper-distil-v3.5+qwen3-asr	MSK0040	1488	1446	143	134
pair	whisper-distil-v3.5+qwen3-asr	MSK0037	1682	1620	196	182
pair	whisper-distil-v3.5+qwen3-asr	MSK0035	1596	1549	171	171
pair	whisper-distil-v3.5+qwen3-asr	MSK0039	1404	1367	118	111
pair	whisper-distil-v3.5+qwen3-asr	MSK0044	1177	1132	97	89
pair	whisper-distil-v3.5+qwen3-asr	MSK0046	1225	1188	126	124
pair	whisper-distil-v3.5+qwen3-asr	MSK0043	1772	1694	147	121
pair	whisper-distil-v3.5+qwen3-asr	MSK0042	1522	1471	106	93
pair	whisper-distil-v3.5+qwen3-asr	MSK0049	1372	1333	148	143
pair	whisper-distil-v3.5+qwen3-asr	MSK0036	1757	1714	174	168
pair	whisper-distil-v3.5+qwen3-asr	MSK0041	1583	1543	161	160
pair	whisper-distil-v3.5+qwen3-asr	RES0002	1162	1144	343	328
pair	whisper-distil-v3.5+qwen3-asr	MSK0022	2164	2091	1171	1166
pair	whisper-distil-v3.5+qwen3-asr	MSK0038	1895	1828	175	162
pair	whisper-distil-v3.5+qwen3-asr	MSK0050	1285	1257	117	115
pair	whisper-distil-v3.5+qwen3-asr	RES0003	1261	1213	115	112
pair	whisper-distil-v3.5+qwen3-asr	MSK0045	1394	1354	133	113
pair	whisper-distil-v3.5+qwen3-asr	RES0006	1240	1207	134	137
pair	whisper-distil-v3.5+qwen3-asr	RES0010	1070	1018	129	126
pair	whisper-distil-v3.5+qwen3-asr	RES0009	1446	1372	152	142
pair	whisper-distil-v3.5+qwen3-asr	RES0008	1171	1129	126	124
pair	whisper-distil-v3.5+qwen3-asr	RES0001	1526	1469	180	174
pair	whisper-distil-v3.5+qwen3-asr	RES0004	1723	1650	214	193
pair	whisper-distil-v3.5+qwen3-asr	RES0013	1400	1325	141	128
pair	whisper-distil-v3.5+qwen3-asr	RES0015	1607	1551	144	141
pair	whisper-distil-v3.5+qwen3-asr	RES0021	1255	1226	147	135
pair	whisper-distil-v3.5+qwen3-asr	RES0014	1429	1383	140	128
pair	whisper-distil-v3.5+qwen3-asr	RES0020	1413	1386	147	138
pair	whisper-distil-v3.5+qwen3-asr	RES0005	1645	1578	144	144
pair	whisper-distil-v3.5+qwen3-asr	RES0011	1647	1573	170	152
pair	whisper-distil-v3.5+qwen3-asr	RES0018	1334	1294	131	121
pair	whisper-distil-v3.5+qwen3-asr	RES0016	1327	1287	121	116
pair	whisper-distil-v3.5+qwen3-asr	RES0019	1334	1300	137	141
pair	whisper-distil-v3.5+qwen3-asr	RES0017	1751	1698	178	166
pair	whisper-distil-v3.5+qwen3-asr	RES0023	1099	1054	162	158
pair	whisper-distil-v3.5+qwen3-asr	RES0007	1874	1811	186	172
pair	whisper-distil-v3.5+qwen3-asr	RES0024	1004	969	117	116
pair	whisper-distil-v3.5+qwen3-asr	RES0029	811	787	75	75
pair	whisper-distil-v3.5+qwen3-asr	RES0025	1393	1342	190	171
pair	whisper-distil-v3.5+qwen3-asr	RES0028	1156	1130	117	111
pair	whisper-distil-v3.5+qwen3-asr	RES0031	1343	1297	105	104
pair	whisper-distil-v3.5+qwen3-asr	RES0030	1184	1158	119	110
pair	whisper-distil-v3.5+qwen3-asr	RES0012	2168	2058	249	239
pair	whisper-distil-v3.5+qwen3-asr	RES0027	1366	1323	156	150
pair	whisper-distil-v3.5+qwen3-asr	RES0035	958	944	85	82
pair	whisper-distil-v3.5+qwen3-asr	RES0026	1544	1504	172	157
pair	whisper-distil-v3.5+qwen3-asr	RES0032	1212	1169	99	98
pair	whisper-distil-v3.5+qwen3-asr	RES0036	1423	1368	134	133
pair	whisper-distil-v3.5+qwen3-asr	RES0033	1372	1306	124	121
pair	whisper-distil-v3.5+qwen3-asr	RES0022	1999	1927	217	203
pair	whisper-distil-v3.5+qwen3-asr	RES0042	1264	1222	168	149
pair	whisper-distil-v3.5+qwen3-asr	RES0034	1685	1627	133	133
pair	whisper-distil-v3.5+qwen3-asr	RES0038	1554	1504	167	138
pair	whisper-distil-v3.5+qwen3-asr	RES0037	1453	1413	156	143
pair	whisper-distil-v3.5+qwen3-asr	RES0045	1204	1158	90	78
pair	whisper-distil-v3.5+qwen3-asr	RES0050	1109	1084	111	107
pair	whisper-distil-v3.5+qwen3-asr	RES0052	828	809	150	143
pair	whisper-distil-v3.5+qwen3-asr	RES0051	997	970	148	138
pair	whisper-distil-v3.5+qwen3-asr	RES0043	1503	1451	194	184
pair	whisper-distil-v3.5+qwen3-asr	RES0047	1628	1575	192	174
pair	whisper-distil-v3.5+qwen3-asr	RES0046	1588	1532	142	129
pair	whisper-distil-v3.5+qwen3-asr	RES0039	1672	1635	178	161
pair	whisper-distil-v3.5+qwen3-asr	RES0055	1375	1328	270	262
pair	whisper-distil-v3.5+qwen3-asr	RES0049	1622	1555	172	159
pair	whisper-distil-v3.5+qwen3-asr	RES0056	1174	1140	189	180
pair	whisper-distil-v3.5+qwen3-asr	RES0044	1859	1776	161	140
pair	whisper-distil-v3.5+qwen3-asr	RES0057	1245	1194	245	243
pair	whisper-distil-v3.5+qwen3-asr	RES0058	1514	1462	251	241
pair	whisper-distil-v3.5+qwen3-asr	RES0048	1809	1726	169	160
pair	whisper-distil-v3.5+qwen3-asr	RES0059	1358	1327	199	188
pair	whisper-distil-v3.5+qwen3-asr	RES0067	946	912	141	132
pair	whisper-distil-v3.5+qwen3-asr	RES0066	1192	1160	161	153
pair	whisper-distil-v3.5+qwen3-asr	RES0064	1078	1046	128	124
pair	whisper-distil-v3.5+qwen3-asr	RES0065	1089	1064	162	150
pair	whisper-distil-v3.5+qwen3-asr	RES0060	1683	1616	277	269
pair	whisper-distil-v3.5+qwen3-asr	RES0070	976	946	130	127
pair	whisper-distil-v3.5+qwen3-asr	RES0053	1982	1906	383	351
pair	whisper-distil-v3.5+qwen3-asr	RES0069	1026	994	123	113
pair	whisper-distil-v3.5+qwen3-asr	RES0068	1213	1168	177	164
pair	whisper-distil-v3.5+qwen3-asr	RES0063	1439	1384	187	181
pair	whisper-distil-v3.5+qwen3-asr	RES0075	1112	1070	133	125
pair	whisper-distil-v3.5+qwen3-asr	RES0062	1965	1905	283	272
pair	whisper-distil-v3.5+qwen3-asr	RES0074	1246	1206	158	155
pair	whisper-distil-v3.5+qwen3-asr	RES0079	841	815	155	139
pair	whisper-distil-v3.5+qwen3-asr	RES0072	1182	1150	195	183
pair	whisper-distil-v3.5+qwen3-asr	RES0061	1783	1701	260	239
pair	whisper-distil-v3.5+qwen3-asr	RES0071	1301	1261	185	169
pair	whisper-distil-v3.5+qwen3-asr	RES0082	932	891	153	143
pair	whisper-distil-v3.5+qwen3-asr	RES0078	1140	1092	173	171
pair	whisper-distil-v3.5+qwen3-asr	RES0083	990	962	138	127
pair	whisper-distil-v3.5+qwen3-asr	RES0073	1340	1303	181	165
pair	whisper-distil-v3.5+qwen3-asr	RES0080	1225	1179	179	156
pair	whisper-distil-v3.5+qwen3-asr	RES0054	2491	2446	754	690
pair	whisper-distil-v3.5+qwen3-asr	RES0081	1455	1391	206	188
pair	whisper-distil-v3.5+qwen3-asr	RES0085	959	923	126	107
pair	whisper-distil-v3.5+qwen3-asr	RES0091	901	869	59	61
pair	whisper-distil-v3.5+qwen3-asr	RES0076	1569	1513	194	192
pair	whisper-distil-v3.5+qwen3-asr	RES0087	1359	1306	154	138
pair	whisper-distil-v3.5+qwen3-asr	RES0092	837	800	112	109
pair	whisper-distil-v3.5+qwen3-asr	RES0094	793	766	86	79
pair	whisper-distil-v3.5+qwen3-asr	RES0077	1649	1585	240	227
pair	whisper-distil-v3.5+qwen3-asr	RES0090	1193	1160	93	88
pair	whisper-distil-v3.5+qwen3-asr	RES0088	1373	1336	166	154
pair	whisper-distil-v3.5+qwen3-asr	RES0086	1523	1463	222	186
pair	whisper-distil-v3.5+qwen3-asr	RES0095	1467	1426	187	168
pair	whisper-distil-v3.5+qwen3-asr	RES0084	1562	1516	171	163
pair	whisper-distil-v3.5+qwen3-asr	RES0096	1292	1251	156	154
pair	whisper-distil-v3.5+qwen3-asr	RES0097	1381	1319	187	171
pair	whisper-distil-v3.5+qwen3-asr	RES0103	1100	1063	116	112
pair	whisper-distil-v3.5+qwen3-asr	RES0101	1430	1379	148	138
pair	whisper-distil-v3.5+qwen3-asr	RES0089	1800	1749	199	182
pair	whisper-distil-v3.5+qwen3-asr	RES0109	845	817	81	77
pair	whisper-distil-v3.5+qwen3-asr	RES0093	1606	1543	458	438
pair	whisper-distil-v3.5+qwen3-asr	RES0098	1474	1422	133	124
pair	whisper-distil-v3.5+qwen3-asr	RES0108	950	918	106	92
pair	whisper-distil-v3.5+qwen3-asr	RES0104	1563	1511	161	145
pair	whisper-distil-v3.5+qwen3-asr	RES0099	1554	1505	175	166
pair	whisper-distil-v3.5+qwen3-asr	RES0111	965	927	108	95
pair	whisper-distil-v3.5+qwen3-asr	RES0112	835	795	81	68
pair	whisper-distil-v3.5+qwen3-asr	RES0106	1307	1251	159	148
pair	whisper-distil-v3.5+qwen3-asr	RES0102	2025	1952	196	182
pair	whisper-distil-v3.5+qwen3-asr	RES0113	1079	1043	111	102
pair	whisper-distil-v3.5+qwen3-asr	RES0118	947	921	65	62
pair	whisper-distil-v3.5+qwen3-asr	RES0100	1767	1710	161	142
pair	whisper-distil-v3.5+qwen3-asr	RES0117	951	920	101	83
pair	whisper-distil-v3.5+qwen3-asr	RES0114	1673	1606	173	155
pair	whisper-distil-v3.5+qwen3-asr	RES0116	1588	1533	155	138
pair	whisper-distil-v3.5+qwen3-asr	RES0105	1738	1663	186	169
pair	whisper-distil-v3.5+qwen3-asr	RES0121	962	930	71	64
pair	whisper-distil-v3.5+qwen3-asr	RES0110	1565	1512	150	136
pair	whisper-distil-v3.5+qwen3-asr	RES0107	1596	1520	173	163
pair	whisper-distil-v3.5+qwen3-asr	RES0122	1046	1005	75	69
pair	whisper-distil-v3.5+qwen3-asr	RES0119	1359	1302	98	97
pair	whisper-distil-v3.5+qwen3-asr	RES0120	1381	1325	66	52
pair	whisper-distil-v3.5+qwen3-asr	RES0130	1329	1282	93	80
pair	whisper-distil-v3.5+qwen3-asr	RES0129	1078	1040	110	100
pair	whisper-distil-v3.5+qwen3-asr	RES0128	1095	1062	126	113
pair	whisper-distil-v3.5+qwen3-asr	RES0127	1461	1418	160	161
pair	whisper-distil-v3.5+qwen3-asr	RES0124	1729	1675	118	106
pair	whisper-distil-v3.5+qwen3-asr	RES0131	1231	1176	87	74
pair	whisper-distil-v3.5+qwen3-asr	RES0126	1858	1784	235	226
pair	whisper-distil-v3.5+qwen3-asr	RES0123	1716	1647	139	128
pair	whisper-distil-v3.5+qwen3-asr	RES0125	1638	1576	106	89
pair	whisper-distil-v3.5+qwen3-asr	RES0135	1224	1191	97	89
pair	whisper-distil-v3.5+qwen3-asr	RES0138	1148	1118	109	102
pair	whisper-distil-v3.5+qwen3-asr	RES0139	1131	1093	124	107
pair	whisper-distil-v3.5+qwen3-asr	RES0132	1309	1276	92	84
pair	whisper-distil-v3.5+qwen3-asr	RES0133	1264	1222	113	100
pair	whisper-distil-v3.5+qwen3-asr	RES0140	907	877	95	79
pair	whisper-distil-v3.5+qwen3-asr	RES0142	778	758	83	70
pair	whisper-distil-v3.5+qwen3-asr	RES0141	987	949	101	92
pair	whisper-distil-v3.5+qwen3-asr	RES0146	898	870	104	104
pair	whisper-distil-v3.5+qwen3-asr	RES0136	1243	1211	104	87
pair	whisper-distil-v3.5+qwen3-asr	RES0137	1274	1216	111	97
pair	whisper-distil-v3.5+qwen3-asr	RES0144	1153	1119	151	140
pair	whisper-distil-v3.5+qwen3-asr	RES0143	1119	1080	106	92
pair	whisper-distil-v3.5+qwen3-asr	RES0145	1326	1277	177	167
pair	whisper-distil-v3.5+qwen3-asr	RES0147	1274	1234	174	154
pair	whisper-distil-v3.5+qwen3-asr	RES0152	1059	1028	126	113
pair	whisper-distil-v3.5+qwen3-asr	RES0151	1157	1125	117	108
pair	whisper-distil-v3.5+qwen3-asr	RES0134	1679	1630	99	89
pair	whisper-distil-v3.5+qwen3-asr	RES0148	1136	1101	164	152
pair	whisper-distil-v3.5+qwen3-asr	RES0154	943	922	120	113
pair	whisper-distil-v3.5+qwen3-asr	RES0150	1147	1099	151	140
pair	whisper-distil-v3.5+qwen3-asr	RES0153	1103	1063	118	114
pair	whisper-distil-v3.5+qwen3-asr	RES0149	1270	1231	119	111
pair	whisper-distil-v3.5+qwen3-asr	RES0158	1079	1034	108	105
pair	whisper-distil-v3.5+qwen3-asr	RES0161	1034	993	130	117
pair	whisper-distil-v3.5+qwen3-asr	RES0155	1439	1380	178	156
pair	whisper-distil-v3.5+qwen3-asr	RES0156	1016	983	130	110
pair	whisper-distil-v3.5+qwen3-asr	RES0160	1135	1093	1125	1103
pair	whisper-distil-v3.5+qwen3-asr	RES0159	1104	1060	107	96
pair	whisper-distil-v3.5+qwen3-asr	RES0165	909	881	120	114
pair	whisper-distil-v3.5+qwen3-asr	RES0169	946	906	136	131
pair	whisper-distil-v3.5+qwen3-asr	RES0164	1248	1197	211	184
pair	whisper-distil-v3.5+qwen3-asr	RES0163	1200	1155	154	143
pair	whisper-distil-v3.5+qwen3-asr	RES0162	1235	1183	145	130
pair	whisper-distil-v3.5+qwen3-asr	RES0168	1329	1271	147	142
pair	whisper-distil-v3.5+qwen3-asr	RES0170	1351	1300	169	157
pair	whisper-distil-v3.5+qwen3-asr	RES0166	1155	1117	149	137
pair	whisper-distil-v3.5+qwen3-asr	RES0167	1181	1132	134	124
pair	whisper-distil-v3.5+qwen3-asr	RES0171	1368	1306	140	129
pair	whisper-distil-v3.5+qwen3-asr	RES0175	1017	979	123	108
pair	whisper-distil-v3.5+qwen3-asr	RES0172	1195	1148	153	148
pair	whisper-distil-v3.5+qwen3-asr	RES0180	1065	1020	135	126
pair	whisper-distil-v3.5+qwen3-asr	RES0176	1305	1269	136	132
pair	whisper-distil-v3.5+qwen3-asr	RES0173	1262	1210	178	164
pair	whisper-distil-v3.5+qwen3-asr	RES0179	1291	1254	169	154
pair	whisper-distil-v3.5+qwen3-asr	RES0182	945	919	122	119
pair	whisper-distil-v3.5+qwen3-asr	RES0178	1125	1082	143	137
pair	whisper-distil-v3.5+qwen3-asr	RES0177	1193	1151	136	127
pair	whisper-distil-v3.5+qwen3-asr	RES0188	957	932	117	106
pair	whisper-distil-v3.5+qwen3-asr	RES0181	1184	1154	174	160
pair	whisper-distil-v3.5+qwen3-asr	RES0186	1069	1020	119	115
pair	whisper-distil-v3.5+qwen3-asr	RES0184	970	946	134	125
pair	whisper-distil-v3.5+qwen3-asr	RES0183	1217	1178	161	155
pair	whisper-distil-v3.5+qwen3-asr	RES0174	1549	1484	175	163
pair	whisper-distil-v3.5+qwen3-asr	RES0185	1075	1026	128	123
pair	whisper-distil-v3.5+qwen3-asr	RES0191	927	905	105	100
pair	whisper-distil-v3.5+qwen3-asr	RES0189	1439	1397	151	144
pair	whisper-distil-v3.5+qwen3-asr	RES0190	1290	1263	133	126
pair	whisper-distil-v3.5+qwen3-asr	RES0198	857	833	75	74
pair	whisper-distil-v3.5+qwen3-asr	RES0187	1303	1275	154	142
pair	whisper-distil-v3.5+qwen3-asr	RES0196	943	910	126	123
pair	whisper-distil-v3.5+qwen3-asr	RES0197	966	943	120	113
pair	whisper-distil-v3.5+qwen3-asr	RES0193	1431	1382	163	139
pair	whisper-distil-v3.5+qwen3-asr	RES0203	920	895	128	122
pair	whisper-distil-v3.5+qwen3-asr	RES0201	1059	1024	143	133
pair	whisper-distil-v3.5+qwen3-asr	RES0192	1280	1243	150	146
pair	whisper-distil-v3.5+qwen3-asr	RES0207	818	789	107	102
pair	whisper-distil-v3.5+qwen3-asr	RES0199	1152	1118	141	139
pair	whisper-distil-v3.5+qwen3-asr	RES0204	995	959	110	103
pair	whisper-distil-v3.5+qwen3-asr	RES0195	1335	1297	146	146
pair	whisper-distil-v3.5+qwen3-asr	RES0194	1395	1339	162	152
pair	whisper-distil-v3.5+qwen3-asr	RES0205	1049	1009	110	105
pair	whisper-distil-v3.5+qwen3-asr	RES0202	1522	1472	189	185
pair	whisper-distil-v3.5+qwen3-asr	RES0209	1108	1062	146	138
pair	whisper-distil-v3.5+qwen3-asr	RES0200	1351	1316	198	190
pair	whisper-distil-v3.5+qwen3-asr	RES0214	1123	1093	117	114
pair	whisper-distil-v3.5+qwen3-asr	RES0210	1139	1119	134	131
pair	whisper-distil-v3.5+qwen3-asr	RES0208	1322	1254	170	156
pair	whisper-distil-v3.5+whisper-turbo	CAR0001	1053	1027	99	99
pair	whisper-distil-v3.5+qwen3-asr	RES0211	1415	1355	194	184
pair	whisper-distil-v3.5+qwen3-asr	RES0206	1354	1309	197	189
pair	whisper-distil-v3.5+qwen3-asr	RES0212	1304	1238	111	104
pair	whisper-distil-v3.5+qwen3-asr	RES0217	1486	1424	115	95
pair	whisper-distil-v3.5+whisper-turbo	CAR0004	920	896	103	108
pair	whisper-distil-v3.5+whisper-turbo	GAS0001	1033	984	153	140
pair	whisper-distil-v3.5+qwen3-asr	RES0213	1485	1383	124	103
pair	whisper-distil-v3.5+whisper-turbo	CAR0002	1067	1043	112	108
pair	whisper-distil-v3.5+whisper-turbo	CAR0003	1281	1259	114	112
pair	whisper-distil-v3.5+whisper-turbo	GAS0002	1140	1103	99	94
pair	whisper-distil-v3.5+qwen3-asr	RES0215	1386	1329	146	135
pair	whisper-distil-v3.5+whisper-turbo	GAS0007	903	884	113	116
pair	whisper-distil-v3.5+whisper-turbo	GAS0004	1180	1127	134	129
pair	whisper-distil-v3.5+whisper-turbo	CAR0005	1292	1228	111	104
pair	whisper-distil-v3.5+whisper-turbo	GAS0003	1093	1036	132	117
pair	whisper-distil-v3.5+qwen3-asr	RES0216	1604	1531	114	101
pair	whisper-distil-v3.5+whisper-turbo	MSK0001	983	960	115	108
pair	whisper-distil-v3.5+whisper-turbo	MSK0004	1125	1096	130	124
pair	whisper-distil-v3.5+whisper-turbo	GEN0001	1132	1093	85	77
pair	whisper-distil-v3.5+whisper-turbo	DER0001	1554	1485	200	187
pair	whisper-distil-v3.5+whisper-turbo	MSK0007	1358	1333	142	138
pair	whisper-distil-v3.5+whisper-turbo	MSK0003	1866	1810	191	178
pair	whisper-distil-v3.5+whisper-turbo	GAS0005	1599	1541	168	161
pair	whisper-distil-v3.5+whisper-turbo	MSK0006	1781	1720	184	176
pair	whisper-distil-v3.5+whisper-turbo	MSK0005	1513	1462	149	142
pair	whisper-distil-v3.5+whisper-turbo	MSK0012	1652	1600	149	140
pair	whisper-distil-v3.5+whisper-turbo	MSK0008	1417	1391	163	165
pair	whisper-distil-v3.5+whisper-turbo	MSK0018	976	940	77	67
pair	whisper-distil-v3.5+whisper-turbo	MSK0010	1505	1473	131	126
pair	whisper-distil-v3.5+whisper-turbo	MSK0011	1535	1501	172	170
pair	whisper-distil-v3.5+whisper-turbo	MSK0009	1572	1520	188	184
pair	whisper-distil-v3.5+whisper-turbo	MSK0015	1622	1576	177	177
pair	whisper-distil-v3.5+whisper-turbo	MSK0014	1575	1529	155	146
pair	whisper-distil-v3.5+whisper-turbo	MSK0013	1610	1562	151	143
pair	whisper-distil-v3.5+whisper-turbo	MSK0019	1337	1298	93	84
pair	whisper-distil-v3.5+whisper-turbo	MSK0017	1735	1681	165	157
pair	whisper-distil-v3.5+whisper-turbo	MSK0020	1683	1636	170	163
pair	whisper-distil-v3.5+whisper-turbo	MSK0023	1229	1181	114	105
pair	whisper-distil-v3.5+whisper-turbo	MSK0026	1365	1338	140	139
pair	whisper-distil-v3.5+whisper-turbo	MSK0024	1193	1162	95	92
pair	whisper-distil-v3.5+whisper-turbo	MSK0016	2064	1999	190	178
pair	whisper-distil-v3.5+whisper-turbo	MSK0032	1198	1154	82	67
pair	whisper-distil-v3.5+whisper-turbo	MSK0031	1299	1247	129	127
pair	whisper-distil-v3.5+whisper-turbo	MSK0027	1377	1331	166	161
pair	whisper-distil-v3.5+whisper-turbo	MSK0025	1580	1511	122	119
pair	whisper-distil-v3.5+whisper-turbo	MSK0021	1745	1691	227	213
pair	whisper-distil-v3.5+whisper-turbo	MSK0034	1448	1417	158	146
pair	whisper-distil-v3.5+whisper-turbo	MSK0036	1757	1714	167	163
pair	whisper-distil-v3.5+whisper-turbo	MSK0028	1836	1785	180	173
pair	whisper-distil-v3.5+whisper-turbo	MSK0037	1682	1620	187	174
pair	whisper-distil-v3.5+whisper-turbo	MSK0022	2164	2091	200	195
pair	whisper-distil-v3.5+whisper-turbo	MSK0035	1596	1549	169	171
pair	whisper-distil-v3.5+whisper-turbo	MSK0033	1687	1621	167	150
pair	whisper-distil-v3.5+whisper-turbo	MSK0042	1522	1471	109	96
pair	whisper-distil-v3.5+whisper-turbo	MSK0039	1404	1367	128	119
pair	whisper-distil-v3.5+whisper-turbo	MSK0040	1488	1446	143	134
pair	whisper-distil-v3.5+whisper-turbo	MSK0041	1583	1543	164	160
pair	whisper-distil-v3.5+whisper-turbo	MSK0046	1225	1188	123	120
pair	whisper-distil-v3.5+whisper-turbo	MSK0038	1895	1828	178	164
pair	whisper-distil-v3.5+whisper-turbo	MSK0045	1394	1354	136	117
pair	whisper-distil-v3.5+whisper-turbo	MSK0044	1177	1132	96	87
pair	whisper-distil-v3.5+whisper-turbo	MSK0043	1772	1694	157	129
pair	whisper-distil-v3.5+whisper-turbo	RES0002	1162	1144	337	327
pair	whisper-distil-v3.5+whisper-turbo	RES0001	1526	1469	192	187
pair	whisper-distil-v3.5+whisper-turbo	MSK0050	1285	1257	122	121
pair	whisper-distil-v3.5+whisper-turbo	MSK0049	1372	1333	145	140
pair	whisper-distil-v3.5+whisper-turbo	MSK0029	2268	2186	253	248
pair	whisper-distil-v3.5+whisper-turbo	RES0003	1261	1213	119	114
pair	whisper-distil-v3.5+whisper-turbo	RES0008	1171	1129	126	123
pair	whisper-distil-v3.5+whisper-turbo	RES0010	1070	1018	138	133
pair	whisper-distil-v3.5+whisper-turbo	RES0009	1446	1372	150	138
pair	whisper-distil-v3.5+whisper-turbo	RES0005	1645	1578	155	155
pair	whisper-distil-v3.5+whisper-turbo	RES0006	1240	1207	127	134
pair	whisper-distil-v3.5+whisper-turbo	RES0011	1647	1573	185	167
pair	whisper-distil-v3.5+whisper-turbo	RES0013	1400	1325	141	131
pair	whisper-distil-v3.5+whisper-turbo	RES0007	1874	1811	180	167
pair	whisper-distil-v3.5+whisper-turbo	RES0004	1723	1650	216	202
pair	whisper-distil-v3.5+whisper-turbo	RES0018	1334	1294	143	137
pair	whisper-distil-v3.5+whisper-turbo	RES0014	1429	1383	140	128
pair	whisper-distil-v3.5+whisper-turbo	RES0021	1255	1226	162	151
pair	whisper-distil-v3.5+whisper-turbo	RES0019	1334	1300	138	141
pair	whisper-distil-v3.5+whisper-turbo	RES0016	1327	1287	121	114
pair	whisper-distil-v3.5+whisper-turbo	RES0023	1099	1054	169	163
pair	whisper-distil-v3.5+whisper-turbo	RES0017	1751	1698	195	186
pair	whisper-distil-v3.5+whisper-turbo	RES0024	1004	969	118	117
pair	whisper-distil-v3.5+whisper-turbo	RES0020	1413	1386	159	150
pair	whisper-distil-v3.5+whisper-turbo	RES0015	1607	1551	153	147
pair	whisper-distil-v3.5+whisper-turbo	RES0025	1393	1342	192	177
pair	whisper-distil-v3.5+whisper-turbo	RES0029	811	787	76	77
pair	whisper-distil-v3.5+whisper-turbo	RES0027	1366	1323	168	161
pair	whisper-distil-v3.5+whisper-turbo	RES0030	1184	1158	121	112
pair	whisper-distil-v3.5+whisper-turbo	RES0028	1156	1130	124	117
pair	whisper-distil-v3.5+whisper-turbo	RES0035	958	944	80	77
pair	whisper-distil-v3.5+whisper-turbo	RES0031	1343	1297	111	111
pair	whisper-distil-v3.5+whisper-turbo	RES0012	2168	2058	254	244
pair	whisper-distil-v3.5+whisper-turbo	RES0032	1212	1169	100	98
pair	whisper-distil-v3.5+whisper-turbo	RES0026	1544	1504	174	160
pair	whisper-distil-v3.5+whisper-turbo	RES0042	1264	1222	174	155
pair	whisper-distil-v3.5+whisper-turbo	RES0037	1453	1413	163	149
pair	whisper-distil-v3.5+whisper-turbo	RES0033	1372	1306	135	132
pair	whisper-distil-v3.5+whisper-turbo	RES0022	1999	1927	231	215
pair	whisper-distil-v3.5+whisper-turbo	RES0036	1423	1368	147	143
pair	whisper-distil-v3.5+whisper-turbo	RES0043	1503	1451	197	193
pair	whisper-distil-v3.5+whisper-turbo	RES0038	1554	1504	202	175
pair	whisper-distil-v3.5+whisper-turbo	RES0052	828	809	159	151
pair	whisper-distil-v3.5+whisper-turbo	RES0050	1109	1084	111	107
pair	whisper-distil-v3.5+whisper-turbo	RES0045	1204	1158	102	86
pair	whisper-distil-v3.5+whisper-turbo	RES0034	1685	1627	142	143
pair	whisper-distil-v3.5+whisper-turbo	RES0039	1672	1635	185	169
pair	whisper-distil-v3.5+whisper-turbo	RES0051	997	970	140	130
pair	whisper-distil-v3.5+whisper-turbo	RES0055	1375	1328	248	246
pair	whisper-distil-v3.5+whisper-turbo	RES0046	1588	1532	189	176
pair	whisper-distil-v3.5+whisper-turbo	RES0048	1809	1726	164	154
pair	whisper-distil-v3.5+whisper-turbo	RES0047	1628	1575	197	177
pair	whisper-distil-v3.5+whisper-turbo	RES0056	1174	1140	184	178
pair	whisper-distil-v3.5+whisper-turbo	RES0058	1514	1462	242	231
pair	whisper-distil-v3.5+whisper-turbo	RES0049	1622	1555	177	167
pair	whisper-distil-v3.5+whisper-turbo	RES0044	1859	1776	163	143
pair	whisper-distil-v3.5+whisper-turbo	RES0057	1245	1194	225	224
pair	whisper-distil-v3.5+whisper-turbo	RES0059	1358	1327	192	182
pair	whisper-distil-v3.5+whisper-turbo	RES0067	946	912	135	127
pair	whisper-distil-v3.5+whisper-turbo	RES0065	1089	1064	146	136
pair	whisper-distil-v3.5+whisper-turbo	RES0053	1982	1906	368	343
pair	whisper-distil-v3.5+whisper-turbo	RES0064	1078	1046	123	120
pair	whisper-distil-v3.5+whisper-turbo	RES0070	976	946	140	137
pair	whisper-distil-v3.5+whisper-turbo	RES0066	1192	1160	149	141
pair	whisper-distil-v3.5+whisper-turbo	RES0054	2491	2446	757	691
pair	whisper-distil-v3.5+whisper-turbo	RES0069	1026	994	125	116
pair	whisper-distil-v3.5+whisper-turbo	RES0068	1213	1168	162	152
pair	whisper-distil-v3.5+whisper-turbo	RES0063	1439	1384	172	169
pair	whisper-distil-v3.5+whisper-turbo	RES0072	1182	1150	181	172
pair	whisper-distil-v3.5+whisper-turbo	RES0060	1683	1616	262	256
pair	whisper-distil-v3.5+whisper-turbo	RES0074	1246	1206	138	138
pair	whisper-distil-v3.5+whisper-turbo	RES0062	1965	1905	277	264
pair	whisper-distil-v3.5+whisper-turbo	RES0079	841	815	136	123
pair	whisper-distil-v3.5+whisper-turbo	RES0075	1112	1070	125	117
pair	whisper-distil-v3.5+whisper-turbo	RES0061	1783	1701	236	218
pair	whisper-distil-v3.5+whisper-turbo	RES0071	1301	1261	167	153
pair	whisper-distil-v3.5+whisper-turbo	RES0073	1340	1303	159	147
pair	whisper-distil-v3.5+whisper-turbo	RES0083	990	962	127	116
pair	whisper-distil-v3.5+whisper-turbo	RES0080	1225	1179	163	143
pair	whisper-distil-v3.5+whisper-turbo	RES0078	1140	1092	153	152
pair	whisper-distil-v3.5+whisper-turbo	RES0082	932	891	128	120
pair	whisper-distil-v3.5+whisper-turbo	RES0076	1569	1513	180	179
pair	whisper-distil-v3.5+whisper-turbo	RES0085	959	923	113	95
pair	whisper-distil-v3.5+whisper-turbo	RES0091	901	869	68	70
pair	whisper-distil-v3.5+whisper-turbo	RES0081	1455	1391	175	163
pair	whisper-distil-v3.5+whisper-turbo	RES0092	837	800	110	107
pair	whisper-distil-v3.5+whisper-turbo	RES0090	1193	1160	95	88
pair	whisper-distil-v3.5+whisper-turbo	RES0084	1562	1516	157	148
pair	whisper-distil-v3.5+whisper-turbo	RES0077	1649	1585	207	200
pair	whisper-distil-v3.5+whisper-turbo	RES0094	793	766	79	73
pair	whisper-distil-v3.5+whisper-turbo	RES0087	1359	1306	144	129
pair	whisper-distil-v3.5+whisper-turbo	RES0088	1373	1336	160	148
pair	whisper-distil-v3.5+whisper-turbo	RES0096	1292	1251	180	175
pair	whisper-distil-v3.5+whisper-turbo	RES0089	1800	1749	197	181
pair	whisper-distil-v3.5+whisper-turbo	RES0086	1523	1463	195	162
pair	whisper-distil-v3.5+whisper-turbo	RES0097	1381	1319	197	176
pair	whisper-distil-v3.5+whisper-turbo	RES0099	1554	1505	173	164
pair	whisper-distil-v3.5+whisper-turbo	RES0093	1606	1543	211	189
pair	whisper-distil-v3.5+whisper-turbo	RES0095	1467	1426	191	173
pair	whisper-distil-v3.5+whisper-turbo	RES0100	1767	1710	172	152
pair	whisper-distil-v3.5+whisper-turbo	RES0098	1474	1422	140	132
pair	whisper-distil-v3.5+whisper-turbo	RES0108	950	918	100	86
pair	whisper-distil-v3.5+whisper-turbo	RES0103	1100	1063	126	123
pair	whisper-distil-v3.5+whisper-turbo	RES0101	1430	1379	162	149
pair	whisper-distil-v3.5+whisper-turbo	RES0109	845	817	77	72
pair	whisper-distil-v3.5+whisper-turbo	RES0111	965	927	117	104
pair	whisper-distil-v3.5+whisper-turbo	RES0106	1307	1251	160	145
pair	whisper-distil-v3.5+whisper-turbo	RES0105	1738	1663	195	180
pair	whisper-distil-v3.5+whisper-turbo	RES0107	1596	1520	195	182
pair	whisper-distil-v3.5+whisper-turbo	RES0113	1079	1043	108	100
pair	whisper-distil-v3.5+whisper-turbo	RES0112	835	795	80	67
pair	whisper-distil-v3.5+whisper-turbo	RES0118	947	921	58	56
pair	whisper-distil-v3.5+whisper-turbo	RES0117	951	920	102	83
pair	whisper-distil-v3.5+whisper-turbo	RES0121	962	930	78	67
pair	whisper-distil-v3.5+whisper-turbo	RES0104	1563	1511	169	153
pair	whisper-distil-v3.5+whisper-turbo	RES0122	1046	1005	75	70
pair	whisper-distil-v3.5+whisper-turbo	RES0102	2025	1952	197	181
pair	whisper-distil-v3.5+whisper-turbo	RES0110	1565	1512	150	135
pair	whisper-distil-v3.5+whisper-turbo	RES0120	1381	1325	78	61
pair	whisper-distil-v3.5+whisper-turbo	RES0119	1359	1302	100	97
pair	whisper-distil-v3.5+whisper-turbo	RES0129	1078	1040	114	106
pair	whisper-distil-v3.5+whisper-turbo	RES0116	1588	1533	149	134
pair	whisper-distil-v3.5+whisper-turbo	RES0114	1673	1606	177	159
pair	whisper-distil-v3.5+whisper-turbo	RES0125	1638	1576	109	94
pair	whisper-distil-v3.5+whisper-turbo	RES0124	1729	1675	119	107
pair	whisper-distil-v3.5+whisper-turbo	RES0128	1095	1062	143	129
pair	whisper-distil-v3.5+whisper-turbo	RES0126	1858	1784	234	229
pair	whisper-distil-v3.5+whisper-turbo	RES0127	1461	1418	160	162
pair	whisper-distil-v3.5+whisper-turbo	RES0123	1716	1647	148	137
pair	whisper-distil-v3.5+whisper-turbo	RES0133	1264	1222	119	104
pair	whisper-distil-v3.5+whisper-turbo	RES0136	1243	1211	95	79
pair	whisper-distil-v3.5+whisper-turbo	RES0137	1274	1216	122	109
pair	whisper-distil-v3.5+whisper-turbo	RES0131	1231	1176	86	74
pair	whisper-distil-v3.5+whisper-turbo	RES0130	1329	1282	102	93
pair	whisper-distil-v3.5+whisper-turbo	RES0142	778	758	88	74
pair	whisper-distil-v3.5+whisper-turbo	RES0139	1131	1093	126	107
pair	whisper-distil-v3.5+whisper-turbo	RES0138	1148	1118	103	95
pair	whisper-distil-v3.5+whisper-turbo	RES0132	1309	1276	86	77
pair	whisper-distil-v3.5+whisper-turbo	RES0140	907	877	101	85
pair	whisper-distil-v3.5+whisper-turbo	RES0135	1224	1191	108	96
pair	whisper-distil-v3.5+whisper-turbo	RES0141	987	949	101	90
pair	whisper-distil-v3.5+whisper-turbo	RES0144	1153	1119	171	159
pair	whisper-distil-v3.5+whisper-turbo	RES0143	1119	1080	112	98
pair	whisper-distil-v3.5+whisper-turbo	RES0146	898	870	113	112
pair	whisper-distil-v3.5+whisper-turbo	RES0148	1136	1101	196	171
pair	whisper-distil-v3.5+whisper-turbo	RES0154	943	922	123	116
pair	whisper-distil-v3.5+whisper-turbo	RES0150	1147	1099	153	139
pair	whisper-distil-v3.5+whisper-turbo	RES0147	1274	1234	188	167
pair	whisper-distil-v3.5+whisper-turbo	RES0149	1270	1231	140	130
pair	whisper-distil-v3.5+whisper-turbo	RES0145	1326	1277	186	175
pair	whisper-distil-v3.5+whisper-turbo	RES0152	1059	1028	124	112
pair	whisper-distil-v3.5+whisper-turbo	RES0158	1079	1034	116	113
pair	whisper-distil-v3.5+whisper-turbo	RES0134	1679	1630	113	102
pair	whisper-distil-v3.5+whisper-turbo	RES0153	1103	1063	138	134
pair	whisper-distil-v3.5+whisper-turbo	RES0151	1157	1125	117	108
pair	whisper-distil-v3.5+whisper-turbo	RES0156	1016	983	132	112
pair	whisper-distil-v3.5+whisper-turbo	RES0159	1104	1060	102	97
pair	whisper-distil-v3.5+whisper-turbo	RES0160	1135	1093	151	129
pair	whisper-distil-v3.5+whisper-turbo	RES0165	909	881	120	115
pair	whisper-distil-v3.5+whisper-turbo	RES0162	1235	1183	149	135
pair	whisper-distil-v3.5+whisper-turbo	RES0161	1034	993	142	128
pair	whisper-distil-v3.5+whisper-turbo	RES0169	946	906	132	126
pair	whisper-distil-v3.5+whisper-turbo	RES0155	1439	1380	217	196
pair	whisper-distil-v3.5+whisper-turbo	RES0163	1200	1155	156	143
pair	whisper-distil-v3.5+whisper-turbo	RES0171	1368	1306	146	134
pair	whisper-distil-v3.5+whisper-turbo	RES0170	1351	1300	179	166
pair	whisper-distil-v3.5+whisper-turbo	RES0167	1181	1132	141	133
pair	whisper-distil-v3.5+whisper-turbo	RES0172	1195	1148	162	157
pair	whisper-distil-v3.5+whisper-turbo	RES0166	1155	1117	161	145
pair	whisper-distil-v3.5+whisper-turbo	RES0164	1248	1197	214	187
pair	whisper-distil-v3.5+whisper-turbo	RES0173	1262	1210	184	167
pair	whisper-distil-v3.5+whisper-turbo	RES0168	1329	1271	141	135
pair	whisper-distil-v3.5+whisper-turbo	RES0175	1017	979	121	104
pair	whisper-distil-v3.5+whisper-turbo	RES0178	1125	1082	152	145
pair	whisper-distil-v3.5+whisper-turbo	RES0184	970	946	127	118
pair	whisper-distil-v3.5+whisper-turbo	RES0181	1184	1154	176	163
pair	whisper-distil-v3.5+whisper-turbo	RES0182	945	919	126	120
pair	whisper-distil-v3.5+whisper-turbo	RES0179	1291	1254	167	153
pair	whisper-distil-v3.5+whisper-turbo	RES0180	1065	1020	131	120
pair	whisper-distil-v3.5+whisper-turbo	RES0176	1305	1269	151	147
pair	whisper-distil-v3.5+whisper-turbo	RES0177	1193	1151	140	131
pair	whisper-distil-v3.5+whisper-turbo	RES0185	1075	1026	131	125
pair	whisper-distil-v3.5+whisper-turbo	RES0174	1549	1484	179	166
pair	whisper-distil-v3.5+whisper-turbo	RES0188	957	932	117	106
pair	whisper-distil-v3.5+whisper-turbo	RES0191	927	905	104	99
pair	whisper-distil-v3.5+whisper-turbo	RES0183	1217	1178	155	151
pair	whisper-distil-v3.5+whisper-turbo	RES0186	1069	1020	123	119
pair	whisper-distil-v3.5+whisper-turbo	RES0187	1303	1275	159	151
pair	whisper-distil-v3.5+whisper-turbo	RES0198	857	833	73	73
pair	whisper-distil-v3.5+whisper-turbo	RES0197	966	943	125	119
pair	whisper-distil-v3.5+whisper-turbo	RES0190	1290	1263	133	125
pair	whisper-distil-v3.5+whisper-turbo	RES0196	943	910	116	113
pair	whisper-distil-v3.5+whisper-turbo	RES0195	1335	1297	156	153
pair	whisper-distil-v3.5+whisper-turbo	RES0203	920	895	123	117
pair	whisper-distil-v3.5+whisper-turbo	RES0192	1280	1243	147	143
pair	whisper-distil-v3.5+whisper-turbo	RES0189	1439	1397	142	135
pair	whisper-distil-v3.5+whisper-turbo	RES0201	1059	1024	152	140
pair	whisper-distil-v3.5+whisper-turbo	RES0204	995	959	120	111
pair	whisper-distil-v3.5+whisper-turbo	RES0199	1152	1118	140	137
pair	whisper-distil-v3.5+whisper-turbo	RES0207	818	789	106	101
pair	whisper-distil-v3.5+whisper-turbo	RES0194	1395	1339	175	161
pair	whisper-distil-v3.5+whisper-turbo	RES0202	1522	1472	193	192
pair	whisper-distil-v3.5+whisper-turbo	RES0205	1049	1009	117	112
pair	whisper-distil-v3.5+whisper-turbo	RES0193	1431	1382	163	143
pair	whisper-distil-v3.5+whisper-turbo	RES0200	1351	1316	194	188
pair	whisper-distil-v3.5+whisper-turbo	RES0206	1354	1309	196	192
pair	whisper-distil-v3.5+whisper-turbo	RES0209	1108	1062	139	130
pair	whisper-distil-v3.5+whisper-turbo	RES0213	1485	1383	129	110
pair	whisper-distil-v3.5+whisper-turbo	RES0211	1415	1355	192	181
pair	whisper-distil-v3.5+whisper-turbo	RES0210	1139	1119	135	134
pair	whisper-distil-v3.5+whisper-turbo	RES0208	1322	1254	169	154
pair	parakeet-tdt-0.6b-v2+qwen3-asr	CAR0002	1067	1043	94	90
pair	whisper-distil-v3.5+whisper-turbo	RES0212	1304	1238	118	110
pair	parakeet-tdt-0.6b-v2+qwen3-asr	CAR0004	920	896	102	101
pair	whisper-distil-v3.5+whisper-turbo	RES0214	1123	1093	110	104
pair	whisper-distil-v3.5+whisper-turbo	RES0215	1386	1329	139	127
pair	parakeet-tdt-0.6b-v2+qwen3-asr	CAR0001	1053	1027	103	104
pair	parakeet-tdt-0.6b-v2+qwen3-asr	GAS0001	1033	984	142	138
pair	parakeet-tdt-0.6b-v2+qwen3-asr	GAS0007	903	884	89	95
pair	parakeet-tdt-0.6b-v2+qwen3-asr	GAS0002	1140	1103	99	94
pair	parakeet-tdt-0.6b-v2+qwen3-asr	CAR0005	1292	1228	96	87
pair	parakeet-tdt-0.6b-v2+qwen3-asr	GAS0004	1180	1127	120	118
pair	parakeet-tdt-0.6b-v2+qwen3-asr	GAS0003	1093	1036	115	104
pair	whisper-distil-v3.5+whisper-turbo	RES0217	1486	1424	116	99
pair	parakeet-tdt-0.6b-v2+qwen3-asr	CAR0003	1281	1259	115	113
pair	parakeet-tdt-0.6b-v2+qwen3-asr	MSK0004	1125	1096	109	104
pair	whisper-distil-v3.5+whisper-turbo	RES0216	1604	1531	121	107
pair	parakeet-tdt-0.6b-v2+qwen3-asr	DER0001	1554	1485	201	184
pair	parakeet-tdt-0.6b-v2+qwen3-asr	GEN0001	1132	1093	87	80
pair	parakeet-tdt-0.6b-v2+qwen3-asr	MSK0001	983	960	159	149
pair	parakeet-tdt-0.6b-v2+qwen3-asr	MSK0005	1513	1462	142	135
pair	parakeet-tdt-0.6b-v2+qwen3-asr	GAS0005	1599	1541	148	147
pair	parakeet-tdt-0.6b-v2+qwen3-asr	MSK0006	1781	1720	208	201
pair	parakeet-tdt-0.6b-v2+qwen3-asr	MSK0010	1505	1473	132	131
pair	parakeet-tdt-0.6b-v2+qwen3-asr	MSK0007	1358	1333	126	124
pair	parakeet-tdt-0.6b-v2+qwen3-asr	MSK0008	1417	1391	165	168
pair	parakeet-tdt-0.6b-v2+qwen3-asr	MSK0012	1652	1600	131	122
pair	parakeet-tdt-0.6b-v2+qwen3-asr	MSK0018	976	940	89	79
pair	parakeet-tdt-0.6b-v2+qwen3-asr	MSK0011	1535	1501	158	160
pair	parakeet-tdt-0.6b-v2+qwen3-asr	MSK0003	1866	1810	169	158
pair	parakeet-tdt-0.6b-v2+qwen3-asr	MSK0009	1572	1520	183	179
pair	parakeet-tdt-0.6b-v2+qwen3-asr	MSK0015	1622	1576	164	157
pair	parakeet-tdt-0.6b-v2+qwen3-asr	MSK0014	1575	1529	149	142
pair	parakeet-tdt-0.6b-v2+qwen3-asr	MSK0013	1610	1562	151	146
pair	parakeet-tdt-0.6b-v2+qwen3-asr	MSK0019	1337	1298	81	73
pair	parakeet-tdt-0.6b-v2+qwen3-asr	MSK0021	1745	1691	216	204
pair	parakeet-tdt-0.6b-v2+qwen3-asr	MSK0023	1229	1181	112	102
pair	parakeet-tdt-0.6b-v2+qwen3-asr	MSK0017	1735	1681	159	153
pair	parakeet-tdt-0.6b-v2+qwen3-asr	MSK0024	1193	1162	90	86
pair	parakeet-tdt-0.6b-v2+qwen3-asr	MSK0025	1580	1511	127	123
pair	parakeet-tdt-0.6b-v2+qwen3-asr	MSK0020	1683	1636	189	179
pair	parakeet-tdt-0.6b-v2+qwen3-asr	MSK0026	1365	1338	124	123
pair	parakeet-tdt-0.6b-v2+qwen3-asr	MSK0031	1299	1247	135	134
pair	parakeet-tdt-0.6b-v2+qwen3-asr	MSK0027	1377	1331	159	156
pair	parakeet-tdt-0.6b-v2+qwen3-asr	MSK0032	1198	1154	95	80
pair	parakeet-tdt-0.6b-v2+qwen3-asr	MSK0016	2064	1999	185	172
pair	parakeet-tdt-0.6b-v2+qwen3-asr	MSK0035	1596	1549	158	159
pair	parakeet-tdt-0.6b-v2+qwen3-asr	MSK0022	2164	2091	1148	1144
pair	parakeet-tdt-0.6b-v2+qwen3-asr	MSK0029	2268	2186	292	285
pair	parakeet-tdt-0.6b-v2+qwen3-asr	MSK0034	1448	1417	147	130
pair	parakeet-tdt-0.6b-v2+qwen3-asr	MSK0028	1836	1785	176	169
pair	parakeet-tdt-0.6b-v2+qwen3-asr	MSK0033	1687	1621	151	134
pair	parakeet-tdt-0.6b-v2+qwen3-asr	MSK0039	1404	1367	140	133
pair	parakeet-tdt-0.6b-v2+qwen3-asr	MSK0044	1177	1132	95	87
pair	parakeet-tdt-0.6b-v2+qwen3-asr	MSK0038	1895	1828	178	164
pair	parakeet-tdt-0.6b-v2+qwen3-asr	MSK0037	1682	1620	192	180
pair	parakeet-tdt-0.6b-v2+qwen3-asr	MSK0041	1583	1543	157	156
pair	parakeet-tdt-0.6b-v2+qwen3-asr	MSK0042	1522	1471	115	103
pair	parakeet-tdt-0.6b-v2+qwen3-asr	RES0002	1162	1144	333	319
pair	parakeet-tdt-0.6b-v2+qwen3-asr	MSK0040	1488	1446	151	141
pair	parakeet-tdt-0.6b-v2+qwen3-asr	MSK0036	1757	1714	159	157
pair	parakeet-tdt-0.6b-v2+qwen3-asr	RES0003	1261	1213	116	114
pair	parakeet-tdt-0.6b-v2+qwen3-asr	MSK0046	1225	1188	124	119
pair	parakeet-tdt-0.6b-v2+qwen3-asr	MSK0045	1394	1354	134	116
pair	parakeet-tdt-0.6b-v2+qwen3-asr	MSK0050	1285	1257	108	106
pair	parakeet-tdt-0.6b-v2+qwen3-asr	MSK0049	1372	1333	133	127
pair	parakeet-tdt-0.6b-v2+qwen3-asr	RES0006	1240	1207	128	130
pair	parakeet-tdt-0.6b-v2+qwen3-asr	MSK0043	1772	1694	129	105
pair	parakeet-tdt-0.6b-v2+qwen3-asr	RES0001	1526	1469	175	165
pair	parakeet-tdt-0.6b-v2+qwen3-asr	RES0004	1723	1650	201	183
pair	parakeet-tdt-0.6b-v2+qwen3-asr	RES0008	1171	1129	116	111
pair	parakeet-tdt-0.6b-v2+qwen3-asr	RES0010	1070	1018	131	127
pair	parakeet-tdt-0.6b-v2+qwen3-asr	RES0009	1446	1372	174	164
pair	parakeet-tdt-0.6b-v2+qwen3-asr	RES0005	1645	1578	143	146
pair	parakeet-tdt-0.6b-v2+qwen3-asr	RES0014	1429	1383	139	127
pair	parakeet-tdt-0.6b-v2+qwen3-asr	RES0013	1400	1325	164	156
pair	parakeet-tdt-0.6b-v2+qwen3-asr	RES0015	1607	1551	145	140
pair	parakeet-tdt-0.6b-v2+qwen3-asr	RES0011	1647	1573	152	139
pair	parakeet-tdt-0.6b-v2+qwen3-asr	RES0020	1413	1386	141	132
pair	parakeet-tdt-0.6b-v2+qwen3-asr	RES0021	1255	1226	150	140
pair	parakeet-tdt-0.6b-v2+qwen3-asr	RES0016	1327	1287	107	104
pair	parakeet-tdt-0.6b-v2+qwen3-asr	RES0018	1334	1294	128	120
pair	parakeet-tdt-0.6b-v2+qwen3-asr	RES0019	1334	1300	138	143
pair	parakeet-tdt-0.6b-v2+qwen3-asr	RES0024	1004	969	118	118
pair	parakeet-tdt-0.6b-v2+qwen3-asr	RES0023	1099	1054	153	150
pair	parakeet-tdt-0.6b-v2+qwen3-asr	RES0007	1874	1811	170	157
pair	parakeet-tdt-0.6b-v2+qwen3-asr	RES0029	811	787	78	78
pair	parakeet-tdt-0.6b-v2+qwen3-asr	RES0028	1156	1130	115	111
pair	parakeet-tdt-0.6b-v2+qwen3-asr	RES0027	1366	1323	152	149
pair	parakeet-tdt-0.6b-v2+qwen3-asr	RES0022	1999	1927	212	199
pair	parakeet-tdt-0.6b-v2+qwen3-asr	RES0026	1544	1504	153	142
pair	parakeet-tdt-0.6b-v2+qwen3-asr	RES0031	1343	1297	119	116
pair	parakeet-tdt-0.6b-v2+qwen3-asr	RES0017	1751	1698	147	137
pair	parakeet-tdt-0.6b-v2+qwen3-asr	RES0030	1184	1158	121	111
pair	parakeet-tdt-0.6b-v2+qwen3-asr	RES0032	1212	1169	109	106
pair	parakeet-tdt-0.6b-v2+qwen3-asr	RES0025	1393	1342	165	152
pair	parakeet-tdt-0.6b-v2+qwen3-asr	RES0012	2168	2058	271	265
pair	parakeet-tdt-0.6b-v2+qwen3-asr	RES0035	958	944	73	71
pair	parakeet-tdt-0.6b-v2+qwen3-asr	RES0033	1372	1306	126	124
pair	parakeet-tdt-0.6b-v2+qwen3-asr	RES0036	1423	1368	126	122
pair	parakeet-tdt-0.6b-v2+qwen3-asr	RES0037	1453	1413	149	134
pair	parakeet-tdt-0.6b-v2+qwen3-asr	RES0042	1264	1222	169	150
pair	parakeet-tdt-0.6b-v2+qwen3-asr	RES0045	1204	1158	93	85
pair	parakeet-tdt-0.6b-v2+qwen3-asr	RES0038	1554	1504	149	125
pair	parakeet-tdt-0.6b-v2+qwen3-asr	RES0052	828	809	169	162
pair	parakeet-tdt-0.6b-v2+qwen3-asr	RES0039	1672	1635	184	169
pair	parakeet-tdt-0.6b-v2+qwen3-asr	RES0034	1685	1627	127	126
pair	parakeet-tdt-0.6b-v2+qwen3-asr	RES0051	997	970	135	126
pair	parakeet-tdt-0.6b-v2+qwen3-asr	RES0043	1503	1451	181	168
pair	parakeet-tdt-0.6b-v2+qwen3-asr	RES0050	1109	1084	101	97
pair	parakeet-tdt-0.6b-v2+qwen3-asr	RES0056	1174	1140	198	188
pair	parakeet-tdt-0.6b-v2+qwen3-asr	RES0048	1809	1726	165	161
pair	parakeet-tdt-0.6b-v2+qwen3-asr	RES0046	1588	1532	137	121
pair	parakeet-tdt-0.6b-v2+qwen3-asr	RES0047	1628	1575	196	180
pair	parakeet-tdt-0.6b-v2+qwen3-asr	RES0049	1622	1555	163	154
pair	parakeet-tdt-0.6b-v2+qwen3-asr	RES0055	1375	1328	280	274
pair	parakeet-tdt-0.6b-v2+qwen3-asr	RES0044	1859	1776	161	141
pair	parakeet-tdt-0.6b-v2+qwen3-asr	RES0064	1078	1046	129	122
pair	parakeet-tdt-0.6b-v2+qwen3-asr	RES0065	1089	1064	150	137
pair	parakeet-tdt-0.6b-v2+qwen3-asr	RES0057	1245	1194	245	241
pair	parakeet-tdt-0.6b-v2+qwen3-asr	RES0067	946	912	131	121
pair	parakeet-tdt-0.6b-v2+qwen3-asr	RES0060	1683	1616	272	263
pair	parakeet-tdt-0.6b-v2+qwen3-asr	RES0059	1358	1327	195	185
pair	parakeet-tdt-0.6b-v2+qwen3-asr	RES0069	1026	994	115	111
pair	parakeet-tdt-0.6b-v2+qwen3-asr	RES0058	1514	1462	239	229
pair	parakeet-tdt-0.6b-v2+qwen3-asr	RES0066	1192	1160	173	163
pair	parakeet-tdt-0.6b-v2+qwen3-asr	RES0068	1213	1168	172	159
pair	parakeet-tdt-0.6b-v2+qwen3-asr	RES0054	2491	2446	843	788
pair	parakeet-tdt-0.6b-v2+qwen3-asr	RES0070	976	946	121	117
pair	parakeet-tdt-0.6b-v2+qwen3-asr	RES0063	1439	1384	182	174
pair	parakeet-tdt-0.6b-v2+qwen3-asr	RES0071	1301	1261	177	160
pair	parakeet-tdt-0.6b-v2+qwen3-asr	RES0053	1982	1906	367	338
pair	parakeet-tdt-0.6b-v2+qwen3-asr	RES0072	1182	1150	318	312
pair	parakeet-tdt-0.6b-v2+qwen3-asr	RES0061	1783	1701	270	246
pair	parakeet-tdt-0.6b-v2+qwen3-asr	RES0073	1340	1303	182	171
pair	parakeet-tdt-0.6b-v2+qwen3-asr	RES0079	841	815	133	117
pair	parakeet-tdt-0.6b-v2+qwen3-asr	RES0075	1112	1070	128	119
pair	parakeet-tdt-0.6b-v2+qwen3-asr	RES0080	1225	1179	174	153
pair	parakeet-tdt-0.6b-v2+qwen3-asr	RES0076	1569	1513	189	186
pair	parakeet-tdt-0.6b-v2+qwen3-asr	RES0074	1246	1206	161	156
pair	parakeet-tdt-0.6b-v2+qwen3-asr	RES0078	1140	1092	158	154
pair	parakeet-tdt-0.6b-v2+qwen3-asr	RES0082	932	891	140	130
pair	parakeet-tdt-0.6b-v2+qwen3-asr	RES0077	1649	1585	235	219
pair	parakeet-tdt-0.6b-v2+qwen3-asr	RES0085	959	923	115	97
pair	parakeet-tdt-0.6b-v2+qwen3-asr	RES0083	990	962	141	131
pair	parakeet-tdt-0.6b-v2+qwen3-asr	RES0092	837	800	107	103
pair	parakeet-tdt-0.6b-v2+qwen3-asr	RES0091	901	869	61	62
pair	parakeet-tdt-0.6b-v2+qwen3-asr	RES0094	793	766	86	77
pair	parakeet-tdt-0.6b-v2+qwen3-asr	RES0062	1965	1905	278	267
pair	parakeet-tdt-0.6b-v2+qwen3-asr	RES0090	1193	1160	85	79
pair	parakeet-tdt-0.6b-v2+qwen3-asr	RES0087	1359	1306	140	125
pair	parakeet-tdt-0.6b-v2+qwen3-asr	RES0081	1455	1391	197	178
pair	parakeet-tdt-0.6b-v2+qwen3-asr	RES0084	1562	1516	167	160
pair	parakeet-tdt-0.6b-v2+qwen3-asr	RES0088	1373	1336	146	135
pair	parakeet-tdt-0.6b-v2+qwen3-asr	RES0096	1292	1251	167	163
pair	parakeet-tdt-0.6b-v2+qwen3-asr	RES0086	1523	1463	218	183
pair	parakeet-tdt-0.6b-v2+qwen3-asr	RES0097	1381	1319	151	140
pair	parakeet-tdt-0.6b-v2+qwen3-asr	RES0095	1467	1426	197	181
pair	parakeet-tdt-0.6b-v2+qwen3-asr	RES0098	1474	1422	128	119
pair	parakeet-tdt-0.6b-v2+qwen3-asr	RES0101	1430	1379	139	129
pair	parakeet-tdt-0.6b-v2+qwen3-asr	RES0103	1100	1063	114	111
pair	parakeet-tdt-0.6b-v2+qwen3-asr	RES0089	1800	1749	194	177
pair	parakeet-tdt-0.6b-v2+qwen3-asr	RES0093	1606	1543	429	414
pair	parakeet-tdt-0.6b-v2+qwen3-asr	RES0108	950	918	107	94
pair	parakeet-tdt-0.6b-v2+qwen3-asr	RES0109	845	817	74	70
pair	parakeet-tdt-0.6b-v2+qwen3-asr	RES0104	1563	1511	174	158
pair	parakeet-tdt-0.6b-v2+qwen3-asr	RES0099	1554	1505	172	162
pair	parakeet-tdt-0.6b-v2+qwen3-asr	RES0112	835	795	81	67
pair	parakeet-tdt-0.6b-v2+qwen3-asr	RES0106	1307	1251	150	139
pair	parakeet-tdt-0.6b-v2+qwen3-asr	RES0111	965	927	110	96
pair	parakeet-tdt-0.6b-v2+qwen3-asr	RES0113	1079	1043	126	113
pair	parakeet-tdt-0.6b-v2+qwen3-asr	RES0117	951	920	141	122
pair	parakeet-tdt-0.6b-v2+qwen3-asr	RES0100	1767	1710	161	144
pair	parakeet-tdt-0.6b-v2+qwen3-asr	RES0105	1738	1663	188	170
pair	parakeet-tdt-0.6b-v2+qwen3-asr	RES0107	1596	1520	182	171
pair	parakeet-tdt-0.6b-v2+qwen3-asr	RES0118	947	921	70	65
pair	parakeet-tdt-0.6b-v2+qwen3-asr	RES0121	962	930	59	54
pair	parakeet-tdt-0.6b-v2+qwen3-asr	RES0102	2025	1952	195	183
pair	parakeet-tdt-0.6b-v2+qwen3-asr	RES0122	1046	1005	76	71
pair	parakeet-tdt-0.6b-v2+qwen3-asr	RES0110	1565	1512	158	147
pair	parakeet-tdt-0.6b-v2+qwen3-asr	RES0120	1381	1325	54	43
pair	parakeet-tdt-0.6b-v2+qwen3-asr	RES0114	1673	1606	162	145
pair	parakeet-tdt-0.6b-v2+qwen3-asr	RES0116	1588	1533	163	141
pair	parakeet-tdt-0.6b-v2+qwen3-asr	RES0119	1359	1302	89	90
pair	parakeet-tdt-0.6b-v2+qwen3-asr	RES0128	1095	1062	116	101
pair	parakeet-tdt-0.6b-v2+qwen3-asr	RES0129	1078	1040	130	119
pair	parakeet-tdt-0.6b-v2+qwen3-asr	RES0131	1231	1176	114	96
pair	parakeet-tdt-0.6b-v2+qwen3-asr	RES0132	1309	1276	80	72
pair	parakeet-tdt-0.6b-v2+qwen3-asr	RES0123	1716	1647	135	122
pair	parakeet-tdt-0.6b-v2+qwen3-asr	RES0124	1729	1675	107	93
pair	parakeet-tdt-0.6b-v2+qwen3-asr	RES0127	1461	1418	145	144
pair	parakeet-tdt-0.6b-v2+qwen3-asr	RES0133	1264	1222	114	98
pair	parakeet-tdt-0.6b-v2+qwen3-asr	RES0125	1638	1576	118	103
pair	parakeet-tdt-0.6b-v2+qwen3-asr	RES0130	1329	1282	99	86
pair	parakeet-tdt-0.6b-v2+qwen3-asr	RES0140	907	877	89	71
pair	parakeet-tdt-0.6b-v2+qwen3-asr	RES0135	1224	1191	97	91
pair	parakeet-tdt-0.6b-v2+qwen3-asr	RES0142	778	758	54	43
pair	parakeet-tdt-0.6b-v2+qwen3-asr	RES0137	1274	1216	108	94
pair	parakeet-tdt-0.6b-v2+qwen3-asr	RES0134	1679	1630	118	106
pair	parakeet-tdt-0.6b-v2+qwen3-asr	RES0138	1148	1118	119	112
pair	parakeet-tdt-0.6b-v2+qwen3-asr	RES0136	1243	1211	109	97
pair	parakeet-tdt-0.6b-v2+qwen3-asr	RES0139	1131	1093	118	104
pair	parakeet-tdt-0.6b-v2+qwen3-asr	RES0141	987	949	84	73
pair	parakeet-tdt-0.6b-v2+qwen3-asr	RES0146	898	870	100	102
pair	parakeet-tdt-0.6b-v2+qwen3-asr	RES0144	1153	1119	146	137
pair	parakeet-tdt-0.6b-v2+qwen3-asr	RES0143	1119	1080	108	99
pair	parakeet-tdt-0.6b-v2+qwen3-asr	RES0154	943	922	143	136
pair	parakeet-tdt-0.6b-v2+qwen3-asr	RES0126	1858	1784	212	203
pair	parakeet-tdt-0.6b-v2+qwen3-asr	RES0148	1136	1101	154	153
pair	parakeet-tdt-0.6b-v2+qwen3-asr	RES0151	1157	1125	125	120
pair	parakeet-tdt-0.6b-v2+qwen3-asr	RES0152	1059	1028	99	88
pair	parakeet-tdt-0.6b-v2+qwen3-asr	RES0149	1270	1231	111	104
pair	parakeet-tdt-0.6b-v2+qwen3-asr	RES0150	1147	1099	135	123
pair	parakeet-tdt-0.6b-v2+qwen3-asr	RES0156	1016	983	124	104
pair	parakeet-tdt-0.6b-v2+qwen3-asr	RES0147	1274	1234	176	157
pair	parakeet-tdt-0.6b-v2+qwen3-asr	RES0145	1326	1277	154	147
pair	parakeet-tdt-0.6b-v2+qwen3-asr	RES0153	1103	1063	120	118
pair	parakeet-tdt-0.6b-v2+qwen3-asr	RES0155	1439	1380	207	189
pair	parakeet-tdt-0.6b-v2+qwen3-asr	RES0165	909	881	137	131
pair	parakeet-tdt-0.6b-v2+qwen3-asr	RES0158	1079	1034	115	115
pair	parakeet-tdt-0.6b-v2+qwen3-asr	RES0161	1034	993	140	129
pair	parakeet-tdt-0.6b-v2+qwen3-asr	RES0162	1235	1183	135	123
pair	parakeet-tdt-0.6b-v2+qwen3-asr	RES0163	1200	1155	132	122
pair	parakeet-tdt-0.6b-v2+qwen3-asr	RES0159	1104	1060	97	90
pair	parakeet-tdt-0.6b-v2+qwen3-asr	RES0169	946	906	122	116
pair	parakeet-tdt-0.6b-v2+qwen3-asr	RES0160	1135	1093	1114	1094
pair	parakeet-tdt-0.6b-v2+qwen3-asr	RES0164	1248	1197	185	160
pair	parakeet-tdt-0.6b-v2+qwen3-asr	RES0166	1155	1117	159	146
pair	parakeet-tdt-0.6b-v2+qwen3-asr	RES0170	1351	1300	166	155
pair	parakeet-tdt-0.6b-v2+qwen3-asr	RES0167	1181	1132	135	125
pair	parakeet-tdt-0.6b-v2+qwen3-asr	RES0173	1262	1210	172	155
pair	parakeet-tdt-0.6b-v2+qwen3-asr	RES0168	1329	1271	193	188
pair	parakeet-tdt-0.6b-v2+qwen3-asr	RES0175	1017	979	114	102
pair	parakeet-tdt-0.6b-v2+qwen3-asr	RES0172	1195	1148	145	139
pair	parakeet-tdt-0.6b-v2+qwen3-asr	RES0176	1305	1269	142	137
pair	parakeet-tdt-0.6b-v2+qwen3-asr	RES0180	1065	1020	133	127
pair	parakeet-tdt-0.6b-v2+qwen3-asr	RES0171	1368	1306	144	132
pair	parakeet-tdt-0.6b-v2+qwen3-asr	RES0182	945	919	104	102
pair	parakeet-tdt-0.6b-v2+qwen3-asr	RES0174	1549	1484	174	168
pair	parakeet-tdt-0.6b-v2+qwen3-asr	RES0178	1125	1082	150	142
pair	parakeet-tdt-0.6b-v2+qwen3-asr	RES0177	1193	1151	161	151
pair	parakeet-tdt-0.6b-v2+qwen3-asr	RES0184	970	946	133	124
pair	parakeet-tdt-0.6b-v2+qwen3-asr	RES0186	1069	1020	117	112
pair	parakeet-tdt-0.6b-v2+qwen3-asr	RES0181	1184	1154	156	141
pair	parakeet-tdt-0.6b-v2+qwen3-asr	RES0179	1291	1254	178	161
pair	parakeet-tdt-0.6b-v2+qwen3-asr	RES0185	1075	1026	129	126
pair	parakeet-tdt-0.6b-v2+qwen3-asr	RES0187	1303	1275	151	138
pair	parakeet-tdt-0.6b-v2+qwen3-asr	RES0188	957	932	113	102
pair	parakeet-tdt-0.6b-v2+qwen3-asr	RES0191	927	905	96	94
pair	parakeet-tdt-0.6b-v2+qwen3-asr	RES0190	1290	1263	129	122
pair	parakeet-tdt-0.6b-v2+qwen3-asr	RES0198	857	833	86	83
pair	parakeet-tdt-0.6b-v2+qwen3-asr	RES0183	1217	1178	157	148
pair	parakeet-tdt-0.6b-v2+qwen3-asr	RES0196	943	910	121	117
pair	parakeet-tdt-0.6b-v2+qwen3-asr	RES0197	966	943	117	111
pair	parakeet-tdt-0.6b-v2+qwen3-asr	RES0194	1395	1339	162	150
pair	parakeet-tdt-0.6b-v2+qwen3-asr	RES0189	1439	1397	161	155
pair	parakeet-tdt-0.6b-v2+qwen3-asr	RES0195	1335	1297	141	140
pair	parakeet-tdt-0.6b-v2+qwen3-asr	RES0192	1280	1243	144	142
pair	parakeet-tdt-0.6b-v2+qwen3-asr	RES0204	995	959	108	99
pair	parakeet-tdt-0.6b-v2+qwen3-asr	RES0201	1059	1024	144	132
pair	parakeet-tdt-0.6b-v2+qwen3-asr	RES0199	1152	1118	140	139
pair	parakeet-tdt-0.6b-v2+qwen3-asr	RES0203	920	895	108	107
pair	parakeet-tdt-0.6b-v2+qwen3-asr	RES0193	1431	1382	244	219
pair	parakeet-tdt-0.6b-v2+qwen3-asr	RES0207	818	789	114	109
pair	parakeet-tdt-0.6b-v2+qwen3-asr	RES0200	1351	1316	197	188
pair	parakeet-tdt-0.6b-v2+qwen3-asr	RES0205	1049	1009	108	106
pair	parakeet-tdt-0.6b-v2+qwen3-asr	RES0209	1108	1062	140	131
pair	parakeet-tdt-0.6b-v2+qwen3-asr	RES0208	1322	1254	161	148
pair	parakeet-tdt-0.6b-v2+qwen3-asr	RES0206	1354	1309	182	171
pair	parakeet-tdt-0.6b-v2+qwen3-asr	RES0202	1522	1472	187	184
pair	parakeet-tdt-0.6b-v2+qwen3-asr	RES0214	1123	1093	128	121
pair	parakeet-tdt-0.6b-v2+qwen3-asr	RES0210	1139	1119	130	129
pair	parakeet-tdt-0.6b-v2+qwen3-asr	RES0212	1304	1238	98	91
pair	parakeet-tdt-0.6b-v2+qwen3-asr	RES0213	1485	1383	130	112
pair	sensevoice+sensevoice-no-itn	CAR0004	920	896	100	106
pair	parakeet-tdt-0.6b-v2+qwen3-asr	RES0211	1415	1355	179	168
pair	sensevoice+sensevoice-no-itn	CAR0001	1053	1027	120	117
pair	sensevoice+sensevoice-no-itn	CAR0002	1067	1043	119	116
pair	sensevoice+sensevoice-no-itn	CAR0005	1292	1228	118	109
pair	parakeet-tdt-0.6b-v2+qwen3-asr	RES0215	1386	1329	132	121
pair	parakeet-tdt-0.6b-v2+qwen3-asr	RES0216	1604	1531	105	96
pair	sensevoice+sensevoice-no-itn	GAS0003	1093	1036	146	133
pair	sensevoice+sensevoice-no-itn	GAS0007	903	884	117	124
pair	parakeet-tdt-0.6b-v2+qwen3-asr	RES0217	1486	1424	112	94
pair	sensevoice+sensevoice-no-itn	GAS0001	1033	984	191	179
pair	sensevoice+sensevoice-no-itn	CAR0003	1281	1259	132	128
pair	sensevoice+sensevoice-no-itn	GAS0004	1180	1127	165	159
pair	sensevoice+sensevoice-no-itn	MSK0001	983	960	134	126
pair	sensevoice+sensevoice-no-itn	GAS0002	1140	1103	124	118
pair	sensevoice+sensevoice-no-itn	DER0001	1554	1485	204	197
pair	sensevoice+sensevoice-no-itn	MSK0004	1125	1096	136	127
pair	sensevoice+sensevoice-no-itn	GEN0001	1132	1093	124	116
pair	sensevoice+sensevoice-no-itn	GAS0005	1599	1541	186	182
pair	sensevoice+sensevoice-no-itn	MSK0007	1358	1333	153	149
pair	sensevoice+sensevoice-no-itn	MSK0005	1513	1462	186	173
pair	sensevoice+sensevoice-no-itn	MSK0011	1535	1501	189	185
pair	sensevoice+sensevoice-no-itn	MSK0008	1417	1391	174	178
pair	sensevoice+sensevoice-no-itn	MSK0010	1505	1473	151	152
pair	sensevoice+sensevoice-no-itn	MSK0009	1572	1520	204	197
pair	sensevoice+sensevoice-no-itn	MSK0003	1866	1810	203	194
pair	sensevoice+sensevoice-no-itn	MSK0006	1781	1720	229	220
pair	sensevoice+sensevoice-no-itn	MSK0012	1652	1600	157	147
pair	sensevoice+sensevoice-no-itn	MSK0013	1610	1562	163	155
pair	sensevoice+sensevoice-no-itn	MSK0018	976	940	78	73
pair	sensevoice+sensevoice-no-itn	MSK0014	1575	1529	182	174
pair	sensevoice+sensevoice-no-itn	MSK0019	1337	1298	107	98
pair	sensevoice+sensevoice-no-itn	MSK0015	1622	1576	207	205
pair	sensevoice+sensevoice-no-itn	MSK0017	1735	1681	192	188
pair	sensevoice+sensevoice-no-itn	MSK0023	1229	1181	139	133
pair	sensevoice+sensevoice-no-itn	MSK0020	1683	1636	217	209
pair	sensevoice+sensevoice-no-itn	MSK0024	1193	1162	104	102
pair	sensevoice+sensevoice-no-itn	MSK0016	2064	1999	215	203
pair	sensevoice+sensevoice-no-itn	MSK0026	1365	1338	147	146
pair	sensevoice+sensevoice-no-itn	MSK0027	1377	1331	175	168
pair	sensevoice+sensevoice-no-itn	MSK0021	1745	1691	247	235
pair	sensevoice+sensevoice-no-itn	MSK0025	1580	1511	139	134
pair	sensevoice+sensevoice-no-itn	MSK0022	2164	2091	216	210
pair	sensevoice+sensevoice-no-itn	MSK0028	1836	1785	202	195
pair	sensevoice+sensevoice-no-itn	MSK0032	1198	1154	92	80
pair	sensevoice+sensevoice-no-itn	MSK0031	1299	1247	152	148
pair	sensevoice+sensevoice-no-itn	MSK0033	1687	1621	189	168
pair	sensevoice+sensevoice-no-itn	MSK0034	1448	1417	183	176
pair	sensevoice+sensevoice-no-itn	MSK0035	1596	1549	178	176
pair	sensevoice+sensevoice-no-itn	MSK0044	1177	1132	127	119
pair	sensevoice+sensevoice-no-itn	MSK0040	1488	1446	158	149
pair	sensevoice+sensevoice-no-itn	MSK0041	1583	1543	166	164
pair	sensevoice+sensevoice-no-itn	MSK0039	1404	1367	140	133
pair	sensevoice+sensevoice-no-itn	MSK0046	1225	1188	139	137
pair	sensevoice+sensevoice-no-itn	MSK0042	1522	1471	157	143
pair	sensevoice+sensevoice-no-itn	MSK0050	1285	1257	136	130
pair	sensevoice+sensevoice-no-itn	MSK0037	1682	1620	199	191
pair	sensevoice+sensevoice-no-itn	MSK0049	1372	1333	159	148
pair	sensevoice+sensevoice-no-itn	MSK0036	1757	1714	181	176
pair	sensevoice+sensevoice-no-itn	RES0003	1261	1213	126	123
pair	sensevoice+sensevoice-no-itn	MSK0045	1394	1354	148	136
pair	sensevoice+sensevoice-no-itn	RES0002	1162	1144	336	328
pair	sensevoice+sensevoice-no-itn	MSK0029	2268	2186	287	281
pair	sensevoice+sensevoice-no-itn	MSK0043	1772	1694	168	146
pair	sensevoice+sensevoice-no-itn	MSK0038	1895	1828	191	179
pair	sensevoice+sensevoice-no-itn	RES0001	1526	1469	192	186
pair	sensevoice+sensevoice-no-itn	RES0010	1070	1018	180	173
pair	sensevoice+sensevoice-no-itn	RES0008	1171	1129	128	124
pair	sensevoice+sensevoice-no-itn	RES0006	1240	1207	161	163
pair	sensevoice+sensevoice-no-itn	RES0009	1446	1372	175	165
pair	sensevoice+sensevoice-no-itn	RES0005	1645	1578	159	156
pair	sensevoice+sensevoice-no-itn	RES0013	1400	1325	172	163
pair	sensevoice+sensevoice-no-itn	RES0014	1429	1383	187	179
pair	sensevoice+sensevoice-no-itn	RES0011	1647	1573	199	180
pair	sensevoice+sensevoice-no-itn	RES0016	1327	1287	132	130
pair	sensevoice+sensevoice-no-itn	RES0004	1723	1650	233	210
pair	sensevoice+sensevoice-no-itn	RES0019	1334	1300	155	153
pair	sensevoice+sensevoice-no-itn	RES0024	1004	969	130	128
pair	sensevoice+sensevoice-no-itn	RES0023	1099	1054	194	184
pair	sensevoice+sensevoice-no-itn	RES0015	1607	1551	160	153
pair	sensevoice+sensevoice-no-itn	RES0018	1334	1294	145	142
pair	sensevoice+sensevoice-no-itn	RES0007	1874	1811	191	183
pair	sensevoice+sensevoice-no-itn	RES0020	1413	1386	170	162
pair	sensevoice+sensevoice-no-itn	RES0021	1255	1226	166	154
pair	sensevoice+sensevoice-no-itn	RES0029	811	787	93	95
pair	sensevoice+sensevoice-no-itn	RES0012	2168	2058	273	261
pair	sensevoice+sensevoice-no-itn	RES0028	1156	1130	138	133
pair	sensevoice+sensevoice-no-itn	RES0027	1366	1323	156	150
pair	sensevoice+sensevoice-no-itn	RES0030	1184	1158	130	121
pair	sensevoice+sensevoice-no-itn	RES0025	1393	1342	190	179
pair	sensevoice+sensevoice-no-itn	RES0026	1544	1504	174	161
pair	sensevoice+sensevoice-no-itn	RES0032	1212	1169	129	125
pair	sensevoice+sensevoice-no-itn	RES0017	1751	1698	183	175
pair	sensevoice+sensevoice-no-itn	RES0035	958	944	81	79
pair	sensevoice+sensevoice-no-itn	RES0031	1343	1297	133	136
pair	sensevoice+sensevoice-no-itn	RES0022	1999	1927	230	216
pair	sensevoice+sensevoice-no-itn	RES0042	1264	1222	201	184
pair	sensevoice+sensevoice-no-itn	RES0033	1372	1306	123	123
pair	sensevoice+sensevoice-no-itn	RES0037	1453	1413	175	164
pair	sensevoice+sensevoice-no-itn	RES0036	1423	1368	142	135
pair	sensevoice+sensevoice-no-itn	RES0043	1503	1451	238	226
pair	sensevoice+sensevoice-no-itn	RES0045	1204	1158	123	106
pair	sensevoice+sensevoice-no-itn	RES0038	1554	1504	167	150
pair	sensevoice+sensevoice-no-itn	RES0034	1685	1627	188	187
pair	sensevoice+sensevoice-no-itn	RES0050	1109	1084	114	110
pair	sensevoice+sensevoice-no-itn	RES0051	997	970	142	135
pair	sensevoice+sensevoice-no-itn	RES0052	828	809	142	135
pair	sensevoice+sensevoice-no-itn	RES0039	1672	1635	195	180
pair	sensevoice+sensevoice-no-itn	RES0046	1588	1532	187	167
pair	sensevoice+sensevoice-no-itn	RES0048	1809	1726	192	180
pair	sensevoice+sensevoice-no-itn	RES0044	1859	1776	201	174
pair	sensevoice+sensevoice-no-itn	RES0056	1174	1140	203	193
pair	sensevoice+sensevoice-no-itn	RES0057	1245	1194	243	237
pair	sensevoice+sensevoice-no-itn	RES0049	1622	1555	193	183
pair	sensevoice+sensevoice-no-itn	RES0047	1628	1575	207	187
pair	sensevoice+sensevoice-no-itn	RES0055	1375	1328	277	272
pair	sensevoice+sensevoice-no-itn	RES0059	1358	1327	205	198
pair	sensevoice+sensevoice-no-itn	RES0058	1514	1462	263	254
pair	sensevoice+sensevoice-no-itn	RES0064	1078	1046	143	140
pair	sensevoice+sensevoice-no-itn	RES0065	1089	1064	156	151
pair	sensevoice+sensevoice-no-itn	RES0067	946	912	120	114
pair	sensevoice+sensevoice-no-itn	RES0066	1192	1160	161	150
pair	sensevoice+sensevoice-no-itn	RES0063	1439	1384	213	201
pair	sensevoice+sensevoice-no-itn	RES0054	2491	2446	790	744
pair	sensevoice+sensevoice-no-itn	RES0068	1213	1168	170	158
pair	sensevoice+sensevoice-no-itn	RES0069	1026	994	165	156
pair	sensevoice+sensevoice-no-itn	RES0070	976	946	173	165
pair	sensevoice+sensevoice-no-itn	RES0061	1783	1701	258	237
pair	sensevoice+sensevoice-no-itn	RES0060	1683	1616	296	290
pair	sensevoice+sensevoice-no-itn	RES0075	1112	1070	150	139
pair	sensevoice+sensevoice-no-itn	RES0062	1965	1905	316	300
pair	sensevoice+sensevoice-no-itn	RES0078	1140	1092	171	168
pair	sensevoice+sensevoice-no-itn	RES0053	1982	1906	400	375
pair	sensevoice+sensevoice-no-itn	RES0079	841	815	138	130
pair	sensevoice+sensevoice-no-itn	RES0071	1301	1261	172	156
pair	sensevoice+sensevoice-no-itn	RES0072	1182	1150	189	181
pair	sensevoice+sensevoice-no-itn	RES0073	1340	1303	180	174
pair	sensevoice+sensevoice-no-itn	RES0082	932	891	150	143
pair	sensevoice+sensevoice-no-itn	RES0074	1246	1206	162	159
pair	sensevoice+sensevoice-no-itn	RES0083	990	962	165	152
pair	sensevoice+sensevoice-no-itn	RES0076	1569	1513	191	197
pair	sensevoice+sensevoice-no-itn	RES0085	959	923	134	116
pair	sensevoice+sensevoice-no-itn	RES0091	901	869	76	75
pair	sensevoice+sensevoice-no-itn	RES0080	1225	1179	184	166
pair	sensevoice+sensevoice-no-itn	RES0077	1649	1585	239	228
pair	sensevoice+sensevoice-no-itn	RES0092	837	800	119	114
pair	sensevoice+sensevoice-no-itn	RES0081	1455	1391	215	206
pair	sensevoice+sensevoice-no-itn	RES0094	793	766	106	100
pair	sensevoice+sensevoice-no-itn	RES0090	1193	1160	111	106
pair	sensevoice+sensevoice-no-itn	RES0096	1292	1251	216	206
pair	sensevoice+sensevoice-no-itn	RES0087	1359	1306	160	151
pair	sensevoice+sensevoice-no-itn	RES0088	1373	1336	154	142
pair	sensevoice+sensevoice-no-itn	RES0097	1381	1319	242	219
pair	sensevoice+sensevoice-no-itn	RES0084	1562	1516	180	173
pair	sensevoice+sensevoice-no-itn	RES0095	1467	1426	230	216
pair	sensevoice+sensevoice-no-itn	RES0086	1523	1463	229	194
pair	sensevoice+sensevoice-no-itn	RES0098	1474	1422	158	153
pair	sensevoice+sensevoice-no-itn	RES0093	1606	1543	242	225
pair	sensevoice+sensevoice-no-itn	RES0108	950	918	124	111
pair	sensevoice+sensevoice-no-itn	RES0103	1100	1063	140	136
pair	sensevoice+sensevoice-no-itn	RES0089	1800	1749	193	180
pair	sensevoice+sensevoice-no-itn	RES0101	1430	1379	169	153
pair	sensevoice+sensevoice-no-itn	RES0099	1554	1505	195	184
pair	sensevoice+sensevoice-no-itn	RES0106	1307	1251	182	167
pair	sensevoice+sensevoice-no-itn	RES0109	845	817	106	98
pair	sensevoice+sensevoice-no-itn	RES0112	835	795	90	80
pair	sensevoice+sensevoice-no-itn	RES0113	1079	1043	123	117
pair	sensevoice+sensevoice-no-itn	RES0104	1563	1511	200	184
pair	sensevoice+sensevoice-no-itn	RES0100	1767	1710	178	160
pair	sensevoice+sensevoice-no-itn	RES0111	965	927	118	110
pair	sensevoice+sensevoice-no-itn	RES0118	947	921	85	81
pair	sensevoice+sensevoice-no-itn	RES0107	1596	1520	217	210
pair	sensevoice+sensevoice-no-itn	RES0117	951	920	116	99
pair	sensevoice+sensevoice-no-itn	RES0121	962	930	63	59
pair	sensevoice+sensevoice-no-itn	RES0105	1738	1663	220	206
pair	sensevoice+sensevoice-no-itn	RES0116	1588	1533	184	167
pair	sensevoice+sensevoice-no-itn	RES0122	1046	1005	121	114
pair	sensevoice+sensevoice-no-itn	RES0110	1565	1512	172	159
pair	sensevoice+sensevoice-no-itn	RES0120	1381	1325	79	64
pair	sensevoice+sensevoice-no-itn	RES0119	1359	1302	115	115
pair	sensevoice+sensevoice-no-itn	RES0128	1095	1062	146	132
pair	sensevoice+sensevoice-no-itn	RES0123	1716	1647	198	184
pair	sensevoice+sensevoice-no-itn	RES0102	2025	1952	223	206
pair	sensevoice+sensevoice-no-itn	RES0114	1673	1606	226	210
pair	sensevoice+sensevoice-no-itn	RES0124	1729	1675	153	139
pair	sensevoice+sensevoice-no-itn	RES0129	1078	1040	140	129
pair	sensevoice+sensevoice-no-itn	RES0126	1858	1784	274	271
pair	sensevoice+sensevoice-no-itn	RES0127	1461	1418	172	173
pair	sensevoice+sensevoice-no-itn	RES0133	1264	1222	132	122
pair	sensevoice+sensevoice-no-itn	RES0125	1638	1576	167	145
pair	sensevoice+sensevoice-no-itn	RES0130	1329	1282	100	93
pair	sensevoice+sensevoice-no-itn	RES0137	1274	1216	146	126
pair	sensevoice+sensevoice-no-itn	RES0131	1231	1176	124	107
pair	sensevoice+sensevoice-no-itn	RES0139	1131	1093	148	136
pair	sensevoice+sensevoice-no-itn	RES0138	1148	1118	161	154
pair	sensevoice+sensevoice-no-itn	RES0141	987	949	116	105
pair	sensevoice+sensevoice-no-itn	RES0142	778	758	116	106
pair	sensevoice+sensevoice-no-itn	RES0132	1309	1276	95	84
pair	sensevoice+sensevoice-no-itn	RES0140	907	877	120	109
pair	sensevoice+sensevoice-no-itn	RES0136	1243	1211	127	115
pair	sensevoice+sensevoice-no-itn	RES0135	1224	1191	121	109
pair	sensevoice+sensevoice-no-itn	RES0146	898	870	119	117
pair	sensevoice+sensevoice-no-itn	RES0134	1679	1630	144	134
pair	sensevoice+sensevoice-no-itn	RES0148	1136	1101	176	166
pair	sensevoice+sensevoice-no-itn	RES0144	1153	1119	165	158
pair	sensevoice+sensevoice-no-itn	RES0143	1119	1080	135	127
pair	sensevoice+sensevoice-no-itn	RES0154	943	922	138	132
pair	sensevoice+sensevoice-no-itn	RES0152	1059	1028	132	123
pair	sensevoice+sensevoice-no-itn	RES0149	1270	1231	173	169
pair	sensevoice+sensevoice-no-itn	RES0156	1016	983	163	143
pair	sensevoice+sensevoice-no-itn	RES0150	1147	1099	183	171
pair	sensevoice+sensevoice-no-itn	RES0147	1274	1234	195	177
pair	sensevoice+sensevoice-no-itn	RES0151	1157	1125	145	139
pair	sensevoice+sensevoice-no-itn	RES0145	1326	1277	189	178
pair	sensevoice+sensevoice-no-itn	RES0153	1103	1063	153	147
pair	sensevoice+sensevoice-no-itn	RES0161	1034	993	141	130
pair	sensevoice+sensevoice-no-itn	RES0160	1135	1093	168	150
pair	sensevoice+sensevoice-no-itn	RES0155	1439	1380	201	188
pair	sensevoice+sensevoice-no-itn	RES0158	1079	1034	133	128
pair	sensevoice+sensevoice-no-itn	RES0159	1104	1060	137	133
pair	sensevoice+sensevoice-no-itn	RES0169	946	906	127	120
pair	sensevoice+sensevoice-no-itn	RES0163	1200	1155	155	141
pair	sensevoice+sensevoice-no-itn	RES0165	909	881	145	139
pair	sensevoice+sensevoice-no-itn	RES0162	1235	1183	160	148
pair	sensevoice+sensevoice-no-itn	RES0166	1155	1117	181	174
pair	sensevoice+sensevoice-no-itn	RES0167	1181	1132	136	127
pair	sensevoice+sensevoice-no-itn	RES0164	1248	1197	228	211
pair	sensevoice+sensevoice-no-itn	RES0172	1195	1148	157	155
pair	sensevoice+sensevoice-no-itn	RES0175	1017	979	159	143
pair	sensevoice+sensevoice-no-itn	RES0168	1329	1271	165	162
pair	sensevoice+sensevoice-no-itn	RES0170	1351	1300	200	191
pair	sensevoice+sensevoice-no-itn	RES0173	1262	1210	190	175
pair	sensevoice+sensevoice-no-itn	RES0171	1368	1306	173	164
pair	sensevoice+sensevoice-no-itn	RES0177	1193	1151	172	169
pair	sensevoice+sensevoice-no-itn	RES0180	1065	1020	155	146
pair	sensevoice+sensevoice-no-itn	RES0178	1125	1082	173	166
pair	sensevoice+sensevoice-no-itn	RES0182	945	919	115	109
pair	sensevoice+sensevoice-no-itn	RES0176	1305	1269	175	169
pair	sensevoice+sensevoice-no-itn	RES0184	970	946	145	138
pair	sensevoice+sensevoice-no-itn	RES0174	1549	1484	248	231
pair	sensevoice+sensevoice-no-itn	RES0181	1184	1154	176	163
pair	sensevoice+sensevoice-no-itn	RES0183	1217	1178	166	162
pair	sensevoice+sensevoice-no-itn	RES0179	1291	1254	177	162
pair	sensevoice+sensevoice-no-itn	RES0185	1075	1026	152	145
pair	sensevoice+sensevoice-no-itn	RES0186	1069	1020	134	133
pair	sensevoice+sensevoice-no-itn	RES0188	957	932	125	115
pair	sensevoice+sensevoice-no-itn	RES0191	927	905	106	103
pair	sensevoice+sensevoice-no-itn	RES0190	1290	1263	143	136
pair	sensevoice+sensevoice-no-itn	RES0187	1303	1275	176	169
pair	sensevoice+sensevoice-no-itn	RES0198	857	833	94	90
pair	sensevoice+sensevoice-no-itn	RES0193	1431	1382	183	166
pair	sensevoice+sensevoice-no-itn	RES0196	943	910	138	138
pair	sensevoice+sensevoice-no-itn	RES0197	966	943	130	123
pair	sensevoice+sensevoice-no-itn	RES0195	1335	1297	155	155
pair	sensevoice+sensevoice-no-itn	RES0194	1395	1339	187	175
pair	sensevoice+sensevoice-no-itn	RES0192	1280	1243	156	152
pair	sensevoice+sensevoice-no-itn	RES0201	1059	1024	170	158
pair	sensevoice+sensevoice-no-itn	RES0207	818	789	130	123
pair	sensevoice+sensevoice-no-itn	RES0204	995	959	113	107
pair	sensevoice+sensevoice-no-itn	RES0199	1152	1118	150	149
pair	sensevoice+sensevoice-no-itn	RES0189	1439	1397	174	166
pair	sensevoice+sensevoice-no-itn	RES0203	920	895	146	136
pair	sensevoice+sensevoice-no-itn	RES0205	1049	1009	163	157
pair	sensevoice+sensevoice-no-itn	RES0210	1139	1119	156	155
pair	sensevoice+sensevoice-no-itn	RES0202	1522	1472	217	219
pair	sensevoice+sensevoice-no-itn	RES0209	1108	1062	139	130
pair	sensevoice+sensevoice-no-itn	RES0200	1351	1316	217	213
pair	sensevoice+sensevoice-no-itn	RES0212	1304	1238	128	120
pair	sensevoice+sensevoice-no-itn	RES0206	1354	1309	205	196
pair	sensevoice+sensevoice-no-itn	RES0211	1415	1355	197	189
pair	sensevoice+sensevoice-no-itn	RES0208	1322	1254	184	172
pair	sensevoice+sensevoice-no-itn	RES0214	1123	1093	131	124
pair	sensevoice+sensevoice-no-itn	RES0213	1485	1383	149	126
pair	sensevoice+sensevoice-no-itn	RES0215	1386	1329	132	124
pair	sensevoice+sensevoice-no-itn	RES0217	1486	1424	152	135
pair	sensevoice+sensevoice-no-itn	RES0216	1604	1531	139	127
