display	fid	words_fixed	words_buggy	fixed_err	buggy_err
Whisper base.en	CAR0004	920	896	129	171
Whisper base.en	CAR0002	1067	1043	124	159
Whisper base.en	GAS0007	903	884	135	167
Whisper base.en	CAR0001	1053	1027	118	156
Whisper base.en	GAS0001	1033	984	221	282
Whisper base.en	GAS0002	1140	1103	127	178
Whisper base.en	GAS0003	1093	1036	152	229
Whisper base.en	GAS0004	1180	1127	190	261
Whisper base.en	CAR0003	1281	1259	151	183
Whisper base.en	CAR0005	1292	1228	153	246
Whisper base.en	GEN0001	1132	1093	121	188
Whisper base.en	MSK0001	983	960	131	164
Whisper base.en	DER0001	1554	1485	238	342
Whisper base.en	GAS0005	1599	1541	236	324
Whisper base.en	MSK0008	1417	1391	215	254
Whisper base.en	MSK0010	1505	1473	173	223
Whisper base.en	MSK0011	1535	1501	212	259
Whisper base.en	MSK0004	1125	1096	138	178
Whisper base.en	MSK0006	1781	1720	218	315
Whisper base.en	MSK0007	1358	1333	156	197
Whisper base.en	MSK0014	1575	1529	195	264
Whisper base.en	MSK0005	1513	1462	179	258
Whisper base.en	MSK0009	1572	1520	312	388
Whisper base.en	MSK0013	1610	1562	189	273
Whisper base.en	MSK0012	1652	1600	174	254
Whisper base.en	MSK0003	1866	1810	231	319
Whisper base.en	MSK0015	1622	1576	260	335
Whisper base.en	MSK0019	1337	1298	147	202
Whisper base.en	MSK0018	976	940	101	141
Whisper base.en	MSK0017	1735	1681	208	303
Whisper base.en	MSK0016	2064	1999	215	317
Whisper base.en	MSK0024	1193	1162	107	157
Whisper base.en	MSK0023	1229	1181	155	218
Whisper base.en	MSK0027	1377	1331	171	241
Whisper base.en	MSK0031	1299	1247	179	245
Whisper base.en	MSK0020	1683	1636	230	309
Whisper base.en	MSK0032	1198	1154	127	188
Whisper base.en	MSK0025	1580	1511	157	270
Whisper base.en	MSK0026	1365	1338	147	188
Whisper base.en	MSK0021	1745	1691	241	329
Whisper base.en	MSK0022	2164	2091	232	357
Whisper base.en	MSK0028	1836	1785	220	307
Whisper base.en	MSK0035	1596	1549	207	272
Whisper base.en	MSK0036	1757	1714	197	271
Whisper base.en	MSK0034	1448	1417	191	243
Whisper base.en	MSK0038	1895	1828	248	356
Whisper base.en	MSK0029	2268	2186	297	425
Whisper base.en	MSK0042	1522	1471	179	256
Whisper base.en	MSK0033	1687	1621	203	319
Whisper base.en	MSK0039	1404	1367	273	305
Whisper base.en	MSK0044	1177	1132	187	249
Whisper base.en	MSK0037	1682	1620	233	335
Whisper base.en	MSK0040	1488	1446	192	261
Whisper base.en	MSK0041	1583	1543	179	243
Whisper base.en	MSK0045	1394	1354	178	246
Whisper base.en	MSK0049	1372	1333	155	214
Whisper base.en	MSK0043	1772	1694	234	337
Whisper base.en	RES0001	1526	1469	328	416
Whisper base.en	MSK0046	1225	1188	176	235
Whisper base.en	RES0002	1162	1144	344	375
Whisper base.en	MSK0050	1285	1257	128	178
Whisper base.en	RES0004	1723	1650	260	377
Whisper base.en	RES0003	1261	1213	153	227
Whisper base.en	RES0008	1171	1129	156	224
Whisper base.en	RES0006	1240	1207	142	199
Whisper base.en	RES0009	1446	1372	222	332
Whisper base.en	RES0010	1070	1018	187	252
Whisper base.en	RES0005	1645	1578	167	287
Whisper base.en	RES0011	1647	1573	231	340
Whisper base.en	RES0007	1874	1811	197	299
Whisper base.en	RES0015	1607	1551	186	275
Whisper base.en	RES0013	1400	1325	213	316
Whisper base.en	RES0019	1334	1300	159	208
Whisper base.en	RES0014	1429	1383	183	268
Whisper base.en	RES0016	1327	1287	130	191
Whisper base.en	RES0017	1751	1698	196	275
Whisper base.en	RES0018	1334	1294	169	234
Whisper base.en	RES0024	1004	969	122	188
Whisper base.en	RES0012	2168	2058	304	476
Whisper base.en	RES0021	1255	1226	164	209
Whisper base.en	RES0020	1413	1386	164	212
Whisper base.en	RES0029	811	787	115	143
Whisper base.en	RES0023	1099	1054	185	245
Whisper base.en	RES0022	1999	1927	263	369
Whisper base.en	RES0026	1544	1504	176	237
Whisper base.en	RES0025	1393	1342	218	284
Whisper base.en	RES0028	1156	1130	143	173
Whisper base.en	RES0031	1343	1297	138	214
Whisper base.en	RES0035	958	944	102	124
Whisper base.en	RES0027	1366	1323	144	213
Whisper base.en	RES0030	1184	1158	127	155
Whisper base.en	RES0037	1453	1413	191	257
Whisper base.en	RES0032	1212	1169	133	194
Whisper base.en	RES0038	1554	1504	176	250
Whisper base.en	RES0033	1372	1306	141	254
Whisper base.en	RES0036	1423	1368	176	233
Whisper base.en	RES0043	1503	1451	262	329
Whisper base.en	RES0034	1685	1627	194	289
Whisper base.en	RES0042	1264	1222	213	270
Whisper base.en	RES0045	1204	1158	136	195
Whisper base.en	RES0044	1859	1776	231	357
Whisper base.en	RES0052	828	809	152	188
Whisper base.en	RES0047	1628	1575	226	310
Whisper base.en	RES0039	1672	1635	218	275
Whisper base.en	RES0049	1622	1555	221	316
Whisper base.en	RES0046	1588	1532	198	293
Whisper base.en	RES0050	1109	1084	231	269
Whisper base.en	RES0051	997	970	152	193
Whisper base.en	RES0056	1174	1140	193	251
Whisper base.en	RES0048	1809	1726	216	349
Whisper base.en	RES0057	1245	1194	276	363
Whisper base.en	RES0058	1514	1462	265	343
Whisper base.en	RES0055	1375	1328	264	351
Whisper base.en	RES0064	1078	1046	157	205
Whisper base.en	RES0060	1683	1616	268	382
Whisper base.en	RES0059	1358	1327	198	247
Whisper base.en	RES0053	1982	1906	408	529
Whisper base.en	RES0067	946	912	146	199
Whisper base.en	RES0066	1192	1160	185	242
Whisper base.en	RES0063	1439	1384	197	302
Whisper base.en	RES0065	1089	1064	168	215
Whisper base.en	RES0069	1026	994	185	233
Whisper base.en	RES0070	976	946	173	228
Whisper base.en	RES0061	1783	1701	254	396
Whisper base.en	RES0054	2491	2446	806	864
Whisper base.en	RES0062	1965	1905	279	390
Whisper base.en	RES0068	1213	1168	173	242
Whisper base.en	RES0074	1246	1206	161	235
Whisper base.en	RES0073	1340	1303	160	230
Whisper base.en	RES0078	1140	1092	184	268
Whisper base.en	RES0072	1182	1150	259	312
Whisper base.en	RES0071	1301	1261	184	250
Whisper base.en	RES0075	1112	1070	140	211
Whisper base.en	RES0079	841	815	143	192
Whisper base.en	RES0077	1649	1585	212	329
Whisper base.en	RES0083	990	962	186	231
Whisper base.en	RES0082	932	891	114	195
Whisper base.en	RES0085	959	923	117	176
Whisper base.en	RES0080	1225	1179	192	270
Whisper base.en	RES0076	1569	1513	201	302
Whisper base.en	RES0084	1562	1516	160	238
Whisper base.en	RES0090	1193	1160	125	169
Whisper base.en	RES0091	901	869	79	132
Whisper base.en	RES0081	1455	1391	230	330
Whisper base.en	RES0092	837	800	112	174
Whisper base.en	RES0087	1359	1306	186	282
Whisper base.en	RES0094	793	766	101	154
Whisper base.en	RES0086	1523	1463	227	330
Whisper base.en	RES0088	1373	1336	162	220
Whisper base.en	RES0093	1606	1543	310	400
Whisper base.en	RES0096	1292	1251	228	286
Whisper base.en	RES0097	1381	1319	263	340
Whisper base.en	RES0089	1800	1749	221	311
Whisper base.en	RES0098	1474	1422	176	262
Whisper base.en	RES0095	1467	1426	223	286
Whisper base.en	RES0106	1307	1251	197	281
Whisper base.en	RES0099	1554	1505	201	272
Whisper base.en	RES0103	1100	1063	153	206
Whisper base.en	RES0109	845	817	126	174
Whisper base.en	RES0105	1738	1663	260	359
Whisper base.en	RES0101	1430	1379	187	268
Whisper base.en	RES0107	1596	1520	291	384
Whisper base.en	RES0108	950	918	140	178
Whisper base.en	RES0104	1563	1511	205	276
Whisper base.en	RES0111	965	927	131	194
Whisper base.en	RES0100	1767	1710	215	295
Whisper base.en	RES0112	835	795	132	194
Whisper base.en	RES0102	2025	1952	222	333
Whisper base.en	RES0118	947	921	101	142
Whisper base.en	RES0113	1079	1043	129	191
Whisper base.en	RES0121	962	930	96	134
Whisper base.en	RES0117	951	920	120	161
Whisper base.en	RES0110	1565	1512	204	281
Whisper base.en	RES0114	1673	1606	219	335
Whisper base.en	RES0116	1588	1533	268	346
Whisper base.en	RES0122	1046	1005	149	204
Whisper base.en	RES0119	1359	1302	119	222
Whisper base.en	RES0120	1381	1325	117	202
Whisper base.en	RES0125	1638	1576	182	266
Whisper base.en	RES0127	1461	1418	214	282
Whisper base.en	RES0131	1231	1176	136	225
Whisper base.en	RES0130	1329	1282	135	205
Whisper base.en	RES0128	1095	1062	155	208
Whisper base.en	RES0129	1078	1040	250	312
Whisper base.en	RES0123	1716	1647	261	362
Whisper base.en	RES0124	1729	1675	225	317
Whisper base.en	RES0135	1224	1191	146	193
Whisper base.en	RES0136	1243	1211	239	283
Whisper base.en	RES0132	1309	1276	113	169
Whisper base.en	RES0126	1858	1784	298	419
Whisper base.en	RES0133	1264	1222	139	201
Whisper base.en	RES0137	1274	1216	190	276
Whisper base.en	RES0138	1148	1118	183	219
Whisper base.en	RES0140	907	877	157	199
Whisper base.en	RES0139	1131	1093	172	218
Whisper base.en	RES0142	778	758	150	174
Whisper base.en	RES0143	1119	1080	188	238
Whisper base.en	RES0141	987	949	174	223
Whisper base.en	RES0134	1679	1630	147	230
Whisper base.en	RES0144	1153	1119	200	257
Whisper base.en	RES0148	1136	1101	179	228
Whisper base.en	RES0146	898	870	166	209
Whisper base.en	RES0149	1270	1231	225	276
Whisper base.en	RES0153	1103	1063	160	222
Whisper base.en	RES0147	1274	1234	231	290
Whisper base.en	RES0145	1326	1277	272	343
Whisper base.en	RES0156	1016	983	174	220
Whisper base.en	RES0150	1147	1099	206	271
Whisper base.en	RES0158	1079	1034	153	218
Whisper base.en	RES0154	943	922	140	178
Whisper base.en	RES0152	1059	1028	144	203
Whisper base.en	RES0160	1135	1093	223	274
Whisper base.en	RES0151	1157	1125	151	201
Whisper base.en	RES0161	1034	993	186	239
Whisper base.en	RES0159	1104	1060	186	246
Whisper base.en	RES0155	1439	1380	247	318
Whisper base.en	RES0164	1248	1197	237	306
Whisper base.en	RES0166	1155	1117	194	248
Whisper base.en	RES0169	946	906	166	215
Whisper base.en	RES0165	909	881	165	215
Whisper base.en	RES0163	1200	1155	185	250
Whisper base.en	RES0162	1235	1183	219	290
Whisper base.en	RES0167	1181	1132	194	260
Whisper base.en	RES0171	1368	1306	251	333
Whisper base.en	RES0175	1017	979	228	272
Whisper base.en	RES0168	1329	1271	188	283
Whisper base.en	RES0170	1351	1300	239	311
Whisper base.en	RES0172	1195	1148	184	256
Whisper base.en	RES0176	1305	1269	221	260
Whisper base.en	RES0174	1549	1484	219	324
Whisper base.en	RES0173	1262	1210	218	283
Whisper base.en	RES0181	1184	1154	200	246
Whisper base.en	RES0182	945	919	140	176
Whisper base.en	RES0177	1193	1151	176	245
Whisper base.en	RES0178	1125	1082	209	277
Whisper base.en	RES0179	1291	1254	209	266
Whisper base.en	RES0180	1065	1020	161	224
Whisper base.en	RES0186	1069	1020	192	260
Whisper base.en	RES0184	970	946	156	192
Whisper base.en	RES0187	1303	1275	271	310
Whisper base.en	RES0183	1217	1178	196	264
Whisper base.en	RES0185	1075	1026	154	218
Whisper base.en	RES0190	1290	1263	161	205
Whisper base.en	RES0188	957	932	167	210
Whisper base.en	RES0189	1439	1397	189	266
Whisper base.en	RES0191	927	905	119	151
Whisper base.en	RES0197	966	943	142	176
Whisper base.en	RES0195	1335	1297	171	231
Whisper base.en	RES0196	943	910	134	188
Whisper base.en	RES0192	1280	1243	164	216
Whisper base.en	RES0198	857	833	100	136
Whisper base.en	RES0194	1395	1339	205	278
Whisper base.en	RES0193	1431	1382	191	271
Whisper base.en	RES0204	995	959	117	182
Whisper base.en	RES0203	920	895	154	196
Whisper base.en	RES0199	1152	1118	152	204
Whisper base.en	RES0200	1351	1316	231	293
Whisper base.en	RES0205	1049	1009	157	216
Whisper base.en	RES0202	1522	1472	258	331
Whisper base.en	RES0201	1059	1024	238	280
Whisper base.en	RES0207	818	789	117	169
Whisper base.en	RES0214	1123	1093	153	195
Whisper base.en	RES0206	1354	1309	338	388
Whisper base.en	RES0209	1108	1062	164	240
Whisper base.en	RES0211	1415	1355	212	313
Whisper base.en	RES0215	1386	1329	185	263
Whisper base.en	RES0208	1322	1254	222	320
Whisper base.en	RES0216	1604	1531	157	274
Whisper base.en	RES0210	1139	1119	154	188
Whisper base.en	RES0212	1304	1238	128	241
Whisper base.en	RES0213	1485	1383	169	312
Paraformer-en	CAR0001	1053	1027	131	174
Whisper base.en	RES0217	1486	1424	146	241
Paraformer-en	CAR0002	1067	1043	147	186
Paraformer-en	GAS0002	1140	1103	176	227
Paraformer-en	CAR0004	920	896	172	209
Paraformer-en	CAR0005	1292	1228	150	240
Paraformer-en	DER0001	1554	1485	318	402
Paraformer-en	GAS0001	1033	984	243	301
Paraformer-en	GAS0003	1093	1036	214	286
Paraformer-en	CAR0003	1281	1259	204	229
Paraformer-en	MSK0001	983	960	174	202
Paraformer-en	GAS0004	1180	1127	258	345
Paraformer-en	GAS0007	903	884	162	192
Paraformer-en	GEN0001	1132	1093	194	251
Paraformer-en	MSK0005	1513	1462	235	316
Paraformer-en	MSK0004	1125	1096	222	255
Paraformer-en	GAS0005	1599	1541	291	371
Paraformer-en	MSK0003	1866	1810	274	362
Paraformer-en	MSK0006	1781	1720	237	337
Paraformer-en	MSK0007	1358	1333	191	233
Paraformer-en	MSK0010	1505	1473	221	278
Paraformer-en	MSK0008	1417	1391	235	274
Paraformer-en	MSK0018	976	940	150	195
Paraformer-en	MSK0009	1572	1520	275	353
Paraformer-en	MSK0011	1535	1501	276	327
Paraformer-en	MSK0014	1575	1529	248	332
Paraformer-en	MSK0012	1652	1600	207	291
Paraformer-en	MSK0013	1610	1562	218	296
Paraformer-en	MSK0017	1735	1681	260	353
Paraformer-en	MSK0020	1683	1636	294	375
Paraformer-en	MSK0015	1622	1576	286	360
Paraformer-en	MSK0019	1337	1298	218	273
Paraformer-en	MSK0025	1580	1511	147	265
Paraformer-en	MSK0023	1229	1181	180	255
Paraformer-en	MSK0024	1193	1162	145	194
Paraformer-en	MSK0016	2064	1999	308	417
Paraformer-en	MSK0022	2164	2091	264	396
Paraformer-en	MSK0021	1745	1691	312	394
Paraformer-en	MSK0026	1365	1338	212	254
Paraformer-en	MSK0027	1377	1331	197	277
Paraformer-en	MSK0028	1836	1785	257	349
Paraformer-en	MSK0032	1198	1154	208	266
Paraformer-en	MSK0031	1299	1247	242	310
Paraformer-en	MSK0033	1687	1621	250	365
Paraformer-en	MSK0029	2268	2186	395	510
Paraformer-en	MSK0037	1682	1620	234	341
Paraformer-en	MSK0034	1448	1417	210	254
Paraformer-en	MSK0035	1596	1549	216	294
Paraformer-en	MSK0039	1404	1367	246	297
Paraformer-en	MSK0041	1583	1543	220	286
Paraformer-en	MSK0036	1757	1714	255	331
Paraformer-en	MSK0044	1177	1132	220	295
Paraformer-en	MSK0040	1488	1446	200	270
Paraformer-en	MSK0046	1225	1188	228	288
Paraformer-en	MSK0038	1895	1828	291	396
Paraformer-en	MSK0045	1394	1354	227	287
Paraformer-en	MSK0042	1522	1471	311	371
Paraformer-en	RES0002	1162	1144	386	415
Paraformer-en	MSK0043	1772	1694	310	416
Paraformer-en	MSK0049	1372	1333	172	241
Paraformer-en	MSK0050	1285	1257	161	211
Paraformer-en	RES0006	1240	1207	224	287
Paraformer-en	RES0004	1723	1650	304	412
Paraformer-en	RES0003	1261	1213	144	225
Paraformer-en	RES0001	1526	1469	211	304
Paraformer-en	RES0010	1070	1018	259	330
Paraformer-en	RES0008	1171	1129	203	275
Paraformer-en	RES0005	1645	1578	240	360
Paraformer-en	RES0014	1429	1383	235	320
Paraformer-en	RES0009	1446	1372	212	333
Paraformer-en	RES0007	1874	1811	315	410
Paraformer-en	RES0015	1607	1551	202	283
Paraformer-en	RES0018	1334	1294	190	256
Paraformer-en	RES0019	1334	1300	147	210
Paraformer-en	RES0013	1400	1325	224	345
Paraformer-en	RES0011	1647	1573	282	382
Paraformer-en	RES0016	1327	1287	177	242
Paraformer-en	RES0021	1255	1226	193	237
Paraformer-en	RES0024	1004	969	206	262
Paraformer-en	RES0025	1393	1342	253	325
Paraformer-en	RES0017	1751	1698	240	330
Paraformer-en	RES0012	2168	2058	389	562
Paraformer-en	RES0023	1099	1054	243	305
Paraformer-en	RES0026	1544	1504	220	288
Paraformer-en	RES0020	1413	1386	205	251
Paraformer-en	RES0029	811	787	136	173
Paraformer-en	RES0028	1156	1130	167	199
Paraformer-en	RES0030	1184	1158	176	210
Paraformer-en	RES0027	1366	1323	198	268
Paraformer-en	RES0031	1343	1297	181	256
Paraformer-en	RES0032	1212	1169	179	236
Paraformer-en	RES0022	1999	1927	303	421
Paraformer-en	RES0035	958	944	133	153
Paraformer-en	RES0036	1423	1368	219	291
Paraformer-en	RES0042	1264	1222	261	317
Paraformer-en	RES0033	1372	1306	194	306
Paraformer-en	RES0045	1204	1158	143	212
Paraformer-en	RES0037	1453	1413	197	256
Paraformer-en	RES0038	1554	1504	248	312
Paraformer-en	RES0034	1685	1627	270	368
Paraformer-en	RES0044	1859	1776	366	473
Paraformer-en	RES0043	1503	1451	305	382
Paraformer-en	RES0039	1672	1635	252	302
Paraformer-en	RES0051	997	970	151	196
Paraformer-en	RES0049	1622	1555	337	425
Paraformer-en	RES0048	1809	1726	362	467
Paraformer-en	RES0046	1588	1532	214	301
Paraformer-en	RES0050	1109	1084	115	156
Paraformer-en	RES0052	828	809	174	205
Paraformer-en	RES0055	1375	1328	366	446
Paraformer-en	RES0047	1628	1575	226	316
Paraformer-en	RES0058	1514	1462	295	379
Paraformer-en	RES0056	1174	1140	270	320
Paraformer-en	RES0059	1358	1327	254	306
Paraformer-en	RES0057	1245	1194	391	476
Paraformer-en	RES0064	1078	1046	195	246
Paraformer-en	RES0060	1683	1616	349	463
Paraformer-en	RES0066	1192	1160	277	324
Paraformer-en	RES0065	1089	1064	228	269
Paraformer-en	RES0053	1982	1906	494	593
Paraformer-en	RES0063	1439	1384	253	357
Paraformer-en	RES0070	976	946	235	271
Paraformer-en	RES0067	946	912	152	203
Paraformer-en	RES0068	1213	1168	194	264
Paraformer-en	RES0061	1783	1701	345	474
Paraformer-en	RES0054	2491	2446	959	1007
Paraformer-en	RES0069	1026	994	229	282
Paraformer-en	RES0071	1301	1261	230	297
Paraformer-en	RES0062	1965	1905	363	473
Paraformer-en	RES0072	1182	1150	260	313
Paraformer-en	RES0078	1140	1092	286	360
Paraformer-en	RES0082	932	891	195	268
Paraformer-en	RES0075	1112	1070	204	274
Paraformer-en	RES0079	841	815	212	261
Paraformer-en	RES0074	1246	1206	235	305
Paraformer-en	RES0076	1569	1513	295	391
Paraformer-en	RES0073	1340	1303	259	325
Paraformer-en	RES0083	990	962	235	275
Paraformer-en	RES0080	1225	1179	256	342
Paraformer-en	RES0085	959	923	179	240
Paraformer-en	RES0084	1562	1516	204	293
Paraformer-en	RES0081	1455	1391	286	398
Paraformer-en	RES0077	1649	1585	347	454
Paraformer-en	RES0090	1193	1160	130	177
Paraformer-en	RES0086	1523	1463	259	358
Paraformer-en	RES0091	901	869	98	143
Paraformer-en	RES0094	793	766	188	231
Paraformer-en	RES0087	1359	1306	173	269
Paraformer-en	RES0092	837	800	145	211
Paraformer-en	RES0088	1373	1336	203	260
Paraformer-en	RES0095	1467	1426	285	344
Paraformer-en	RES0089	1800	1749	267	351
Paraformer-en	RES0098	1474	1422	243	314
Paraformer-en	RES0099	1554	1505	313	378
Paraformer-en	RES0096	1292	1251	270	321
Paraformer-en	RES0093	1606	1543	319	417
Paraformer-en	RES0101	1430	1379	234	311
Paraformer-en	RES0097	1381	1319	295	380
Paraformer-en	RES0103	1100	1063	196	252
Paraformer-en	RES0108	950	918	192	225
Paraformer-en	RES0100	1767	1710	294	375
Paraformer-en	RES0111	965	927	186	256
Paraformer-en	RES0105	1738	1663	355	476
Paraformer-en	RES0109	845	817	130	178
Paraformer-en	RES0104	1563	1511	282	373
Paraformer-en	RES0107	1596	1520	297	397
Paraformer-en	RES0112	835	795	115	185
Paraformer-en	RES0106	1307	1251	256	326
Paraformer-en	RES0117	951	920	164	208
Paraformer-en	RES0102	2025	1952	314	433
Paraformer-en	RES0113	1079	1043	156	217
Paraformer-en	RES0118	947	921	165	209
Paraformer-en	RES0121	962	930	178	232
Paraformer-en	RES0110	1565	1512	253	325
Paraformer-en	RES0114	1673	1606	317	426
Paraformer-en	RES0122	1046	1005	224	273
Paraformer-en	RES0119	1359	1302	165	271
Paraformer-en	RES0120	1381	1325	218	308
Paraformer-en	RES0116	1588	1533	290	363
Paraformer-en	RES0128	1095	1062	158	218
Paraformer-en	RES0124	1729	1675	338	408
Paraformer-en	RES0127	1461	1418	302	359
Paraformer-en	RES0130	1329	1282	217	285
Paraformer-en	RES0129	1078	1040	197	257
Paraformer-en	RES0123	1716	1647	430	520
Paraformer-en	RES0125	1638	1576	382	464
Paraformer-en	RES0135	1224	1191	224	264
Paraformer-en	RES0126	1858	1784	508	594
Paraformer-en	RES0136	1243	1211	278	326
Paraformer-en	RES0138	1148	1118	334	370
Paraformer-en	RES0131	1231	1176	211	297
Paraformer-en	RES0137	1274	1216	288	373
Paraformer-en	RES0133	1264	1222	215	274
Paraformer-en	RES0132	1309	1276	216	274
Paraformer-en	RES0142	778	758	180	210
Paraformer-en	RES0140	907	877	206	256
Paraformer-en	RES0139	1131	1093	283	325
Paraformer-en	RES0141	987	949	216	266
Paraformer-en	RES0144	1153	1119	245	300
Paraformer-en	RES0134	1679	1630	292	377
Paraformer-en	RES0146	898	870	176	219
Paraformer-en	RES0145	1326	1277	280	345
Paraformer-en	RES0147	1274	1234	260	315
Paraformer-en	RES0143	1119	1080	267	312
Paraformer-en	RES0150	1147	1099	256	321
Paraformer-en	RES0148	1136	1101	249	292
Paraformer-en	RES0154	943	922	196	231
Paraformer-en	RES0149	1270	1231	237	299
Paraformer-en	RES0151	1157	1125	193	234
Paraformer-en	RES0152	1059	1028	217	265
Paraformer-en	RES0158	1079	1034	209	272
Paraformer-en	RES0153	1103	1063	225	276
Paraformer-en	RES0159	1104	1060	252	306
Paraformer-en	RES0161	1034	993	188	253
Paraformer-en	RES0156	1016	983	203	244
Paraformer-en	RES0160	1135	1093	293	353
Paraformer-en	RES0155	1439	1380	307	391
Paraformer-en	RES0163	1200	1155	240	305
Paraformer-en	RES0167	1181	1132	222	292
Paraformer-en	RES0165	909	881	224	258
Paraformer-en	RES0169	946	906	181	246
Paraformer-en	RES0162	1235	1183	229	305
Paraformer-en	RES0170	1351	1300	283	341
Paraformer-en	RES0166	1155	1117	222	285
Paraformer-en	RES0164	1248	1197	332	408
Paraformer-en	RES0175	1017	979	221	266
Paraformer-en	RES0168	1329	1271	241	333
Paraformer-en	RES0174	1549	1484	286	376
Paraformer-en	RES0171	1368	1306	253	355
Paraformer-en	RES0172	1195	1148	236	305
Paraformer-en	RES0173	1262	1210	252	331
Paraformer-en	RES0177	1193	1151	206	272
Paraformer-en	RES0179	1291	1254	228	290
Paraformer-en	RES0182	945	919	159	196
Paraformer-en	RES0176	1305	1269	236	282
Paraformer-en	RES0178	1125	1082	231	302
Paraformer-en	RES0180	1065	1020	184	257
Paraformer-en	RES0184	970	946	189	219
Paraformer-en	RES0181	1184	1154	222	264
Paraformer-en	RES0188	957	932	185	230
Paraformer-en	RES0185	1075	1026	186	257
Paraformer-en	RES0183	1217	1178	198	260
Paraformer-en	RES0186	1069	1020	190	276
Paraformer-en	RES0189	1439	1397	270	338
Paraformer-en	RES0190	1290	1263	196	239
Paraformer-en	RES0191	927	905	142	179
Paraformer-en	RES0187	1303	1275	238	285
Paraformer-en	RES0196	943	910	185	233
Paraformer-en	RES0194	1395	1339	211	294
Paraformer-en	RES0192	1280	1243	228	286
Paraformer-en	RES0198	857	833	153	182
Paraformer-en	RES0201	1059	1024	231	280
Paraformer-en	RES0197	966	943	150	194
Paraformer-en	RES0195	1335	1297	229	293
Paraformer-en	RES0193	1431	1382	246	316
Paraformer-en	RES0204	995	959	163	227
Paraformer-en	RES0200	1351	1316	279	340
Paraformer-en	RES0205	1049	1009	225	277
Paraformer-en	RES0199	1152	1118	202	250
Paraformer-en	RES0203	920	895	186	222
Paraformer-en	RES0207	818	789	175	213
Paraformer-en	RES0208	1322	1254	296	395
Paraformer-en	RES0214	1123	1093	179	226
Paraformer-en	RES0202	1522	1472	307	383
Paraformer-en	RES0212	1304	1238	160	275
Paraformer-en	RES0213	1485	1383	198	356
Paraformer-en	RES0209	1108	1062	203	276
Paraformer-en	RES0210	1139	1119	202	232
Paraformer-en	RES0206	1354	1309	293	360
Paraformer-en	RES0211	1415	1355	292	386
NeMo FastConformer	CAR0001	1053	1027	244	273
Paraformer-en	RES0215	1386	1329	178	260
NeMo FastConformer	CAR0002	1067	1043	150	186
NeMo FastConformer	CAR0004	920	896	230	254
Paraformer-en	RES0216	1604	1531	232	359
NeMo FastConformer	CAR0005	1292	1228	195	280
NeMo FastConformer	GAS0001	1033	984	233	301
Paraformer-en	RES0217	1486	1424	350	418
NeMo FastConformer	CAR0003	1281	1259	250	280
NeMo FastConformer	GAS0007	903	884	231	257
NeMo FastConformer	GAS0002	1140	1103	138	199
NeMo FastConformer	GAS0004	1180	1127	209	287
NeMo FastConformer	GEN0001	1132	1093	319	363
NeMo FastConformer	GAS0003	1093	1036	260	316
NeMo FastConformer	DER0001	1554	1485	414	480
NeMo FastConformer	MSK0001	983	960	165	193
NeMo FastConformer	MSK0007	1358	1333	247	287
NeMo FastConformer	GAS0005	1599	1541	360	430
NeMo FastConformer	MSK0003	1866	1810	305	389
NeMo FastConformer	MSK0004	1125	1096	166	200
NeMo FastConformer	MSK0009	1572	1520	271	351
NeMo FastConformer	MSK0010	1505	1473	215	262
NeMo FastConformer	MSK0005	1513	1462	298	371
NeMo FastConformer	MSK0008	1417	1391	270	308
NeMo FastConformer	MSK0018	976	940	239	277
NeMo FastConformer	MSK0006	1781	1720	334	423
NeMo FastConformer	MSK0011	1535	1501	280	318
NeMo FastConformer	MSK0012	1652	1600	276	350
NeMo FastConformer	MSK0014	1575	1529	251	333
NeMo FastConformer	MSK0013	1610	1562	272	357
NeMo FastConformer	MSK0019	1337	1298	248	291
NeMo FastConformer	MSK0016	2064	1999	448	543
NeMo FastConformer	MSK0015	1622	1576	279	355
NeMo FastConformer	MSK0017	1735	1681	390	465
NeMo FastConformer	MSK0026	1365	1338	219	257
NeMo FastConformer	MSK0024	1193	1162	157	202
NeMo FastConformer	MSK0023	1229	1181	187	265
NeMo FastConformer	MSK0022	2164	2091	270	396
NeMo FastConformer	MSK0020	1683	1636	366	435
NeMo FastConformer	MSK0021	1745	1691	389	456
NeMo FastConformer	MSK0025	1580	1511	223	334
NeMo FastConformer	MSK0028	1836	1785	269	354
NeMo FastConformer	MSK0027	1377	1331	244	321
NeMo FastConformer	MSK0031	1299	1247	279	349
NeMo FastConformer	MSK0032	1198	1154	234	280
NeMo FastConformer	MSK0033	1687	1621	250	366
NeMo FastConformer	MSK0029	2268	2186	580	672
NeMo FastConformer	MSK0036	1757	1714	229	305
NeMo FastConformer	MSK0034	1448	1417	237	278
NeMo FastConformer	MSK0035	1596	1549	309	380
NeMo FastConformer	MSK0040	1488	1446	253	311
NeMo FastConformer	MSK0039	1404	1367	286	313
NeMo FastConformer	MSK0037	1682	1620	283	389
NeMo FastConformer	MSK0044	1177	1132	201	275
NeMo FastConformer	MSK0038	1895	1828	382	470
NeMo FastConformer	MSK0045	1394	1354	286	325
NeMo FastConformer	MSK0041	1583	1543	350	391
NeMo FastConformer	MSK0046	1225	1188	242	291
NeMo FastConformer	MSK0042	1522	1471	213	295
NeMo FastConformer	MSK0043	1772	1694	303	418
NeMo FastConformer	MSK0049	1372	1333	323	361
NeMo FastConformer	MSK0050	1285	1257	264	295
NeMo FastConformer	RES0002	1162	1144	406	436
NeMo FastConformer	RES0001	1526	1469	281	370
NeMo FastConformer	RES0006	1240	1207	191	249
NeMo FastConformer	RES0003	1261	1213	231	301
NeMo FastConformer	RES0008	1171	1129	211	280
NeMo FastConformer	RES0004	1723	1650	326	429
NeMo FastConformer	RES0005	1645	1578	221	348
NeMo FastConformer	RES0010	1070	1018	252	313
NeMo FastConformer	RES0009	1446	1372	286	388
NeMo FastConformer	RES0007	1874	1811	360	446
NeMo FastConformer	RES0015	1607	1551	322	390
NeMo FastConformer	RES0014	1429	1383	339	405
NeMo FastConformer	RES0013	1400	1325	287	370
NeMo FastConformer	RES0011	1647	1573	335	422
NeMo FastConformer	RES0018	1334	1294	203	264
NeMo FastConformer	RES0016	1327	1287	312	361
NeMo FastConformer	RES0017	1751	1698	213	308
NeMo FastConformer	RES0023	1099	1054	309	372
NeMo FastConformer	RES0024	1004	969	321	368
NeMo FastConformer	RES0020	1413	1386	316	343
NeMo FastConformer	RES0019	1334	1300	277	319
NeMo FastConformer	RES0021	1255	1226	264	307
NeMo FastConformer	RES0012	2168	2058	436	571
NeMo FastConformer	RES0027	1366	1323	345	371
NeMo FastConformer	RES0029	811	787	118	148
NeMo FastConformer	RES0028	1156	1130	182	211
NeMo FastConformer	RES0030	1184	1158	167	200
NeMo FastConformer	RES0025	1393	1342	290	357
NeMo FastConformer	RES0031	1343	1297	181	252
NeMo FastConformer	RES0022	1999	1927	486	590
NeMo FastConformer	RES0026	1544	1504	343	401
NeMo FastConformer	RES0032	1212	1169	176	232
NeMo FastConformer	RES0035	958	944	188	206
NeMo FastConformer	RES0033	1372	1306	190	306
NeMo FastConformer	RES0036	1423	1368	320	395
NeMo FastConformer	RES0039	1672	1635	280	324
NeMo FastConformer	RES0042	1264	1222	294	341
NeMo FastConformer	RES0037	1453	1413	222	285
NeMo FastConformer	RES0034	1685	1627	232	327
NeMo FastConformer	RES0043	1503	1451	342	400
NeMo FastConformer	RES0038	1554	1504	257	320
NeMo FastConformer	RES0045	1204	1158	234	296
NeMo FastConformer	RES0046	1588	1532	324	406
NeMo FastConformer	RES0049	1622	1555	379	460
NeMo FastConformer	RES0050	1109	1084	252	285
NeMo FastConformer	RES0052	828	809	244	268
NeMo FastConformer	RES0047	1628	1575	378	457
NeMo FastConformer	RES0051	997	970	235	265
NeMo FastConformer	RES0044	1859	1776	342	450
NeMo FastConformer	RES0048	1809	1726	508	593
NeMo FastConformer	RES0057	1245	1194	442	503
NeMo FastConformer	RES0056	1174	1140	341	380
NeMo FastConformer	RES0058	1514	1462	380	444
NeMo FastConformer	RES0059	1358	1327	318	360
NeMo FastConformer	RES0055	1375	1328	395	460
NeMo FastConformer	RES0054	2491	2446	1061	1092
NeMo FastConformer	RES0053	1982	1906	552	633
NeMo FastConformer	RES0065	1089	1064	268	300
NeMo FastConformer	RES0067	946	912	176	229
NeMo FastConformer	RES0064	1078	1046	229	272
NeMo FastConformer	RES0063	1439	1384	358	438
NeMo FastConformer	RES0060	1683	1616	451	530
NeMo FastConformer	RES0070	976	946	392	409
NeMo FastConformer	RES0068	1213	1168	239	299
NeMo FastConformer	RES0069	1026	994	452	456
NeMo FastConformer	RES0061	1783	1701	390	496
NeMo FastConformer	RES0066	1192	1160	333	366
NeMo FastConformer	RES0062	1965	1905	425	509
NeMo FastConformer	RES0072	1182	1150	246	292
NeMo FastConformer	RES0071	1301	1261	234	292
NeMo FastConformer	RES0079	841	815	352	379
NeMo FastConformer	RES0078	1140	1092	456	500
NeMo FastConformer	RES0075	1112	1070	197	265
NeMo FastConformer	RES0073	1340	1303	239	304
NeMo FastConformer	RES0074	1246	1206	244	311
NeMo FastConformer	RES0082	932	891	306	368
NeMo FastConformer	RES0080	1225	1179	434	473
NeMo FastConformer	RES0076	1569	1513	287	379
NeMo FastConformer	RES0081	1455	1391	467	520
NeMo FastConformer	RES0077	1649	1585	318	420
NeMo FastConformer	RES0083	990	962	350	365
NeMo FastConformer	RES0085	959	923	213	273
NeMo FastConformer	RES0094	793	766	282	311
NeMo FastConformer	RES0088	1373	1336	270	311
NeMo FastConformer	RES0092	837	800	228	266
NeMo FastConformer	RES0091	901	869	137	172
NeMo FastConformer	RES0084	1562	1516	280	351
NeMo FastConformer	RES0087	1359	1306	241	331
NeMo FastConformer	RES0086	1523	1463	303	395
NeMo FastConformer	RES0090	1193	1160	186	232
NeMo FastConformer	RES0095	1467	1426	459	478
NeMo FastConformer	RES0093	1606	1543	417	486
NeMo FastConformer	RES0096	1292	1251	413	460
NeMo FastConformer	RES0089	1800	1749	347	432
NeMo FastConformer	RES0103	1100	1063	199	240
NeMo FastConformer	RES0098	1474	1422	219	304
NeMo FastConformer	RES0097	1381	1319	475	515
NeMo FastConformer	RES0101	1430	1379	234	314
NeMo FastConformer	RES0100	1767	1710	266	352
NeMo FastConformer	RES0099	1554	1505	311	380
NeMo FastConformer	RES0109	845	817	192	235
NeMo FastConformer	RES0105	1738	1663	312	433
NeMo FastConformer	RES0104	1563	1511	285	361
NeMo FastConformer	RES0111	965	927	244	302
NeMo FastConformer	RES0108	950	918	233	261
NeMo FastConformer	RES0106	1307	1251	262	321
NeMo FastConformer	RES0110	1565	1512	296	360
NeMo FastConformer	RES0102	2025	1952	291	410
NeMo FastConformer	RES0117	951	920	224	263
NeMo FastConformer	RES0113	1079	1043	188	244
NeMo FastConformer	RES0112	835	795	171	227
NeMo FastConformer	RES0107	1596	1520	328	441
NeMo FastConformer	RES0118	947	921	229	267
NeMo FastConformer	RES0119	1359	1302	248	332
NeMo FastConformer	RES0122	1046	1005	258	298
NeMo FastConformer	RES0121	962	930	168	219
NeMo FastConformer	RES0116	1588	1533	315	374
NeMo FastConformer	RES0114	1673	1606	376	466
NeMo FastConformer	RES0120	1381	1325	274	354
NeMo FastConformer	RES0125	1638	1576	484	551
NeMo FastConformer	RES0124	1729	1675	422	484
NeMo FastConformer	RES0129	1078	1040	287	333
NeMo FastConformer	RES0130	1329	1282	300	357
NeMo FastConformer	RES0128	1095	1062	274	326
NeMo FastConformer	RES0123	1716	1647	484	554
NeMo FastConformer	RES0127	1461	1418	354	406
NeMo FastConformer	RES0135	1224	1191	339	357
NeMo FastConformer	RES0126	1858	1784	596	644
NeMo FastConformer	RES0137	1274	1216	387	451
NeMo FastConformer	RES0136	1243	1211	393	424
NeMo FastConformer	RES0131	1231	1176	310	367
NeMo FastConformer	RES0138	1148	1118	492	496
NeMo FastConformer	RES0133	1264	1222	288	328
NeMo FastConformer	RES0132	1309	1276	248	301
NeMo FastConformer	RES0142	778	758	240	253
NeMo FastConformer	RES0140	907	877	255	297
NeMo FastConformer	RES0139	1131	1093	362	396
NeMo FastConformer	RES0141	987	949	318	359
NeMo FastConformer	RES0134	1679	1630	400	447
NeMo FastConformer	RES0144	1153	1119	356	401
NeMo FastConformer	RES0145	1326	1277	360	404
NeMo FastConformer	RES0146	898	870	263	279
NeMo FastConformer	RES0147	1274	1234	420	461
NeMo FastConformer	RES0143	1119	1080	373	385
NeMo FastConformer	RES0150	1147	1099	378	411
NeMo FastConformer	RES0148	1136	1101	338	361
NeMo FastConformer	RES0149	1270	1231	405	428
NeMo FastConformer	RES0159	1104	1060	300	349
NeMo FastConformer	RES0156	1016	983	200	241
NeMo FastConformer	RES0154	943	922	190	225
NeMo FastConformer	RES0155	1439	1380	291	376
NeMo FastConformer	RES0152	1059	1028	175	229
NeMo FastConformer	RES0161	1034	993	250	300
NeMo FastConformer	RES0153	1103	1063	230	281
NeMo FastConformer	RES0151	1157	1125	178	229
NeMo FastConformer	RES0158	1079	1034	180	244
NeMo FastConformer	RES0160	1135	1093	305	355
NeMo FastConformer	RES0165	909	881	291	299
NeMo FastConformer	RES0164	1248	1197	416	473
NeMo FastConformer	RES0167	1181	1132	218	286
NeMo FastConformer	RES0169	946	906	263	312
NeMo FastConformer	RES0162	1235	1183	309	378
NeMo FastConformer	RES0166	1155	1117	317	365
NeMo FastConformer	RES0163	1200	1155	333	359
NeMo FastConformer	RES0175	1017	979	374	383
NeMo FastConformer	RES0168	1329	1271	282	369
NeMo FastConformer	RES0170	1351	1300	416	460
NeMo FastConformer	RES0172	1195	1148	428	472
NeMo FastConformer	RES0171	1368	1306	396	450
NeMo FastConformer	RES0174	1549	1484	484	538
NeMo FastConformer	RES0176	1305	1269	371	406
NeMo FastConformer	RES0173	1262	1210	397	434
NeMo FastConformer	RES0179	1291	1254	314	368
NeMo FastConformer	RES0178	1125	1082	381	418
NeMo FastConformer	RES0177	1193	1151	292	340
NeMo FastConformer	RES0180	1065	1020	303	354
NeMo FastConformer	RES0181	1184	1154	320	349
NeMo FastConformer	RES0186	1069	1020	267	330
NeMo FastConformer	RES0182	945	919	244	254
NeMo FastConformer	RES0184	970	946	241	263
NeMo FastConformer	RES0185	1075	1026	311	348
NeMo FastConformer	RES0187	1303	1275	286	325
NeMo FastConformer	RES0188	957	932	256	288
NeMo FastConformer	RES0183	1217	1178	281	332
NeMo FastConformer	RES0189	1439	1397	265	334
NeMo FastConformer	RES0191	927	905	212	232
NeMo FastConformer	RES0198	857	833	216	242
NeMo FastConformer	RES0193	1431	1382	258	340
NeMo FastConformer	RES0190	1290	1263	196	240
NeMo FastConformer	RES0196	943	910	196	244
NeMo FastConformer	RES0194	1395	1339	241	322
NeMo FastConformer	RES0201	1059	1024	230	274
NeMo FastConformer	RES0192	1280	1243	294	342
NeMo FastConformer	RES0197	966	943	237	258
NeMo FastConformer	RES0195	1335	1297	268	321
NeMo FastConformer	RES0203	920	895	193	227
NeMo FastConformer	RES0199	1152	1118	274	306
NeMo FastConformer	RES0204	995	959	140	201
NeMo FastConformer	RES0207	818	789	265	288
NeMo FastConformer	RES0200	1351	1316	408	447
NeMo FastConformer	RES0205	1049	1009	272	316
NeMo FastConformer	RES0208	1322	1254	295	376
NeMo FastConformer	RES0214	1123	1093	228	260
NeMo FastConformer	RES0202	1522	1472	406	462
NeMo FastConformer	RES0212	1304	1238	294	378
NeMo FastConformer	RES0209	1108	1062	202	269
NeMo FastConformer	RES0210	1139	1119	266	294
NeMo FastConformer	RES0206	1354	1309	356	403
NeMo FastConformer	RES0211	1415	1355	516	576
NeMo FastConformer int8	CAR0001	1053	1027	254	282
NeMo FastConformer	RES0215	1386	1329	287	363
NeMo FastConformer	RES0213	1485	1383	322	431
NeMo FastConformer int8	CAR0002	1067	1043	162	199
NeMo FastConformer int8	CAR0004	920	896	224	250
NeMo FastConformer	RES0216	1604	1531	257	365
NeMo FastConformer int8	GAS0003	1093	1036	240	295
NeMo FastConformer int8	GAS0007	903	884	265	288
NeMo FastConformer	RES0217	1486	1424	255	329
NeMo FastConformer int8	GAS0001	1033	984	236	304
NeMo FastConformer int8	CAR0003	1281	1259	277	305
NeMo FastConformer int8	GAS0004	1180	1127	221	297
NeMo FastConformer int8	GEN0001	1132	1093	364	406
NeMo FastConformer int8	CAR0005	1292	1228	215	293
NeMo FastConformer int8	GAS0002	1140	1103	150	204
NeMo FastConformer int8	DER0001	1554	1485	433	500
NeMo FastConformer int8	MSK0004	1125	1096	168	204
NeMo FastConformer int8	MSK0001	983	960	159	192
NeMo FastConformer int8	GAS0005	1599	1541	458	512
NeMo FastConformer int8	MSK0008	1417	1391	289	324
NeMo FastConformer int8	MSK0009	1572	1520	297	375
NeMo FastConformer int8	MSK0003	1866	1810	317	410
NeMo FastConformer int8	MSK0007	1358	1333	256	299
NeMo FastConformer int8	MSK0005	1513	1462	306	378
NeMo FastConformer int8	MSK0010	1505	1473	216	265
NeMo FastConformer int8	MSK0006	1781	1720	361	451
NeMo FastConformer int8	MSK0013	1610	1562	294	372
NeMo FastConformer int8	MSK0011	1535	1501	301	349
NeMo FastConformer int8	MSK0018	976	940	213	254
NeMo FastConformer int8	MSK0012	1652	1600	292	362
NeMo FastConformer int8	MSK0017	1735	1681	392	467
NeMo FastConformer int8	MSK0014	1575	1529	237	318
NeMo FastConformer int8	MSK0016	2064	1999	437	530
NeMo FastConformer int8	MSK0015	1622	1576	294	368
NeMo FastConformer int8	MSK0023	1229	1181	199	276
NeMo FastConformer int8	MSK0019	1337	1298	261	299
NeMo FastConformer int8	MSK0025	1580	1511	243	352
NeMo FastConformer int8	MSK0024	1193	1162	180	228
NeMo FastConformer int8	MSK0020	1683	1636	341	411
NeMo FastConformer int8	MSK0027	1377	1331	266	337
NeMo FastConformer int8	MSK0026	1365	1338	238	273
NeMo FastConformer int8	MSK0032	1198	1154	237	292
NeMo FastConformer int8	MSK0021	1745	1691	376	444
NeMo FastConformer int8	MSK0031	1299	1247	279	346
NeMo FastConformer int8	MSK0034	1448	1417	263	303
NeMo FastConformer int8	MSK0029	2268	2186	589	688
NeMo FastConformer int8	MSK0022	2164	2091	293	420
NeMo FastConformer int8	MSK0028	1836	1785	277	365
NeMo FastConformer int8	MSK0039	1404	1367	296	326
NeMo FastConformer int8	MSK0037	1682	1620	300	404
NeMo FastConformer int8	MSK0033	1687	1621	257	367
NeMo FastConformer int8	MSK0035	1596	1549	293	366
NeMo FastConformer int8	MSK0042	1522	1471	258	328
NeMo FastConformer int8	MSK0040	1488	1446	267	323
NeMo FastConformer int8	MSK0036	1757	1714	247	321
NeMo FastConformer int8	MSK0046	1225	1188	240	296
NeMo FastConformer int8	MSK0043	1772	1694	341	455
NeMo FastConformer int8	MSK0049	1372	1333	323	356
NeMo FastConformer int8	MSK0038	1895	1828	408	493
NeMo FastConformer int8	MSK0044	1177	1132	219	291
NeMo FastConformer int8	MSK0041	1583	1543	363	404
NeMo FastConformer int8	MSK0050	1285	1257	287	319
NeMo FastConformer int8	MSK0045	1394	1354	282	323
NeMo FastConformer int8	RES0002	1162	1144	423	450
NeMo FastConformer int8	RES0006	1240	1207	198	256
NeMo FastConformer int8	RES0001	1526	1469	295	382
NeMo FastConformer int8	RES0003	1261	1213	222	291
NeMo FastConformer int8	RES0005	1645	1578	239	360
NeMo FastConformer int8	RES0008	1171	1129	225	291
NeMo FastConformer int8	RES0007	1874	1811	350	440
NeMo FastConformer int8	RES0010	1070	1018	250	304
NeMo FastConformer int8	RES0013	1400	1325	267	364
NeMo FastConformer int8	RES0009	1446	1372	337	419
NeMo FastConformer int8	RES0004	1723	1650	363	458
NeMo FastConformer int8	RES0014	1429	1383	302	378
NeMo FastConformer int8	RES0019	1334	1300	306	349
NeMo FastConformer int8	RES0011	1647	1573	393	471
NeMo FastConformer int8	RES0017	1751	1698	244	321
NeMo FastConformer int8	RES0024	1004	969	345	386
NeMo FastConformer int8	RES0021	1255	1226	275	322
NeMo FastConformer int8	RES0016	1327	1287	284	337
NeMo FastConformer int8	RES0015	1607	1551	312	386
NeMo FastConformer int8	RES0018	1334	1294	225	284
NeMo FastConformer int8	RES0023	1099	1054	374	424
NeMo FastConformer int8	RES0020	1413	1386	337	367
NeMo FastConformer int8	RES0012	2168	2058	425	572
NeMo FastConformer int8	RES0029	811	787	120	155
NeMo FastConformer int8	RES0025	1393	1342	351	407
NeMo FastConformer int8	RES0028	1156	1130	187	222
NeMo FastConformer int8	RES0027	1366	1323	339	373
NeMo FastConformer int8	RES0022	1999	1927	566	651
NeMo FastConformer int8	RES0030	1184	1158	184	217
NeMo FastConformer int8	RES0026	1544	1504	334	394
NeMo FastConformer int8	RES0035	958	944	171	190
NeMo FastConformer int8	RES0032	1212	1169	208	260
NeMo FastConformer int8	RES0031	1343	1297	198	264
NeMo FastConformer int8	RES0036	1423	1368	309	376
NeMo FastConformer int8	RES0033	1372	1306	200	321
NeMo FastConformer int8	RES0037	1453	1413	238	291
NeMo FastConformer int8	RES0038	1554	1504	268	335
NeMo FastConformer int8	RES0039	1672	1635	286	329
NeMo FastConformer int8	RES0034	1685	1627	239	332
NeMo FastConformer int8	RES0042	1264	1222	309	361
NeMo FastConformer int8	RES0050	1109	1084	226	268
NeMo FastConformer int8	RES0051	997	970	232	272
NeMo FastConformer int8	RES0052	828	809	235	262
NeMo FastConformer int8	RES0045	1204	1158	240	292
NeMo FastConformer int8	RES0043	1503	1451	384	447
NeMo FastConformer int8	RES0048	1809	1726	373	485
NeMo FastConformer int8	RES0056	1174	1140	334	368
NeMo FastConformer int8	RES0046	1588	1532	337	420
NeMo FastConformer int8	RES0047	1628	1575	402	471
NeMo FastConformer int8	RES0044	1859	1776	369	483
NeMo FastConformer int8	RES0049	1622	1555	344	425
NeMo FastConformer int8	RES0055	1375	1328	376	451
NeMo FastConformer int8	RES0057	1245	1194	443	504
NeMo FastConformer int8	RES0060	1683	1616	484	566
NeMo FastConformer int8	RES0067	946	912	174	223
NeMo FastConformer int8	RES0066	1192	1160	313	344
NeMo FastConformer int8	RES0058	1514	1462	362	430
NeMo FastConformer int8	RES0059	1358	1327	312	352
NeMo FastConformer int8	RES0053	1982	1906	558	634
NeMo FastConformer int8	RES0061	1783	1701	418	524
NeMo FastConformer int8	RES0064	1078	1046	227	272
NeMo FastConformer int8	RES0065	1089	1064	231	267
NeMo FastConformer int8	RES0069	1026	994	454	458
NeMo FastConformer int8	RES0063	1439	1384	334	416
NeMo FastConformer int8	RES0070	976	946	389	404
NeMo FastConformer int8	RES0068	1213	1168	243	303
NeMo FastConformer int8	RES0054	2491	2446	1067	1091
NeMo FastConformer int8	RES0074	1246	1206	242	315
NeMo FastConformer int8	RES0062	1965	1905	462	543
NeMo FastConformer int8	RES0079	841	815	390	416
NeMo FastConformer int8	RES0072	1182	1150	246	296
NeMo FastConformer int8	RES0075	1112	1070	210	278
NeMo FastConformer int8	RES0071	1301	1261	243	305
NeMo FastConformer int8	RES0080	1225	1179	442	479
NeMo FastConformer int8	RES0073	1340	1303	265	321
NeMo FastConformer int8	RES0082	932	891	318	375
NeMo FastConformer int8	RES0078	1140	1092	483	521
NeMo FastConformer int8	RES0077	1649	1585	338	435
NeMo FastConformer int8	RES0076	1569	1513	282	378
NeMo FastConformer int8	RES0083	990	962	305	336
NeMo FastConformer int8	RES0084	1562	1516	251	332
NeMo FastConformer int8	RES0092	837	800	234	275
NeMo FastConformer int8	RES0081	1455	1391	484	530
NeMo FastConformer int8	RES0090	1193	1160	194	243
NeMo FastConformer int8	RES0085	959	923	200	260
NeMo FastConformer int8	RES0088	1373	1336	241	291
NeMo FastConformer int8	RES0091	901	869	158	190
NeMo FastConformer int8	RES0087	1359	1306	267	353
NeMo FastConformer int8	RES0094	793	766	277	303
NeMo FastConformer int8	RES0086	1523	1463	306	400
NeMo FastConformer int8	RES0096	1292	1251	406	453
NeMo FastConformer int8	RES0095	1467	1426	441	463
NeMo FastConformer int8	RES0098	1474	1422	244	329
NeMo FastConformer int8	RES0089	1800	1749	376	454
NeMo FastConformer int8	RES0093	1606	1543	444	512
NeMo FastConformer int8	RES0100	1767	1710	272	355
NeMo FastConformer int8	RES0097	1381	1319	476	516
NeMo FastConformer int8	RES0099	1554	1505	326	393
NeMo FastConformer int8	RES0101	1430	1379	263	330
NeMo FastConformer int8	RES0106	1307	1251	247	308
NeMo FastConformer int8	RES0103	1100	1063	200	249
NeMo FastConformer int8	RES0105	1738	1663	318	438
NeMo FastConformer int8	RES0107	1596	1520	289	399
NeMo FastConformer int8	RES0108	950	918	235	268
NeMo FastConformer int8	RES0109	845	817	205	244
NeMo FastConformer int8	RES0111	965	927	263	314
NeMo FastConformer int8	RES0110	1565	1512	291	363
NeMo FastConformer int8	RES0104	1563	1511	286	357
NeMo FastConformer int8	RES0118	947	921	235	274
NeMo FastConformer int8	RES0112	835	795	165	226
NeMo FastConformer int8	RES0117	951	920	229	262
NeMo FastConformer int8	RES0102	2025	1952	294	411
NeMo FastConformer int8	RES0113	1079	1043	183	237
NeMo FastConformer int8	RES0114	1673	1606	359	464
NeMo FastConformer int8	RES0122	1046	1005	231	278
NeMo FastConformer int8	RES0121	962	930	176	223
NeMo FastConformer int8	RES0116	1588	1533	291	358
NeMo FastConformer int8	RES0119	1359	1302	226	326
NeMo FastConformer int8	RES0120	1381	1325	268	345
NeMo FastConformer int8	RES0129	1078	1040	310	354
NeMo FastConformer int8	RES0124	1729	1675	356	427
NeMo FastConformer int8	RES0126	1858	1784	583	642
NeMo FastConformer int8	RES0130	1329	1282	299	347
NeMo FastConformer int8	RES0128	1095	1062	274	321
NeMo FastConformer int8	RES0123	1716	1647	487	551
NeMo FastConformer int8	RES0127	1461	1418	336	393
NeMo FastConformer int8	RES0125	1638	1576	466	529
NeMo FastConformer int8	RES0131	1231	1176	307	368
NeMo FastConformer int8	RES0136	1243	1211	373	405
NeMo FastConformer int8	RES0137	1274	1216	320	400
NeMo FastConformer int8	RES0138	1148	1118	465	474
NeMo FastConformer int8	RES0135	1224	1191	298	319
NeMo FastConformer int8	RES0133	1264	1222	287	328
NeMo FastConformer int8	RES0132	1309	1276	273	323
NeMo FastConformer int8	RES0142	778	758	241	259
NeMo FastConformer int8	RES0139	1131	1093	345	379
NeMo FastConformer int8	RES0140	907	877	231	274
NeMo FastConformer int8	RES0141	987	949	312	346
NeMo FastConformer int8	RES0134	1679	1630	417	469
NeMo FastConformer int8	RES0146	898	870	234	255
NeMo FastConformer int8	RES0144	1153	1119	337	383
NeMo FastConformer int8	RES0147	1274	1234	403	446
NeMo FastConformer int8	RES0145	1326	1277	367	414
NeMo FastConformer int8	RES0143	1119	1080	378	392
NeMo FastConformer int8	RES0148	1136	1101	341	370
NeMo FastConformer int8	RES0156	1016	983	213	253
NeMo FastConformer int8	RES0149	1270	1231	381	405
NeMo FastConformer int8	RES0150	1147	1099	360	400
NeMo FastConformer int8	RES0154	943	922	194	227
NeMo FastConformer int8	RES0152	1059	1028	179	235
NeMo FastConformer int8	RES0151	1157	1125	166	217
NeMo FastConformer int8	RES0159	1104	1060	284	337
NeMo FastConformer int8	RES0153	1103	1063	252	301
NeMo FastConformer int8	RES0155	1439	1380	317	393
NeMo FastConformer int8	RES0158	1079	1034	186	251
NeMo FastConformer int8	RES0160	1135	1093	313	369
NeMo FastConformer int8	RES0162	1235	1183	304	382
NeMo FastConformer int8	RES0161	1034	993	242	297
NeMo FastConformer int8	RES0165	909	881	281	298
NeMo FastConformer int8	RES0168	1329	1271	292	381
NeMo FastConformer int8	RES0170	1351	1300	419	454
NeMo FastConformer int8	RES0171	1368	1306	403	450
NeMo FastConformer int8	RES0169	946	906	276	312
NeMo FastConformer int8	RES0163	1200	1155	306	339
NeMo FastConformer int8	RES0167	1181	1132	215	288
NeMo FastConformer int8	RES0164	1248	1197	407	456
NeMo FastConformer int8	RES0166	1155	1117	289	337
NeMo FastConformer int8	RES0173	1262	1210	389	420
NeMo FastConformer int8	RES0172	1195	1148	420	473
NeMo FastConformer int8	RES0178	1125	1082	377	417
NeMo FastConformer int8	RES0177	1193	1151	306	357
NeMo FastConformer int8	RES0176	1305	1269	343	390
NeMo FastConformer int8	RES0175	1017	979	390	397
NeMo FastConformer int8	RES0184	970	946	239	260
NeMo FastConformer int8	RES0180	1065	1020	293	342
NeMo FastConformer int8	RES0182	945	919	257	277
NeMo FastConformer int8	RES0174	1549	1484	481	539
NeMo FastConformer int8	RES0179	1291	1254	316	367
NeMo FastConformer int8	RES0181	1184	1154	312	349
NeMo FastConformer int8	RES0188	957	932	261	290
NeMo FastConformer int8	RES0183	1217	1178	275	325
NeMo FastConformer int8	RES0186	1069	1020	271	331
NeMo FastConformer int8	RES0187	1303	1275	299	340
NeMo FastConformer int8	RES0185	1075	1026	299	340
NeMo FastConformer int8	RES0190	1290	1263	226	268
NeMo FastConformer int8	RES0191	927	905	232	255
NeMo FastConformer int8	RES0196	943	910	206	252
NeMo FastConformer int8	RES0198	857	833	221	248
NeMo FastConformer int8	RES0189	1439	1397	264	341
NeMo FastConformer int8	RES0197	966	943	230	257
NeMo FastConformer int8	RES0201	1059	1024	249	289
NeMo FastConformer int8	RES0192	1280	1243	298	353
NeMo FastConformer int8	RES0199	1152	1118	272	310
NeMo FastConformer int8	RES0203	920	895	196	234
NeMo FastConformer int8	RES0195	1335	1297	278	328
NeMo FastConformer int8	RES0204	995	959	158	221
NeMo FastConformer int8	RES0193	1431	1382	274	358
NeMo FastConformer int8	RES0194	1395	1339	247	323
NeMo FastConformer int8	RES0207	818	789	241	275
NeMo FastConformer int8	RES0200	1351	1316	392	442
NeMo FastConformer int8	RES0209	1108	1062	197	275
NeMo FastConformer int8	RES0210	1139	1119	268	296
NeMo FastConformer int8	RES0205	1049	1009	296	341
NeMo FastConformer int8	RES0202	1522	1472	382	441
NeMo FastConformer int8	RES0212	1304	1238	329	412
NeMo FastConformer int8	RES0208	1322	1254	292	370
NeMo FastConformer int8	RES0215	1386	1329	291	372
NeMo FastConformer int8	RES0206	1354	1309	356	408
NeMo FastConformer int8	RES0214	1123	1093	224	263
NeMo FastConformer int8	RES0211	1415	1355	508	580
Nemotron	CAR0001	1053	1027	323	344
NeMo FastConformer int8	RES0217	1486	1424	291	352
Nemotron	CAR0004	920	896	302	321
NeMo FastConformer int8	RES0213	1485	1383	312	435
Nemotron	CAR0002	1067	1043	350	356
NeMo FastConformer int8	RES0216	1604	1531	263	371
Nemotron	GAS0004	1180	1127	497	507
Nemotron	GAS0001	1033	984	547	548
Nemotron	GAS0007	903	884	363	372
Nemotron	CAR0003	1281	1259	372	393
Nemotron	DER0001	1554	1485	581	624
Nemotron	GAS0003	1093	1036	431	451
Nemotron	GAS0002	1140	1103	362	369
Nemotron	CAR0005	1292	1228	478	512
Nemotron	GAS0005	1599	1541	525	570
Nemotron	GEN0001	1132	1093	418	443
Nemotron	MSK0001	983	960	319	335
Nemotron	MSK0004	1125	1096	359	378
Nemotron	MSK0008	1417	1391	431	458
Nemotron	MSK0006	1781	1720	633	677
Nemotron	MSK0007	1358	1333	384	406
Nemotron	MSK0012	1652	1600	529	571
Nemotron	MSK0005	1513	1462	459	508
Nemotron	MSK0003	1866	1810	624	654
Nemotron	MSK0010	1505	1473	454	476
Nemotron	MSK0011	1535	1501	462	493
Nemotron	MSK0015	1622	1576	455	490
Nemotron	MSK0009	1572	1520	481	525
Nemotron	MSK0013	1610	1562	449	480
Nemotron	MSK0014	1575	1529	489	519
Nemotron	MSK0019	1337	1298	477	498
Nemotron	MSK0018	976	940	322	324
Nemotron	MSK0017	1735	1681	656	682
Nemotron	MSK0016	2064	1999	644	705
Nemotron	MSK0024	1193	1162	372	394
Nemotron	MSK0023	1229	1181	371	397
Nemotron	MSK0032	1198	1154	426	436
Nemotron	MSK0020	1683	1636	553	596
Nemotron	MSK0031	1299	1247	449	472
Nemotron	MSK0025	1580	1511	403	473
Nemotron	MSK0026	1365	1338	454	465
Nemotron	MSK0021	1745	1691	664	694
Nemotron	MSK0027	1377	1331	449	480
Nemotron	MSK0028	1836	1785	534	576
Nemotron	MSK0033	1687	1621	523	575
Nemotron	MSK0022	2164	2091	729	770
Nemotron	MSK0035	1596	1549	472	502
Nemotron	MSK0034	1448	1417	513	540
Nemotron	MSK0042	1522	1471	495	523
Nemotron	MSK0037	1682	1620	580	602
Nemotron	MSK0029	2268	2186	913	935
Nemotron	MSK0043	1772	1694	591	635
Nemotron	MSK0039	1404	1367	429	450
Nemotron	MSK0040	1488	1446	487	514
Nemotron	MSK0036	1757	1714	575	602
Nemotron	MSK0041	1583	1543	500	525
Nemotron	MSK0044	1177	1132	426	458
Nemotron	MSK0045	1394	1354	468	492
Nemotron	MSK0038	1895	1828	638	681
Nemotron	MSK0049	1372	1333	501	520
Nemotron	MSK0050	1285	1257	432	449
Nemotron	RES0002	1162	1144	458	477
Nemotron	MSK0046	1225	1188	373	397
Nemotron	RES0008	1171	1129	436	459
Nemotron	RES0010	1070	1018	479	500
Nemotron	RES0003	1261	1213	413	448
Nemotron	RES0001	1526	1469	426	482
Nemotron	RES0006	1240	1207	387	413
Nemotron	RES0011	1647	1573	565	606
Nemotron	RES0004	1723	1650	622	688
Nemotron	RES0009	1446	1372	534	572
Nemotron	RES0005	1645	1578	484	544
Nemotron	RES0014	1429	1383	510	533
Nemotron	RES0007	1874	1811	636	676
Nemotron	RES0013	1400	1325	594	632
Nemotron	RES0012	2168	2058	790	846
Nemotron	RES0015	1607	1551	591	615
Nemotron	RES0016	1327	1287	405	423
Nemotron	RES0023	1099	1054	462	490
Nemotron	RES0018	1334	1294	493	517
Nemotron	RES0019	1334	1300	459	471
Nemotron	RES0021	1255	1226	481	488
Nemotron	RES0024	1004	969	380	391
Nemotron	RES0027	1366	1323	490	504
Nemotron	RES0017	1751	1698	577	610
Nemotron	RES0026	1544	1504	512	543
Nemotron	RES0020	1413	1386	445	470
Nemotron	RES0029	811	787	264	277
Nemotron	RES0025	1393	1342	478	509
Nemotron	RES0028	1156	1130	428	438
Nemotron	RES0031	1343	1297	484	506
Nemotron	RES0022	1999	1927	726	755
Nemotron	RES0030	1184	1158	355	364
Nemotron	RES0036	1423	1368	474	495
Nemotron	RES0035	958	944	259	266
Nemotron	RES0034	1685	1627	514	561
Nemotron	RES0032	1212	1169	356	379
Nemotron	RES0033	1372	1306	470	507
Nemotron	RES0038	1554	1504	528	543
Nemotron	RES0037	1453	1413	486	508
Nemotron	RES0043	1503	1451	516	551
Nemotron	RES0042	1264	1222	465	485
Nemotron	RES0046	1588	1532	581	608
Nemotron	RES0045	1204	1158	374	400
Nemotron	RES0051	997	970	419	423
Nemotron	RES0039	1672	1635	648	660
Nemotron	RES0048	1809	1726	605	663
Nemotron	RES0050	1109	1084	324	346
Nemotron	RES0052	828	809	322	344
Nemotron	RES0044	1859	1776	653	694
Nemotron	RES0047	1628	1575	639	670
Nemotron	RES0049	1622	1555	610	648
Nemotron	RES0057	1245	1194	548	571
Nemotron	RES0055	1375	1328	535	573
Nemotron	RES0053	1982	1906	815	852
Nemotron	RES0056	1174	1140	538	536
Nemotron	RES0059	1358	1327	430	456
Nemotron	RES0065	1089	1064	403	414
Nemotron	RES0066	1192	1160	500	519
Nemotron	RES0058	1514	1462	606	639
Nemotron	RES0064	1078	1046	410	429
Nemotron	RES0067	946	912	308	334
Nemotron	RES0069	1026	994	413	432
Nemotron	RES0063	1439	1384	558	600
Nemotron	RES0060	1683	1616	669	694
Nemotron	RES0061	1783	1701	632	676
Nemotron	RES0070	976	946	401	415
Nemotron	RES0068	1213	1168	465	491
Nemotron	RES0071	1301	1261	446	471
Nemotron	RES0054	2491	2446	1201	1237
Nemotron	RES0062	1965	1905	760	802
Nemotron	RES0074	1246	1206	400	435
Nemotron	RES0075	1112	1070	373	403
Nemotron	RES0079	841	815	364	373
Nemotron	RES0072	1182	1150	412	438
Nemotron	RES0073	1340	1303	467	497
Nemotron	RES0085	959	923	367	378
Nemotron	RES0078	1140	1092	452	478
Nemotron	RES0082	932	891	374	393
Nemotron	RES0081	1455	1391	573	595
Nemotron	RES0083	990	962	350	368
Nemotron	RES0080	1225	1179	474	502
Nemotron	RES0084	1562	1516	499	526
Nemotron	RES0076	1569	1513	524	566
Nemotron	RES0086	1523	1463	550	587
Nemotron	RES0077	1649	1585	580	630
Nemotron	RES0092	837	800	350	362
Nemotron	RES0087	1359	1306	499	526
Nemotron	RES0091	901	869	313	319
Nemotron	RES0094	793	766	253	278
Nemotron	RES0089	1800	1749	615	636
Nemotron	RES0090	1193	1160	383	402
Nemotron	RES0097	1381	1319	465	492
Nemotron	RES0088	1373	1336	477	499
Nemotron	RES0095	1467	1426	630	647
Nemotron	RES0096	1292	1251	498	504
Nemotron	RES0099	1554	1505	517	554
Nemotron	RES0093	1606	1543	618	637
Nemotron	RES0103	1100	1063	403	419
Nemotron	RES0098	1474	1422	476	511
Nemotron	RES0109	845	817	302	309
Nemotron	RES0105	1738	1663	595	626
Nemotron	RES0107	1596	1520	573	633
Nemotron	RES0101	1430	1379	495	535
Nemotron	RES0111	965	927	448	465
Nemotron	RES0106	1307	1251	500	533
Nemotron	RES0108	950	918	328	335
Nemotron	RES0100	1767	1710	507	539
Nemotron	RES0112	835	795	277	300
Nemotron	RES0104	1563	1511	597	617
Nemotron	RES0113	1079	1043	453	462
Nemotron	RES0118	947	921	364	370
Nemotron	RES0102	2025	1952	632	692
Nemotron	RES0114	1673	1606	655	691
Nemotron	RES0110	1565	1512	527	558
Nemotron	RES0116	1588	1533	545	573
Nemotron	RES0117	951	920	352	361
Nemotron	RES0121	962	930	337	353
Nemotron	RES0122	1046	1005	371	387
Nemotron	RES0119	1359	1302	440	479
Nemotron	RES0120	1381	1325	525	553
Nemotron	RES0124	1729	1675	583	599
Nemotron	RES0129	1078	1040	424	446
Nemotron	RES0125	1638	1576	489	523
Nemotron	RES0127	1461	1418	494	523
Nemotron	RES0123	1716	1647	639	659
Nemotron	RES0128	1095	1062	370	389
Nemotron	RES0130	1329	1282	394	431
Nemotron	RES0131	1231	1176	386	432
Nemotron	RES0136	1243	1211	538	546
Nemotron	RES0135	1224	1191	324	358
Nemotron	RES0137	1274	1216	425	466
Nemotron	RES0138	1148	1118	390	403
Nemotron	RES0126	1858	1784	672	715
Nemotron	RES0133	1264	1222	409	424
Nemotron	RES0132	1309	1276	386	407
Nemotron	RES0140	907	877	351	366
Nemotron	RES0143	1119	1080	429	441
Nemotron	RES0139	1131	1093	359	386
Nemotron	RES0142	778	758	318	331
Nemotron	RES0134	1679	1630	590	613
Nemotron	RES0146	898	870	372	388
Nemotron	RES0144	1153	1119	415	441
Nemotron	RES0141	987	949	350	375
Nemotron	RES0145	1326	1277	577	594
Nemotron	RES0148	1136	1101	391	417
Nemotron	RES0151	1157	1125	433	440
Nemotron	RES0149	1270	1231	482	495
Nemotron	RES0156	1016	983	371	390
Nemotron	RES0147	1274	1234	518	538
Nemotron	RES0150	1147	1099	406	436
Nemotron	RES0159	1104	1060	498	515
Nemotron	RES0155	1439	1380	484	514
Nemotron	RES0154	943	922	336	358
Nemotron	RES0152	1059	1028	356	382
Nemotron	RES0153	1103	1063	386	412
Nemotron	RES0158	1079	1034	398	416
Nemotron	RES0161	1034	993	397	419
Nemotron	RES0163	1200	1155	424	445
Nemotron	RES0166	1155	1117	488	502
Nemotron	RES0160	1135	1093	401	421
Nemotron	RES0167	1181	1132	500	503
Nemotron	RES0165	909	881	324	340
Nemotron	RES0162	1235	1183	490	512
Nemotron	RES0164	1248	1197	499	527
Nemotron	RES0169	946	906	288	316
Nemotron	RES0172	1195	1148	523	534
Nemotron	RES0168	1329	1271	554	570
Nemotron	RES0173	1262	1210	508	516
Nemotron	RES0170	1351	1300	547	568
Nemotron	RES0171	1368	1306	526	566
Nemotron	RES0176	1305	1269	408	440
Nemotron	RES0174	1549	1484	591	613
Nemotron	RES0175	1017	979	405	421
Nemotron	RES0181	1184	1154	402	420
Nemotron	RES0177	1193	1151	423	436
Nemotron	RES0180	1065	1020	393	416
Nemotron	RES0178	1125	1082	380	400
Nemotron	RES0183	1217	1178	517	528
Nemotron	RES0182	945	919	316	333
Nemotron	RES0186	1069	1020	384	411
Nemotron	RES0179	1291	1254	453	478
Nemotron	RES0184	970	946	366	381
Nemotron	RES0187	1303	1275	425	446
Nemotron	RES0185	1075	1026	372	403
Nemotron	RES0188	957	932	313	337
Nemotron	RES0189	1439	1397	427	458
Nemotron	RES0191	927	905	334	347
Nemotron	RES0198	857	833	299	327
Nemotron	RES0195	1335	1297	493	522
Nemotron	RES0196	943	910	329	351
Nemotron	RES0193	1431	1382	476	513
Nemotron	RES0190	1290	1263	431	439
Nemotron	RES0197	966	943	333	349
Nemotron	RES0201	1059	1024	409	441
Nemotron	RES0192	1280	1243	421	454
Nemotron	RES0203	920	895	307	322
Nemotron	RES0194	1395	1339	501	529
Nemotron	RES0199	1152	1118	479	498
Nemotron	RES0204	995	959	403	428
Nemotron	RES0207	818	789	362	372
Nemotron	RES0206	1354	1309	622	630
Nemotron	RES0200	1351	1316	550	562
Nemotron	RES0209	1108	1062	466	483
Nemotron	RES0205	1049	1009	432	445
Nemotron	RES0202	1522	1472	556	586
Nemotron	RES0214	1123	1093	375	389
Nemotron	RES0211	1415	1355	598	623
Nemotron	RES0210	1139	1119	424	427
Nemotron	RES0208	1322	1254	514	549
Zipformer (libriheavy)	CAR0001	1052	1026	223	250
Nemotron	RES0212	1304	1238	405	449
Nemotron	RES0213	1485	1383	529	590
Zipformer (libriheavy)	CAR0004	920	896	229	256
Nemotron	RES0216	1604	1531	638	668
Zipformer (libriheavy)	CAR0002	1067	1043	224	254
Zipformer (libriheavy)	CAR0005	1292	1228	222	306
Nemotron	RES0215	1386	1329	528	562
Nemotron	RES0217	1486	1424	622	638
Zipformer (libriheavy)	GAS0001	1033	984	359	391
Zipformer (libriheavy)	GAS0002	1139	1102	238	277
Zipformer (libriheavy)	GAS0007	903	884	242	269
Zipformer (libriheavy)	CAR0003	1281	1259	259	285
Zipformer (libriheavy)	GAS0003	1093	1036	265	338
Zipformer (libriheavy)	MSK0001	982	959	236	261
Zipformer (libriheavy)	DER0001	1553	1484	448	504
Zipformer (libriheavy)	GAS0004	1180	1127	287	350
Zipformer (libriheavy)	GAS0005	1599	1541	412	473
Zipformer (libriheavy)	GEN0001	1132	1093	250	297
Zipformer (libriheavy)	MSK0004	1125	1096	284	297
Zipformer (libriheavy)	MSK0007	1358	1333	310	340
Zipformer (libriheavy)	MSK0006	1780	1719	456	514
Zipformer (libriheavy)	MSK0010	1505	1473	318	360
Zipformer (libriheavy)	MSK0005	1512	1461	349	402
Zipformer (libriheavy)	MSK0008	1417	1391	346	372
Zipformer (libriheavy)	MSK0013	1610	1562	332	406
Zipformer (libriheavy)	MSK0003	1865	1809	443	501
Zipformer (libriheavy)	MSK0009	1571	1519	370	428
Zipformer (libriheavy)	MSK0018	974	938	273	299
Zipformer (libriheavy)	MSK0011	1535	1501	379	408
Zipformer (libriheavy)	MSK0012	1651	1599	345	389
Zipformer (libriheavy)	MSK0014	1575	1529	329	379
Zipformer (libriheavy)	MSK0017	1734	1680	463	514
Zipformer (libriheavy)	MSK0016	2063	1998	506	573
Zipformer (libriheavy)	MSK0015	1621	1575	429	478
Zipformer (libriheavy)	MSK0024	1193	1162	241	270
Zipformer (libriheavy)	MSK0021	1743	1689	473	539
Zipformer (libriheavy)	MSK0019	1336	1297	325	367
Zipformer (libriheavy)	MSK0023	1228	1180	289	330
Zipformer (libriheavy)	MSK0020	1682	1635	468	519
Zipformer (libriheavy)	MSK0032	1197	1153	255	305
Zipformer (libriheavy)	MSK0026	1365	1338	265	295
Zipformer (libriheavy)	MSK0025	1579	1510	280	371
Zipformer (libriheavy)	MSK0028	1835	1784	360	422
Zipformer (libriheavy)	MSK0027	1376	1330	291	343
Zipformer (libriheavy)	MSK0033	1687	1621	425	507
Zipformer (libriheavy)	MSK0031	1298	1246	324	382
Zipformer (libriheavy)	MSK0022	2163	2090	492	607
Zipformer (libriheavy)	MSK0029	2267	2178	592	666
Zipformer (libriheavy)	MSK0034	1447	1416	357	395
Zipformer (libriheavy)	MSK0040	1488	1446	307	368
Zipformer (libriheavy)	MSK0037	1682	1620	391	473
Zipformer (libriheavy)	MSK0035	1596	1549	413	453
Zipformer (libriheavy)	MSK0042	1522	1471	396	443
Zipformer (libriheavy)	MSK0045	1393	1353	346	389
Zipformer (libriheavy)	MSK0039	1403	1366	419	436
Zipformer (libriheavy)	MSK0044	1176	1131	315	361
Zipformer (libriheavy)	MSK0036	1756	1713	335	403
Zipformer (libriheavy)	MSK0041	1583	1543	336	381
Zipformer (libriheavy)	MSK0050	1285	1257	260	301
Zipformer (libriheavy)	MSK0038	1894	1827	466	537
Zipformer (libriheavy)	MSK0043	1772	1694	508	563
Zipformer (libriheavy)	MSK0046	1224	1187	337	369
Zipformer (libriheavy)	RES0003	1261	1213	277	334
Zipformer (libriheavy)	MSK0049	1372	1333	330	363
Zipformer (libriheavy)	RES0004	1722	1649	487	546
Zipformer (libriheavy)	RES0001	1525	1468	351	430
Zipformer (libriheavy)	RES0006	1240	1207	292	335
Zipformer (libriheavy)	RES0009	1445	1371	382	457
Zipformer (libriheavy)	RES0013	1400	1325	363	420
Zipformer (libriheavy)	RES0008	1171	1129	313	357
Zipformer (libriheavy)	RES0010	1070	1018	337	385
Zipformer (libriheavy)	RES0014	1428	1382	317	382
Zipformer (libriheavy)	RES0005	1645	1578	335	415
Zipformer (libriheavy)	RES0015	1606	1550	342	405
Zipformer (libriheavy)	RES0007	1874	1811	508	577
Zipformer (libriheavy)	RES0011	1647	1573	444	511
Zipformer (libriheavy)	RES0018	1334	1294	274	337
Zipformer (libriheavy)	RES0019	1334	1300	301	333
Zipformer (libriheavy)	RES0016	1326	1286	298	355
Zipformer (libriheavy)	RES0024	1004	969	286	330
Zipformer (libriheavy)	RES0012	2168	2058	600	720
Zipformer (libriheavy)	RES0023	1099	1054	328	383
Zipformer (libriheavy)	RES0021	1255	1226	305	339
Zipformer (libriheavy)	RES0020	1413	1386	322	349
Zipformer (libriheavy)	RES0022	1999	1927	493	580
Zipformer (libriheavy)	RES0028	1156	1130	230	258
Zipformer (libriheavy)	RES0017	1751	1698	336	403
Zipformer (libriheavy)	RES0027	1366	1323	287	342
Zipformer (libriheavy)	RES0029	808	784	202	213
Zipformer (libriheavy)	RES0025	1393	1342	419	453
Zipformer (libriheavy)	RES0030	1184	1158	203	229
Zipformer (libriheavy)	RES0035	958	944	157	169
Zipformer (libriheavy)	RES0026	1544	1504	317	374
Zipformer (libriheavy)	RES0036	1423	1368	341	393
Zipformer (libriheavy)	RES0032	1212	1169	206	255
Zipformer (libriheavy)	RES0031	1343	1297	319	384
Zipformer (libriheavy)	RES0038	1554	1504	344	381
Zipformer (libriheavy)	RES0033	1372	1306	286	372
Zipformer (libriheavy)	RES0043	1502	1450	441	480
Zipformer (libriheavy)	RES0037	1453	1413	274	330
Zipformer (libriheavy)	RES0042	1264	1222	367	406
Zipformer (libriheavy)	RES0034	1685	1627	361	442
Zipformer (libriheavy)	RES0044	1859	1776	563	647
Zipformer (libriheavy)	RES0046	1586	1530	392	446
Zipformer (libriheavy)	RES0045	1203	1157	269	302
Zipformer (libriheavy)	RES0051	997	970	241	279
Zipformer (libriheavy)	RES0039	1672	1635	378	424
Zipformer (libriheavy)	RES0049	1622	1555	392	470
Zipformer (libriheavy)	RES0050	1109	1084	227	256
Zipformer (libriheavy)	RES0052	828	809	241	267
Zipformer (libriheavy)	RES0056	1174	1140	353	387
Zipformer (libriheavy)	RES0057	1245	1194	406	461
Zipformer (libriheavy)	RES0047	1627	1574	434	493
Zipformer (libriheavy)	RES0059	1358	1327	351	387
Zipformer (libriheavy)	RES0048	1808	1725	463	550
Zipformer (libriheavy)	RES0055	1374	1327	388	445
Zipformer (libriheavy)	RES0064	1078	1046	231	279
Zipformer (libriheavy)	RES0061	1783	1701	475	561
Zipformer (libriheavy)	RES0065	1089	1064	283	311
Zipformer (libriheavy)	RES0058	1514	1462	463	518
Zipformer (libriheavy)	RES0067	945	911	221	270
Zipformer (libriheavy)	RES0053	1980	1904	535	618
Zipformer (libriheavy)	RES0063	1439	1384	363	437
Zipformer (libriheavy)	RES0066	1192	1160	317	352
Zipformer (libriheavy)	RES0060	1683	1616	466	557
Zipformer (libriheavy)	RES0070	976	946	293	332
Zipformer (libriheavy)	RES0069	1026	994	314	345
Zipformer (libriheavy)	RES0072	1181	1149	306	348
Zipformer (libriheavy)	RES0068	1213	1168	301	348
Zipformer (libriheavy)	RES0071	1301	1261	310	354
Zipformer (libriheavy)	RES0074	1246	1206	263	333
Zipformer (libriheavy)	RES0062	1964	1904	546	623
Zipformer (libriheavy)	RES0079	841	815	265	289
Zipformer (libriheavy)	RES0073	1340	1303	304	364
Zipformer (libriheavy)	RES0083	990	962	298	329
Zipformer (libriheavy)	RES0075	1112	1070	236	296
Zipformer (libriheavy)	RES0081	1455	1391	443	518
Zipformer (libriheavy)	RES0078	1140	1092	314	372
Zipformer (libriheavy)	RES0082	932	891	275	329
Zipformer (libriheavy)	RES0085	958	922	237	288
Zipformer (libriheavy)	RES0080	1225	1179	330	387
Zipformer (libriheavy)	RES0084	1561	1515	326	392
Zipformer (libriheavy)	RES0076	1569	1513	353	435
Zipformer (libriheavy)	RES0086	1523	1463	352	429
Zipformer (libriheavy)	RES0077	1649	1585	403	490
Zipformer (libriheavy)	RES0090	1193	1160	249	294
Zipformer (libriheavy)	RES0088	1373	1336	287	328
Zipformer (libriheavy)	RES0092	837	800	236	278
Zipformer (libriheavy)	RES0091	901	869	165	199
Zipformer (libriheavy)	RES0087	1359	1306	299	365
Zipformer (libriheavy)	RES0094	793	766	218	253
Zipformer (libriheavy)	RES0097	1381	1319	430	486
Zipformer (libriheavy)	RES0095	1467	1426	431	475
Zipformer (libriheavy)	RES0096	1292	1251	416	445
Zipformer (libriheavy)	RES0089	1800	1749	417	475
Zipformer (libriheavy)	RES0099	1554	1505	411	459
Zipformer (libriheavy)	RES0093	1606	1543	485	550
Zipformer (libriheavy)	RES0100	1767	1710	407	471
Zipformer (libriheavy)	RES0098	1474	1422	374	429
Zipformer (libriheavy)	RES0103	1100	1063	307	335
Zipformer (libriheavy)	RES0106	1307	1251	318	368
Zipformer (libriheavy)	RES0109	845	817	223	252
Zipformer (libriheavy)	RES0101	1430	1379	404	450
Zipformer (libriheavy)	RES0105	1738	1663	438	529
Zipformer (libriheavy)	RES0111	965	927	231	286
Zipformer (libriheavy)	RES0108	950	918	234	266
Zipformer (libriheavy)	RES0104	1563	1511	382	431
Zipformer (libriheavy)	RES0112	834	794	171	232
Zipformer (libriheavy)	RES0102	2025	1952	481	560
Zipformer (libriheavy)	RES0118	947	921	234	265
Zipformer (libriheavy)	RES0107	1596	1520	426	498
Zipformer (libriheavy)	RES0113	1079	1043	222	273
Zipformer (libriheavy)	RES0117	951	920	259	291
Zipformer (libriheavy)	RES0116	1588	1533	380	438
Zipformer (libriheavy)	RES0114	1673	1606	444	520
Zipformer (libriheavy)	RES0110	1565	1512	401	446
Zipformer (libriheavy)	RES0119	1359	1302	259	341
Zipformer (libriheavy)	RES0121	962	930	209	244
Zipformer (libriheavy)	RES0122	1046	1005	310	343
Zipformer (libriheavy)	RES0120	1381	1325	304	381
Zipformer (libriheavy)	RES0129	1078	1040	284	323
Zipformer (libriheavy)	RES0128	1095	1062	278	334
Zipformer (libriheavy)	RES0124	1729	1675	431	494
Zipformer (libriheavy)	RES0131	1230	1175	365	427
Zipformer (libriheavy)	RES0123	1716	1647	485	537
Zipformer (libriheavy)	RES0136	1243	1211	362	406
Zipformer (libriheavy)	RES0130	1329	1282	327	380
Zipformer (libriheavy)	RES0127	1461	1418	378	437
Zipformer (libriheavy)	RES0135	1224	1191	294	328
Zipformer (libriheavy)	RES0125	1638	1576	466	513
Zipformer (libriheavy)	RES0137	1274	1216	391	449
Zipformer (libriheavy)	RES0138	1147	1117	391	399
Zipformer (libriheavy)	RES0132	1309	1276	265	303
Zipformer (libriheavy)	RES0126	1858	1784	549	604
Zipformer (libriheavy)	RES0133	1263	1221	304	341
Zipformer (libriheavy)	RES0140	906	876	249	285
Zipformer (libriheavy)	RES0146	898	870	306	333
Zipformer (libriheavy)	RES0143	1119	1080	323	363
Zipformer (libriheavy)	RES0142	778	758	218	238
Zipformer (libriheavy)	RES0134	1679	1630	346	402
Zipformer (libriheavy)	RES0141	987	949	295	323
Zipformer (libriheavy)	RES0139	1131	1093	368	384
Zipformer (libriheavy)	RES0145	1326	1277	373	419
Zipformer (libriheavy)	RES0144	1153	1119	355	400
Zipformer (libriheavy)	RES0150	1147	1099	367	400
Zipformer (libriheavy)	RES0152	1059	1028	260	301
Zipformer (libriheavy)	RES0148	1136	1101	341	373
Zipformer (libriheavy)	RES0151	1157	1125	336	346
Zipformer (libriheavy)	RES0147	1274	1234	369	406
Zipformer (libriheavy)	RES0149	1270	1231	349	387
Zipformer (libriheavy)	RES0153	1103	1063	336	373
Zipformer (libriheavy)	RES0158	1079	1034	306	340
Zipformer (libriheavy)	RES0154	943	922	268	284
Zipformer (libriheavy)	RES0156	1016	983	297	323
Zipformer (libriheavy)	RES0160	1134	1092	333	378
Zipformer (libriheavy)	RES0161	1034	993	306	340
Zipformer (libriheavy)	RES0163	1200	1155	318	359
Zipformer (libriheavy)	RES0159	1103	1059	306	350
Zipformer (libriheavy)	RES0155	1439	1380	405	460
Zipformer (libriheavy)	RES0165	909	881	321	341
Zipformer (libriheavy)	RES0167	1181	1132	294	356
Zipformer (libriheavy)	RES0162	1235	1183	301	358
Zipformer (libriheavy)	RES0164	1248	1197	379	444
Zipformer (libriheavy)	RES0169	946	906	252	293
Zipformer (libriheavy)	RES0171	1368	1306	371	432
Zipformer (libriheavy)	RES0170	1351	1300	388	441
Zipformer (libriheavy)	RES0166	1155	1117	339	385
Zipformer (libriheavy)	RES0172	1195	1148	369	417
Zipformer (libriheavy)	RES0168	1329	1271	310	387
Zipformer (libriheavy)	RES0176	1305	1269	302	346
Zipformer (libriheavy)	RES0175	1017	979	291	326
Zipformer (libriheavy)	RES0173	1262	1210	379	427
Zipformer (libriheavy)	RES0180	1064	1019	295	340
Zipformer (libriheavy)	RES0181	1184	1154	305	334
Zipformer (libriheavy)	RES0177	1193	1151	335	361
Zipformer (libriheavy)	RES0183	1217	1178	320	370
Zipformer (libriheavy)	RES0182	945	919	217	236
Zipformer (libriheavy)	RES0178	1125	1082	339	378
Zipformer (libriheavy)	RES0174	1548	1483	438	501
Zipformer (libriheavy)	RES0184	970	946	252	268
Zipformer (libriheavy)	RES0185	1075	1026	284	325
Zipformer (libriheavy)	RES0188	956	931	259	290
Zipformer (libriheavy)	RES0179	1291	1254	364	415
Zipformer (libriheavy)	RES0191	927	905	196	224
Zipformer (libriheavy)	RES0186	1069	1020	304	355
Zipformer (libriheavy)	RES0189	1439	1397	311	371
Zipformer (libriheavy)	RES0196	942	909	221	274
Zipformer (libriheavy)	RES0197	966	941	219	252
Zipformer (libriheavy)	RES0187	1303	1275	337	385
Zipformer (libriheavy)	RES0198	857	832	215	243
Zipformer (libriheavy)	RES0190	1290	1263	290	321
Zipformer (libriheavy)	RES0192	1279	1238	287	331
Zipformer (libriheavy)	RES0199	1152	1116	297	332
Zipformer (libriheavy)	RES0194	1395	1336	372	407
Zipformer (libriheavy)	RES0201	1059	1021	316	347
Zipformer (libriheavy)	RES0193	1429	1380	336	390
Zipformer (libriheavy)	RES0203	920	895	266	296
Zipformer (libriheavy)	RES0195	1334	1296	319	361
Zipformer (libriheavy)	RES0202	1522	1468	487	522
Zipformer (libriheavy)	RES0204	995	957	180	233
Zipformer (libriheavy)	RES0200	1348	1309	402	433
Zipformer (libriheavy)	RES0207	818	785	235	278
Zipformer (libriheavy)	RES0210	1139	1115	301	323
Zipformer (libriheavy)	RES0205	1049	1003	294	342
Zipformer (libriheavy)	RES0208	1321	1250	326	386
Zipformer (libriheavy)	RES0212	1304	1238	316	402
Zipformer (libriheavy)	RES0209	1107	1061	279	332
Zipformer (libriheavy)	RES0214	1123	1093	260	288
Zipformer (libriheavy)	RES0206	1352	1302	340	394
Zipformer (libriheavy)	RES0211	1413	1351	358	440
Zipformer (zh-en)	CAR0001	1053	1027	351	388
Zipformer (libriheavy)	RES0213	1485	1383	316	416
Zipformer (zh-en)	CAR0004	920	896	326	360
Zipformer (zh-en)	CAR0003	1281	1259	363	397
Zipformer (zh-en)	CAR0002	1067	1043	269	302
Zipformer (libriheavy)	RES0215	1386	1329	276	362
Zipformer (libriheavy)	RES0217	1486	1424	267	344
Zipformer (libriheavy)	RES0216	1604	1531	267	377
Zipformer (zh-en)	GAS0003	1093	1036	363	435
Zipformer (zh-en)	GAS0001	1033	984	397	448
Zipformer (zh-en)	DER0001	1554	1485	576	640
Zipformer (zh-en)	GAS0007	903	884	290	315
Zipformer (zh-en)	CAR0005	1292	1228	329	411
Zipformer (zh-en)	GAS0002	1140	1103	332	386
Zipformer (zh-en)	GAS0004	1180	1127	376	444
Zipformer (zh-en)	GAS0005	1599	1541	527	616
Zipformer (zh-en)	GEN0001	1132	1093	388	432
Zipformer (zh-en)	MSK0001	983	960	299	332
Zipformer (zh-en)	MSK0007	1358	1333	402	449
Zipformer (zh-en)	MSK0005	1513	1462	506	567
Zipformer (zh-en)	MSK0008	1417	1391	486	517
Zipformer (zh-en)	MSK0004	1125	1096	337	375
Zipformer (zh-en)	MSK0012	1652	1600	460	543
Zipformer (zh-en)	MSK0006	1781	1720	616	688
Zipformer (zh-en)	MSK0010	1505	1473	410	459
Zipformer (zh-en)	MSK0009	1572	1520	501	578
Zipformer (zh-en)	MSK0003	1866	1810	562	634
Zipformer (zh-en)	MSK0011	1535	1501	456	507
Zipformer (zh-en)	MSK0018	976	940	318	351
Zipformer (zh-en)	MSK0015	1622	1576	482	563
Zipformer (zh-en)	MSK0017	1735	1681	617	696
Zipformer (zh-en)	MSK0013	1610	1562	538	619
Zipformer (zh-en)	MSK0014	1575	1529	461	531
Zipformer (zh-en)	MSK0016	2064	1999	758	845
Zipformer (zh-en)	MSK0019	1337	1298	484	536
Zipformer (zh-en)	MSK0026	1365	1338	397	439
Zipformer (zh-en)	MSK0023	1229	1181	296	368
Zipformer (zh-en)	MSK0027	1377	1331	382	461
Zipformer (zh-en)	MSK0031	1299	1247	461	513
Zipformer (zh-en)	MSK0024	1193	1162	331	370
Zipformer (zh-en)	MSK0032	1198	1154	451	491
Zipformer (zh-en)	MSK0020	1683	1636	532	616
Zipformer (zh-en)	MSK0021	1745	1691	652	731
Zipformer (zh-en)	MSK0025	1580	1511	403	521
Zipformer (zh-en)	MSK0022	2164	2091	498	628
Zipformer (zh-en)	MSK0028	1836	1785	482	554
Zipformer (zh-en)	MSK0035	1596	1549	478	556
Zipformer (zh-en)	MSK0033	1687	1621	462	566
Zipformer (zh-en)	MSK0036	1757	1714	492	562
Zipformer (zh-en)	MSK0034	1448	1417	403	448
Zipformer (zh-en)	MSK0038	1895	1828	672	741
Zipformer (zh-en)	MSK0029	2268	2186	804	922
Zipformer (zh-en)	MSK0039	1404	1367	480	521
Zipformer (zh-en)	MSK0044	1177	1132	375	436
Zipformer (zh-en)	MSK0037	1682	1620	518	619
Zipformer (zh-en)	MSK0040	1488	1446	479	542
Zipformer (zh-en)	MSK0045	1394	1354	431	492
Zipformer (zh-en)	MSK0046	1225	1188	427	478
Zipformer (zh-en)	MSK0041	1583	1543	506	573
Zipformer (zh-en)	MSK0050	1285	1257	370	413
Zipformer (zh-en)	RES0003	1261	1213	643	666
Zipformer (zh-en)	MSK0042	1522	1471	510	582
Zipformer (zh-en)	MSK0049	1372	1333	417	477
Zipformer (zh-en)	MSK0043	1772	1694	580	685
Zipformer (zh-en)	RES0006	1240	1207	329	388
Zipformer (zh-en)	RES0002	1162	1144	531	560
Zipformer (zh-en)	RES0001	1526	1469	569	644
Zipformer (zh-en)	RES0010	1070	1018	405	465
Zipformer (zh-en)	RES0008	1171	1129	376	434
Zipformer (zh-en)	RES0009	1446	1372	533	627
Zipformer (zh-en)	RES0007	1874	1811	545	632
Zipformer (zh-en)	RES0004	1723	1650	631	708
Zipformer (zh-en)	RES0005	1645	1578	447	564
Zipformer (zh-en)	RES0014	1429	1383	483	554
Zipformer (zh-en)	RES0011	1647	1573	521	633
Zipformer (zh-en)	RES0013	1400	1325	387	500
Zipformer (zh-en)	RES0019	1334	1300	402	454
Zipformer (zh-en)	RES0020	1413	1386	460	506
Zipformer (zh-en)	RES0016	1327	1287	435	479
Zipformer (zh-en)	RES0017	1751	1698	500	576
Zipformer (zh-en)	RES0015	1607	1551	442	520
Zipformer (zh-en)	RES0023	1099	1054	388	444
Zipformer (zh-en)	RES0018	1334	1294	373	438
Zipformer (zh-en)	RES0021	1255	1226	406	455
Zipformer (zh-en)	RES0012	2168	2058	692	835
Zipformer (zh-en)	RES0029	811	787	237	260
Zipformer (zh-en)	RES0027	1366	1323	407	476
Zipformer (zh-en)	RES0024	1004	969	399	433
Zipformer (zh-en)	RES0026	1544	1504	444	521
Zipformer (zh-en)	RES0031	1343	1297	377	436
Zipformer (zh-en)	RES0028	1156	1130	295	327
Zipformer (zh-en)	RES0035	958	944	268	285
Zipformer (zh-en)	RES0025	1393	1342	480	523
Zipformer (zh-en)	RES0022	1999	1927	585	692
Zipformer (zh-en)	RES0030	1184	1158	294	328
Zipformer (zh-en)	RES0032	1212	1169	303	366
Zipformer (zh-en)	RES0036	1423	1368	425	492
Zipformer (zh-en)	RES0033	1372	1306	377	490
Zipformer (zh-en)	RES0038	1554	1504	446	509
Zipformer (zh-en)	RES0043	1503	1451	486	539
Zipformer (zh-en)	RES0037	1453	1413	427	490
Zipformer (zh-en)	RES0034	1685	1627	479	573
Zipformer (zh-en)	RES0039	1672	1635	488	540
Zipformer (zh-en)	RES0042	1264	1222	423	460
Zipformer (zh-en)	RES0045	1204	1158	392	437
Zipformer (zh-en)	RES0050	1109	1084	351	387
Zipformer (zh-en)	RES0051	997	970	319	361
Zipformer (zh-en)	RES0048	1809	1726	593	679
Zipformer (zh-en)	RES0046	1588	1532	522	595
Zipformer (zh-en)	RES0047	1628	1575	565	623
Zipformer (zh-en)	RES0044	1859	1776	595	699
Zipformer (zh-en)	RES0052	828	809	347	382
Zipformer (zh-en)	RES0049	1622	1555	506	586
Zipformer (zh-en)	RES0057	1245	1194	576	633
Zipformer (zh-en)	RES0056	1174	1140	475	523
Zipformer (zh-en)	RES0059	1358	1327	496	534
Zipformer (zh-en)	RES0058	1514	1462	624	676
Zipformer (zh-en)	RES0055	1375	1328	538	599
Zipformer (zh-en)	RES0054	2491	2446	1146	1187
Zipformer (zh-en)	RES0065	1089	1064	364	397
Zipformer (zh-en)	RES0053	1982	1906	767	842
Zipformer (zh-en)	RES0067	946	912	334	389
Zipformer (zh-en)	RES0064	1078	1046	361	404
Zipformer (zh-en)	RES0063	1439	1384	583	657
Zipformer (zh-en)	RES0070	976	946	375	424
Zipformer (zh-en)	RES0068	1213	1168	410	473
Zipformer (zh-en)	RES0060	1683	1616	641	745
Zipformer (zh-en)	RES0066	1192	1160	408	453
Zipformer (zh-en)	RES0069	1026	994	392	440
Zipformer (zh-en)	RES0071	1301	1261	456	511
Zipformer (zh-en)	RES0061	1783	1701	687	803
Zipformer (zh-en)	RES0062	1965	1905	738	797
Zipformer (zh-en)	RES0073	1340	1303	480	545
Zipformer (zh-en)	RES0072	1182	1150	409	455
Zipformer (zh-en)	RES0076	1569	1513	502	600
Zipformer (zh-en)	RES0079	841	815	374	409
Zipformer (zh-en)	RES0075	1112	1070	374	446
Zipformer (zh-en)	RES0074	1246	1206	462	527
Zipformer (zh-en)	RES0077	1649	1585	575	682
Zipformer (zh-en)	RES0078	1140	1092	468	521
Zipformer (zh-en)	RES0082	932	891	427	453
Zipformer (zh-en)	RES0081	1455	1391	611	705
Zipformer (zh-en)	RES0083	990	962	437	476
Zipformer (zh-en)	RES0080	1225	1179	552	607
Zipformer (zh-en)	RES0084	1562	1516	479	557
Zipformer (zh-en)	RES0085	959	923	300	353
Zipformer (zh-en)	RES0090	1193	1160	316	374
Zipformer (zh-en)	RES0086	1523	1463	505	588
Zipformer (zh-en)	RES0091	901	869	221	267
Zipformer (zh-en)	RES0092	837	800	375	423
Zipformer (zh-en)	RES0094	793	766	274	310
Zipformer (zh-en)	RES0093	1606	1543	699	777
Zipformer (zh-en)	RES0087	1359	1306	401	486
Zipformer (zh-en)	RES0088	1373	1336	392	444
Zipformer (zh-en)	RES0096	1292	1251	494	534
Zipformer (zh-en)	RES0098	1474	1422	420	495
Zipformer (zh-en)	RES0089	1800	1749	535	616
Zipformer (zh-en)	RES0103	1100	1063	347	397
Zipformer (zh-en)	RES0095	1467	1426	512	572
Zipformer (zh-en)	RES0099	1554	1505	502	573
Zipformer (zh-en)	RES0097	1381	1319	531	618
Zipformer (zh-en)	RES0101	1430	1379	446	510
Zipformer (zh-en)	RES0106	1307	1251	442	511
Zipformer (zh-en)	RES0109	845	817	306	352
Zipformer (zh-en)	RES0111	965	927	346	413
Zipformer (zh-en)	RES0100	1767	1710	492	583
Zipformer (zh-en)	RES0108	950	918	287	320
Zipformer (zh-en)	RES0104	1563	1511	457	530
Zipformer (zh-en)	RES0107	1596	1520	518	618
Zipformer (zh-en)	RES0112	835	795	247	319
Zipformer (zh-en)	RES0105	1738	1663	502	623
Zipformer (zh-en)	RES0102	2025	1952	585	707
Zipformer (zh-en)	RES0117	951	920	332	382
Zipformer (zh-en)	RES0113	1079	1043	323	387
Zipformer (zh-en)	RES0110	1565	1512	497	574
Zipformer (zh-en)	RES0114	1673	1606	560	652
Zipformer (zh-en)	RES0121	962	930	312	352
Zipformer (zh-en)	RES0116	1588	1533	533	603
Zipformer (zh-en)	RES0118	947	921	318	361
Zipformer (zh-en)	RES0122	1046	1005	411	443
Zipformer (zh-en)	RES0119	1359	1302	409	508
Zipformer (zh-en)	RES0120	1381	1325	407	510
Zipformer (zh-en)	RES0129	1078	1040	357	412
Zipformer (zh-en)	RES0128	1095	1062	370	429
Zipformer (zh-en)	RES0125	1638	1576	540	624
Zipformer (zh-en)	RES0130	1329	1282	445	504
Zipformer (zh-en)	RES0123	1716	1647	607	693
Zipformer (zh-en)	RES0131	1231	1176	463	534
Zipformer (zh-en)	RES0124	1729	1675	607	675
Zipformer (zh-en)	RES0127	1461	1418	534	596
Zipformer (zh-en)	RES0135	1224	1191	421	462
Zipformer (zh-en)	RES0136	1243	1211	450	499
Zipformer (zh-en)	RES0126	1858	1784	654	740
Zipformer (zh-en)	RES0138	1148	1118	441	478
Zipformer (zh-en)	RES0132	1309	1276	433	482
Zipformer (zh-en)	RES0137	1274	1216	438	525
Zipformer (zh-en)	RES0133	1264	1222	384	439
Zipformer (zh-en)	RES0146	898	870	415	447
Zipformer (zh-en)	RES0142	778	758	339	363
Zipformer (zh-en)	RES0143	1119	1080	443	482
Zipformer (zh-en)	RES0140	907	877	359	401
Zipformer (zh-en)	RES0144	1153	1119	391	449
Zipformer (zh-en)	RES0141	987	949	386	426
Zipformer (zh-en)	RES0139	1131	1093	464	497
Zipformer (zh-en)	RES0134	1679	1630	536	604
Zipformer (zh-en)	RES0148	1136	1101	485	526
Zipformer (zh-en)	RES0154	943	922	383	411
Zipformer (zh-en)	RES0145	1326	1277	529	572
Zipformer (zh-en)	RES0147	1274	1234	578	632
Zipformer (zh-en)	RES0150	1147	1099	531	569
Zipformer (zh-en)	RES0152	1059	1028	358	406
Zipformer (zh-en)	RES0149	1270	1231	534	580
Zipformer (zh-en)	RES0159	1104	1060	391	452
Zipformer (zh-en)	RES0153	1103	1063	437	478
Zipformer (zh-en)	RES0151	1157	1125	409	457
Zipformer (zh-en)	RES0156	1016	983	372	415
Zipformer (zh-en)	RES0158	1079	1034	367	420
Zipformer (zh-en)	RES0160	1135	1093	397	456
Zipformer (zh-en)	RES0163	1200	1155	371	433
Zipformer (zh-en)	RES0155	1439	1380	531	621
Zipformer (zh-en)	RES0161	1034	993	352	399
Zipformer (zh-en)	RES0164	1248	1197	466	542
Zipformer (zh-en)	RES0166	1155	1117	437	491
Zipformer (zh-en)	RES0165	909	881	379	417
Zipformer (zh-en)	RES0162	1235	1183	413	480
Zipformer (zh-en)	RES0169	946	906	379	422
Zipformer (zh-en)	RES0171	1368	1306	527	603
Zipformer (zh-en)	RES0167	1181	1132	354	426
Zipformer (zh-en)	RES0172	1195	1148	437	490
Zipformer (zh-en)	RES0175	1017	979	427	461
Zipformer (zh-en)	RES0168	1329	1271	404	478
Zipformer (zh-en)	RES0170	1351	1300	496	565
Zipformer (zh-en)	RES0176	1305	1269	465	521
Zipformer (zh-en)	RES0173	1262	1210	489	550
Zipformer (zh-en)	RES0180	1065	1020	407	448
Zipformer (zh-en)	RES0182	945	919	320	343
Zipformer (zh-en)	RES0178	1125	1082	460	502
Zipformer (zh-en)	RES0177	1193	1151	443	489
Zipformer (zh-en)	RES0183	1217	1178	425	481
Zipformer (zh-en)	RES0174	1549	1484	577	652
Zipformer (zh-en)	RES0184	970	946	317	351
Zipformer (zh-en)	RES0186	1069	1020	420	494
Zipformer (zh-en)	RES0179	1291	1254	523	574
Zipformer (zh-en)	RES0188	957	932	319	351
Zipformer (zh-en)	RES0181	1184	1154	445	482
Zipformer (zh-en)	RES0185	1075	1026	447	478
Zipformer (zh-en)	RES0189	1439	1397	443	523
Zipformer (zh-en)	RES0191	927	905	306	342
Zipformer (zh-en)	RES0187	1303	1275	465	512
Zipformer (zh-en)	RES0192	1280	1243	414	475
Zipformer (zh-en)	RES0197	966	943	335	371
Zipformer (zh-en)	RES0190	1290	1263	404	443
Zipformer (zh-en)	RES0196	943	910	318	369
Zipformer (zh-en)	RES0195	1335	1297	444	496
Zipformer (zh-en)	RES0198	857	833	292	324
Zipformer (zh-en)	RES0203	920	895	340	370
Zipformer (zh-en)	RES0199	1152	1118	458	493
Zipformer (zh-en)	RES0200	1351	1316	523	566
Zipformer (zh-en)	RES0193	1431	1382	443	504
Zipformer (zh-en)	RES0204	995	959	281	338
Zipformer (zh-en)	RES0207	818	789	294	327
Zipformer (zh-en)	RES0194	1395	1339	403	482
Zipformer (zh-en)	RES0201	1059	1024	374	431
Zipformer (zh-en)	RES0205	1049	1009	333	386
Zipformer (zh-en)	RES0209	1108	1062	313	384
Zipformer (zh-en)	RES0214	1123	1093	340	375
Zipformer (zh-en)	RES0202	1522	1472	516	570
Zipformer (zh-en)	RES0211	1415	1355	693	704
Zipformer (zh-en)	RES0213	1485	1383	623	732
Zipformer (zh-en)	RES0206	1354	1309	418	492
Zipformer (zh-en)	RES0208	1322	1254	381	472
Zipformer (zh-en)	RES0210	1139	1119	528	541
MedASR	CAR0001	1053	1027	946	924
Zipformer (zh-en)	RES0212	1304	1238	777	760
MedASR	CAR0004	920	896	734	717
Zipformer (zh-en)	RES0215	1386	1329	427	501
MedASR	GAS0003	1093	1036	1007	951
MedASR	CAR0002	1067	1043	203	229
Zipformer (zh-en)	RES0216	1604	1531	523	618
MedASR	GAS0001	1033	984	791	758
MedASR	CAR0005	1292	1228	406	431
MedASR	CAR0003	1281	1259	658	661
MedASR	GAS0004	1180	1127	954	911
Zipformer (zh-en)	RES0217	1486	1424	401	462
MedASR	DER0001	1554	1485	1434	1376
MedASR	GEN0001	1132	1093	981	950
MedASR	GAS0007	903	884	832	817
MedASR	GAS0002	1140	1103	177	217
MedASR	MSK0001	983	960	220	235
MedASR	GAS0005	1599	1541	391	431
MedASR	MSK0005	1513	1462	969	951
MedASR	MSK0004	1125	1096	266	284
MedASR	MSK0010	1505	1473	328	354
MedASR	MSK0008	1417	1391	708	699
MedASR	MSK0007	1358	1333	558	548
MedASR	MSK0014	1575	1529	429	468
MedASR	MSK0013	1610	1562	664	686
MedASR	MSK0009	1572	1520	781	802
MedASR	MSK0006	1781	1720	865	859
MedASR	MSK0003	1866	1810	382	438
MedASR	MSK0011	1535	1501	400	429
MedASR	MSK0012	1652	1600	510	532
MedASR	MSK0015	1622	1576	390	442
MedASR	MSK0017	1735	1681	1144	1124
MedASR	MSK0018	976	940	697	678
MedASR	MSK0020	1683	1636	796	808
MedASR	MSK0021	1745	1691	748	744
MedASR	MSK0019	1337	1298	345	366
MedASR	MSK0027	1377	1331	381	444
MedASR	MSK0024	1193	1162	495	488
MedASR	MSK0016	2064	1999	961	960
MedASR	MSK0023	1229	1181	245	310
MedASR	MSK0026	1365	1338	492	508
MedASR	MSK0032	1198	1154	939	921
MedASR	MSK0031	1299	1247	413	424
MedASR	MSK0028	1836	1785	317	393
MedASR	MSK0025	1580	1511	391	446
MedASR	MSK0034	1448	1417	410	423
MedASR	MSK0022	2164	2091	372	471
MedASR	MSK0039	1404	1367	840	815
MedASR	MSK0040	1488	1446	616	612
MedASR	MSK0029	2268	2186	1514	1469
MedASR	MSK0041	1583	1543	764	746
MedASR	MSK0033	1687	1621	782	826
MedASR	MSK0035	1596	1549	631	630
MedASR	MSK0036	1757	1714	801	812
MedASR	MSK0043	1772	1694	1279	1234
MedASR	MSK0037	1682	1620	304	395
MedASR	MSK0042	1522	1471	561	559
MedASR	MSK0045	1394	1354	631	634
MedASR	MSK0046	1225	1188	462	483
MedASR	MSK0038	1895	1828	943	925
MedASR	MSK0044	1177	1132	275	309
MedASR	MSK0050	1285	1257	527	531
MedASR	RES0008	1171	1129	1091	1051
MedASR	RES0001	1526	1469	1088	1058
MedASR	MSK0049	1372	1333	557	577
MedASR	RES0004	1723	1650	1163	1126
MedASR	RES0003	1261	1213	1035	995
MedASR	RES0002	1162	1144	526	538
MedASR	RES0010	1070	1018	823	790
MedASR	RES0011	1647	1573	1260	1207
MedASR	RES0009	1446	1372	1105	1072
MedASR	RES0007	1874	1811	754	767
MedASR	RES0006	1240	1207	231	277
MedASR	RES0015	1607	1551	1393	1347
MedASR	RES0012	2168	2058	1772	1687
MedASR	RES0005	1645	1578	266	360
MedASR	RES0014	1429	1383	1060	1043
MedASR	RES0013	1400	1325	890	872
MedASR	RES0019	1334	1300	659	633
MedASR	RES0016	1327	1287	651	649
MedASR	RES0023	1099	1054	941	913
MedASR	RES0021	1255	1226	709	698
MedASR	RES0024	1004	969	789	755
MedASR	RES0018	1334	1294	351	401
MedASR	RES0020	1413	1386	966	944
MedASR	RES0017	1751	1698	284	346
MedASR	RES0028	1156	1130	221	237
MedASR	RES0029	811	787	200	203
MedASR	RES0025	1393	1342	1198	1152
MedASR	RES0022	1999	1927	1523	1471
MedASR	RES0030	1184	1158	257	279
MedASR	RES0027	1366	1323	1079	1042
MedASR	RES0032	1212	1169	397	411
MedASR	RES0031	1343	1297	296	341
MedASR	RES0026	1544	1504	926	923
MedASR	RES0035	958	944	383	385
MedASR	RES0036	1423	1368	557	565
MedASR	RES0042	1264	1222	620	631
MedASR	RES0045	1204	1158	823	792
MedASR	RES0033	1372	1306	243	322
MedASR	RES0044	1859	1776	1169	1160
MedASR	RES0043	1503	1451	752	732
MedASR	RES0037	1453	1413	298	341
MedASR	RES0034	1685	1627	280	348
MedASR	RES0038	1554	1504	289	332
MedASR	RES0046	1588	1532	1105	1079
MedASR	RES0052	828	809	353	359
MedASR	RES0049	1622	1555	1225	1180
MedASR	RES0050	1109	1084	481	486
MedASR	RES0039	1672	1635	417	433
MedASR	RES0048	1809	1726	1227	1190
MedASR	RES0051	997	970	538	524
MedASR	RES0047	1628	1575	891	887
MedASR	RES0058	1514	1462	1286	1241
MedASR	RES0059	1358	1327	940	936
MedASR	RES0057	1245	1194	1213	1162
MedASR	RES0060	1683	1616	1490	1438
MedASR	RES0056	1174	1140	758	747
MedASR	RES0055	1375	1328	934	906
MedASR	RES0062	1965	1905	1378	1344
MedASR	RES0066	1192	1160	755	758
MedASR	RES0061	1783	1701	1545	1476
MedASR	RES0063	1439	1384	1050	1047
MedASR	RES0053	1982	1906	1230	1215
MedASR	RES0065	1089	1064	426	437
MedASR	RES0064	1078	1046	681	673
MedASR	RES0069	1026	994	782	761
MedASR	RES0068	1213	1168	492	511
MedASR	RES0067	946	912	284	318
MedASR	RES0070	976	946	577	572
MedASR	RES0054	2491	2446	1870	1843
MedASR	RES0071	1301	1261	538	568
MedASR	RES0072	1182	1150	658	664
MedASR	RES0079	841	815	705	689
MedASR	RES0082	932	891	891	856
MedASR	RES0083	990	962	831	804
MedASR	RES0076	1569	1513	387	457
MedASR	RES0078	1140	1092	1015	972
MedASR	RES0075	1112	1070	251	295
MedASR	RES0073	1340	1303	561	583
MedASR	RES0085	959	923	406	437
MedASR	RES0080	1225	1179	966	926
MedASR	RES0074	1246	1206	264	324
MedASR	RES0081	1455	1391	1152	1097
MedASR	RES0084	1562	1516	424	456
MedASR	RES0092	837	800	692	673
MedASR	RES0077	1649	1585	557	617
MedASR	RES0094	793	766	722	696
MedASR	RES0087	1359	1306	465	500
MedASR	RES0088	1373	1336	324	357
MedASR	RES0091	901	869	382	387
MedASR	RES0096	1292	1251	906	885
MedASR	RES0097	1381	1319	1043	998
MedASR	RES0090	1193	1160	265	287
MedASR	RES0093	1606	1543	1384	1341
MedASR	RES0086	1523	1463	480	530
MedASR	RES0095	1467	1426	1039	1014
MedASR	RES0089	1800	1749	744	779
MedASR	RES0101	1430	1379	296	339
MedASR	RES0103	1100	1063	222	263
MedASR	RES0098	1474	1422	272	322
MedASR	RES0100	1767	1710	367	407
MedASR	RES0108	950	918	805	777
MedASR	RES0104	1563	1511	515	551
MedASR	RES0099	1554	1505	430	446
MedASR	RES0106	1307	1251	978	941
MedASR	RES0111	965	927	692	680
MedASR	RES0109	845	817	553	533
MedASR	RES0113	1079	1043	855	832
MedASR	RES0107	1596	1520	901	891
MedASR	RES0112	835	795	337	369
MedASR	RES0110	1565	1512	718	717
MedASR	RES0105	1738	1663	462	538
MedASR	RES0118	947	921	752	736
MedASR	RES0102	2025	1952	429	502
MedASR	RES0121	962	930	693	664
MedASR	RES0117	951	920	656	649
MedASR	RES0116	1588	1533	1034	1032
MedASR	RES0119	1359	1302	654	670
MedASR	RES0114	1673	1606	1219	1179
MedASR	RES0122	1046	1005	914	887
MedASR	RES0124	1729	1675	1423	1382
MedASR	RES0120	1381	1325	509	545
MedASR	RES0128	1095	1062	686	666
MedASR	RES0131	1231	1176	1038	999
MedASR	RES0130	1329	1282	1003	963
MedASR	RES0129	1078	1040	838	815
MedASR	RES0123	1716	1647	1525	1464
MedASR	RES0127	1461	1418	1200	1162
MedASR	RES0125	1638	1576	1338	1297
MedASR	RES0136	1243	1211	1206	1174
MedASR	RES0138	1148	1118	1045	1015
MedASR	RES0126	1858	1784	1506	1448
MedASR	RES0137	1274	1216	992	967
MedASR	RES0133	1264	1222	891	872
MedASR	RES0134	1679	1630	1269	1231
MedASR	RES0132	1309	1276	728	720
MedASR	RES0140	907	877	792	781
MedASR	RES0139	1131	1093	1085	1047
MedASR	RES0143	1119	1080	1057	1030
MedASR	RES0144	1153	1119	1108	1074
MedASR	RES0142	778	758	648	632
MedASR	RES0135	1224	1191	577	570
MedASR	RES0141	987	949	804	777
MedASR	RES0146	898	870	750	729
MedASR	RES0148	1136	1101	922	888
MedASR	RES0145	1326	1277	1120	1086
MedASR	RES0147	1274	1234	1009	984
MedASR	RES0153	1103	1063	333	358
MedASR	RES0152	1059	1028	255	289
MedASR	RES0158	1079	1034	333	354
MedASR	RES0149	1270	1231	912	882
MedASR	RES0159	1104	1060	867	833
MedASR	RES0150	1147	1099	673	651
MedASR	RES0154	943	922	241	250
MedASR	RES0151	1157	1125	234	250
MedASR	RES0156	1016	983	244	280
MedASR	RES0162	1235	1183	1098	1065
MedASR	RES0163	1200	1155	1036	994
MedASR	RES0164	1248	1197	976	933
MedASR	RES0160	1135	1093	868	859
MedASR	RES0166	1155	1117	965	939
MedASR	RES0155	1439	1380	344	405
MedASR	RES0161	1034	993	670	669
MedASR	RES0165	909	881	702	677
MedASR	RES0169	946	906	792	765
MedASR	RES0172	1195	1148	1032	997
MedASR	RES0167	1181	1132	587	599
MedASR	RES0171	1368	1306	1035	1002
MedASR	RES0175	1017	979	798	762
MedASR	RES0173	1262	1210	941	897
MedASR	RES0170	1351	1300	1197	1163
MedASR	RES0168	1329	1271	726	721
MedASR	RES0180	1065	1020	974	928
MedASR	RES0182	945	919	726	707
MedASR	RES0176	1305	1269	1004	971
MedASR	RES0177	1193	1151	773	757
MedASR	RES0184	970	946	637	633
MedASR	RES0178	1125	1082	725	701
MedASR	RES0174	1549	1484	1092	1050
MedASR	RES0183	1217	1178	632	621
MedASR	RES0181	1184	1154	943	922
MedASR	RES0179	1291	1254	766	738
MedASR	RES0186	1069	1020	721	698
MedASR	RES0185	1075	1026	646	609
MedASR	RES0188	957	932	572	573
MedASR	RES0191	927	905	483	484
MedASR	RES0187	1303	1275	638	631
MedASR	RES0189	1439	1397	1294	1268
MedASR	RES0194	1395	1339	297	347
MedASR	RES0199	1152	1118	901	879
MedASR	RES0192	1280	1243	735	703
MedASR	RES0196	943	910	321	341
MedASR	RES0190	1290	1263	228	249
MedASR	RES0200	1351	1316	984	961
MedASR	RES0198	857	833	289	300
MedASR	RES0201	1059	1024	553	548
MedASR	RES0197	966	943	322	332
MedASR	RES0195	1335	1297	563	567
MedASR	RES0203	920	895	478	490
MedASR	RES0193	1431	1382	363	414
MedASR	RES0204	995	959	799	785
MedASR	RES0207	818	789	806	778
MedASR	RES0209	1108	1062	923	896
MedASR	RES0212	1304	1238	1238	1181
MedASR	RES0206	1354	1309	1155	1120
MedASR	RES0208	1322	1254	1191	1132
MedASR	RES0211	1415	1355	1411	1351
MedASR	RES0202	1522	1472	870	850
MedASR	RES0215	1386	1329	952	931
MedASR	RES0214	1123	1093	713	690
MedASR	RES0217	1486	1424	954	935
MedASR int8	CAR0002	1067	1043	203	229
MedASR	RES0213	1485	1383	895	883
MedASR int8	CAR0003	1281	1259	667	664
MedASR int8	CAR0001	1053	1027	662	641
MedASR	RES0216	1604	1531	1347	1285
MedASR int8	CAR0004	920	896	737	718
MedASR int8	GAS0004	1180	1127	963	921
MedASR int8	GAS0002	1140	1103	183	223
MedASR int8	GAS0001	1033	984	786	756
MedASR int8	GAS0003	1093	1036	1003	947
MedASR int8	GAS0007	903	884	836	821
MedASR int8	GEN0001	1132	1093	985	954
MedASR int8	DER0001	1554	1485	1452	1393
MedASR int8	CAR0005	1292	1228	566	585
MedASR int8	GAS0005	1599	1541	731	761
MedASR int8	MSK0001	983	960	218	235
MedASR int8	MSK0005	1513	1462	693	690
MedASR int8	MSK0004	1125	1096	259	278
MedASR int8	MSK0006	1781	1720	781	770
MedASR int8	MSK0010	1505	1473	319	345
MedASR int8	MSK0013	1610	1562	703	717
MedASR int8	MSK0007	1358	1333	563	551
MedASR int8	MSK0008	1417	1391	721	710
MedASR int8	MSK0009	1572	1520	779	804
MedASR int8	MSK0018	976	940	669	651
MedASR int8	MSK0003	1866	1810	380	438
MedASR int8	MSK0011	1535	1501	402	434
MedASR int8	MSK0012	1652	1600	571	590
MedASR int8	MSK0015	1622	1576	396	440
MedASR int8	MSK0017	1735	1681	1378	1344
MedASR int8	MSK0019	1337	1298	347	369
MedASR int8	MSK0014	1575	1529	434	477
MedASR int8	MSK0023	1229	1181	243	307
MedASR int8	MSK0024	1193	1162	487	484
MedASR int8	MSK0027	1377	1331	382	444
MedASR int8	MSK0020	1683	1636	796	808
MedASR int8	MSK0016	2064	1999	968	967
MedASR int8	MSK0021	1745	1691	760	753
MedASR int8	MSK0026	1365	1338	494	510
MedASR int8	MSK0028	1836	1785	314	392
MedASR int8	MSK0032	1198	1154	354	388
MedASR int8	MSK0025	1580	1511	347	402
MedASR int8	MSK0029	2268	2186	1510	1466
MedASR int8	MSK0031	1299	1247	444	450
MedASR int8	MSK0022	2164	2091	366	468
MedASR int8	MSK0034	1448	1417	416	429
MedASR int8	MSK0039	1404	1367	776	758
MedASR int8	MSK0040	1488	1446	626	624
MedASR int8	MSK0033	1687	1621	685	737
MedASR int8	MSK0035	1596	1549	658	655
MedASR int8	MSK0042	1522	1471	332	347
MedASR int8	MSK0036	1757	1714	798	817
MedASR int8	MSK0037	1682	1620	298	389
MedASR int8	MSK0045	1394	1354	623	630
MedASR int8	MSK0046	1225	1188	521	538
MedASR int8	MSK0041	1583	1543	774	757
MedASR int8	MSK0038	1895	1828	939	925
MedASR int8	MSK0049	1372	1333	546	569
MedASR int8	MSK0044	1177	1132	274	304
MedASR int8	RES0002	1162	1144	535	547
MedASR int8	MSK0043	1772	1694	409	470
MedASR int8	RES0003	1261	1213	1026	988
MedASR int8	MSK0050	1285	1257	523	522
MedASR int8	RES0001	1526	1469	1082	1053
MedASR int8	RES0006	1240	1207	236	280
MedASR int8	RES0009	1446	1372	1094	1061
MedASR int8	RES0008	1171	1129	1062	1022
MedASR int8	RES0005	1645	1578	273	366
MedASR int8	RES0010	1070	1018	827	794
MedASR int8	RES0011	1647	1573	1221	1172
MedASR int8	RES0004	1723	1650	1156	1122
MedASR int8	RES0016	1327	1287	654	651
MedASR int8	RES0013	1400	1325	887	873
MedASR int8	RES0007	1874	1811	751	763
MedASR int8	RES0014	1429	1383	1101	1080
MedASR int8	RES0015	1607	1551	1396	1350
MedASR int8	RES0019	1334	1300	654	631
MedASR int8	RES0021	1255	1226	691	684
MedASR int8	RES0012	2168	2058	1682	1608
MedASR int8	RES0017	1751	1698	291	358
MedASR int8	RES0020	1413	1386	967	945
MedASR int8	RES0018	1334	1294	357	404
MedASR int8	RES0023	1099	1054	939	912
MedASR int8	RES0029	811	787	188	192
MedASR int8	RES0024	1004	969	778	744
MedASR int8	RES0028	1156	1130	229	242
MedASR int8	RES0022	1999	1927	1495	1442
MedASR int8	RES0025	1393	1342	1163	1122
MedASR int8	RES0027	1366	1323	1095	1059
MedASR int8	RES0035	958	944	403	405
MedASR int8	RES0031	1343	1297	297	349
MedASR int8	RES0026	1544	1504	908	903
MedASR int8	RES0034	1685	1627	569	604
MedASR int8	RES0030	1184	1158	260	282
MedASR int8	RES0032	1212	1169	393	409
MedASR int8	RES0033	1372	1306	237	321
MedASR int8	RES0037	1453	1413	295	338
MedASR int8	RES0043	1503	1451	845	824
MedASR int8	RES0036	1423	1368	568	568
MedASR int8	RES0046	1588	1532	1370	1333
MedASR int8	RES0042	1264	1222	570	580
MedASR int8	RES0044	1859	1776	1131	1114
MedASR int8	RES0045	1204	1158	812	781
MedASR int8	RES0050	1109	1084	471	473
MedASR int8	RES0038	1554	1504	277	320
MedASR int8	RES0051	997	970	530	519
MedASR int8	RES0047	1628	1575	1261	1231
MedASR int8	RES0039	1672	1635	412	437
MedASR int8	RES0052	828	809	356	365
MedASR int8	RES0048	1809	1726	1487	1440
MedASR int8	RES0049	1622	1555	1197	1154
MedASR int8	RES0057	1245	1194	1216	1165
MedASR int8	RES0055	1375	1328	907	882
MedASR int8	RES0053	1982	1906	1198	1187
MedASR int8	RES0056	1174	1140	743	733
MedASR int8	RES0059	1358	1327	946	942
MedASR int8	RES0058	1514	1462	1271	1228
MedASR int8	RES0065	1089	1064	407	416
MedASR int8	RES0066	1192	1160	762	767
MedASR int8	RES0069	1026	994	777	756
MedASR int8	RES0067	946	912	289	323
MedASR int8	RES0064	1078	1046	852	834
MedASR int8	RES0060	1683	1616	1489	1437
MedASR int8	RES0063	1439	1384	1046	1040
MedASR int8	RES0061	1783	1701	1525	1456
MedASR int8	RES0054	2491	2446	1859	1832
MedASR int8	RES0062	1965	1905	1383	1348
MedASR int8	RES0071	1301	1261	533	563
MedASR int8	RES0068	1213	1168	484	499
MedASR int8	RES0070	976	946	594	589
MedASR int8	RES0072	1182	1150	350	380
MedASR int8	RES0073	1340	1303	562	585
MedASR int8	RES0074	1246	1206	263	326
MedASR int8	RES0078	1140	1092	1013	970
MedASR int8	RES0079	841	815	702	686
MedASR int8	RES0075	1112	1070	245	292
MedASR int8	RES0082	932	891	875	841
MedASR int8	RES0081	1455	1391	1160	1103
MedASR int8	RES0085	959	923	414	439
MedASR int8	RES0083	990	962	814	787
MedASR int8	RES0080	1225	1179	959	919
MedASR int8	RES0084	1562	1516	933	920
MedASR int8	RES0076	1569	1513	399	464
MedASR int8	RES0077	1649	1585	554	609
MedASR int8	RES0092	837	800	691	672
MedASR int8	RES0091	901	869	420	425
MedASR int8	RES0086	1523	1463	505	559
MedASR int8	RES0094	793	766	715	691
MedASR int8	RES0087	1359	1306	449	501
MedASR int8	RES0095	1467	1426	1027	999
MedASR int8	RES0088	1373	1336	325	357
MedASR int8	RES0090	1193	1160	270	289
MedASR int8	RES0093	1606	1543	1382	1340
MedASR int8	RES0089	1800	1749	749	784
MedASR int8	RES0098	1474	1422	275	318
MedASR int8	RES0096	1292	1251	905	884
MedASR int8	RES0097	1381	1319	1031	986
MedASR int8	RES0099	1554	1505	420	436
MedASR int8	RES0100	1767	1710	367	408
MedASR int8	RES0103	1100	1063	222	261
MedASR int8	RES0108	950	918	817	788
MedASR int8	RES0111	965	927	694	682
MedASR int8	RES0109	845	817	546	526
MedASR int8	RES0101	1430	1379	293	339
MedASR int8	RES0106	1307	1251	968	931
MedASR int8	RES0112	835	795	326	358
MedASR int8	RES0113	1079	1043	853	830
MedASR int8	RES0104	1563	1511	489	528
MedASR int8	RES0107	1596	1520	897	886
MedASR int8	RES0114	1673	1606	1228	1192
MedASR int8	RES0110	1565	1512	952	940
MedASR int8	RES0105	1738	1663	457	532
MedASR int8	RES0118	947	921	749	733
MedASR int8	RES0117	951	920	661	655
MedASR int8	RES0116	1588	1533	1030	1025
MedASR int8	RES0121	962	930	681	656
MedASR int8	RES0120	1381	1325	715	731
MedASR int8	RES0102	2025	1952	420	498
MedASR int8	RES0122	1046	1005	889	862
MedASR int8	RES0119	1359	1302	650	673
MedASR int8	RES0129	1078	1040	839	816
MedASR int8	RES0124	1729	1675	1375	1333
MedASR int8	RES0131	1231	1176	1033	992
MedASR int8	RES0130	1329	1282	1013	971
MedASR int8	RES0128	1095	1062	687	667
MedASR int8	RES0127	1461	1418	1194	1156
MedASR int8	RES0123	1716	1647	1510	1449
MedASR int8	RES0125	1638	1576	1336	1298
MedASR int8	RES0136	1243	1211	1204	1172
MedASR int8	RES0138	1148	1118	1045	1015
MedASR int8	RES0126	1858	1784	1494	1436
MedASR int8	RES0135	1224	1191	562	559
MedASR int8	RES0137	1274	1216	994	969
MedASR int8	RES0132	1309	1276	743	734
MedASR int8	RES0133	1264	1222	882	864
MedASR int8	RES0143	1119	1080	1056	1029
MedASR int8	RES0139	1131	1093	1086	1048
MedASR int8	RES0140	907	877	793	781
MedASR int8	RES0146	898	870	752	732
MedASR int8	RES0142	778	758	644	628
MedASR int8	RES0134	1679	1630	1359	1317
MedASR int8	RES0141	987	949	805	777
MedASR int8	RES0144	1153	1119	1108	1074
MedASR int8	RES0147	1274	1234	1013	988
MedASR int8	RES0148	1136	1101	919	885
MedASR int8	RES0145	1326	1277	1118	1084
MedASR int8	RES0150	1147	1099	667	647
MedASR int8	RES0153	1103	1063	344	367
MedASR int8	RES0149	1270	1231	919	889
MedASR int8	RES0159	1104	1060	850	817
MedASR int8	RES0158	1079	1034	343	362
MedASR int8	RES0154	943	922	235	244
MedASR int8	RES0152	1059	1028	255	288
MedASR int8	RES0151	1157	1125	361	370
MedASR int8	RES0156	1016	983	253	286
MedASR int8	RES0162	1235	1183	1088	1058
MedASR int8	RES0165	909	881	711	687
MedASR int8	RES0163	1200	1155	1043	1001
MedASR int8	RES0160	1135	1093	869	862
MedASR int8	RES0161	1034	993	665	664
MedASR int8	RES0166	1155	1117	966	939
MedASR int8	RES0155	1439	1380	350	406
MedASR int8	RES0164	1248	1197	958	918
MedASR int8	RES0169	946	906	791	764
MedASR int8	RES0172	1195	1148	1020	987
MedASR int8	RES0173	1262	1210	921	879
MedASR int8	RES0171	1368	1306	891	867
MedASR int8	RES0167	1181	1132	595	605
MedASR int8	RES0170	1351	1300	1177	1143
MedASR int8	RES0176	1305	1269	997	964
MedASR int8	RES0175	1017	979	794	760
MedASR int8	RES0168	1329	1271	709	709
MedASR int8	RES0180	1065	1020	805	765
MedASR int8	RES0182	945	919	706	688
MedASR int8	RES0181	1184	1154	951	930
MedASR int8	RES0174	1549	1484	1098	1053
MedASR int8	RES0178	1125	1082	705	681
MedASR int8	RES0177	1193	1151	764	746
MedASR int8	RES0185	1075	1026	736	702
MedASR int8	RES0184	970	946	630	626
MedASR int8	RES0188	957	932	575	577
MedASR int8	RES0179	1291	1254	674	646
MedASR int8	RES0186	1069	1020	735	711
MedASR int8	RES0183	1217	1178	612	600
MedASR int8	RES0190	1290	1263	223	248
MedASR int8	RES0187	1303	1275	644	637
MedASR int8	RES0191	927	905	486	485
MedASR int8	RES0196	943	910	304	328
MedASR int8	RES0189	1439	1397	230	290
MedASR int8	RES0194	1395	1339	304	352
MedASR int8	RES0198	857	833	288	300
MedASR int8	RES0197	966	943	322	329
MedASR int8	RES0192	1280	1243	520	516
MedASR int8	RES0203	920	895	548	555
MedASR int8	RES0199	1152	1118	846	833
MedASR int8	RES0200	1351	1316	947	924
MedASR int8	RES0195	1335	1297	502	505
MedASR int8	RES0204	995	959	797	783
MedASR int8	RES0193	1431	1382	356	405
MedASR int8	RES0201	1059	1024	547	546
MedASR int8	RES0207	818	789	803	775
MedASR int8	RES0206	1354	1309	1124	1093
MedASR int8	RES0202	1522	1472	897	874
MedASR int8	RES0211	1415	1355	1403	1343
MedASR int8	RES0212	1304	1238	1236	1181
MedASR int8	RES0208	1322	1254	1161	1104
MedASR int8	RES0209	1108	1062	931	902
MedASR int8	RES0213	1485	1383	924	911
MedASR int8	RES0214	1123	1093	689	668
MedASR int8	RES0215	1386	1329	928	917
MedASR int8	RES0216	1604	1531	1343	1283
MedASR int8	RES0217	1486	1424	948	931
