dataset	model	file_id	medical_errors	medical_total
figshare-osce	canary-180m-flash	CAR0001	67	87
figshare-osce	canary-180m-flash	CAR0002	74	99
figshare-osce	canary-180m-flash	CAR0003	98	122
figshare-osce	canary-180m-flash	CAR0004	68	74
figshare-osce	canary-180m-flash	CAR0005	63	70
figshare-osce	canary-180m-flash	DER0001	33	120
figshare-osce	canary-180m-flash	GAS0001	60	74
figshare-osce	canary-180m-flash	GAS0002	39	73
figshare-osce	canary-180m-flash	GAS0003	64	77
figshare-osce	canary-180m-flash	GAS0004	45	75
figshare-osce	canary-180m-flash	GAS0005	92	125
figshare-osce	canary-180m-flash	GAS0007	30	60
figshare-osce	canary-180m-flash	GEN0001	13	71
figshare-osce	canary-180m-flash	MSK0001	88	112
figshare-osce	canary-180m-flash	MSK0003	134	161
figshare-osce	canary-180m-flash	MSK0004	100	116
figshare-osce	canary-180m-flash	MSK0005	120	138
figshare-osce	canary-180m-flash	MSK0006	166	194
figshare-osce	canary-180m-flash	MSK0007	15	143
figshare-osce	canary-180m-flash	MSK0008	13	154
figshare-osce	canary-180m-flash	MSK0009	9	184
figshare-osce	canary-180m-flash	MSK0010	5	142
figshare-osce	canary-180m-flash	MSK0011	15	153
figshare-osce	canary-180m-flash	MSK0012	16	163
figshare-osce	canary-180m-flash	MSK0013	17	188
figshare-osce	canary-180m-flash	MSK0014	8	171
figshare-osce	canary-180m-flash	MSK0015	23	175
figshare-osce	canary-180m-flash	MSK0016	187	216
figshare-osce	canary-180m-flash	MSK0017	143	163
figshare-osce	canary-180m-flash	MSK0018	86	94
figshare-osce	canary-180m-flash	MSK0019	112	124
figshare-osce	canary-180m-flash	MSK0020	159	179
figshare-osce	canary-180m-flash	MSK0021	151	183
figshare-osce	canary-180m-flash	MSK0022	14	210
figshare-osce	canary-180m-flash	MSK0023	1	103
figshare-osce	canary-180m-flash	MSK0024	11	117
figshare-osce	canary-180m-flash	MSK0025	12	146
figshare-osce	canary-180m-flash	MSK0026	14	138
figshare-osce	canary-180m-flash	MSK0027	8	151
figshare-osce	canary-180m-flash	MSK0028	13	157
figshare-osce	canary-180m-flash	MSK0029	176	212
figshare-osce	canary-180m-flash	MSK0031	86	132
figshare-osce	canary-180m-flash	MSK0032	100	105
figshare-osce	canary-180m-flash	MSK0033	16	141
figshare-osce	canary-180m-flash	MSK0034	18	147
figshare-osce	canary-180m-flash	MSK0035	15	169
figshare-osce	canary-180m-flash	MSK0036	11	191
figshare-osce	canary-180m-flash	MSK0037	12	174
figshare-osce	canary-180m-flash	MSK0038	155	186
figshare-osce	canary-180m-flash	MSK0039	104	124
figshare-osce	canary-180m-flash	MSK0040	11	153
figshare-osce	canary-180m-flash	MSK0041	147	176
figshare-osce	canary-180m-flash	MSK0042	98	144
figshare-osce	canary-180m-flash	MSK0043	152	173
figshare-osce	canary-180m-flash	MSK0044	71	91
figshare-osce	canary-180m-flash	MSK0045	91	123
figshare-osce	canary-180m-flash	MSK0046	96	111
figshare-osce	canary-180m-flash	MSK0049	108	149
figshare-osce	canary-180m-flash	MSK0050	97	140
figshare-osce	canary-180m-flash	RES0001	7	147
figshare-osce	canary-180m-flash	RES0002	5	87
figshare-osce	canary-180m-flash	RES0003	6	113
figshare-osce	canary-180m-flash	RES0004	10	140
figshare-osce	canary-180m-flash	RES0005	17	146
figshare-osce	canary-180m-flash	RES0006	14	106
figshare-osce	canary-180m-flash	RES0007	12	122
figshare-osce	canary-180m-flash	RES0008	9	80
figshare-osce	canary-180m-flash	RES0009	85	106
figshare-osce	canary-180m-flash	RES0010	82	85
figshare-osce	canary-180m-flash	RES0011	90	116
figshare-osce	canary-180m-flash	RES0012	126	161
figshare-osce	canary-180m-flash	RES0013	68	91
figshare-osce	canary-180m-flash	RES0014	96	118
figshare-osce	canary-180m-flash	RES0015	92	130
figshare-osce	canary-180m-flash	RES0016	94	122
figshare-osce	canary-180m-flash	RES0017	125	143
figshare-osce	canary-180m-flash	RES0018	92	118
figshare-osce	canary-180m-flash	RES0019	92	141
figshare-osce	canary-180m-flash	RES0020	107	121
figshare-osce	canary-180m-flash	RES0021	105	132
figshare-osce	canary-180m-flash	RES0022	133	138
figshare-osce	canary-180m-flash	RES0023	51	72
figshare-osce	canary-180m-flash	RES0024	76	93
figshare-osce	canary-180m-flash	RES0025	78	108
figshare-osce	canary-180m-flash	RES0026	105	141
figshare-osce	canary-180m-flash	RES0027	84	119
figshare-osce	canary-180m-flash	RES0028	70	106
figshare-osce	canary-180m-flash	RES0029	52	63
figshare-osce	canary-180m-flash	RES0030	78	110
figshare-osce	canary-180m-flash	RES0031	64	106
figshare-osce	canary-180m-flash	RES0032	85	98
figshare-osce	canary-180m-flash	RES0033	91	107
figshare-osce	canary-180m-flash	RES0034	131	163
figshare-osce	canary-180m-flash	RES0035	79	99
figshare-osce	canary-180m-flash	RES0036	71	103
figshare-osce	canary-180m-flash	RES0037	99	118
figshare-osce	canary-180m-flash	RES0038	120	145
figshare-osce	canary-180m-flash	RES0039	132	151
figshare-osce	canary-180m-flash	RES0042	93	110
figshare-osce	canary-180m-flash	RES0043	121	124
figshare-osce	canary-180m-flash	RES0044	94	140
figshare-osce	canary-180m-flash	RES0045	70	116
figshare-osce	canary-180m-flash	RES0046	114	145
figshare-osce	canary-180m-flash	RES0047	105	144
figshare-osce	canary-180m-flash	RES0048	100	154
figshare-osce	canary-180m-flash	RES0049	101	139
figshare-osce	canary-180m-flash	RES0050	84	104
figshare-osce	canary-180m-flash	RES0051	85	104
figshare-osce	canary-180m-flash	RES0052	68	79
figshare-osce	canary-180m-flash	RES0053	144	196
figshare-osce	canary-180m-flash	RES0054	178	205
figshare-osce	canary-180m-flash	RES0055	101	132
figshare-osce	canary-180m-flash	RES0056	94	120
figshare-osce	canary-180m-flash	RES0057	115	122
figshare-osce	canary-180m-flash	RES0058	98	141
figshare-osce	canary-180m-flash	RES0059	113	147
figshare-osce	canary-180m-flash	RES0060	115	150
figshare-osce	canary-180m-flash	RES0061	137	163
figshare-osce	canary-180m-flash	RES0062	134	157
figshare-osce	canary-180m-flash	RES0063	125	143
figshare-osce	canary-180m-flash	RES0064	93	117
figshare-osce	canary-180m-flash	RES0065	94	117
figshare-osce	canary-180m-flash	RES0066	85	116
figshare-osce	canary-180m-flash	RES0067	60	76
figshare-osce	canary-180m-flash	RES0068	78	110
figshare-osce	canary-180m-flash	RES0069	78	91
figshare-osce	canary-180m-flash	RES0070	73	95
figshare-osce	canary-180m-flash	RES0071	85	106
figshare-osce	canary-180m-flash	RES0072	84	109
figshare-osce	canary-180m-flash	RES0073	106	136
figshare-osce	canary-180m-flash	RES0074	87	115
figshare-osce	canary-180m-flash	RES0075	81	96
figshare-osce	canary-180m-flash	RES0076	110	127
figshare-osce	canary-180m-flash	RES0077	106	120
figshare-osce	canary-180m-flash	RES0078	84	104
figshare-osce	canary-180m-flash	RES0079	82	90
figshare-osce	canary-180m-flash	RES0080	77	89
figshare-osce	canary-180m-flash	RES0081	110	123
figshare-osce	canary-180m-flash	RES0082	82	91
figshare-osce	canary-180m-flash	RES0083	97	109
figshare-osce	canary-180m-flash	RES0084	107	146
figshare-osce	canary-180m-flash	RES0085	62	87
figshare-osce	canary-180m-flash	RES0086	101	135
figshare-osce	canary-180m-flash	RES0087	101	125
figshare-osce	canary-180m-flash	RES0088	102	131
figshare-osce	canary-180m-flash	RES0089	103	147
figshare-osce	canary-180m-flash	RES0090	51	95
figshare-osce	canary-180m-flash	RES0091	53	77
figshare-osce	canary-180m-flash	RES0092	69	74
figshare-osce	canary-180m-flash	RES0093	109	134
figshare-osce	canary-180m-flash	RES0094	64	85
figshare-osce	canary-180m-flash	RES0095	122	133
figshare-osce	canary-180m-flash	RES0096	97	110
figshare-osce	canary-180m-flash	RES0097	109	128
figshare-osce	canary-180m-flash	RES0098	114	134
figshare-osce	canary-180m-flash	RES0099	95	155
figshare-osce	canary-180m-flash	RES0100	107	148
figshare-osce	canary-180m-flash	RES0101	106	139
figshare-osce	canary-180m-flash	RES0102	138	176
figshare-osce	canary-180m-flash	RES0103	70	111
figshare-osce	canary-180m-flash	RES0104	112	136
figshare-osce	canary-180m-flash	RES0105	97	115
figshare-osce	canary-180m-flash	RES0106	94	112
figshare-osce	canary-180m-flash	RES0107	137	155
figshare-osce	canary-180m-flash	RES0108	96	98
figshare-osce	canary-180m-flash	RES0109	81	91
figshare-osce	canary-180m-flash	RES0110	113	145
figshare-osce	canary-180m-flash	RES0111	90	100
figshare-osce	canary-180m-flash	RES0112	76	86
figshare-osce	canary-180m-flash	RES0113	79	93
figshare-osce	canary-180m-flash	RES0114	109	126
figshare-osce	canary-180m-flash	RES0116	119	144
figshare-osce	canary-180m-flash	RES0117	80	97
figshare-osce	canary-180m-flash	RES0118	81	95
figshare-osce	canary-180m-flash	RES0119	97	117
figshare-osce	canary-180m-flash	RES0120	88	130
figshare-osce	canary-180m-flash	RES0121	75	90
figshare-osce	canary-180m-flash	RES0122	80	98
figshare-osce	canary-180m-flash	RES0123	128	151
figshare-osce	canary-180m-flash	RES0124	140	143
figshare-osce	canary-180m-flash	RES0125	112	125
figshare-osce	canary-180m-flash	RES0126	119	135
figshare-osce	canary-180m-flash	RES0127	93	117
figshare-osce	canary-180m-flash	RES0128	91	102
figshare-osce	canary-180m-flash	RES0129	79	107
figshare-osce	canary-180m-flash	RES0130	92	113
figshare-osce	canary-180m-flash	RES0131	91	117
figshare-osce	canary-180m-flash	RES0132	64	97
figshare-osce	canary-180m-flash	RES0133	86	114
figshare-osce	canary-180m-flash	RES0134	116	143
figshare-osce	canary-180m-flash	RES0135	85	106
figshare-osce	canary-180m-flash	RES0136	100	119
figshare-osce	canary-180m-flash	RES0137	122	145
figshare-osce	canary-180m-flash	RES0138	116	124
figshare-osce	canary-180m-flash	RES0139	99	105
figshare-osce	canary-180m-flash	RES0140	77	84
figshare-osce	canary-180m-flash	RES0141	91	102
figshare-osce	canary-180m-flash	RES0142	80	86
figshare-osce	canary-180m-flash	RES0143	114	114
figshare-osce	canary-180m-flash	RES0144	73	86
figshare-osce	canary-180m-flash	RES0145	127	135
figshare-osce	canary-180m-flash	RES0146	50	74
figshare-osce	canary-180m-flash	RES0147	91	102
figshare-osce	canary-180m-flash	RES0148	92	101
figshare-osce	canary-180m-flash	RES0149	97	113
figshare-osce	canary-180m-flash	RES0150	88	110
figshare-osce	canary-180m-flash	RES0151	102	105
figshare-osce	canary-180m-flash	RES0152	83	96
figshare-osce	canary-180m-flash	RES0153	75	97
figshare-osce	canary-180m-flash	RES0154	78	97
figshare-osce	canary-180m-flash	RES0155	111	120
figshare-osce	canary-180m-flash	RES0156	70	95
figshare-osce	canary-180m-flash	RES0158	66	82
figshare-osce	canary-180m-flash	RES0159	77	85
figshare-osce	canary-180m-flash	RES0160	106	112
figshare-osce	canary-180m-flash	RES0161	99	102
figshare-osce	canary-180m-flash	RES0162	93	111
figshare-osce	canary-180m-flash	RES0163	94	100
figshare-osce	canary-180m-flash	RES0164	100	113
figshare-osce	canary-180m-flash	RES0165	66	81
figshare-osce	canary-180m-flash	RES0166	86	91
figshare-osce	canary-180m-flash	RES0167	73	89
figshare-osce	canary-180m-flash	RES0168	89	103
figshare-osce	canary-180m-flash	RES0169	81	88
figshare-osce	canary-180m-flash	RES0170	85	102
figshare-osce	canary-180m-flash	RES0171	100	115
figshare-osce	canary-180m-flash	RES0172	101	101
figshare-osce	canary-180m-flash	RES0173	93	102
figshare-osce	canary-180m-flash	RES0174	92	124
figshare-osce	canary-180m-flash	RES0175	67	98
figshare-osce	canary-180m-flash	RES0176	97	119
figshare-osce	canary-180m-flash	RES0177	97	124
figshare-osce	canary-180m-flash	RES0178	83	108
figshare-osce	canary-180m-flash	RES0179	101	121
figshare-osce	canary-180m-flash	RES0180	75	92
figshare-osce	canary-180m-flash	RES0181	84	133
figshare-osce	canary-180m-flash	RES0182	78	92
figshare-osce	canary-180m-flash	RES0183	103	126
figshare-osce	canary-180m-flash	RES0184	76	98
figshare-osce	canary-180m-flash	RES0185	61	96
figshare-osce	canary-180m-flash	RES0186	76	93
figshare-osce	canary-180m-flash	RES0187	94	123
figshare-osce	canary-180m-flash	RES0188	62	86
figshare-osce	canary-180m-flash	RES0189	110	131
figshare-osce	canary-180m-flash	RES0190	101	142
figshare-osce	canary-180m-flash	RES0191	66	98
figshare-osce	canary-180m-flash	RES0192	106	116
figshare-osce	canary-180m-flash	RES0193	92	125
figshare-osce	canary-180m-flash	RES0194	97	140
figshare-osce	canary-180m-flash	RES0195	87	129
figshare-osce	canary-180m-flash	RES0196	71	82
figshare-osce	canary-180m-flash	RES0197	66	87
figshare-osce	canary-180m-flash	RES0198	63	85
figshare-osce	canary-180m-flash	RES0199	79	117
figshare-osce	canary-180m-flash	RES0200	93	120
figshare-osce	canary-180m-flash	RES0201	65	73
figshare-osce	canary-180m-flash	RES0202	99	125
figshare-osce	canary-180m-flash	RES0203	61	81
figshare-osce	canary-180m-flash	RES0204	53	61
figshare-osce	canary-180m-flash	RES0205	63	77
figshare-osce	canary-180m-flash	RES0206	90	104
figshare-osce	canary-180m-flash	RES0207	50	50
figshare-osce	canary-180m-flash	RES0208	81	111
figshare-osce	canary-180m-flash	RES0209	50	78
figshare-osce	canary-180m-flash	RES0210	25	78
figshare-osce	canary-180m-flash	RES0211	35	112
figshare-osce	canary-180m-flash	RES0212	9	81
figshare-osce	canary-180m-flash	RES0213	11	93
figshare-osce	canary-180m-flash	RES0214	16	101
figshare-osce	canary-180m-flash	RES0215	13	92
figshare-osce	canary-180m-flash	RES0216	82	93
figshare-osce	canary-180m-flash	RES0217	85	105
figshare-osce	cloud-assemblyai	CAR0001	0	87
figshare-osce	cloud-assemblyai	CAR0002	3	99
figshare-osce	cloud-assemblyai	CAR0003	1	122
figshare-osce	cloud-assemblyai	CAR0004	3	74
figshare-osce	cloud-assemblyai	CAR0005	3	70
figshare-osce	cloud-assemblyai	DER0001	9	120
figshare-osce	cloud-assemblyai	GAS0001	6	74
figshare-osce	cloud-assemblyai	GAS0002	0	73
figshare-osce	cloud-assemblyai	GAS0003	4	77
figshare-osce	cloud-assemblyai	GAS0004	4	75
figshare-osce	cloud-assemblyai	GAS0005	3	125
figshare-osce	cloud-assemblyai	GAS0007	4	60
figshare-osce	cloud-assemblyai	GEN0001	2	71
figshare-osce	cloud-assemblyai	MSK0001	5	112
figshare-osce	cloud-assemblyai	MSK0003	6	161
figshare-osce	cloud-assemblyai	MSK0004	7	116
figshare-osce	cloud-assemblyai	MSK0005	10	138
figshare-osce	cloud-assemblyai	MSK0006	8	194
figshare-osce	cloud-assemblyai	MSK0007	3	143
figshare-osce	cloud-assemblyai	MSK0008	6	154
figshare-osce	cloud-assemblyai	MSK0009	4	184
figshare-osce	cloud-assemblyai	MSK0010	6	142
figshare-osce	cloud-assemblyai	MSK0011	10	153
figshare-osce	cloud-assemblyai	MSK0012	7	163
figshare-osce	cloud-assemblyai	MSK0013	10	188
figshare-osce	cloud-assemblyai	MSK0014	4	171
figshare-osce	cloud-assemblyai	MSK0015	9	175
figshare-osce	cloud-assemblyai	MSK0016	6	216
figshare-osce	cloud-assemblyai	MSK0017	9	163
figshare-osce	cloud-assemblyai	MSK0018	3	94
figshare-osce	cloud-assemblyai	MSK0019	6	124
figshare-osce	cloud-assemblyai	MSK0020	5	179
figshare-osce	cloud-assemblyai	MSK0021	14	183
figshare-osce	cloud-assemblyai	MSK0022	12	210
figshare-osce	cloud-assemblyai	MSK0023	2	103
figshare-osce	cloud-assemblyai	MSK0024	4	117
figshare-osce	cloud-assemblyai	MSK0025	3	146
figshare-osce	cloud-assemblyai	MSK0026	7	138
figshare-osce	cloud-assemblyai	MSK0027	5	151
figshare-osce	cloud-assemblyai	MSK0028	10	157
figshare-osce	cloud-assemblyai	MSK0029	15	212
figshare-osce	cloud-assemblyai	MSK0031	6	132
figshare-osce	cloud-assemblyai	MSK0032	5	105
figshare-osce	cloud-assemblyai	MSK0033	3	141
figshare-osce	cloud-assemblyai	MSK0034	9	147
figshare-osce	cloud-assemblyai	MSK0035	11	169
figshare-osce	cloud-assemblyai	MSK0036	8	191
figshare-osce	cloud-assemblyai	MSK0037	2	174
figshare-osce	cloud-assemblyai	MSK0038	6	186
figshare-osce	cloud-assemblyai	MSK0039	5	124
figshare-osce	cloud-assemblyai	MSK0040	9	153
figshare-osce	cloud-assemblyai	MSK0041	6	176
figshare-osce	cloud-assemblyai	MSK0042	11	144
figshare-osce	cloud-assemblyai	MSK0043	16	173
figshare-osce	cloud-assemblyai	MSK0044	6	91
figshare-osce	cloud-assemblyai	MSK0045	6	123
figshare-osce	cloud-assemblyai	MSK0046	6	111
figshare-osce	cloud-assemblyai	MSK0049	2	149
figshare-osce	cloud-assemblyai	MSK0050	3	140
figshare-osce	cloud-assemblyai	RES0001	4	147
figshare-osce	cloud-assemblyai	RES0002	3	87
figshare-osce	cloud-assemblyai	RES0003	4	113
figshare-osce	cloud-assemblyai	RES0004	5	140
figshare-osce	cloud-assemblyai	RES0005	5	146
figshare-osce	cloud-assemblyai	RES0006	4	106
figshare-osce	cloud-assemblyai	RES0007	4	122
figshare-osce	cloud-assemblyai	RES0008	6	80
figshare-osce	cloud-assemblyai	RES0009	4	106
figshare-osce	cloud-assemblyai	RES0010	3	85
figshare-osce	cloud-assemblyai	RES0011	4	116
figshare-osce	cloud-assemblyai	RES0012	12	161
figshare-osce	cloud-assemblyai	RES0013	1	91
figshare-osce	cloud-assemblyai	RES0014	4	118
figshare-osce	cloud-assemblyai	RES0015	7	130
figshare-osce	cloud-assemblyai	RES0016	4	122
figshare-osce	cloud-assemblyai	RES0017	2	143
figshare-osce	cloud-assemblyai	RES0018	4	118
figshare-osce	cloud-assemblyai	RES0019	4	141
figshare-osce	cloud-assemblyai	RES0020	7	121
figshare-osce	cloud-assemblyai	RES0021	8	132
figshare-osce	cloud-assemblyai	RES0022	11	138
figshare-osce	cloud-assemblyai	RES0023	9	72
figshare-osce	cloud-assemblyai	RES0024	3	93
figshare-osce	cloud-assemblyai	RES0025	9	108
figshare-osce	cloud-assemblyai	RES0026	7	141
figshare-osce	cloud-assemblyai	RES0027	11	119
figshare-osce	cloud-assemblyai	RES0028	4	106
figshare-osce	cloud-assemblyai	RES0029	3	63
figshare-osce	cloud-assemblyai	RES0030	6	110
figshare-osce	cloud-assemblyai	RES0031	5	106
figshare-osce	cloud-assemblyai	RES0032	5	98
figshare-osce	cloud-assemblyai	RES0033	4	107
figshare-osce	cloud-assemblyai	RES0034	7	163
figshare-osce	cloud-assemblyai	RES0035	0	99
figshare-osce	cloud-assemblyai	RES0036	2	103
figshare-osce	cloud-assemblyai	RES0037	5	118
figshare-osce	cloud-assemblyai	RES0038	7	145
figshare-osce	cloud-assemblyai	RES0039	10	151
figshare-osce	cloud-assemblyai	RES0042	6	110
figshare-osce	cloud-assemblyai	RES0043	4	124
figshare-osce	cloud-assemblyai	RES0044	4	140
figshare-osce	cloud-assemblyai	RES0045	2	116
figshare-osce	cloud-assemblyai	RES0046	8	145
figshare-osce	cloud-assemblyai	RES0047	7	144
figshare-osce	cloud-assemblyai	RES0048	10	154
figshare-osce	cloud-assemblyai	RES0049	8	139
figshare-osce	cloud-assemblyai	RES0050	3	104
figshare-osce	cloud-assemblyai	RES0051	5	104
figshare-osce	cloud-assemblyai	RES0052	2	79
figshare-osce	cloud-assemblyai	RES0053	9	196
figshare-osce	cloud-assemblyai	RES0054	18	205
figshare-osce	cloud-assemblyai	RES0055	4	132
figshare-osce	cloud-assemblyai	RES0056	6	120
figshare-osce	cloud-assemblyai	RES0057	9	122
figshare-osce	cloud-assemblyai	RES0058	7	141
figshare-osce	cloud-assemblyai	RES0059	8	147
figshare-osce	cloud-assemblyai	RES0060	4	150
figshare-osce	cloud-assemblyai	RES0061	9	163
figshare-osce	cloud-assemblyai	RES0062	10	157
figshare-osce	cloud-assemblyai	RES0063	6	143
figshare-osce	cloud-assemblyai	RES0064	5	117
figshare-osce	cloud-assemblyai	RES0065	8	117
figshare-osce	cloud-assemblyai	RES0066	6	116
figshare-osce	cloud-assemblyai	RES0067	6	76
figshare-osce	cloud-assemblyai	RES0068	4	110
figshare-osce	cloud-assemblyai	RES0069	3	91
figshare-osce	cloud-assemblyai	RES0070	4	95
figshare-osce	cloud-assemblyai	RES0071	5	106
figshare-osce	cloud-assemblyai	RES0072	4	109
figshare-osce	cloud-assemblyai	RES0073	3	136
figshare-osce	cloud-assemblyai	RES0074	1	115
figshare-osce	cloud-assemblyai	RES0075	5	96
figshare-osce	cloud-assemblyai	RES0076	9	127
figshare-osce	cloud-assemblyai	RES0077	5	120
figshare-osce	cloud-assemblyai	RES0078	8	104
figshare-osce	cloud-assemblyai	RES0079	5	90
figshare-osce	cloud-assemblyai	RES0080	3	89
figshare-osce	cloud-assemblyai	RES0081	3	123
figshare-osce	cloud-assemblyai	RES0082	1	91
figshare-osce	cloud-assemblyai	RES0083	5	109
figshare-osce	cloud-assemblyai	RES0084	3	146
figshare-osce	cloud-assemblyai	RES0085	4	87
figshare-osce	cloud-assemblyai	RES0086	12	135
figshare-osce	cloud-assemblyai	RES0087	3	125
figshare-osce	cloud-assemblyai	RES0088	3	131
figshare-osce	cloud-assemblyai	RES0089	7	147
figshare-osce	cloud-assemblyai	RES0090	1	95
figshare-osce	cloud-assemblyai	RES0091	2	77
figshare-osce	cloud-assemblyai	RES0092	7	74
figshare-osce	cloud-assemblyai	RES0093	8	134
figshare-osce	cloud-assemblyai	RES0094	4	85
figshare-osce	cloud-assemblyai	RES0095	6	133
figshare-osce	cloud-assemblyai	RES0096	2	110
figshare-osce	cloud-assemblyai	RES0097	8	128
figshare-osce	cloud-assemblyai	RES0098	0	134
figshare-osce	cloud-assemblyai	RES0099	6	155
figshare-osce	cloud-assemblyai	RES0100	6	148
figshare-osce	cloud-assemblyai	RES0101	2	139
figshare-osce	cloud-assemblyai	RES0102	12	176
figshare-osce	cloud-assemblyai	RES0103	5	111
figshare-osce	cloud-assemblyai	RES0104	8	136
figshare-osce	cloud-assemblyai	RES0105	5	115
figshare-osce	cloud-assemblyai	RES0106	3	112
figshare-osce	cloud-assemblyai	RES0107	5	155
figshare-osce	cloud-assemblyai	RES0108	5	98
figshare-osce	cloud-assemblyai	RES0109	5	91
figshare-osce	cloud-assemblyai	RES0110	10	145
figshare-osce	cloud-assemblyai	RES0111	3	100
figshare-osce	cloud-assemblyai	RES0112	4	86
figshare-osce	cloud-assemblyai	RES0113	7	93
figshare-osce	cloud-assemblyai	RES0114	5	126
figshare-osce	cloud-assemblyai	RES0116	6	144
figshare-osce	cloud-assemblyai	RES0117	2	97
figshare-osce	cloud-assemblyai	RES0118	1	95
figshare-osce	cloud-assemblyai	RES0119	2	117
figshare-osce	cloud-assemblyai	RES0120	4	130
figshare-osce	cloud-assemblyai	RES0121	4	90
figshare-osce	cloud-assemblyai	RES0122	5	98
figshare-osce	cloud-assemblyai	RES0123	8	151
figshare-osce	cloud-assemblyai	RES0124	4	143
figshare-osce	cloud-assemblyai	RES0125	3	125
figshare-osce	cloud-assemblyai	RES0126	10	135
figshare-osce	cloud-assemblyai	RES0127	2	117
figshare-osce	cloud-assemblyai	RES0128	0	102
figshare-osce	cloud-assemblyai	RES0129	5	107
figshare-osce	cloud-assemblyai	RES0130	10	113
figshare-osce	cloud-assemblyai	RES0131	8	117
figshare-osce	cloud-assemblyai	RES0132	4	97
figshare-osce	cloud-assemblyai	RES0133	3	114
figshare-osce	cloud-assemblyai	RES0134	8	143
figshare-osce	cloud-assemblyai	RES0135	4	106
figshare-osce	cloud-assemblyai	RES0136	7	119
figshare-osce	cloud-assemblyai	RES0137	9	145
figshare-osce	cloud-assemblyai	RES0138	10	124
figshare-osce	cloud-assemblyai	RES0139	5	105
figshare-osce	cloud-assemblyai	RES0140	3	84
figshare-osce	cloud-assemblyai	RES0141	6	102
figshare-osce	cloud-assemblyai	RES0142	5	86
figshare-osce	cloud-assemblyai	RES0143	8	114
figshare-osce	cloud-assemblyai	RES0144	4	86
figshare-osce	cloud-assemblyai	RES0145	6	135
figshare-osce	cloud-assemblyai	RES0146	5	74
figshare-osce	cloud-assemblyai	RES0147	9	102
figshare-osce	cloud-assemblyai	RES0148	7	101
figshare-osce	cloud-assemblyai	RES0149	2	113
figshare-osce	cloud-assemblyai	RES0150	3	110
figshare-osce	cloud-assemblyai	RES0151	1	105
figshare-osce	cloud-assemblyai	RES0152	2	96
figshare-osce	cloud-assemblyai	RES0153	5	97
figshare-osce	cloud-assemblyai	RES0154	5	97
figshare-osce	cloud-assemblyai	RES0155	8	120
figshare-osce	cloud-assemblyai	RES0156	6	95
figshare-osce	cloud-assemblyai	RES0158	6	82
figshare-osce	cloud-assemblyai	RES0159	0	85
figshare-osce	cloud-assemblyai	RES0160	8	112
figshare-osce	cloud-assemblyai	RES0161	5	102
figshare-osce	cloud-assemblyai	RES0162	10	111
figshare-osce	cloud-assemblyai	RES0163	5	100
figshare-osce	cloud-assemblyai	RES0164	5	113
figshare-osce	cloud-assemblyai	RES0165	4	81
figshare-osce	cloud-assemblyai	RES0166	7	91
figshare-osce	cloud-assemblyai	RES0167	7	89
figshare-osce	cloud-assemblyai	RES0168	5	103
figshare-osce	cloud-assemblyai	RES0169	4	88
figshare-osce	cloud-assemblyai	RES0170	4	102
figshare-osce	cloud-assemblyai	RES0171	5	115
figshare-osce	cloud-assemblyai	RES0172	3	101
figshare-osce	cloud-assemblyai	RES0173	4	102
figshare-osce	cloud-assemblyai	RES0174	5	124
figshare-osce	cloud-assemblyai	RES0175	4	98
figshare-osce	cloud-assemblyai	RES0176	3	119
figshare-osce	cloud-assemblyai	RES0177	8	124
figshare-osce	cloud-assemblyai	RES0178	8	108
figshare-osce	cloud-assemblyai	RES0179	3	121
figshare-osce	cloud-assemblyai	RES0180	5	92
figshare-osce	cloud-assemblyai	RES0181	4	133
figshare-osce	cloud-assemblyai	RES0182	4	92
figshare-osce	cloud-assemblyai	RES0183	8	126
figshare-osce	cloud-assemblyai	RES0184	5	98
figshare-osce	cloud-assemblyai	RES0185	2	96
figshare-osce	cloud-assemblyai	RES0186	3	93
figshare-osce	cloud-assemblyai	RES0187	4	123
figshare-osce	cloud-assemblyai	RES0188	8	86
figshare-osce	cloud-assemblyai	RES0189	4	131
figshare-osce	cloud-assemblyai	RES0190	2	142
figshare-osce	cloud-assemblyai	RES0191	3	98
figshare-osce	cloud-assemblyai	RES0192	6	116
figshare-osce	cloud-assemblyai	RES0193	9	125
figshare-osce	cloud-assemblyai	RES0194	8	140
figshare-osce	cloud-assemblyai	RES0195	11	129
figshare-osce	cloud-assemblyai	RES0196	3	82
figshare-osce	cloud-assemblyai	RES0197	12	87
figshare-osce	cloud-assemblyai	RES0198	3	85
figshare-osce	cloud-assemblyai	RES0199	4	117
figshare-osce	cloud-assemblyai	RES0200	5	120
figshare-osce	cloud-assemblyai	RES0201	3	73
figshare-osce	cloud-assemblyai	RES0202	5	125
figshare-osce	cloud-assemblyai	RES0203	2	81
figshare-osce	cloud-assemblyai	RES0204	6	61
figshare-osce	cloud-assemblyai	RES0205	4	77
figshare-osce	cloud-assemblyai	RES0206	4	104
figshare-osce	cloud-assemblyai	RES0207	0	50
figshare-osce	cloud-assemblyai	RES0208	10	111
figshare-osce	cloud-assemblyai	RES0209	5	78
figshare-osce	cloud-assemblyai	RES0210	2	78
figshare-osce	cloud-assemblyai	RES0211	6	112
figshare-osce	cloud-assemblyai	RES0212	0	81
figshare-osce	cloud-assemblyai	RES0213	5	93
figshare-osce	cloud-assemblyai	RES0214	4	101
figshare-osce	cloud-assemblyai	RES0215	8	92
figshare-osce	cloud-assemblyai	RES0216	4	93
figshare-osce	cloud-assemblyai	RES0217	3	105
figshare-osce	cloud-azure	CAR0001	1	87
figshare-osce	cloud-azure	CAR0002	3	99
figshare-osce	cloud-azure	CAR0003	1	122
figshare-osce	cloud-azure	CAR0004	3	74
figshare-osce	cloud-azure	CAR0005	4	70
figshare-osce	cloud-azure	DER0001	8	120
figshare-osce	cloud-azure	GAS0001	3	74
figshare-osce	cloud-azure	GAS0002	2	73
figshare-osce	cloud-azure	GAS0003	3	77
figshare-osce	cloud-azure	GAS0004	5	75
figshare-osce	cloud-azure	GAS0005	1	125
figshare-osce	cloud-azure	GAS0007	3	60
figshare-osce	cloud-azure	GEN0001	2	71
figshare-osce	cloud-azure	MSK0001	3	112
figshare-osce	cloud-azure	MSK0003	14	161
figshare-osce	cloud-azure	MSK0004	9	116
figshare-osce	cloud-azure	MSK0005	11	138
figshare-osce	cloud-azure	MSK0006	9	194
figshare-osce	cloud-azure	MSK0007	4	143
figshare-osce	cloud-azure	MSK0008	6	154
figshare-osce	cloud-azure	MSK0009	5	184
figshare-osce	cloud-azure	MSK0010	3	142
figshare-osce	cloud-azure	MSK0011	8	153
figshare-osce	cloud-azure	MSK0012	7	163
figshare-osce	cloud-azure	MSK0013	9	188
figshare-osce	cloud-azure	MSK0014	3	171
figshare-osce	cloud-azure	MSK0015	4	175
figshare-osce	cloud-azure	MSK0016	7	216
figshare-osce	cloud-azure	MSK0017	7	163
figshare-osce	cloud-azure	MSK0018	3	94
figshare-osce	cloud-azure	MSK0019	7	124
figshare-osce	cloud-azure	MSK0020	4	179
figshare-osce	cloud-azure	MSK0021	11	183
figshare-osce	cloud-azure	MSK0022	8	210
figshare-osce	cloud-azure	MSK0023	0	103
figshare-osce	cloud-azure	MSK0024	2	117
figshare-osce	cloud-azure	MSK0025	3	146
figshare-osce	cloud-azure	MSK0026	4	138
figshare-osce	cloud-azure	MSK0027	5	151
figshare-osce	cloud-azure	MSK0028	6	157
figshare-osce	cloud-azure	MSK0029	11	212
figshare-osce	cloud-azure	MSK0031	7	132
figshare-osce	cloud-azure	MSK0032	3	105
figshare-osce	cloud-azure	MSK0033	4	141
figshare-osce	cloud-azure	MSK0034	9	147
figshare-osce	cloud-azure	MSK0035	11	169
figshare-osce	cloud-azure	MSK0036	12	191
figshare-osce	cloud-azure	MSK0037	4	174
figshare-osce	cloud-azure	MSK0038	10	186
figshare-osce	cloud-azure	MSK0039	5	124
figshare-osce	cloud-azure	MSK0040	7	153
figshare-osce	cloud-azure	MSK0041	7	176
figshare-osce	cloud-azure	MSK0042	10	144
figshare-osce	cloud-azure	MSK0043	20	173
figshare-osce	cloud-azure	MSK0044	8	91
figshare-osce	cloud-azure	MSK0045	7	123
figshare-osce	cloud-azure	MSK0046	5	111
figshare-osce	cloud-azure	MSK0049	5	149
figshare-osce	cloud-azure	MSK0050	3	140
figshare-osce	cloud-azure	RES0001	4	147
figshare-osce	cloud-azure	RES0002	3	87
figshare-osce	cloud-azure	RES0003	4	113
figshare-osce	cloud-azure	RES0004	7	140
figshare-osce	cloud-azure	RES0005	8	146
figshare-osce	cloud-azure	RES0006	5	106
figshare-osce	cloud-azure	RES0007	4	122
figshare-osce	cloud-azure	RES0008	4	80
figshare-osce	cloud-azure	RES0009	3	106
figshare-osce	cloud-azure	RES0010	4	85
figshare-osce	cloud-azure	RES0011	4	116
figshare-osce	cloud-azure	RES0012	11	161
figshare-osce	cloud-azure	RES0013	1	91
figshare-osce	cloud-azure	RES0014	5	118
figshare-osce	cloud-azure	RES0015	4	130
figshare-osce	cloud-azure	RES0016	3	122
figshare-osce	cloud-azure	RES0017	1	143
figshare-osce	cloud-azure	RES0018	6	118
figshare-osce	cloud-azure	RES0019	4	141
figshare-osce	cloud-azure	RES0020	8	121
figshare-osce	cloud-azure	RES0021	7	132
figshare-osce	cloud-azure	RES0022	6	138
figshare-osce	cloud-azure	RES0023	8	72
figshare-osce	cloud-azure	RES0024	2	93
figshare-osce	cloud-azure	RES0025	8	108
figshare-osce	cloud-azure	RES0026	9	141
figshare-osce	cloud-azure	RES0027	8	119
figshare-osce	cloud-azure	RES0028	3	106
figshare-osce	cloud-azure	RES0029	3	63
figshare-osce	cloud-azure	RES0030	9	110
figshare-osce	cloud-azure	RES0031	1	106
figshare-osce	cloud-azure	RES0032	4	98
figshare-osce	cloud-azure	RES0033	3	107
figshare-osce	cloud-azure	RES0034	7	163
figshare-osce	cloud-azure	RES0035	3	99
figshare-osce	cloud-azure	RES0036	0	103
figshare-osce	cloud-azure	RES0037	5	118
figshare-osce	cloud-azure	RES0038	9	145
figshare-osce	cloud-azure	RES0039	7	151
figshare-osce	cloud-azure	RES0042	8	110
figshare-osce	cloud-azure	RES0043	3	124
figshare-osce	cloud-azure	RES0044	4	140
figshare-osce	cloud-azure	RES0045	3	116
figshare-osce	cloud-azure	RES0046	10	145
figshare-osce	cloud-azure	RES0047	9	144
figshare-osce	cloud-azure	RES0048	5	154
figshare-osce	cloud-azure	RES0049	8	139
figshare-osce	cloud-azure	RES0050	4	104
figshare-osce	cloud-azure	RES0051	2	104
figshare-osce	cloud-azure	RES0052	3	79
figshare-osce	cloud-azure	RES0053	11	196
figshare-osce	cloud-azure	RES0054	20	205
figshare-osce	cloud-azure	RES0055	5	132
figshare-osce	cloud-azure	RES0056	5	120
figshare-osce	cloud-azure	RES0057	9	122
figshare-osce	cloud-azure	RES0058	7	141
figshare-osce	cloud-azure	RES0059	7	147
figshare-osce	cloud-azure	RES0060	5	150
figshare-osce	cloud-azure	RES0061	10	163
figshare-osce	cloud-azure	RES0062	7	157
figshare-osce	cloud-azure	RES0063	5	143
figshare-osce	cloud-azure	RES0064	4	117
figshare-osce	cloud-azure	RES0065	5	117
figshare-osce	cloud-azure	RES0066	7	116
figshare-osce	cloud-azure	RES0067	5	76
figshare-osce	cloud-azure	RES0068	4	110
figshare-osce	cloud-azure	RES0069	6	91
figshare-osce	cloud-azure	RES0070	3	95
figshare-osce	cloud-azure	RES0071	3	106
figshare-osce	cloud-azure	RES0072	1	109
figshare-osce	cloud-azure	RES0073	4	136
figshare-osce	cloud-azure	RES0074	4	115
figshare-osce	cloud-azure	RES0075	4	96
figshare-osce	cloud-azure	RES0076	7	127
figshare-osce	cloud-azure	RES0077	3	120
figshare-osce	cloud-azure	RES0078	8	104
figshare-osce	cloud-azure	RES0079	4	90
figshare-osce	cloud-azure	RES0080	5	89
figshare-osce	cloud-azure	RES0081	7	123
figshare-osce	cloud-azure	RES0082	4	91
figshare-osce	cloud-azure	RES0083	5	109
figshare-osce	cloud-azure	RES0084	4	146
figshare-osce	cloud-azure	RES0085	3	87
figshare-osce	cloud-azure	RES0086	15	135
figshare-osce	cloud-azure	RES0087	4	125
figshare-osce	cloud-azure	RES0088	1	131
figshare-osce	cloud-azure	RES0089	4	147
figshare-osce	cloud-azure	RES0090	1	95
figshare-osce	cloud-azure	RES0091	2	77
figshare-osce	cloud-azure	RES0092	4	74
figshare-osce	cloud-azure	RES0093	10	134
figshare-osce	cloud-azure	RES0094	6	85
figshare-osce	cloud-azure	RES0095	9	133
figshare-osce	cloud-azure	RES0096	6	110
figshare-osce	cloud-azure	RES0097	8	128
figshare-osce	cloud-azure	RES0098	1	134
figshare-osce	cloud-azure	RES0099	6	155
figshare-osce	cloud-azure	RES0100	7	148
figshare-osce	cloud-azure	RES0101	3	139
figshare-osce	cloud-azure	RES0102	12	176
figshare-osce	cloud-azure	RES0103	2	111
figshare-osce	cloud-azure	RES0104	10	136
figshare-osce	cloud-azure	RES0105	7	115
figshare-osce	cloud-azure	RES0106	6	112
figshare-osce	cloud-azure	RES0107	5	155
figshare-osce	cloud-azure	RES0108	6	98
figshare-osce	cloud-azure	RES0109	4	91
figshare-osce	cloud-azure	RES0110	8	145
figshare-osce	cloud-azure	RES0111	3	100
figshare-osce	cloud-azure	RES0112	5	86
figshare-osce	cloud-azure	RES0113	7	93
figshare-osce	cloud-azure	RES0114	4	126
figshare-osce	cloud-azure	RES0116	7	144
figshare-osce	cloud-azure	RES0117	4	97
figshare-osce	cloud-azure	RES0118	3	95
figshare-osce	cloud-azure	RES0119	1	117
figshare-osce	cloud-azure	RES0120	3	130
figshare-osce	cloud-azure	RES0121	2	90
figshare-osce	cloud-azure	RES0122	5	98
figshare-osce	cloud-azure	RES0123	7	151
figshare-osce	cloud-azure	RES0124	3	143
figshare-osce	cloud-azure	RES0125	6	125
figshare-osce	cloud-azure	RES0126	9	135
figshare-osce	cloud-azure	RES0127	7	117
figshare-osce	cloud-azure	RES0128	2	102
figshare-osce	cloud-azure	RES0129	4	107
figshare-osce	cloud-azure	RES0130	11	113
figshare-osce	cloud-azure	RES0131	6	117
figshare-osce	cloud-azure	RES0132	4	97
figshare-osce	cloud-azure	RES0133	5	114
figshare-osce	cloud-azure	RES0134	6	143
figshare-osce	cloud-azure	RES0135	4	106
figshare-osce	cloud-azure	RES0136	11	119
figshare-osce	cloud-azure	RES0137	9	145
figshare-osce	cloud-azure	RES0138	12	124
figshare-osce	cloud-azure	RES0139	6	105
figshare-osce	cloud-azure	RES0140	2	84
figshare-osce	cloud-azure	RES0141	3	102
figshare-osce	cloud-azure	RES0142	6	86
figshare-osce	cloud-azure	RES0143	6	114
figshare-osce	cloud-azure	RES0144	6	86
figshare-osce	cloud-azure	RES0145	5	135
figshare-osce	cloud-azure	RES0146	6	74
figshare-osce	cloud-azure	RES0147	5	102
figshare-osce	cloud-azure	RES0148	4	101
figshare-osce	cloud-azure	RES0149	1	113
figshare-osce	cloud-azure	RES0150	4	110
figshare-osce	cloud-azure	RES0151	2	105
figshare-osce	cloud-azure	RES0152	4	96
figshare-osce	cloud-azure	RES0153	6	97
figshare-osce	cloud-azure	RES0154	5	97
figshare-osce	cloud-azure	RES0155	7	120
figshare-osce	cloud-azure	RES0156	10	95
figshare-osce	cloud-azure	RES0158	2	82
figshare-osce	cloud-azure	RES0159	5	85
figshare-osce	cloud-azure	RES0160	8	112
figshare-osce	cloud-azure	RES0161	5	102
figshare-osce	cloud-azure	RES0162	7	111
figshare-osce	cloud-azure	RES0163	6	100
figshare-osce	cloud-azure	RES0164	6	113
figshare-osce	cloud-azure	RES0165	4	81
figshare-osce	cloud-azure	RES0166	10	91
figshare-osce	cloud-azure	RES0167	8	89
figshare-osce	cloud-azure	RES0168	4	103
figshare-osce	cloud-azure	RES0169	3	88
figshare-osce	cloud-azure	RES0170	4	102
figshare-osce	cloud-azure	RES0171	4	115
figshare-osce	cloud-azure	RES0172	3	101
figshare-osce	cloud-azure	RES0173	4	102
figshare-osce	cloud-azure	RES0174	6	124
figshare-osce	cloud-azure	RES0175	5	98
figshare-osce	cloud-azure	RES0176	4	119
figshare-osce	cloud-azure	RES0177	5	124
figshare-osce	cloud-azure	RES0178	6	108
figshare-osce	cloud-azure	RES0179	6	121
figshare-osce	cloud-azure	RES0180	5	92
figshare-osce	cloud-azure	RES0181	2	133
figshare-osce	cloud-azure	RES0182	3	92
figshare-osce	cloud-azure	RES0183	9	126
figshare-osce	cloud-azure	RES0184	3	98
figshare-osce	cloud-azure	RES0185	2	96
figshare-osce	cloud-azure	RES0186	4	93
figshare-osce	cloud-azure	RES0187	6	123
figshare-osce	cloud-azure	RES0188	8	86
figshare-osce	cloud-azure	RES0189	3	131
figshare-osce	cloud-azure	RES0190	4	142
figshare-osce	cloud-azure	RES0191	5	98
figshare-osce	cloud-azure	RES0192	5	116
figshare-osce	cloud-azure	RES0193	7	125
figshare-osce	cloud-azure	RES0194	5	140
figshare-osce	cloud-azure	RES0195	10	129
figshare-osce	cloud-azure	RES0196	5	82
figshare-osce	cloud-azure	RES0197	6	87
figshare-osce	cloud-azure	RES0198	3	85
figshare-osce	cloud-azure	RES0199	1	117
figshare-osce	cloud-azure	RES0200	7	120
figshare-osce	cloud-azure	RES0201	4	73
figshare-osce	cloud-azure	RES0202	5	125
figshare-osce	cloud-azure	RES0203	3	81
figshare-osce	cloud-azure	RES0204	5	61
figshare-osce	cloud-azure	RES0205	4	77
figshare-osce	cloud-azure	RES0206	7	104
figshare-osce	cloud-azure	RES0207	1	50
figshare-osce	cloud-azure	RES0208	6	111
figshare-osce	cloud-azure	RES0209	5	78
figshare-osce	cloud-azure	RES0210	1	78
figshare-osce	cloud-azure	RES0211	4	112
figshare-osce	cloud-azure	RES0212	0	81
figshare-osce	cloud-azure	RES0213	8	93
figshare-osce	cloud-azure	RES0214	3	101
figshare-osce	cloud-azure	RES0215	8	92
figshare-osce	cloud-azure	RES0216	3	93
figshare-osce	cloud-azure	RES0217	3	105
figshare-osce	cloud-deepgram	CAR0001	0	87
figshare-osce	cloud-deepgram	CAR0002	4	99
figshare-osce	cloud-deepgram	CAR0003	1	122
figshare-osce	cloud-deepgram	CAR0004	2	74
figshare-osce	cloud-deepgram	CAR0005	2	70
figshare-osce	cloud-deepgram	DER0001	8	120
figshare-osce	cloud-deepgram	GAS0001	4	74
figshare-osce	cloud-deepgram	GAS0002	1	73
figshare-osce	cloud-deepgram	GAS0003	5	77
figshare-osce	cloud-deepgram	GAS0004	3	75
figshare-osce	cloud-deepgram	GAS0005	4	125
figshare-osce	cloud-deepgram	GAS0007	3	60
figshare-osce	cloud-deepgram	GEN0001	2	71
figshare-osce	cloud-deepgram	MSK0001	6	112
figshare-osce	cloud-deepgram	MSK0003	8	161
figshare-osce	cloud-deepgram	MSK0004	6	116
figshare-osce	cloud-deepgram	MSK0005	7	138
figshare-osce	cloud-deepgram	MSK0006	9	194
figshare-osce	cloud-deepgram	MSK0007	3	143
figshare-osce	cloud-deepgram	MSK0008	6	154
figshare-osce	cloud-deepgram	MSK0009	5	184
figshare-osce	cloud-deepgram	MSK0010	4	142
figshare-osce	cloud-deepgram	MSK0011	9	153
figshare-osce	cloud-deepgram	MSK0012	7	163
figshare-osce	cloud-deepgram	MSK0013	12	188
figshare-osce	cloud-deepgram	MSK0014	4	171
figshare-osce	cloud-deepgram	MSK0015	5	175
figshare-osce	cloud-deepgram	MSK0016	4	216
figshare-osce	cloud-deepgram	MSK0017	5	163
figshare-osce	cloud-deepgram	MSK0018	5	94
figshare-osce	cloud-deepgram	MSK0019	7	124
figshare-osce	cloud-deepgram	MSK0020	7	179
figshare-osce	cloud-deepgram	MSK0021	16	183
figshare-osce	cloud-deepgram	MSK0022	9	210
figshare-osce	cloud-deepgram	MSK0023	1	103
figshare-osce	cloud-deepgram	MSK0024	2	117
figshare-osce	cloud-deepgram	MSK0025	2	146
figshare-osce	cloud-deepgram	MSK0026	4	138
figshare-osce	cloud-deepgram	MSK0027	5	151
figshare-osce	cloud-deepgram	MSK0028	9	157
figshare-osce	cloud-deepgram	MSK0029	13	212
figshare-osce	cloud-deepgram	MSK0031	4	132
figshare-osce	cloud-deepgram	MSK0032	3	105
figshare-osce	cloud-deepgram	MSK0033	3	141
figshare-osce	cloud-deepgram	MSK0034	7	147
figshare-osce	cloud-deepgram	MSK0035	12	169
figshare-osce	cloud-deepgram	MSK0036	7	191
figshare-osce	cloud-deepgram	MSK0037	4	174
figshare-osce	cloud-deepgram	MSK0038	8	186
figshare-osce	cloud-deepgram	MSK0039	3	124
figshare-osce	cloud-deepgram	MSK0040	4	153
figshare-osce	cloud-deepgram	MSK0041	8	176
figshare-osce	cloud-deepgram	MSK0042	11	144
figshare-osce	cloud-deepgram	MSK0043	17	173
figshare-osce	cloud-deepgram	MSK0044	7	91
figshare-osce	cloud-deepgram	MSK0045	5	123
figshare-osce	cloud-deepgram	MSK0046	5	111
figshare-osce	cloud-deepgram	MSK0049	3	149
figshare-osce	cloud-deepgram	MSK0050	2	140
figshare-osce	cloud-deepgram	RES0001	4	147
figshare-osce	cloud-deepgram	RES0002	5	87
figshare-osce	cloud-deepgram	RES0003	2	113
figshare-osce	cloud-deepgram	RES0004	6	140
figshare-osce	cloud-deepgram	RES0005	9	146
figshare-osce	cloud-deepgram	RES0006	3	106
figshare-osce	cloud-deepgram	RES0007	8	122
figshare-osce	cloud-deepgram	RES0008	5	80
figshare-osce	cloud-deepgram	RES0009	4	106
figshare-osce	cloud-deepgram	RES0010	5	85
figshare-osce	cloud-deepgram	RES0011	6	116
figshare-osce	cloud-deepgram	RES0012	13	161
figshare-osce	cloud-deepgram	RES0013	1	91
figshare-osce	cloud-deepgram	RES0014	4	118
figshare-osce	cloud-deepgram	RES0015	7	130
figshare-osce	cloud-deepgram	RES0016	7	122
figshare-osce	cloud-deepgram	RES0017	5	143
figshare-osce	cloud-deepgram	RES0018	4	118
figshare-osce	cloud-deepgram	RES0019	4	141
figshare-osce	cloud-deepgram	RES0020	6	121
figshare-osce	cloud-deepgram	RES0021	7	132
figshare-osce	cloud-deepgram	RES0022	11	138
figshare-osce	cloud-deepgram	RES0023	6	72
figshare-osce	cloud-deepgram	RES0024	3	93
figshare-osce	cloud-deepgram	RES0025	6	108
figshare-osce	cloud-deepgram	RES0026	9	141
figshare-osce	cloud-deepgram	RES0027	8	119
figshare-osce	cloud-deepgram	RES0028	4	106
figshare-osce	cloud-deepgram	RES0029	3	63
figshare-osce	cloud-deepgram	RES0030	9	110
figshare-osce	cloud-deepgram	RES0031	0	106
figshare-osce	cloud-deepgram	RES0032	6	98
figshare-osce	cloud-deepgram	RES0033	4	107
figshare-osce	cloud-deepgram	RES0034	5	163
figshare-osce	cloud-deepgram	RES0035	2	99
figshare-osce	cloud-deepgram	RES0036	2	103
figshare-osce	cloud-deepgram	RES0037	7	118
figshare-osce	cloud-deepgram	RES0038	8	145
figshare-osce	cloud-deepgram	RES0039	8	151
figshare-osce	cloud-deepgram	RES0042	9	110
figshare-osce	cloud-deepgram	RES0043	5	124
figshare-osce	cloud-deepgram	RES0044	5	140
figshare-osce	cloud-deepgram	RES0045	2	116
figshare-osce	cloud-deepgram	RES0046	10	145
figshare-osce	cloud-deepgram	RES0047	8	144
figshare-osce	cloud-deepgram	RES0048	13	154
figshare-osce	cloud-deepgram	RES0049	11	139
figshare-osce	cloud-deepgram	RES0050	2	104
figshare-osce	cloud-deepgram	RES0051	5	104
figshare-osce	cloud-deepgram	RES0052	5	79
figshare-osce	cloud-deepgram	RES0053	8	196
figshare-osce	cloud-deepgram	RES0054	23	205
figshare-osce	cloud-deepgram	RES0055	8	132
figshare-osce	cloud-deepgram	RES0056	8	120
figshare-osce	cloud-deepgram	RES0057	8	122
figshare-osce	cloud-deepgram	RES0058	6	141
figshare-osce	cloud-deepgram	RES0059	6	147
figshare-osce	cloud-deepgram	RES0060	5	150
figshare-osce	cloud-deepgram	RES0061	8	163
figshare-osce	cloud-deepgram	RES0062	8	157
figshare-osce	cloud-deepgram	RES0063	8	143
figshare-osce	cloud-deepgram	RES0064	9	117
figshare-osce	cloud-deepgram	RES0065	8	117
figshare-osce	cloud-deepgram	RES0066	8	116
figshare-osce	cloud-deepgram	RES0067	5	76
figshare-osce	cloud-deepgram	RES0068	3	110
figshare-osce	cloud-deepgram	RES0069	4	91
figshare-osce	cloud-deepgram	RES0070	6	95
figshare-osce	cloud-deepgram	RES0071	2	106
figshare-osce	cloud-deepgram	RES0072	1	109
figshare-osce	cloud-deepgram	RES0073	2	136
figshare-osce	cloud-deepgram	RES0074	3	115
figshare-osce	cloud-deepgram	RES0075	4	96
figshare-osce	cloud-deepgram	RES0076	6	127
figshare-osce	cloud-deepgram	RES0077	3	120
figshare-osce	cloud-deepgram	RES0078	8	104
figshare-osce	cloud-deepgram	RES0079	6	90
figshare-osce	cloud-deepgram	RES0080	2	89
figshare-osce	cloud-deepgram	RES0081	8	123
figshare-osce	cloud-deepgram	RES0082	3	91
figshare-osce	cloud-deepgram	RES0083	6	109
figshare-osce	cloud-deepgram	RES0084	2	146
figshare-osce	cloud-deepgram	RES0085	1	87
figshare-osce	cloud-deepgram	RES0086	12	135
figshare-osce	cloud-deepgram	RES0087	5	125
figshare-osce	cloud-deepgram	RES0088	2	131
figshare-osce	cloud-deepgram	RES0089	4	147
figshare-osce	cloud-deepgram	RES0090	3	95
figshare-osce	cloud-deepgram	RES0091	2	77
figshare-osce	cloud-deepgram	RES0092	7	74
figshare-osce	cloud-deepgram	RES0093	8	134
figshare-osce	cloud-deepgram	RES0094	6	85
figshare-osce	cloud-deepgram	RES0095	8	133
figshare-osce	cloud-deepgram	RES0096	5	110
figshare-osce	cloud-deepgram	RES0097	8	128
figshare-osce	cloud-deepgram	RES0098	2	134
figshare-osce	cloud-deepgram	RES0099	6	155
figshare-osce	cloud-deepgram	RES0100	5	148
figshare-osce	cloud-deepgram	RES0101	6	139
figshare-osce	cloud-deepgram	RES0102	8	176
figshare-osce	cloud-deepgram	RES0103	2	111
figshare-osce	cloud-deepgram	RES0104	5	136
figshare-osce	cloud-deepgram	RES0105	4	115
figshare-osce	cloud-deepgram	RES0106	4	112
figshare-osce	cloud-deepgram	RES0107	6	155
figshare-osce	cloud-deepgram	RES0108	7	98
figshare-osce	cloud-deepgram	RES0109	4	91
figshare-osce	cloud-deepgram	RES0110	11	145
figshare-osce	cloud-deepgram	RES0111	2	100
figshare-osce	cloud-deepgram	RES0112	7	86
figshare-osce	cloud-deepgram	RES0113	8	93
figshare-osce	cloud-deepgram	RES0114	3	126
figshare-osce	cloud-deepgram	RES0116	9	144
figshare-osce	cloud-deepgram	RES0117	4	97
figshare-osce	cloud-deepgram	RES0118	0	95
figshare-osce	cloud-deepgram	RES0119	3	117
figshare-osce	cloud-deepgram	RES0120	3	130
figshare-osce	cloud-deepgram	RES0121	3	90
figshare-osce	cloud-deepgram	RES0122	7	98
figshare-osce	cloud-deepgram	RES0123	9	151
figshare-osce	cloud-deepgram	RES0124	4	143
figshare-osce	cloud-deepgram	RES0125	3	125
figshare-osce	cloud-deepgram	RES0126	11	135
figshare-osce	cloud-deepgram	RES0127	5	117
figshare-osce	cloud-deepgram	RES0128	1	102
figshare-osce	cloud-deepgram	RES0129	5	107
figshare-osce	cloud-deepgram	RES0130	8	113
figshare-osce	cloud-deepgram	RES0131	4	117
figshare-osce	cloud-deepgram	RES0132	5	97
figshare-osce	cloud-deepgram	RES0133	3	114
figshare-osce	cloud-deepgram	RES0134	7	143
figshare-osce	cloud-deepgram	RES0135	2	106
figshare-osce	cloud-deepgram	RES0136	7	119
figshare-osce	cloud-deepgram	RES0137	8	145
figshare-osce	cloud-deepgram	RES0138	12	124
figshare-osce	cloud-deepgram	RES0139	6	105
figshare-osce	cloud-deepgram	RES0140	6	84
figshare-osce	cloud-deepgram	RES0141	4	102
figshare-osce	cloud-deepgram	RES0142	8	86
figshare-osce	cloud-deepgram	RES0143	9	114
figshare-osce	cloud-deepgram	RES0144	5	86
figshare-osce	cloud-deepgram	RES0145	4	135
figshare-osce	cloud-deepgram	RES0146	4	74
figshare-osce	cloud-deepgram	RES0147	7	102
figshare-osce	cloud-deepgram	RES0148	2	101
figshare-osce	cloud-deepgram	RES0149	1	113
figshare-osce	cloud-deepgram	RES0150	4	110
figshare-osce	cloud-deepgram	RES0151	2	105
figshare-osce	cloud-deepgram	RES0152	3	96
figshare-osce	cloud-deepgram	RES0153	4	97
figshare-osce	cloud-deepgram	RES0154	8	97
figshare-osce	cloud-deepgram	RES0155	6	120
figshare-osce	cloud-deepgram	RES0156	6	95
figshare-osce	cloud-deepgram	RES0158	2	82
figshare-osce	cloud-deepgram	RES0159	3	85
figshare-osce	cloud-deepgram	RES0160	13	112
figshare-osce	cloud-deepgram	RES0161	5	102
figshare-osce	cloud-deepgram	RES0162	10	111
figshare-osce	cloud-deepgram	RES0163	4	100
figshare-osce	cloud-deepgram	RES0164	3	113
figshare-osce	cloud-deepgram	RES0165	3	81
figshare-osce	cloud-deepgram	RES0166	11	91
figshare-osce	cloud-deepgram	RES0167	10	89
figshare-osce	cloud-deepgram	RES0168	7	103
figshare-osce	cloud-deepgram	RES0169	4	88
figshare-osce	cloud-deepgram	RES0170	4	102
figshare-osce	cloud-deepgram	RES0171	9	115
figshare-osce	cloud-deepgram	RES0172	2	101
figshare-osce	cloud-deepgram	RES0173	6	102
figshare-osce	cloud-deepgram	RES0174	6	124
figshare-osce	cloud-deepgram	RES0175	6	98
figshare-osce	cloud-deepgram	RES0176	4	119
figshare-osce	cloud-deepgram	RES0177	6	124
figshare-osce	cloud-deepgram	RES0178	6	108
figshare-osce	cloud-deepgram	RES0179	5	121
figshare-osce	cloud-deepgram	RES0180	5	92
figshare-osce	cloud-deepgram	RES0181	2	133
figshare-osce	cloud-deepgram	RES0182	2	92
figshare-osce	cloud-deepgram	RES0183	5	126
figshare-osce	cloud-deepgram	RES0184	6	98
figshare-osce	cloud-deepgram	RES0185	2	96
figshare-osce	cloud-deepgram	RES0186	4	93
figshare-osce	cloud-deepgram	RES0187	5	123
figshare-osce	cloud-deepgram	RES0188	7	86
figshare-osce	cloud-deepgram	RES0189	5	131
figshare-osce	cloud-deepgram	RES0190	4	142
figshare-osce	cloud-deepgram	RES0191	4	98
figshare-osce	cloud-deepgram	RES0192	7	116
figshare-osce	cloud-deepgram	RES0193	7	125
figshare-osce	cloud-deepgram	RES0194	8	140
figshare-osce	cloud-deepgram	RES0195	10	129
figshare-osce	cloud-deepgram	RES0196	3	82
figshare-osce	cloud-deepgram	RES0197	11	87
figshare-osce	cloud-deepgram	RES0198	3	85
figshare-osce	cloud-deepgram	RES0199	1	117
figshare-osce	cloud-deepgram	RES0200	6	120
figshare-osce	cloud-deepgram	RES0201	4	73
figshare-osce	cloud-deepgram	RES0202	4	125
figshare-osce	cloud-deepgram	RES0203	1	81
figshare-osce	cloud-deepgram	RES0204	5	61
figshare-osce	cloud-deepgram	RES0205	3	77
figshare-osce	cloud-deepgram	RES0206	10	104
figshare-osce	cloud-deepgram	RES0207	3	50
figshare-osce	cloud-deepgram	RES0208	5	111
figshare-osce	cloud-deepgram	RES0209	6	78
figshare-osce	cloud-deepgram	RES0210	0	78
figshare-osce	cloud-deepgram	RES0211	6	112
figshare-osce	cloud-deepgram	RES0212	1	81
figshare-osce	cloud-deepgram	RES0213	4	93
figshare-osce	cloud-deepgram	RES0214	3	101
figshare-osce	cloud-deepgram	RES0215	9	92
figshare-osce	cloud-deepgram	RES0216	3	93
figshare-osce	cloud-deepgram	RES0217	4	105
figshare-osce	cloud-google	CAR0001	1	87
figshare-osce	cloud-google	CAR0002	6	99
figshare-osce	cloud-google	CAR0003	7	122
figshare-osce	cloud-google	CAR0004	3	74
figshare-osce	cloud-google	CAR0005	2	70
figshare-osce	cloud-google	DER0001	13	120
figshare-osce	cloud-google	GAS0001	3	74
figshare-osce	cloud-google	GAS0002	3	73
figshare-osce	cloud-google	GAS0003	11	77
figshare-osce	cloud-google	GAS0004	3	75
figshare-osce	cloud-google	GAS0005	9	125
figshare-osce	cloud-google	GAS0007	8	60
figshare-osce	cloud-google	GEN0001	3	71
figshare-osce	cloud-google	MSK0001	7	112
figshare-osce	cloud-google	MSK0003	15	161
figshare-osce	cloud-google	MSK0004	9	116
figshare-osce	cloud-google	MSK0005	14	138
figshare-osce	cloud-google	MSK0006	12	194
figshare-osce	cloud-google	MSK0007	10	143
figshare-osce	cloud-google	MSK0008	16	154
figshare-osce	cloud-google	MSK0009	7	184
figshare-osce	cloud-google	MSK0010	6	142
figshare-osce	cloud-google	MSK0011	12	153
figshare-osce	cloud-google	MSK0012	15	163
figshare-osce	cloud-google	MSK0013	12	188
figshare-osce	cloud-google	MSK0014	7	171
figshare-osce	cloud-google	MSK0015	17	175
figshare-osce	cloud-google	MSK0016	13	216
figshare-osce	cloud-google	MSK0017	19	163
figshare-osce	cloud-google	MSK0018	9	94
figshare-osce	cloud-google	MSK0019	12	124
figshare-osce	cloud-google	MSK0020	10	179
figshare-osce	cloud-google	MSK0021	17	183
figshare-osce	cloud-google	MSK0022	13	210
figshare-osce	cloud-google	MSK0023	3	103
figshare-osce	cloud-google	MSK0024	5	117
figshare-osce	cloud-google	MSK0025	6	146
figshare-osce	cloud-google	MSK0026	9	138
figshare-osce	cloud-google	MSK0027	7	151
figshare-osce	cloud-google	MSK0028	11	157
figshare-osce	cloud-google	MSK0029	24	212
figshare-osce	cloud-google	MSK0031	10	132
figshare-osce	cloud-google	MSK0032	11	105
figshare-osce	cloud-google	MSK0033	8	141
figshare-osce	cloud-google	MSK0034	16	147
figshare-osce	cloud-google	MSK0035	20	169
figshare-osce	cloud-google	MSK0036	20	191
figshare-osce	cloud-google	MSK0037	6	174
figshare-osce	cloud-google	MSK0038	14	186
figshare-osce	cloud-google	MSK0039	9	124
figshare-osce	cloud-google	MSK0040	9	153
figshare-osce	cloud-google	MSK0041	14	176
figshare-osce	cloud-google	MSK0042	16	144
figshare-osce	cloud-google	MSK0043	20	173
figshare-osce	cloud-google	MSK0044	10	91
figshare-osce	cloud-google	MSK0045	13	123
figshare-osce	cloud-google	MSK0046	18	111
figshare-osce	cloud-google	MSK0049	10	149
figshare-osce	cloud-google	MSK0050	13	140
figshare-osce	cloud-google	RES0001	10	147
figshare-osce	cloud-google	RES0002	5	87
figshare-osce	cloud-google	RES0003	5	113
figshare-osce	cloud-google	RES0004	11	140
figshare-osce	cloud-google	RES0005	7	146
figshare-osce	cloud-google	RES0006	5	106
figshare-osce	cloud-google	RES0007	6	122
figshare-osce	cloud-google	RES0008	10	80
figshare-osce	cloud-google	RES0009	13	106
figshare-osce	cloud-google	RES0010	6	85
figshare-osce	cloud-google	RES0011	10	116
figshare-osce	cloud-google	RES0012	16	161
figshare-osce	cloud-google	RES0013	4	91
figshare-osce	cloud-google	RES0014	11	118
figshare-osce	cloud-google	RES0015	8	130
figshare-osce	cloud-google	RES0016	5	122
figshare-osce	cloud-google	RES0017	4	143
figshare-osce	cloud-google	RES0018	6	118
figshare-osce	cloud-google	RES0019	11	141
figshare-osce	cloud-google	RES0020	17	121
figshare-osce	cloud-google	RES0021	17	132
figshare-osce	cloud-google	RES0022	16	138
figshare-osce	cloud-google	RES0023	13	72
figshare-osce	cloud-google	RES0024	10	93
figshare-osce	cloud-google	RES0025	18	108
figshare-osce	cloud-google	RES0026	14	141
figshare-osce	cloud-google	RES0027	11	119
figshare-osce	cloud-google	RES0028	4	106
figshare-osce	cloud-google	RES0029	4	63
figshare-osce	cloud-google	RES0030	10	110
figshare-osce	cloud-google	RES0031	3	106
figshare-osce	cloud-google	RES0032	6	98
figshare-osce	cloud-google	RES0033	6	107
figshare-osce	cloud-google	RES0034	5	163
figshare-osce	cloud-google	RES0035	6	99
figshare-osce	cloud-google	RES0036	3	103
figshare-osce	cloud-google	RES0037	7	118
figshare-osce	cloud-google	RES0038	8	145
figshare-osce	cloud-google	RES0039	12	151
figshare-osce	cloud-google	RES0042	8	110
figshare-osce	cloud-google	RES0043	10	124
figshare-osce	cloud-google	RES0044	6	140
figshare-osce	cloud-google	RES0045	8	116
figshare-osce	cloud-google	RES0046	10	145
figshare-osce	cloud-google	RES0047	11	144
figshare-osce	cloud-google	RES0048	23	154
figshare-osce	cloud-google	RES0049	14	139
figshare-osce	cloud-google	RES0050	4	104
figshare-osce	cloud-google	RES0051	10	104
figshare-osce	cloud-google	RES0052	3	79
figshare-osce	cloud-google	RES0053	15	196
figshare-osce	cloud-google	RES0054	27	205
figshare-osce	cloud-google	RES0055	14	132
figshare-osce	cloud-google	RES0056	16	120
figshare-osce	cloud-google	RES0057	19	122
figshare-osce	cloud-google	RES0058	17	141
figshare-osce	cloud-google	RES0059	13	147
figshare-osce	cloud-google	RES0060	25	150
figshare-osce	cloud-google	RES0061	26	163
figshare-osce	cloud-google	RES0062	20	157
figshare-osce	cloud-google	RES0063	12	143
figshare-osce	cloud-google	RES0064	11	117
figshare-osce	cloud-google	RES0065	14	117
figshare-osce	cloud-google	RES0066	6	116
figshare-osce	cloud-google	RES0067	9	76
figshare-osce	cloud-google	RES0068	5	110
figshare-osce	cloud-google	RES0069	12	91
figshare-osce	cloud-google	RES0070	5	95
figshare-osce	cloud-google	RES0071	7	106
figshare-osce	cloud-google	RES0072	1	109
figshare-osce	cloud-google	RES0073	4	136
figshare-osce	cloud-google	RES0074	3	115
figshare-osce	cloud-google	RES0075	6	96
figshare-osce	cloud-google	RES0076	12	127
figshare-osce	cloud-google	RES0077	7	120
figshare-osce	cloud-google	RES0078	25	104
figshare-osce	cloud-google	RES0079	20	90
figshare-osce	cloud-google	RES0080	12	89
figshare-osce	cloud-google	RES0081	23	123
figshare-osce	cloud-google	RES0082	17	91
figshare-osce	cloud-google	RES0083	13	109
figshare-osce	cloud-google	RES0084	13	146
figshare-osce	cloud-google	RES0085	8	87
figshare-osce	cloud-google	RES0086	20	135
figshare-osce	cloud-google	RES0087	14	125
figshare-osce	cloud-google	RES0088	7	131
figshare-osce	cloud-google	RES0089	7	147
figshare-osce	cloud-google	RES0090	8	95
figshare-osce	cloud-google	RES0091	4	77
figshare-osce	cloud-google	RES0092	17	74
figshare-osce	cloud-google	RES0093	19	134
figshare-osce	cloud-google	RES0094	10	85
figshare-osce	cloud-google	RES0095	14	133
figshare-osce	cloud-google	RES0096	11	110
figshare-osce	cloud-google	RES0097	13	128
figshare-osce	cloud-google	RES0098	4	134
figshare-osce	cloud-google	RES0099	9	155
figshare-osce	cloud-google	RES0100	8	148
figshare-osce	cloud-google	RES0101	6	139
figshare-osce	cloud-google	RES0102	12	176
figshare-osce	cloud-google	RES0103	3	111
figshare-osce	cloud-google	RES0104	12	136
figshare-osce	cloud-google	RES0105	6	115
figshare-osce	cloud-google	RES0106	5	112
figshare-osce	cloud-google	RES0107	9	155
figshare-osce	cloud-google	RES0108	15	98
figshare-osce	cloud-google	RES0109	9	91
figshare-osce	cloud-google	RES0110	14	145
figshare-osce	cloud-google	RES0111	9	100
figshare-osce	cloud-google	RES0112	6	86
figshare-osce	cloud-google	RES0113	10	93
figshare-osce	cloud-google	RES0114	12	126
figshare-osce	cloud-google	RES0116	31	144
figshare-osce	cloud-google	RES0117	10	97
figshare-osce	cloud-google	RES0118	4	95
figshare-osce	cloud-google	RES0119	10	117
figshare-osce	cloud-google	RES0120	9	130
figshare-osce	cloud-google	RES0121	5	90
figshare-osce	cloud-google	RES0122	14	98
figshare-osce	cloud-google	RES0123	24	151
figshare-osce	cloud-google	RES0124	22	143
figshare-osce	cloud-google	RES0125	15	125
figshare-osce	cloud-google	RES0126	18	135
figshare-osce	cloud-google	RES0127	13	117
figshare-osce	cloud-google	RES0128	10	102
figshare-osce	cloud-google	RES0129	11	107
figshare-osce	cloud-google	RES0130	15	113
figshare-osce	cloud-google	RES0131	12	117
figshare-osce	cloud-google	RES0132	5	97
figshare-osce	cloud-google	RES0133	5	114
figshare-osce	cloud-google	RES0134	21	143
figshare-osce	cloud-google	RES0135	5	106
figshare-osce	cloud-google	RES0136	16	119
figshare-osce	cloud-google	RES0137	16	145
figshare-osce	cloud-google	RES0138	22	124
figshare-osce	cloud-google	RES0139	12	105
figshare-osce	cloud-google	RES0140	13	84
figshare-osce	cloud-google	RES0141	18	102
figshare-osce	cloud-google	RES0142	10	86
figshare-osce	cloud-google	RES0143	14	114
figshare-osce	cloud-google	RES0144	19	86
figshare-osce	cloud-google	RES0145	19	135
figshare-osce	cloud-google	RES0146	6	74
figshare-osce	cloud-google	RES0147	14	102
figshare-osce	cloud-google	RES0148	12	101
figshare-osce	cloud-google	RES0149	11	113
figshare-osce	cloud-google	RES0150	7	110
figshare-osce	cloud-google	RES0151	1	105
figshare-osce	cloud-google	RES0152	5	96
figshare-osce	cloud-google	RES0153	4	97
figshare-osce	cloud-google	RES0154	5	97
figshare-osce	cloud-google	RES0155	7	120
figshare-osce	cloud-google	RES0156	7	95
figshare-osce	cloud-google	RES0158	4	82
figshare-osce	cloud-google	RES0159	9	85
figshare-osce	cloud-google	RES0160	20	112
figshare-osce	cloud-google	RES0161	12	102
figshare-osce	cloud-google	RES0162	16	111
figshare-osce	cloud-google	RES0163	17	100
figshare-osce	cloud-google	RES0164	15	113
figshare-osce	cloud-google	RES0165	8	81
figshare-osce	cloud-google	RES0166	20	91
figshare-osce	cloud-google	RES0167	11	89
figshare-osce	cloud-google	RES0168	8	103
figshare-osce	cloud-google	RES0169	13	88
figshare-osce	cloud-google	RES0170	9	102
figshare-osce	cloud-google	RES0171	23	115
figshare-osce	cloud-google	RES0172	21	101
figshare-osce	cloud-google	RES0173	10	102
figshare-osce	cloud-google	RES0174	13	124
figshare-osce	cloud-google	RES0175	15	98
figshare-osce	cloud-google	RES0176	11	119
figshare-osce	cloud-google	RES0177	13	124
figshare-osce	cloud-google	RES0178	15	108
figshare-osce	cloud-google	RES0179	4	121
figshare-osce	cloud-google	RES0180	9	92
figshare-osce	cloud-google	RES0181	5	133
figshare-osce	cloud-google	RES0182	7	92
figshare-osce	cloud-google	RES0183	12	126
figshare-osce	cloud-google	RES0184	7	98
figshare-osce	cloud-google	RES0185	7	96
figshare-osce	cloud-google	RES0186	7	93
figshare-osce	cloud-google	RES0187	12	123
figshare-osce	cloud-google	RES0188	6	86
figshare-osce	cloud-google	RES0189	8	131
figshare-osce	cloud-google	RES0190	10	142
figshare-osce	cloud-google	RES0191	8	98
figshare-osce	cloud-google	RES0192	9	116
figshare-osce	cloud-google	RES0193	7	125
figshare-osce	cloud-google	RES0194	8	140
figshare-osce	cloud-google	RES0195	14	129
figshare-osce	cloud-google	RES0196	7	82
figshare-osce	cloud-google	RES0197	13	87
figshare-osce	cloud-google	RES0198	6	85
figshare-osce	cloud-google	RES0199	7	117
figshare-osce	cloud-google	RES0200	11	120
figshare-osce	cloud-google	RES0201	6	73
figshare-osce	cloud-google	RES0202	11	125
figshare-osce	cloud-google	RES0203	4	81
figshare-osce	cloud-google	RES0204	6	61
figshare-osce	cloud-google	RES0205	8	77
figshare-osce	cloud-google	RES0206	11	104
figshare-osce	cloud-google	RES0207	2	50
figshare-osce	cloud-google	RES0208	14	111
figshare-osce	cloud-google	RES0209	9	78
figshare-osce	cloud-google	RES0210	17	78
figshare-osce	cloud-google	RES0211	19	112
figshare-osce	cloud-google	RES0212	7	81
figshare-osce	cloud-google	RES0213	6	93
figshare-osce	cloud-google	RES0214	6	101
figshare-osce	cloud-google	RES0215	7	92
figshare-osce	cloud-google	RES0216	7	93
figshare-osce	cloud-google	RES0217	8	105
figshare-osce	cohere-transcribe-14lang	CAR0001	68	87
figshare-osce	cohere-transcribe-14lang	CAR0002	57	99
figshare-osce	cohere-transcribe-14lang	CAR0003	80	122
figshare-osce	cohere-transcribe-14lang	CAR0004	38	74
figshare-osce	cohere-transcribe-14lang	CAR0005	44	70
figshare-osce	cohere-transcribe-14lang	DER0001	11	120
figshare-osce	cohere-transcribe-14lang	GAS0001	41	74
figshare-osce	cohere-transcribe-14lang	GAS0002	58	73
figshare-osce	cohere-transcribe-14lang	GAS0003	52	77
figshare-osce	cohere-transcribe-14lang	GAS0004	52	75
figshare-osce	cohere-transcribe-14lang	GAS0005	86	125
figshare-osce	cohere-transcribe-14lang	GAS0007	6	60
figshare-osce	cohere-transcribe-14lang	GEN0001	3	71
figshare-osce	cohere-transcribe-14lang	MSK0001	66	112
figshare-osce	cohere-transcribe-14lang	MSK0003	122	161
figshare-osce	cohere-transcribe-14lang	MSK0004	72	116
figshare-osce	cohere-transcribe-14lang	MSK0005	65	138
figshare-osce	cohere-transcribe-14lang	MSK0006	144	194
figshare-osce	cohere-transcribe-14lang	MSK0007	4	143
figshare-osce	cohere-transcribe-14lang	MSK0008	9	154
figshare-osce	cohere-transcribe-14lang	MSK0009	4	184
figshare-osce	cohere-transcribe-14lang	MSK0010	4	142
figshare-osce	medasr	CAR0001	25	87
figshare-osce	medasr	CAR0002	8	99
figshare-osce	medasr	CAR0003	29	122
figshare-osce	medasr	CAR0004	58	74
figshare-osce	medasr	CAR0005	18	70
figshare-osce	medasr	DER0001	114	120
figshare-osce	medasr	GAS0001	42	74
figshare-osce	medasr	GAS0002	6	73
figshare-osce	medasr	GAS0003	68	77
figshare-osce	medasr	GAS0004	61	75
figshare-osce	medasr	GAS0005	18	125
figshare-osce	medasr	GAS0007	58	60
figshare-osce	medasr	GEN0001	63	71
figshare-osce	medasr	MSK0001	15	112
figshare-osce	medasr	MSK0003	25	161
figshare-osce	medasr	MSK0004	12	116
figshare-osce	medasr	MSK0005	42	138
figshare-osce	medasr	MSK0006	58	194
figshare-osce	medasr	MSK0007	15	143
figshare-osce	medasr	MSK0008	23	154
figshare-osce	medasr	MSK0009	11	184
figshare-osce	medasr	MSK0010	14	142
figshare-osce	medasr	MSK0011	19	153
figshare-osce	medasr	MSK0012	32	163
figshare-osce	medasr	MSK0013	39	188
figshare-osce	medasr	MSK0014	8	171
figshare-osce	medasr	MSK0015	24	175
figshare-osce	medasr	MSK0016	79	216
figshare-osce	medasr	MSK0017	58	163
figshare-osce	medasr	MSK0018	12	94
figshare-osce	medasr	MSK0019	15	124
figshare-osce	medasr	MSK0020	24	179
figshare-osce	medasr	MSK0021	60	183
figshare-osce	medasr	MSK0022	15	210
figshare-osce	medasr	MSK0023	3	103
figshare-osce	medasr	MSK0024	32	117
figshare-osce	medasr	MSK0025	19	146
figshare-osce	medasr	MSK0026	34	138
figshare-osce	medasr	MSK0027	27	151
figshare-osce	medasr	MSK0028	20	157
figshare-osce	medasr	MSK0029	126	212
figshare-osce	medasr	MSK0031	29	132
figshare-osce	medasr	MSK0032	9	105
figshare-osce	medasr	MSK0033	16	141
figshare-osce	medasr	MSK0034	29	147
figshare-osce	medasr	MSK0035	41	169
figshare-osce	medasr	MSK0036	15	191
figshare-osce	medasr	MSK0037	5	174
figshare-osce	medasr	MSK0038	70	186
figshare-osce	medasr	MSK0039	29	124
figshare-osce	medasr	MSK0040	44	153
figshare-osce	medasr	MSK0041	55	176
figshare-osce	medasr	MSK0042	20	144
figshare-osce	medasr	MSK0043	34	173
figshare-osce	medasr	MSK0044	17	91
figshare-osce	medasr	MSK0045	41	123
figshare-osce	medasr	MSK0046	26	111
figshare-osce	medasr	MSK0049	48	149
figshare-osce	medasr	MSK0050	37	140
figshare-osce	medasr	RES0001	69	147
figshare-osce	medasr	RES0002	17	87
figshare-osce	medasr	RES0003	70	113
figshare-osce	medasr	RES0004	82	140
figshare-osce	medasr	RES0005	12	146
figshare-osce	medasr	RES0006	9	106
figshare-osce	medasr	RES0007	35	122
figshare-osce	medasr	RES0008	68	80
figshare-osce	medasr	RES0009	78	106
figshare-osce	medasr	RES0010	45	85
figshare-osce	medasr	RES0011	87	116
figshare-osce	medasr	RES0012	94	161
figshare-osce	medasr	RES0013	61	91
figshare-osce	medasr	RES0014	94	118
figshare-osce	medasr	RES0015	63	130
figshare-osce	medasr	RES0016	48	122
figshare-osce	medasr	RES0017	7	143
figshare-osce	medasr	RES0018	10	118
figshare-osce	medasr	RES0019	55	141
figshare-osce	medasr	RES0020	84	121
figshare-osce	medasr	RES0021	71	132
figshare-osce	medasr	RES0022	87	138
figshare-osce	medasr	RES0023	62	72
figshare-osce	medasr	RES0024	68	93
figshare-osce	medasr	RES0025	87	108
figshare-osce	medasr	RES0026	82	141
figshare-osce	medasr	RES0027	81	119
figshare-osce	medasr	RES0028	13	106
figshare-osce	medasr	RES0029	13	63
figshare-osce	medasr	RES0030	16	110
figshare-osce	medasr	RES0031	12	106
figshare-osce	medasr	RES0032	20	98
figshare-osce	medasr	RES0033	12	107
figshare-osce	medasr	RES0034	13	163
figshare-osce	medasr	RES0035	26	99
figshare-osce	medasr	RES0036	26	103
figshare-osce	medasr	RES0037	10	118
figshare-osce	medasr	RES0038	15	145
figshare-osce	medasr	RES0039	17	151
figshare-osce	medasr	RES0042	42	110
figshare-osce	medasr	RES0043	46	124
figshare-osce	medasr	RES0044	40	140
figshare-osce	medasr	RES0045	70	116
figshare-osce	medasr	RES0046	84	145
figshare-osce	medasr	RES0047	71	144
figshare-osce	medasr	RES0048	52	154
figshare-osce	medasr	RES0049	78	139
figshare-osce	medasr	RES0050	40	104
figshare-osce	medasr	RES0051	34	104
figshare-osce	medasr	RES0052	26	79
figshare-osce	medasr	RES0053	114	196
figshare-osce	medasr	RES0054	118	205
figshare-osce	medasr	RES0055	64	132
figshare-osce	medasr	RES0056	60	120
figshare-osce	medasr	RES0057	117	122
figshare-osce	medasr	RES0058	112	141
figshare-osce	medasr	RES0059	93	147
figshare-osce	medasr	RES0060	125	150
figshare-osce	medasr	RES0061	134	163
figshare-osce	medasr	RES0062	107	157
figshare-osce	medasr	RES0063	62	143
figshare-osce	medasr	RES0064	69	117
figshare-osce	medasr	RES0065	38	117
figshare-osce	medasr	RES0066	35	116
figshare-osce	medasr	RES0067	15	76
figshare-osce	medasr	RES0068	20	110
figshare-osce	medasr	RES0069	61	91
figshare-osce	medasr	RES0070	38	95
figshare-osce	medasr	RES0071	16	106
figshare-osce	medasr	RES0072	12	109
figshare-osce	medasr	RES0073	19	136
figshare-osce	medasr	RES0074	4	115
figshare-osce	medasr	RES0075	7	96
figshare-osce	medasr	RES0076	21	127
figshare-osce	medasr	RES0077	23	120
figshare-osce	medasr	RES0078	88	104
figshare-osce	medasr	RES0079	80	90
figshare-osce	medasr	RES0080	50	89
figshare-osce	medasr	RES0081	82	123
figshare-osce	medasr	RES0082	87	91
figshare-osce	medasr	RES0083	89	109
figshare-osce	medasr	RES0084	24	146
figshare-osce	medasr	RES0085	26	87
figshare-osce	medasr	RES0086	29	135
figshare-osce	medasr	RES0087	35	125
figshare-osce	medasr	RES0088	10	131
figshare-osce	medasr	RES0089	21	147
figshare-osce	medasr	RES0090	8	95
figshare-osce	medasr	RES0091	32	77
figshare-osce	medasr	RES0092	59	74
figshare-osce	medasr	RES0093	111	134
figshare-osce	medasr	RES0094	78	85
figshare-osce	medasr	RES0095	78	133
figshare-osce	medasr	RES0096	59	110
figshare-osce	medasr	RES0097	82	128
figshare-osce	medasr	RES0098	14	134
figshare-osce	medasr	RES0099	17	155
figshare-osce	medasr	RES0100	13	148
figshare-osce	medasr	RES0101	6	139
figshare-osce	medasr	RES0102	31	176
figshare-osce	medasr	RES0103	18	111
figshare-osce	medasr	RES0104	32	136
figshare-osce	medasr	RES0105	24	115
figshare-osce	medasr	RES0106	71	112
figshare-osce	medasr	RES0107	87	155
figshare-osce	medasr	RES0108	79	98
figshare-osce	medasr	RES0109	53	91
figshare-osce	medasr	RES0110	66	145
figshare-osce	medasr	RES0111	64	100
figshare-osce	medasr	RES0112	36	86
figshare-osce	medasr	RES0113	71	93
figshare-osce	medasr	RES0114	75	126
figshare-osce	medasr	RES0116	85	144
figshare-osce	medasr	RES0117	56	97
figshare-osce	medasr	RES0118	76	95
figshare-osce	medasr	RES0119	54	117
figshare-osce	medasr	RES0120	33	130
figshare-osce	medasr	RES0121	56	90
figshare-osce	medasr	RES0122	75	98
figshare-osce	medasr	RES0123	133	151
figshare-osce	medasr	RES0124	120	143
figshare-osce	medasr	RES0125	93	125
figshare-osce	medasr	RES0126	108	135
figshare-osce	medasr	RES0127	96	117
figshare-osce	medasr	RES0128	50	102
figshare-osce	medasr	RES0129	78	107
figshare-osce	medasr	RES0130	80	113
figshare-osce	medasr	RES0131	94	117
figshare-osce	medasr	RES0132	44	97
figshare-osce	medasr	RES0133	70	114
figshare-osce	medasr	RES0134	89	143
figshare-osce	medasr	RES0135	30	106
figshare-osce	medasr	RES0136	116	119
figshare-osce	medasr	RES0137	112	145
figshare-osce	medasr	RES0138	117	124
figshare-osce	medasr	RES0139	101	105
figshare-osce	medasr	RES0140	74	84
figshare-osce	medasr	RES0141	83	102
figshare-osce	medasr	RES0142	68	86
figshare-osce	medasr	RES0143	105	114
figshare-osce	medasr	RES0144	82	86
figshare-osce	medasr	RES0145	97	135
figshare-osce	medasr	RES0146	60	74
figshare-osce	medasr	RES0147	78	102
figshare-osce	medasr	RES0148	72	101
figshare-osce	medasr	RES0149	56	113
figshare-osce	medasr	RES0150	33	110
figshare-osce	medasr	RES0151	3	105
figshare-osce	medasr	RES0152	9	96
figshare-osce	medasr	RES0153	16	97
figshare-osce	medasr	RES0154	11	97
figshare-osce	medasr	RES0155	15	120
figshare-osce	medasr	RES0156	14	95
figshare-osce	medasr	RES0158	18	82
figshare-osce	medasr	RES0159	61	85
figshare-osce	medasr	RES0160	83	112
figshare-osce	medasr	RES0161	58	102
figshare-osce	medasr	RES0162	102	111
figshare-osce	medasr	RES0163	59	100
figshare-osce	medasr	RES0164	79	113
figshare-osce	medasr	RES0165	55	81
figshare-osce	medasr	RES0166	63	91
figshare-osce	medasr	RES0167	38	89
figshare-osce	medasr	RES0168	47	103
figshare-osce	medasr	RES0169	66	88
figshare-osce	medasr	RES0170	90	102
figshare-osce	medasr	RES0171	64	115
figshare-osce	medasr	RES0172	82	101
figshare-osce	medasr	RES0173	58	102
figshare-osce	medasr	RES0174	72	124
figshare-osce	medasr	RES0175	63	98
figshare-osce	medasr	RES0176	85	119
figshare-osce	medasr	RES0177	59	124
figshare-osce	medasr	RES0178	62	108
figshare-osce	medasr	RES0179	49	121
figshare-osce	medasr	RES0180	59	92
figshare-osce	medasr	RES0181	85	133
figshare-osce	medasr	RES0182	68	92
figshare-osce	medasr	RES0183	46	126
figshare-osce	medasr	RES0184	60	98
figshare-osce	medasr	RES0185	32	96
figshare-osce	medasr	RES0186	47	93
figshare-osce	medasr	RES0187	39	123
figshare-osce	medasr	RES0188	50	86
figshare-osce	medasr	RES0189	11	131
figshare-osce	medasr	RES0190	9	142
figshare-osce	medasr	RES0191	29	98
figshare-osce	medasr	RES0192	26	116
figshare-osce	medasr	RES0193	16	125
figshare-osce	medasr	RES0194	17	140
figshare-osce	medasr	RES0195	41	129
figshare-osce	medasr	RES0196	16	82
figshare-osce	medasr	RES0197	24	87
figshare-osce	medasr	RES0198	17	85
figshare-osce	medasr	RES0199	32	117
figshare-osce	medasr	RES0200	55	120
figshare-osce	medasr	RES0201	34	73
figshare-osce	medasr	RES0202	39	125
figshare-osce	medasr	RES0203	27	81
figshare-osce	medasr	RES0204	46	61
figshare-osce	medasr	RES0205	77	77
figshare-osce	medasr	RES0206	84	104
figshare-osce	medasr	RES0207	50	50
figshare-osce	medasr	RES0208	97	111
figshare-osce	medasr	RES0209	59	78
figshare-osce	medasr	RES0210	78	78
figshare-osce	medasr	RES0211	112	112
figshare-osce	medasr	RES0212	78	81
figshare-osce	medasr	RES0213	55	93
figshare-osce	medasr	RES0214	50	101
figshare-osce	medasr	RES0215	62	92
figshare-osce	medasr	RES0216	82	93
figshare-osce	medasr	RES0217	66	105
figshare-osce	medasr-int8	CAR0001	24	87
figshare-osce	medasr-int8	CAR0002	11	99
figshare-osce	medasr-int8	CAR0003	31	122
figshare-osce	medasr-int8	CAR0004	57	74
figshare-osce	medasr-int8	CAR0005	20	70
figshare-osce	medasr-int8	DER0001	116	120
figshare-osce	medasr-int8	GAS0001	44	74
figshare-osce	medasr-int8	GAS0002	7	73
figshare-osce	medasr-int8	GAS0003	68	77
figshare-osce	medasr-int8	GAS0004	60	75
figshare-osce	medasr-int8	GAS0005	18	125
figshare-osce	medasr-int8	GAS0007	58	60
figshare-osce	medasr-int8	GEN0001	63	71
figshare-osce	medasr-int8	MSK0001	15	112
figshare-osce	medasr-int8	MSK0003	22	161
figshare-osce	medasr-int8	MSK0004	10	116
figshare-osce	medasr-int8	MSK0005	41	138
figshare-osce	medasr-int8	MSK0006	59	194
figshare-osce	medasr-int8	MSK0007	16	143
figshare-osce	medasr-int8	MSK0008	25	154
figshare-osce	medasr-int8	MSK0009	11	184
figshare-osce	medasr-int8	MSK0010	13	142
figshare-osce	medasr-int8	MSK0011	18	153
figshare-osce	medasr-int8	MSK0012	31	163
figshare-osce	medasr-int8	MSK0013	40	188
figshare-osce	medasr-int8	MSK0014	11	171
figshare-osce	medasr-int8	MSK0015	25	175
figshare-osce	medasr-int8	MSK0016	82	216
figshare-osce	medasr-int8	MSK0017	61	163
figshare-osce	medasr-int8	MSK0018	12	94
figshare-osce	medasr-int8	MSK0019	15	124
figshare-osce	medasr-int8	MSK0020	22	179
figshare-osce	medasr-int8	MSK0021	60	183
figshare-osce	medasr-int8	MSK0022	14	210
figshare-osce	medasr-int8	MSK0023	3	103
figshare-osce	medasr-int8	MSK0024	32	117
figshare-osce	medasr-int8	MSK0025	18	146
figshare-osce	medasr-int8	MSK0026	35	138
figshare-osce	medasr-int8	MSK0027	28	151
figshare-osce	medasr-int8	MSK0028	16	157
figshare-osce	medasr-int8	MSK0029	128	212
figshare-osce	medasr-int8	MSK0031	33	132
figshare-osce	medasr-int8	MSK0032	9	105
figshare-osce	medasr-int8	MSK0033	17	141
figshare-osce	medasr-int8	MSK0034	29	147
figshare-osce	medasr-int8	MSK0035	44	169
figshare-osce	medasr-int8	MSK0036	16	191
figshare-osce	medasr-int8	MSK0037	5	174
figshare-osce	medasr-int8	MSK0038	71	186
figshare-osce	medasr-int8	MSK0039	31	124
figshare-osce	medasr-int8	MSK0040	47	153
figshare-osce	medasr-int8	MSK0041	57	176
figshare-osce	medasr-int8	MSK0042	19	144
figshare-osce	medasr-int8	MSK0043	33	173
figshare-osce	medasr-int8	MSK0044	19	91
figshare-osce	medasr-int8	MSK0045	43	123
figshare-osce	medasr-int8	MSK0046	30	111
figshare-osce	medasr-int8	MSK0049	47	149
figshare-osce	medasr-int8	MSK0050	36	140
figshare-osce	medasr-int8	RES0001	68	147
figshare-osce	medasr-int8	RES0002	19	87
figshare-osce	medasr-int8	RES0003	71	113
figshare-osce	medasr-int8	RES0004	84	140
figshare-osce	medasr-int8	RES0005	11	146
figshare-osce	medasr-int8	RES0006	10	106
figshare-osce	medasr-int8	RES0007	34	122
figshare-osce	medasr-int8	RES0008	65	80
figshare-osce	medasr-int8	RES0009	76	106
figshare-osce	medasr-int8	RES0010	47	85
figshare-osce	medasr-int8	RES0011	81	116
figshare-osce	medasr-int8	RES0012	93	161
figshare-osce	medasr-int8	RES0013	58	91
figshare-osce	medasr-int8	RES0014	94	118
figshare-osce	medasr-int8	RES0015	61	130
figshare-osce	medasr-int8	RES0016	47	122
figshare-osce	medasr-int8	RES0017	8	143
figshare-osce	medasr-int8	RES0018	10	118
figshare-osce	medasr-int8	RES0019	58	141
figshare-osce	medasr-int8	RES0020	84	121
figshare-osce	medasr-int8	RES0021	68	132
figshare-osce	medasr-int8	RES0022	84	138
figshare-osce	medasr-int8	RES0023	61	72
figshare-osce	medasr-int8	RES0024	68	93
figshare-osce	medasr-int8	RES0025	84	108
figshare-osce	medasr-int8	RES0026	80	141
figshare-osce	medasr-int8	RES0027	83	119
figshare-osce	medasr-int8	RES0028	14	106
figshare-osce	medasr-int8	RES0029	13	63
figshare-osce	medasr-int8	RES0030	13	110
figshare-osce	medasr-int8	RES0031	14	106
figshare-osce	medasr-int8	RES0032	19	98
figshare-osce	medasr-int8	RES0033	11	107
figshare-osce	medasr-int8	RES0034	13	163
figshare-osce	medasr-int8	RES0035	29	99
figshare-osce	medasr-int8	RES0036	28	103
figshare-osce	medasr-int8	RES0037	12	118
figshare-osce	medasr-int8	RES0038	14	145
figshare-osce	medasr-int8	RES0039	18	151
figshare-osce	medasr-int8	RES0042	37	110
figshare-osce	medasr-int8	RES0043	45	124
figshare-osce	medasr-int8	RES0044	37	140
figshare-osce	medasr-int8	RES0045	68	116
figshare-osce	medasr-int8	RES0046	84	145
figshare-osce	medasr-int8	RES0047	70	144
figshare-osce	medasr-int8	RES0048	51	154
figshare-osce	medasr-int8	RES0049	71	139
figshare-osce	medasr-int8	RES0050	36	104
figshare-osce	medasr-int8	RES0051	34	104
figshare-osce	medasr-int8	RES0052	25	79
figshare-osce	medasr-int8	RES0053	113	196
figshare-osce	medasr-int8	RES0054	116	205
figshare-osce	medasr-int8	RES0055	61	132
figshare-osce	medasr-int8	RES0056	61	120
figshare-osce	medasr-int8	RES0057	118	122
figshare-osce	medasr-int8	RES0058	112	141
figshare-osce	medasr-int8	RES0059	94	147
figshare-osce	medasr-int8	RES0060	125	150
figshare-osce	medasr-int8	RES0061	133	163
figshare-osce	medasr-int8	RES0062	106	157
figshare-osce	medasr-int8	RES0063	58	143
figshare-osce	medasr-int8	RES0064	61	117
figshare-osce	medasr-int8	RES0065	37	117
figshare-osce	medasr-int8	RES0066	34	116
figshare-osce	medasr-int8	RES0067	15	76
figshare-osce	medasr-int8	RES0068	19	110
figshare-osce	medasr-int8	RES0069	62	91
figshare-osce	medasr-int8	RES0070	40	95
figshare-osce	medasr-int8	RES0071	17	106
figshare-osce	medasr-int8	RES0072	12	109
figshare-osce	medasr-int8	RES0073	19	136
figshare-osce	medasr-int8	RES0074	3	115
figshare-osce	medasr-int8	RES0075	6	96
figshare-osce	medasr-int8	RES0076	21	127
figshare-osce	medasr-int8	RES0077	23	120
figshare-osce	medasr-int8	RES0078	87	104
figshare-osce	medasr-int8	RES0079	79	90
figshare-osce	medasr-int8	RES0080	49	89
figshare-osce	medasr-int8	RES0081	82	123
figshare-osce	medasr-int8	RES0082	83	91
figshare-osce	medasr-int8	RES0083	88	109
figshare-osce	medasr-int8	RES0084	27	146
figshare-osce	medasr-int8	RES0085	27	87
figshare-osce	medasr-int8	RES0086	29	135
figshare-osce	medasr-int8	RES0087	34	125
figshare-osce	medasr-int8	RES0088	10	131
figshare-osce	medasr-int8	RES0089	22	147
figshare-osce	medasr-int8	RES0090	7	95
figshare-osce	medasr-int8	RES0091	34	77
figshare-osce	medasr-int8	RES0092	59	74
figshare-osce	medasr-int8	RES0093	111	134
figshare-osce	medasr-int8	RES0094	77	85
figshare-osce	medasr-int8	RES0095	76	133
figshare-osce	medasr-int8	RES0096	58	110
figshare-osce	medasr-int8	RES0097	79	128
figshare-osce	medasr-int8	RES0098	14	134
figshare-osce	medasr-int8	RES0099	17	155
figshare-osce	medasr-int8	RES0100	13	148
figshare-osce	medasr-int8	RES0101	6	139
figshare-osce	medasr-int8	RES0102	30	176
figshare-osce	medasr-int8	RES0103	17	111
figshare-osce	medasr-int8	RES0104	30	136
figshare-osce	medasr-int8	RES0105	23	115
figshare-osce	medasr-int8	RES0106	69	112
figshare-osce	medasr-int8	RES0107	86	155
figshare-osce	medasr-int8	RES0108	80	98
figshare-osce	medasr-int8	RES0109	51	91
figshare-osce	medasr-int8	RES0110	62	145
figshare-osce	medasr-int8	RES0111	65	100
figshare-osce	medasr-int8	RES0112	36	86
figshare-osce	medasr-int8	RES0113	71	93
figshare-osce	medasr-int8	RES0114	76	126
figshare-osce	medasr-int8	RES0116	85	144
figshare-osce	medasr-int8	RES0117	57	97
figshare-osce	medasr-int8	RES0118	76	95
figshare-osce	medasr-int8	RES0119	55	117
figshare-osce	medasr-int8	RES0120	35	130
figshare-osce	medasr-int8	RES0121	55	90
figshare-osce	medasr-int8	RES0122	75	98
figshare-osce	medasr-int8	RES0123	131	151
figshare-osce	medasr-int8	RES0124	117	143
figshare-osce	medasr-int8	RES0125	94	125
figshare-osce	medasr-int8	RES0126	108	135
figshare-osce	medasr-int8	RES0127	96	117
figshare-osce	medasr-int8	RES0128	51	102
figshare-osce	medasr-int8	RES0129	77	107
figshare-osce	medasr-int8	RES0130	82	113
figshare-osce	medasr-int8	RES0131	94	117
figshare-osce	medasr-int8	RES0132	44	97
figshare-osce	medasr-int8	RES0133	70	114
figshare-osce	medasr-int8	RES0134	85	143
figshare-osce	medasr-int8	RES0135	27	106
figshare-osce	medasr-int8	RES0136	116	119
figshare-osce	medasr-int8	RES0137	111	145
figshare-osce	medasr-int8	RES0138	117	124
figshare-osce	medasr-int8	RES0139	101	105
figshare-osce	medasr-int8	RES0140	74	84
figshare-osce	medasr-int8	RES0141	83	102
figshare-osce	medasr-int8	RES0142	66	86
figshare-osce	medasr-int8	RES0143	105	114
figshare-osce	medasr-int8	RES0144	82	86
figshare-osce	medasr-int8	RES0145	98	135
figshare-osce	medasr-int8	RES0146	60	74
figshare-osce	medasr-int8	RES0147	78	102
figshare-osce	medasr-int8	RES0148	72	101
figshare-osce	medasr-int8	RES0149	59	113
figshare-osce	medasr-int8	RES0150	34	110
figshare-osce	medasr-int8	RES0151	6	105
figshare-osce	medasr-int8	RES0152	8	96
figshare-osce	medasr-int8	RES0153	17	97
figshare-osce	medasr-int8	RES0154	10	97
figshare-osce	medasr-int8	RES0155	15	120
figshare-osce	medasr-int8	RES0156	16	95
figshare-osce	medasr-int8	RES0158	19	82
figshare-osce	medasr-int8	RES0159	61	85
figshare-osce	medasr-int8	RES0160	86	112
figshare-osce	medasr-int8	RES0161	56	102
figshare-osce	medasr-int8	RES0162	102	111
figshare-osce	medasr-int8	RES0163	61	100
figshare-osce	medasr-int8	RES0164	75	113
figshare-osce	medasr-int8	RES0165	58	81
figshare-osce	medasr-int8	RES0166	63	91
figshare-osce	medasr-int8	RES0167	34	89
figshare-osce	medasr-int8	RES0168	44	103
figshare-osce	medasr-int8	RES0169	68	88
figshare-osce	medasr-int8	RES0170	87	102
figshare-osce	medasr-int8	RES0171	65	115
figshare-osce	medasr-int8	RES0172	82	101
figshare-osce	medasr-int8	RES0173	57	102
figshare-osce	medasr-int8	RES0174	72	124
figshare-osce	medasr-int8	RES0175	63	98
figshare-osce	medasr-int8	RES0176	82	119
figshare-osce	medasr-int8	RES0177	58	124
figshare-osce	medasr-int8	RES0178	58	108
figshare-osce	medasr-int8	RES0179	50	121
figshare-osce	medasr-int8	RES0180	60	92
figshare-osce	medasr-int8	RES0181	87	133
figshare-osce	medasr-int8	RES0182	64	92
figshare-osce	medasr-int8	RES0183	48	126
figshare-osce	medasr-int8	RES0184	59	98
figshare-osce	medasr-int8	RES0185	33	96
figshare-osce	medasr-int8	RES0186	47	93
figshare-osce	medasr-int8	RES0187	40	123
figshare-osce	medasr-int8	RES0188	51	86
figshare-osce	medasr-int8	RES0189	9	131
figshare-osce	medasr-int8	RES0190	11	142
figshare-osce	medasr-int8	RES0191	28	98
figshare-osce	medasr-int8	RES0192	25	116
figshare-osce	medasr-int8	RES0193	17	125
figshare-osce	medasr-int8	RES0194	17	140
figshare-osce	medasr-int8	RES0195	40	129
figshare-osce	medasr-int8	RES0196	16	82
figshare-osce	medasr-int8	RES0197	24	87
figshare-osce	medasr-int8	RES0198	16	85
figshare-osce	medasr-int8	RES0199	32	117
figshare-osce	medasr-int8	RES0200	54	120
figshare-osce	medasr-int8	RES0201	34	73
figshare-osce	medasr-int8	RES0202	39	125
figshare-osce	medasr-int8	RES0203	28	81
figshare-osce	medasr-int8	RES0204	47	61
figshare-osce	medasr-int8	RES0205	77	77
figshare-osce	medasr-int8	RES0206	80	104
figshare-osce	medasr-int8	RES0207	50	50
figshare-osce	medasr-int8	RES0208	94	111
figshare-osce	medasr-int8	RES0209	59	78
figshare-osce	medasr-int8	RES0210	78	78
figshare-osce	medasr-int8	RES0211	111	112
figshare-osce	medasr-int8	RES0212	78	81
figshare-osce	medasr-int8	RES0213	58	93
figshare-osce	medasr-int8	RES0214	46	101
figshare-osce	medasr-int8	RES0215	60	92
figshare-osce	medasr-int8	RES0216	81	93
figshare-osce	medasr-int8	RES0217	64	105
figshare-osce	nemo-fastconformer	CAR0001	18	87
figshare-osce	nemo-fastconformer	CAR0002	25	99
figshare-osce	nemo-fastconformer	CAR0003	29	122
figshare-osce	nemo-fastconformer	CAR0004	19	74
figshare-osce	nemo-fastconformer	CAR0005	12	70
figshare-osce	nemo-fastconformer	DER0001	41	120
figshare-osce	nemo-fastconformer	GAS0001	12	74
figshare-osce	nemo-fastconformer	GAS0002	11	73
figshare-osce	nemo-fastconformer	GAS0003	22	77
figshare-osce	nemo-fastconformer	GAS0004	12	75
figshare-osce	nemo-fastconformer	GAS0005	25	125
figshare-osce	nemo-fastconformer	GAS0007	22	60
figshare-osce	nemo-fastconformer	GEN0001	20	71
figshare-osce	nemo-fastconformer	MSK0001	23	112
figshare-osce	nemo-fastconformer	MSK0003	31	161
figshare-osce	nemo-fastconformer	MSK0004	15	116
figshare-osce	nemo-fastconformer	MSK0005	32	138
figshare-osce	nemo-fastconformer	MSK0006	48	194
figshare-osce	nemo-fastconformer	MSK0007	30	143
figshare-osce	nemo-fastconformer	MSK0008	31	154
figshare-osce	nemo-fastconformer	MSK0009	25	184
figshare-osce	nemo-fastconformer	MSK0010	13	142
figshare-osce	nemo-fastconformer	MSK0011	25	153
figshare-osce	nemo-fastconformer	MSK0012	35	163
figshare-osce	nemo-fastconformer	MSK0013	33	188
figshare-osce	nemo-fastconformer	MSK0014	33	171
figshare-osce	nemo-fastconformer	MSK0015	34	175
figshare-osce	nemo-fastconformer	MSK0016	46	216
figshare-osce	nemo-fastconformer	MSK0017	44	163
figshare-osce	nemo-fastconformer	MSK0018	23	94
figshare-osce	nemo-fastconformer	MSK0019	29	124
figshare-osce	nemo-fastconformer	MSK0020	37	179
figshare-osce	nemo-fastconformer	MSK0021	49	183
figshare-osce	nemo-fastconformer	MSK0022	33	210
figshare-osce	nemo-fastconformer	MSK0023	17	103
figshare-osce	nemo-fastconformer	MSK0024	19	117
figshare-osce	nemo-fastconformer	MSK0025	26	146
figshare-osce	nemo-fastconformer	MSK0026	22	138
figshare-osce	nemo-fastconformer	MSK0027	19	151
figshare-osce	nemo-fastconformer	MSK0028	24	157
figshare-osce	nemo-fastconformer	MSK0029	53	212
figshare-osce	nemo-fastconformer	MSK0031	31	132
figshare-osce	nemo-fastconformer	MSK0032	19	105
figshare-osce	nemo-fastconformer	MSK0033	27	141
figshare-osce	nemo-fastconformer	MSK0034	27	147
figshare-osce	nemo-fastconformer	MSK0035	35	169
figshare-osce	nemo-fastconformer	MSK0036	25	191
figshare-osce	nemo-fastconformer	MSK0037	25	174
figshare-osce	nemo-fastconformer	MSK0038	46	186
figshare-osce	nemo-fastconformer	MSK0039	22	124
figshare-osce	nemo-fastconformer	MSK0040	27	153
figshare-osce	nemo-fastconformer	MSK0041	37	176
figshare-osce	nemo-fastconformer	MSK0042	25	144
figshare-osce	nemo-fastconformer	MSK0043	44	173
figshare-osce	nemo-fastconformer	MSK0044	18	91
figshare-osce	nemo-fastconformer	MSK0045	29	123
figshare-osce	nemo-fastconformer	MSK0046	28	111
figshare-osce	nemo-fastconformer	MSK0049	25	149
figshare-osce	nemo-fastconformer	MSK0050	24	140
figshare-osce	nemo-fastconformer	RES0001	24	147
figshare-osce	nemo-fastconformer	RES0002	16	87
figshare-osce	nemo-fastconformer	RES0003	22	113
figshare-osce	nemo-fastconformer	RES0004	28	140
figshare-osce	nemo-fastconformer	RES0005	28	146
figshare-osce	nemo-fastconformer	RES0006	15	106
figshare-osce	nemo-fastconformer	RES0007	21	122
figshare-osce	nemo-fastconformer	RES0008	20	80
figshare-osce	nemo-fastconformer	RES0009	18	106
figshare-osce	nemo-fastconformer	RES0010	22	85
figshare-osce	nemo-fastconformer	RES0011	22	116
figshare-osce	nemo-fastconformer	RES0012	31	161
figshare-osce	nemo-fastconformer	RES0013	19	91
figshare-osce	nemo-fastconformer	RES0014	28	118
figshare-osce	nemo-fastconformer	RES0015	25	130
figshare-osce	nemo-fastconformer	RES0016	32	122
figshare-osce	nemo-fastconformer	RES0017	18	143
figshare-osce	nemo-fastconformer	RES0018	21	118
figshare-osce	nemo-fastconformer	RES0019	28	141
figshare-osce	nemo-fastconformer	RES0020	36	121
figshare-osce	nemo-fastconformer	RES0021	27	132
figshare-osce	nemo-fastconformer	RES0022	29	138
figshare-osce	nemo-fastconformer	RES0023	28	72
figshare-osce	nemo-fastconformer	RES0024	27	93
figshare-osce	nemo-fastconformer	RES0025	22	108
figshare-osce	nemo-fastconformer	RES0026	41	141
figshare-osce	nemo-fastconformer	RES0027	24	119
figshare-osce	nemo-fastconformer	RES0028	19	106
figshare-osce	nemo-fastconformer	RES0029	13	63
figshare-osce	nemo-fastconformer	RES0030	18	110
figshare-osce	nemo-fastconformer	RES0031	13	106
figshare-osce	nemo-fastconformer	RES0032	17	98
figshare-osce	nemo-fastconformer	RES0033	15	107
figshare-osce	nemo-fastconformer	RES0034	22	163
figshare-osce	nemo-fastconformer	RES0035	21	99
figshare-osce	nemo-fastconformer	RES0036	20	103
figshare-osce	nemo-fastconformer	RES0037	15	118
figshare-osce	nemo-fastconformer	RES0038	30	145
figshare-osce	nemo-fastconformer	RES0039	27	151
figshare-osce	nemo-fastconformer	RES0042	31	110
figshare-osce	nemo-fastconformer	RES0043	18	124
figshare-osce	nemo-fastconformer	RES0044	29	140
figshare-osce	nemo-fastconformer	RES0045	21	116
figshare-osce	nemo-fastconformer	RES0046	39	145
figshare-osce	nemo-fastconformer	RES0047	32	144
figshare-osce	nemo-fastconformer	RES0048	53	154
figshare-osce	nemo-fastconformer	RES0049	30	139
figshare-osce	nemo-fastconformer	RES0050	20	104
figshare-osce	nemo-fastconformer	RES0051	18	104
figshare-osce	nemo-fastconformer	RES0052	14	79
figshare-osce	nemo-fastconformer	RES0053	55	196
figshare-osce	nemo-fastconformer	RES0054	72	205
figshare-osce	nemo-fastconformer	RES0055	37	132
figshare-osce	nemo-fastconformer	RES0056	33	120
figshare-osce	nemo-fastconformer	RES0057	42	122
figshare-osce	nemo-fastconformer	RES0058	22	141
figshare-osce	nemo-fastconformer	RES0059	19	147
figshare-osce	nemo-fastconformer	RES0060	40	150
figshare-osce	nemo-fastconformer	RES0061	39	163
figshare-osce	nemo-fastconformer	RES0062	34	157
figshare-osce	nemo-fastconformer	RES0063	37	143
figshare-osce	nemo-fastconformer	RES0064	33	117
figshare-osce	nemo-fastconformer	RES0065	27	117
figshare-osce	nemo-fastconformer	RES0066	35	116
figshare-osce	nemo-fastconformer	RES0067	14	76
figshare-osce	nemo-fastconformer	RES0068	21	110
figshare-osce	nemo-fastconformer	RES0069	29	91
figshare-osce	nemo-fastconformer	RES0070	28	95
figshare-osce	nemo-fastconformer	RES0071	15	106
figshare-osce	nemo-fastconformer	RES0072	19	109
figshare-osce	nemo-fastconformer	RES0073	18	136
figshare-osce	nemo-fastconformer	RES0074	18	115
figshare-osce	nemo-fastconformer	RES0075	13	96
figshare-osce	nemo-fastconformer	RES0076	23	127
figshare-osce	nemo-fastconformer	RES0077	21	120
figshare-osce	nemo-fastconformer	RES0078	43	104
figshare-osce	nemo-fastconformer	RES0079	40	90
figshare-osce	nemo-fastconformer	RES0080	28	89
figshare-osce	nemo-fastconformer	RES0081	40	123
figshare-osce	nemo-fastconformer	RES0082	24	91
figshare-osce	nemo-fastconformer	RES0083	41	109
figshare-osce	nemo-fastconformer	RES0084	28	146
figshare-osce	nemo-fastconformer	RES0085	20	87
figshare-osce	nemo-fastconformer	RES0086	21	135
figshare-osce	nemo-fastconformer	RES0087	31	125
figshare-osce	nemo-fastconformer	RES0088	21	131
figshare-osce	nemo-fastconformer	RES0089	26	147
figshare-osce	nemo-fastconformer	RES0090	13	95
figshare-osce	nemo-fastconformer	RES0091	12	77
figshare-osce	nemo-fastconformer	RES0092	21	74
figshare-osce	nemo-fastconformer	RES0093	41	134
figshare-osce	nemo-fastconformer	RES0094	38	85
figshare-osce	nemo-fastconformer	RES0095	36	133
figshare-osce	nemo-fastconformer	RES0096	25	110
figshare-osce	nemo-fastconformer	RES0097	37	128
figshare-osce	nemo-fastconformer	RES0098	22	134
figshare-osce	nemo-fastconformer	RES0099	27	155
figshare-osce	nemo-fastconformer	RES0100	26	148
figshare-osce	nemo-fastconformer	RES0101	29	139
figshare-osce	nemo-fastconformer	RES0102	36	176
figshare-osce	nemo-fastconformer	RES0103	18	111
figshare-osce	nemo-fastconformer	RES0104	28	136
figshare-osce	nemo-fastconformer	RES0105	27	115
figshare-osce	nemo-fastconformer	RES0106	25	112
figshare-osce	nemo-fastconformer	RES0107	38	155
figshare-osce	nemo-fastconformer	RES0108	29	98
figshare-osce	nemo-fastconformer	RES0109	28	91
figshare-osce	nemo-fastconformer	RES0110	36	145
figshare-osce	nemo-fastconformer	RES0111	30	100
figshare-osce	nemo-fastconformer	RES0112	17	86
figshare-osce	nemo-fastconformer	RES0113	27	93
figshare-osce	nemo-fastconformer	RES0114	32	126
figshare-osce	nemo-fastconformer	RES0116	29	144
figshare-osce	nemo-fastconformer	RES0117	25	97
figshare-osce	nemo-fastconformer	RES0118	23	95
figshare-osce	nemo-fastconformer	RES0119	19	117
figshare-osce	nemo-fastconformer	RES0120	24	130
figshare-osce	nemo-fastconformer	RES0121	18	90
figshare-osce	nemo-fastconformer	RES0122	25	98
figshare-osce	nemo-fastconformer	RES0123	46	151
figshare-osce	nemo-fastconformer	RES0124	39	143
figshare-osce	nemo-fastconformer	RES0125	38	125
figshare-osce	nemo-fastconformer	RES0126	50	135
figshare-osce	nemo-fastconformer	RES0127	34	117
figshare-osce	nemo-fastconformer	RES0128	35	102
figshare-osce	nemo-fastconformer	RES0129	31	107
figshare-osce	nemo-fastconformer	RES0130	38	113
figshare-osce	nemo-fastconformer	RES0131	34	117
figshare-osce	nemo-fastconformer	RES0132	23	97
figshare-osce	nemo-fastconformer	RES0133	24	114
figshare-osce	nemo-fastconformer	RES0134	43	143
figshare-osce	nemo-fastconformer	RES0135	24	106
figshare-osce	nemo-fastconformer	RES0136	46	119
figshare-osce	nemo-fastconformer	RES0137	47	145
figshare-osce	nemo-fastconformer	RES0138	65	124
figshare-osce	nemo-fastconformer	RES0139	41	105
figshare-osce	nemo-fastconformer	RES0140	22	84
figshare-osce	nemo-fastconformer	RES0141	38	102
figshare-osce	nemo-fastconformer	RES0142	26	86
figshare-osce	nemo-fastconformer	RES0143	39	114
figshare-osce	nemo-fastconformer	RES0144	24	86
figshare-osce	nemo-fastconformer	RES0145	41	135
figshare-osce	nemo-fastconformer	RES0146	28	74
figshare-osce	nemo-fastconformer	RES0147	40	102
figshare-osce	nemo-fastconformer	RES0148	23	101
figshare-osce	nemo-fastconformer	RES0149	31	113
figshare-osce	nemo-fastconformer	RES0150	29	110
figshare-osce	nemo-fastconformer	RES0151	8	105
figshare-osce	nemo-fastconformer	RES0152	16	96
figshare-osce	nemo-fastconformer	RES0153	20	97
figshare-osce	nemo-fastconformer	RES0154	24	97
figshare-osce	nemo-fastconformer	RES0155	29	120
figshare-osce	nemo-fastconformer	RES0156	25	95
figshare-osce	nemo-fastconformer	RES0158	14	82
figshare-osce	nemo-fastconformer	RES0159	30	85
figshare-osce	nemo-fastconformer	RES0160	38	112
figshare-osce	nemo-fastconformer	RES0161	28	102
figshare-osce	nemo-fastconformer	RES0162	33	111
figshare-osce	nemo-fastconformer	RES0163	28	100
figshare-osce	nemo-fastconformer	RES0164	40	113
figshare-osce	nemo-fastconformer	RES0165	29	81
figshare-osce	nemo-fastconformer	RES0166	42	91
figshare-osce	nemo-fastconformer	RES0167	24	89
figshare-osce	nemo-fastconformer	RES0168	25	103
figshare-osce	nemo-fastconformer	RES0169	22	88
figshare-osce	nemo-fastconformer	RES0170	29	102
figshare-osce	nemo-fastconformer	RES0171	34	115
figshare-osce	nemo-fastconformer	RES0172	42	101
figshare-osce	nemo-fastconformer	RES0173	19	102
figshare-osce	nemo-fastconformer	RES0174	29	124
figshare-osce	nemo-fastconformer	RES0175	24	98
figshare-osce	nemo-fastconformer	RES0176	28	119
figshare-osce	nemo-fastconformer	RES0177	31	124
figshare-osce	nemo-fastconformer	RES0178	36	108
figshare-osce	nemo-fastconformer	RES0179	33	121
figshare-osce	nemo-fastconformer	RES0180	34	92
figshare-osce	nemo-fastconformer	RES0181	25	133
figshare-osce	nemo-fastconformer	RES0182	18	92
figshare-osce	nemo-fastconformer	RES0183	27	126
figshare-osce	nemo-fastconformer	RES0184	20	98
figshare-osce	nemo-fastconformer	RES0185	26	96
figshare-osce	nemo-fastconformer	RES0186	24	93
figshare-osce	nemo-fastconformer	RES0187	31	123
figshare-osce	nemo-fastconformer	RES0188	20	86
figshare-osce	nemo-fastconformer	RES0189	29	131
figshare-osce	nemo-fastconformer	RES0190	22	142
figshare-osce	nemo-fastconformer	RES0191	21	98
figshare-osce	nemo-fastconformer	RES0192	35	116
figshare-osce	nemo-fastconformer	RES0193	20	125
figshare-osce	nemo-fastconformer	RES0194	30	140
figshare-osce	nemo-fastconformer	RES0195	27	129
figshare-osce	nemo-fastconformer	RES0196	17	82
figshare-osce	nemo-fastconformer	RES0197	27	87
figshare-osce	nemo-fastconformer	RES0198	20	85
figshare-osce	nemo-fastconformer	RES0199	27	117
figshare-osce	nemo-fastconformer	RES0200	35	120
figshare-osce	nemo-fastconformer	RES0201	22	73
figshare-osce	nemo-fastconformer	RES0202	24	125
figshare-osce	nemo-fastconformer	RES0203	24	81
figshare-osce	nemo-fastconformer	RES0204	8	61
figshare-osce	nemo-fastconformer	RES0205	27	77
figshare-osce	nemo-fastconformer	RES0206	25	104
figshare-osce	nemo-fastconformer	RES0207	15	50
figshare-osce	nemo-fastconformer	RES0208	27	111
figshare-osce	nemo-fastconformer	RES0209	17	78
figshare-osce	nemo-fastconformer	RES0210	20	78
figshare-osce	nemo-fastconformer	RES0211	29	112
figshare-osce	nemo-fastconformer	RES0212	12	81
figshare-osce	nemo-fastconformer	RES0213	20	93
figshare-osce	nemo-fastconformer	RES0214	21	101
figshare-osce	nemo-fastconformer	RES0215	24	92
figshare-osce	nemo-fastconformer	RES0216	14	93
figshare-osce	nemo-fastconformer	RES0217	15	105
figshare-osce	nemo-fastconformer-int8	CAR0001	19	87
figshare-osce	nemo-fastconformer-int8	CAR0002	26	99
figshare-osce	nemo-fastconformer-int8	CAR0003	27	122
figshare-osce	nemo-fastconformer-int8	CAR0004	16	74
figshare-osce	nemo-fastconformer-int8	CAR0005	12	70
figshare-osce	nemo-fastconformer-int8	DER0001	43	120
figshare-osce	nemo-fastconformer-int8	GAS0001	11	74
figshare-osce	nemo-fastconformer-int8	GAS0002	11	73
figshare-osce	nemo-fastconformer-int8	GAS0003	25	77
figshare-osce	nemo-fastconformer-int8	GAS0004	15	75
figshare-osce	nemo-fastconformer-int8	GAS0005	31	125
figshare-osce	nemo-fastconformer-int8	GAS0007	24	60
figshare-osce	nemo-fastconformer-int8	GEN0001	28	71
figshare-osce	nemo-fastconformer-int8	MSK0001	21	112
figshare-osce	nemo-fastconformer-int8	MSK0003	33	161
figshare-osce	nemo-fastconformer-int8	MSK0004	18	116
figshare-osce	nemo-fastconformer-int8	MSK0005	38	138
figshare-osce	nemo-fastconformer-int8	MSK0006	54	194
figshare-osce	nemo-fastconformer-int8	MSK0007	33	143
figshare-osce	nemo-fastconformer-int8	MSK0008	35	154
figshare-osce	nemo-fastconformer-int8	MSK0009	32	184
figshare-osce	nemo-fastconformer-int8	MSK0010	13	142
figshare-osce	nemo-fastconformer-int8	MSK0011	27	153
figshare-osce	nemo-fastconformer-int8	MSK0012	36	163
figshare-osce	nemo-fastconformer-int8	MSK0013	38	188
figshare-osce	nemo-fastconformer-int8	MSK0014	29	171
figshare-osce	nemo-fastconformer-int8	MSK0015	35	175
figshare-osce	nemo-fastconformer-int8	MSK0016	48	216
figshare-osce	nemo-fastconformer-int8	MSK0017	45	163
figshare-osce	nemo-fastconformer-int8	MSK0018	22	94
figshare-osce	nemo-fastconformer-int8	MSK0019	34	124
figshare-osce	nemo-fastconformer-int8	MSK0020	42	179
figshare-osce	nemo-fastconformer-int8	MSK0021	43	183
figshare-osce	nemo-fastconformer-int8	MSK0022	40	210
figshare-osce	nemo-fastconformer-int8	MSK0023	20	103
figshare-osce	nemo-fastconformer-int8	MSK0024	21	117
figshare-osce	nemo-fastconformer-int8	MSK0025	32	146
figshare-osce	nemo-fastconformer-int8	MSK0026	23	138
figshare-osce	nemo-fastconformer-int8	MSK0027	23	151
figshare-osce	nemo-fastconformer-int8	MSK0028	23	157
figshare-osce	nemo-fastconformer-int8	MSK0029	61	212
figshare-osce	nemo-fastconformer-int8	MSK0031	34	132
figshare-osce	nemo-fastconformer-int8	MSK0032	23	105
figshare-osce	nemo-fastconformer-int8	MSK0033	25	141
figshare-osce	nemo-fastconformer-int8	MSK0034	29	147
figshare-osce	nemo-fastconformer-int8	MSK0035	34	169
figshare-osce	nemo-fastconformer-int8	MSK0036	33	191
figshare-osce	nemo-fastconformer-int8	MSK0037	30	174
figshare-osce	nemo-fastconformer-int8	MSK0038	48	186
figshare-osce	nemo-fastconformer-int8	MSK0039	24	124
figshare-osce	nemo-fastconformer-int8	MSK0040	28	153
figshare-osce	nemo-fastconformer-int8	MSK0041	41	176
figshare-osce	nemo-fastconformer-int8	MSK0042	31	144
figshare-osce	nemo-fastconformer-int8	MSK0043	52	173
figshare-osce	nemo-fastconformer-int8	MSK0044	25	91
figshare-osce	nemo-fastconformer-int8	MSK0045	30	123
figshare-osce	nemo-fastconformer-int8	MSK0046	33	111
figshare-osce	nemo-fastconformer-int8	MSK0049	25	149
figshare-osce	nemo-fastconformer-int8	MSK0050	28	140
figshare-osce	nemo-fastconformer-int8	RES0001	29	147
figshare-osce	nemo-fastconformer-int8	RES0002	15	87
figshare-osce	nemo-fastconformer-int8	RES0003	24	113
figshare-osce	nemo-fastconformer-int8	RES0004	28	140
figshare-osce	nemo-fastconformer-int8	RES0005	30	146
figshare-osce	nemo-fastconformer-int8	RES0006	16	106
figshare-osce	nemo-fastconformer-int8	RES0007	20	122
figshare-osce	nemo-fastconformer-int8	RES0008	19	80
figshare-osce	nemo-fastconformer-int8	RES0009	20	106
figshare-osce	nemo-fastconformer-int8	RES0010	22	85
figshare-osce	nemo-fastconformer-int8	RES0011	26	116
figshare-osce	nemo-fastconformer-int8	RES0012	34	161
figshare-osce	nemo-fastconformer-int8	RES0013	19	91
figshare-osce	nemo-fastconformer-int8	RES0014	26	118
figshare-osce	nemo-fastconformer-int8	RES0015	30	130
figshare-osce	nemo-fastconformer-int8	RES0016	25	122
figshare-osce	nemo-fastconformer-int8	RES0017	25	143
figshare-osce	nemo-fastconformer-int8	RES0018	24	118
figshare-osce	nemo-fastconformer-int8	RES0019	29	141
figshare-osce	nemo-fastconformer-int8	RES0020	33	121
figshare-osce	nemo-fastconformer-int8	RES0021	31	132
figshare-osce	nemo-fastconformer-int8	RES0022	35	138
figshare-osce	nemo-fastconformer-int8	RES0023	31	72
figshare-osce	nemo-fastconformer-int8	RES0024	26	93
figshare-osce	nemo-fastconformer-int8	RES0025	29	108
figshare-osce	nemo-fastconformer-int8	RES0026	40	141
figshare-osce	nemo-fastconformer-int8	RES0027	27	119
figshare-osce	nemo-fastconformer-int8	RES0028	22	106
figshare-osce	nemo-fastconformer-int8	RES0029	10	63
figshare-osce	nemo-fastconformer-int8	RES0030	20	110
figshare-osce	nemo-fastconformer-int8	RES0031	14	106
figshare-osce	nemo-fastconformer-int8	RES0032	20	98
figshare-osce	nemo-fastconformer-int8	RES0033	17	107
figshare-osce	nemo-fastconformer-int8	RES0034	22	163
figshare-osce	nemo-fastconformer-int8	RES0035	20	99
figshare-osce	nemo-fastconformer-int8	RES0036	19	103
figshare-osce	nemo-fastconformer-int8	RES0037	17	118
figshare-osce	nemo-fastconformer-int8	RES0038	33	145
figshare-osce	nemo-fastconformer-int8	RES0039	27	151
figshare-osce	nemo-fastconformer-int8	RES0042	35	110
figshare-osce	nemo-fastconformer-int8	RES0043	24	124
figshare-osce	nemo-fastconformer-int8	RES0044	36	140
figshare-osce	nemo-fastconformer-int8	RES0045	25	116
figshare-osce	nemo-fastconformer-int8	RES0046	44	145
figshare-osce	nemo-fastconformer-int8	RES0047	38	144
figshare-osce	nemo-fastconformer-int8	RES0048	42	154
figshare-osce	nemo-fastconformer-int8	RES0049	25	139
figshare-osce	nemo-fastconformer-int8	RES0050	22	104
figshare-osce	nemo-fastconformer-int8	RES0051	20	104
figshare-osce	nemo-fastconformer-int8	RES0052	14	79
figshare-osce	nemo-fastconformer-int8	RES0053	54	196
figshare-osce	nemo-fastconformer-int8	RES0054	74	205
figshare-osce	nemo-fastconformer-int8	RES0055	40	132
figshare-osce	nemo-fastconformer-int8	RES0056	29	120
figshare-osce	nemo-fastconformer-int8	RES0057	48	122
figshare-osce	nemo-fastconformer-int8	RES0058	27	141
figshare-osce	nemo-fastconformer-int8	RES0059	25	147
figshare-osce	nemo-fastconformer-int8	RES0060	45	150
figshare-osce	nemo-fastconformer-int8	RES0061	44	163
figshare-osce	nemo-fastconformer-int8	RES0062	36	157
figshare-osce	nemo-fastconformer-int8	RES0063	35	143
figshare-osce	nemo-fastconformer-int8	RES0064	32	117
figshare-osce	nemo-fastconformer-int8	RES0065	25	117
figshare-osce	nemo-fastconformer-int8	RES0066	32	116
figshare-osce	nemo-fastconformer-int8	RES0067	12	76
figshare-osce	nemo-fastconformer-int8	RES0068	22	110
figshare-osce	nemo-fastconformer-int8	RES0069	30	91
figshare-osce	nemo-fastconformer-int8	RES0070	26	95
figshare-osce	nemo-fastconformer-int8	RES0071	17	106
figshare-osce	nemo-fastconformer-int8	RES0072	20	109
figshare-osce	nemo-fastconformer-int8	RES0073	20	136
figshare-osce	nemo-fastconformer-int8	RES0074	22	115
figshare-osce	nemo-fastconformer-int8	RES0075	15	96
figshare-osce	nemo-fastconformer-int8	RES0076	29	127
figshare-osce	nemo-fastconformer-int8	RES0077	19	120
figshare-osce	nemo-fastconformer-int8	RES0078	54	104
figshare-osce	nemo-fastconformer-int8	RES0079	42	90
figshare-osce	nemo-fastconformer-int8	RES0080	27	89
figshare-osce	nemo-fastconformer-int8	RES0081	41	123
figshare-osce	nemo-fastconformer-int8	RES0082	26	91
figshare-osce	nemo-fastconformer-int8	RES0083	37	109
figshare-osce	nemo-fastconformer-int8	RES0084	25	146
figshare-osce	nemo-fastconformer-int8	RES0085	18	87
figshare-osce	nemo-fastconformer-int8	RES0086	25	135
figshare-osce	nemo-fastconformer-int8	RES0087	34	125
figshare-osce	nemo-fastconformer-int8	RES0088	18	131
figshare-osce	nemo-fastconformer-int8	RES0089	29	147
figshare-osce	nemo-fastconformer-int8	RES0090	11	95
figshare-osce	nemo-fastconformer-int8	RES0091	14	77
figshare-osce	nemo-fastconformer-int8	RES0092	22	74
figshare-osce	nemo-fastconformer-int8	RES0093	44	134
figshare-osce	nemo-fastconformer-int8	RES0094	39	85
figshare-osce	nemo-fastconformer-int8	RES0095	40	133
figshare-osce	nemo-fastconformer-int8	RES0096	27	110
figshare-osce	nemo-fastconformer-int8	RES0097	39	128
figshare-osce	nemo-fastconformer-int8	RES0098	21	134
figshare-osce	nemo-fastconformer-int8	RES0099	29	155
figshare-osce	nemo-fastconformer-int8	RES0100	27	148
figshare-osce	nemo-fastconformer-int8	RES0101	37	139
figshare-osce	nemo-fastconformer-int8	RES0102	42	176
figshare-osce	nemo-fastconformer-int8	RES0103	22	111
figshare-osce	nemo-fastconformer-int8	RES0104	31	136
figshare-osce	nemo-fastconformer-int8	RES0105	30	115
figshare-osce	nemo-fastconformer-int8	RES0106	22	112
figshare-osce	nemo-fastconformer-int8	RES0107	36	155
figshare-osce	nemo-fastconformer-int8	RES0108	33	98
figshare-osce	nemo-fastconformer-int8	RES0109	30	91
figshare-osce	nemo-fastconformer-int8	RES0110	37	145
figshare-osce	nemo-fastconformer-int8	RES0111	31	100
figshare-osce	nemo-fastconformer-int8	RES0112	19	86
figshare-osce	nemo-fastconformer-int8	RES0113	25	93
figshare-osce	nemo-fastconformer-int8	RES0114	31	126
figshare-osce	nemo-fastconformer-int8	RES0116	33	144
figshare-osce	nemo-fastconformer-int8	RES0117	28	97
figshare-osce	nemo-fastconformer-int8	RES0118	27	95
figshare-osce	nemo-fastconformer-int8	RES0119	22	117
figshare-osce	nemo-fastconformer-int8	RES0120	30	130
figshare-osce	nemo-fastconformer-int8	RES0121	23	90
figshare-osce	nemo-fastconformer-int8	RES0122	26	98
figshare-osce	nemo-fastconformer-int8	RES0123	51	151
figshare-osce	nemo-fastconformer-int8	RES0124	32	143
figshare-osce	nemo-fastconformer-int8	RES0125	43	125
figshare-osce	nemo-fastconformer-int8	RES0126	49	135
figshare-osce	nemo-fastconformer-int8	RES0127	30	117
figshare-osce	nemo-fastconformer-int8	RES0128	32	102
figshare-osce	nemo-fastconformer-int8	RES0129	36	107
figshare-osce	nemo-fastconformer-int8	RES0130	38	113
figshare-osce	nemo-fastconformer-int8	RES0131	33	117
figshare-osce	nemo-fastconformer-int8	RES0132	28	97
figshare-osce	nemo-fastconformer-int8	RES0133	25	114
figshare-osce	nemo-fastconformer-int8	RES0134	52	143
figshare-osce	nemo-fastconformer-int8	RES0135	20	106
figshare-osce	nemo-fastconformer-int8	RES0136	43	119
figshare-osce	nemo-fastconformer-int8	RES0137	42	145
figshare-osce	nemo-fastconformer-int8	RES0138	65	124
figshare-osce	nemo-fastconformer-int8	RES0139	46	105
figshare-osce	nemo-fastconformer-int8	RES0140	23	84
figshare-osce	nemo-fastconformer-int8	RES0141	35	102
figshare-osce	nemo-fastconformer-int8	RES0142	35	86
figshare-osce	nemo-fastconformer-int8	RES0143	37	114
figshare-osce	nemo-fastconformer-int8	RES0144	26	86
figshare-osce	nemo-fastconformer-int8	RES0145	41	135
figshare-osce	nemo-fastconformer-int8	RES0146	22	74
figshare-osce	nemo-fastconformer-int8	RES0147	34	102
figshare-osce	nemo-fastconformer-int8	RES0148	24	101
figshare-osce	nemo-fastconformer-int8	RES0149	29	113
figshare-osce	nemo-fastconformer-int8	RES0150	31	110
figshare-osce	nemo-fastconformer-int8	RES0151	8	105
figshare-osce	nemo-fastconformer-int8	RES0152	14	96
figshare-osce	nemo-fastconformer-int8	RES0153	22	97
figshare-osce	nemo-fastconformer-int8	RES0154	17	97
figshare-osce	nemo-fastconformer-int8	RES0155	27	120
figshare-osce	nemo-fastconformer-int8	RES0156	24	95
figshare-osce	nemo-fastconformer-int8	RES0158	16	82
figshare-osce	nemo-fastconformer-int8	RES0159	29	85
figshare-osce	nemo-fastconformer-int8	RES0160	46	112
figshare-osce	nemo-fastconformer-int8	RES0161	26	102
figshare-osce	nemo-fastconformer-int8	RES0162	38	111
figshare-osce	nemo-fastconformer-int8	RES0163	27	100
figshare-osce	nemo-fastconformer-int8	RES0164	41	113
figshare-osce	nemo-fastconformer-int8	RES0165	30	81
figshare-osce	nemo-fastconformer-int8	RES0166	42	91
figshare-osce	nemo-fastconformer-int8	RES0167	24	89
figshare-osce	nemo-fastconformer-int8	RES0168	33	103
figshare-osce	nemo-fastconformer-int8	RES0169	28	88
figshare-osce	nemo-fastconformer-int8	RES0170	31	102
figshare-osce	nemo-fastconformer-int8	RES0171	32	115
figshare-osce	nemo-fastconformer-int8	RES0172	49	101
figshare-osce	nemo-fastconformer-int8	RES0173	21	102
figshare-osce	nemo-fastconformer-int8	RES0174	31	124
figshare-osce	nemo-fastconformer-int8	RES0175	30	98
figshare-osce	nemo-fastconformer-int8	RES0176	22	119
figshare-osce	nemo-fastconformer-int8	RES0177	34	124
figshare-osce	nemo-fastconformer-int8	RES0178	37	108
figshare-osce	nemo-fastconformer-int8	RES0179	36	121
figshare-osce	nemo-fastconformer-int8	RES0180	32	92
figshare-osce	nemo-fastconformer-int8	RES0181	24	133
figshare-osce	nemo-fastconformer-int8	RES0182	20	92
figshare-osce	nemo-fastconformer-int8	RES0183	25	126
figshare-osce	nemo-fastconformer-int8	RES0184	24	98
figshare-osce	nemo-fastconformer-int8	RES0185	26	96
figshare-osce	nemo-fastconformer-int8	RES0186	31	93
figshare-osce	nemo-fastconformer-int8	RES0187	35	123
figshare-osce	nemo-fastconformer-int8	RES0188	21	86
figshare-osce	nemo-fastconformer-int8	RES0189	29	131
figshare-osce	nemo-fastconformer-int8	RES0190	32	142
figshare-osce	nemo-fastconformer-int8	RES0191	26	98
figshare-osce	nemo-fastconformer-int8	RES0192	30	116
figshare-osce	nemo-fastconformer-int8	RES0193	19	125
figshare-osce	nemo-fastconformer-int8	RES0194	29	140
figshare-osce	nemo-fastconformer-int8	RES0195	27	129
figshare-osce	nemo-fastconformer-int8	RES0196	20	82
figshare-osce	nemo-fastconformer-int8	RES0197	29	87
figshare-osce	nemo-fastconformer-int8	RES0198	20	85
figshare-osce	nemo-fastconformer-int8	RES0199	25	117
figshare-osce	nemo-fastconformer-int8	RES0200	36	120
figshare-osce	nemo-fastconformer-int8	RES0201	17	73
figshare-osce	nemo-fastconformer-int8	RES0202	24	125
figshare-osce	nemo-fastconformer-int8	RES0203	26	81
figshare-osce	nemo-fastconformer-int8	RES0204	10	61
figshare-osce	nemo-fastconformer-int8	RES0205	30	77
figshare-osce	nemo-fastconformer-int8	RES0206	25	104
figshare-osce	nemo-fastconformer-int8	RES0207	14	50
figshare-osce	nemo-fastconformer-int8	RES0208	23	111
figshare-osce	nemo-fastconformer-int8	RES0209	17	78
figshare-osce	nemo-fastconformer-int8	RES0210	21	78
figshare-osce	nemo-fastconformer-int8	RES0211	36	112
figshare-osce	nemo-fastconformer-int8	RES0212	16	81
figshare-osce	nemo-fastconformer-int8	RES0213	24	93
figshare-osce	nemo-fastconformer-int8	RES0214	20	101
figshare-osce	nemo-fastconformer-int8	RES0215	22	92
figshare-osce	nemo-fastconformer-int8	RES0216	13	93
figshare-osce	nemo-fastconformer-int8	RES0217	20	105
figshare-osce	nemotron	CAR0001	22	87
figshare-osce	nemotron	CAR0002	45	99
figshare-osce	nemotron	CAR0003	39	122
figshare-osce	nemotron	CAR0004	23	74
figshare-osce	nemotron	CAR0005	30	70
figshare-osce	nemotron	DER0001	53	120
figshare-osce	nemotron	GAS0001	42	74
figshare-osce	nemotron	GAS0002	22	73
figshare-osce	nemotron	GAS0003	36	77
figshare-osce	nemotron	GAS0004	37	75
figshare-osce	nemotron	GAS0005	38	125
figshare-osce	nemotron	GAS0007	32	60
figshare-osce	nemotron	GEN0001	41	71
figshare-osce	nemotron	MSK0001	36	112
figshare-osce	nemotron	MSK0003	63	161
figshare-osce	nemotron	MSK0004	41	116
figshare-osce	nemotron	MSK0005	55	138
figshare-osce	nemotron	MSK0006	93	194
figshare-osce	nemotron	MSK0007	39	143
figshare-osce	nemotron	MSK0008	49	154
figshare-osce	nemotron	MSK0009	63	184
figshare-osce	nemotron	MSK0010	51	142
figshare-osce	nemotron	MSK0011	63	153
figshare-osce	nemotron	MSK0012	64	163
figshare-osce	nemotron	MSK0013	50	188
figshare-osce	nemotron	MSK0014	59	171
figshare-osce	nemotron	MSK0015	58	175
figshare-osce	nemotron	MSK0016	65	216
figshare-osce	nemotron	MSK0017	72	163
figshare-osce	nemotron	MSK0018	35	94
figshare-osce	nemotron	MSK0019	58	124
figshare-osce	nemotron	MSK0020	70	179
figshare-osce	nemotron	MSK0021	77	183
figshare-osce	nemotron	MSK0022	75	210
figshare-osce	nemotron	MSK0023	36	103
figshare-osce	nemotron	MSK0024	47	117
figshare-osce	nemotron	MSK0025	50	146
figshare-osce	nemotron	MSK0026	70	138
figshare-osce	nemotron	MSK0027	45	151
figshare-osce	nemotron	MSK0028	52	157
figshare-osce	nemotron	MSK0029	107	212
figshare-osce	nemotron	MSK0031	60	132
figshare-osce	nemotron	MSK0032	33	105
figshare-osce	nemotron	MSK0033	41	141
figshare-osce	nemotron	MSK0034	60	147
figshare-osce	nemotron	MSK0035	65	169
figshare-osce	nemotron	MSK0036	78	191
figshare-osce	nemotron	MSK0037	56	174
figshare-osce	nemotron	MSK0038	71	186
figshare-osce	nemotron	MSK0039	38	124
figshare-osce	nemotron	MSK0040	58	153
figshare-osce	nemotron	MSK0041	74	176
figshare-osce	nemotron	MSK0042	56	144
figshare-osce	nemotron	MSK0043	64	173
figshare-osce	nemotron	MSK0044	38	91
figshare-osce	nemotron	MSK0045	51	123
figshare-osce	nemotron	MSK0046	50	111
figshare-osce	nemotron	MSK0049	57	149
figshare-osce	nemotron	MSK0050	60	140
figshare-osce	nemotron	RES0001	37	147
figshare-osce	nemotron	RES0002	27	87
figshare-osce	nemotron	RES0003	45	113
figshare-osce	nemotron	RES0004	44	140
figshare-osce	nemotron	RES0005	46	146
figshare-osce	nemotron	RES0006	32	106
figshare-osce	nemotron	RES0007	48	122
figshare-osce	nemotron	RES0008	32	80
figshare-osce	nemotron	RES0009	46	106
figshare-osce	nemotron	RES0010	49	85
figshare-osce	nemotron	RES0011	41	116
figshare-osce	nemotron	RES0012	72	161
figshare-osce	nemotron	RES0013	43	91
figshare-osce	nemotron	RES0014	53	118
figshare-osce	nemotron	RES0015	51	130
figshare-osce	nemotron	RES0016	47	122
figshare-osce	nemotron	RES0017	51	143
figshare-osce	nemotron	RES0018	46	118
figshare-osce	nemotron	RES0019	56	141
figshare-osce	nemotron	RES0020	47	121
figshare-osce	nemotron	RES0021	46	132
figshare-osce	nemotron	RES0022	62	138
figshare-osce	nemotron	RES0023	37	72
figshare-osce	nemotron	RES0024	41	93
figshare-osce	nemotron	RES0025	44	108
figshare-osce	nemotron	RES0026	49	141
figshare-osce	nemotron	RES0027	51	119
figshare-osce	nemotron	RES0028	44	106
figshare-osce	nemotron	RES0029	24	63
figshare-osce	nemotron	RES0030	46	110
figshare-osce	nemotron	RES0031	38	106
figshare-osce	nemotron	RES0032	26	98
figshare-osce	nemotron	RES0033	39	107
figshare-osce	nemotron	RES0034	48	163
figshare-osce	nemotron	RES0035	38	99
figshare-osce	nemotron	RES0036	32	103
figshare-osce	nemotron	RES0037	50	118
figshare-osce	nemotron	RES0038	53	145
figshare-osce	nemotron	RES0039	65	151
figshare-osce	nemotron	RES0042	44	110
figshare-osce	nemotron	RES0043	48	124
figshare-osce	nemotron	RES0044	46	140
figshare-osce	nemotron	RES0045	42	116
figshare-osce	nemotron	RES0046	55	145
figshare-osce	nemotron	RES0047	68	144
figshare-osce	nemotron	RES0048	62	154
figshare-osce	nemotron	RES0049	52	139
figshare-osce	nemotron	RES0050	37	104
figshare-osce	nemotron	RES0051	48	104
figshare-osce	nemotron	RES0052	28	79
figshare-osce	nemotron	RES0053	84	196
figshare-osce	nemotron	RES0054	91	205
figshare-osce	nemotron	RES0055	60	132
figshare-osce	nemotron	RES0056	61	120
figshare-osce	nemotron	RES0057	60	122
figshare-osce	nemotron	RES0058	58	141
figshare-osce	nemotron	RES0059	39	147
figshare-osce	nemotron	RES0060	64	150
figshare-osce	nemotron	RES0061	64	163
figshare-osce	nemotron	RES0062	75	157
figshare-osce	nemotron	RES0063	62	143
figshare-osce	nemotron	RES0064	50	117
figshare-osce	nemotron	RES0065	48	117
figshare-osce	nemotron	RES0066	53	116
figshare-osce	nemotron	RES0067	26	76
figshare-osce	nemotron	RES0068	51	110
figshare-osce	nemotron	RES0069	36	91
figshare-osce	nemotron	RES0070	47	95
figshare-osce	nemotron	RES0071	47	106
figshare-osce	nemotron	RES0072	37	109
figshare-osce	nemotron	RES0073	46	136
figshare-osce	nemotron	RES0074	38	115
figshare-osce	nemotron	RES0075	38	96
figshare-osce	nemotron	RES0076	58	127
figshare-osce	nemotron	RES0077	53	120
figshare-osce	nemotron	RES0078	46	104
figshare-osce	nemotron	RES0079	46	90
figshare-osce	nemotron	RES0080	29	89
figshare-osce	nemotron	RES0081	49	123
figshare-osce	nemotron	RES0082	41	91
figshare-osce	nemotron	RES0083	38	109
figshare-osce	nemotron	RES0084	48	146
figshare-osce	nemotron	RES0085	28	87
figshare-osce	nemotron	RES0086	52	135
figshare-osce	nemotron	RES0087	49	125
figshare-osce	nemotron	RES0088	52	131
figshare-osce	nemotron	RES0089	66	147
figshare-osce	nemotron	RES0090	43	95
figshare-osce	nemotron	RES0091	33	77
figshare-osce	nemotron	RES0092	27	74
figshare-osce	nemotron	RES0093	62	134
figshare-osce	nemotron	RES0094	29	85
figshare-osce	nemotron	RES0095	68	133
figshare-osce	nemotron	RES0096	44	110
figshare-osce	nemotron	RES0097	36	128
figshare-osce	nemotron	RES0098	40	134
figshare-osce	nemotron	RES0099	61	155
figshare-osce	nemotron	RES0100	51	148
figshare-osce	nemotron	RES0101	54	139
figshare-osce	nemotron	RES0102	66	176
figshare-osce	nemotron	RES0103	45	111
figshare-osce	nemotron	RES0104	56	136
figshare-osce	nemotron	RES0105	48	115
figshare-osce	nemotron	RES0106	43	112
figshare-osce	nemotron	RES0107	63	155
figshare-osce	nemotron	RES0108	39	98
figshare-osce	nemotron	RES0109	30	91
figshare-osce	nemotron	RES0110	63	145
figshare-osce	nemotron	RES0111	55	100
figshare-osce	nemotron	RES0112	34	86
figshare-osce	nemotron	RES0113	41	93
figshare-osce	nemotron	RES0114	54	126
figshare-osce	nemotron	RES0116	57	144
figshare-osce	nemotron	RES0117	42	97
figshare-osce	nemotron	RES0118	46	95
figshare-osce	nemotron	RES0119	38	117
figshare-osce	nemotron	RES0120	57	130
figshare-osce	nemotron	RES0121	38	90
figshare-osce	nemotron	RES0122	39	98
figshare-osce	nemotron	RES0123	65	151
figshare-osce	nemotron	RES0124	51	143
figshare-osce	nemotron	RES0125	43	125
figshare-osce	nemotron	RES0126	58	135
figshare-osce	nemotron	RES0127	44	117
figshare-osce	nemotron	RES0128	38	102
figshare-osce	nemotron	RES0129	46	107
figshare-osce	nemotron	RES0130	43	113
figshare-osce	nemotron	RES0131	47	117
figshare-osce	nemotron	RES0132	34	97
figshare-osce	nemotron	RES0133	40	114
figshare-osce	nemotron	RES0134	60	143
figshare-osce	nemotron	RES0135	35	106
figshare-osce	nemotron	RES0136	60	119
figshare-osce	nemotron	RES0137	55	145
figshare-osce	nemotron	RES0138	56	124
figshare-osce	nemotron	RES0139	39	105
figshare-osce	nemotron	RES0140	41	84
figshare-osce	nemotron	RES0141	49	102
figshare-osce	nemotron	RES0142	45	86
figshare-osce	nemotron	RES0143	54	114
figshare-osce	nemotron	RES0144	25	86
figshare-osce	nemotron	RES0145	63	135
figshare-osce	nemotron	RES0146	38	74
figshare-osce	nemotron	RES0147	53	102
figshare-osce	nemotron	RES0148	43	101
figshare-osce	nemotron	RES0149	37	113
figshare-osce	nemotron	RES0150	41	110
figshare-osce	nemotron	RES0151	41	105
figshare-osce	nemotron	RES0152	34	96
figshare-osce	nemotron	RES0153	40	97
figshare-osce	nemotron	RES0154	41	97
figshare-osce	nemotron	RES0155	40	120
figshare-osce	nemotron	RES0156	41	95
figshare-osce	nemotron	RES0158	31	82
figshare-osce	nemotron	RES0159	50	85
figshare-osce	nemotron	RES0160	47	112
figshare-osce	nemotron	RES0161	44	102
figshare-osce	nemotron	RES0162	51	111
figshare-osce	nemotron	RES0163	45	100
figshare-osce	nemotron	RES0164	51	113
figshare-osce	nemotron	RES0165	40	81
figshare-osce	nemotron	RES0166	49	91
figshare-osce	nemotron	RES0167	51	89
figshare-osce	nemotron	RES0168	49	103
figshare-osce	nemotron	RES0169	33	88
figshare-osce	nemotron	RES0170	40	102
figshare-osce	nemotron	RES0171	60	115
figshare-osce	nemotron	RES0172	54	101
figshare-osce	nemotron	RES0173	32	102
figshare-osce	nemotron	RES0174	50	124
figshare-osce	nemotron	RES0175	34	98
figshare-osce	nemotron	RES0176	34	119
figshare-osce	nemotron	RES0177	50	124
figshare-osce	nemotron	RES0178	45	108
figshare-osce	nemotron	RES0179	46	121
figshare-osce	nemotron	RES0180	37	92
figshare-osce	nemotron	RES0181	49	133
figshare-osce	nemotron	RES0182	36	92
figshare-osce	nemotron	RES0183	56	126
figshare-osce	nemotron	RES0184	40	98
figshare-osce	nemotron	RES0185	31	96
figshare-osce	nemotron	RES0186	26	93
figshare-osce	nemotron	RES0187	40	123
figshare-osce	nemotron	RES0188	32	86
figshare-osce	nemotron	RES0189	45	131
figshare-osce	nemotron	RES0190	58	142
figshare-osce	nemotron	RES0191	39	98
figshare-osce	nemotron	RES0192	48	116
figshare-osce	nemotron	RES0193	54	125
figshare-osce	nemotron	RES0194	55	140
figshare-osce	nemotron	RES0195	68	129
figshare-osce	nemotron	RES0196	33	82
figshare-osce	nemotron	RES0197	38	87
figshare-osce	nemotron	RES0198	37	85
figshare-osce	nemotron	RES0199	40	117
figshare-osce	nemotron	RES0200	56	120
figshare-osce	nemotron	RES0201	32	73
figshare-osce	nemotron	RES0202	58	125
figshare-osce	nemotron	RES0203	32	81
figshare-osce	nemotron	RES0204	26	61
figshare-osce	nemotron	RES0205	34	77
figshare-osce	nemotron	RES0206	50	104
figshare-osce	nemotron	RES0207	22	50
figshare-osce	nemotron	RES0208	58	111
figshare-osce	nemotron	RES0209	41	78
figshare-osce	nemotron	RES0210	29	78
figshare-osce	nemotron	RES0211	48	112
figshare-osce	nemotron	RES0212	22	81
figshare-osce	nemotron	RES0213	35	93
figshare-osce	nemotron	RES0214	39	101
figshare-osce	nemotron	RES0215	40	92
figshare-osce	nemotron	RES0216	53	93
figshare-osce	nemotron	RES0217	48	105
figshare-osce	paraformer-en	CAR0001	12	87
figshare-osce	paraformer-en	CAR0002	21	99
figshare-osce	paraformer-en	CAR0003	30	122
figshare-osce	paraformer-en	CAR0004	15	74
figshare-osce	paraformer-en	CAR0005	12	70
figshare-osce	paraformer-en	DER0001	29	120
figshare-osce	paraformer-en	GAS0001	24	74
figshare-osce	paraformer-en	GAS0002	11	73
figshare-osce	paraformer-en	GAS0003	25	77
figshare-osce	paraformer-en	GAS0004	21	75
figshare-osce	paraformer-en	GAS0005	27	125
figshare-osce	paraformer-en	GAS0007	20	60
figshare-osce	paraformer-en	GEN0001	12	71
figshare-osce	paraformer-en	MSK0001	24	112
figshare-osce	paraformer-en	MSK0003	38	161
figshare-osce	paraformer-en	MSK0004	23	116
figshare-osce	paraformer-en	MSK0005	36	138
figshare-osce	paraformer-en	MSK0006	57	194
figshare-osce	paraformer-en	MSK0007	28	143
figshare-osce	paraformer-en	MSK0008	33	154
figshare-osce	paraformer-en	MSK0009	35	184
figshare-osce	paraformer-en	MSK0010	18	142
figshare-osce	paraformer-en	MSK0011	23	153
figshare-osce	paraformer-en	MSK0012	36	163
figshare-osce	paraformer-en	MSK0013	36	188
figshare-osce	paraformer-en	MSK0014	27	171
figshare-osce	paraformer-en	MSK0015	31	175
figshare-osce	paraformer-en	MSK0016	36	216
figshare-osce	paraformer-en	MSK0017	41	163
figshare-osce	paraformer-en	MSK0018	21	94
figshare-osce	paraformer-en	MSK0019	31	124
figshare-osce	paraformer-en	MSK0020	42	179
figshare-osce	paraformer-en	MSK0021	42	183
figshare-osce	paraformer-en	MSK0022	25	210
figshare-osce	paraformer-en	MSK0023	11	103
figshare-osce	paraformer-en	MSK0024	16	117
figshare-osce	paraformer-en	MSK0025	22	146
figshare-osce	paraformer-en	MSK0026	34	138
figshare-osce	paraformer-en	MSK0027	14	151
figshare-osce	paraformer-en	MSK0028	27	157
figshare-osce	paraformer-en	MSK0029	49	212
figshare-osce	paraformer-en	MSK0031	30	132
figshare-osce	paraformer-en	MSK0032	20	105
figshare-osce	paraformer-en	MSK0033	26	141
figshare-osce	paraformer-en	MSK0034	24	147
figshare-osce	paraformer-en	MSK0035	27	169
figshare-osce	paraformer-en	MSK0036	40	191
figshare-osce	paraformer-en	MSK0037	22	174
figshare-osce	paraformer-en	MSK0038	38	186
figshare-osce	paraformer-en	MSK0039	33	124
figshare-osce	paraformer-en	MSK0040	19	153
figshare-osce	paraformer-en	MSK0041	39	176
figshare-osce	paraformer-en	MSK0042	40	144
figshare-osce	paraformer-en	MSK0043	49	173
figshare-osce	paraformer-en	MSK0044	30	91
figshare-osce	paraformer-en	MSK0045	27	123
figshare-osce	paraformer-en	MSK0046	31	111
figshare-osce	paraformer-en	MSK0049	24	149
figshare-osce	paraformer-en	MSK0050	21	140
figshare-osce	paraformer-en	RES0001	23	147
figshare-osce	paraformer-en	RES0002	9	87
figshare-osce	paraformer-en	RES0003	17	113
figshare-osce	paraformer-en	RES0004	26	140
figshare-osce	paraformer-en	RES0005	28	146
figshare-osce	paraformer-en	RES0006	19	106
figshare-osce	paraformer-en	RES0007	25	122
figshare-osce	paraformer-en	RES0008	16	80
figshare-osce	paraformer-en	RES0009	24	106
figshare-osce	paraformer-en	RES0010	24	85
figshare-osce	paraformer-en	RES0011	23	116
figshare-osce	paraformer-en	RES0012	46	161
figshare-osce	paraformer-en	RES0013	18	91
figshare-osce	paraformer-en	RES0014	24	118
figshare-osce	paraformer-en	RES0015	24	130
figshare-osce	paraformer-en	RES0016	16	122
figshare-osce	paraformer-en	RES0017	19	143
figshare-osce	paraformer-en	RES0018	26	118
figshare-osce	paraformer-en	RES0019	15	141
figshare-osce	paraformer-en	RES0020	29	121
figshare-osce	paraformer-en	RES0021	23	132
figshare-osce	paraformer-en	RES0022	25	138
figshare-osce	paraformer-en	RES0023	24	72
figshare-osce	paraformer-en	RES0024	19	93
figshare-osce	paraformer-en	RES0025	30	108
figshare-osce	paraformer-en	RES0026	31	141
figshare-osce	paraformer-en	RES0027	22	119
figshare-osce	paraformer-en	RES0028	24	106
figshare-osce	paraformer-en	RES0029	16	63
figshare-osce	paraformer-en	RES0030	25	110
figshare-osce	paraformer-en	RES0031	15	106
figshare-osce	paraformer-en	RES0032	15	98
figshare-osce	paraformer-en	RES0033	20	107
figshare-osce	paraformer-en	RES0034	29	163
figshare-osce	paraformer-en	RES0035	23	99
figshare-osce	paraformer-en	RES0036	19	103
figshare-osce	paraformer-en	RES0037	16	118
figshare-osce	paraformer-en	RES0038	38	145
figshare-osce	paraformer-en	RES0039	26	151
figshare-osce	paraformer-en	RES0042	32	110
figshare-osce	paraformer-en	RES0043	31	124
figshare-osce	paraformer-en	RES0044	35	140
figshare-osce	paraformer-en	RES0045	18	116
figshare-osce	paraformer-en	RES0046	34	145
figshare-osce	paraformer-en	RES0047	26	144
figshare-osce	paraformer-en	RES0048	48	154
figshare-osce	paraformer-en	RES0049	37	139
figshare-osce	paraformer-en	RES0050	11	104
figshare-osce	paraformer-en	RES0051	14	104
figshare-osce	paraformer-en	RES0052	20	79
figshare-osce	paraformer-en	RES0053	41	196
figshare-osce	paraformer-en	RES0054	69	205
figshare-osce	paraformer-en	RES0055	38	132
figshare-osce	paraformer-en	RES0056	30	120
figshare-osce	paraformer-en	RES0057	32	122
figshare-osce	paraformer-en	RES0058	22	141
figshare-osce	paraformer-en	RES0059	29	147
figshare-osce	paraformer-en	RES0060	26	150
figshare-osce	paraformer-en	RES0061	31	163
figshare-osce	paraformer-en	RES0062	35	157
figshare-osce	paraformer-en	RES0063	36	143
figshare-osce	paraformer-en	RES0064	27	117
figshare-osce	paraformer-en	RES0065	33	117
figshare-osce	paraformer-en	RES0066	33	116
figshare-osce	paraformer-en	RES0067	12	76
figshare-osce	paraformer-en	RES0068	13	110
figshare-osce	paraformer-en	RES0069	27	91
figshare-osce	paraformer-en	RES0070	22	95
figshare-osce	paraformer-en	RES0071	20	106
figshare-osce	paraformer-en	RES0072	17	109
figshare-osce	paraformer-en	RES0073	24	136
figshare-osce	paraformer-en	RES0074	26	115
figshare-osce	paraformer-en	RES0075	21	96
figshare-osce	paraformer-en	RES0076	28	127
figshare-osce	paraformer-en	RES0077	29	120
figshare-osce	paraformer-en	RES0078	29	104
figshare-osce	paraformer-en	RES0079	31	90
figshare-osce	paraformer-en	RES0080	16	89
figshare-osce	paraformer-en	RES0081	29	123
figshare-osce	paraformer-en	RES0082	20	91
figshare-osce	paraformer-en	RES0083	32	109
figshare-osce	paraformer-en	RES0084	18	146
figshare-osce	paraformer-en	RES0085	20	87
figshare-osce	paraformer-en	RES0086	30	135
figshare-osce	paraformer-en	RES0087	33	125
figshare-osce	paraformer-en	RES0088	25	131
figshare-osce	paraformer-en	RES0089	23	147
figshare-osce	paraformer-en	RES0090	8	95
figshare-osce	paraformer-en	RES0091	15	77
figshare-osce	paraformer-en	RES0092	23	74
figshare-osce	paraformer-en	RES0093	40	134
figshare-osce	paraformer-en	RES0094	31	85
figshare-osce	paraformer-en	RES0095	33	133
figshare-osce	paraformer-en	RES0096	20	110
figshare-osce	paraformer-en	RES0097	40	128
figshare-osce	paraformer-en	RES0098	20	134
figshare-osce	paraformer-en	RES0099	35	155
figshare-osce	paraformer-en	RES0100	36	148
figshare-osce	paraformer-en	RES0101	31	139
figshare-osce	paraformer-en	RES0102	46	176
figshare-osce	paraformer-en	RES0103	23	111
figshare-osce	paraformer-en	RES0104	37	136
figshare-osce	paraformer-en	RES0105	33	115
figshare-osce	paraformer-en	RES0106	21	112
figshare-osce	paraformer-en	RES0107	43	155
figshare-osce	paraformer-en	RES0108	38	98
figshare-osce	paraformer-en	RES0109	27	91
figshare-osce	paraformer-en	RES0110	39	145
figshare-osce	paraformer-en	RES0111	31	100
figshare-osce	paraformer-en	RES0112	13	86
figshare-osce	paraformer-en	RES0113	25	93
figshare-osce	paraformer-en	RES0114	37	126
figshare-osce	paraformer-en	RES0116	42	144
figshare-osce	paraformer-en	RES0117	17	97
figshare-osce	paraformer-en	RES0118	28	95
figshare-osce	paraformer-en	RES0119	17	117
figshare-osce	paraformer-en	RES0120	24	130
figshare-osce	paraformer-en	RES0121	26	90
figshare-osce	paraformer-en	RES0122	25	98
figshare-osce	paraformer-en	RES0123	49	151
figshare-osce	paraformer-en	RES0124	41	143
figshare-osce	paraformer-en	RES0125	46	125
figshare-osce	paraformer-en	RES0126	50	135
figshare-osce	paraformer-en	RES0127	47	117
figshare-osce	paraformer-en	RES0128	23	102
figshare-osce	paraformer-en	RES0129	30	107
figshare-osce	paraformer-en	RES0130	23	113
figshare-osce	paraformer-en	RES0131	27	117
figshare-osce	paraformer-en	RES0132	23	97
figshare-osce	paraformer-en	RES0133	22	114
figshare-osce	paraformer-en	RES0134	42	143
figshare-osce	paraformer-en	RES0135	18	106
figshare-osce	paraformer-en	RES0136	40	119
figshare-osce	paraformer-en	RES0137	40	145
figshare-osce	paraformer-en	RES0138	48	124
figshare-osce	paraformer-en	RES0139	38	105
figshare-osce	paraformer-en	RES0140	30	84
figshare-osce	paraformer-en	RES0141	34	102
figshare-osce	paraformer-en	RES0142	26	86
figshare-osce	paraformer-en	RES0143	41	114
figshare-osce	paraformer-en	RES0144	24	86
figshare-osce	paraformer-en	RES0145	44	135
figshare-osce	paraformer-en	RES0146	21	74
figshare-osce	paraformer-en	RES0147	26	102
figshare-osce	paraformer-en	RES0148	28	101
figshare-osce	paraformer-en	RES0149	20	113
figshare-osce	paraformer-en	RES0150	23	110
figshare-osce	paraformer-en	RES0151	15	105
figshare-osce	paraformer-en	RES0152	28	96
figshare-osce	paraformer-en	RES0153	31	97
figshare-osce	paraformer-en	RES0154	29	97
figshare-osce	paraformer-en	RES0155	38	120
figshare-osce	paraformer-en	RES0156	28	95
figshare-osce	paraformer-en	RES0158	23	82
figshare-osce	paraformer-en	RES0159	31	85
figshare-osce	paraformer-en	RES0160	39	112
figshare-osce	paraformer-en	RES0161	19	102
figshare-osce	paraformer-en	RES0162	30	111
figshare-osce	paraformer-en	RES0163	26	100
figshare-osce	paraformer-en	RES0164	39	113
figshare-osce	paraformer-en	RES0165	32	81
figshare-osce	paraformer-en	RES0166	32	91
figshare-osce	paraformer-en	RES0167	33	89
figshare-osce	paraformer-en	RES0168	32	103
figshare-osce	paraformer-en	RES0169	22	88
figshare-osce	paraformer-en	RES0170	18	102
figshare-osce	paraformer-en	RES0171	29	115
figshare-osce	paraformer-en	RES0172	32	101
figshare-osce	paraformer-en	RES0173	23	102
figshare-osce	paraformer-en	RES0174	26	124
figshare-osce	paraformer-en	RES0175	27	98
figshare-osce	paraformer-en	RES0176	21	119
figshare-osce	paraformer-en	RES0177	28	124
figshare-osce	paraformer-en	RES0178	26	108
figshare-osce	paraformer-en	RES0179	27	121
figshare-osce	paraformer-en	RES0180	21	92
figshare-osce	paraformer-en	RES0181	28	133
figshare-osce	paraformer-en	RES0182	19	92
figshare-osce	paraformer-en	RES0183	24	126
figshare-osce	paraformer-en	RES0184	27	98
figshare-osce	paraformer-en	RES0185	25	96
figshare-osce	paraformer-en	RES0186	25	93
figshare-osce	paraformer-en	RES0187	30	123
figshare-osce	paraformer-en	RES0188	25	86
figshare-osce	paraformer-en	RES0189	30	131
figshare-osce	paraformer-en	RES0190	30	142
figshare-osce	paraformer-en	RES0191	17	98
figshare-osce	paraformer-en	RES0192	35	116
figshare-osce	paraformer-en	RES0193	27	125
figshare-osce	paraformer-en	RES0194	37	140
figshare-osce	paraformer-en	RES0195	35	129
figshare-osce	paraformer-en	RES0196	21	82
figshare-osce	paraformer-en	RES0197	26	87
figshare-osce	paraformer-en	RES0198	21	85
figshare-osce	paraformer-en	RES0199	34	117
figshare-osce	paraformer-en	RES0200	32	120
figshare-osce	paraformer-en	RES0201	23	73
figshare-osce	paraformer-en	RES0202	33	125
figshare-osce	paraformer-en	RES0203	26	81
figshare-osce	paraformer-en	RES0204	11	61
figshare-osce	paraformer-en	RES0205	26	77
figshare-osce	paraformer-en	RES0206	24	104
figshare-osce	paraformer-en	RES0207	15	50
figshare-osce	paraformer-en	RES0208	34	111
figshare-osce	paraformer-en	RES0209	18	78
figshare-osce	paraformer-en	RES0210	12	78
figshare-osce	paraformer-en	RES0211	32	112
figshare-osce	paraformer-en	RES0212	8	81
figshare-osce	paraformer-en	RES0213	21	93
figshare-osce	paraformer-en	RES0214	19	101
figshare-osce	paraformer-en	RES0215	17	92
figshare-osce	paraformer-en	RES0216	15	93
figshare-osce	paraformer-en	RES0217	32	105
figshare-osce	parakeet-tdt-0.6b-v2	CAR0001	5	87
figshare-osce	parakeet-tdt-0.6b-v2	CAR0002	21	99
figshare-osce	parakeet-tdt-0.6b-v2	CAR0003	4	122
figshare-osce	parakeet-tdt-0.6b-v2	CAR0004	14	74
figshare-osce	parakeet-tdt-0.6b-v2	CAR0005	4	70
figshare-osce	parakeet-tdt-0.6b-v2	DER0001	12	120
figshare-osce	parakeet-tdt-0.6b-v2	GAS0001	21	74
figshare-osce	parakeet-tdt-0.6b-v2	GAS0002	7	73
figshare-osce	parakeet-tdt-0.6b-v2	GAS0003	13	77
figshare-osce	parakeet-tdt-0.6b-v2	GAS0004	14	75
figshare-osce	parakeet-tdt-0.6b-v2	GAS0005	3	125
figshare-osce	parakeet-tdt-0.6b-v2	GAS0007	7	60
figshare-osce	parakeet-tdt-0.6b-v2	GEN0001	2	71
figshare-osce	parakeet-tdt-0.6b-v2	MSK0001	10	112
figshare-osce	parakeet-tdt-0.6b-v2	MSK0003	24	161
figshare-osce	parakeet-tdt-0.6b-v2	MSK0004	23	116
figshare-osce	parakeet-tdt-0.6b-v2	MSK0005	34	138
figshare-osce	parakeet-tdt-0.6b-v2	MSK0006	31	194
figshare-osce	parakeet-tdt-0.6b-v2	MSK0007	4	143
figshare-osce	parakeet-tdt-0.6b-v2	MSK0008	7	154
figshare-osce	parakeet-tdt-0.6b-v2	MSK0009	9	184
figshare-osce	parakeet-tdt-0.6b-v2	MSK0010	6	142
figshare-osce	parakeet-tdt-0.6b-v2	MSK0011	11	153
figshare-osce	parakeet-tdt-0.6b-v2	MSK0012	8	163
figshare-osce	parakeet-tdt-0.6b-v2	MSK0013	13	188
figshare-osce	parakeet-tdt-0.6b-v2	MSK0014	6	171
figshare-osce	parakeet-tdt-0.6b-v2	MSK0015	11	175
figshare-osce	parakeet-tdt-0.6b-v2	MSK0016	17	216
figshare-osce	parakeet-tdt-0.6b-v2	MSK0017	32	163
figshare-osce	parakeet-tdt-0.6b-v2	MSK0018	12	94
figshare-osce	parakeet-tdt-0.6b-v2	MSK0019	8	124
figshare-osce	parakeet-tdt-0.6b-v2	MSK0020	34	179
figshare-osce	parakeet-tdt-0.6b-v2	MSK0021	26	183
figshare-osce	parakeet-tdt-0.6b-v2	MSK0022	10	210
figshare-osce	parakeet-tdt-0.6b-v2	MSK0023	1	103
figshare-osce	parakeet-tdt-0.6b-v2	MSK0024	6	117
figshare-osce	parakeet-tdt-0.6b-v2	MSK0025	5	146
figshare-osce	parakeet-tdt-0.6b-v2	MSK0026	8	138
figshare-osce	parakeet-tdt-0.6b-v2	MSK0027	6	151
figshare-osce	parakeet-tdt-0.6b-v2	MSK0028	12	157
figshare-osce	parakeet-tdt-0.6b-v2	MSK0029	30	212
figshare-osce	parakeet-tdt-0.6b-v2	MSK0031	26	132
figshare-osce	parakeet-tdt-0.6b-v2	MSK0032	12	105
figshare-osce	parakeet-tdt-0.6b-v2	MSK0033	5	141
figshare-osce	parakeet-tdt-0.6b-v2	MSK0034	9	147
figshare-osce	parakeet-tdt-0.6b-v2	MSK0035	14	169
figshare-osce	parakeet-tdt-0.6b-v2	MSK0036	13	191
figshare-osce	parakeet-tdt-0.6b-v2	MSK0037	7	174
figshare-osce	parakeet-tdt-0.6b-v2	MSK0038	24	186
figshare-osce	parakeet-tdt-0.6b-v2	MSK0039	28	124
figshare-osce	parakeet-tdt-0.6b-v2	MSK0040	8	153
figshare-osce	parakeet-tdt-0.6b-v2	MSK0041	26	176
figshare-osce	parakeet-tdt-0.6b-v2	MSK0042	17	144
figshare-osce	parakeet-tdt-0.6b-v2	MSK0043	25	173
figshare-osce	parakeet-tdt-0.6b-v2	MSK0044	14	91
figshare-osce	parakeet-tdt-0.6b-v2	MSK0045	25	123
figshare-osce	parakeet-tdt-0.6b-v2	MSK0046	13	111
figshare-osce	parakeet-tdt-0.6b-v2	MSK0049	15	149
figshare-osce	parakeet-tdt-0.6b-v2	MSK0050	6	140
figshare-osce	parakeet-tdt-0.6b-v2	RES0001	9	147
figshare-osce	parakeet-tdt-0.6b-v2	RES0002	3	87
figshare-osce	parakeet-tdt-0.6b-v2	RES0003	3	113
figshare-osce	parakeet-tdt-0.6b-v2	RES0004	8	140
figshare-osce	parakeet-tdt-0.6b-v2	RES0005	9	146
figshare-osce	parakeet-tdt-0.6b-v2	RES0006	4	106
figshare-osce	parakeet-tdt-0.6b-v2	RES0007	5	122
figshare-osce	parakeet-tdt-0.6b-v2	RES0008	5	80
figshare-osce	parakeet-tdt-0.6b-v2	RES0009	14	106
figshare-osce	parakeet-tdt-0.6b-v2	RES0010	5	85
figshare-osce	parakeet-tdt-0.6b-v2	RES0011	10	116
figshare-osce	parakeet-tdt-0.6b-v2	RES0012	37	161
figshare-osce	parakeet-tdt-0.6b-v2	RES0013	11	91
figshare-osce	parakeet-tdt-0.6b-v2	RES0014	18	118
figshare-osce	parakeet-tdt-0.6b-v2	RES0015	19	130
figshare-osce	parakeet-tdt-0.6b-v2	RES0016	19	122
figshare-osce	parakeet-tdt-0.6b-v2	RES0017	11	143
figshare-osce	parakeet-tdt-0.6b-v2	RES0018	13	118
figshare-osce	parakeet-tdt-0.6b-v2	RES0019	12	141
figshare-osce	parakeet-tdt-0.6b-v2	RES0020	12	121
figshare-osce	parakeet-tdt-0.6b-v2	RES0021	11	132
figshare-osce	parakeet-tdt-0.6b-v2	RES0022	19	138
figshare-osce	parakeet-tdt-0.6b-v2	RES0023	21	72
figshare-osce	parakeet-tdt-0.6b-v2	RES0024	18	93
figshare-osce	parakeet-tdt-0.6b-v2	RES0025	7	108
figshare-osce	parakeet-tdt-0.6b-v2	RES0026	9	141
figshare-osce	parakeet-tdt-0.6b-v2	RES0027	23	119
figshare-osce	parakeet-tdt-0.6b-v2	RES0028	18	106
figshare-osce	parakeet-tdt-0.6b-v2	RES0029	8	63
figshare-osce	parakeet-tdt-0.6b-v2	RES0030	11	110
figshare-osce	parakeet-tdt-0.6b-v2	RES0031	7	106
figshare-osce	parakeet-tdt-0.6b-v2	RES0032	22	98
figshare-osce	parakeet-tdt-0.6b-v2	RES0033	23	107
figshare-osce	parakeet-tdt-0.6b-v2	RES0034	8	163
figshare-osce	parakeet-tdt-0.6b-v2	RES0035	2	99
figshare-osce	parakeet-tdt-0.6b-v2	RES0036	6	103
figshare-osce	parakeet-tdt-0.6b-v2	RES0037	14	118
figshare-osce	parakeet-tdt-0.6b-v2	RES0038	8	145
figshare-osce	parakeet-tdt-0.6b-v2	RES0039	11	151
figshare-osce	parakeet-tdt-0.6b-v2	RES0042	27	110
figshare-osce	parakeet-tdt-0.6b-v2	RES0043	10	124
figshare-osce	parakeet-tdt-0.6b-v2	RES0044	18	140
figshare-osce	parakeet-tdt-0.6b-v2	RES0045	21	116
figshare-osce	parakeet-tdt-0.6b-v2	RES0046	12	145
figshare-osce	parakeet-tdt-0.6b-v2	RES0047	30	144
figshare-osce	parakeet-tdt-0.6b-v2	RES0048	29	154
figshare-osce	parakeet-tdt-0.6b-v2	RES0049	16	139
figshare-osce	parakeet-tdt-0.6b-v2	RES0050	4	104
figshare-osce	parakeet-tdt-0.6b-v2	RES0051	6	104
figshare-osce	parakeet-tdt-0.6b-v2	RES0052	19	79
figshare-osce	parakeet-tdt-0.6b-v2	RES0053	24	196
figshare-osce	parakeet-tdt-0.6b-v2	RES0054	43	205
figshare-osce	parakeet-tdt-0.6b-v2	RES0055	17	132
figshare-osce	parakeet-tdt-0.6b-v2	RES0056	26	120
figshare-osce	parakeet-tdt-0.6b-v2	RES0057	12	122
figshare-osce	parakeet-tdt-0.6b-v2	RES0058	8	141
figshare-osce	parakeet-tdt-0.6b-v2	RES0059	12	147
figshare-osce	parakeet-tdt-0.6b-v2	RES0060	33	150
figshare-osce	parakeet-tdt-0.6b-v2	RES0061	16	163
figshare-osce	parakeet-tdt-0.6b-v2	RES0062	13	157
figshare-osce	parakeet-tdt-0.6b-v2	RES0063	17	143
figshare-osce	parakeet-tdt-0.6b-v2	RES0064	28	117
figshare-osce	parakeet-tdt-0.6b-v2	RES0065	7	117
figshare-osce	parakeet-tdt-0.6b-v2	RES0066	16	116
figshare-osce	parakeet-tdt-0.6b-v2	RES0067	13	76
figshare-osce	parakeet-tdt-0.6b-v2	RES0068	11	110
figshare-osce	parakeet-tdt-0.6b-v2	RES0069	16	91
figshare-osce	parakeet-tdt-0.6b-v2	RES0070	18	95
figshare-osce	parakeet-tdt-0.6b-v2	RES0071	4	106
figshare-osce	parakeet-tdt-0.6b-v2	RES0072	15	109
figshare-osce	parakeet-tdt-0.6b-v2	RES0073	3	136
figshare-osce	parakeet-tdt-0.6b-v2	RES0074	4	115
figshare-osce	parakeet-tdt-0.6b-v2	RES0075	5	96
figshare-osce	parakeet-tdt-0.6b-v2	RES0076	20	127
figshare-osce	parakeet-tdt-0.6b-v2	RES0077	7	120
figshare-osce	parakeet-tdt-0.6b-v2	RES0078	8	104
figshare-osce	parakeet-tdt-0.6b-v2	RES0079	11	90
figshare-osce	parakeet-tdt-0.6b-v2	RES0080	13	89
figshare-osce	parakeet-tdt-0.6b-v2	RES0081	17	123
figshare-osce	parakeet-tdt-0.6b-v2	RES0082	7	91
figshare-osce	parakeet-tdt-0.6b-v2	RES0083	8	109
figshare-osce	parakeet-tdt-0.6b-v2	RES0084	2	146
figshare-osce	parakeet-tdt-0.6b-v2	RES0085	10	87
figshare-osce	parakeet-tdt-0.6b-v2	RES0086	27	135
figshare-osce	parakeet-tdt-0.6b-v2	RES0087	26	125
figshare-osce	parakeet-tdt-0.6b-v2	RES0088	4	131
figshare-osce	parakeet-tdt-0.6b-v2	RES0089	16	147
figshare-osce	parakeet-tdt-0.6b-v2	RES0090	2	95
figshare-osce	parakeet-tdt-0.6b-v2	RES0091	13	77
figshare-osce	parakeet-tdt-0.6b-v2	RES0092	25	74
figshare-osce	parakeet-tdt-0.6b-v2	RES0093	25	134
figshare-osce	parakeet-tdt-0.6b-v2	RES0094	20	85
figshare-osce	parakeet-tdt-0.6b-v2	RES0095	20	133
figshare-osce	parakeet-tdt-0.6b-v2	RES0096	20	110
figshare-osce	parakeet-tdt-0.6b-v2	RES0097	8	128
figshare-osce	parakeet-tdt-0.6b-v2	RES0098	20	134
figshare-osce	parakeet-tdt-0.6b-v2	RES0099	7	155
figshare-osce	parakeet-tdt-0.6b-v2	RES0100	6	148
figshare-osce	parakeet-tdt-0.6b-v2	RES0101	24	139
figshare-osce	parakeet-tdt-0.6b-v2	RES0102	16	176
figshare-osce	parakeet-tdt-0.6b-v2	RES0103	19	111
figshare-osce	parakeet-tdt-0.6b-v2	RES0104	20	136
figshare-osce	parakeet-tdt-0.6b-v2	RES0105	14	115
figshare-osce	parakeet-tdt-0.6b-v2	RES0106	6	112
figshare-osce	parakeet-tdt-0.6b-v2	RES0107	21	155
figshare-osce	parakeet-tdt-0.6b-v2	RES0108	34	98
figshare-osce	parakeet-tdt-0.6b-v2	RES0109	26	91
figshare-osce	parakeet-tdt-0.6b-v2	RES0110	13	145
figshare-osce	parakeet-tdt-0.6b-v2	RES0111	15	100
figshare-osce	parakeet-tdt-0.6b-v2	RES0112	26	86
figshare-osce	parakeet-tdt-0.6b-v2	RES0113	17	93
figshare-osce	parakeet-tdt-0.6b-v2	RES0114	18	126
figshare-osce	parakeet-tdt-0.6b-v2	RES0116	15	144
figshare-osce	parakeet-tdt-0.6b-v2	RES0117	30	97
figshare-osce	parakeet-tdt-0.6b-v2	RES0118	3	95
figshare-osce	parakeet-tdt-0.6b-v2	RES0119	15	117
figshare-osce	parakeet-tdt-0.6b-v2	RES0120	19	130
figshare-osce	parakeet-tdt-0.6b-v2	RES0121	5	90
figshare-osce	parakeet-tdt-0.6b-v2	RES0122	17	98
figshare-osce	parakeet-tdt-0.6b-v2	RES0123	18	151
figshare-osce	parakeet-tdt-0.6b-v2	RES0124	11	143
figshare-osce	parakeet-tdt-0.6b-v2	RES0125	9	125
figshare-osce	parakeet-tdt-0.6b-v2	RES0126	12	135
figshare-osce	parakeet-tdt-0.6b-v2	RES0127	15	117
figshare-osce	parakeet-tdt-0.6b-v2	RES0128	20	102
figshare-osce	parakeet-tdt-0.6b-v2	RES0129	32	107
figshare-osce	parakeet-tdt-0.6b-v2	RES0130	28	113
figshare-osce	parakeet-tdt-0.6b-v2	RES0131	26	117
figshare-osce	parakeet-tdt-0.6b-v2	RES0132	18	97
figshare-osce	parakeet-tdt-0.6b-v2	RES0133	16	114
figshare-osce	parakeet-tdt-0.6b-v2	RES0134	14	143
figshare-osce	parakeet-tdt-0.6b-v2	RES0135	16	106
figshare-osce	parakeet-tdt-0.6b-v2	RES0136	24	119
figshare-osce	parakeet-tdt-0.6b-v2	RES0137	21	145
figshare-osce	parakeet-tdt-0.6b-v2	RES0138	19	124
figshare-osce	parakeet-tdt-0.6b-v2	RES0139	25	105
figshare-osce	parakeet-tdt-0.6b-v2	RES0140	22	84
figshare-osce	parakeet-tdt-0.6b-v2	RES0141	12	102
figshare-osce	parakeet-tdt-0.6b-v2	RES0142	27	86
figshare-osce	parakeet-tdt-0.6b-v2	RES0143	37	114
figshare-osce	parakeet-tdt-0.6b-v2	RES0144	24	86
figshare-osce	parakeet-tdt-0.6b-v2	RES0145	8	135
figshare-osce	parakeet-tdt-0.6b-v2	RES0146	13	74
figshare-osce	parakeet-tdt-0.6b-v2	RES0147	11	102
figshare-osce	parakeet-tdt-0.6b-v2	RES0148	16	101
figshare-osce	parakeet-tdt-0.6b-v2	RES0149	19	113
figshare-osce	parakeet-tdt-0.6b-v2	RES0150	13	110
figshare-osce	parakeet-tdt-0.6b-v2	RES0151	10	105
figshare-osce	parakeet-tdt-0.6b-v2	RES0152	3	96
figshare-osce	parakeet-tdt-0.6b-v2	RES0153	9	97
figshare-osce	parakeet-tdt-0.6b-v2	RES0154	20	97
figshare-osce	parakeet-tdt-0.6b-v2	RES0155	26	120
figshare-osce	parakeet-tdt-0.6b-v2	RES0156	20	95
figshare-osce	parakeet-tdt-0.6b-v2	RES0158	19	82
figshare-osce	parakeet-tdt-0.6b-v2	RES0159	4	85
figshare-osce	parakeet-tdt-0.6b-v2	RES0160	11	112
figshare-osce	parakeet-tdt-0.6b-v2	RES0161	14	102
figshare-osce	parakeet-tdt-0.6b-v2	RES0162	12	111
figshare-osce	parakeet-tdt-0.6b-v2	RES0163	9	100
figshare-osce	parakeet-tdt-0.6b-v2	RES0164	18	113
figshare-osce	parakeet-tdt-0.6b-v2	RES0165	18	81
figshare-osce	parakeet-tdt-0.6b-v2	RES0166	17	91
figshare-osce	parakeet-tdt-0.6b-v2	RES0167	13	89
figshare-osce	parakeet-tdt-0.6b-v2	RES0168	29	103
figshare-osce	parakeet-tdt-0.6b-v2	RES0169	17	88
figshare-osce	parakeet-tdt-0.6b-v2	RES0170	10	102
figshare-osce	parakeet-tdt-0.6b-v2	RES0171	42	115
figshare-osce	parakeet-tdt-0.6b-v2	RES0172	25	101
figshare-osce	parakeet-tdt-0.6b-v2	RES0173	14	102
figshare-osce	parakeet-tdt-0.6b-v2	RES0174	9	124
figshare-osce	parakeet-tdt-0.6b-v2	RES0175	7	98
figshare-osce	parakeet-tdt-0.6b-v2	RES0176	5	119
figshare-osce	parakeet-tdt-0.6b-v2	RES0177	27	124
figshare-osce	parakeet-tdt-0.6b-v2	RES0178	9	108
figshare-osce	parakeet-tdt-0.6b-v2	RES0179	27	121
figshare-osce	parakeet-tdt-0.6b-v2	RES0180	25	92
figshare-osce	parakeet-tdt-0.6b-v2	RES0181	12	133
figshare-osce	parakeet-tdt-0.6b-v2	RES0182	21	92
figshare-osce	parakeet-tdt-0.6b-v2	RES0183	14	126
figshare-osce	parakeet-tdt-0.6b-v2	RES0184	19	98
figshare-osce	parakeet-tdt-0.6b-v2	RES0185	22	96
figshare-osce	parakeet-tdt-0.6b-v2	RES0186	17	93
figshare-osce	parakeet-tdt-0.6b-v2	RES0187	26	123
figshare-osce	parakeet-tdt-0.6b-v2	RES0188	13	86
figshare-osce	parakeet-tdt-0.6b-v2	RES0189	23	131
figshare-osce	parakeet-tdt-0.6b-v2	RES0190	29	142
figshare-osce	parakeet-tdt-0.6b-v2	RES0191	12	98
figshare-osce	parakeet-tdt-0.6b-v2	RES0192	8	116
figshare-osce	parakeet-tdt-0.6b-v2	RES0193	21	125
figshare-osce	parakeet-tdt-0.6b-v2	RES0194	24	140
figshare-osce	parakeet-tdt-0.6b-v2	RES0195	22	129
figshare-osce	parakeet-tdt-0.6b-v2	RES0196	24	82
figshare-osce	parakeet-tdt-0.6b-v2	RES0197	15	87
figshare-osce	parakeet-tdt-0.6b-v2	RES0198	27	85
figshare-osce	parakeet-tdt-0.6b-v2	RES0199	31	117
figshare-osce	parakeet-tdt-0.6b-v2	RES0200	26	120
figshare-osce	parakeet-tdt-0.6b-v2	RES0201	7	73
figshare-osce	parakeet-tdt-0.6b-v2	RES0202	13	125
figshare-osce	parakeet-tdt-0.6b-v2	RES0203	3	81
figshare-osce	parakeet-tdt-0.6b-v2	RES0204	15	61
figshare-osce	parakeet-tdt-0.6b-v2	RES0205	4	77
figshare-osce	parakeet-tdt-0.6b-v2	RES0206	27	104
figshare-osce	parakeet-tdt-0.6b-v2	RES0207	6	50
figshare-osce	parakeet-tdt-0.6b-v2	RES0208	25	111
figshare-osce	parakeet-tdt-0.6b-v2	RES0209	18	78
figshare-osce	parakeet-tdt-0.6b-v2	RES0210	1	78
figshare-osce	parakeet-tdt-0.6b-v2	RES0211	8	112
figshare-osce	parakeet-tdt-0.6b-v2	RES0212	2	81
figshare-osce	parakeet-tdt-0.6b-v2	RES0213	3	93
figshare-osce	parakeet-tdt-0.6b-v2	RES0214	5	101
figshare-osce	parakeet-tdt-0.6b-v2	RES0215	9	92
figshare-osce	parakeet-tdt-0.6b-v2	RES0216	11	93
figshare-osce	parakeet-tdt-0.6b-v2	RES0217	14	105
figshare-osce	parakeet-tdt-0.6b-v3	CAR0001	30	87
figshare-osce	parakeet-tdt-0.6b-v3	CAR0002	31	99
figshare-osce	parakeet-tdt-0.6b-v3	CAR0003	13	122
figshare-osce	parakeet-tdt-0.6b-v3	CAR0004	20	74
figshare-osce	parakeet-tdt-0.6b-v3	CAR0005	20	70
figshare-osce	parakeet-tdt-0.6b-v3	DER0001	21	120
figshare-osce	parakeet-tdt-0.6b-v3	GAS0001	36	74
figshare-osce	parakeet-tdt-0.6b-v3	GAS0002	35	73
figshare-osce	parakeet-tdt-0.6b-v3	GAS0003	20	77
figshare-osce	parakeet-tdt-0.6b-v3	GAS0004	26	75
figshare-osce	parakeet-tdt-0.6b-v3	GAS0005	18	125
figshare-osce	parakeet-tdt-0.6b-v3	GAS0007	10	60
figshare-osce	parakeet-tdt-0.6b-v3	GEN0001	5	71
figshare-osce	parakeet-tdt-0.6b-v3	MSK0001	17	112
figshare-osce	parakeet-tdt-0.6b-v3	MSK0003	40	161
figshare-osce	parakeet-tdt-0.6b-v3	MSK0004	52	116
figshare-osce	parakeet-tdt-0.6b-v3	MSK0005	60	138
figshare-osce	parakeet-tdt-0.6b-v3	MSK0006	84	194
figshare-osce	parakeet-tdt-0.6b-v3	MSK0007	13	143
figshare-osce	parakeet-tdt-0.6b-v3	MSK0008	18	154
figshare-osce	parakeet-tdt-0.6b-v3	MSK0009	15	184
figshare-osce	parakeet-tdt-0.6b-v3	MSK0010	5	142
figshare-osce	parakeet-tdt-0.6b-v3	MSK0011	12	153
figshare-osce	parakeet-tdt-0.6b-v3	MSK0012	21	163
figshare-osce	parakeet-tdt-0.6b-v3	MSK0013	15	188
figshare-osce	parakeet-tdt-0.6b-v3	MSK0014	10	171
figshare-osce	parakeet-tdt-0.6b-v3	MSK0015	20	175
figshare-osce	parakeet-tdt-0.6b-v3	MSK0016	108	216
figshare-osce	parakeet-tdt-0.6b-v3	MSK0017	74	163
figshare-osce	parakeet-tdt-0.6b-v3	MSK0018	51	94
figshare-osce	parakeet-tdt-0.6b-v3	MSK0019	53	124
figshare-osce	parakeet-tdt-0.6b-v3	MSK0020	59	179
figshare-osce	parakeet-tdt-0.6b-v3	MSK0021	40	183
figshare-osce	parakeet-tdt-0.6b-v3	MSK0022	18	210
figshare-osce	parakeet-tdt-0.6b-v3	MSK0023	5	103
figshare-osce	parakeet-tdt-0.6b-v3	MSK0024	10	117
figshare-osce	parakeet-tdt-0.6b-v3	MSK0025	8	146
figshare-osce	parakeet-tdt-0.6b-v3	MSK0026	10	138
figshare-osce	parakeet-tdt-0.6b-v3	MSK0027	8	151
figshare-osce	parakeet-tdt-0.6b-v3	MSK0028	12	157
figshare-osce	parakeet-tdt-0.6b-v3	MSK0029	81	212
figshare-osce	parakeet-tdt-0.6b-v3	MSK0031	59	132
figshare-osce	parakeet-tdt-0.6b-v3	MSK0032	45	105
figshare-osce	parakeet-tdt-0.6b-v3	MSK0033	14	141
figshare-osce	parakeet-tdt-0.6b-v3	MSK0034	12	147
figshare-osce	parakeet-tdt-0.6b-v3	MSK0035	16	169
figshare-osce	parakeet-tdt-0.6b-v3	MSK0036	19	191
figshare-osce	parakeet-tdt-0.6b-v3	MSK0037	24	174
figshare-osce	parakeet-tdt-0.6b-v3	MSK0038	64	186
figshare-osce	parakeet-tdt-0.6b-v3	MSK0039	57	124
figshare-osce	parakeet-tdt-0.6b-v3	MSK0040	14	153
figshare-osce	parakeet-tdt-0.6b-v3	MSK0041	40	176
figshare-osce	parakeet-tdt-0.6b-v3	MSK0042	53	144
figshare-osce	parakeet-tdt-0.6b-v3	MSK0043	55	173
figshare-osce	parakeet-tdt-0.6b-v3	MSK0044	39	91
figshare-osce	parakeet-tdt-0.6b-v3	MSK0045	57	123
figshare-osce	parakeet-tdt-0.6b-v3	MSK0046	53	111
figshare-osce	parakeet-tdt-0.6b-v3	MSK0049	74	149
figshare-osce	parakeet-tdt-0.6b-v3	MSK0050	55	140
figshare-osce	parakeet-tdt-0.6b-v3	RES0001	13	147
figshare-osce	parakeet-tdt-0.6b-v3	RES0002	8	87
figshare-osce	parakeet-tdt-0.6b-v3	RES0003	6	113
figshare-osce	parakeet-tdt-0.6b-v3	RES0004	11	140
figshare-osce	parakeet-tdt-0.6b-v3	RES0005	13	146
figshare-osce	parakeet-tdt-0.6b-v3	RES0006	4	106
figshare-osce	parakeet-tdt-0.6b-v3	RES0007	12	122
figshare-osce	parakeet-tdt-0.6b-v3	RES0008	9	80
figshare-osce	parakeet-tdt-0.6b-v3	RES0009	35	106
figshare-osce	parakeet-tdt-0.6b-v3	RES0010	33	85
figshare-osce	parakeet-tdt-0.6b-v3	RES0011	24	116
figshare-osce	parakeet-tdt-0.6b-v3	RES0012	91	161
figshare-osce	parakeet-tdt-0.6b-v3	RES0013	30	91
figshare-osce	parakeet-tdt-0.6b-v3	RES0014	19	118
figshare-osce	parakeet-tdt-0.6b-v3	RES0015	54	130
figshare-osce	parakeet-tdt-0.6b-v3	RES0016	46	122
figshare-osce	parakeet-tdt-0.6b-v3	RES0017	30	143
figshare-osce	parakeet-tdt-0.6b-v3	RES0018	34	118
figshare-osce	parakeet-tdt-0.6b-v3	RES0019	38	141
figshare-osce	parakeet-tdt-0.6b-v3	RES0020	20	121
figshare-osce	parakeet-tdt-0.6b-v3	RES0021	15	132
figshare-osce	parakeet-tdt-0.6b-v3	RES0022	35	138
figshare-osce	parakeet-tdt-0.6b-v3	RES0023	27	72
figshare-osce	qwen3-asr	CAR0001	1	87
figshare-osce	qwen3-asr	CAR0002	5	99
figshare-osce	qwen3-asr	CAR0003	6	122
figshare-osce	qwen3-asr	CAR0004	4	74
figshare-osce	qwen3-asr	CAR0005	2	70
figshare-osce	qwen3-asr	DER0001	12	120
figshare-osce	qwen3-asr	GAS0001	7	74
figshare-osce	qwen3-asr	GAS0002	2	73
figshare-osce	qwen3-asr	GAS0003	7	77
figshare-osce	qwen3-asr	GAS0004	10	75
figshare-osce	qwen3-asr	GAS0005	5	125
figshare-osce	qwen3-asr	GAS0007	19	60
figshare-osce	qwen3-asr	GEN0001	6	71
figshare-osce	qwen3-asr	MSK0001	12	112
figshare-osce	qwen3-asr	MSK0003	18	161
figshare-osce	qwen3-asr	MSK0004	6	116
figshare-osce	qwen3-asr	MSK0005	13	138
figshare-osce	qwen3-asr	MSK0006	21	194
figshare-osce	qwen3-asr	MSK0007	7	143
figshare-osce	qwen3-asr	MSK0008	6	154
figshare-osce	qwen3-asr	MSK0009	8	184
figshare-osce	qwen3-asr	MSK0010	7	142
figshare-osce	qwen3-asr	MSK0011	13	153
figshare-osce	qwen3-asr	MSK0012	10	163
figshare-osce	qwen3-asr	MSK0013	18	188
figshare-osce	qwen3-asr	MSK0014	5	171
figshare-osce	qwen3-asr	MSK0015	8	175
figshare-osce	qwen3-asr	MSK0016	14	216
figshare-osce	qwen3-asr	MSK0017	12	163
figshare-osce	qwen3-asr	MSK0018	11	94
figshare-osce	qwen3-asr	MSK0019	11	124
figshare-osce	qwen3-asr	MSK0020	19	179
figshare-osce	qwen3-asr	MSK0021	20	183
figshare-osce	qwen3-asr	MSK0022	13	210
figshare-osce	qwen3-asr	MSK0023	1	103
figshare-osce	qwen3-asr	MSK0024	8	117
figshare-osce	qwen3-asr	MSK0025	6	146
figshare-osce	qwen3-asr	MSK0026	10	138
figshare-osce	qwen3-asr	MSK0027	8	151
figshare-osce	qwen3-asr	MSK0028	11	157
figshare-osce	qwen3-asr	MSK0029	26	212
figshare-osce	qwen3-asr	MSK0031	9	132
figshare-osce	qwen3-asr	MSK0032	7	105
figshare-osce	qwen3-asr	MSK0033	7	141
figshare-osce	qwen3-asr	MSK0034	9	147
figshare-osce	qwen3-asr	MSK0035	12	169
figshare-osce	qwen3-asr	MSK0036	13	191
figshare-osce	qwen3-asr	MSK0037	10	174
figshare-osce	qwen3-asr	MSK0038	12	186
figshare-osce	qwen3-asr	MSK0039	6	124
figshare-osce	qwen3-asr	MSK0040	10	153
figshare-osce	qwen3-asr	MSK0041	12	176
figshare-osce	qwen3-asr	MSK0042	27	144
figshare-osce	qwen3-asr	MSK0043	21	173
figshare-osce	qwen3-asr	MSK0044	11	91
figshare-osce	qwen3-asr	MSK0045	9	123
figshare-osce	qwen3-asr	MSK0046	8	111
figshare-osce	qwen3-asr	MSK0049	4	149
figshare-osce	qwen3-asr	MSK0050	9	140
figshare-osce	qwen3-asr	RES0001	9	147
figshare-osce	qwen3-asr	RES0002	6	87
figshare-osce	qwen3-asr	RES0003	4	113
figshare-osce	qwen3-asr	RES0004	8	140
figshare-osce	qwen3-asr	RES0005	12	146
figshare-osce	qwen3-asr	RES0006	4	106
figshare-osce	qwen3-asr	RES0007	10	122
figshare-osce	qwen3-asr	RES0008	9	80
figshare-osce	qwen3-asr	RES0009	10	106
figshare-osce	qwen3-asr	RES0010	5	85
figshare-osce	qwen3-asr	RES0011	16	116
figshare-osce	qwen3-asr	RES0012	14	161
figshare-osce	qwen3-asr	RES0013	6	91
figshare-osce	qwen3-asr	RES0014	6	118
figshare-osce	qwen3-asr	RES0015	8	130
figshare-osce	qwen3-asr	RES0016	5	122
figshare-osce	qwen3-asr	RES0017	7	143
figshare-osce	qwen3-asr	RES0018	11	118
figshare-osce	qwen3-asr	RES0019	12	141
figshare-osce	qwen3-asr	RES0020	11	121
figshare-osce	qwen3-asr	RES0021	12	132
figshare-osce	qwen3-asr	RES0022	11	138
figshare-osce	qwen3-asr	RES0023	11	72
figshare-osce	qwen3-asr	RES0024	6	93
figshare-osce	qwen3-asr	RES0025	10	108
figshare-osce	qwen3-asr	RES0026	19	141
figshare-osce	qwen3-asr	RES0027	11	119
figshare-osce	qwen3-asr	RES0028	14	106
figshare-osce	qwen3-asr	RES0029	6	63
figshare-osce	qwen3-asr	RES0030	12	110
figshare-osce	qwen3-asr	RES0031	3	106
figshare-osce	qwen3-asr	RES0032	8	98
figshare-osce	qwen3-asr	RES0033	6	107
figshare-osce	qwen3-asr	RES0034	13	163
figshare-osce	qwen3-asr	RES0035	2	99
figshare-osce	qwen3-asr	RES0036	4	103
figshare-osce	qwen3-asr	RES0037	9	118
figshare-osce	qwen3-asr	RES0038	15	145
figshare-osce	qwen3-asr	RES0039	13	151
figshare-osce	qwen3-asr	RES0042	16	110
figshare-osce	qwen3-asr	RES0043	4	124
figshare-osce	qwen3-asr	RES0044	4	140
figshare-osce	qwen3-asr	RES0045	5	116
figshare-osce	qwen3-asr	RES0046	9	145
figshare-osce	qwen3-asr	RES0047	14	144
figshare-osce	qwen3-asr	RES0048	18	154
figshare-osce	qwen3-asr	RES0049	11	139
figshare-osce	qwen3-asr	RES0050	6	104
figshare-osce	qwen3-asr	RES0051	4	104
figshare-osce	qwen3-asr	RES0052	5	79
figshare-osce	qwen3-asr	RES0053	11	196
figshare-osce	qwen3-asr	RES0054	29	205
figshare-osce	qwen3-asr	RES0055	12	132
figshare-osce	qwen3-asr	RES0056	9	120
figshare-osce	qwen3-asr	RES0057	13	122
figshare-osce	qwen3-asr	RES0058	8	141
figshare-osce	qwen3-asr	RES0059	10	147
figshare-osce	qwen3-asr	RES0060	20	150
figshare-osce	qwen3-asr	RES0061	12	163
figshare-osce	qwen3-asr	RES0062	12	157
figshare-osce	qwen3-asr	RES0063	11	143
figshare-osce	qwen3-asr	RES0064	16	117
figshare-osce	qwen3-asr	RES0065	10	117
figshare-osce	qwen3-asr	RES0066	11	116
figshare-osce	qwen3-asr	RES0067	5	76
figshare-osce	qwen3-asr	RES0068	7	110
figshare-osce	qwen3-asr	RES0069	13	91
figshare-osce	qwen3-asr	RES0070	7	95
figshare-osce	qwen3-asr	RES0071	4	106
figshare-osce	qwen3-asr	RES0072	14	109
figshare-osce	qwen3-asr	RES0073	7	136
figshare-osce	qwen3-asr	RES0074	5	115
figshare-osce	qwen3-asr	RES0075	5	96
figshare-osce	qwen3-asr	RES0076	9	127
figshare-osce	qwen3-asr	RES0077	6	120
figshare-osce	qwen3-asr	RES0078	10	104
figshare-osce	qwen3-asr	RES0079	8	90
figshare-osce	qwen3-asr	RES0080	8	89
figshare-osce	qwen3-asr	RES0081	11	123
figshare-osce	qwen3-asr	RES0082	2	91
figshare-osce	qwen3-asr	RES0083	5	109
figshare-osce	qwen3-asr	RES0084	5	146
figshare-osce	qwen3-asr	RES0085	8	87
figshare-osce	qwen3-asr	RES0086	15	135
figshare-osce	qwen3-asr	RES0087	6	125
figshare-osce	qwen3-asr	RES0088	7	131
figshare-osce	qwen3-asr	RES0089	13	147
figshare-osce	qwen3-asr	RES0090	2	95
figshare-osce	qwen3-asr	RES0091	4	77
figshare-osce	qwen3-asr	RES0092	15	74
figshare-osce	qwen3-asr	RES0093	16	134
figshare-osce	qwen3-asr	RES0094	10	85
figshare-osce	qwen3-asr	RES0095	7	133
figshare-osce	qwen3-asr	RES0096	13	110
figshare-osce	qwen3-asr	RES0097	10	128
figshare-osce	qwen3-asr	RES0098	2	134
figshare-osce	qwen3-asr	RES0099	10	155
figshare-osce	qwen3-asr	RES0100	5	148
figshare-osce	qwen3-asr	RES0101	8	139
figshare-osce	qwen3-asr	RES0102	23	176
figshare-osce	qwen3-asr	RES0103	4	111
figshare-osce	qwen3-asr	RES0104	14	136
figshare-osce	qwen3-asr	RES0105	13	115
figshare-osce	qwen3-asr	RES0106	7	112
figshare-osce	qwen3-asr	RES0107	12	155
figshare-osce	qwen3-asr	RES0108	12	98
figshare-osce	qwen3-asr	RES0109	11	91
figshare-osce	qwen3-asr	RES0110	16	145
figshare-osce	qwen3-asr	RES0111	6	100
figshare-osce	qwen3-asr	RES0112	6	86
figshare-osce	qwen3-asr	RES0113	9	93
figshare-osce	qwen3-asr	RES0114	9	126
figshare-osce	qwen3-asr	RES0116	16	144
figshare-osce	qwen3-asr	RES0117	16	97
figshare-osce	qwen3-asr	RES0118	2	95
figshare-osce	qwen3-asr	RES0119	4	117
figshare-osce	qwen3-asr	RES0120	6	130
figshare-osce	qwen3-asr	RES0121	5	90
figshare-osce	qwen3-asr	RES0122	10	98
figshare-osce	qwen3-asr	RES0123	10	151
figshare-osce	qwen3-asr	RES0124	8	143
figshare-osce	qwen3-asr	RES0125	11	125
figshare-osce	qwen3-asr	RES0126	16	135
figshare-osce	qwen3-asr	RES0127	8	117
figshare-osce	qwen3-asr	RES0128	4	102
figshare-osce	qwen3-asr	RES0129	6	107
figshare-osce	qwen3-asr	RES0130	12	113
figshare-osce	qwen3-asr	RES0131	12	117
figshare-osce	qwen3-asr	RES0132	8	97
figshare-osce	qwen3-asr	RES0133	7	114
figshare-osce	qwen3-asr	RES0134	15	143
figshare-osce	qwen3-asr	RES0135	5	106
figshare-osce	qwen3-asr	RES0136	10	119
figshare-osce	qwen3-asr	RES0137	13	145
figshare-osce	qwen3-asr	RES0138	24	124
figshare-osce	qwen3-asr	RES0139	19	105
figshare-osce	qwen3-asr	RES0140	9	84
figshare-osce	qwen3-asr	RES0141	23	102
figshare-osce	qwen3-asr	RES0142	12	86
figshare-osce	qwen3-asr	RES0143	12	114
figshare-osce	qwen3-asr	RES0144	9	86
figshare-osce	qwen3-asr	RES0145	13	135
figshare-osce	qwen3-asr	RES0146	6	74
figshare-osce	qwen3-asr	RES0147	13	102
figshare-osce	qwen3-asr	RES0148	5	101
figshare-osce	qwen3-asr	RES0149	5	113
figshare-osce	qwen3-asr	RES0150	11	110
figshare-osce	qwen3-asr	RES0151	9	105
figshare-osce	qwen3-asr	RES0152	5	96
figshare-osce	qwen3-asr	RES0153	7	97
figshare-osce	qwen3-asr	RES0154	12	97
figshare-osce	qwen3-asr	RES0155	13	120
figshare-osce	qwen3-asr	RES0156	10	95
figshare-osce	qwen3-asr	RES0158	2	82
figshare-osce	qwen3-asr	RES0159	2	85
figshare-osce	qwen3-asr	RES0160	28	112
figshare-osce	qwen3-asr	RES0161	11	102
figshare-osce	qwen3-asr	RES0162	11	111
figshare-osce	qwen3-asr	RES0163	10	100
figshare-osce	qwen3-asr	RES0164	9	113
figshare-osce	qwen3-asr	RES0165	8	81
figshare-osce	qwen3-asr	RES0166	14	91
figshare-osce	qwen3-asr	RES0167	11	89
figshare-osce	qwen3-asr	RES0168	13	103
figshare-osce	qwen3-asr	RES0169	8	88
figshare-osce	qwen3-asr	RES0170	4	102
figshare-osce	qwen3-asr	RES0171	8	115
figshare-osce	qwen3-asr	RES0172	9	101
figshare-osce	qwen3-asr	RES0173	5	102
figshare-osce	qwen3-asr	RES0174	11	124
figshare-osce	qwen3-asr	RES0175	8	98
figshare-osce	qwen3-asr	RES0176	6	119
figshare-osce	qwen3-asr	RES0177	11	124
figshare-osce	qwen3-asr	RES0178	11	108
figshare-osce	qwen3-asr	RES0179	19	121
figshare-osce	qwen3-asr	RES0180	11	92
figshare-osce	qwen3-asr	RES0181	3	133
figshare-osce	qwen3-asr	RES0182	4	92
figshare-osce	qwen3-asr	RES0183	19	126
figshare-osce	qwen3-asr	RES0184	5	98
figshare-osce	qwen3-asr	RES0185	7	96
figshare-osce	qwen3-asr	RES0186	7	93
figshare-osce	qwen3-asr	RES0187	10	123
figshare-osce	qwen3-asr	RES0188	11	86
figshare-osce	qwen3-asr	RES0189	19	131
figshare-osce	qwen3-asr	RES0190	9	142
figshare-osce	qwen3-asr	RES0191	4	98
figshare-osce	qwen3-asr	RES0192	6	116
figshare-osce	qwen3-asr	RES0193	16	125
figshare-osce	qwen3-asr	RES0194	11	140
figshare-osce	qwen3-asr	RES0195	11	129
figshare-osce	qwen3-asr	RES0196	3	82
figshare-osce	qwen3-asr	RES0197	16	87
figshare-osce	qwen3-asr	RES0198	4	85
figshare-osce	qwen3-asr	RES0199	4	117
figshare-osce	qwen3-asr	RES0200	8	120
figshare-osce	qwen3-asr	RES0201	5	73
figshare-osce	qwen3-asr	RES0202	6	125
figshare-osce	qwen3-asr	RES0203	7	81
figshare-osce	qwen3-asr	RES0204	6	61
figshare-osce	qwen3-asr	RES0205	5	77
figshare-osce	qwen3-asr	RES0206	8	104
figshare-osce	qwen3-asr	RES0207	4	50
figshare-osce	qwen3-asr	RES0208	9	111
figshare-osce	qwen3-asr	RES0209	7	78
figshare-osce	qwen3-asr	RES0210	9	78
figshare-osce	qwen3-asr	RES0211	5	112
figshare-osce	qwen3-asr	RES0212	4	81
figshare-osce	qwen3-asr	RES0213	11	93
figshare-osce	qwen3-asr	RES0214	5	101
figshare-osce	qwen3-asr	RES0215	12	92
figshare-osce	qwen3-asr	RES0216	7	93
figshare-osce	qwen3-asr	RES0217	4	105
figshare-osce	sensevoice	CAR0001	1	87
figshare-osce	sensevoice	CAR0002	12	99
figshare-osce	sensevoice	CAR0003	8	122
figshare-osce	sensevoice	CAR0004	6	74
figshare-osce	sensevoice	CAR0005	10	70
figshare-osce	sensevoice	DER0001	20	120
figshare-osce	sensevoice	GAS0001	13	74
figshare-osce	sensevoice	GAS0002	7	73
figshare-osce	sensevoice	GAS0003	12	77
figshare-osce	sensevoice	GAS0004	12	75
figshare-osce	sensevoice	GAS0005	12	125
figshare-osce	sensevoice	GAS0007	10	60
figshare-osce	sensevoice	GEN0001	10	71
figshare-osce	sensevoice	MSK0001	13	112
figshare-osce	sensevoice	MSK0003	26	161
figshare-osce	sensevoice	MSK0004	13	116
figshare-osce	sensevoice	MSK0005	24	138
figshare-osce	sensevoice	MSK0006	39	194
figshare-osce	sensevoice	MSK0007	14	143
figshare-osce	sensevoice	MSK0008	15	154
figshare-osce	sensevoice	MSK0009	13	184
figshare-osce	sensevoice	MSK0010	11	142
figshare-osce	sensevoice	MSK0011	11	153
figshare-osce	sensevoice	MSK0012	17	163
figshare-osce	sensevoice	MSK0013	19	188
figshare-osce	sensevoice	MSK0014	11	171
figshare-osce	sensevoice	MSK0015	20	175
figshare-osce	sensevoice	MSK0016	21	216
figshare-osce	sensevoice	MSK0017	17	163
figshare-osce	sensevoice	MSK0018	10	94
figshare-osce	sensevoice	MSK0019	20	124
figshare-osce	sensevoice	MSK0020	19	179
figshare-osce	sensevoice	MSK0021	26	183
figshare-osce	sensevoice	MSK0022	13	210
figshare-osce	sensevoice	MSK0023	3	103
figshare-osce	sensevoice	MSK0024	12	117
figshare-osce	sensevoice	MSK0025	11	146
figshare-osce	sensevoice	MSK0026	17	138
figshare-osce	sensevoice	MSK0027	11	151
figshare-osce	sensevoice	MSK0028	19	157
figshare-osce	sensevoice	MSK0029	27	212
figshare-osce	sensevoice	MSK0031	15	132
figshare-osce	sensevoice	MSK0032	8	105
figshare-osce	sensevoice	MSK0033	15	141
figshare-osce	sensevoice	MSK0034	18	147
figshare-osce	sensevoice	MSK0035	18	169
figshare-osce	sensevoice	MSK0036	17	191
figshare-osce	sensevoice	MSK0037	12	174
figshare-osce	sensevoice	MSK0038	12	186
figshare-osce	sensevoice	MSK0039	13	124
figshare-osce	sensevoice	MSK0040	12	153
figshare-osce	sensevoice	MSK0041	18	176
figshare-osce	sensevoice	MSK0042	18	144
figshare-osce	sensevoice	MSK0043	26	173
figshare-osce	sensevoice	MSK0044	11	91
figshare-osce	sensevoice	MSK0045	15	123
figshare-osce	sensevoice	MSK0046	10	111
figshare-osce	sensevoice	MSK0049	14	149
figshare-osce	sensevoice	MSK0050	8	140
figshare-osce	sensevoice	RES0001	9	147
figshare-osce	sensevoice	RES0002	5	87
figshare-osce	sensevoice	RES0003	7	113
figshare-osce	sensevoice	RES0004	17	140
figshare-osce	sensevoice	RES0005	12	146
figshare-osce	sensevoice	RES0006	7	106
figshare-osce	sensevoice	RES0007	6	122
figshare-osce	sensevoice	RES0008	11	80
figshare-osce	sensevoice	RES0009	12	106
figshare-osce	sensevoice	RES0010	11	85
figshare-osce	sensevoice	RES0011	8	116
figshare-osce	sensevoice	RES0012	27	161
figshare-osce	sensevoice	RES0013	10	91
figshare-osce	sensevoice	RES0014	16	118
figshare-osce	sensevoice	RES0015	11	130
figshare-osce	sensevoice	RES0016	10	122
figshare-osce	sensevoice	RES0017	7	143
figshare-osce	sensevoice	RES0018	8	118
figshare-osce	sensevoice	RES0019	9	141
figshare-osce	sensevoice	RES0020	14	121
figshare-osce	sensevoice	RES0021	13	132
figshare-osce	sensevoice	RES0022	13	138
figshare-osce	sensevoice	RES0023	15	72
figshare-osce	sensevoice	RES0024	6	93
figshare-osce	sensevoice	RES0025	14	108
figshare-osce	sensevoice	RES0026	14	141
figshare-osce	sensevoice	RES0027	10	119
figshare-osce	sensevoice	RES0028	8	106
figshare-osce	sensevoice	RES0029	10	63
figshare-osce	sensevoice	RES0030	9	110
figshare-osce	sensevoice	RES0031	11	106
figshare-osce	sensevoice	RES0032	10	98
figshare-osce	sensevoice	RES0033	7	107
figshare-osce	sensevoice	RES0034	16	163
figshare-osce	sensevoice	RES0035	5	99
figshare-osce	sensevoice	RES0036	6	103
figshare-osce	sensevoice	RES0037	12	118
figshare-osce	sensevoice	RES0038	9	145
figshare-osce	sensevoice	RES0039	13	151
figshare-osce	sensevoice	RES0042	21	110
figshare-osce	sensevoice	RES0043	11	124
figshare-osce	sensevoice	RES0044	10	140
figshare-osce	sensevoice	RES0045	7	116
figshare-osce	sensevoice	RES0046	16	145
figshare-osce	sensevoice	RES0047	16	144
figshare-osce	sensevoice	RES0048	17	154
figshare-osce	sensevoice	RES0049	17	139
figshare-osce	sensevoice	RES0050	6	104
figshare-osce	sensevoice	RES0051	7	104
figshare-osce	sensevoice	RES0052	6	79
figshare-osce	sensevoice	RES0053	19	196
figshare-osce	sensevoice	RES0054	43	205
figshare-osce	sensevoice	RES0055	17	132
figshare-osce	sensevoice	RES0056	15	120
figshare-osce	sensevoice	RES0057	14	122
figshare-osce	sensevoice	RES0058	14	141
figshare-osce	sensevoice	RES0059	14	147
figshare-osce	sensevoice	RES0060	16	150
figshare-osce	sensevoice	RES0061	17	163
figshare-osce	sensevoice	RES0062	17	157
figshare-osce	sensevoice	RES0063	18	143
figshare-osce	sensevoice	RES0064	17	117
figshare-osce	sensevoice	RES0065	11	117
figshare-osce	sensevoice	RES0066	10	116
figshare-osce	sensevoice	RES0067	8	76
figshare-osce	sensevoice	RES0068	7	110
figshare-osce	sensevoice	RES0069	10	91
figshare-osce	sensevoice	RES0070	12	95
figshare-osce	sensevoice	RES0071	9	106
figshare-osce	sensevoice	RES0072	11	109
figshare-osce	sensevoice	RES0073	8	136
figshare-osce	sensevoice	RES0074	7	115
figshare-osce	sensevoice	RES0075	8	96
figshare-osce	sensevoice	RES0076	19	127
figshare-osce	sensevoice	RES0077	13	120
figshare-osce	sensevoice	RES0078	17	104
figshare-osce	sensevoice	RES0079	16	90
figshare-osce	sensevoice	RES0080	9	89
figshare-osce	sensevoice	RES0081	23	123
figshare-osce	sensevoice	RES0082	14	91
figshare-osce	sensevoice	RES0083	18	109
figshare-osce	sensevoice	RES0084	9	146
figshare-osce	sensevoice	RES0085	9	87
figshare-osce	sensevoice	RES0086	18	135
figshare-osce	sensevoice	RES0087	18	125
figshare-osce	sensevoice	RES0088	8	131
figshare-osce	sensevoice	RES0089	10	147
figshare-osce	sensevoice	RES0090	3	95
figshare-osce	sensevoice	RES0091	4	77
figshare-osce	sensevoice	RES0092	12	74
figshare-osce	sensevoice	RES0093	24	134
figshare-osce	sensevoice	RES0094	18	85
figshare-osce	sensevoice	RES0095	16	133
figshare-osce	sensevoice	RES0096	10	110
figshare-osce	sensevoice	RES0097	19	128
figshare-osce	sensevoice	RES0098	8	134
figshare-osce	sensevoice	RES0099	12	155
figshare-osce	sensevoice	RES0100	8	148
figshare-osce	sensevoice	RES0101	7	139
figshare-osce	sensevoice	RES0102	16	176
figshare-osce	sensevoice	RES0103	9	111
figshare-osce	sensevoice	RES0104	14	136
figshare-osce	sensevoice	RES0105	16	115
figshare-osce	sensevoice	RES0106	13	112
figshare-osce	sensevoice	RES0107	20	155
figshare-osce	sensevoice	RES0108	21	98
figshare-osce	sensevoice	RES0109	13	91
figshare-osce	sensevoice	RES0110	19	145
figshare-osce	sensevoice	RES0111	10	100
figshare-osce	sensevoice	RES0112	11	86
figshare-osce	sensevoice	RES0113	11	93
figshare-osce	sensevoice	RES0114	20	126
figshare-osce	sensevoice	RES0116	23	144
figshare-osce	sensevoice	RES0117	7	97
figshare-osce	sensevoice	RES0118	9	95
figshare-osce	sensevoice	RES0119	14	117
figshare-osce	sensevoice	RES0120	9	130
figshare-osce	sensevoice	RES0121	5	90
figshare-osce	sensevoice	RES0122	17	98
figshare-osce	sensevoice	RES0123	24	151
figshare-osce	sensevoice	RES0124	20	143
figshare-osce	sensevoice	RES0125	18	125
figshare-osce	sensevoice	RES0126	21	135
figshare-osce	sensevoice	RES0127	20	117
figshare-osce	sensevoice	RES0128	17	102
figshare-osce	sensevoice	RES0129	20	107
figshare-osce	sensevoice	RES0130	16	113
figshare-osce	sensevoice	RES0131	21	117
figshare-osce	sensevoice	RES0132	8	97
figshare-osce	sensevoice	RES0133	8	114
figshare-osce	sensevoice	RES0134	18	143
figshare-osce	sensevoice	RES0135	8	106
figshare-osce	sensevoice	RES0136	18	119
figshare-osce	sensevoice	RES0137	11	145
figshare-osce	sensevoice	RES0138	26	124
figshare-osce	sensevoice	RES0139	18	105
figshare-osce	sensevoice	RES0140	12	84
figshare-osce	sensevoice	RES0141	17	102
figshare-osce	sensevoice	RES0142	18	86
figshare-osce	sensevoice	RES0143	20	114
figshare-osce	sensevoice	RES0144	13	86
figshare-osce	sensevoice	RES0145	18	135
figshare-osce	sensevoice	RES0146	10	74
figshare-osce	sensevoice	RES0147	17	102
figshare-osce	sensevoice	RES0148	10	101
figshare-osce	sensevoice	RES0149	6	113
figshare-osce	sensevoice	RES0150	9	110
figshare-osce	sensevoice	RES0151	5	105
figshare-osce	sensevoice	RES0152	9	96
figshare-osce	sensevoice	RES0153	13	97
figshare-osce	sensevoice	RES0154	15	97
figshare-osce	sensevoice	RES0155	19	120
figshare-osce	sensevoice	RES0156	18	95
figshare-osce	sensevoice	RES0158	10	82
figshare-osce	sensevoice	RES0159	13	85
figshare-osce	sensevoice	RES0160	14	112
figshare-osce	sensevoice	RES0161	13	102
figshare-osce	sensevoice	RES0162	16	111
figshare-osce	sensevoice	RES0163	12	100
figshare-osce	sensevoice	RES0164	16	113
figshare-osce	sensevoice	RES0165	12	81
figshare-osce	sensevoice	RES0166	20	91
figshare-osce	sensevoice	RES0167	18	89
figshare-osce	sensevoice	RES0168	18	103
figshare-osce	sensevoice	RES0169	14	88
figshare-osce	sensevoice	RES0170	7	102
figshare-osce	sensevoice	RES0171	16	115
figshare-osce	sensevoice	RES0172	10	101
figshare-osce	sensevoice	RES0173	11	102
figshare-osce	sensevoice	RES0174	14	124
figshare-osce	sensevoice	RES0175	16	98
figshare-osce	sensevoice	RES0176	9	119
figshare-osce	sensevoice	RES0177	19	124
figshare-osce	sensevoice	RES0178	14	108
figshare-osce	sensevoice	RES0179	16	121
figshare-osce	sensevoice	RES0180	12	92
figshare-osce	sensevoice	RES0181	8	133
figshare-osce	sensevoice	RES0182	7	92
figshare-osce	sensevoice	RES0183	14	126
figshare-osce	sensevoice	RES0184	7	98
figshare-osce	sensevoice	RES0185	10	96
figshare-osce	sensevoice	RES0186	7	93
figshare-osce	sensevoice	RES0187	17	123
figshare-osce	sensevoice	RES0188	13	86
figshare-osce	sensevoice	RES0189	12	131
figshare-osce	sensevoice	RES0190	10	142
figshare-osce	sensevoice	RES0191	9	98
figshare-osce	sensevoice	RES0192	12	116
figshare-osce	sensevoice	RES0193	15	125
figshare-osce	sensevoice	RES0194	20	140
figshare-osce	sensevoice	RES0195	17	129
figshare-osce	sensevoice	RES0196	10	82
figshare-osce	sensevoice	RES0197	13	87
figshare-osce	sensevoice	RES0198	9	85
figshare-osce	sensevoice	RES0199	13	117
figshare-osce	sensevoice	RES0200	17	120
figshare-osce	sensevoice	RES0201	9	73
figshare-osce	sensevoice	RES0202	12	125
figshare-osce	sensevoice	RES0203	14	81
figshare-osce	sensevoice	RES0204	5	61
figshare-osce	sensevoice	RES0205	12	77
figshare-osce	sensevoice	RES0206	9	104
figshare-osce	sensevoice	RES0207	7	50
figshare-osce	sensevoice	RES0208	22	111
figshare-osce	sensevoice	RES0209	13	78
figshare-osce	sensevoice	RES0210	11	78
figshare-osce	sensevoice	RES0211	16	112
figshare-osce	sensevoice	RES0212	2	81
figshare-osce	sensevoice	RES0213	10	93
figshare-osce	sensevoice	RES0214	8	101
figshare-osce	sensevoice	RES0215	8	92
figshare-osce	sensevoice	RES0216	11	93
figshare-osce	sensevoice	RES0217	12	105
figshare-osce	sensevoice-no-itn	CAR0001	6	87
figshare-osce	sensevoice-no-itn	CAR0002	13	99
figshare-osce	sensevoice-no-itn	CAR0003	15	122
figshare-osce	sensevoice-no-itn	CAR0004	6	74
figshare-osce	sensevoice-no-itn	CAR0005	7	70
figshare-osce	sensevoice-no-itn	DER0001	18	120
figshare-osce	sensevoice-no-itn	GAS0001	11	74
figshare-osce	sensevoice-no-itn	GAS0002	7	73
figshare-osce	sensevoice-no-itn	GAS0003	15	77
figshare-osce	sensevoice-no-itn	GAS0004	13	75
figshare-osce	sensevoice-no-itn	GAS0005	15	125
figshare-osce	sensevoice-no-itn	GAS0007	11	60
figshare-osce	sensevoice-no-itn	GEN0001	12	71
figshare-osce	sensevoice-no-itn	MSK0001	14	112
figshare-osce	sensevoice-no-itn	MSK0003	27	161
figshare-osce	sensevoice-no-itn	MSK0004	13	116
figshare-osce	sensevoice-no-itn	MSK0005	23	138
figshare-osce	sensevoice-no-itn	MSK0006	49	194
figshare-osce	sensevoice-no-itn	MSK0007	14	143
figshare-osce	sensevoice-no-itn	MSK0008	18	154
figshare-osce	sensevoice-no-itn	MSK0009	12	184
figshare-osce	sensevoice-no-itn	MSK0010	10	142
figshare-osce	sensevoice-no-itn	MSK0011	11	153
figshare-osce	sensevoice-no-itn	MSK0012	17	163
figshare-osce	sensevoice-no-itn	MSK0013	20	188
figshare-osce	sensevoice-no-itn	MSK0014	10	171
figshare-osce	sensevoice-no-itn	MSK0015	17	175
figshare-osce	sensevoice-no-itn	MSK0016	25	216
figshare-osce	sensevoice-no-itn	MSK0017	15	163
figshare-osce	sensevoice-no-itn	MSK0018	12	94
figshare-osce	sensevoice-no-itn	MSK0019	22	124
figshare-osce	sensevoice-no-itn	MSK0020	19	179
figshare-osce	sensevoice-no-itn	MSK0021	22	183
figshare-osce	sensevoice-no-itn	MSK0022	14	210
figshare-osce	sensevoice-no-itn	MSK0023	2	103
figshare-osce	sensevoice-no-itn	MSK0024	12	117
figshare-osce	sensevoice-no-itn	MSK0025	15	146
figshare-osce	sensevoice-no-itn	MSK0026	17	138
figshare-osce	sensevoice-no-itn	MSK0027	8	151
figshare-osce	sensevoice-no-itn	MSK0028	18	157
figshare-osce	sensevoice-no-itn	MSK0029	31	212
figshare-osce	sensevoice-no-itn	MSK0031	16	132
figshare-osce	sensevoice-no-itn	MSK0032	11	105
figshare-osce	sensevoice-no-itn	MSK0033	16	141
figshare-osce	sensevoice-no-itn	MSK0034	21	147
figshare-osce	sensevoice-no-itn	MSK0035	17	169
figshare-osce	sensevoice-no-itn	MSK0036	15	191
figshare-osce	sensevoice-no-itn	MSK0037	12	174
figshare-osce	sensevoice-no-itn	MSK0038	13	186
figshare-osce	sensevoice-no-itn	MSK0039	14	124
figshare-osce	sensevoice-no-itn	MSK0040	12	153
figshare-osce	sensevoice-no-itn	MSK0041	18	176
figshare-osce	sensevoice-no-itn	MSK0042	22	144
figshare-osce	sensevoice-no-itn	MSK0043	25	173
figshare-osce	sensevoice-no-itn	MSK0044	13	91
figshare-osce	sensevoice-no-itn	MSK0045	15	123
figshare-osce	sensevoice-no-itn	MSK0046	9	111
figshare-osce	sensevoice-no-itn	MSK0049	13	149
figshare-osce	sensevoice-no-itn	MSK0050	10	140
figshare-osce	sensevoice-no-itn	RES0001	13	147
figshare-osce	sensevoice-no-itn	RES0002	5	87
figshare-osce	sensevoice-no-itn	RES0003	7	113
figshare-osce	sensevoice-no-itn	RES0004	18	140
figshare-osce	sensevoice-no-itn	RES0005	11	146
figshare-osce	sensevoice-no-itn	RES0006	6	106
figshare-osce	sensevoice-no-itn	RES0007	6	122
figshare-osce	sensevoice-no-itn	RES0008	11	80
figshare-osce	sensevoice-no-itn	RES0009	11	106
figshare-osce	sensevoice-no-itn	RES0010	11	85
figshare-osce	sensevoice-no-itn	RES0011	9	116
figshare-osce	sensevoice-no-itn	RES0012	27	161
figshare-osce	sensevoice-no-itn	RES0013	13	91
figshare-osce	sensevoice-no-itn	RES0014	18	118
figshare-osce	sensevoice-no-itn	RES0015	9	130
figshare-osce	sensevoice-no-itn	RES0016	10	122
figshare-osce	sensevoice-no-itn	RES0017	7	143
figshare-osce	sensevoice-no-itn	RES0018	9	118
figshare-osce	sensevoice-no-itn	RES0019	12	141
figshare-osce	sensevoice-no-itn	RES0020	17	121
figshare-osce	sensevoice-no-itn	RES0021	13	132
figshare-osce	sensevoice-no-itn	RES0022	19	138
figshare-osce	sensevoice-no-itn	RES0023	18	72
figshare-osce	sensevoice-no-itn	RES0024	9	93
figshare-osce	sensevoice-no-itn	RES0025	19	108
figshare-osce	sensevoice-no-itn	RES0026	16	141
figshare-osce	sensevoice-no-itn	RES0027	9	119
figshare-osce	sensevoice-no-itn	RES0028	8	106
figshare-osce	sensevoice-no-itn	RES0029	9	63
figshare-osce	sensevoice-no-itn	RES0030	12	110
figshare-osce	sensevoice-no-itn	RES0031	12	106
figshare-osce	sensevoice-no-itn	RES0032	13	98
figshare-osce	sensevoice-no-itn	RES0033	7	107
figshare-osce	sensevoice-no-itn	RES0034	18	163
figshare-osce	sensevoice-no-itn	RES0035	4	99
figshare-osce	sensevoice-no-itn	RES0036	7	103
figshare-osce	sensevoice-no-itn	RES0037	10	118
figshare-osce	sensevoice-no-itn	RES0038	18	145
figshare-osce	sensevoice-no-itn	RES0039	18	151
figshare-osce	sensevoice-no-itn	RES0042	27	110
figshare-osce	sensevoice-no-itn	RES0043	15	124
figshare-osce	sensevoice-no-itn	RES0044	13	140
figshare-osce	sensevoice-no-itn	RES0045	8	116
figshare-osce	sensevoice-no-itn	RES0046	20	145
figshare-osce	sensevoice-no-itn	RES0047	19	144
figshare-osce	sensevoice-no-itn	RES0048	32	154
figshare-osce	sensevoice-no-itn	RES0049	20	139
figshare-osce	sensevoice-no-itn	RES0050	8	104
figshare-osce	sensevoice-no-itn	RES0051	7	104
figshare-osce	sensevoice-no-itn	RES0052	5	79
figshare-osce	sensevoice-no-itn	RES0053	21	196
figshare-osce	sensevoice-no-itn	RES0054	50	205
figshare-osce	sensevoice-no-itn	RES0055	19	132
figshare-osce	sensevoice-no-itn	RES0056	14	120
figshare-osce	sensevoice-no-itn	RES0057	21	122
figshare-osce	sensevoice-no-itn	RES0058	14	141
figshare-osce	sensevoice-no-itn	RES0059	13	147
figshare-osce	sensevoice-no-itn	RES0060	17	150
figshare-osce	sensevoice-no-itn	RES0061	18	163
figshare-osce	sensevoice-no-itn	RES0062	18	157
figshare-osce	sensevoice-no-itn	RES0063	18	143
figshare-osce	sensevoice-no-itn	RES0064	23	117
figshare-osce	sensevoice-no-itn	RES0065	13	117
figshare-osce	sensevoice-no-itn	RES0066	11	116
figshare-osce	sensevoice-no-itn	RES0067	7	76
figshare-osce	sensevoice-no-itn	RES0068	7	110
figshare-osce	sensevoice-no-itn	RES0069	22	91
figshare-osce	sensevoice-no-itn	RES0070	14	95
figshare-osce	sensevoice-no-itn	RES0071	10	106
figshare-osce	sensevoice-no-itn	RES0072	12	109
figshare-osce	sensevoice-no-itn	RES0073	14	136
figshare-osce	sensevoice-no-itn	RES0074	7	115
figshare-osce	sensevoice-no-itn	RES0075	8	96
figshare-osce	sensevoice-no-itn	RES0076	16	127
figshare-osce	sensevoice-no-itn	RES0077	13	120
figshare-osce	sensevoice-no-itn	RES0078	20	104
figshare-osce	sensevoice-no-itn	RES0079	15	90
figshare-osce	sensevoice-no-itn	RES0080	10	89
figshare-osce	sensevoice-no-itn	RES0081	25	123
figshare-osce	sensevoice-no-itn	RES0082	15	91
figshare-osce	sensevoice-no-itn	RES0083	20	109
figshare-osce	sensevoice-no-itn	RES0084	11	146
figshare-osce	sensevoice-no-itn	RES0085	12	87
figshare-osce	sensevoice-no-itn	RES0086	16	135
figshare-osce	sensevoice-no-itn	RES0087	19	125
figshare-osce	sensevoice-no-itn	RES0088	10	131
figshare-osce	sensevoice-no-itn	RES0089	10	147
figshare-osce	sensevoice-no-itn	RES0090	4	95
figshare-osce	sensevoice-no-itn	RES0091	5	77
figshare-osce	sensevoice-no-itn	RES0092	14	74
figshare-osce	sensevoice-no-itn	RES0093	27	134
figshare-osce	sensevoice-no-itn	RES0094	19	85
figshare-osce	sensevoice-no-itn	RES0095	15	133
figshare-osce	sensevoice-no-itn	RES0096	26	110
figshare-osce	sensevoice-no-itn	RES0097	20	128
figshare-osce	sensevoice-no-itn	RES0098	7	134
figshare-osce	sensevoice-no-itn	RES0099	13	155
figshare-osce	sensevoice-no-itn	RES0100	7	148
figshare-osce	sensevoice-no-itn	RES0101	10	139
figshare-osce	sensevoice-no-itn	RES0102	17	176
figshare-osce	sensevoice-no-itn	RES0103	10	111
figshare-osce	sensevoice-no-itn	RES0104	14	136
figshare-osce	sensevoice-no-itn	RES0105	15	115
figshare-osce	sensevoice-no-itn	RES0106	13	112
figshare-osce	sensevoice-no-itn	RES0107	22	155
figshare-osce	sensevoice-no-itn	RES0108	22	98
figshare-osce	sensevoice-no-itn	RES0109	15	91
figshare-osce	sensevoice-no-itn	RES0110	22	145
figshare-osce	sensevoice-no-itn	RES0111	10	100
figshare-osce	sensevoice-no-itn	RES0112	11	86
figshare-osce	sensevoice-no-itn	RES0113	11	93
figshare-osce	sensevoice-no-itn	RES0114	25	126
figshare-osce	sensevoice-no-itn	RES0116	21	144
figshare-osce	sensevoice-no-itn	RES0117	10	97
figshare-osce	sensevoice-no-itn	RES0118	9	95
figshare-osce	sensevoice-no-itn	RES0119	11	117
figshare-osce	sensevoice-no-itn	RES0120	10	130
figshare-osce	sensevoice-no-itn	RES0121	5	90
figshare-osce	sensevoice-no-itn	RES0122	16	98
figshare-osce	sensevoice-no-itn	RES0123	25	151
figshare-osce	sensevoice-no-itn	RES0124	19	143
figshare-osce	sensevoice-no-itn	RES0125	20	125
figshare-osce	sensevoice-no-itn	RES0126	20	135
figshare-osce	sensevoice-no-itn	RES0127	22	117
figshare-osce	sensevoice-no-itn	RES0128	21	102
figshare-osce	sensevoice-no-itn	RES0129	22	107
figshare-osce	sensevoice-no-itn	RES0130	20	113
figshare-osce	sensevoice-no-itn	RES0131	23	117
figshare-osce	sensevoice-no-itn	RES0132	11	97
figshare-osce	sensevoice-no-itn	RES0133	8	114
figshare-osce	sensevoice-no-itn	RES0134	19	143
figshare-osce	sensevoice-no-itn	RES0135	10	106
figshare-osce	sensevoice-no-itn	RES0136	21	119
figshare-osce	sensevoice-no-itn	RES0137	10	145
figshare-osce	sensevoice-no-itn	RES0138	31	124
figshare-osce	sensevoice-no-itn	RES0139	18	105
figshare-osce	sensevoice-no-itn	RES0140	18	84
figshare-osce	sensevoice-no-itn	RES0141	20	102
figshare-osce	sensevoice-no-itn	RES0142	18	86
figshare-osce	sensevoice-no-itn	RES0143	21	114
figshare-osce	sensevoice-no-itn	RES0144	15	86
figshare-osce	sensevoice-no-itn	RES0145	22	135
figshare-osce	sensevoice-no-itn	RES0146	8	74
figshare-osce	sensevoice-no-itn	RES0147	17	102
figshare-osce	sensevoice-no-itn	RES0148	14	101
figshare-osce	sensevoice-no-itn	RES0149	9	113
figshare-osce	sensevoice-no-itn	RES0150	9	110
figshare-osce	sensevoice-no-itn	RES0151	9	105
figshare-osce	sensevoice-no-itn	RES0152	10	96
figshare-osce	sensevoice-no-itn	RES0153	15	97
figshare-osce	sensevoice-no-itn	RES0154	18	97
figshare-osce	sensevoice-no-itn	RES0155	18	120
figshare-osce	sensevoice-no-itn	RES0156	19	95
figshare-osce	sensevoice-no-itn	RES0158	14	82
figshare-osce	sensevoice-no-itn	RES0159	12	85
figshare-osce	sensevoice-no-itn	RES0160	19	112
figshare-osce	sensevoice-no-itn	RES0161	16	102
figshare-osce	sensevoice-no-itn	RES0162	18	111
figshare-osce	sensevoice-no-itn	RES0163	13	100
figshare-osce	sensevoice-no-itn	RES0164	18	113
figshare-osce	sensevoice-no-itn	RES0165	16	81
figshare-osce	sensevoice-no-itn	RES0166	23	91
figshare-osce	sensevoice-no-itn	RES0167	16	89
figshare-osce	sensevoice-no-itn	RES0168	17	103
figshare-osce	sensevoice-no-itn	RES0169	14	88
figshare-osce	sensevoice-no-itn	RES0170	7	102
figshare-osce	sensevoice-no-itn	RES0171	17	115
figshare-osce	sensevoice-no-itn	RES0172	14	101
figshare-osce	sensevoice-no-itn	RES0173	10	102
figshare-osce	sensevoice-no-itn	RES0174	17	124
figshare-osce	sensevoice-no-itn	RES0175	24	98
figshare-osce	sensevoice-no-itn	RES0176	11	119
figshare-osce	sensevoice-no-itn	RES0177	19	124
figshare-osce	sensevoice-no-itn	RES0178	18	108
figshare-osce	sensevoice-no-itn	RES0179	15	121
figshare-osce	sensevoice-no-itn	RES0180	12	92
figshare-osce	sensevoice-no-itn	RES0181	12	133
figshare-osce	sensevoice-no-itn	RES0182	8	92
figshare-osce	sensevoice-no-itn	RES0183	14	126
figshare-osce	sensevoice-no-itn	RES0184	9	98
figshare-osce	sensevoice-no-itn	RES0185	17	96
figshare-osce	sensevoice-no-itn	RES0186	7	93
figshare-osce	sensevoice-no-itn	RES0187	17	123
figshare-osce	sensevoice-no-itn	RES0188	11	86
figshare-osce	sensevoice-no-itn	RES0189	16	131
figshare-osce	sensevoice-no-itn	RES0190	14	142
figshare-osce	sensevoice-no-itn	RES0191	9	98
figshare-osce	sensevoice-no-itn	RES0192	21	116
figshare-osce	sensevoice-no-itn	RES0193	17	125
figshare-osce	sensevoice-no-itn	RES0194	25	140
figshare-osce	sensevoice-no-itn	RES0195	18	129
figshare-osce	sensevoice-no-itn	RES0196	9	82
figshare-osce	sensevoice-no-itn	RES0197	20	87
figshare-osce	sensevoice-no-itn	RES0198	8	85
figshare-osce	sensevoice-no-itn	RES0199	11	117
figshare-osce	sensevoice-no-itn	RES0200	17	120
figshare-osce	sensevoice-no-itn	RES0201	11	73
figshare-osce	sensevoice-no-itn	RES0202	13	125
figshare-osce	sensevoice-no-itn	RES0203	17	81
figshare-osce	sensevoice-no-itn	RES0204	10	61
figshare-osce	sensevoice-no-itn	RES0205	14	77
figshare-osce	sensevoice-no-itn	RES0206	10	104
figshare-osce	sensevoice-no-itn	RES0207	9	50
figshare-osce	sensevoice-no-itn	RES0208	23	111
figshare-osce	sensevoice-no-itn	RES0209	17	78
figshare-osce	sensevoice-no-itn	RES0210	13	78
figshare-osce	sensevoice-no-itn	RES0211	25	112
figshare-osce	sensevoice-no-itn	RES0212	2	81
figshare-osce	sensevoice-no-itn	RES0213	10	93
figshare-osce	sensevoice-no-itn	RES0214	8	101
figshare-osce	sensevoice-no-itn	RES0215	9	92
figshare-osce	sensevoice-no-itn	RES0216	12	93
figshare-osce	sensevoice-no-itn	RES0217	11	105
figshare-osce	whisper-base-en	CAR0001	1	87
figshare-osce	whisper-base-en	CAR0002	11	99
figshare-osce	whisper-base-en	CAR0003	7	122
figshare-osce	whisper-base-en	CAR0004	6	74
figshare-osce	whisper-base-en	CAR0005	7	70
figshare-osce	whisper-base-en	DER0001	18	120
figshare-osce	whisper-base-en	GAS0001	13	74
figshare-osce	whisper-base-en	GAS0002	8	73
figshare-osce	whisper-base-en	GAS0003	9	77
figshare-osce	whisper-base-en	GAS0004	8	75
figshare-osce	whisper-base-en	GAS0005	12	125
figshare-osce	whisper-base-en	GAS0007	12	60
figshare-osce	whisper-base-en	GEN0001	6	71
figshare-osce	whisper-base-en	MSK0001	9	112
figshare-osce	whisper-base-en	MSK0003	19	161
figshare-osce	whisper-base-en	MSK0004	14	116
figshare-osce	whisper-base-en	MSK0005	21	138
figshare-osce	whisper-base-en	MSK0006	20	194
figshare-osce	whisper-base-en	MSK0007	14	143
figshare-osce	whisper-base-en	MSK0008	18	154
figshare-osce	whisper-base-en	MSK0009	11	184
figshare-osce	whisper-base-en	MSK0010	7	142
figshare-osce	whisper-base-en	MSK0011	14	153
figshare-osce	whisper-base-en	MSK0012	15	163
figshare-osce	whisper-base-en	MSK0013	17	188
figshare-osce	whisper-base-en	MSK0014	11	171
figshare-osce	whisper-base-en	MSK0015	23	175
figshare-osce	whisper-base-en	MSK0016	14	216
figshare-osce	whisper-base-en	MSK0017	14	163
figshare-osce	whisper-base-en	MSK0018	11	94
figshare-osce	whisper-base-en	MSK0019	19	124
figshare-osce	whisper-base-en	MSK0020	17	179
figshare-osce	whisper-base-en	MSK0021	20	183
figshare-osce	whisper-base-en	MSK0022	17	210
figshare-osce	whisper-base-en	MSK0023	4	103
figshare-osce	whisper-base-en	MSK0024	12	117
figshare-osce	whisper-base-en	MSK0025	10	146
figshare-osce	whisper-base-en	MSK0026	11	138
figshare-osce	whisper-base-en	MSK0027	7	151
figshare-osce	whisper-base-en	MSK0028	14	157
figshare-osce	whisper-base-en	MSK0029	27	212
figshare-osce	whisper-base-en	MSK0031	18	132
figshare-osce	whisper-base-en	MSK0032	14	105
figshare-osce	whisper-base-en	MSK0033	17	141
figshare-osce	whisper-base-en	MSK0034	18	147
figshare-osce	whisper-base-en	MSK0035	16	169
figshare-osce	whisper-base-en	MSK0036	15	191
figshare-osce	whisper-base-en	MSK0037	11	174
figshare-osce	whisper-base-en	MSK0038	21	186
figshare-osce	whisper-base-en	MSK0039	12	124
figshare-osce	whisper-base-en	MSK0040	13	153
figshare-osce	whisper-base-en	MSK0041	19	176
figshare-osce	whisper-base-en	MSK0042	21	144
figshare-osce	whisper-base-en	MSK0043	31	173
figshare-osce	whisper-base-en	MSK0044	17	91
figshare-osce	whisper-base-en	MSK0045	17	123
figshare-osce	whisper-base-en	MSK0046	13	111
figshare-osce	whisper-base-en	MSK0049	11	149
figshare-osce	whisper-base-en	MSK0050	9	140
figshare-osce	whisper-base-en	RES0001	12	147
figshare-osce	whisper-base-en	RES0002	5	87
figshare-osce	whisper-base-en	RES0003	8	113
figshare-osce	whisper-base-en	RES0004	14	140
figshare-osce	whisper-base-en	RES0005	12	146
figshare-osce	whisper-base-en	RES0006	8	106
figshare-osce	whisper-base-en	RES0007	9	122
figshare-osce	whisper-base-en	RES0008	12	80
figshare-osce	whisper-base-en	RES0009	9	106
figshare-osce	whisper-base-en	RES0010	10	85
figshare-osce	whisper-base-en	RES0011	15	116
figshare-osce	whisper-base-en	RES0012	19	161
figshare-osce	whisper-base-en	RES0013	8	91
figshare-osce	whisper-base-en	RES0014	12	118
figshare-osce	whisper-base-en	RES0015	14	130
figshare-osce	whisper-base-en	RES0016	12	122
figshare-osce	whisper-base-en	RES0017	6	143
figshare-osce	whisper-base-en	RES0018	10	118
figshare-osce	whisper-base-en	RES0019	9	141
figshare-osce	whisper-base-en	RES0020	12	121
figshare-osce	whisper-base-en	RES0021	12	132
figshare-osce	whisper-base-en	RES0022	11	138
figshare-osce	whisper-base-en	RES0023	14	72
figshare-osce	whisper-base-en	RES0024	9	93
figshare-osce	whisper-base-en	RES0025	13	108
figshare-osce	whisper-base-en	RES0026	12	141
figshare-osce	whisper-base-en	RES0027	12	119
figshare-osce	whisper-base-en	RES0028	7	106
figshare-osce	whisper-base-en	RES0029	9	63
figshare-osce	whisper-base-en	RES0030	13	110
figshare-osce	whisper-base-en	RES0031	10	106
figshare-osce	whisper-base-en	RES0032	9	98
figshare-osce	whisper-base-en	RES0033	11	107
figshare-osce	whisper-base-en	RES0034	17	163
figshare-osce	whisper-base-en	RES0035	5	99
figshare-osce	whisper-base-en	RES0036	4	103
figshare-osce	whisper-base-en	RES0037	10	118
figshare-osce	whisper-base-en	RES0038	12	145
figshare-osce	whisper-base-en	RES0039	15	151
figshare-osce	whisper-base-en	RES0042	18	110
figshare-osce	whisper-base-en	RES0043	10	124
figshare-osce	whisper-base-en	RES0044	10	140
figshare-osce	whisper-base-en	RES0045	5	116
figshare-osce	whisper-base-en	RES0046	14	145
figshare-osce	whisper-base-en	RES0047	17	144
figshare-osce	whisper-base-en	RES0048	22	154
figshare-osce	whisper-base-en	RES0049	16	139
figshare-osce	whisper-base-en	RES0050	7	104
figshare-osce	whisper-base-en	RES0051	6	104
figshare-osce	whisper-base-en	RES0052	6	79
figshare-osce	whisper-base-en	RES0053	21	196
figshare-osce	whisper-base-en	RES0054	39	205
figshare-osce	whisper-base-en	RES0055	14	132
figshare-osce	whisper-base-en	RES0056	14	120
figshare-osce	whisper-base-en	RES0057	19	122
figshare-osce	whisper-base-en	RES0058	11	141
figshare-osce	whisper-base-en	RES0059	10	147
figshare-osce	whisper-base-en	RES0060	15	150
figshare-osce	whisper-base-en	RES0061	21	163
figshare-osce	whisper-base-en	RES0062	12	157
figshare-osce	whisper-base-en	RES0063	14	143
figshare-osce	whisper-base-en	RES0064	13	117
figshare-osce	whisper-base-en	RES0065	10	117
figshare-osce	whisper-base-en	RES0066	11	116
figshare-osce	whisper-base-en	RES0067	8	76
figshare-osce	whisper-base-en	RES0068	6	110
figshare-osce	whisper-base-en	RES0069	12	91
figshare-osce	whisper-base-en	RES0070	11	95
figshare-osce	whisper-base-en	RES0071	8	106
figshare-osce	whisper-base-en	RES0072	13	109
figshare-osce	whisper-base-en	RES0073	7	136
figshare-osce	whisper-base-en	RES0074	9	115
figshare-osce	whisper-base-en	RES0075	5	96
figshare-osce	whisper-base-en	RES0076	14	127
figshare-osce	whisper-base-en	RES0077	13	120
figshare-osce	whisper-base-en	RES0078	11	104
figshare-osce	whisper-base-en	RES0079	15	90
figshare-osce	whisper-base-en	RES0080	6	89
figshare-osce	whisper-base-en	RES0081	17	123
figshare-osce	whisper-base-en	RES0082	3	91
figshare-osce	whisper-base-en	RES0083	16	109
figshare-osce	whisper-base-en	RES0084	5	146
figshare-osce	whisper-base-en	RES0085	4	87
figshare-osce	whisper-base-en	RES0086	21	135
figshare-osce	whisper-base-en	RES0087	15	125
figshare-osce	whisper-base-en	RES0088	7	131
figshare-osce	whisper-base-en	RES0089	16	147
figshare-osce	whisper-base-en	RES0090	4	95
figshare-osce	whisper-base-en	RES0091	7	77
figshare-osce	whisper-base-en	RES0092	9	74
figshare-osce	whisper-base-en	RES0093	21	134
figshare-osce	whisper-base-en	RES0094	12	85
figshare-osce	whisper-base-en	RES0095	14	133
figshare-osce	whisper-base-en	RES0096	9	110
figshare-osce	whisper-base-en	RES0097	17	128
figshare-osce	whisper-base-en	RES0098	4	134
figshare-osce	whisper-base-en	RES0099	9	155
figshare-osce	whisper-base-en	RES0100	8	148
figshare-osce	whisper-base-en	RES0101	7	139
figshare-osce	whisper-base-en	RES0102	18	176
figshare-osce	whisper-base-en	RES0103	6	111
figshare-osce	whisper-base-en	RES0104	13	136
figshare-osce	whisper-base-en	RES0105	15	115
figshare-osce	whisper-base-en	RES0106	11	112
figshare-osce	whisper-base-en	RES0107	20	155
figshare-osce	whisper-base-en	RES0108	19	98
figshare-osce	whisper-base-en	RES0109	14	91
figshare-osce	whisper-base-en	RES0110	20	145
figshare-osce	whisper-base-en	RES0111	6	100
figshare-osce	whisper-base-en	RES0112	11	86
figshare-osce	whisper-base-en	RES0113	13	93
figshare-osce	whisper-base-en	RES0114	16	126
figshare-osce	whisper-base-en	RES0116	26	144
figshare-osce	whisper-base-en	RES0117	10	97
figshare-osce	whisper-base-en	RES0118	7	95
figshare-osce	whisper-base-en	RES0119	6	117
figshare-osce	whisper-base-en	RES0120	12	130
figshare-osce	whisper-base-en	RES0121	10	90
figshare-osce	whisper-base-en	RES0122	23	98
figshare-osce	whisper-base-en	RES0123	24	151
figshare-osce	whisper-base-en	RES0124	16	143
figshare-osce	whisper-base-en	RES0125	9	125
figshare-osce	whisper-base-en	RES0126	25	135
figshare-osce	whisper-base-en	RES0127	23	117
figshare-osce	whisper-base-en	RES0128	9	102
figshare-osce	whisper-base-en	RES0129	21	107
figshare-osce	whisper-base-en	RES0130	19	113
figshare-osce	whisper-base-en	RES0131	15	117
figshare-osce	whisper-base-en	RES0132	11	97
figshare-osce	whisper-base-en	RES0133	7	114
figshare-osce	whisper-base-en	RES0134	14	143
figshare-osce	whisper-base-en	RES0135	6	106
figshare-osce	whisper-base-en	RES0136	24	119
figshare-osce	whisper-base-en	RES0137	19	145
figshare-osce	whisper-base-en	RES0138	26	124
figshare-osce	whisper-base-en	RES0139	21	105
figshare-osce	whisper-base-en	RES0140	16	84
figshare-osce	whisper-base-en	RES0141	16	102
figshare-osce	whisper-base-en	RES0142	25	86
figshare-osce	whisper-base-en	RES0143	18	114
figshare-osce	whisper-base-en	RES0144	14	86
figshare-osce	whisper-base-en	RES0145	29	135
figshare-osce	whisper-base-en	RES0146	13	74
figshare-osce	whisper-base-en	RES0147	19	102
figshare-osce	whisper-base-en	RES0148	9	101
figshare-osce	whisper-base-en	RES0149	9	113
figshare-osce	whisper-base-en	RES0150	12	110
figshare-osce	whisper-base-en	RES0151	5	105
figshare-osce	whisper-base-en	RES0152	5	96
figshare-osce	whisper-base-en	RES0153	10	97
figshare-osce	whisper-base-en	RES0154	11	97
figshare-osce	whisper-base-en	RES0155	16	120
figshare-osce	whisper-base-en	RES0156	15	95
figshare-osce	whisper-base-en	RES0158	11	82
figshare-osce	whisper-base-en	RES0159	13	85
figshare-osce	whisper-base-en	RES0160	18	112
figshare-osce	whisper-base-en	RES0161	24	102
figshare-osce	whisper-base-en	RES0162	23	111
figshare-osce	whisper-base-en	RES0163	13	100
figshare-osce	whisper-base-en	RES0164	16	113
figshare-osce	whisper-base-en	RES0165	16	81
figshare-osce	whisper-base-en	RES0166	18	91
figshare-osce	whisper-base-en	RES0167	14	89
figshare-osce	whisper-base-en	RES0168	16	103
figshare-osce	whisper-base-en	RES0169	12	88
figshare-osce	whisper-base-en	RES0170	11	102
figshare-osce	whisper-base-en	RES0171	12	115
figshare-osce	whisper-base-en	RES0172	11	101
figshare-osce	whisper-base-en	RES0173	9	102
figshare-osce	whisper-base-en	RES0174	12	124
figshare-osce	whisper-base-en	RES0175	17	98
figshare-osce	whisper-base-en	RES0176	11	119
figshare-osce	whisper-base-en	RES0177	13	124
figshare-osce	whisper-base-en	RES0178	20	108
figshare-osce	whisper-base-en	RES0179	16	121
figshare-osce	whisper-base-en	RES0180	13	92
figshare-osce	whisper-base-en	RES0181	8	133
figshare-osce	whisper-base-en	RES0182	7	92
figshare-osce	whisper-base-en	RES0183	16	126
figshare-osce	whisper-base-en	RES0184	10	98
figshare-osce	whisper-base-en	RES0185	10	96
figshare-osce	whisper-base-en	RES0186	11	93
figshare-osce	whisper-base-en	RES0187	14	123
figshare-osce	whisper-base-en	RES0188	20	86
figshare-osce	whisper-base-en	RES0189	13	131
figshare-osce	whisper-base-en	RES0190	5	142
figshare-osce	whisper-base-en	RES0191	9	98
figshare-osce	whisper-base-en	RES0192	15	116
figshare-osce	whisper-base-en	RES0193	13	125
figshare-osce	whisper-base-en	RES0194	13	140
figshare-osce	whisper-base-en	RES0195	17	129
figshare-osce	whisper-base-en	RES0196	4	82
figshare-osce	whisper-base-en	RES0197	17	87
figshare-osce	whisper-base-en	RES0198	5	85
figshare-osce	whisper-base-en	RES0199	8	117
figshare-osce	whisper-base-en	RES0200	11	120
figshare-osce	whisper-base-en	RES0201	14	73
figshare-osce	whisper-base-en	RES0202	13	125
figshare-osce	whisper-base-en	RES0203	14	81
figshare-osce	whisper-base-en	RES0204	8	61
figshare-osce	whisper-base-en	RES0205	15	77
figshare-osce	whisper-base-en	RES0206	16	104
figshare-osce	whisper-base-en	RES0207	5	50
figshare-osce	whisper-base-en	RES0208	15	111
figshare-osce	whisper-base-en	RES0209	10	78
figshare-osce	whisper-base-en	RES0210	6	78
figshare-osce	whisper-base-en	RES0211	11	112
figshare-osce	whisper-base-en	RES0212	6	81
figshare-osce	whisper-base-en	RES0213	7	93
figshare-osce	whisper-base-en	RES0214	10	101
figshare-osce	whisper-base-en	RES0215	13	92
figshare-osce	whisper-base-en	RES0216	11	93
figshare-osce	whisper-base-en	RES0217	5	105
figshare-osce	whisper-distil-v3.5	CAR0001	2	87
figshare-osce	whisper-distil-v3.5	CAR0002	8	99
figshare-osce	whisper-distil-v3.5	CAR0003	3	122
figshare-osce	whisper-distil-v3.5	CAR0004	3	74
figshare-osce	whisper-distil-v3.5	CAR0005	2	70
figshare-osce	whisper-distil-v3.5	DER0001	13	120
figshare-osce	whisper-distil-v3.5	GAS0001	8	74
figshare-osce	whisper-distil-v3.5	GAS0002	1	73
figshare-osce	whisper-distil-v3.5	GAS0003	7	77
figshare-osce	whisper-distil-v3.5	GAS0004	3	75
figshare-osce	whisper-distil-v3.5	GAS0005	4	125
figshare-osce	whisper-distil-v3.5	GAS0007	7	60
figshare-osce	whisper-distil-v3.5	GEN0001	4	71
figshare-osce	whisper-distil-v3.5	MSK0001	8	112
figshare-osce	whisper-distil-v3.5	MSK0003	11	161
figshare-osce	whisper-distil-v3.5	MSK0004	7	116
figshare-osce	whisper-distil-v3.5	MSK0005	13	138
figshare-osce	whisper-distil-v3.5	MSK0006	14	194
figshare-osce	whisper-distil-v3.5	MSK0007	7	143
figshare-osce	whisper-distil-v3.5	MSK0008	11	154
figshare-osce	whisper-distil-v3.5	MSK0009	8	184
figshare-osce	whisper-distil-v3.5	MSK0010	3	142
figshare-osce	whisper-distil-v3.5	MSK0011	10	153
figshare-osce	whisper-distil-v3.5	MSK0012	10	163
figshare-osce	whisper-distil-v3.5	MSK0013	13	188
figshare-osce	whisper-distil-v3.5	MSK0014	5	171
figshare-osce	whisper-distil-v3.5	MSK0015	10	175
figshare-osce	whisper-distil-v3.5	MSK0016	11	216
figshare-osce	whisper-distil-v3.5	MSK0017	8	163
figshare-osce	whisper-distil-v3.5	MSK0018	9	94
figshare-osce	whisper-distil-v3.5	MSK0019	11	124
figshare-osce	whisper-distil-v3.5	MSK0020	9	179
figshare-osce	whisper-distil-v3.5	MSK0021	20	183
figshare-osce	whisper-distil-v3.5	MSK0022	14	210
figshare-osce	whisper-distil-v3.5	MSK0023	1	103
figshare-osce	whisper-distil-v3.5	MSK0024	5	117
figshare-osce	whisper-distil-v3.5	MSK0025	8	146
figshare-osce	whisper-distil-v3.5	MSK0026	9	138
figshare-osce	whisper-distil-v3.5	MSK0027	6	151
figshare-osce	whisper-distil-v3.5	MSK0028	10	157
figshare-osce	whisper-distil-v3.5	MSK0029	17	212
figshare-osce	whisper-distil-v3.5	MSK0031	9	132
figshare-osce	whisper-distil-v3.5	MSK0032	6	105
figshare-osce	whisper-distil-v3.5	MSK0033	11	141
figshare-osce	whisper-distil-v3.5	MSK0034	10	147
figshare-osce	whisper-distil-v3.5	MSK0035	11	169
figshare-osce	whisper-distil-v3.5	MSK0036	13	191
figshare-osce	whisper-distil-v3.5	MSK0037	3	174
figshare-osce	whisper-distil-v3.5	MSK0038	8	186
figshare-osce	whisper-distil-v3.5	MSK0039	9	124
figshare-osce	whisper-distil-v3.5	MSK0040	10	153
figshare-osce	whisper-distil-v3.5	MSK0041	14	176
figshare-osce	whisper-distil-v3.5	MSK0042	15	144
figshare-osce	whisper-distil-v3.5	MSK0043	22	173
figshare-osce	whisper-distil-v3.5	MSK0044	8	91
figshare-osce	whisper-distil-v3.5	MSK0045	8	123
figshare-osce	whisper-distil-v3.5	MSK0046	8	111
figshare-osce	whisper-distil-v3.5	MSK0049	8	149
figshare-osce	whisper-distil-v3.5	MSK0050	3	140
figshare-osce	whisper-distil-v3.5	RES0001	12	147
figshare-osce	whisper-distil-v3.5	RES0002	6	87
figshare-osce	whisper-distil-v3.5	RES0003	3	113
figshare-osce	whisper-distil-v3.5	RES0004	9	140
figshare-osce	whisper-distil-v3.5	RES0005	8	146
figshare-osce	whisper-distil-v3.5	RES0006	3	106
figshare-osce	whisper-distil-v3.5	RES0007	8	122
figshare-osce	whisper-distil-v3.5	RES0008	7	80
figshare-osce	whisper-distil-v3.5	RES0009	4	106
figshare-osce	whisper-distil-v3.5	RES0010	5	85
figshare-osce	whisper-distil-v3.5	RES0011	8	116
figshare-osce	whisper-distil-v3.5	RES0012	13	161
figshare-osce	whisper-distil-v3.5	RES0013	7	91
figshare-osce	whisper-distil-v3.5	RES0014	6	118
figshare-osce	whisper-distil-v3.5	RES0015	8	130
figshare-osce	whisper-distil-v3.5	RES0016	9	122
figshare-osce	whisper-distil-v3.5	RES0017	4	143
figshare-osce	whisper-distil-v3.5	RES0018	6	118
figshare-osce	whisper-distil-v3.5	RES0019	5	141
figshare-osce	whisper-distil-v3.5	RES0020	12	121
figshare-osce	whisper-distil-v3.5	RES0021	10	132
figshare-osce	whisper-distil-v3.5	RES0022	8	138
figshare-osce	whisper-distil-v3.5	RES0023	13	72
figshare-osce	whisper-distil-v3.5	RES0024	4	93
figshare-osce	whisper-distil-v3.5	RES0025	11	108
figshare-osce	whisper-distil-v3.5	RES0026	11	141
figshare-osce	whisper-distil-v3.5	RES0027	9	119
figshare-osce	whisper-distil-v3.5	RES0028	5	106
figshare-osce	whisper-distil-v3.5	RES0029	4	63
figshare-osce	whisper-distil-v3.5	RES0030	10	110
figshare-osce	whisper-distil-v3.5	RES0031	6	106
figshare-osce	whisper-distil-v3.5	RES0032	7	98
figshare-osce	whisper-distil-v3.5	RES0033	5	107
figshare-osce	whisper-distil-v3.5	RES0034	7	163
figshare-osce	whisper-distil-v3.5	RES0035	1	99
figshare-osce	whisper-distil-v3.5	RES0036	2	103
figshare-osce	whisper-distil-v3.5	RES0037	6	118
figshare-osce	whisper-distil-v3.5	RES0038	12	145
figshare-osce	whisper-distil-v3.5	RES0039	9	151
figshare-osce	whisper-distil-v3.5	RES0042	13	110
figshare-osce	whisper-distil-v3.5	RES0043	6	124
figshare-osce	whisper-distil-v3.5	RES0044	6	140
figshare-osce	whisper-distil-v3.5	RES0045	5	116
figshare-osce	whisper-distil-v3.5	RES0046	7	145
figshare-osce	whisper-distil-v3.5	RES0047	10	144
figshare-osce	whisper-distil-v3.5	RES0048	15	154
figshare-osce	whisper-distil-v3.5	RES0049	12	139
figshare-osce	whisper-distil-v3.5	RES0050	6	104
figshare-osce	whisper-distil-v3.5	RES0051	6	104
figshare-osce	whisper-distil-v3.5	RES0052	5	79
figshare-osce	whisper-distil-v3.5	RES0053	14	196
figshare-osce	whisper-distil-v3.5	RES0054	30	205
figshare-osce	whisper-distil-v3.5	RES0055	10	132
figshare-osce	whisper-distil-v3.5	RES0056	10	120
figshare-osce	whisper-distil-v3.5	RES0057	10	122
figshare-osce	whisper-distil-v3.5	RES0058	7	141
figshare-osce	whisper-distil-v3.5	RES0059	8	147
figshare-osce	whisper-distil-v3.5	RES0060	10	150
figshare-osce	whisper-distil-v3.5	RES0061	13	163
figshare-osce	whisper-distil-v3.5	RES0062	12	157
figshare-osce	whisper-distil-v3.5	RES0063	11	143
figshare-osce	whisper-distil-v3.5	RES0064	9	117
figshare-osce	whisper-distil-v3.5	RES0065	7	117
figshare-osce	whisper-distil-v3.5	RES0066	8	116
figshare-osce	whisper-distil-v3.5	RES0067	7	76
figshare-osce	whisper-distil-v3.5	RES0068	3	110
figshare-osce	whisper-distil-v3.5	RES0069	6	91
figshare-osce	whisper-distil-v3.5	RES0070	6	95
figshare-osce	whisper-distil-v3.5	RES0071	5	106
figshare-osce	whisper-distil-v3.5	RES0072	4	109
figshare-osce	whisper-distil-v3.5	RES0073	3	136
figshare-osce	whisper-distil-v3.5	RES0074	6	115
figshare-osce	whisper-distil-v3.5	RES0075	3	96
figshare-osce	whisper-distil-v3.5	RES0076	11	127
figshare-osce	whisper-distil-v3.5	RES0077	7	120
figshare-osce	whisper-distil-v3.5	RES0078	10	104
figshare-osce	whisper-distil-v3.5	RES0079	7	90
figshare-osce	whisper-distil-v3.5	RES0080	2	89
figshare-osce	whisper-distil-v3.5	RES0081	8	123
figshare-osce	whisper-distil-v3.5	RES0082	2	91
figshare-osce	whisper-distil-v3.5	RES0083	7	109
figshare-osce	whisper-distil-v3.5	RES0084	3	146
figshare-osce	whisper-distil-v3.5	RES0085	5	87
figshare-osce	whisper-distil-v3.5	RES0086	19	135
figshare-osce	whisper-distil-v3.5	RES0087	12	125
figshare-osce	whisper-distil-v3.5	RES0088	4	131
figshare-osce	whisper-distil-v3.5	RES0089	12	147
figshare-osce	whisper-distil-v3.5	RES0090	3	95
figshare-osce	whisper-distil-v3.5	RES0091	4	77
figshare-osce	whisper-distil-v3.5	RES0092	6	74
figshare-osce	whisper-distil-v3.5	RES0093	13	134
figshare-osce	whisper-distil-v3.5	RES0094	8	85
figshare-osce	whisper-distil-v3.5	RES0095	8	133
figshare-osce	whisper-distil-v3.5	RES0096	6	110
figshare-osce	whisper-distil-v3.5	RES0097	12	128
figshare-osce	whisper-distil-v3.5	RES0098	5	134
figshare-osce	whisper-distil-v3.5	RES0099	8	155
figshare-osce	whisper-distil-v3.5	RES0100	7	148
figshare-osce	whisper-distil-v3.5	RES0101	5	139
figshare-osce	whisper-distil-v3.5	RES0102	13	176
figshare-osce	whisper-distil-v3.5	RES0103	3	111
figshare-osce	whisper-distil-v3.5	RES0104	10	136
figshare-osce	whisper-distil-v3.5	RES0105	9	115
figshare-osce	whisper-distil-v3.5	RES0106	8	112
figshare-osce	whisper-distil-v3.5	RES0107	10	155
figshare-osce	whisper-distil-v3.5	RES0108	13	98
figshare-osce	whisper-distil-v3.5	RES0109	5	91
figshare-osce	whisper-distil-v3.5	RES0110	13	145
figshare-osce	whisper-distil-v3.5	RES0111	4	100
figshare-osce	whisper-distil-v3.5	RES0112	6	86
figshare-osce	whisper-distil-v3.5	RES0113	8	93
figshare-osce	whisper-distil-v3.5	RES0114	11	126
figshare-osce	whisper-distil-v3.5	RES0116	13	144
figshare-osce	whisper-distil-v3.5	RES0117	7	97
figshare-osce	whisper-distil-v3.5	RES0118	2	95
figshare-osce	whisper-distil-v3.5	RES0119	7	117
figshare-osce	whisper-distil-v3.5	RES0120	7	130
figshare-osce	whisper-distil-v3.5	RES0121	6	90
figshare-osce	whisper-distil-v3.5	RES0122	10	98
figshare-osce	whisper-distil-v3.5	RES0123	13	151
figshare-osce	whisper-distil-v3.5	RES0124	10	143
figshare-osce	whisper-distil-v3.5	RES0125	5	125
figshare-osce	whisper-distil-v3.5	RES0126	14	135
figshare-osce	whisper-distil-v3.5	RES0127	7	117
figshare-osce	whisper-distil-v3.5	RES0128	9	102
figshare-osce	whisper-distil-v3.5	RES0129	8	107
figshare-osce	whisper-distil-v3.5	RES0130	14	113
figshare-osce	whisper-distil-v3.5	RES0131	11	117
figshare-osce	whisper-distil-v3.5	RES0132	8	97
figshare-osce	whisper-distil-v3.5	RES0133	8	114
figshare-osce	whisper-distil-v3.5	RES0134	11	143
figshare-osce	whisper-distil-v3.5	RES0135	5	106
figshare-osce	whisper-distil-v3.5	RES0136	10	119
figshare-osce	whisper-distil-v3.5	RES0137	11	145
figshare-osce	whisper-distil-v3.5	RES0138	16	124
figshare-osce	whisper-distil-v3.5	RES0139	8	105
figshare-osce	whisper-distil-v3.5	RES0140	7	84
figshare-osce	whisper-distil-v3.5	RES0141	10	102
figshare-osce	whisper-distil-v3.5	RES0142	10	86
figshare-osce	whisper-distil-v3.5	RES0143	10	114
figshare-osce	whisper-distil-v3.5	RES0144	4	86
figshare-osce	whisper-distil-v3.5	RES0145	18	135
figshare-osce	whisper-distil-v3.5	RES0146	7	74
figshare-osce	whisper-distil-v3.5	RES0147	14	102
figshare-osce	whisper-distil-v3.5	RES0148	8	101
figshare-osce	whisper-distil-v3.5	RES0149	4	113
figshare-osce	whisper-distil-v3.5	RES0150	10	110
figshare-osce	whisper-distil-v3.5	RES0151	3	105
figshare-osce	whisper-distil-v3.5	RES0152	4	96
figshare-osce	whisper-distil-v3.5	RES0153	5	97
figshare-osce	whisper-distil-v3.5	RES0154	12	97
figshare-osce	whisper-distil-v3.5	RES0155	11	120
figshare-osce	whisper-distil-v3.5	RES0156	13	95
figshare-osce	whisper-distil-v3.5	RES0158	2	82
figshare-osce	whisper-distil-v3.5	RES0159	4	85
figshare-osce	whisper-distil-v3.5	RES0160	9	112
figshare-osce	whisper-distil-v3.5	RES0161	8	102
figshare-osce	whisper-distil-v3.5	RES0162	13	111
figshare-osce	whisper-distil-v3.5	RES0163	9	100
figshare-osce	whisper-distil-v3.5	RES0164	9	113
figshare-osce	whisper-distil-v3.5	RES0165	6	81
figshare-osce	whisper-distil-v3.5	RES0166	12	91
figshare-osce	whisper-distil-v3.5	RES0167	16	89
figshare-osce	whisper-distil-v3.5	RES0168	6	103
figshare-osce	whisper-distil-v3.5	RES0169	11	88
figshare-osce	whisper-distil-v3.5	RES0170	8	102
figshare-osce	whisper-distil-v3.5	RES0171	7	115
figshare-osce	whisper-distil-v3.5	RES0172	6	101
figshare-osce	whisper-distil-v3.5	RES0173	7	102
figshare-osce	whisper-distil-v3.5	RES0174	7	124
figshare-osce	whisper-distil-v3.5	RES0175	9	98
figshare-osce	whisper-distil-v3.5	RES0176	3	119
figshare-osce	whisper-distil-v3.5	RES0177	11	124
figshare-osce	whisper-distil-v3.5	RES0178	8	108
figshare-osce	whisper-distil-v3.5	RES0179	11	121
figshare-osce	whisper-distil-v3.5	RES0180	9	92
figshare-osce	whisper-distil-v3.5	RES0181	4	133
figshare-osce	whisper-distil-v3.5	RES0182	8	92
figshare-osce	whisper-distil-v3.5	RES0183	10	126
figshare-osce	whisper-distil-v3.5	RES0184	7	98
figshare-osce	whisper-distil-v3.5	RES0185	5	96
figshare-osce	whisper-distil-v3.5	RES0186	3	93
figshare-osce	whisper-distil-v3.5	RES0187	8	123
figshare-osce	whisper-distil-v3.5	RES0188	11	86
figshare-osce	whisper-distil-v3.5	RES0189	11	131
figshare-osce	whisper-distil-v3.5	RES0190	5	142
figshare-osce	whisper-distil-v3.5	RES0191	7	98
figshare-osce	whisper-distil-v3.5	RES0192	9	116
figshare-osce	whisper-distil-v3.5	RES0193	10	125
figshare-osce	whisper-distil-v3.5	RES0194	9	140
figshare-osce	whisper-distil-v3.5	RES0195	12	129
figshare-osce	whisper-distil-v3.5	RES0196	3	82
figshare-osce	whisper-distil-v3.5	RES0197	13	87
figshare-osce	whisper-distil-v3.5	RES0198	4	85
figshare-osce	whisper-distil-v3.5	RES0199	6	117
figshare-osce	whisper-distil-v3.5	RES0200	10	120
figshare-osce	whisper-distil-v3.5	RES0201	5	73
figshare-osce	whisper-distil-v3.5	RES0202	11	125
figshare-osce	whisper-distil-v3.5	RES0203	4	81
figshare-osce	whisper-distil-v3.5	RES0204	5	61
figshare-osce	whisper-distil-v3.5	RES0205	5	77
figshare-osce	whisper-distil-v3.5	RES0206	8	104
figshare-osce	whisper-distil-v3.5	RES0207	2	50
figshare-osce	whisper-distil-v3.5	RES0208	10	111
figshare-osce	whisper-distil-v3.5	RES0209	12	78
figshare-osce	whisper-distil-v3.5	RES0210	3	78
figshare-osce	whisper-distil-v3.5	RES0211	8	112
figshare-osce	whisper-distil-v3.5	RES0212	2	81
figshare-osce	whisper-distil-v3.5	RES0213	4	93
figshare-osce	whisper-distil-v3.5	RES0214	5	101
figshare-osce	whisper-distil-v3.5	RES0215	12	92
figshare-osce	whisper-distil-v3.5	RES0216	5	93
figshare-osce	whisper-distil-v3.5	RES0217	4	105
figshare-osce	whisper-turbo	CAR0001	3	87
figshare-osce	whisper-turbo	CAR0002	5	99
figshare-osce	whisper-turbo	CAR0003	4	122
figshare-osce	whisper-turbo	CAR0004	3	74
figshare-osce	whisper-turbo	CAR0005	3	70
figshare-osce	whisper-turbo	DER0001	13	120
figshare-osce	whisper-turbo	GAS0001	8	74
figshare-osce	whisper-turbo	GAS0002	1	73
figshare-osce	whisper-turbo	GAS0003	7	77
figshare-osce	whisper-turbo	GAS0004	4	75
figshare-osce	whisper-turbo	GAS0005	5	125
figshare-osce	whisper-turbo	GAS0007	7	60
figshare-osce	whisper-turbo	GEN0001	3	71
figshare-osce	whisper-turbo	MSK0001	8	112
figshare-osce	whisper-turbo	MSK0003	11	161
figshare-osce	whisper-turbo	MSK0004	8	116
figshare-osce	whisper-turbo	MSK0005	13	138
figshare-osce	whisper-turbo	MSK0006	13	194
figshare-osce	whisper-turbo	MSK0007	4	143
figshare-osce	whisper-turbo	MSK0008	8	154
figshare-osce	whisper-turbo	MSK0009	5	184
figshare-osce	whisper-turbo	MSK0010	4	142
figshare-osce	whisper-turbo	MSK0011	12	153
figshare-osce	whisper-turbo	MSK0012	9	163
figshare-osce	whisper-turbo	MSK0013	15	188
figshare-osce	whisper-turbo	MSK0014	6	171
figshare-osce	whisper-turbo	MSK0015	11	175
figshare-osce	whisper-turbo	MSK0016	6	216
figshare-osce	whisper-turbo	MSK0017	11	163
figshare-osce	whisper-turbo	MSK0018	6	94
figshare-osce	whisper-turbo	MSK0019	11	124
figshare-osce	whisper-turbo	MSK0020	7	179
figshare-osce	whisper-turbo	MSK0021	18	183
figshare-osce	whisper-turbo	MSK0022	11	210
figshare-osce	whisper-turbo	MSK0023	3	103
figshare-osce	whisper-turbo	MSK0024	6	117
figshare-osce	whisper-turbo	MSK0025	5	146
figshare-osce	whisper-turbo	MSK0026	9	138
figshare-osce	whisper-turbo	MSK0027	7	151
figshare-osce	whisper-turbo	MSK0028	10	157
figshare-osce	whisper-turbo	MSK0029	15	212
figshare-osce	whisper-turbo	MSK0031	7	132
figshare-osce	whisper-turbo	MSK0032	4	105
figshare-osce	whisper-turbo	MSK0033	5	141
figshare-osce	whisper-turbo	MSK0034	10	147
figshare-osce	whisper-turbo	MSK0035	11	169
figshare-osce	whisper-turbo	MSK0036	13	191
figshare-osce	whisper-turbo	MSK0037	4	174
figshare-osce	whisper-turbo	MSK0038	11	186
figshare-osce	whisper-turbo	MSK0039	5	124
figshare-osce	whisper-turbo	MSK0040	8	153
figshare-osce	whisper-turbo	MSK0041	24	176
figshare-osce	whisper-turbo	MSK0042	15	144
figshare-osce	whisper-turbo	MSK0043	18	173
figshare-osce	whisper-turbo	MSK0044	9	91
figshare-osce	whisper-turbo	MSK0045	11	123
figshare-osce	whisper-turbo	MSK0046	5	111
figshare-osce	whisper-turbo	MSK0049	5	149
figshare-osce	whisper-turbo	MSK0050	4	140
figshare-osce	whisper-turbo	RES0001	7	147
figshare-osce	whisper-turbo	RES0002	3	87
figshare-osce	whisper-turbo	RES0003	3	113
figshare-osce	whisper-turbo	RES0004	6	140
figshare-osce	whisper-turbo	RES0005	12	146
figshare-osce	whisper-turbo	RES0006	4	106
figshare-osce	whisper-turbo	RES0007	8	122
figshare-osce	whisper-turbo	RES0008	8	80
figshare-osce	whisper-turbo	RES0009	6	106
figshare-osce	whisper-turbo	RES0010	4	85
figshare-osce	whisper-turbo	RES0011	8	116
figshare-osce	whisper-turbo	RES0012	14	161
figshare-osce	whisper-turbo	RES0013	1	91
figshare-osce	whisper-turbo	RES0014	4	118
figshare-osce	whisper-turbo	RES0015	9	130
figshare-osce	whisper-turbo	RES0016	8	122
figshare-osce	whisper-turbo	RES0017	7	143
figshare-osce	whisper-turbo	RES0018	4	118
figshare-osce	whisper-turbo	RES0019	5	141
figshare-osce	whisper-turbo	RES0020	8	121
figshare-osce	whisper-turbo	RES0021	9	132
figshare-osce	whisper-turbo	RES0022	10	138
figshare-osce	whisper-turbo	RES0023	11	72
figshare-osce	whisper-turbo	RES0024	3	93
figshare-osce	whisper-turbo	RES0025	8	108
figshare-osce	whisper-turbo	RES0026	9	141
figshare-osce	whisper-turbo	RES0027	11	119
figshare-osce	whisper-turbo	RES0028	7	106
figshare-osce	whisper-turbo	RES0029	6	63
figshare-osce	whisper-turbo	RES0030	9	110
figshare-osce	whisper-turbo	RES0031	7	106
figshare-osce	whisper-turbo	RES0032	6	98
figshare-osce	whisper-turbo	RES0033	5	107
figshare-osce	whisper-turbo	RES0034	9	163
figshare-osce	whisper-turbo	RES0035	0	99
figshare-osce	whisper-turbo	RES0036	1	103
figshare-osce	whisper-turbo	RES0037	8	118
figshare-osce	whisper-turbo	RES0038	15	145
figshare-osce	whisper-turbo	RES0039	11	151
figshare-osce	whisper-turbo	RES0042	13	110
figshare-osce	whisper-turbo	RES0043	4	124
figshare-osce	whisper-turbo	RES0044	6	140
figshare-osce	whisper-turbo	RES0045	2	116
figshare-osce	whisper-turbo	RES0046	15	145
figshare-osce	whisper-turbo	RES0047	12	144
figshare-osce	whisper-turbo	RES0048	12	154
figshare-osce	whisper-turbo	RES0049	9	139
figshare-osce	whisper-turbo	RES0050	4	104
figshare-osce	whisper-turbo	RES0051	10	104
figshare-osce	whisper-turbo	RES0052	4	79
figshare-osce	whisper-turbo	RES0053	11	196
figshare-osce	whisper-turbo	RES0054	30	205
figshare-osce	whisper-turbo	RES0055	7	132
figshare-osce	whisper-turbo	RES0056	10	120
figshare-osce	whisper-turbo	RES0057	8	122
figshare-osce	whisper-turbo	RES0058	9	141
figshare-osce	whisper-turbo	RES0059	5	147
figshare-osce	whisper-turbo	RES0060	9	150
figshare-osce	whisper-turbo	RES0061	11	163
figshare-osce	whisper-turbo	RES0062	10	157
figshare-osce	whisper-turbo	RES0063	8	143
figshare-osce	whisper-turbo	RES0064	10	117
figshare-osce	whisper-turbo	RES0065	7	117
figshare-osce	whisper-turbo	RES0066	9	116
figshare-osce	whisper-turbo	RES0067	5	76
figshare-osce	whisper-turbo	RES0068	5	110
figshare-osce	whisper-turbo	RES0069	5	91
figshare-osce	whisper-turbo	RES0070	5	95
figshare-osce	whisper-turbo	RES0071	7	106
figshare-osce	whisper-turbo	RES0072	6	109
figshare-osce	whisper-turbo	RES0073	3	136
figshare-osce	whisper-turbo	RES0074	3	115
figshare-osce	whisper-turbo	RES0075	3	96
figshare-osce	whisper-turbo	RES0076	7	127
figshare-osce	whisper-turbo	RES0077	9	120
figshare-osce	whisper-turbo	RES0078	10	104
figshare-osce	whisper-turbo	RES0079	8	90
figshare-osce	whisper-turbo	RES0080	2	89
figshare-osce	whisper-turbo	RES0081	6	123
figshare-osce	whisper-turbo	RES0082	2	91
figshare-osce	whisper-turbo	RES0083	5	109
figshare-osce	whisper-turbo	RES0084	4	146
figshare-osce	whisper-turbo	RES0085	5	87
figshare-osce	whisper-turbo	RES0086	14	135
figshare-osce	whisper-turbo	RES0087	9	125
figshare-osce	whisper-turbo	RES0088	4	131
figshare-osce	whisper-turbo	RES0089	9	147
figshare-osce	whisper-turbo	RES0090	4	95
figshare-osce	whisper-turbo	RES0091	5	77
figshare-osce	whisper-turbo	RES0092	9	74
figshare-osce	whisper-turbo	RES0093	10	134
figshare-osce	whisper-turbo	RES0094	8	85
figshare-osce	whisper-turbo	RES0095	8	133
figshare-osce	whisper-turbo	RES0096	5	110
figshare-osce	whisper-turbo	RES0097	7	128
figshare-osce	whisper-turbo	RES0098	1	134
figshare-osce	whisper-turbo	RES0099	10	155
figshare-osce	whisper-turbo	RES0100	7	148
figshare-osce	whisper-turbo	RES0101	2	139
figshare-osce	whisper-turbo	RES0102	16	176
figshare-osce	whisper-turbo	RES0103	2	111
figshare-osce	whisper-turbo	RES0104	12	136
figshare-osce	whisper-turbo	RES0105	11	115
figshare-osce	whisper-turbo	RES0106	6	112
figshare-osce	whisper-turbo	RES0107	12	155
figshare-osce	whisper-turbo	RES0108	10	98
figshare-osce	whisper-turbo	RES0109	6	91
figshare-osce	whisper-turbo	RES0110	12	145
figshare-osce	whisper-turbo	RES0111	6	100
figshare-osce	whisper-turbo	RES0112	7	86
figshare-osce	whisper-turbo	RES0113	8	93
figshare-osce	whisper-turbo	RES0114	10	126
figshare-osce	whisper-turbo	RES0116	10	144
figshare-osce	whisper-turbo	RES0117	2	97
figshare-osce	whisper-turbo	RES0118	5	95
figshare-osce	whisper-turbo	RES0119	6	117
figshare-osce	whisper-turbo	RES0120	7	130
figshare-osce	whisper-turbo	RES0121	6	90
figshare-osce	whisper-turbo	RES0122	11	98
figshare-osce	whisper-turbo	RES0123	13	151
figshare-osce	whisper-turbo	RES0124	8	143
figshare-osce	whisper-turbo	RES0125	4	125
figshare-osce	whisper-turbo	RES0126	21	135
figshare-osce	whisper-turbo	RES0127	5	117
figshare-osce	whisper-turbo	RES0128	4	102
figshare-osce	whisper-turbo	RES0129	10	107
figshare-osce	whisper-turbo	RES0130	15	113
figshare-osce	whisper-turbo	RES0131	7	117
figshare-osce	whisper-turbo	RES0132	6	97
figshare-osce	whisper-turbo	RES0133	10	114
figshare-osce	whisper-turbo	RES0134	10	143
figshare-osce	whisper-turbo	RES0135	1	106
figshare-osce	whisper-turbo	RES0136	9	119
figshare-osce	whisper-turbo	RES0137	17	145
figshare-osce	whisper-turbo	RES0138	16	124
figshare-osce	whisper-turbo	RES0139	8	105
figshare-osce	whisper-turbo	RES0140	5	84
figshare-osce	whisper-turbo	RES0141	8	102
figshare-osce	whisper-turbo	RES0142	9	86
figshare-osce	whisper-turbo	RES0143	11	114
figshare-osce	whisper-turbo	RES0144	7	86
figshare-osce	whisper-turbo	RES0145	13	135
figshare-osce	whisper-turbo	RES0146	9	74
figshare-osce	whisper-turbo	RES0147	10	102
figshare-osce	whisper-turbo	RES0148	6	101
figshare-osce	whisper-turbo	RES0149	5	113
figshare-osce	whisper-turbo	RES0150	9	110
figshare-osce	whisper-turbo	RES0151	2	105
figshare-osce	whisper-turbo	RES0152	3	96
figshare-osce	whisper-turbo	RES0153	5	97
figshare-osce	whisper-turbo	RES0154	8	97
figshare-osce	whisper-turbo	RES0155	13	120
figshare-osce	whisper-turbo	RES0156	7	95
figshare-osce	whisper-turbo	RES0158	3	82
figshare-osce	whisper-turbo	RES0159	4	85
figshare-osce	whisper-turbo	RES0160	13	112
figshare-osce	whisper-turbo	RES0161	7	102
figshare-osce	whisper-turbo	RES0162	12	111
figshare-osce	whisper-turbo	RES0163	9	100
figshare-osce	whisper-turbo	RES0164	8	113
figshare-osce	whisper-turbo	RES0165	5	81
figshare-osce	whisper-turbo	RES0166	13	91
figshare-osce	whisper-turbo	RES0167	12	89
figshare-osce	whisper-turbo	RES0168	6	103
figshare-osce	whisper-turbo	RES0169	8	88
figshare-osce	whisper-turbo	RES0170	4	102
figshare-osce	whisper-turbo	RES0171	10	115
figshare-osce	whisper-turbo	RES0172	6	101
figshare-osce	whisper-turbo	RES0173	4	102
figshare-osce	whisper-turbo	RES0174	7	124
figshare-osce	whisper-turbo	RES0175	7	98
figshare-osce	whisper-turbo	RES0176	4	119
figshare-osce	whisper-turbo	RES0177	11	124
figshare-osce	whisper-turbo	RES0178	11	108
figshare-osce	whisper-turbo	RES0179	9	121
figshare-osce	whisper-turbo	RES0180	6	92
figshare-osce	whisper-turbo	RES0181	4	133
figshare-osce	whisper-turbo	RES0182	6	92
figshare-osce	whisper-turbo	RES0183	13	126
figshare-osce	whisper-turbo	RES0184	12	98
figshare-osce	whisper-turbo	RES0185	2	96
figshare-osce	whisper-turbo	RES0186	3	93
figshare-osce	whisper-turbo	RES0187	7	123
figshare-osce	whisper-turbo	RES0188	9	86
figshare-osce	whisper-turbo	RES0189	5	131
figshare-osce	whisper-turbo	RES0190	2	142
figshare-osce	whisper-turbo	RES0191	7	98
figshare-osce	whisper-turbo	RES0192	8	116
figshare-osce	whisper-turbo	RES0193	9	125
figshare-osce	whisper-turbo	RES0194	10	140
figshare-osce	whisper-turbo	RES0195	11	129
figshare-osce	whisper-turbo	RES0196	6	82
figshare-osce	whisper-turbo	RES0197	12	87
figshare-osce	whisper-turbo	RES0198	5	85
figshare-osce	whisper-turbo	RES0199	3	117
figshare-osce	whisper-turbo	RES0200	9	120
figshare-osce	whisper-turbo	RES0201	3	73
figshare-osce	whisper-turbo	RES0202	5	125
figshare-osce	whisper-turbo	RES0203	5	81
figshare-osce	whisper-turbo	RES0204	5	61
figshare-osce	whisper-turbo	RES0205	4	77
figshare-osce	whisper-turbo	RES0206	7	104
figshare-osce	whisper-turbo	RES0207	1	50
figshare-osce	whisper-turbo	RES0208	9	111
figshare-osce	whisper-turbo	RES0209	5	78
figshare-osce	whisper-turbo	RES0210	1	78
figshare-osce	whisper-turbo	RES0211	5	112
figshare-osce	whisper-turbo	RES0212	1	81
figshare-osce	whisper-turbo	RES0213	4	93
figshare-osce	whisper-turbo	RES0214	6	101
figshare-osce	whisper-turbo	RES0215	9	92
figshare-osce	whisper-turbo	RES0216	5	93
figshare-osce	whisper-turbo	RES0217	3	105
figshare-osce	zipformer-zh-en	CAR0001	28	87
figshare-osce	zipformer-zh-en	CAR0002	28	99
figshare-osce	zipformer-zh-en	CAR0003	45	122
figshare-osce	zipformer-zh-en	CAR0004	21	74
figshare-osce	zipformer-zh-en	CAR0005	23	70
figshare-osce	zipformer-zh-en	DER0001	54	120
figshare-osce	zipformer-zh-en	GAS0001	27	74
figshare-osce	zipformer-zh-en	GAS0002	19	73
figshare-osce	zipformer-zh-en	GAS0003	28	77
figshare-osce	zipformer-zh-en	GAS0004	24	75
figshare-osce	zipformer-zh-en	GAS0005	40	125
figshare-osce	zipformer-zh-en	GAS0007	25	60
figshare-osce	zipformer-zh-en	GEN0001	26	71
figshare-osce	zipformer-zh-en	MSK0001	35	112
figshare-osce	zipformer-zh-en	MSK0003	55	161
figshare-osce	zipformer-zh-en	MSK0004	34	116
figshare-osce	zipformer-zh-en	MSK0005	54	138
figshare-osce	zipformer-zh-en	MSK0006	68	194
figshare-osce	zipformer-zh-en	MSK0007	41	143
figshare-osce	zipformer-zh-en	MSK0008	42	154
figshare-osce	zipformer-zh-en	MSK0009	38	184
figshare-osce	zipformer-zh-en	MSK0010	29	142
figshare-osce	zipformer-zh-en	MSK0011	29	153
figshare-osce	zipformer-zh-en	MSK0012	48	163
figshare-osce	zipformer-zh-en	MSK0013	64	188
figshare-osce	zipformer-zh-en	MSK0014	50	171
figshare-osce	zipformer-zh-en	MSK0015	37	175
figshare-osce	zipformer-zh-en	MSK0016	78	216
figshare-osce	zipformer-zh-en	MSK0017	50	163
figshare-osce	zipformer-zh-en	MSK0018	26	94
figshare-osce	zipformer-zh-en	MSK0019	42	124
figshare-osce	zipformer-zh-en	MSK0020	58	179
figshare-osce	zipformer-zh-en	MSK0021	52	183
figshare-osce	zipformer-zh-en	MSK0022	54	210
figshare-osce	zipformer-zh-en	MSK0023	17	103
figshare-osce	zipformer-zh-en	MSK0024	32	117
figshare-osce	zipformer-zh-en	MSK0025	44	146
figshare-osce	zipformer-zh-en	MSK0026	33	138
figshare-osce	zipformer-zh-en	MSK0027	22	151
figshare-osce	zipformer-zh-en	MSK0028	33	157
figshare-osce	zipformer-zh-en	MSK0029	71	212
figshare-osce	zipformer-zh-en	MSK0031	41	132
figshare-osce	zipformer-zh-en	MSK0032	24	105
figshare-osce	zipformer-zh-en	MSK0033	42	141
figshare-osce	zipformer-zh-en	MSK0034	32	147
figshare-osce	zipformer-zh-en	MSK0035	49	169
figshare-osce	zipformer-zh-en	MSK0036	52	191
figshare-osce	zipformer-zh-en	MSK0037	33	174
figshare-osce	zipformer-zh-en	MSK0038	55	186
figshare-osce	zipformer-zh-en	MSK0039	43	124
figshare-osce	zipformer-zh-en	MSK0040	42	153
figshare-osce	zipformer-zh-en	MSK0041	55	176
figshare-osce	zipformer-zh-en	MSK0042	44	144
figshare-osce	zipformer-zh-en	MSK0043	62	173
figshare-osce	zipformer-zh-en	MSK0044	25	91
figshare-osce	zipformer-zh-en	MSK0045	39	123
figshare-osce	zipformer-zh-en	MSK0046	40	111
figshare-osce	zipformer-zh-en	MSK0049	43	149
figshare-osce	zipformer-zh-en	MSK0050	26	140
figshare-osce	zipformer-zh-en	RES0001	52	147
figshare-osce	zipformer-zh-en	RES0002	16	87
figshare-osce	zipformer-zh-en	RES0003	56	113
figshare-osce	zipformer-zh-en	RES0004	44	140
figshare-osce	zipformer-zh-en	RES0005	40	146
figshare-osce	zipformer-zh-en	RES0006	23	106
figshare-osce	zipformer-zh-en	RES0007	39	122
figshare-osce	zipformer-zh-en	RES0008	22	80
figshare-osce	zipformer-zh-en	RES0009	32	106
figshare-osce	zipformer-zh-en	RES0010	20	85
figshare-osce	zipformer-zh-en	RES0011	34	116
figshare-osce	zipformer-zh-en	RES0012	54	161
figshare-osce	zipformer-zh-en	RES0013	18	91
figshare-osce	zipformer-zh-en	RES0014	35	118
figshare-osce	zipformer-zh-en	RES0015	34	130
figshare-osce	zipformer-zh-en	RES0016	36	122
figshare-osce	zipformer-zh-en	RES0017	31	143
figshare-osce	zipformer-zh-en	RES0018	34	118
figshare-osce	zipformer-zh-en	RES0019	34	141
figshare-osce	zipformer-zh-en	RES0020	37	121
figshare-osce	zipformer-zh-en	RES0021	32	132
figshare-osce	zipformer-zh-en	RES0022	34	138
figshare-osce	zipformer-zh-en	RES0023	31	72
figshare-osce	zipformer-zh-en	RES0024	39	93
figshare-osce	zipformer-zh-en	RES0025	33	108
figshare-osce	zipformer-zh-en	RES0026	41	141
figshare-osce	zipformer-zh-en	RES0027	33	119
figshare-osce	zipformer-zh-en	RES0028	26	106
figshare-osce	zipformer-zh-en	RES0029	20	63
figshare-osce	zipformer-zh-en	RES0030	31	110
figshare-osce	zipformer-zh-en	RES0031	24	106
figshare-osce	zipformer-zh-en	RES0032	20	98
figshare-osce	zipformer-zh-en	RES0033	26	107
figshare-osce	zipformer-zh-en	RES0034	37	163
figshare-osce	zipformer-zh-en	RES0035	27	99
figshare-osce	zipformer-zh-en	RES0036	28	103
figshare-osce	zipformer-zh-en	RES0037	38	118
figshare-osce	zipformer-zh-en	RES0038	42	145
figshare-osce	zipformer-zh-en	RES0039	43	151
figshare-osce	zipformer-zh-en	RES0042	38	110
figshare-osce	zipformer-zh-en	RES0043	37	124
figshare-osce	zipformer-zh-en	RES0044	36	140
figshare-osce	zipformer-zh-en	RES0045	34	116
figshare-osce	zipformer-zh-en	RES0046	50	145
figshare-osce	zipformer-zh-en	RES0047	42	144
figshare-osce	zipformer-zh-en	RES0048	46	154
figshare-osce	zipformer-zh-en	RES0049	37	139
figshare-osce	zipformer-zh-en	RES0050	33	104
figshare-osce	zipformer-zh-en	RES0051	14	104
figshare-osce	zipformer-zh-en	RES0052	17	79
figshare-osce	zipformer-zh-en	RES0053	58	196
figshare-osce	zipformer-zh-en	RES0054	81	205
figshare-osce	zipformer-zh-en	RES0055	50	132
figshare-osce	zipformer-zh-en	RES0056	50	120
figshare-osce	zipformer-zh-en	RES0057	42	122
figshare-osce	zipformer-zh-en	RES0058	50	141
figshare-osce	zipformer-zh-en	RES0059	47	147
figshare-osce	zipformer-zh-en	RES0060	44	150
figshare-osce	zipformer-zh-en	RES0061	53	163
figshare-osce	zipformer-zh-en	RES0062	48	157
figshare-osce	zipformer-zh-en	RES0063	63	143
figshare-osce	zipformer-zh-en	RES0064	43	117
figshare-osce	zipformer-zh-en	RES0065	41	117
figshare-osce	zipformer-zh-en	RES0066	47	116
figshare-osce	zipformer-zh-en	RES0067	33	76
figshare-osce	zipformer-zh-en	RES0068	32	110
figshare-osce	zipformer-zh-en	RES0069	28	91
figshare-osce	zipformer-zh-en	RES0070	33	95
figshare-osce	zipformer-zh-en	RES0071	27	106
figshare-osce	zipformer-zh-en	RES0072	27	109
figshare-osce	zipformer-zh-en	RES0073	28	136
figshare-osce	zipformer-zh-en	RES0074	38	115
figshare-osce	zipformer-zh-en	RES0075	23	96
figshare-osce	zipformer-zh-en	RES0076	39	127
figshare-osce	zipformer-zh-en	RES0077	29	120
figshare-osce	zipformer-zh-en	RES0078	32	104
figshare-osce	zipformer-zh-en	RES0079	36	90
figshare-osce	zipformer-zh-en	RES0080	29	89
figshare-osce	zipformer-zh-en	RES0081	47	123
figshare-osce	zipformer-zh-en	RES0082	25	91
figshare-osce	zipformer-zh-en	RES0083	39	109
figshare-osce	zipformer-zh-en	RES0084	44	146
figshare-osce	zipformer-zh-en	RES0085	23	87
figshare-osce	zipformer-zh-en	RES0086	45	135
figshare-osce	zipformer-zh-en	RES0087	46	125
figshare-osce	zipformer-zh-en	RES0088	33	131
figshare-osce	zipformer-zh-en	RES0089	45	147
figshare-osce	zipformer-zh-en	RES0090	32	95
figshare-osce	zipformer-zh-en	RES0091	19	77
figshare-osce	zipformer-zh-en	RES0092	35	74
figshare-osce	zipformer-zh-en	RES0093	59	134
figshare-osce	zipformer-zh-en	RES0094	32	85
figshare-osce	zipformer-zh-en	RES0095	55	133
figshare-osce	zipformer-zh-en	RES0096	30	110
figshare-osce	zipformer-zh-en	RES0097	56	128
figshare-osce	zipformer-zh-en	RES0098	42	134
figshare-osce	zipformer-zh-en	RES0099	41	155
figshare-osce	zipformer-zh-en	RES0100	35	148
figshare-osce	zipformer-zh-en	RES0101	49	139
figshare-osce	zipformer-zh-en	RES0102	59	176
figshare-osce	zipformer-zh-en	RES0103	32	111
figshare-osce	zipformer-zh-en	RES0104	44	136
figshare-osce	zipformer-zh-en	RES0105	32	115
figshare-osce	zipformer-zh-en	RES0106	30	112
figshare-osce	zipformer-zh-en	RES0107	56	155
figshare-osce	zipformer-zh-en	RES0108	35	98
figshare-osce	zipformer-zh-en	RES0109	30	91
figshare-osce	zipformer-zh-en	RES0110	48	145
figshare-osce	zipformer-zh-en	RES0111	32	100
figshare-osce	zipformer-zh-en	RES0112	25	86
figshare-osce	zipformer-zh-en	RES0113	32	93
figshare-osce	zipformer-zh-en	RES0114	37	126
figshare-osce	zipformer-zh-en	RES0116	44	144
figshare-osce	zipformer-zh-en	RES0117	26	97
figshare-osce	zipformer-zh-en	RES0118	35	95
figshare-osce	zipformer-zh-en	RES0119	39	117
figshare-osce	zipformer-zh-en	RES0120	45	130
figshare-osce	zipformer-zh-en	RES0121	25	90
figshare-osce	zipformer-zh-en	RES0122	39	98
figshare-osce	zipformer-zh-en	RES0123	58	151
figshare-osce	zipformer-zh-en	RES0124	48	143
figshare-osce	zipformer-zh-en	RES0125	38	125
figshare-osce	zipformer-zh-en	RES0126	58	135
figshare-osce	zipformer-zh-en	RES0127	52	117
figshare-osce	zipformer-zh-en	RES0128	33	102
figshare-osce	zipformer-zh-en	RES0129	37	107
figshare-osce	zipformer-zh-en	RES0130	41	113
figshare-osce	zipformer-zh-en	RES0131	42	117
figshare-osce	zipformer-zh-en	RES0132	27	97
figshare-osce	zipformer-zh-en	RES0133	26	114
figshare-osce	zipformer-zh-en	RES0134	45	143
figshare-osce	zipformer-zh-en	RES0135	32	106
figshare-osce	zipformer-zh-en	RES0136	49	119
figshare-osce	zipformer-zh-en	RES0137	45	145
figshare-osce	zipformer-zh-en	RES0138	54	124
figshare-osce	zipformer-zh-en	RES0139	44	105
figshare-osce	zipformer-zh-en	RES0140	38	84
figshare-osce	zipformer-zh-en	RES0141	46	102
figshare-osce	zipformer-zh-en	RES0142	32	86
figshare-osce	zipformer-zh-en	RES0143	42	114
figshare-osce	zipformer-zh-en	RES0144	30	86
figshare-osce	zipformer-zh-en	RES0145	47	135
figshare-osce	zipformer-zh-en	RES0146	33	74
figshare-osce	zipformer-zh-en	RES0147	41	102
figshare-osce	zipformer-zh-en	RES0148	32	101
figshare-osce	zipformer-zh-en	RES0149	36	113
figshare-osce	zipformer-zh-en	RES0150	35	110
figshare-osce	zipformer-zh-en	RES0151	20	105
figshare-osce	zipformer-zh-en	RES0152	26	96
figshare-osce	zipformer-zh-en	RES0153	31	97
figshare-osce	zipformer-zh-en	RES0154	34	97
figshare-osce	zipformer-zh-en	RES0155	43	120
figshare-osce	zipformer-zh-en	RES0156	37	95
figshare-osce	zipformer-zh-en	RES0158	25	82
figshare-osce	zipformer-zh-en	RES0159	34	85
figshare-osce	zipformer-zh-en	RES0160	48	112
figshare-osce	zipformer-zh-en	RES0161	28	102
figshare-osce	zipformer-zh-en	RES0162	40	111
figshare-osce	zipformer-zh-en	RES0163	27	100
figshare-osce	zipformer-zh-en	RES0164	45	113
figshare-osce	zipformer-zh-en	RES0165	40	81
figshare-osce	zipformer-zh-en	RES0166	45	91
figshare-osce	zipformer-zh-en	RES0167	35	89
figshare-osce	zipformer-zh-en	RES0168	45	103
figshare-osce	zipformer-zh-en	RES0169	31	88
figshare-osce	zipformer-zh-en	RES0170	30	102
figshare-osce	zipformer-zh-en	RES0171	38	115
figshare-osce	zipformer-zh-en	RES0172	32	101
figshare-osce	zipformer-zh-en	RES0173	28	102
figshare-osce	zipformer-zh-en	RES0174	34	124
figshare-osce	zipformer-zh-en	RES0175	34	98
figshare-osce	zipformer-zh-en	RES0176	26	119
figshare-osce	zipformer-zh-en	RES0177	47	124
figshare-osce	zipformer-zh-en	RES0178	38	108
figshare-osce	zipformer-zh-en	RES0179	56	121
figshare-osce	zipformer-zh-en	RES0180	33	92
figshare-osce	zipformer-zh-en	RES0181	37	133
figshare-osce	zipformer-zh-en	RES0182	25	92
figshare-osce	zipformer-zh-en	RES0183	35	126
figshare-osce	zipformer-zh-en	RES0184	28	98
figshare-osce	zipformer-zh-en	RES0185	35	96
figshare-osce	zipformer-zh-en	RES0186	29	93
figshare-osce	zipformer-zh-en	RES0187	39	123
figshare-osce	zipformer-zh-en	RES0188	30	86
figshare-osce	zipformer-zh-en	RES0189	39	131
figshare-osce	zipformer-zh-en	RES0190	37	142
figshare-osce	zipformer-zh-en	RES0191	25	98
figshare-osce	zipformer-zh-en	RES0192	34	116
figshare-osce	zipformer-zh-en	RES0193	34	125
figshare-osce	zipformer-zh-en	RES0194	40	140
figshare-osce	zipformer-zh-en	RES0195	48	129
figshare-osce	zipformer-zh-en	RES0196	29	82
figshare-osce	zipformer-zh-en	RES0197	30	87
figshare-osce	zipformer-zh-en	RES0198	22	85
figshare-osce	zipformer-zh-en	RES0199	49	117
figshare-osce	zipformer-zh-en	RES0200	48	120
figshare-osce	zipformer-zh-en	RES0201	28	73
figshare-osce	zipformer-zh-en	RES0202	40	125
figshare-osce	zipformer-zh-en	RES0203	30	81
figshare-osce	zipformer-zh-en	RES0204	15	61
figshare-osce	zipformer-zh-en	RES0205	23	77
figshare-osce	zipformer-zh-en	RES0206	28	104
figshare-osce	zipformer-zh-en	RES0207	17	50
figshare-osce	zipformer-zh-en	RES0208	36	111
figshare-osce	zipformer-zh-en	RES0209	20	78
figshare-osce	zipformer-zh-en	RES0210	29	78
figshare-osce	zipformer-zh-en	RES0211	47	112
figshare-osce	zipformer-zh-en	RES0212	43	81
figshare-osce	zipformer-zh-en	RES0213	54	93
figshare-osce	zipformer-zh-en	RES0214	32	101
figshare-osce	zipformer-zh-en	RES0215	29	92
figshare-osce	zipformer-zh-en	RES0216	31	93
figshare-osce	zipformer-zh-en	RES0217	32	105
primock57	canary-180m-flash	day1_consultation01	49	125
primock57	canary-180m-flash	day1_consultation02	46	131
primock57	canary-180m-flash	day1_consultation03	73	143
primock57	canary-180m-flash	day1_consultation04	70	120
primock57	canary-180m-flash	day1_consultation05	47	122
primock57	canary-180m-flash	day1_consultation06	64	155
primock57	canary-180m-flash	day1_consultation07	97	190
primock57	canary-180m-flash	day1_consultation08	58	127
primock57	canary-180m-flash	day1_consultation09	60	122
primock57	canary-180m-flash	day1_consultation10	51	130
primock57	canary-180m-flash	day1_consultation11	42	115
primock57	canary-180m-flash	day1_consultation12	51	95
primock57	canary-180m-flash	day1_consultation13	58	151
primock57	canary-180m-flash	day1_consultation14	47	146
primock57	canary-180m-flash	day1_consultation15	62	104
primock57	canary-180m-flash	day2_consultation01	39	89
primock57	canary-180m-flash	day2_consultation02	77	117
primock57	canary-180m-flash	day2_consultation03	62	96
primock57	canary-180m-flash	day2_consultation04	84	133
primock57	canary-180m-flash	day2_consultation05	62	137
primock57	canary-180m-flash	day2_consultation06	42	147
primock57	canary-180m-flash	day2_consultation07	39	86
primock57	canary-180m-flash	day2_consultation08	33	147
primock57	canary-180m-flash	day2_consultation09	37	62
primock57	canary-180m-flash	day2_consultation10	58	134
primock57	canary-180m-flash	day3_consultation01	35	91
primock57	canary-180m-flash	day3_consultation02	61	128
primock57	canary-180m-flash	day3_consultation03	75	122
primock57	canary-180m-flash	day3_consultation04	61	95
primock57	canary-180m-flash	day3_consultation05	25	81
primock57	canary-180m-flash	day3_consultation06	27	40
primock57	canary-180m-flash	day3_consultation07	69	109
primock57	canary-180m-flash	day3_consultation08	45	88
primock57	canary-180m-flash	day3_consultation09	58	182
primock57	canary-180m-flash	day3_consultation10	49	111
primock57	canary-180m-flash	day4_consultation01	55	104
primock57	canary-180m-flash	day4_consultation02	19	74
primock57	canary-180m-flash	day4_consultation03	40	83
primock57	canary-180m-flash	day4_consultation04	23	80
primock57	canary-180m-flash	day4_consultation05	56	107
primock57	canary-180m-flash	day4_consultation06	41	154
primock57	canary-180m-flash	day4_consultation07	70	137
primock57	canary-180m-flash	day4_consultation08	62	129
primock57	canary-180m-flash	day4_consultation09	61	137
primock57	canary-180m-flash	day4_consultation10	67	140
primock57	canary-180m-flash	day5_consultation01	35	96
primock57	canary-180m-flash	day5_consultation02	20	82
primock57	canary-180m-flash	day5_consultation03	25	138
primock57	canary-180m-flash	day5_consultation04	57	91
primock57	canary-180m-flash	day5_consultation05	23	69
primock57	canary-180m-flash	day5_consultation06	49	109
primock57	canary-180m-flash	day5_consultation07	36	123
primock57	canary-180m-flash	day5_consultation08	49	92
primock57	canary-180m-flash	day5_consultation09	47	125
primock57	canary-180m-flash	day5_consultation10	71	144
primock57	canary-180m-flash	day5_consultation11	49	198
primock57	canary-180m-flash	day5_consultation12	37	70
primock57	cloud-assemblyai	day1_consultation01	16	125
primock57	cloud-assemblyai	day1_consultation02	9	131
primock57	cloud-assemblyai	day1_consultation03	13	143
primock57	cloud-assemblyai	day1_consultation04	7	120
primock57	cloud-assemblyai	day1_consultation05	6	122
primock57	cloud-assemblyai	day1_consultation06	14	155
primock57	cloud-assemblyai	day1_consultation07	31	190
primock57	cloud-assemblyai	day1_consultation08	11	127
primock57	cloud-assemblyai	day1_consultation09	13	122
primock57	cloud-assemblyai	day1_consultation10	12	130
primock57	cloud-assemblyai	day1_consultation11	14	115
primock57	cloud-assemblyai	day1_consultation12	15	95
primock57	cloud-assemblyai	day1_consultation13	14	151
primock57	cloud-assemblyai	day1_consultation14	13	146
primock57	cloud-assemblyai	day1_consultation15	8	104
primock57	cloud-assemblyai	day2_consultation01	8	89
primock57	cloud-assemblyai	day2_consultation02	8	117
primock57	cloud-assemblyai	day2_consultation03	7	96
primock57	cloud-assemblyai	day2_consultation04	6	133
primock57	cloud-assemblyai	day2_consultation05	14	137
primock57	cloud-assemblyai	day2_consultation06	8	147
primock57	cloud-assemblyai	day2_consultation07	8	86
primock57	cloud-assemblyai	day2_consultation08	10	147
primock57	cloud-assemblyai	day2_consultation09	8	62
primock57	cloud-assemblyai	day2_consultation10	9	134
primock57	cloud-assemblyai	day3_consultation01	10	91
primock57	cloud-assemblyai	day3_consultation02	4	128
primock57	cloud-assemblyai	day3_consultation03	17	122
primock57	cloud-assemblyai	day3_consultation04	14	95
primock57	cloud-assemblyai	day3_consultation05	5	81
primock57	cloud-assemblyai	day3_consultation06	3	40
primock57	cloud-assemblyai	day3_consultation07	12	109
primock57	cloud-assemblyai	day3_consultation08	8	88
primock57	cloud-assemblyai	day3_consultation09	20	182
primock57	cloud-assemblyai	day3_consultation10	18	111
primock57	cloud-assemblyai	day4_consultation01	10	104
primock57	cloud-assemblyai	day4_consultation02	6	74
primock57	cloud-assemblyai	day4_consultation03	6	83
primock57	cloud-assemblyai	day4_consultation04	3	80
primock57	cloud-assemblyai	day4_consultation05	11	107
primock57	cloud-assemblyai	day4_consultation06	8	154
primock57	cloud-assemblyai	day4_consultation07	7	137
primock57	cloud-assemblyai	day4_consultation08	11	129
primock57	cloud-assemblyai	day4_consultation09	11	137
primock57	cloud-assemblyai	day4_consultation10	17	140
primock57	cloud-assemblyai	day5_consultation01	6	96
primock57	cloud-assemblyai	day5_consultation02	6	82
primock57	cloud-assemblyai	day5_consultation03	4	138
primock57	cloud-assemblyai	day5_consultation04	14	91
primock57	cloud-assemblyai	day5_consultation05	4	69
primock57	cloud-assemblyai	day5_consultation06	5	109
primock57	cloud-assemblyai	day5_consultation07	6	123
primock57	cloud-assemblyai	day5_consultation08	11	92
primock57	cloud-assemblyai	day5_consultation09	4	125
primock57	cloud-assemblyai	day5_consultation10	13	144
primock57	cloud-assemblyai	day5_consultation11	12	198
primock57	cloud-assemblyai	day5_consultation12	3	70
primock57	cloud-azure	day1_consultation01	20	125
primock57	cloud-azure	day1_consultation02	9	131
primock57	cloud-azure	day1_consultation03	14	143
primock57	cloud-azure	day1_consultation04	12	120
primock57	cloud-azure	day1_consultation05	12	122
primock57	cloud-azure	day1_consultation06	13	155
primock57	cloud-azure	day1_consultation07	30	190
primock57	cloud-azure	day1_consultation08	10	127
primock57	cloud-azure	day1_consultation09	10	122
primock57	cloud-azure	day1_consultation10	14	130
primock57	cloud-azure	day1_consultation11	16	115
primock57	cloud-azure	day1_consultation12	13	95
primock57	cloud-azure	day1_consultation13	13	151
primock57	cloud-azure	day1_consultation14	12	146
primock57	cloud-azure	day1_consultation15	8	104
primock57	cloud-azure	day2_consultation01	9	89
primock57	cloud-azure	day2_consultation02	13	117
primock57	cloud-azure	day2_consultation03	17	96
primock57	cloud-azure	day2_consultation04	12	133
primock57	cloud-azure	day2_consultation05	17	137
primock57	cloud-azure	day2_consultation06	11	147
primock57	cloud-azure	day2_consultation07	4	86
primock57	cloud-azure	day2_consultation08	13	147
primock57	cloud-azure	day2_consultation09	9	62
primock57	cloud-azure	day2_consultation10	8	134
primock57	cloud-azure	day3_consultation01	11	91
primock57	cloud-azure	day3_consultation02	7	128
primock57	cloud-azure	day3_consultation03	19	122
primock57	cloud-azure	day3_consultation04	14	95
primock57	cloud-azure	day3_consultation05	7	81
primock57	cloud-azure	day3_consultation06	5	40
primock57	cloud-azure	day3_consultation07	15	109
primock57	cloud-azure	day3_consultation08	8	88
primock57	cloud-azure	day3_consultation09	20	182
primock57	cloud-azure	day3_consultation10	15	111
primock57	cloud-azure	day4_consultation01	11	104
primock57	cloud-azure	day4_consultation02	4	74
primock57	cloud-azure	day4_consultation03	11	83
primock57	cloud-azure	day4_consultation04	6	80
primock57	cloud-azure	day4_consultation05	11	107
primock57	cloud-azure	day4_consultation06	9	154
primock57	cloud-azure	day4_consultation07	7	137
primock57	cloud-azure	day4_consultation08	16	129
primock57	cloud-azure	day4_consultation09	14	137
primock57	cloud-azure	day4_consultation10	19	140
primock57	cloud-azure	day5_consultation01	11	96
primock57	cloud-azure	day5_consultation02	8	82
primock57	cloud-azure	day5_consultation03	5	138
primock57	cloud-azure	day5_consultation04	11	91
primock57	cloud-azure	day5_consultation05	6	69
primock57	cloud-azure	day5_consultation06	9	109
primock57	cloud-azure	day5_consultation07	10	123
primock57	cloud-azure	day5_consultation08	11	92
primock57	cloud-azure	day5_consultation09	15	125
primock57	cloud-azure	day5_consultation10	23	144
primock57	cloud-azure	day5_consultation11	14	198
primock57	cloud-azure	day5_consultation12	5	70
primock57	cloud-deepgram	day1_consultation01	16	125
primock57	cloud-deepgram	day1_consultation02	12	131
primock57	cloud-deepgram	day1_consultation03	13	143
primock57	cloud-deepgram	day1_consultation04	8	120
primock57	cloud-deepgram	day1_consultation05	9	122
primock57	cloud-deepgram	day1_consultation06	14	155
primock57	cloud-deepgram	day1_consultation07	25	190
primock57	cloud-deepgram	day1_consultation08	9	127
primock57	cloud-deepgram	day1_consultation09	12	122
primock57	cloud-deepgram	day1_consultation10	8	130
primock57	cloud-deepgram	day1_consultation11	13	115
primock57	cloud-deepgram	day1_consultation12	12	95
primock57	cloud-deepgram	day1_consultation13	14	151
primock57	cloud-deepgram	day1_consultation14	11	146
primock57	cloud-deepgram	day1_consultation15	10	104
primock57	cloud-deepgram	day2_consultation01	9	89
primock57	cloud-deepgram	day2_consultation02	10	117
primock57	cloud-deepgram	day2_consultation03	12	96
primock57	cloud-deepgram	day2_consultation04	15	133
primock57	cloud-deepgram	day2_consultation05	16	137
primock57	cloud-deepgram	day2_consultation06	12	147
primock57	cloud-deepgram	day2_consultation07	3	86
primock57	cloud-deepgram	day2_consultation08	12	147
primock57	cloud-deepgram	day2_consultation09	8	62
primock57	cloud-deepgram	day2_consultation10	8	134
primock57	cloud-deepgram	day3_consultation01	12	91
primock57	cloud-deepgram	day3_consultation02	5	128
primock57	cloud-deepgram	day3_consultation03	17	122
primock57	cloud-deepgram	day3_consultation04	13	95
primock57	cloud-deepgram	day3_consultation05	4	81
primock57	cloud-deepgram	day3_consultation06	3	40
primock57	cloud-deepgram	day3_consultation07	14	109
primock57	cloud-deepgram	day3_consultation08	8	88
primock57	cloud-deepgram	day3_consultation09	20	182
primock57	cloud-deepgram	day3_consultation10	15	111
primock57	cloud-deepgram	day4_consultation01	10	104
primock57	cloud-deepgram	day4_consultation02	4	74
primock57	cloud-deepgram	day4_consultation03	13	83
primock57	cloud-deepgram	day4_consultation04	2	80
primock57	cloud-deepgram	day4_consultation05	13	107
primock57	cloud-deepgram	day4_consultation06	9	154
primock57	cloud-deepgram	day4_consultation07	8	137
primock57	cloud-deepgram	day4_consultation08	9	129
primock57	cloud-deepgram	day4_consultation09	14	137
primock57	cloud-deepgram	day4_consultation10	18	140
primock57	cloud-deepgram	day5_consultation01	10	96
primock57	cloud-deepgram	day5_consultation02	6	82
primock57	cloud-deepgram	day5_consultation03	8	138
primock57	cloud-deepgram	day5_consultation04	7	91
primock57	cloud-deepgram	day5_consultation05	6	69
primock57	cloud-deepgram	day5_consultation06	8	109
primock57	cloud-deepgram	day5_consultation07	9	123
primock57	cloud-deepgram	day5_consultation08	11	92
primock57	cloud-deepgram	day5_consultation09	10	125
primock57	cloud-deepgram	day5_consultation10	17	144
primock57	cloud-deepgram	day5_consultation11	13	198
primock57	cloud-deepgram	day5_consultation12	4	70
primock57	cloud-google	day1_consultation01	32	125
primock57	cloud-google	day1_consultation02	16	131
primock57	cloud-google	day1_consultation03	41	143
primock57	cloud-google	day1_consultation04	22	120
primock57	cloud-google	day1_consultation05	23	122
primock57	cloud-google	day1_consultation06	33	155
primock57	cloud-google	day1_consultation07	81	190
primock57	cloud-google	day1_consultation08	25	127
primock57	cloud-google	day1_consultation09	18	122
primock57	cloud-google	day1_consultation10	32	130
primock57	cloud-google	day1_consultation11	32	115
primock57	cloud-google	day1_consultation12	22	95
primock57	cloud-google	day1_consultation13	21	151
primock57	cloud-google	day1_consultation14	25	146
primock57	cloud-google	day1_consultation15	15	104
primock57	cloud-google	day2_consultation01	32	89
primock57	cloud-google	day2_consultation02	37	117
primock57	cloud-google	day2_consultation03	41	96
primock57	cloud-google	day2_consultation04	37	133
primock57	cloud-google	day2_consultation05	40	137
primock57	cloud-google	day2_consultation06	39	147
primock57	cloud-google	day2_consultation07	11	86
primock57	cloud-google	day2_consultation08	31	147
primock57	cloud-google	day2_consultation09	13	62
primock57	cloud-google	day2_consultation10	31	134
primock57	cloud-google	day3_consultation01	21	91
primock57	cloud-google	day3_consultation02	25	128
primock57	cloud-google	day3_consultation03	23	122
primock57	cloud-google	day3_consultation04	22	95
primock57	cloud-google	day3_consultation05	16	81
primock57	cloud-google	day3_consultation06	13	40
primock57	cloud-google	day3_consultation07	29	109
primock57	cloud-google	day3_consultation08	17	88
primock57	cloud-google	day3_consultation09	28	182
primock57	cloud-google	day3_consultation10	26	111
primock57	cloud-google	day4_consultation01	24	104
primock57	cloud-google	day4_consultation02	8	74
primock57	cloud-google	day4_consultation03	23	83
primock57	cloud-google	day4_consultation04	15	80
primock57	cloud-google	day4_consultation05	23	107
primock57	cloud-google	day4_consultation06	20	154
primock57	cloud-google	day4_consultation07	31	137
primock57	cloud-google	day4_consultation08	35	129
primock57	cloud-google	day4_consultation09	33	137
primock57	cloud-google	day4_consultation10	43	140
primock57	cloud-google	day5_consultation01	25	96
primock57	cloud-google	day5_consultation02	18	82
primock57	cloud-google	day5_consultation03	32	138
primock57	cloud-google	day5_consultation04	29	91
primock57	cloud-google	day5_consultation05	12	69
primock57	cloud-google	day5_consultation06	37	109
primock57	cloud-google	day5_consultation07	35	123
primock57	cloud-google	day5_consultation08	29	92
primock57	cloud-google	day5_consultation09	41	125
primock57	cloud-google	day5_consultation10	36	144
primock57	cloud-google	day5_consultation11	28	198
primock57	cloud-google	day5_consultation12	19	70
primock57	medasr	day1_consultation01	115	125
primock57	medasr	day1_consultation02	87	131
primock57	medasr	day1_consultation03	133	143
primock57	medasr	day1_consultation04	97	120
primock57	medasr	day1_consultation05	116	122
primock57	medasr	day1_consultation06	134	155
primock57	medasr	day1_consultation07	189	190
primock57	medasr	day1_consultation08	104	127
primock57	medasr	day1_consultation09	102	122
primock57	medasr	day1_consultation10	125	130
primock57	medasr	day1_consultation11	110	115
primock57	medasr	day1_consultation12	74	95
primock57	medasr	day1_consultation13	104	151
primock57	medasr	day1_consultation14	141	146
primock57	medasr	day1_consultation15	92	104
primock57	medasr	day2_consultation01	74	89
primock57	medasr	day2_consultation02	93	117
primock57	medasr	day2_consultation03	93	96
primock57	medasr	day2_consultation04	109	133
primock57	medasr	day2_consultation05	99	137
primock57	medasr	day2_consultation06	123	147
primock57	medasr	day2_consultation07	75	86
primock57	medasr	day2_consultation08	138	147
primock57	medasr	day2_consultation09	59	62
primock57	medasr	day2_consultation10	113	134
primock57	medasr	day3_consultation01	87	91
primock57	medasr	day3_consultation02	110	128
primock57	medasr	day3_consultation03	111	122
primock57	medasr	day3_consultation04	86	95
primock57	medasr	day3_consultation05	67	81
primock57	medasr	day3_consultation06	38	40
primock57	medasr	day3_consultation07	101	109
primock57	medasr	day3_consultation08	71	88
primock57	medasr	day3_consultation09	136	182
primock57	medasr	day3_consultation10	97	111
primock57	medasr	day4_consultation01	77	104
primock57	medasr	day4_consultation02	68	74
primock57	medasr	day4_consultation03	83	83
primock57	medasr	day4_consultation04	73	80
primock57	medasr	day4_consultation05	107	107
primock57	medasr	day4_consultation06	111	154
primock57	medasr	day4_consultation07	100	137
primock57	medasr	day4_consultation08	103	129
primock57	medasr	day4_consultation09	117	137
primock57	medasr	day4_consultation10	128	140
primock57	medasr	day5_consultation01	86	96
primock57	medasr	day5_consultation02	53	82
primock57	medasr	day5_consultation03	134	138
primock57	medasr	day5_consultation04	88	91
primock57	medasr	day5_consultation05	65	69
primock57	medasr	day5_consultation06	92	109
primock57	medasr	day5_consultation07	110	123
primock57	medasr	day5_consultation08	76	92
primock57	medasr	day5_consultation09	117	125
primock57	medasr	day5_consultation10	127	144
primock57	medasr	day5_consultation11	152	198
primock57	medasr	day5_consultation12	59	70
primock57	medasr-int8	day1_consultation01	116	125
primock57	medasr-int8	day1_consultation02	84	131
primock57	medasr-int8	day1_consultation03	132	143
primock57	medasr-int8	day1_consultation04	92	120
primock57	medasr-int8	day1_consultation05	114	122
primock57	medasr-int8	day1_consultation06	136	155
primock57	medasr-int8	day1_consultation07	188	190
primock57	medasr-int8	day1_consultation08	104	127
primock57	medasr-int8	day1_consultation09	102	122
primock57	medasr-int8	day1_consultation10	125	130
primock57	medasr-int8	day1_consultation11	110	115
primock57	medasr-int8	day1_consultation12	74	95
primock57	medasr-int8	day1_consultation13	103	151
primock57	medasr-int8	day1_consultation14	139	146
primock57	medasr-int8	day1_consultation15	92	104
primock57	medasr-int8	day2_consultation01	73	89
primock57	medasr-int8	day2_consultation02	93	117
primock57	medasr-int8	day2_consultation03	93	96
primock57	medasr-int8	day2_consultation04	110	133
primock57	medasr-int8	day2_consultation05	100	137
primock57	medasr-int8	day2_consultation06	123	147
primock57	medasr-int8	day2_consultation07	75	86
primock57	medasr-int8	day2_consultation08	134	147
primock57	medasr-int8	day2_consultation09	57	62
primock57	medasr-int8	day2_consultation10	113	134
primock57	medasr-int8	day3_consultation01	86	91
primock57	medasr-int8	day3_consultation02	109	128
primock57	medasr-int8	day3_consultation03	110	122
primock57	medasr-int8	day3_consultation04	85	95
primock57	medasr-int8	day3_consultation05	67	81
primock57	medasr-int8	day3_consultation06	38	40
primock57	medasr-int8	day3_consultation07	101	109
primock57	medasr-int8	day3_consultation08	71	88
primock57	medasr-int8	day3_consultation09	131	182
primock57	medasr-int8	day3_consultation10	96	111
primock57	medasr-int8	day4_consultation01	77	104
primock57	medasr-int8	day4_consultation02	67	74
primock57	medasr-int8	day4_consultation03	83	83
primock57	medasr-int8	day4_consultation04	74	80
primock57	medasr-int8	day4_consultation05	107	107
primock57	medasr-int8	day4_consultation06	111	154
primock57	medasr-int8	day4_consultation07	100	137
primock57	medasr-int8	day4_consultation08	104	129
primock57	medasr-int8	day4_consultation09	114	137
primock57	medasr-int8	day4_consultation10	127	140
primock57	medasr-int8	day5_consultation01	85	96
primock57	medasr-int8	day5_consultation02	51	82
primock57	medasr-int8	day5_consultation03	132	138
primock57	medasr-int8	day5_consultation04	88	91
primock57	medasr-int8	day5_consultation05	64	69
primock57	medasr-int8	day5_consultation06	92	109
primock57	medasr-int8	day5_consultation07	110	123
primock57	medasr-int8	day5_consultation08	77	92
primock57	medasr-int8	day5_consultation09	118	125
primock57	medasr-int8	day5_consultation10	126	144
primock57	medasr-int8	day5_consultation11	152	198
primock57	medasr-int8	day5_consultation12	59	70
primock57	nemo-fastconformer	day1_consultation01	46	125
primock57	nemo-fastconformer	day1_consultation02	41	131
primock57	nemo-fastconformer	day1_consultation03	46	143
primock57	nemo-fastconformer	day1_consultation04	47	120
primock57	nemo-fastconformer	day1_consultation05	54	122
primock57	nemo-fastconformer	day1_consultation06	44	155
primock57	nemo-fastconformer	day1_consultation07	94	190
primock57	nemo-fastconformer	day1_consultation08	46	127
primock57	nemo-fastconformer	day1_consultation09	39	122
primock57	nemo-fastconformer	day1_consultation10	53	130
primock57	nemo-fastconformer	day1_consultation11	46	115
primock57	nemo-fastconformer	day1_consultation12	38	95
primock57	nemo-fastconformer	day1_consultation13	50	151
primock57	nemo-fastconformer	day1_consultation14	58	146
primock57	nemo-fastconformer	day1_consultation15	30	104
primock57	nemo-fastconformer	day2_consultation01	34	89
primock57	nemo-fastconformer	day2_consultation02	48	117
primock57	nemo-fastconformer	day2_consultation03	55	96
primock57	nemo-fastconformer	day2_consultation04	59	133
primock57	nemo-fastconformer	day2_consultation05	54	137
primock57	nemo-fastconformer	day2_consultation06	45	147
primock57	nemo-fastconformer	day2_consultation07	22	86
primock57	nemo-fastconformer	day2_consultation08	61	147
primock57	nemo-fastconformer	day2_consultation09	20	62
primock57	nemo-fastconformer	day2_consultation10	46	134
primock57	nemo-fastconformer	day3_consultation01	45	91
primock57	nemo-fastconformer	day3_consultation02	31	128
primock57	nemo-fastconformer	day3_consultation03	58	122
primock57	nemo-fastconformer	day3_consultation04	43	95
primock57	nemo-fastconformer	day3_consultation05	29	81
primock57	nemo-fastconformer	day3_consultation06	19	40
primock57	nemo-fastconformer	day3_consultation07	55	109
primock57	nemo-fastconformer	day3_consultation08	38	88
primock57	nemo-fastconformer	day3_consultation09	60	182
primock57	nemo-fastconformer	day3_consultation10	49	111
primock57	nemo-fastconformer	day4_consultation01	35	104
primock57	nemo-fastconformer	day4_consultation02	17	74
primock57	nemo-fastconformer	day4_consultation03	36	83
primock57	nemo-fastconformer	day4_consultation04	22	80
primock57	nemo-fastconformer	day4_consultation05	34	107
primock57	nemo-fastconformer	day4_consultation06	55	154
primock57	nemo-fastconformer	day4_consultation07	48	137
primock57	nemo-fastconformer	day4_consultation08	37	129
primock57	nemo-fastconformer	day4_consultation09	71	137
primock57	nemo-fastconformer	day4_consultation10	64	140
primock57	nemo-fastconformer	day5_consultation01	36	96
primock57	nemo-fastconformer	day5_consultation02	28	82
primock57	nemo-fastconformer	day5_consultation03	56	138
primock57	nemo-fastconformer	day5_consultation04	38	91
primock57	nemo-fastconformer	day5_consultation05	18	69
primock57	nemo-fastconformer	day5_consultation06	46	109
primock57	nemo-fastconformer	day5_consultation07	41	123
primock57	nemo-fastconformer	day5_consultation08	35	92
primock57	nemo-fastconformer	day5_consultation09	56	125
primock57	nemo-fastconformer	day5_consultation10	57	144
primock57	nemo-fastconformer	day5_consultation11	59	198
primock57	nemo-fastconformer	day5_consultation12	34	70
primock57	nemo-fastconformer-int8	day1_consultation01	49	125
primock57	nemo-fastconformer-int8	day1_consultation02	42	131
primock57	nemo-fastconformer-int8	day1_consultation03	42	143
primock57	nemo-fastconformer-int8	day1_consultation04	42	120
primock57	nemo-fastconformer-int8	day1_consultation05	51	122
primock57	nemo-fastconformer-int8	day1_consultation06	40	155
primock57	nemo-fastconformer-int8	day1_consultation07	94	190
primock57	nemo-fastconformer-int8	day1_consultation08	40	127
primock57	nemo-fastconformer-int8	day1_consultation09	43	122
primock57	nemo-fastconformer-int8	day1_consultation10	54	130
primock57	nemo-fastconformer-int8	day1_consultation11	48	115
primock57	nemo-fastconformer-int8	day1_consultation12	35	95
primock57	nemo-fastconformer-int8	day1_consultation13	49	151
primock57	nemo-fastconformer-int8	day1_consultation14	51	146
primock57	nemo-fastconformer-int8	day1_consultation15	28	104
primock57	nemo-fastconformer-int8	day2_consultation01	31	89
primock57	nemo-fastconformer-int8	day2_consultation02	42	117
primock57	nemo-fastconformer-int8	day2_consultation03	56	96
primock57	nemo-fastconformer-int8	day2_consultation04	56	133
primock57	nemo-fastconformer-int8	day2_consultation05	55	137
primock57	nemo-fastconformer-int8	day2_consultation06	44	147
primock57	nemo-fastconformer-int8	day2_consultation07	15	86
primock57	nemo-fastconformer-int8	day2_consultation08	55	147
primock57	nemo-fastconformer-int8	day2_consultation09	22	62
primock57	nemo-fastconformer-int8	day2_consultation10	46	134
primock57	nemo-fastconformer-int8	day3_consultation01	38	91
primock57	nemo-fastconformer-int8	day3_consultation02	32	128
primock57	nemo-fastconformer-int8	day3_consultation03	55	122
primock57	nemo-fastconformer-int8	day3_consultation04	42	95
primock57	nemo-fastconformer-int8	day3_consultation05	28	81
primock57	nemo-fastconformer-int8	day3_consultation06	16	40
primock57	nemo-fastconformer-int8	day3_consultation07	55	109
primock57	nemo-fastconformer-int8	day3_consultation08	36	88
primock57	nemo-fastconformer-int8	day3_consultation09	60	182
primock57	nemo-fastconformer-int8	day3_consultation10	39	111
primock57	nemo-fastconformer-int8	day4_consultation01	34	104
primock57	nemo-fastconformer-int8	day4_consultation02	16	74
primock57	nemo-fastconformer-int8	day4_consultation03	36	83
primock57	nemo-fastconformer-int8	day4_consultation04	21	80
primock57	nemo-fastconformer-int8	day4_consultation05	36	107
primock57	nemo-fastconformer-int8	day4_consultation06	43	154
primock57	nemo-fastconformer-int8	day4_consultation07	48	137
primock57	nemo-fastconformer-int8	day4_consultation08	31	129
primock57	nemo-fastconformer-int8	day4_consultation09	68	137
primock57	nemo-fastconformer-int8	day4_consultation10	64	140
primock57	nemo-fastconformer-int8	day5_consultation01	35	96
primock57	nemo-fastconformer-int8	day5_consultation02	24	82
primock57	nemo-fastconformer-int8	day5_consultation03	57	138
primock57	nemo-fastconformer-int8	day5_consultation04	40	91
primock57	nemo-fastconformer-int8	day5_consultation05	19	69
primock57	nemo-fastconformer-int8	day5_consultation06	43	109
primock57	nemo-fastconformer-int8	day5_consultation07	43	123
primock57	nemo-fastconformer-int8	day5_consultation08	34	92
primock57	nemo-fastconformer-int8	day5_consultation09	50	125
primock57	nemo-fastconformer-int8	day5_consultation10	54	144
primock57	nemo-fastconformer-int8	day5_consultation11	50	198
primock57	nemo-fastconformer-int8	day5_consultation12	30	70
primock57	nemotron	day1_consultation01	66	125
primock57	nemotron	day1_consultation02	57	131
primock57	nemotron	day1_consultation03	56	143
primock57	nemotron	day1_consultation04	50	120
primock57	nemotron	day1_consultation05	66	122
primock57	nemotron	day1_consultation06	71	155
primock57	nemotron	day1_consultation07	82	190
primock57	nemotron	day1_consultation08	60	127
primock57	nemotron	day1_consultation09	59	122
primock57	nemotron	day1_consultation10	65	130
primock57	nemotron	day1_consultation11	59	115
primock57	nemotron	day1_consultation12	38	95
primock57	nemotron	day1_consultation13	66	151
primock57	nemotron	day1_consultation14	61	146
primock57	nemotron	day1_consultation15	53	104
primock57	nemotron	day2_consultation01	45	89
primock57	nemotron	day2_consultation02	55	117
primock57	nemotron	day2_consultation03	52	96
primock57	nemotron	day2_consultation04	64	133
primock57	nemotron	day2_consultation05	57	137
primock57	nemotron	day2_consultation06	72	147
primock57	nemotron	day2_consultation07	26	86
primock57	nemotron	day2_consultation08	64	147
primock57	nemotron	day2_consultation09	29	62
primock57	nemotron	day2_consultation10	61	134
primock57	nemotron	day3_consultation01	51	91
primock57	nemotron	day3_consultation02	51	128
primock57	nemotron	day3_consultation03	70	122
primock57	nemotron	day3_consultation04	43	95
primock57	nemotron	day3_consultation05	44	81
primock57	nemotron	day3_consultation06	24	40
primock57	nemotron	day3_consultation07	49	109
primock57	nemotron	day3_consultation08	53	88
primock57	nemotron	day3_consultation09	87	182
primock57	nemotron	day3_consultation10	51	111
primock57	nemotron	day4_consultation01	56	104
primock57	nemotron	day4_consultation02	33	74
primock57	nemotron	day4_consultation03	48	83
primock57	nemotron	day4_consultation04	35	80
primock57	nemotron	day4_consultation05	44	107
primock57	nemotron	day4_consultation06	70	154
primock57	nemotron	day4_consultation07	59	137
primock57	nemotron	day4_consultation08	61	129
primock57	nemotron	day4_consultation09	78	137
primock57	nemotron	day4_consultation10	66	140
primock57	nemotron	day5_consultation01	50	96
primock57	nemotron	day5_consultation02	33	82
primock57	nemotron	day5_consultation03	57	138
primock57	nemotron	day5_consultation04	47	91
primock57	nemotron	day5_consultation05	29	69
primock57	nemotron	day5_consultation06	49	109
primock57	nemotron	day5_consultation07	61	123
primock57	nemotron	day5_consultation08	45	92
primock57	nemotron	day5_consultation09	51	125
primock57	nemotron	day5_consultation10	63	144
primock57	nemotron	day5_consultation11	70	198
primock57	nemotron	day5_consultation12	30	70
primock57	paraformer-en	day1_consultation01	48	125
primock57	paraformer-en	day1_consultation02	39	131
primock57	paraformer-en	day1_consultation03	37	143
primock57	paraformer-en	day1_consultation04	45	120
primock57	paraformer-en	day1_consultation05	47	122
primock57	paraformer-en	day1_consultation06	39	155
primock57	paraformer-en	day1_consultation07	98	190
primock57	paraformer-en	day1_consultation08	36	127
primock57	paraformer-en	day1_consultation09	42	122
primock57	paraformer-en	day1_consultation10	44	130
primock57	paraformer-en	day1_consultation11	45	115
primock57	paraformer-en	day1_consultation12	34	95
primock57	paraformer-en	day1_consultation13	45	151
primock57	paraformer-en	day1_consultation14	48	146
primock57	paraformer-en	day1_consultation15	26	104
primock57	paraformer-en	day2_consultation01	36	89
primock57	paraformer-en	day2_consultation02	61	117
primock57	paraformer-en	day2_consultation03	47	96
primock57	paraformer-en	day2_consultation04	55	133
primock57	paraformer-en	day2_consultation05	51	137
primock57	paraformer-en	day2_consultation06	50	147
primock57	paraformer-en	day2_consultation07	27	86
primock57	paraformer-en	day2_consultation08	47	147
primock57	paraformer-en	day2_consultation09	21	62
primock57	paraformer-en	day2_consultation10	56	134
primock57	paraformer-en	day3_consultation01	34	91
primock57	paraformer-en	day3_consultation02	34	128
primock57	paraformer-en	day3_consultation03	51	122
primock57	paraformer-en	day3_consultation04	42	95
primock57	paraformer-en	day3_consultation05	23	81
primock57	paraformer-en	day3_consultation06	18	40
primock57	paraformer-en	day3_consultation07	46	109
primock57	paraformer-en	day3_consultation08	26	88
primock57	paraformer-en	day3_consultation09	51	182
primock57	paraformer-en	day3_consultation10	28	111
primock57	paraformer-en	day4_consultation01	31	104
primock57	paraformer-en	day4_consultation02	20	74
primock57	paraformer-en	day4_consultation03	30	83
primock57	paraformer-en	day4_consultation04	22	80
primock57	paraformer-en	day4_consultation05	60	107
primock57	paraformer-en	day4_consultation06	38	154
primock57	paraformer-en	day4_consultation07	54	137
primock57	paraformer-en	day4_consultation08	33	129
primock57	paraformer-en	day4_consultation09	69	137
primock57	paraformer-en	day4_consultation10	51	140
primock57	paraformer-en	day5_consultation01	36	96
primock57	paraformer-en	day5_consultation02	21	82
primock57	paraformer-en	day5_consultation03	33	138
primock57	paraformer-en	day5_consultation04	41	91
primock57	paraformer-en	day5_consultation05	21	69
primock57	paraformer-en	day5_consultation06	37	109
primock57	paraformer-en	day5_consultation07	42	123
primock57	paraformer-en	day5_consultation08	33	92
primock57	paraformer-en	day5_consultation09	52	125
primock57	paraformer-en	day5_consultation10	55	144
primock57	paraformer-en	day5_consultation11	62	198
primock57	paraformer-en	day5_consultation12	27	70
primock57	parakeet-tdt-0.6b-v2	day1_consultation01	17	125
primock57	parakeet-tdt-0.6b-v2	day1_consultation02	9	131
primock57	parakeet-tdt-0.6b-v2	day1_consultation03	17	143
primock57	parakeet-tdt-0.6b-v2	day1_consultation04	11	120
primock57	parakeet-tdt-0.6b-v2	day1_consultation05	11	122
primock57	parakeet-tdt-0.6b-v2	day1_consultation06	14	155
primock57	parakeet-tdt-0.6b-v2	day1_consultation07	31	190
primock57	parakeet-tdt-0.6b-v2	day1_consultation08	9	127
primock57	parakeet-tdt-0.6b-v2	day1_consultation09	16	122
primock57	parakeet-tdt-0.6b-v2	day1_consultation10	15	130
primock57	parakeet-tdt-0.6b-v2	day1_consultation11	16	115
primock57	parakeet-tdt-0.6b-v2	day1_consultation12	15	95
primock57	parakeet-tdt-0.6b-v2	day1_consultation13	14	151
primock57	parakeet-tdt-0.6b-v2	day1_consultation14	14	146
primock57	parakeet-tdt-0.6b-v2	day1_consultation15	11	104
primock57	parakeet-tdt-0.6b-v2	day2_consultation01	7	89
primock57	parakeet-tdt-0.6b-v2	day2_consultation02	13	117
primock57	parakeet-tdt-0.6b-v2	day2_consultation03	13	96
primock57	parakeet-tdt-0.6b-v2	day2_consultation04	10	133
primock57	parakeet-tdt-0.6b-v2	day2_consultation05	13	137
primock57	parakeet-tdt-0.6b-v2	day2_consultation06	14	147
primock57	parakeet-tdt-0.6b-v2	day2_consultation07	6	86
primock57	parakeet-tdt-0.6b-v2	day2_consultation08	11	147
primock57	parakeet-tdt-0.6b-v2	day2_consultation09	9	62
primock57	parakeet-tdt-0.6b-v2	day2_consultation10	10	134
primock57	parakeet-tdt-0.6b-v2	day3_consultation01	15	91
primock57	parakeet-tdt-0.6b-v2	day3_consultation02	3	128
primock57	parakeet-tdt-0.6b-v2	day3_consultation03	19	122
primock57	parakeet-tdt-0.6b-v2	day3_consultation04	19	95
primock57	parakeet-tdt-0.6b-v2	day3_consultation05	9	81
primock57	parakeet-tdt-0.6b-v2	day3_consultation06	5	40
primock57	parakeet-tdt-0.6b-v2	day3_consultation07	15	109
primock57	parakeet-tdt-0.6b-v2	day3_consultation08	10	88
primock57	parakeet-tdt-0.6b-v2	day3_consultation09	22	182
primock57	parakeet-tdt-0.6b-v2	day3_consultation10	17	111
primock57	parakeet-tdt-0.6b-v2	day4_consultation01	9	104
primock57	parakeet-tdt-0.6b-v2	day4_consultation02	6	74
primock57	parakeet-tdt-0.6b-v2	day4_consultation03	7	83
primock57	parakeet-tdt-0.6b-v2	day4_consultation04	3	80
primock57	parakeet-tdt-0.6b-v2	day4_consultation05	16	107
primock57	parakeet-tdt-0.6b-v2	day4_consultation06	9	154
primock57	parakeet-tdt-0.6b-v2	day4_consultation07	8	137
primock57	parakeet-tdt-0.6b-v2	day4_consultation08	15	129
primock57	parakeet-tdt-0.6b-v2	day4_consultation09	22	137
primock57	parakeet-tdt-0.6b-v2	day4_consultation10	22	140
primock57	parakeet-tdt-0.6b-v2	day5_consultation01	7	96
primock57	parakeet-tdt-0.6b-v2	day5_consultation02	6	82
primock57	parakeet-tdt-0.6b-v2	day5_consultation03	6	138
primock57	parakeet-tdt-0.6b-v2	day5_consultation04	11	91
primock57	parakeet-tdt-0.6b-v2	day5_consultation05	8	69
primock57	parakeet-tdt-0.6b-v2	day5_consultation06	6	109
primock57	parakeet-tdt-0.6b-v2	day5_consultation07	12	123
primock57	parakeet-tdt-0.6b-v2	day5_consultation08	15	92
primock57	parakeet-tdt-0.6b-v2	day5_consultation09	8	125
primock57	parakeet-tdt-0.6b-v2	day5_consultation10	26	144
primock57	parakeet-tdt-0.6b-v2	day5_consultation11	19	198
primock57	parakeet-tdt-0.6b-v2	day5_consultation12	5	70
primock57	qwen3-asr	day1_consultation01	22	125
primock57	qwen3-asr	day1_consultation02	19	131
primock57	qwen3-asr	day1_consultation03	16	143
primock57	qwen3-asr	day1_consultation04	9	120
primock57	qwen3-asr	day1_consultation05	16	122
primock57	qwen3-asr	day1_consultation06	21	155
primock57	qwen3-asr	day1_consultation07	32	190
primock57	qwen3-asr	day1_consultation08	15	127
primock57	qwen3-asr	day1_consultation09	11	122
primock57	qwen3-asr	day1_consultation10	14	130
primock57	qwen3-asr	day1_consultation11	17	115
primock57	qwen3-asr	day1_consultation12	18	95
primock57	qwen3-asr	day1_consultation13	12	151
primock57	qwen3-asr	day1_consultation14	18	146
primock57	qwen3-asr	day1_consultation15	14	104
primock57	qwen3-asr	day2_consultation01	10	89
primock57	qwen3-asr	day2_consultation02	13	117
primock57	qwen3-asr	day2_consultation03	15	96
primock57	qwen3-asr	day2_consultation04	11	133
primock57	qwen3-asr	day2_consultation05	19	137
primock57	qwen3-asr	day2_consultation06	20	147
primock57	qwen3-asr	day2_consultation07	8	86
primock57	qwen3-asr	day2_consultation08	15	147
primock57	qwen3-asr	day2_consultation09	9	62
primock57	qwen3-asr	day2_consultation10	10	134
primock57	qwen3-asr	day3_consultation01	15	91
primock57	qwen3-asr	day3_consultation02	5	128
primock57	qwen3-asr	day3_consultation03	27	122
primock57	qwen3-asr	day3_consultation04	18	95
primock57	qwen3-asr	day3_consultation05	9	81
primock57	qwen3-asr	day3_consultation06	8	40
primock57	qwen3-asr	day3_consultation07	21	109
primock57	qwen3-asr	day3_consultation08	9	88
primock57	qwen3-asr	day3_consultation09	20	182
primock57	qwen3-asr	day3_consultation10	23	111
primock57	qwen3-asr	day4_consultation01	11	104
primock57	qwen3-asr	day4_consultation02	6	74
primock57	qwen3-asr	day4_consultation03	15	83
primock57	qwen3-asr	day4_consultation04	6	80
primock57	qwen3-asr	day4_consultation05	16	107
primock57	qwen3-asr	day4_consultation06	19	154
primock57	qwen3-asr	day4_consultation07	19	137
primock57	qwen3-asr	day4_consultation08	15	129
primock57	qwen3-asr	day4_consultation09	23	137
primock57	qwen3-asr	day4_consultation10	22	140
primock57	qwen3-asr	day5_consultation01	15	96
primock57	qwen3-asr	day5_consultation02	12	82
primock57	qwen3-asr	day5_consultation03	15	138
primock57	qwen3-asr	day5_consultation04	18	91
primock57	qwen3-asr	day5_consultation05	6	69
primock57	qwen3-asr	day5_consultation06	14	109
primock57	qwen3-asr	day5_consultation07	12	123
primock57	qwen3-asr	day5_consultation08	16	92
primock57	qwen3-asr	day5_consultation09	17	125
primock57	qwen3-asr	day5_consultation10	23	144
primock57	qwen3-asr	day5_consultation11	18	198
primock57	qwen3-asr	day5_consultation12	7	70
primock57	sensevoice	day1_consultation01	27	125
primock57	sensevoice	day1_consultation02	33	131
primock57	sensevoice	day1_consultation03	30	143
primock57	sensevoice	day1_consultation04	30	120
primock57	sensevoice	day1_consultation05	28	122
primock57	sensevoice	day1_consultation06	25	155
primock57	sensevoice	day1_consultation07	78	190
primock57	sensevoice	day1_consultation08	22	127
primock57	sensevoice	day1_consultation09	29	122
primock57	sensevoice	day1_consultation10	28	130
primock57	sensevoice	day1_consultation11	32	115
primock57	sensevoice	day1_consultation12	22	95
primock57	sensevoice	day1_consultation13	27	151
primock57	sensevoice	day1_consultation14	31	146
primock57	sensevoice	day1_consultation15	20	104
primock57	sensevoice	day2_consultation01	21	89
primock57	sensevoice	day2_consultation02	29	117
primock57	sensevoice	day2_consultation03	32	96
primock57	sensevoice	day2_consultation04	32	133
primock57	sensevoice	day2_consultation05	35	137
primock57	sensevoice	day2_consultation06	33	147
primock57	sensevoice	day2_consultation07	7	86
primock57	sensevoice	day2_consultation08	29	147
primock57	sensevoice	day2_consultation09	11	62
primock57	sensevoice	day2_consultation10	28	134
primock57	sensevoice	day3_consultation01	26	91
primock57	sensevoice	day3_consultation02	13	128
primock57	sensevoice	day3_consultation03	31	122
primock57	sensevoice	day3_consultation04	28	95
primock57	sensevoice	day3_consultation05	10	81
primock57	sensevoice	day3_consultation06	14	40
primock57	sensevoice	day3_consultation07	30	109
primock57	sensevoice	day3_consultation08	20	88
primock57	sensevoice	day3_consultation09	28	182
primock57	sensevoice	day3_consultation10	24	111
primock57	sensevoice	day4_consultation01	19	104
primock57	sensevoice	day4_consultation02	12	74
primock57	sensevoice	day4_consultation03	18	83
primock57	sensevoice	day4_consultation04	11	80
primock57	sensevoice	day4_consultation05	25	107
primock57	sensevoice	day4_consultation06	23	154
primock57	sensevoice	day4_consultation07	32	137
primock57	sensevoice	day4_consultation08	26	129
primock57	sensevoice	day4_consultation09	38	137
primock57	sensevoice	day4_consultation10	36	140
primock57	sensevoice	day5_consultation01	24	96
primock57	sensevoice	day5_consultation02	15	82
primock57	sensevoice	day5_consultation03	20	138
primock57	sensevoice	day5_consultation04	29	91
primock57	sensevoice	day5_consultation05	15	69
primock57	sensevoice	day5_consultation06	23	109
primock57	sensevoice	day5_consultation07	28	123
primock57	sensevoice	day5_consultation08	24	92
primock57	sensevoice	day5_consultation09	25	125
primock57	sensevoice	day5_consultation10	39	144
primock57	sensevoice	day5_consultation11	30	198
primock57	sensevoice	day5_consultation12	20	70
primock57	sensevoice-no-itn	day1_consultation01	28	125
primock57	sensevoice-no-itn	day1_consultation02	32	131
primock57	sensevoice-no-itn	day1_consultation03	28	143
primock57	sensevoice-no-itn	day1_consultation04	32	120
primock57	sensevoice-no-itn	day1_consultation05	27	122
primock57	sensevoice-no-itn	day1_consultation06	27	155
primock57	sensevoice-no-itn	day1_consultation07	79	190
primock57	sensevoice-no-itn	day1_consultation08	24	127
primock57	sensevoice-no-itn	day1_consultation09	31	122
primock57	sensevoice-no-itn	day1_consultation10	28	130
primock57	sensevoice-no-itn	day1_consultation11	32	115
primock57	sensevoice-no-itn	day1_consultation12	22	95
primock57	sensevoice-no-itn	day1_consultation13	26	151
primock57	sensevoice-no-itn	day1_consultation14	29	146
primock57	sensevoice-no-itn	day1_consultation15	20	104
primock57	sensevoice-no-itn	day2_consultation01	17	89
primock57	sensevoice-no-itn	day2_consultation02	28	117
primock57	sensevoice-no-itn	day2_consultation03	28	96
primock57	sensevoice-no-itn	day2_consultation04	26	133
primock57	sensevoice-no-itn	day2_consultation05	36	137
primock57	sensevoice-no-itn	day2_consultation06	32	147
primock57	sensevoice-no-itn	day2_consultation07	7	86
primock57	sensevoice-no-itn	day2_consultation08	28	147
primock57	sensevoice-no-itn	day2_consultation09	11	62
primock57	sensevoice-no-itn	day2_consultation10	30	134
primock57	sensevoice-no-itn	day3_consultation01	26	91
primock57	sensevoice-no-itn	day3_consultation02	13	128
primock57	sensevoice-no-itn	day3_consultation03	33	122
primock57	sensevoice-no-itn	day3_consultation04	30	95
primock57	sensevoice-no-itn	day3_consultation05	11	81
primock57	sensevoice-no-itn	day3_consultation06	15	40
primock57	sensevoice-no-itn	day3_consultation07	32	109
primock57	sensevoice-no-itn	day3_consultation08	19	88
primock57	sensevoice-no-itn	day3_consultation09	29	182
primock57	sensevoice-no-itn	day3_consultation10	23	111
primock57	sensevoice-no-itn	day4_consultation01	18	104
primock57	sensevoice-no-itn	day4_consultation02	11	74
primock57	sensevoice-no-itn	day4_consultation03	18	83
primock57	sensevoice-no-itn	day4_consultation04	10	80
primock57	sensevoice-no-itn	day4_consultation05	22	107
primock57	sensevoice-no-itn	day4_consultation06	21	154
primock57	sensevoice-no-itn	day4_consultation07	31	137
primock57	sensevoice-no-itn	day4_consultation08	25	129
primock57	sensevoice-no-itn	day4_consultation09	38	137
primock57	sensevoice-no-itn	day4_consultation10	37	140
primock57	sensevoice-no-itn	day5_consultation01	22	96
primock57	sensevoice-no-itn	day5_consultation02	14	82
primock57	sensevoice-no-itn	day5_consultation03	18	138
primock57	sensevoice-no-itn	day5_consultation04	30	91
primock57	sensevoice-no-itn	day5_consultation05	17	69
primock57	sensevoice-no-itn	day5_consultation06	24	109
primock57	sensevoice-no-itn	day5_consultation07	29	123
primock57	sensevoice-no-itn	day5_consultation08	22	92
primock57	sensevoice-no-itn	day5_consultation09	25	125
primock57	sensevoice-no-itn	day5_consultation10	38	144
primock57	sensevoice-no-itn	day5_consultation11	29	198
primock57	sensevoice-no-itn	day5_consultation12	20	70
primock57	whisper-base-en	day1_consultation01	26	125
primock57	whisper-base-en	day1_consultation02	24	131
primock57	whisper-base-en	day1_consultation03	34	143
primock57	whisper-base-en	day1_consultation04	24	120
primock57	whisper-base-en	day1_consultation05	29	122
primock57	whisper-base-en	day1_consultation06	25	155
primock57	whisper-base-en	day1_consultation07	65	190
primock57	whisper-base-en	day1_consultation08	21	127
primock57	whisper-base-en	day1_consultation09	30	122
primock57	whisper-base-en	day1_consultation10	32	130
primock57	whisper-base-en	day1_consultation11	24	115
primock57	whisper-base-en	day1_consultation12	23	95
primock57	whisper-base-en	day1_consultation13	26	151
primock57	whisper-base-en	day1_consultation14	22	146
primock57	whisper-base-en	day1_consultation15	16	104
primock57	whisper-base-en	day2_consultation01	11	89
primock57	whisper-base-en	day2_consultation02	32	117
primock57	whisper-base-en	day2_consultation03	23	96
primock57	whisper-base-en	day2_consultation04	25	133
primock57	whisper-base-en	day2_consultation05	27	137
primock57	whisper-base-en	day2_consultation06	20	147
primock57	whisper-base-en	day2_consultation07	6	86
primock57	whisper-base-en	day2_consultation08	35	147
primock57	whisper-base-en	day2_consultation09	12	62
primock57	whisper-base-en	day2_consultation10	25	134
primock57	whisper-base-en	day3_consultation01	28	91
primock57	whisper-base-en	day3_consultation02	9	128
primock57	whisper-base-en	day3_consultation03	30	122
primock57	whisper-base-en	day3_consultation04	31	95
primock57	whisper-base-en	day3_consultation05	13	81
primock57	whisper-base-en	day3_consultation06	4	40
primock57	whisper-base-en	day3_consultation07	27	109
primock57	whisper-base-en	day3_consultation08	17	88
primock57	whisper-base-en	day3_consultation09	24	182
primock57	whisper-base-en	day3_consultation10	24	111
primock57	whisper-base-en	day4_consultation01	23	104
primock57	whisper-base-en	day4_consultation02	8	74
primock57	whisper-base-en	day4_consultation03	12	83
primock57	whisper-base-en	day4_consultation04	8	80
primock57	whisper-base-en	day4_consultation05	20	107
primock57	whisper-base-en	day4_consultation06	16	154
primock57	whisper-base-en	day4_consultation07	30	137
primock57	whisper-base-en	day4_consultation08	20	129
primock57	whisper-base-en	day4_consultation09	41	137
primock57	whisper-base-en	day4_consultation10	32	140
primock57	whisper-base-en	day5_consultation01	21	96
primock57	whisper-base-en	day5_consultation02	15	82
primock57	whisper-base-en	day5_consultation03	15	138
primock57	whisper-base-en	day5_consultation04	24	91
primock57	whisper-base-en	day5_consultation05	9	69
primock57	whisper-base-en	day5_consultation06	21	109
primock57	whisper-base-en	day5_consultation07	23	123
primock57	whisper-base-en	day5_consultation08	23	92
primock57	whisper-base-en	day5_consultation09	20	125
primock57	whisper-base-en	day5_consultation10	36	144
primock57	whisper-base-en	day5_consultation11	33	198
primock57	whisper-base-en	day5_consultation12	17	70
primock57	whisper-distil-v3.5	day1_consultation01	18	125
primock57	whisper-distil-v3.5	day1_consultation02	17	131
primock57	whisper-distil-v3.5	day1_consultation03	13	143
primock57	whisper-distil-v3.5	day1_consultation04	10	120
primock57	whisper-distil-v3.5	day1_consultation05	18	122
primock57	whisper-distil-v3.5	day1_consultation06	18	155
primock57	whisper-distil-v3.5	day1_consultation07	35	190
primock57	whisper-distil-v3.5	day1_consultation08	15	127
primock57	whisper-distil-v3.5	day1_consultation09	12	122
primock57	whisper-distil-v3.5	day1_consultation10	22	130
primock57	whisper-distil-v3.5	day1_consultation11	15	115
primock57	whisper-distil-v3.5	day1_consultation12	18	95
primock57	whisper-distil-v3.5	day1_consultation13	12	151
primock57	whisper-distil-v3.5	day1_consultation14	12	146
primock57	whisper-distil-v3.5	day1_consultation15	10	104
primock57	whisper-distil-v3.5	day2_consultation01	7	89
primock57	whisper-distil-v3.5	day2_consultation02	10	117
primock57	whisper-distil-v3.5	day2_consultation03	10	96
primock57	whisper-distil-v3.5	day2_consultation04	4	133
primock57	whisper-distil-v3.5	day2_consultation05	12	137
primock57	whisper-distil-v3.5	day2_consultation06	13	147
primock57	whisper-distil-v3.5	day2_consultation07	5	86
primock57	whisper-distil-v3.5	day2_consultation08	12	147
primock57	whisper-distil-v3.5	day2_consultation09	9	62
primock57	whisper-distil-v3.5	day2_consultation10	13	134
primock57	whisper-distil-v3.5	day3_consultation01	21	91
primock57	whisper-distil-v3.5	day3_consultation02	9	128
primock57	whisper-distil-v3.5	day3_consultation03	22	122
primock57	whisper-distil-v3.5	day3_consultation04	18	95
primock57	whisper-distil-v3.5	day3_consultation05	9	81
primock57	whisper-distil-v3.5	day3_consultation06	7	40
primock57	whisper-distil-v3.5	day3_consultation07	17	109
primock57	whisper-distil-v3.5	day3_consultation08	13	88
primock57	whisper-distil-v3.5	day3_consultation09	31	182
primock57	whisper-distil-v3.5	day3_consultation10	21	111
primock57	whisper-distil-v3.5	day4_consultation01	10	104
primock57	whisper-distil-v3.5	day4_consultation02	5	74
primock57	whisper-distil-v3.5	day4_consultation03	6	83
primock57	whisper-distil-v3.5	day4_consultation04	6	80
primock57	whisper-distil-v3.5	day4_consultation05	11	107
primock57	whisper-distil-v3.5	day4_consultation06	11	154
primock57	whisper-distil-v3.5	day4_consultation07	13	137
primock57	whisper-distil-v3.5	day4_consultation08	14	129
primock57	whisper-distil-v3.5	day4_consultation09	23	137
primock57	whisper-distil-v3.5	day4_consultation10	22	140
primock57	whisper-distil-v3.5	day5_consultation01	11	96
primock57	whisper-distil-v3.5	day5_consultation02	10	82
primock57	whisper-distil-v3.5	day5_consultation03	5	138
primock57	whisper-distil-v3.5	day5_consultation04	12	91
primock57	whisper-distil-v3.5	day5_consultation05	7	69
primock57	whisper-distil-v3.5	day5_consultation06	11	109
primock57	whisper-distil-v3.5	day5_consultation07	13	123
primock57	whisper-distil-v3.5	day5_consultation08	17	92
primock57	whisper-distil-v3.5	day5_consultation09	12	125
primock57	whisper-distil-v3.5	day5_consultation10	19	144
primock57	whisper-distil-v3.5	day5_consultation11	17	198
primock57	whisper-distil-v3.5	day5_consultation12	5	70
primock57	whisper-turbo	day1_consultation01	17	125
primock57	whisper-turbo	day1_consultation02	15	131
primock57	whisper-turbo	day1_consultation03	19	143
primock57	whisper-turbo	day1_consultation04	13	120
primock57	whisper-turbo	day1_consultation05	13	122
primock57	whisper-turbo	day1_consultation06	17	155
primock57	whisper-turbo	day1_consultation07	39	190
primock57	whisper-turbo	day1_consultation08	14	127
primock57	whisper-turbo	day1_consultation09	14	122
primock57	whisper-turbo	day1_consultation10	19	130
primock57	whisper-turbo	day1_consultation11	16	115
primock57	whisper-turbo	day1_consultation12	20	95
primock57	whisper-turbo	day1_consultation13	13	151
primock57	whisper-turbo	day1_consultation14	12	146
primock57	whisper-turbo	day1_consultation15	11	104
primock57	whisper-turbo	day2_consultation01	9	89
primock57	whisper-turbo	day2_consultation02	14	117
primock57	whisper-turbo	day2_consultation03	10	96
primock57	whisper-turbo	day2_consultation04	10	133
primock57	whisper-turbo	day2_consultation05	15	137
primock57	whisper-turbo	day2_consultation06	9	147
primock57	whisper-turbo	day2_consultation07	5	86
primock57	whisper-turbo	day2_consultation08	12	147
primock57	whisper-turbo	day2_consultation09	7	62
primock57	whisper-turbo	day2_consultation10	13	134
primock57	whisper-turbo	day3_consultation01	16	91
primock57	whisper-turbo	day3_consultation02	6	128
primock57	whisper-turbo	day3_consultation03	20	122
primock57	whisper-turbo	day3_consultation04	16	95
primock57	whisper-turbo	day3_consultation05	5	81
primock57	whisper-turbo	day3_consultation06	3	40
primock57	whisper-turbo	day3_consultation07	15	109
primock57	whisper-turbo	day3_consultation08	9	88
primock57	whisper-turbo	day3_consultation09	23	182
primock57	whisper-turbo	day3_consultation10	17	111
primock57	whisper-turbo	day4_consultation01	11	104
primock57	whisper-turbo	day4_consultation02	6	74
primock57	whisper-turbo	day4_consultation03	6	83
primock57	whisper-turbo	day4_consultation04	4	80
primock57	whisper-turbo	day4_consultation05	17	107
primock57	whisper-turbo	day4_consultation06	12	154
primock57	whisper-turbo	day4_consultation07	13	137
primock57	whisper-turbo	day4_consultation08	10	129
primock57	whisper-turbo	day4_consultation09	19	137
primock57	whisper-turbo	day4_consultation10	19	140
primock57	whisper-turbo	day5_consultation01	11	96
primock57	whisper-turbo	day5_consultation02	8	82
primock57	whisper-turbo	day5_consultation03	7	138
primock57	whisper-turbo	day5_consultation04	14	91
primock57	whisper-turbo	day5_consultation05	8	69
primock57	whisper-turbo	day5_consultation06	7	109
primock57	whisper-turbo	day5_consultation07	14	123
primock57	whisper-turbo	day5_consultation08	17	92
primock57	whisper-turbo	day5_consultation09	11	125
primock57	whisper-turbo	day5_consultation10	20	144
primock57	whisper-turbo	day5_consultation11	21	198
primock57	whisper-turbo	day5_consultation12	5	70
primock57	zipformer-zh-en	day1_consultation01	44	125
primock57	zipformer-zh-en	day1_consultation02	66	131
primock57	zipformer-zh-en	day1_consultation03	79	143
primock57	zipformer-zh-en	day1_consultation04	54	120
primock57	zipformer-zh-en	day1_consultation05	62	122
primock57	zipformer-zh-en	day1_consultation06	58	155
primock57	zipformer-zh-en	day1_consultation07	106	190
primock57	zipformer-zh-en	day1_consultation08	49	127
primock57	zipformer-zh-en	day1_consultation09	55	122
primock57	zipformer-zh-en	day1_consultation10	87	130
primock57	zipformer-zh-en	day1_consultation11	54	115
primock57	zipformer-zh-en	day1_consultation12	40	95
primock57	zipformer-zh-en	day1_consultation13	56	151
primock57	zipformer-zh-en	day1_consultation14	64	146
primock57	zipformer-zh-en	day1_consultation15	36	104
primock57	zipformer-zh-en	day2_consultation01	33	89
primock57	zipformer-zh-en	day2_consultation02	47	117
primock57	zipformer-zh-en	day2_consultation03	68	96
primock57	zipformer-zh-en	day2_consultation04	51	133
primock57	zipformer-zh-en	day2_consultation05	56	137
primock57	zipformer-zh-en	day2_consultation06	45	147
primock57	zipformer-zh-en	day2_consultation07	22	86
primock57	zipformer-zh-en	day2_consultation08	67	147
primock57	zipformer-zh-en	day2_consultation09	23	62
primock57	zipformer-zh-en	day2_consultation10	63	134
primock57	zipformer-zh-en	day3_consultation01	37	91
primock57	zipformer-zh-en	day3_consultation02	40	128
primock57	zipformer-zh-en	day3_consultation03	46	122
primock57	zipformer-zh-en	day3_consultation04	52	95
primock57	zipformer-zh-en	day3_consultation05	21	81
primock57	zipformer-zh-en	day3_consultation06	13	40
primock57	zipformer-zh-en	day3_consultation07	64	109
primock57	zipformer-zh-en	day3_consultation08	39	88
primock57	zipformer-zh-en	day3_consultation09	54	182
primock57	zipformer-zh-en	day3_consultation10	50	111
primock57	zipformer-zh-en	day4_consultation01	31	104
primock57	zipformer-zh-en	day4_consultation02	20	74
primock57	zipformer-zh-en	day4_consultation03	34	83
primock57	zipformer-zh-en	day4_consultation04	21	80
primock57	zipformer-zh-en	day4_consultation05	53	107
primock57	zipformer-zh-en	day4_consultation06	57	154
primock57	zipformer-zh-en	day4_consultation07	50	137
primock57	zipformer-zh-en	day4_consultation08	47	129
primock57	zipformer-zh-en	day4_consultation09	76	137
primock57	zipformer-zh-en	day4_consultation10	74	140
primock57	zipformer-zh-en	day5_consultation01	40	96
primock57	zipformer-zh-en	day5_consultation02	28	82
primock57	zipformer-zh-en	day5_consultation03	46	138
primock57	zipformer-zh-en	day5_consultation04	39	91
primock57	zipformer-zh-en	day5_consultation05	34	69
primock57	zipformer-zh-en	day5_consultation06	50	109
primock57	zipformer-zh-en	day5_consultation07	53	123
primock57	zipformer-zh-en	day5_consultation08	41	92
primock57	zipformer-zh-en	day5_consultation09	60	125
primock57	zipformer-zh-en	day5_consultation10	59	144
primock57	zipformer-zh-en	day5_consultation11	75	198
primock57	zipformer-zh-en	day5_consultation12	25	70
nazmulkazi	canary-180m-flash	D0420-S1-T01	31	105
nazmulkazi	canary-180m-flash	D0420-S1-T02	9	51
nazmulkazi	canary-180m-flash	D0420-S1-T03	14	64
nazmulkazi	canary-180m-flash	D0420-S1-T04	27	116
nazmulkazi	canary-180m-flash	D0420-S1-T05	22	153
nazmulkazi	canary-180m-flash	D0420-S2-T01	50	355
nazmulkazi	canary-180m-flash	D0420-S3-T01	32	163
nazmulkazi	canary-180m-flash	D0420-S3-T02	48	287
nazmulkazi	canary-180m-flash	D0420-S3-T03	25	188
nazmulkazi	canary-180m-flash	D0420-S4-T01	21	118
nazmulkazi	canary-180m-flash	D0420-S4-T02	104	454
nazmulkazi	canary-180m-flash	D0421-S1-T01	197	355
nazmulkazi	canary-180m-flash	D0421-S1-T02	167	306
nazmulkazi	canary-180m-flash	D0421-S1-T03	68	125
nazmulkazi	canary-180m-flash	D0421-S1-T04	92	181
nazmulkazi	canary-180m-flash	D0421-S1-T05	86	140
nazmulkazi	canary-180m-flash	D0421-S2-T01	75	377
nazmulkazi	canary-180m-flash	D0421-S2-T02	67	326
nazmulkazi	canary-180m-flash	D0421-S3-T01	51	229
nazmulkazi	canary-180m-flash	D0421-S3-T02	41	149
nazmulkazi	canary-180m-flash	D0421-S3-T03	24	162
nazmulkazi	canary-180m-flash	D0421-S3-T04	31	196
nazmulkazi	canary-180m-flash	D0421-S3-T05	36	190
nazmulkazi	canary-180m-flash	D0422-S1-T01	122	421
nazmulkazi	canary-180m-flash	D0422-S1-T02	35	220
nazmulkazi	canary-180m-flash	D0422-S1-T03	33	164
nazmulkazi	canary-180m-flash	D0422-S1-T04	49	260
nazmulkazi	canary-180m-flash	D0422-S2-T01	35	118
nazmulkazi	canary-180m-flash	D0422-S2-T02	137	479
nazmulkazi	canary-180m-flash	D0422-S3-T01	56	289
nazmulkazi	canary-180m-flash	D0422-S3-T02	12	115
nazmulkazi	canary-180m-flash	D0422-S3-T03	40	194
nazmulkazi	canary-180m-flash	D0422-S3-T04	37	154
nazmulkazi	canary-180m-flash	D0422-S3-T05	4	72
nazmulkazi	canary-180m-flash	D0422-S3-T06	4	37
nazmulkazi	canary-180m-flash	D0422-S4-T01	104	309
nazmulkazi	canary-180m-flash	D0422-S4-T02	193	389
nazmulkazi	canary-180m-flash	D0422-S4-T03	43	150
nazmulkazi	canary-180m-flash	D0422-S4-T04	23	175
nazmulkazi	canary-180m-flash	D0422-S4-T05	27	140
nazmulkazi	canary-180m-flash	D0423-S1-T01	96	399
nazmulkazi	canary-180m-flash	D0423-S1-T02	47	196
nazmulkazi	canary-180m-flash	D0423-S1-T03	14	90
nazmulkazi	canary-180m-flash	D0423-S2-T01	28	120
nazmulkazi	canary-180m-flash	D0423-S2-T02	19	141
nazmulkazi	canary-180m-flash	D0423-S2-T03	42	200
nazmulkazi	canary-180m-flash	D0424-S1-T01	12	99
nazmulkazi	canary-180m-flash	D0424-S1-T02	31	116
nazmulkazi	canary-180m-flash	D0424-S1-T03	34	128
nazmulkazi	canary-180m-flash	D0424-S2-T01	36	247
nazmulkazi	canary-180m-flash	D0424-S2-T02	53	244
nazmulkazi	canary-180m-flash	D0424-S2-T03	66	228
nazmulkazi	canary-180m-flash	D0424-S2-T04	30	184
nazmulkazi	canary-180m-flash	D0424-S2-T05	56	267
nazmulkazi	canary-180m-flash	D0424-S2-T06	63	246
nazmulkazi	canary-180m-flash	D0424-S3-T01	59	325
nazmulkazi	canary-180m-flash	D0424-S3-T02	31	206
nazmulkazi	canary-180m-flash	D0424-S3-T03	20	70
nazmulkazi	canary-180m-flash	D0424-S3-T04	8	68
nazmulkazi	canary-180m-flash	D0425-S1-T01	8	50
nazmulkazi	canary-180m-flash	D0425-S1-T02	18	122
nazmulkazi	canary-180m-flash	D0425-S1-T03	16	91
nazmulkazi	canary-180m-flash	D0425-S2-T01	41	272
nazmulkazi	canary-180m-flash	D0425-S2-T02	19	176
nazmulkazi	canary-180m-flash	D0425-S2-T03	33	164
nazmulkazi	canary-180m-flash	D0425-S2-T04	21	131
nazmulkazi	canary-180m-flash	D0425-S3-T01	40	197
nazmulkazi	canary-180m-flash	D0425-S3-T02	30	145
nazmulkazi	canary-180m-flash	D0425-S3-T03	39	152
nazmulkazi	canary-180m-flash	D0425-S3-T04	43	131
nazmulkazi	canary-180m-flash	D0425-S3-T05	10	104
nazmulkazi	cloud-assemblyai	D0420-S1-T01	12	105
nazmulkazi	cloud-assemblyai	D0420-S1-T02	3	51
nazmulkazi	cloud-assemblyai	D0420-S1-T03	7	64
nazmulkazi	cloud-assemblyai	D0420-S1-T04	6	116
nazmulkazi	cloud-assemblyai	D0420-S1-T05	11	153
nazmulkazi	cloud-assemblyai	D0420-S2-T01	22	355
nazmulkazi	cloud-assemblyai	D0420-S3-T01	8	163
nazmulkazi	cloud-assemblyai	D0420-S3-T02	21	287
nazmulkazi	cloud-assemblyai	D0420-S3-T03	8	188
nazmulkazi	cloud-assemblyai	D0420-S4-T01	10	118
nazmulkazi	cloud-assemblyai	D0420-S4-T02	34	454
nazmulkazi	cloud-assemblyai	D0421-S1-T01	15	355
nazmulkazi	cloud-assemblyai	D0421-S1-T02	11	306
nazmulkazi	cloud-assemblyai	D0421-S1-T03	5	125
nazmulkazi	cloud-assemblyai	D0421-S1-T04	9	181
nazmulkazi	cloud-assemblyai	D0421-S1-T05	6	140
nazmulkazi	cloud-assemblyai	D0421-S2-T01	25	377
nazmulkazi	cloud-assemblyai	D0421-S2-T02	18	326
nazmulkazi	cloud-assemblyai	D0421-S3-T01	23	229
nazmulkazi	cloud-assemblyai	D0421-S3-T02	20	149
nazmulkazi	cloud-assemblyai	D0421-S3-T03	15	162
nazmulkazi	cloud-assemblyai	D0421-S3-T04	12	196
nazmulkazi	cloud-assemblyai	D0421-S3-T05	12	190
nazmulkazi	cloud-assemblyai	D0422-S1-T01	43	421
nazmulkazi	cloud-assemblyai	D0422-S1-T02	13	220
nazmulkazi	cloud-assemblyai	D0422-S1-T03	12	164
nazmulkazi	cloud-assemblyai	D0422-S1-T04	19	260
nazmulkazi	cloud-assemblyai	D0422-S2-T01	12	118
nazmulkazi	cloud-assemblyai	D0422-S2-T02	72	479
nazmulkazi	cloud-assemblyai	D0422-S3-T01	20	289
nazmulkazi	cloud-assemblyai	D0422-S3-T02	3	115
nazmulkazi	cloud-assemblyai	D0422-S3-T03	18	194
nazmulkazi	cloud-assemblyai	D0422-S3-T04	27	154
nazmulkazi	cloud-assemblyai	D0422-S3-T05	4	72
nazmulkazi	cloud-assemblyai	D0422-S3-T06	2	37
nazmulkazi	cloud-assemblyai	D0422-S4-T01	9	309
nazmulkazi	cloud-assemblyai	D0422-S4-T02	23	389
nazmulkazi	cloud-assemblyai	D0422-S4-T03	27	150
nazmulkazi	cloud-assemblyai	D0422-S4-T04	10	175
nazmulkazi	cloud-assemblyai	D0422-S4-T05	13	140
nazmulkazi	cloud-assemblyai	D0423-S1-T01	28	399
nazmulkazi	cloud-assemblyai	D0423-S1-T02	40	196
nazmulkazi	cloud-assemblyai	D0423-S1-T03	6	90
nazmulkazi	cloud-assemblyai	D0423-S2-T01	15	120
nazmulkazi	cloud-assemblyai	D0423-S2-T02	10	141
nazmulkazi	cloud-assemblyai	D0423-S2-T03	23	200
nazmulkazi	cloud-assemblyai	D0424-S1-T01	3	99
nazmulkazi	cloud-assemblyai	D0424-S1-T02	12	116
nazmulkazi	cloud-assemblyai	D0424-S1-T03	14	128
nazmulkazi	cloud-assemblyai	D0424-S2-T01	22	247
nazmulkazi	cloud-assemblyai	D0424-S2-T02	24	244
nazmulkazi	cloud-assemblyai	D0424-S2-T03	26	228
nazmulkazi	cloud-assemblyai	D0424-S2-T04	12	184
nazmulkazi	cloud-assemblyai	D0424-S2-T05	21	267
nazmulkazi	cloud-assemblyai	D0424-S2-T06	27	246
nazmulkazi	cloud-assemblyai	D0424-S3-T01	8	325
nazmulkazi	cloud-assemblyai	D0424-S3-T02	15	206
nazmulkazi	cloud-assemblyai	D0424-S3-T03	5	70
nazmulkazi	cloud-assemblyai	D0424-S3-T04	8	68
nazmulkazi	cloud-assemblyai	D0425-S1-T01	3	50
nazmulkazi	cloud-assemblyai	D0425-S1-T02	7	122
nazmulkazi	cloud-assemblyai	D0425-S1-T03	4	91
nazmulkazi	cloud-assemblyai	D0425-S2-T01	25	272
nazmulkazi	cloud-assemblyai	D0425-S2-T02	11	176
nazmulkazi	cloud-assemblyai	D0425-S2-T03	12	164
nazmulkazi	cloud-assemblyai	D0425-S2-T04	12	131
nazmulkazi	cloud-assemblyai	D0425-S3-T01	16	197
nazmulkazi	cloud-assemblyai	D0425-S3-T02	21	145
nazmulkazi	cloud-assemblyai	D0425-S3-T03	14	152
nazmulkazi	cloud-assemblyai	D0425-S3-T04	16	131
nazmulkazi	cloud-assemblyai	D0425-S3-T05	6	104
nazmulkazi	cloud-azure	D0420-S1-T01	10	105
nazmulkazi	cloud-azure	D0420-S1-T02	3	51
nazmulkazi	cloud-azure	D0420-S1-T03	7	64
nazmulkazi	cloud-azure	D0420-S1-T04	5	116
nazmulkazi	cloud-azure	D0420-S1-T05	10	153
nazmulkazi	cloud-azure	D0420-S2-T01	21	355
nazmulkazi	cloud-azure	D0420-S3-T01	9	163
nazmulkazi	cloud-azure	D0420-S3-T02	21	287
nazmulkazi	cloud-azure	D0420-S3-T03	7	188
nazmulkazi	cloud-azure	D0420-S4-T01	9	118
nazmulkazi	cloud-azure	D0420-S4-T02	28	454
nazmulkazi	cloud-azure	D0421-S1-T01	12	355
nazmulkazi	cloud-azure	D0421-S1-T02	15	306
nazmulkazi	cloud-azure	D0421-S1-T03	5	125
nazmulkazi	cloud-azure	D0421-S1-T04	8	181
nazmulkazi	cloud-azure	D0421-S1-T05	5	140
nazmulkazi	cloud-azure	D0421-S2-T01	18	377
nazmulkazi	cloud-azure	D0421-S2-T02	19	326
nazmulkazi	cloud-azure	D0421-S3-T01	27	229
nazmulkazi	cloud-azure	D0421-S3-T02	20	149
nazmulkazi	cloud-azure	D0421-S3-T03	16	162
nazmulkazi	cloud-azure	D0421-S3-T04	12	196
nazmulkazi	cloud-azure	D0421-S3-T05	13	190
nazmulkazi	cloud-azure	D0422-S1-T01	40	421
nazmulkazi	cloud-azure	D0422-S1-T02	12	220
nazmulkazi	cloud-azure	D0422-S1-T03	10	164
nazmulkazi	cloud-azure	D0422-S1-T04	17	260
nazmulkazi	cloud-azure	D0422-S2-T01	11	118
nazmulkazi	cloud-azure	D0422-S2-T02	40	479
nazmulkazi	cloud-azure	D0422-S3-T01	19	289
nazmulkazi	cloud-azure	D0422-S3-T02	1	115
nazmulkazi	cloud-azure	D0422-S3-T03	15	194
nazmulkazi	cloud-azure	D0422-S3-T04	8	154
nazmulkazi	cloud-azure	D0422-S3-T05	4	72
nazmulkazi	cloud-azure	D0422-S3-T06	2	37
nazmulkazi	cloud-azure	D0422-S4-T01	11	309
nazmulkazi	cloud-azure	D0422-S4-T02	20	389
nazmulkazi	cloud-azure	D0422-S4-T03	16	150
nazmulkazi	cloud-azure	D0422-S4-T04	11	175
nazmulkazi	cloud-azure	D0422-S4-T05	16	140
nazmulkazi	cloud-azure	D0423-S1-T01	25	399
nazmulkazi	cloud-azure	D0423-S1-T02	15	196
nazmulkazi	cloud-azure	D0423-S1-T03	6	90
nazmulkazi	cloud-azure	D0423-S2-T01	11	120
nazmulkazi	cloud-azure	D0423-S2-T02	12	141
nazmulkazi	cloud-azure	D0423-S2-T03	21	200
nazmulkazi	cloud-azure	D0424-S1-T01	4	99
nazmulkazi	cloud-azure	D0424-S1-T02	10	116
nazmulkazi	cloud-azure	D0424-S1-T03	13	128
nazmulkazi	cloud-azure	D0424-S2-T01	23	247
nazmulkazi	cloud-azure	D0424-S2-T02	20	244
nazmulkazi	cloud-azure	D0424-S2-T03	21	228
nazmulkazi	cloud-azure	D0424-S2-T04	11	184
nazmulkazi	cloud-azure	D0424-S2-T05	18	267
nazmulkazi	cloud-azure	D0424-S2-T06	21	246
nazmulkazi	cloud-azure	D0424-S3-T01	10	325
nazmulkazi	cloud-azure	D0424-S3-T02	15	206
nazmulkazi	cloud-azure	D0424-S3-T03	3	70
nazmulkazi	cloud-azure	D0424-S3-T04	8	68
nazmulkazi	cloud-azure	D0425-S1-T01	3	50
nazmulkazi	cloud-azure	D0425-S1-T02	6	122
nazmulkazi	cloud-azure	D0425-S1-T03	4	91
nazmulkazi	cloud-azure	D0425-S2-T01	22	272
nazmulkazi	cloud-azure	D0425-S2-T02	11	176
nazmulkazi	cloud-azure	D0425-S2-T03	13	164
nazmulkazi	cloud-azure	D0425-S2-T04	15	131
nazmulkazi	cloud-azure	D0425-S3-T01	16	197
nazmulkazi	cloud-azure	D0425-S3-T02	19	145
nazmulkazi	cloud-azure	D0425-S3-T03	15	152
nazmulkazi	cloud-azure	D0425-S3-T04	20	131
nazmulkazi	cloud-azure	D0425-S3-T05	6	104
nazmulkazi	cloud-deepgram	D0420-S1-T01	12	105
nazmulkazi	cloud-deepgram	D0420-S1-T02	3	51
nazmulkazi	cloud-deepgram	D0420-S1-T03	5	64
nazmulkazi	cloud-deepgram	D0420-S1-T04	6	116
nazmulkazi	cloud-deepgram	D0420-S1-T05	10	153
nazmulkazi	cloud-deepgram	D0420-S2-T01	20	355
nazmulkazi	cloud-deepgram	D0420-S3-T01	9	163
nazmulkazi	cloud-deepgram	D0420-S3-T02	22	287
nazmulkazi	cloud-deepgram	D0420-S3-T03	9	188
nazmulkazi	cloud-deepgram	D0420-S4-T01	13	118
nazmulkazi	cloud-deepgram	D0420-S4-T02	28	454
nazmulkazi	cloud-deepgram	D0421-S1-T01	19	355
nazmulkazi	cloud-deepgram	D0421-S1-T02	13	306
nazmulkazi	cloud-deepgram	D0421-S1-T03	5	125
nazmulkazi	cloud-deepgram	D0421-S1-T04	9	181
nazmulkazi	cloud-deepgram	D0421-S1-T05	6	140
nazmulkazi	cloud-deepgram	D0421-S2-T01	24	377
nazmulkazi	cloud-deepgram	D0421-S2-T02	24	326
nazmulkazi	cloud-deepgram	D0421-S3-T01	26	229
nazmulkazi	cloud-deepgram	D0421-S3-T02	20	149
nazmulkazi	cloud-deepgram	D0421-S3-T03	16	162
nazmulkazi	cloud-deepgram	D0421-S3-T04	11	196
nazmulkazi	cloud-deepgram	D0421-S3-T05	12	190
nazmulkazi	cloud-deepgram	D0422-S1-T01	44	421
nazmulkazi	cloud-deepgram	D0422-S1-T02	14	220
nazmulkazi	cloud-deepgram	D0422-S1-T03	11	164
nazmulkazi	cloud-deepgram	D0422-S1-T04	18	260
nazmulkazi	cloud-deepgram	D0422-S2-T01	11	118
nazmulkazi	cloud-deepgram	D0422-S2-T02	41	479
nazmulkazi	cloud-deepgram	D0422-S3-T01	24	289
nazmulkazi	cloud-deepgram	D0422-S3-T02	3	115
nazmulkazi	cloud-deepgram	D0422-S3-T03	21	194
nazmulkazi	cloud-deepgram	D0422-S3-T04	11	154
nazmulkazi	cloud-deepgram	D0422-S3-T05	4	72
nazmulkazi	cloud-deepgram	D0422-S3-T06	3	37
nazmulkazi	cloud-deepgram	D0422-S4-T01	11	309
nazmulkazi	cloud-deepgram	D0422-S4-T02	22	389
nazmulkazi	cloud-deepgram	D0422-S4-T03	18	150
nazmulkazi	cloud-deepgram	D0422-S4-T04	11	175
nazmulkazi	cloud-deepgram	D0422-S4-T05	18	140
nazmulkazi	cloud-deepgram	D0423-S1-T01	29	399
nazmulkazi	cloud-deepgram	D0423-S1-T02	17	196
nazmulkazi	cloud-deepgram	D0423-S1-T03	6	90
nazmulkazi	cloud-deepgram	D0423-S2-T01	14	120
nazmulkazi	cloud-deepgram	D0423-S2-T02	12	141
nazmulkazi	cloud-deepgram	D0423-S2-T03	22	200
nazmulkazi	cloud-deepgram	D0424-S1-T01	3	99
nazmulkazi	cloud-deepgram	D0424-S1-T02	12	116
nazmulkazi	cloud-deepgram	D0424-S1-T03	13	128
nazmulkazi	cloud-deepgram	D0424-S2-T01	25	247
nazmulkazi	cloud-deepgram	D0424-S2-T02	21	244
nazmulkazi	cloud-deepgram	D0424-S2-T03	25	228
nazmulkazi	cloud-deepgram	D0424-S2-T04	13	184
nazmulkazi	cloud-deepgram	D0424-S2-T05	20	267
nazmulkazi	cloud-deepgram	D0424-S2-T06	28	246
nazmulkazi	cloud-deepgram	D0424-S3-T01	10	325
nazmulkazi	cloud-deepgram	D0424-S3-T02	15	206
nazmulkazi	cloud-deepgram	D0424-S3-T03	4	70
nazmulkazi	cloud-deepgram	D0424-S3-T04	8	68
nazmulkazi	cloud-deepgram	D0425-S1-T01	3	50
nazmulkazi	cloud-deepgram	D0425-S1-T02	7	122
nazmulkazi	cloud-deepgram	D0425-S1-T03	4	91
nazmulkazi	cloud-deepgram	D0425-S2-T01	24	272
nazmulkazi	cloud-deepgram	D0425-S2-T02	11	176
nazmulkazi	cloud-deepgram	D0425-S2-T03	12	164
nazmulkazi	cloud-deepgram	D0425-S2-T04	12	131
nazmulkazi	cloud-deepgram	D0425-S3-T01	15	197
nazmulkazi	cloud-deepgram	D0425-S3-T02	22	145
nazmulkazi	cloud-deepgram	D0425-S3-T03	15	152
nazmulkazi	cloud-deepgram	D0425-S3-T04	17	131
nazmulkazi	cloud-deepgram	D0425-S3-T05	6	104
nazmulkazi	cloud-google	D0420-S1-T01	15	105
nazmulkazi	cloud-google	D0420-S1-T02	5	51
nazmulkazi	cloud-google	D0420-S1-T03	9	64
nazmulkazi	cloud-google	D0420-S1-T04	9	116
nazmulkazi	cloud-google	D0420-S1-T05	16	153
nazmulkazi	cloud-google	D0420-S2-T01	23	355
nazmulkazi	cloud-google	D0420-S3-T01	14	163
nazmulkazi	cloud-google	D0420-S3-T02	29	287
nazmulkazi	cloud-google	D0420-S3-T03	16	188
nazmulkazi	cloud-google	D0420-S4-T01	10	118
nazmulkazi	cloud-google	D0420-S4-T02	40	454
nazmulkazi	cloud-google	D0421-S1-T01	24	355
nazmulkazi	cloud-google	D0421-S1-T02	26	306
nazmulkazi	cloud-google	D0421-S1-T03	9	125
nazmulkazi	cloud-google	D0421-S1-T04	15	181
nazmulkazi	cloud-google	D0421-S1-T05	7	140
nazmulkazi	cloud-google	D0421-S2-T01	41	377
nazmulkazi	cloud-google	D0421-S2-T02	28	326
nazmulkazi	cloud-google	D0421-S3-T01	37	229
nazmulkazi	cloud-google	D0421-S3-T02	25	149
nazmulkazi	cloud-google	D0421-S3-T03	27	162
nazmulkazi	cloud-google	D0421-S3-T04	18	196
nazmulkazi	cloud-google	D0421-S3-T05	22	190
nazmulkazi	cloud-google	D0422-S1-T01	63	421
nazmulkazi	cloud-google	D0422-S1-T02	20	220
nazmulkazi	cloud-google	D0422-S1-T03	19	164
nazmulkazi	cloud-google	D0422-S1-T04	19	260
nazmulkazi	cloud-google	D0422-S2-T01	17	118
nazmulkazi	cloud-google	D0422-S3-T02	10	115
nazmulkazi	cloud-google	D0422-S3-T03	29	194
nazmulkazi	cloud-google	D0422-S3-T04	18	154
nazmulkazi	cloud-google	D0422-S3-T05	7	72
nazmulkazi	cloud-google	D0422-S3-T06	3	37
nazmulkazi	cloud-google	D0422-S4-T01	24	309
nazmulkazi	cloud-google	D0422-S4-T02	32	389
nazmulkazi	cloud-google	D0422-S4-T03	19	150
nazmulkazi	cloud-google	D0422-S4-T04	16	175
nazmulkazi	cloud-google	D0422-S4-T05	24	140
nazmulkazi	cloud-google	D0423-S1-T02	27	196
nazmulkazi	cloud-google	D0423-S1-T03	10	90
nazmulkazi	cloud-google	D0423-S2-T01	13	120
nazmulkazi	cloud-google	D0423-S2-T02	15	141
nazmulkazi	cloud-google	D0423-S2-T03	32	200
nazmulkazi	cloud-google	D0424-S1-T01	11	99
nazmulkazi	cloud-google	D0424-S1-T02	21	116
nazmulkazi	cloud-google	D0424-S1-T03	15	128
nazmulkazi	cloud-google	D0424-S2-T01	26	247
nazmulkazi	cloud-google	D0424-S2-T02	32	244
nazmulkazi	cloud-google	D0424-S2-T03	32	228
nazmulkazi	cloud-google	D0424-S2-T04	19	184
nazmulkazi	cloud-google	D0424-S2-T05	22	267
nazmulkazi	cloud-google	D0424-S2-T06	39	246
nazmulkazi	cloud-google	D0424-S3-T02	21	206
nazmulkazi	cloud-google	D0424-S3-T03	6	70
nazmulkazi	cloud-google	D0424-S3-T04	9	68
nazmulkazi	cloud-google	D0425-S1-T01	1	50
nazmulkazi	cloud-google	D0425-S1-T02	9	122
nazmulkazi	cloud-google	D0425-S1-T03	10	91
nazmulkazi	cloud-google	D0425-S2-T01	30	272
nazmulkazi	cloud-google	D0425-S2-T02	15	176
nazmulkazi	cloud-google	D0425-S2-T03	19	164
nazmulkazi	cloud-google	D0425-S2-T04	18	131
nazmulkazi	cloud-google	D0425-S3-T01	33	197
nazmulkazi	cloud-google	D0425-S3-T02	21	145
nazmulkazi	cloud-google	D0425-S3-T03	22	152
nazmulkazi	cloud-google	D0425-S3-T04	27	131
nazmulkazi	cloud-google	D0425-S3-T05	13	104
nazmulkazi	medasr	D0420-S1-T01	22	105
nazmulkazi	medasr	D0420-S1-T02	5	51
nazmulkazi	medasr	D0420-S1-T03	8	64
nazmulkazi	medasr	D0420-S1-T04	10	116
nazmulkazi	medasr	D0420-S1-T05	29	153
nazmulkazi	medasr	D0420-S2-T01	27	355
nazmulkazi	medasr	D0420-S3-T01	16	163
nazmulkazi	medasr	D0420-S3-T02	165	287
nazmulkazi	medasr	D0420-S3-T03	23	188
nazmulkazi	medasr	D0420-S4-T01	50	118
nazmulkazi	medasr	D0420-S4-T02	98	454
nazmulkazi	medasr	D0421-S1-T01	59	355
nazmulkazi	medasr	D0421-S1-T02	74	306
nazmulkazi	medasr	D0421-S1-T03	14	125
nazmulkazi	medasr	D0421-S1-T04	43	181
nazmulkazi	medasr	D0421-S1-T05	42	140
nazmulkazi	medasr	D0421-S2-T01	65	377
nazmulkazi	medasr	D0421-S2-T02	71	326
nazmulkazi	medasr	D0421-S3-T01	46	229
nazmulkazi	medasr	D0421-S3-T02	41	149
nazmulkazi	medasr	D0421-S3-T03	34	162
nazmulkazi	medasr	D0421-S3-T04	62	196
nazmulkazi	medasr	D0421-S3-T05	28	190
nazmulkazi	medasr	D0422-S1-T01	105	421
nazmulkazi	medasr	D0422-S1-T02	48	220
nazmulkazi	medasr	D0422-S1-T03	58	164
nazmulkazi	medasr	D0422-S1-T04	131	260
nazmulkazi	medasr	D0422-S2-T01	33	118
nazmulkazi	medasr	D0422-S2-T02	93	479
nazmulkazi	medasr	D0422-S3-T01	57	289
nazmulkazi	medasr	D0422-S3-T02	14	115
nazmulkazi	medasr	D0422-S3-T03	33	194
nazmulkazi	medasr	D0422-S3-T04	24	154
nazmulkazi	medasr	D0422-S3-T05	10	72
nazmulkazi	medasr	D0422-S3-T06	7	37
nazmulkazi	medasr	D0422-S4-T01	79	309
nazmulkazi	medasr	D0422-S4-T02	106	389
nazmulkazi	medasr	D0422-S4-T03	35	150
nazmulkazi	medasr	D0422-S4-T04	54	175
nazmulkazi	medasr	D0422-S4-T05	45	140
nazmulkazi	medasr	D0423-S1-T01	104	399
nazmulkazi	medasr	D0423-S1-T02	30	196
nazmulkazi	medasr	D0423-S1-T03	20	90
nazmulkazi	medasr	D0423-S2-T01	29	120
nazmulkazi	medasr	D0423-S2-T02	18	141
nazmulkazi	medasr	D0423-S2-T03	35	200
nazmulkazi	medasr	D0424-S1-T01	66	99
nazmulkazi	medasr	D0424-S1-T02	29	116
nazmulkazi	medasr	D0424-S1-T03	61	128
nazmulkazi	medasr	D0424-S2-T01	38	247
nazmulkazi	medasr	D0424-S2-T02	55	244
nazmulkazi	medasr	D0424-S2-T03	57	228
nazmulkazi	medasr	D0424-S2-T04	23	184
nazmulkazi	medasr	D0424-S2-T05	39	267
nazmulkazi	medasr	D0424-S2-T06	53	246
nazmulkazi	medasr	D0424-S3-T01	43	325
nazmulkazi	medasr	D0424-S3-T02	49	206
nazmulkazi	medasr	D0424-S3-T03	12	70
nazmulkazi	medasr	D0424-S3-T04	13	68
nazmulkazi	medasr	D0425-S1-T01	6	50
nazmulkazi	medasr	D0425-S1-T02	10	122
nazmulkazi	medasr	D0425-S1-T03	10	91
nazmulkazi	medasr	D0425-S2-T01	64	272
nazmulkazi	medasr	D0425-S2-T02	23	176
nazmulkazi	medasr	D0425-S2-T03	18	164
nazmulkazi	medasr	D0425-S2-T04	25	131
nazmulkazi	medasr	D0425-S3-T01	161	197
nazmulkazi	medasr	D0425-S3-T02	81	145
nazmulkazi	medasr	D0425-S3-T03	84	152
nazmulkazi	medasr	D0425-S3-T04	84	131
nazmulkazi	medasr	D0425-S3-T05	77	104
nazmulkazi	medasr-int8	D0420-S1-T01	23	105
nazmulkazi	medasr-int8	D0420-S1-T02	4	51
nazmulkazi	medasr-int8	D0420-S1-T03	8	64
nazmulkazi	medasr-int8	D0420-S1-T04	10	116
nazmulkazi	medasr-int8	D0420-S1-T05	31	153
nazmulkazi	medasr-int8	D0420-S2-T01	27	355
nazmulkazi	medasr-int8	D0420-S3-T01	16	163
nazmulkazi	medasr-int8	D0420-S3-T02	160	287
nazmulkazi	medasr-int8	D0420-S3-T03	21	188
nazmulkazi	medasr-int8	D0420-S4-T01	48	118
nazmulkazi	medasr-int8	D0420-S4-T02	93	454
nazmulkazi	medasr-int8	D0421-S1-T01	61	355
nazmulkazi	medasr-int8	D0421-S1-T02	70	306
nazmulkazi	medasr-int8	D0421-S1-T03	12	125
nazmulkazi	medasr-int8	D0421-S1-T04	40	181
nazmulkazi	medasr-int8	D0421-S1-T05	42	140
nazmulkazi	medasr-int8	D0421-S2-T01	68	377
nazmulkazi	medasr-int8	D0421-S2-T02	74	326
nazmulkazi	medasr-int8	D0421-S3-T01	48	229
nazmulkazi	medasr-int8	D0421-S3-T02	42	149
nazmulkazi	medasr-int8	D0421-S3-T03	37	162
nazmulkazi	medasr-int8	D0421-S3-T04	59	196
nazmulkazi	medasr-int8	D0421-S3-T05	29	190
nazmulkazi	medasr-int8	D0422-S1-T01	104	421
nazmulkazi	medasr-int8	D0422-S1-T02	49	220
nazmulkazi	medasr-int8	D0422-S1-T03	59	164
nazmulkazi	medasr-int8	D0422-S1-T04	126	260
nazmulkazi	medasr-int8	D0422-S2-T01	31	118
nazmulkazi	medasr-int8	D0422-S2-T02	91	479
nazmulkazi	medasr-int8	D0422-S3-T01	55	289
nazmulkazi	medasr-int8	D0422-S3-T02	14	115
nazmulkazi	medasr-int8	D0422-S3-T03	34	194
nazmulkazi	medasr-int8	D0422-S3-T04	23	154
nazmulkazi	medasr-int8	D0422-S3-T05	9	72
nazmulkazi	medasr-int8	D0422-S3-T06	7	37
nazmulkazi	medasr-int8	D0422-S4-T01	82	309
nazmulkazi	medasr-int8	D0422-S4-T02	97	389
nazmulkazi	medasr-int8	D0422-S4-T03	32	150
nazmulkazi	medasr-int8	D0422-S4-T04	52	175
nazmulkazi	medasr-int8	D0422-S4-T05	46	140
nazmulkazi	medasr-int8	D0423-S1-T01	97	399
nazmulkazi	medasr-int8	D0423-S1-T02	31	196
nazmulkazi	medasr-int8	D0423-S1-T03	20	90
nazmulkazi	medasr-int8	D0423-S2-T01	31	120
nazmulkazi	medasr-int8	D0423-S2-T02	19	141
nazmulkazi	medasr-int8	D0423-S2-T03	38	200
nazmulkazi	medasr-int8	D0424-S1-T01	66	99
nazmulkazi	medasr-int8	D0424-S1-T02	30	116
nazmulkazi	medasr-int8	D0424-S1-T03	64	128
nazmulkazi	medasr-int8	D0424-S2-T01	40	247
nazmulkazi	medasr-int8	D0424-S2-T02	56	244
nazmulkazi	medasr-int8	D0424-S2-T03	56	228
nazmulkazi	medasr-int8	D0424-S2-T04	25	184
nazmulkazi	medasr-int8	D0424-S2-T05	37	267
nazmulkazi	medasr-int8	D0424-S2-T06	51	246
nazmulkazi	medasr-int8	D0424-S3-T01	44	325
nazmulkazi	medasr-int8	D0424-S3-T02	53	206
nazmulkazi	medasr-int8	D0424-S3-T03	13	70
nazmulkazi	medasr-int8	D0424-S3-T04	15	68
nazmulkazi	medasr-int8	D0425-S1-T01	5	50
nazmulkazi	medasr-int8	D0425-S1-T02	11	122
nazmulkazi	medasr-int8	D0425-S1-T03	11	91
nazmulkazi	medasr-int8	D0425-S2-T01	68	272
nazmulkazi	medasr-int8	D0425-S2-T02	22	176
nazmulkazi	medasr-int8	D0425-S2-T03	18	164
nazmulkazi	medasr-int8	D0425-S2-T04	27	131
nazmulkazi	medasr-int8	D0425-S3-T01	163	197
nazmulkazi	medasr-int8	D0425-S3-T02	83	145
nazmulkazi	medasr-int8	D0425-S3-T03	82	152
nazmulkazi	medasr-int8	D0425-S3-T04	83	131
nazmulkazi	medasr-int8	D0425-S3-T05	74	104
nazmulkazi	nemo-fastconformer	D0420-S1-T01	17	105
nazmulkazi	nemo-fastconformer	D0420-S1-T02	12	51
nazmulkazi	nemo-fastconformer	D0420-S1-T03	14	64
nazmulkazi	nemo-fastconformer	D0420-S1-T04	15	116
nazmulkazi	nemo-fastconformer	D0420-S1-T05	30	153
nazmulkazi	nemo-fastconformer	D0420-S2-T01	65	355
nazmulkazi	nemo-fastconformer	D0420-S3-T01	28	163
nazmulkazi	nemo-fastconformer	D0420-S3-T02	67	287
nazmulkazi	nemo-fastconformer	D0420-S3-T03	22	188
nazmulkazi	nemo-fastconformer	D0420-S4-T01	24	118
nazmulkazi	nemo-fastconformer	D0420-S4-T02	79	454
nazmulkazi	nemo-fastconformer	D0421-S1-T01	55	355
nazmulkazi	nemo-fastconformer	D0421-S1-T02	52	306
nazmulkazi	nemo-fastconformer	D0421-S1-T03	11	125
nazmulkazi	nemo-fastconformer	D0421-S1-T04	21	181
nazmulkazi	nemo-fastconformer	D0421-S1-T05	14	140
nazmulkazi	nemo-fastconformer	D0421-S2-T01	44	377
nazmulkazi	nemo-fastconformer	D0421-S2-T02	52	326
nazmulkazi	nemo-fastconformer	D0421-S3-T01	42	229
nazmulkazi	nemo-fastconformer	D0421-S3-T02	35	149
nazmulkazi	nemo-fastconformer	D0421-S3-T03	28	162
nazmulkazi	nemo-fastconformer	D0421-S3-T04	25	196
nazmulkazi	nemo-fastconformer	D0421-S3-T05	28	190
nazmulkazi	nemo-fastconformer	D0422-S1-T01	75	421
nazmulkazi	nemo-fastconformer	D0422-S1-T02	33	220
nazmulkazi	nemo-fastconformer	D0422-S1-T03	25	164
nazmulkazi	nemo-fastconformer	D0422-S1-T04	34	260
nazmulkazi	nemo-fastconformer	D0422-S2-T01	21	118
nazmulkazi	nemo-fastconformer	D0422-S2-T02	81	479
nazmulkazi	nemo-fastconformer	D0422-S3-T01	36	289
nazmulkazi	nemo-fastconformer	D0422-S3-T02	19	115
nazmulkazi	nemo-fastconformer	D0422-S3-T03	30	194
nazmulkazi	nemo-fastconformer	D0422-S3-T04	24	154
nazmulkazi	nemo-fastconformer	D0422-S3-T05	9	72
nazmulkazi	nemo-fastconformer	D0422-S3-T06	7	37
nazmulkazi	nemo-fastconformer	D0422-S4-T01	46	309
nazmulkazi	nemo-fastconformer	D0422-S4-T02	74	389
nazmulkazi	nemo-fastconformer	D0422-S4-T03	24	150
nazmulkazi	nemo-fastconformer	D0422-S4-T04	22	175
nazmulkazi	nemo-fastconformer	D0422-S4-T05	25	140
nazmulkazi	nemo-fastconformer	D0423-S1-T01	55	399
nazmulkazi	nemo-fastconformer	D0423-S1-T02	37	196
nazmulkazi	nemo-fastconformer	D0423-S1-T03	13	90
nazmulkazi	nemo-fastconformer	D0423-S2-T01	30	120
nazmulkazi	nemo-fastconformer	D0423-S2-T02	26	141
nazmulkazi	nemo-fastconformer	D0423-S2-T03	33	200
nazmulkazi	nemo-fastconformer	D0424-S1-T01	14	99
nazmulkazi	nemo-fastconformer	D0424-S1-T02	28	116
nazmulkazi	nemo-fastconformer	D0424-S1-T03	20	128
nazmulkazi	nemo-fastconformer	D0424-S2-T01	33	247
nazmulkazi	nemo-fastconformer	D0424-S2-T02	38	244
nazmulkazi	nemo-fastconformer	D0424-S2-T03	39	228
nazmulkazi	nemo-fastconformer	D0424-S2-T04	35	184
nazmulkazi	nemo-fastconformer	D0424-S2-T05	45	267
nazmulkazi	nemo-fastconformer	D0424-S2-T06	58	246
nazmulkazi	nemo-fastconformer	D0424-S3-T01	35	325
nazmulkazi	nemo-fastconformer	D0424-S3-T02	29	206
nazmulkazi	nemo-fastconformer	D0424-S3-T03	7	70
nazmulkazi	nemo-fastconformer	D0424-S3-T04	15	68
nazmulkazi	nemo-fastconformer	D0425-S1-T01	4	50
nazmulkazi	nemo-fastconformer	D0425-S1-T02	14	122
nazmulkazi	nemo-fastconformer	D0425-S1-T03	11	91
nazmulkazi	nemo-fastconformer	D0425-S2-T01	38	272
nazmulkazi	nemo-fastconformer	D0425-S2-T02	25	176
nazmulkazi	nemo-fastconformer	D0425-S2-T03	25	164
nazmulkazi	nemo-fastconformer	D0425-S2-T04	19	131
nazmulkazi	nemo-fastconformer	D0425-S3-T01	26	197
nazmulkazi	nemo-fastconformer	D0425-S3-T02	25	145
nazmulkazi	nemo-fastconformer	D0425-S3-T03	27	152
nazmulkazi	nemo-fastconformer	D0425-S3-T04	29	131
nazmulkazi	nemo-fastconformer	D0425-S3-T05	15	104
nazmulkazi	nemo-fastconformer-int8	D0420-S1-T01	22	105
nazmulkazi	nemo-fastconformer-int8	D0420-S1-T02	5	51
nazmulkazi	nemo-fastconformer-int8	D0420-S1-T03	12	64
nazmulkazi	nemo-fastconformer-int8	D0420-S1-T04	17	116
nazmulkazi	nemo-fastconformer-int8	D0420-S1-T05	27	153
nazmulkazi	nemo-fastconformer-int8	D0420-S2-T01	57	355
nazmulkazi	nemo-fastconformer-int8	D0420-S3-T01	27	163
nazmulkazi	nemo-fastconformer-int8	D0420-S3-T02	64	287
nazmulkazi	nemo-fastconformer-int8	D0420-S3-T03	19	188
nazmulkazi	nemo-fastconformer-int8	D0420-S4-T01	21	118
nazmulkazi	nemo-fastconformer-int8	D0420-S4-T02	74	454
nazmulkazi	nemo-fastconformer-int8	D0421-S1-T01	49	355
nazmulkazi	nemo-fastconformer-int8	D0421-S1-T02	50	306
nazmulkazi	nemo-fastconformer-int8	D0421-S1-T03	9	125
nazmulkazi	nemo-fastconformer-int8	D0421-S1-T04	17	181
nazmulkazi	nemo-fastconformer-int8	D0421-S1-T05	18	140
nazmulkazi	nemo-fastconformer-int8	D0421-S2-T01	48	377
nazmulkazi	nemo-fastconformer-int8	D0421-S2-T02	54	326
nazmulkazi	nemo-fastconformer-int8	D0421-S3-T01	47	229
nazmulkazi	nemo-fastconformer-int8	D0421-S3-T02	37	149
nazmulkazi	nemo-fastconformer-int8	D0421-S3-T03	30	162
nazmulkazi	nemo-fastconformer-int8	D0421-S3-T04	26	196
nazmulkazi	nemo-fastconformer-int8	D0421-S3-T05	30	190
nazmulkazi	nemo-fastconformer-int8	D0422-S1-T01	80	421
nazmulkazi	nemo-fastconformer-int8	D0422-S1-T02	33	220
nazmulkazi	nemo-fastconformer-int8	D0422-S1-T03	28	164
nazmulkazi	nemo-fastconformer-int8	D0422-S1-T04	39	260
nazmulkazi	nemo-fastconformer-int8	D0422-S2-T01	22	118
nazmulkazi	nemo-fastconformer-int8	D0422-S2-T02	82	479
nazmulkazi	nemo-fastconformer-int8	D0422-S3-T01	37	289
nazmulkazi	nemo-fastconformer-int8	D0422-S3-T02	16	115
nazmulkazi	nemo-fastconformer-int8	D0422-S3-T03	31	194
nazmulkazi	nemo-fastconformer-int8	D0422-S3-T04	26	154
nazmulkazi	nemo-fastconformer-int8	D0422-S3-T05	11	72
nazmulkazi	nemo-fastconformer-int8	D0422-S3-T06	7	37
nazmulkazi	nemo-fastconformer-int8	D0422-S4-T01	42	309
nazmulkazi	nemo-fastconformer-int8	D0422-S4-T02	73	389
nazmulkazi	nemo-fastconformer-int8	D0422-S4-T03	23	150
nazmulkazi	nemo-fastconformer-int8	D0422-S4-T04	22	175
nazmulkazi	nemo-fastconformer-int8	D0422-S4-T05	21	140
nazmulkazi	nemo-fastconformer-int8	D0423-S1-T01	56	399
nazmulkazi	nemo-fastconformer-int8	D0423-S1-T02	31	196
nazmulkazi	nemo-fastconformer-int8	D0423-S1-T03	10	90
nazmulkazi	nemo-fastconformer-int8	D0423-S2-T01	26	120
nazmulkazi	nemo-fastconformer-int8	D0423-S2-T02	20	141
nazmulkazi	nemo-fastconformer-int8	D0423-S2-T03	32	200
nazmulkazi	nemo-fastconformer-int8	D0424-S1-T01	14	99
nazmulkazi	nemo-fastconformer-int8	D0424-S1-T02	28	116
nazmulkazi	nemo-fastconformer-int8	D0424-S1-T03	23	128
nazmulkazi	nemo-fastconformer-int8	D0424-S2-T01	39	247
nazmulkazi	nemo-fastconformer-int8	D0424-S2-T02	42	244
nazmulkazi	nemo-fastconformer-int8	D0424-S2-T03	42	228
nazmulkazi	nemo-fastconformer-int8	D0424-S2-T04	34	184
nazmulkazi	nemo-fastconformer-int8	D0424-S2-T05	39	267
nazmulkazi	nemo-fastconformer-int8	D0424-S2-T06	53	246
nazmulkazi	nemo-fastconformer-int8	D0424-S3-T01	28	325
nazmulkazi	nemo-fastconformer-int8	D0424-S3-T02	34	206
nazmulkazi	nemo-fastconformer-int8	D0424-S3-T03	8	70
nazmulkazi	nemo-fastconformer-int8	D0424-S3-T04	13	68
nazmulkazi	nemo-fastconformer-int8	D0425-S1-T01	7	50
nazmulkazi	nemo-fastconformer-int8	D0425-S1-T02	14	122
nazmulkazi	nemo-fastconformer-int8	D0425-S1-T03	14	91
nazmulkazi	nemo-fastconformer-int8	D0425-S2-T01	39	272
nazmulkazi	nemo-fastconformer-int8	D0425-S2-T02	19	176
nazmulkazi	nemo-fastconformer-int8	D0425-S2-T03	23	164
nazmulkazi	nemo-fastconformer-int8	D0425-S2-T04	18	131
nazmulkazi	nemo-fastconformer-int8	D0425-S3-T01	27	197
nazmulkazi	nemo-fastconformer-int8	D0425-S3-T02	26	145
nazmulkazi	nemo-fastconformer-int8	D0425-S3-T03	27	152
nazmulkazi	nemo-fastconformer-int8	D0425-S3-T04	29	131
nazmulkazi	nemo-fastconformer-int8	D0425-S3-T05	13	104
nazmulkazi	nemotron	D0420-S1-T01	46	105
nazmulkazi	nemotron	D0420-S1-T02	31	51
nazmulkazi	nemotron	D0420-S1-T03	34	64
nazmulkazi	nemotron	D0420-S1-T04	54	116
nazmulkazi	nemotron	D0420-S1-T05	74	153
nazmulkazi	nemotron	D0420-S2-T01	187	355
nazmulkazi	nemotron	D0420-S3-T01	68	163
nazmulkazi	nemotron	D0420-S3-T02	122	287
nazmulkazi	nemotron	D0420-S3-T03	79	188
nazmulkazi	nemotron	D0420-S4-T01	52	118
nazmulkazi	nemotron	D0420-S4-T02	212	454
nazmulkazi	nemotron	D0421-S1-T01	165	355
nazmulkazi	nemotron	D0421-S1-T02	146	306
nazmulkazi	nemotron	D0421-S1-T03	56	125
nazmulkazi	nemotron	D0421-S1-T04	85	181
nazmulkazi	nemotron	D0421-S1-T05	53	140
nazmulkazi	nemotron	D0421-S2-T01	196	377
nazmulkazi	nemotron	D0421-S2-T02	158	326
nazmulkazi	nemotron	D0421-S3-T01	104	229
nazmulkazi	nemotron	D0421-S3-T02	75	149
nazmulkazi	nemotron	D0421-S3-T03	72	162
nazmulkazi	nemotron	D0421-S3-T04	78	196
nazmulkazi	nemotron	D0421-S3-T05	85	190
nazmulkazi	nemotron	D0422-S1-T01	219	421
nazmulkazi	nemotron	D0422-S1-T02	94	220
nazmulkazi	nemotron	D0422-S1-T03	73	164
nazmulkazi	nemotron	D0422-S1-T04	138	260
nazmulkazi	nemotron	D0422-S2-T01	52	118
nazmulkazi	nemotron	D0422-S2-T02	222	479
nazmulkazi	nemotron	D0422-S3-T01	127	289
nazmulkazi	nemotron	D0422-S3-T02	46	115
nazmulkazi	nemotron	D0422-S3-T03	90	194
nazmulkazi	nemotron	D0422-S3-T04	63	154
nazmulkazi	nemotron	D0422-S3-T05	33	72
nazmulkazi	nemotron	D0422-S3-T06	20	37
nazmulkazi	nemotron	D0422-S4-T01	156	309
nazmulkazi	nemotron	D0422-S4-T02	183	389
nazmulkazi	nemotron	D0422-S4-T03	75	150
nazmulkazi	nemotron	D0422-S4-T04	75	175
nazmulkazi	nemotron	D0422-S4-T05	68	140
nazmulkazi	nemotron	D0423-S1-T01	186	399
nazmulkazi	nemotron	D0423-S1-T02	88	196
nazmulkazi	nemotron	D0423-S1-T03	43	90
nazmulkazi	nemotron	D0423-S2-T01	59	120
nazmulkazi	nemotron	D0423-S2-T02	82	141
nazmulkazi	nemotron	D0423-S2-T03	98	200
nazmulkazi	nemotron	D0424-S1-T01	50	99
nazmulkazi	nemotron	D0424-S1-T02	51	116
nazmulkazi	nemotron	D0424-S1-T03	56	128
nazmulkazi	nemotron	D0424-S2-T01	116	247
nazmulkazi	nemotron	D0424-S2-T02	117	244
nazmulkazi	nemotron	D0424-S2-T03	100	228
nazmulkazi	nemotron	D0424-S2-T04	98	184
nazmulkazi	nemotron	D0424-S2-T05	141	267
nazmulkazi	nemotron	D0424-S2-T06	127	246
nazmulkazi	nemotron	D0424-S3-T01	158	325
nazmulkazi	nemotron	D0424-S3-T02	105	206
nazmulkazi	nemotron	D0424-S3-T03	38	70
nazmulkazi	nemotron	D0424-S3-T04	39	68
nazmulkazi	nemotron	D0425-S1-T01	28	50
nazmulkazi	nemotron	D0425-S1-T02	55	122
nazmulkazi	nemotron	D0425-S1-T03	46	91
nazmulkazi	nemotron	D0425-S2-T01	120	272
nazmulkazi	nemotron	D0425-S2-T02	81	176
nazmulkazi	nemotron	D0425-S2-T03	79	164
nazmulkazi	nemotron	D0425-S2-T04	59	131
nazmulkazi	nemotron	D0425-S3-T01	85	197
nazmulkazi	nemotron	D0425-S3-T02	88	145
nazmulkazi	nemotron	D0425-S3-T03	75	152
nazmulkazi	nemotron	D0425-S3-T04	71	131
nazmulkazi	nemotron	D0425-S3-T05	60	104
nazmulkazi	paraformer-en	D0420-S1-T01	15	105
nazmulkazi	paraformer-en	D0420-S1-T02	7	51
nazmulkazi	paraformer-en	D0420-S1-T03	11	64
nazmulkazi	paraformer-en	D0420-S1-T04	12	116
nazmulkazi	paraformer-en	D0420-S1-T05	17	153
nazmulkazi	paraformer-en	D0420-S2-T01	45	355
nazmulkazi	paraformer-en	D0420-S3-T01	23	163
nazmulkazi	paraformer-en	D0420-S3-T02	55	287
nazmulkazi	paraformer-en	D0420-S3-T03	15	188
nazmulkazi	paraformer-en	D0420-S4-T01	15	118
nazmulkazi	paraformer-en	D0420-S4-T02	63	454
nazmulkazi	paraformer-en	D0421-S1-T01	36	355
nazmulkazi	paraformer-en	D0421-S1-T02	34	306
nazmulkazi	paraformer-en	D0421-S1-T03	7	125
nazmulkazi	paraformer-en	D0421-S1-T04	15	181
nazmulkazi	paraformer-en	D0421-S1-T05	8	140
nazmulkazi	paraformer-en	D0421-S2-T01	35	377
nazmulkazi	paraformer-en	D0421-S2-T02	29	326
nazmulkazi	paraformer-en	D0421-S3-T01	44	229
nazmulkazi	paraformer-en	D0421-S3-T02	27	149
nazmulkazi	paraformer-en	D0421-S3-T03	17	162
nazmulkazi	paraformer-en	D0421-S3-T04	15	196
nazmulkazi	paraformer-en	D0421-S3-T05	17	190
nazmulkazi	paraformer-en	D0422-S1-T01	58	421
nazmulkazi	paraformer-en	D0422-S1-T02	30	220
nazmulkazi	paraformer-en	D0422-S1-T03	21	164
nazmulkazi	paraformer-en	D0422-S1-T04	24	260
nazmulkazi	paraformer-en	D0422-S2-T01	15	118
nazmulkazi	paraformer-en	D0422-S2-T02	60	479
nazmulkazi	paraformer-en	D0422-S3-T01	36	289
nazmulkazi	paraformer-en	D0422-S3-T02	9	115
nazmulkazi	paraformer-en	D0422-S3-T03	26	194
nazmulkazi	paraformer-en	D0422-S3-T04	14	154
nazmulkazi	paraformer-en	D0422-S3-T05	4	72
nazmulkazi	paraformer-en	D0422-S3-T06	1	37
nazmulkazi	paraformer-en	D0422-S4-T01	32	309
nazmulkazi	paraformer-en	D0422-S4-T02	52	389
nazmulkazi	paraformer-en	D0422-S4-T03	19	150
nazmulkazi	paraformer-en	D0422-S4-T04	14	175
nazmulkazi	paraformer-en	D0422-S4-T05	20	140
nazmulkazi	paraformer-en	D0423-S1-T01	41	399
nazmulkazi	paraformer-en	D0423-S1-T02	19	196
nazmulkazi	paraformer-en	D0423-S1-T03	8	90
nazmulkazi	paraformer-en	D0423-S2-T01	22	120
nazmulkazi	paraformer-en	D0423-S2-T02	19	141
nazmulkazi	paraformer-en	D0423-S2-T03	29	200
nazmulkazi	paraformer-en	D0424-S1-T01	9	99
nazmulkazi	paraformer-en	D0424-S1-T02	19	116
nazmulkazi	paraformer-en	D0424-S1-T03	18	128
nazmulkazi	paraformer-en	D0424-S2-T01	32	247
nazmulkazi	paraformer-en	D0424-S2-T02	33	244
nazmulkazi	paraformer-en	D0424-S2-T03	27	228
nazmulkazi	paraformer-en	D0424-S2-T04	23	184
nazmulkazi	paraformer-en	D0424-S2-T05	36	267
nazmulkazi	paraformer-en	D0424-S2-T06	39	246
nazmulkazi	paraformer-en	D0424-S3-T01	19	325
nazmulkazi	paraformer-en	D0424-S3-T02	21	206
nazmulkazi	paraformer-en	D0424-S3-T03	5	70
nazmulkazi	paraformer-en	D0424-S3-T04	12	68
nazmulkazi	paraformer-en	D0425-S1-T01	5	50
nazmulkazi	paraformer-en	D0425-S1-T02	5	122
nazmulkazi	paraformer-en	D0425-S1-T03	7	91
nazmulkazi	paraformer-en	D0425-S2-T01	35	272
nazmulkazi	paraformer-en	D0425-S2-T02	20	176
nazmulkazi	paraformer-en	D0425-S2-T03	20	164
nazmulkazi	paraformer-en	D0425-S2-T04	16	131
nazmulkazi	paraformer-en	D0425-S3-T01	26	197
nazmulkazi	paraformer-en	D0425-S3-T02	22	145
nazmulkazi	paraformer-en	D0425-S3-T03	19	152
nazmulkazi	paraformer-en	D0425-S3-T04	25	131
nazmulkazi	paraformer-en	D0425-S3-T05	13	104
nazmulkazi	parakeet-tdt-0.6b-v2	D0420-S1-T01	12	105
nazmulkazi	parakeet-tdt-0.6b-v2	D0420-S1-T02	3	51
nazmulkazi	parakeet-tdt-0.6b-v2	D0420-S1-T03	10	64
nazmulkazi	parakeet-tdt-0.6b-v2	D0420-S1-T04	7	116
nazmulkazi	parakeet-tdt-0.6b-v2	D0420-S1-T05	11	153
nazmulkazi	parakeet-tdt-0.6b-v2	D0420-S2-T01	36	355
nazmulkazi	parakeet-tdt-0.6b-v2	D0420-S3-T01	10	163
nazmulkazi	parakeet-tdt-0.6b-v2	D0420-S3-T02	22	287
nazmulkazi	parakeet-tdt-0.6b-v2	D0420-S3-T03	8	188
nazmulkazi	parakeet-tdt-0.6b-v2	D0420-S4-T01	10	118
nazmulkazi	parakeet-tdt-0.6b-v2	D0420-S4-T02	33	454
nazmulkazi	parakeet-tdt-0.6b-v2	D0421-S1-T01	27	355
nazmulkazi	parakeet-tdt-0.6b-v2	D0421-S1-T02	17	306
nazmulkazi	parakeet-tdt-0.6b-v2	D0421-S1-T03	9	125
nazmulkazi	parakeet-tdt-0.6b-v2	D0421-S1-T04	10	181
nazmulkazi	parakeet-tdt-0.6b-v2	D0421-S1-T05	8	140
nazmulkazi	parakeet-tdt-0.6b-v2	D0421-S2-T01	23	377
nazmulkazi	parakeet-tdt-0.6b-v2	D0421-S2-T02	16	326
nazmulkazi	parakeet-tdt-0.6b-v2	D0421-S3-T01	26	229
nazmulkazi	parakeet-tdt-0.6b-v2	D0421-S3-T02	20	149
nazmulkazi	parakeet-tdt-0.6b-v2	D0421-S3-T03	15	162
nazmulkazi	parakeet-tdt-0.6b-v2	D0421-S3-T04	13	196
nazmulkazi	parakeet-tdt-0.6b-v2	D0421-S3-T05	11	190
nazmulkazi	parakeet-tdt-0.6b-v2	D0422-S1-T01	43	421
nazmulkazi	parakeet-tdt-0.6b-v2	D0422-S1-T02	14	220
nazmulkazi	parakeet-tdt-0.6b-v2	D0422-S1-T03	12	164
nazmulkazi	parakeet-tdt-0.6b-v2	D0422-S1-T04	18	260
nazmulkazi	parakeet-tdt-0.6b-v2	D0422-S2-T01	14	118
nazmulkazi	parakeet-tdt-0.6b-v2	D0422-S2-T02	45	479
nazmulkazi	parakeet-tdt-0.6b-v2	D0422-S3-T01	24	289
nazmulkazi	parakeet-tdt-0.6b-v2	D0422-S3-T02	5	115
nazmulkazi	parakeet-tdt-0.6b-v2	D0422-S3-T03	17	194
nazmulkazi	parakeet-tdt-0.6b-v2	D0422-S3-T04	9	154
nazmulkazi	parakeet-tdt-0.6b-v2	D0422-S3-T05	5	72
nazmulkazi	parakeet-tdt-0.6b-v2	D0422-S3-T06	2	37
nazmulkazi	parakeet-tdt-0.6b-v2	D0422-S4-T01	15	309
nazmulkazi	parakeet-tdt-0.6b-v2	D0422-S4-T02	36	389
nazmulkazi	parakeet-tdt-0.6b-v2	D0422-S4-T03	17	150
nazmulkazi	parakeet-tdt-0.6b-v2	D0422-S4-T04	10	175
nazmulkazi	parakeet-tdt-0.6b-v2	D0422-S4-T05	14	140
nazmulkazi	parakeet-tdt-0.6b-v2	D0423-S1-T01	32	399
nazmulkazi	parakeet-tdt-0.6b-v2	D0423-S1-T02	21	196
nazmulkazi	parakeet-tdt-0.6b-v2	D0423-S1-T03	7	90
nazmulkazi	parakeet-tdt-0.6b-v2	D0423-S2-T01	16	120
nazmulkazi	parakeet-tdt-0.6b-v2	D0423-S2-T02	11	141
nazmulkazi	parakeet-tdt-0.6b-v2	D0423-S2-T03	26	200
nazmulkazi	parakeet-tdt-0.6b-v2	D0424-S1-T01	5	99
nazmulkazi	parakeet-tdt-0.6b-v2	D0424-S1-T02	15	116
nazmulkazi	parakeet-tdt-0.6b-v2	D0424-S1-T03	14	128
nazmulkazi	parakeet-tdt-0.6b-v2	D0424-S2-T01	25	247
nazmulkazi	parakeet-tdt-0.6b-v2	D0424-S2-T02	26	244
nazmulkazi	parakeet-tdt-0.6b-v2	D0424-S2-T03	24	228
nazmulkazi	parakeet-tdt-0.6b-v2	D0424-S2-T04	12	184
nazmulkazi	parakeet-tdt-0.6b-v2	D0424-S2-T05	25	267
nazmulkazi	parakeet-tdt-0.6b-v2	D0424-S2-T06	28	246
nazmulkazi	parakeet-tdt-0.6b-v2	D0424-S3-T01	12	325
nazmulkazi	parakeet-tdt-0.6b-v2	D0424-S3-T02	13	206
nazmulkazi	parakeet-tdt-0.6b-v2	D0424-S3-T03	6	70
nazmulkazi	parakeet-tdt-0.6b-v2	D0424-S3-T04	8	68
nazmulkazi	parakeet-tdt-0.6b-v2	D0425-S1-T01	3	50
nazmulkazi	parakeet-tdt-0.6b-v2	D0425-S1-T02	6	122
nazmulkazi	parakeet-tdt-0.6b-v2	D0425-S1-T03	4	91
nazmulkazi	parakeet-tdt-0.6b-v2	D0425-S2-T01	25	272
nazmulkazi	parakeet-tdt-0.6b-v2	D0425-S2-T02	14	176
nazmulkazi	parakeet-tdt-0.6b-v2	D0425-S2-T03	10	164
nazmulkazi	parakeet-tdt-0.6b-v2	D0425-S2-T04	11	131
nazmulkazi	parakeet-tdt-0.6b-v2	D0425-S3-T01	17	197
nazmulkazi	parakeet-tdt-0.6b-v2	D0425-S3-T02	21	145
nazmulkazi	parakeet-tdt-0.6b-v2	D0425-S3-T03	16	152
nazmulkazi	parakeet-tdt-0.6b-v2	D0425-S3-T04	21	131
nazmulkazi	parakeet-tdt-0.6b-v2	D0425-S3-T05	6	104
nazmulkazi	qwen3-asr	D0420-S1-T01	12	105
nazmulkazi	qwen3-asr	D0420-S1-T02	3	51
nazmulkazi	qwen3-asr	D0420-S1-T03	8	64
nazmulkazi	qwen3-asr	D0420-S1-T04	4	116
nazmulkazi	qwen3-asr	D0420-S1-T05	11	153
nazmulkazi	qwen3-asr	D0420-S2-T01	39	355
nazmulkazi	qwen3-asr	D0420-S3-T01	10	163
nazmulkazi	qwen3-asr	D0420-S3-T02	26	287
nazmulkazi	qwen3-asr	D0420-S3-T03	12	188
nazmulkazi	qwen3-asr	D0420-S4-T01	17	118
nazmulkazi	qwen3-asr	D0420-S4-T02	37	454
nazmulkazi	qwen3-asr	D0421-S1-T01	26	355
nazmulkazi	qwen3-asr	D0421-S1-T02	17	306
nazmulkazi	qwen3-asr	D0421-S1-T03	4	125
nazmulkazi	qwen3-asr	D0421-S1-T04	9	181
nazmulkazi	qwen3-asr	D0421-S1-T05	8	140
nazmulkazi	qwen3-asr	D0421-S2-T01	28	377
nazmulkazi	qwen3-asr	D0421-S2-T02	17	326
nazmulkazi	qwen3-asr	D0421-S3-T01	29	229
nazmulkazi	qwen3-asr	D0421-S3-T02	19	149
nazmulkazi	qwen3-asr	D0421-S3-T03	19	162
nazmulkazi	qwen3-asr	D0421-S3-T04	15	196
nazmulkazi	qwen3-asr	D0421-S3-T05	17	190
nazmulkazi	qwen3-asr	D0422-S1-T01	48	421
nazmulkazi	qwen3-asr	D0422-S1-T02	13	220
nazmulkazi	qwen3-asr	D0422-S1-T03	13	164
nazmulkazi	qwen3-asr	D0422-S1-T04	20	260
nazmulkazi	qwen3-asr	D0422-S2-T01	13	118
nazmulkazi	qwen3-asr	D0422-S2-T02	46	479
nazmulkazi	qwen3-asr	D0422-S3-T01	26	289
nazmulkazi	qwen3-asr	D0422-S3-T02	6	115
nazmulkazi	qwen3-asr	D0422-S3-T03	21	194
nazmulkazi	qwen3-asr	D0422-S3-T04	13	154
nazmulkazi	qwen3-asr	D0422-S3-T05	4	72
nazmulkazi	qwen3-asr	D0422-S3-T06	2	37
nazmulkazi	qwen3-asr	D0422-S4-T01	19	309
nazmulkazi	qwen3-asr	D0422-S4-T02	41	389
nazmulkazi	qwen3-asr	D0422-S4-T03	22	150
nazmulkazi	qwen3-asr	D0422-S4-T04	17	175
nazmulkazi	qwen3-asr	D0422-S4-T05	17	140
nazmulkazi	qwen3-asr	D0423-S1-T01	33	399
nazmulkazi	qwen3-asr	D0423-S1-T02	19	196
nazmulkazi	qwen3-asr	D0423-S1-T03	6	90
nazmulkazi	qwen3-asr	D0423-S2-T01	12	120
nazmulkazi	qwen3-asr	D0423-S2-T02	12	141
nazmulkazi	qwen3-asr	D0423-S2-T03	24	200
nazmulkazi	qwen3-asr	D0424-S1-T01	4	99
nazmulkazi	qwen3-asr	D0424-S1-T02	18	116
nazmulkazi	qwen3-asr	D0424-S1-T03	15	128
nazmulkazi	qwen3-asr	D0424-S2-T01	33	247
nazmulkazi	qwen3-asr	D0424-S2-T02	26	244
nazmulkazi	qwen3-asr	D0424-S2-T03	30	228
nazmulkazi	qwen3-asr	D0424-S2-T04	16	184
nazmulkazi	qwen3-asr	D0424-S2-T05	21	267
nazmulkazi	qwen3-asr	D0424-S2-T06	35	246
nazmulkazi	qwen3-asr	D0424-S3-T01	12	325
nazmulkazi	qwen3-asr	D0424-S3-T02	14	206
nazmulkazi	qwen3-asr	D0424-S3-T03	5	70
nazmulkazi	qwen3-asr	D0424-S3-T04	8	68
nazmulkazi	qwen3-asr	D0425-S1-T01	9	50
nazmulkazi	qwen3-asr	D0425-S1-T02	8	122
nazmulkazi	qwen3-asr	D0425-S1-T03	4	91
nazmulkazi	qwen3-asr	D0425-S2-T01	24	272
nazmulkazi	qwen3-asr	D0425-S2-T02	12	176
nazmulkazi	qwen3-asr	D0425-S2-T03	20	164
nazmulkazi	qwen3-asr	D0425-S2-T04	13	131
nazmulkazi	qwen3-asr	D0425-S3-T01	16	197
nazmulkazi	qwen3-asr	D0425-S3-T02	23	145
nazmulkazi	qwen3-asr	D0425-S3-T03	15	152
nazmulkazi	qwen3-asr	D0425-S3-T04	31	131
nazmulkazi	qwen3-asr	D0425-S3-T05	9	104
nazmulkazi	sensevoice	D0420-S1-T01	13	105
nazmulkazi	sensevoice	D0420-S1-T02	3	51
nazmulkazi	sensevoice	D0420-S1-T03	11	64
nazmulkazi	sensevoice	D0420-S1-T04	10	116
nazmulkazi	sensevoice	D0420-S1-T05	12	153
nazmulkazi	sensevoice	D0420-S2-T01	37	355
nazmulkazi	sensevoice	D0420-S3-T01	16	163
nazmulkazi	sensevoice	D0420-S3-T02	30	287
nazmulkazi	sensevoice	D0420-S3-T03	12	188
nazmulkazi	sensevoice	D0420-S4-T01	10	118
nazmulkazi	sensevoice	D0420-S4-T02	41	454
nazmulkazi	sensevoice	D0421-S1-T01	32	355
nazmulkazi	sensevoice	D0421-S1-T02	33	306
nazmulkazi	sensevoice	D0421-S1-T03	8	125
nazmulkazi	sensevoice	D0421-S1-T04	10	181
nazmulkazi	sensevoice	D0421-S1-T05	7	140
nazmulkazi	sensevoice	D0421-S2-T01	26	377
nazmulkazi	sensevoice	D0421-S2-T02	24	326
nazmulkazi	sensevoice	D0421-S3-T01	31	229
nazmulkazi	sensevoice	D0421-S3-T02	22	149
nazmulkazi	sensevoice	D0421-S3-T03	17	162
nazmulkazi	sensevoice	D0421-S3-T04	14	196
nazmulkazi	sensevoice	D0421-S3-T05	13	190
nazmulkazi	sensevoice	D0422-S1-T01	50	421
nazmulkazi	sensevoice	D0422-S1-T02	13	220
nazmulkazi	sensevoice	D0422-S1-T03	15	164
nazmulkazi	sensevoice	D0422-S1-T04	20	260
nazmulkazi	sensevoice	D0422-S2-T01	13	118
nazmulkazi	sensevoice	D0422-S2-T02	53	479
nazmulkazi	sensevoice	D0422-S3-T01	27	289
nazmulkazi	sensevoice	D0422-S3-T02	4	115
nazmulkazi	sensevoice	D0422-S3-T03	24	194
nazmulkazi	sensevoice	D0422-S3-T04	10	154
nazmulkazi	sensevoice	D0422-S3-T05	4	72
nazmulkazi	sensevoice	D0422-S3-T06	3	37
nazmulkazi	sensevoice	D0422-S4-T01	21	309
nazmulkazi	sensevoice	D0422-S4-T02	39	389
nazmulkazi	sensevoice	D0422-S4-T03	18	150
nazmulkazi	sensevoice	D0422-S4-T04	12	175
nazmulkazi	sensevoice	D0422-S4-T05	15	140
nazmulkazi	sensevoice	D0423-S1-T01	28	399
nazmulkazi	sensevoice	D0423-S1-T02	20	196
nazmulkazi	sensevoice	D0423-S1-T03	9	90
nazmulkazi	sensevoice	D0423-S2-T01	15	120
nazmulkazi	sensevoice	D0423-S2-T02	15	141
nazmulkazi	sensevoice	D0423-S2-T03	26	200
nazmulkazi	sensevoice	D0424-S1-T01	6	99
nazmulkazi	sensevoice	D0424-S1-T02	12	116
nazmulkazi	sensevoice	D0424-S1-T03	16	128
nazmulkazi	sensevoice	D0424-S2-T01	28	247
nazmulkazi	sensevoice	D0424-S2-T02	34	244
nazmulkazi	sensevoice	D0424-S2-T03	24	228
nazmulkazi	sensevoice	D0424-S2-T04	14	184
nazmulkazi	sensevoice	D0424-S2-T05	25	267
nazmulkazi	sensevoice	D0424-S2-T06	39	246
nazmulkazi	sensevoice	D0424-S3-T01	15	325
nazmulkazi	sensevoice	D0424-S3-T02	17	206
nazmulkazi	sensevoice	D0424-S3-T03	6	70
nazmulkazi	sensevoice	D0424-S3-T04	10	68
nazmulkazi	sensevoice	D0425-S1-T01	4	50
nazmulkazi	sensevoice	D0425-S1-T02	7	122
nazmulkazi	sensevoice	D0425-S1-T03	5	91
nazmulkazi	sensevoice	D0425-S2-T01	30	272
nazmulkazi	sensevoice	D0425-S2-T02	15	176
nazmulkazi	sensevoice	D0425-S2-T03	12	164
nazmulkazi	sensevoice	D0425-S2-T04	13	131
nazmulkazi	sensevoice	D0425-S3-T01	19	197
nazmulkazi	sensevoice	D0425-S3-T02	22	145
nazmulkazi	sensevoice	D0425-S3-T03	15	152
nazmulkazi	sensevoice	D0425-S3-T04	22	131
nazmulkazi	sensevoice	D0425-S3-T05	9	104
nazmulkazi	sensevoice-no-itn	D0420-S1-T01	13	105
nazmulkazi	sensevoice-no-itn	D0420-S1-T02	3	51
nazmulkazi	sensevoice-no-itn	D0420-S1-T03	11	64
nazmulkazi	sensevoice-no-itn	D0420-S1-T04	10	116
nazmulkazi	sensevoice-no-itn	D0420-S1-T05	11	153
nazmulkazi	sensevoice-no-itn	D0420-S2-T01	37	355
nazmulkazi	sensevoice-no-itn	D0420-S3-T01	13	163
nazmulkazi	sensevoice-no-itn	D0420-S3-T02	35	287
nazmulkazi	sensevoice-no-itn	D0420-S3-T03	13	188
nazmulkazi	sensevoice-no-itn	D0420-S4-T01	10	118
nazmulkazi	sensevoice-no-itn	D0420-S4-T02	39	454
nazmulkazi	sensevoice-no-itn	D0421-S1-T01	31	355
nazmulkazi	sensevoice-no-itn	D0421-S1-T02	31	306
nazmulkazi	sensevoice-no-itn	D0421-S1-T03	7	125
nazmulkazi	sensevoice-no-itn	D0421-S1-T04	10	181
nazmulkazi	sensevoice-no-itn	D0421-S1-T05	7	140
nazmulkazi	sensevoice-no-itn	D0421-S2-T01	29	377
nazmulkazi	sensevoice-no-itn	D0421-S2-T02	22	326
nazmulkazi	sensevoice-no-itn	D0421-S3-T01	30	229
nazmulkazi	sensevoice-no-itn	D0421-S3-T02	24	149
nazmulkazi	sensevoice-no-itn	D0421-S3-T03	17	162
nazmulkazi	sensevoice-no-itn	D0421-S3-T04	14	196
nazmulkazi	sensevoice-no-itn	D0421-S3-T05	12	190
nazmulkazi	sensevoice-no-itn	D0422-S1-T01	48	421
nazmulkazi	sensevoice-no-itn	D0422-S1-T02	13	220
nazmulkazi	sensevoice-no-itn	D0422-S1-T03	14	164
nazmulkazi	sensevoice-no-itn	D0422-S1-T04	21	260
nazmulkazi	sensevoice-no-itn	D0422-S2-T01	13	118
nazmulkazi	sensevoice-no-itn	D0422-S2-T02	53	479
nazmulkazi	sensevoice-no-itn	D0422-S3-T01	28	289
nazmulkazi	sensevoice-no-itn	D0422-S3-T02	4	115
nazmulkazi	sensevoice-no-itn	D0422-S3-T03	25	194
nazmulkazi	sensevoice-no-itn	D0422-S3-T04	12	154
nazmulkazi	sensevoice-no-itn	D0422-S3-T05	4	72
nazmulkazi	sensevoice-no-itn	D0422-S3-T06	5	37
nazmulkazi	sensevoice-no-itn	D0422-S4-T01	20	309
nazmulkazi	sensevoice-no-itn	D0422-S4-T02	40	389
nazmulkazi	sensevoice-no-itn	D0422-S4-T03	18	150
nazmulkazi	sensevoice-no-itn	D0422-S4-T04	13	175
nazmulkazi	sensevoice-no-itn	D0422-S4-T05	16	140
nazmulkazi	sensevoice-no-itn	D0423-S1-T01	29	399
nazmulkazi	sensevoice-no-itn	D0423-S1-T02	19	196
nazmulkazi	sensevoice-no-itn	D0423-S1-T03	9	90
nazmulkazi	sensevoice-no-itn	D0423-S2-T01	18	120
nazmulkazi	sensevoice-no-itn	D0423-S2-T02	16	141
nazmulkazi	sensevoice-no-itn	D0423-S2-T03	27	200
nazmulkazi	sensevoice-no-itn	D0424-S1-T01	7	99
nazmulkazi	sensevoice-no-itn	D0424-S1-T02	12	116
nazmulkazi	sensevoice-no-itn	D0424-S1-T03	17	128
nazmulkazi	sensevoice-no-itn	D0424-S2-T01	29	247
nazmulkazi	sensevoice-no-itn	D0424-S2-T02	32	244
nazmulkazi	sensevoice-no-itn	D0424-S2-T03	26	228
nazmulkazi	sensevoice-no-itn	D0424-S2-T04	15	184
nazmulkazi	sensevoice-no-itn	D0424-S2-T05	27	267
nazmulkazi	sensevoice-no-itn	D0424-S2-T06	39	246
nazmulkazi	sensevoice-no-itn	D0424-S3-T01	14	325
nazmulkazi	sensevoice-no-itn	D0424-S3-T02	17	206
nazmulkazi	sensevoice-no-itn	D0424-S3-T03	6	70
nazmulkazi	sensevoice-no-itn	D0424-S3-T04	10	68
nazmulkazi	sensevoice-no-itn	D0425-S1-T01	4	50
nazmulkazi	sensevoice-no-itn	D0425-S1-T02	7	122
nazmulkazi	sensevoice-no-itn	D0425-S1-T03	5	91
nazmulkazi	sensevoice-no-itn	D0425-S2-T01	29	272
nazmulkazi	sensevoice-no-itn	D0425-S2-T02	16	176
nazmulkazi	sensevoice-no-itn	D0425-S2-T03	12	164
nazmulkazi	sensevoice-no-itn	D0425-S2-T04	13	131
nazmulkazi	sensevoice-no-itn	D0425-S3-T01	18	197
nazmulkazi	sensevoice-no-itn	D0425-S3-T02	21	145
nazmulkazi	sensevoice-no-itn	D0425-S3-T03	15	152
nazmulkazi	sensevoice-no-itn	D0425-S3-T04	24	131
nazmulkazi	sensevoice-no-itn	D0425-S3-T05	8	104
nazmulkazi	whisper-base-en	D0420-S1-T01	14	105
nazmulkazi	whisper-base-en	D0420-S1-T02	4	51
nazmulkazi	whisper-base-en	D0420-S1-T03	9	64
nazmulkazi	whisper-base-en	D0420-S1-T04	8	116
nazmulkazi	whisper-base-en	D0420-S1-T05	11	153
nazmulkazi	whisper-base-en	D0420-S2-T01	33	355
nazmulkazi	whisper-base-en	D0420-S3-T01	9	163
nazmulkazi	whisper-base-en	D0420-S3-T02	31	287
nazmulkazi	whisper-base-en	D0420-S3-T03	11	188
nazmulkazi	whisper-base-en	D0420-S4-T01	9	118
nazmulkazi	whisper-base-en	D0420-S4-T02	43	454
nazmulkazi	whisper-base-en	D0421-S1-T01	26	355
nazmulkazi	whisper-base-en	D0421-S1-T02	21	306
nazmulkazi	whisper-base-en	D0421-S1-T03	5	125
nazmulkazi	whisper-base-en	D0421-S1-T04	10	181
nazmulkazi	whisper-base-en	D0421-S1-T05	6	140
nazmulkazi	whisper-base-en	D0421-S2-T01	26	377
nazmulkazi	whisper-base-en	D0421-S2-T02	20	326
nazmulkazi	whisper-base-en	D0421-S3-T01	31	229
nazmulkazi	whisper-base-en	D0421-S3-T02	20	149
nazmulkazi	whisper-base-en	D0421-S3-T03	16	162
nazmulkazi	whisper-base-en	D0421-S3-T04	15	196
nazmulkazi	whisper-base-en	D0421-S3-T05	13	190
nazmulkazi	whisper-base-en	D0422-S1-T01	46	421
nazmulkazi	whisper-base-en	D0422-S1-T02	14	220
nazmulkazi	whisper-base-en	D0422-S1-T03	12	164
nazmulkazi	whisper-base-en	D0422-S1-T04	21	260
nazmulkazi	whisper-base-en	D0422-S2-T01	14	118
nazmulkazi	whisper-base-en	D0422-S2-T02	46	479
nazmulkazi	whisper-base-en	D0422-S3-T01	23	289
nazmulkazi	whisper-base-en	D0422-S3-T02	7	115
nazmulkazi	whisper-base-en	D0422-S3-T03	22	194
nazmulkazi	whisper-base-en	D0422-S3-T04	10	154
nazmulkazi	whisper-base-en	D0422-S3-T05	6	72
nazmulkazi	whisper-base-en	D0422-S3-T06	2	37
nazmulkazi	whisper-base-en	D0422-S4-T01	18	309
nazmulkazi	whisper-base-en	D0422-S4-T02	35	389
nazmulkazi	whisper-base-en	D0422-S4-T03	20	150
nazmulkazi	whisper-base-en	D0422-S4-T04	10	175
nazmulkazi	whisper-base-en	D0422-S4-T05	17	140
nazmulkazi	whisper-base-en	D0423-S1-T01	32	399
nazmulkazi	whisper-base-en	D0423-S1-T02	19	196
nazmulkazi	whisper-base-en	D0423-S1-T03	5	90
nazmulkazi	whisper-base-en	D0423-S2-T01	18	120
nazmulkazi	whisper-base-en	D0423-S2-T02	13	141
nazmulkazi	whisper-base-en	D0423-S2-T03	25	200
nazmulkazi	whisper-base-en	D0424-S1-T01	6	99
nazmulkazi	whisper-base-en	D0424-S1-T02	11	116
nazmulkazi	whisper-base-en	D0424-S1-T03	14	128
nazmulkazi	whisper-base-en	D0424-S2-T01	28	247
nazmulkazi	whisper-base-en	D0424-S2-T02	28	244
nazmulkazi	whisper-base-en	D0424-S2-T03	27	228
nazmulkazi	whisper-base-en	D0424-S2-T04	19	184
nazmulkazi	whisper-base-en	D0424-S2-T05	24	267
nazmulkazi	whisper-base-en	D0424-S2-T06	36	246
nazmulkazi	whisper-base-en	D0424-S3-T01	10	325
nazmulkazi	whisper-base-en	D0424-S3-T02	14	206
nazmulkazi	whisper-base-en	D0424-S3-T03	4	70
nazmulkazi	whisper-base-en	D0424-S3-T04	9	68
nazmulkazi	whisper-base-en	D0425-S1-T01	3	50
nazmulkazi	whisper-base-en	D0425-S1-T02	7	122
nazmulkazi	whisper-base-en	D0425-S1-T03	3	91
nazmulkazi	whisper-base-en	D0425-S2-T01	28	272
nazmulkazi	whisper-base-en	D0425-S2-T02	11	176
nazmulkazi	whisper-base-en	D0425-S2-T03	9	164
nazmulkazi	whisper-base-en	D0425-S2-T04	15	131
nazmulkazi	whisper-base-en	D0425-S3-T01	17	197
nazmulkazi	whisper-base-en	D0425-S3-T02	22	145
nazmulkazi	whisper-base-en	D0425-S3-T03	15	152
nazmulkazi	whisper-base-en	D0425-S3-T04	17	131
nazmulkazi	whisper-base-en	D0425-S3-T05	7	104
nazmulkazi	whisper-distil-v3.5	D0420-S1-T01	12	105
nazmulkazi	whisper-distil-v3.5	D0420-S1-T02	3	51
nazmulkazi	whisper-distil-v3.5	D0420-S1-T03	7	64
nazmulkazi	whisper-distil-v3.5	D0420-S1-T04	8	116
nazmulkazi	whisper-distil-v3.5	D0420-S1-T05	11	153
nazmulkazi	whisper-distil-v3.5	D0420-S2-T01	31	355
nazmulkazi	whisper-distil-v3.5	D0420-S3-T01	7	163
nazmulkazi	whisper-distil-v3.5	D0420-S3-T02	28	287
nazmulkazi	whisper-distil-v3.5	D0420-S3-T03	9	188
nazmulkazi	whisper-distil-v3.5	D0420-S4-T01	12	118
nazmulkazi	whisper-distil-v3.5	D0420-S4-T02	36	454
nazmulkazi	whisper-distil-v3.5	D0421-S1-T01	26	355
nazmulkazi	whisper-distil-v3.5	D0421-S1-T02	16	306
nazmulkazi	whisper-distil-v3.5	D0421-S1-T03	5	125
nazmulkazi	whisper-distil-v3.5	D0421-S1-T04	10	181
nazmulkazi	whisper-distil-v3.5	D0421-S1-T05	6	140
nazmulkazi	whisper-distil-v3.5	D0421-S2-T01	22	377
nazmulkazi	whisper-distil-v3.5	D0421-S2-T02	18	326
nazmulkazi	whisper-distil-v3.5	D0421-S3-T01	26	229
nazmulkazi	whisper-distil-v3.5	D0421-S3-T02	20	149
nazmulkazi	whisper-distil-v3.5	D0421-S3-T03	17	162
nazmulkazi	whisper-distil-v3.5	D0421-S3-T04	12	196
nazmulkazi	whisper-distil-v3.5	D0421-S3-T05	12	190
nazmulkazi	whisper-distil-v3.5	D0422-S1-T01	43	421
nazmulkazi	whisper-distil-v3.5	D0422-S1-T02	12	220
nazmulkazi	whisper-distil-v3.5	D0422-S1-T03	12	164
nazmulkazi	whisper-distil-v3.5	D0422-S1-T04	20	260
nazmulkazi	whisper-distil-v3.5	D0422-S2-T01	13	118
nazmulkazi	whisper-distil-v3.5	D0422-S2-T02	45	479
nazmulkazi	whisper-distil-v3.5	D0422-S3-T01	21	289
nazmulkazi	whisper-distil-v3.5	D0422-S3-T02	7	115
nazmulkazi	whisper-distil-v3.5	D0422-S3-T03	20	194
nazmulkazi	whisper-distil-v3.5	D0422-S3-T04	10	154
nazmulkazi	whisper-distil-v3.5	D0422-S3-T05	4	72
nazmulkazi	whisper-distil-v3.5	D0422-S3-T06	2	37
nazmulkazi	whisper-distil-v3.5	D0422-S4-T01	14	309
nazmulkazi	whisper-distil-v3.5	D0422-S4-T02	35	389
nazmulkazi	whisper-distil-v3.5	D0422-S4-T03	18	150
nazmulkazi	whisper-distil-v3.5	D0422-S4-T04	9	175
nazmulkazi	whisper-distil-v3.5	D0422-S4-T05	16	140
nazmulkazi	whisper-distil-v3.5	D0423-S1-T01	31	399
nazmulkazi	whisper-distil-v3.5	D0423-S1-T02	17	196
nazmulkazi	whisper-distil-v3.5	D0423-S1-T03	6	90
nazmulkazi	whisper-distil-v3.5	D0423-S2-T01	15	120
nazmulkazi	whisper-distil-v3.5	D0423-S2-T02	11	141
nazmulkazi	whisper-distil-v3.5	D0423-S2-T03	26	200
nazmulkazi	whisper-distil-v3.5	D0424-S1-T01	3	99
nazmulkazi	whisper-distil-v3.5	D0424-S1-T02	13	116
nazmulkazi	whisper-distil-v3.5	D0424-S1-T03	13	128
nazmulkazi	whisper-distil-v3.5	D0424-S2-T01	24	247
nazmulkazi	whisper-distil-v3.5	D0424-S2-T02	29	244
nazmulkazi	whisper-distil-v3.5	D0424-S2-T03	24	228
nazmulkazi	whisper-distil-v3.5	D0424-S2-T04	13	184
nazmulkazi	whisper-distil-v3.5	D0424-S2-T05	19	267
nazmulkazi	whisper-distil-v3.5	D0424-S2-T06	33	246
nazmulkazi	whisper-distil-v3.5	D0424-S3-T01	11	325
nazmulkazi	whisper-distil-v3.5	D0424-S3-T02	15	206
nazmulkazi	whisper-distil-v3.5	D0424-S3-T03	4	70
nazmulkazi	whisper-distil-v3.5	D0424-S3-T04	8	68
nazmulkazi	whisper-distil-v3.5	D0425-S1-T01	3	50
nazmulkazi	whisper-distil-v3.5	D0425-S1-T02	6	122
nazmulkazi	whisper-distil-v3.5	D0425-S1-T03	4	91
nazmulkazi	whisper-distil-v3.5	D0425-S2-T01	25	272
nazmulkazi	whisper-distil-v3.5	D0425-S2-T02	14	176
nazmulkazi	whisper-distil-v3.5	D0425-S2-T03	11	164
nazmulkazi	whisper-distil-v3.5	D0425-S2-T04	11	131
nazmulkazi	whisper-distil-v3.5	D0425-S3-T01	16	197
nazmulkazi	whisper-distil-v3.5	D0425-S3-T02	20	145
nazmulkazi	whisper-distil-v3.5	D0425-S3-T03	15	152
nazmulkazi	whisper-distil-v3.5	D0425-S3-T04	18	131
nazmulkazi	whisper-distil-v3.5	D0425-S3-T05	7	104
nazmulkazi	whisper-turbo	D0420-S1-T01	11	105
nazmulkazi	whisper-turbo	D0420-S1-T02	3	51
nazmulkazi	whisper-turbo	D0420-S1-T03	7	64
nazmulkazi	whisper-turbo	D0420-S1-T04	6	116
nazmulkazi	whisper-turbo	D0420-S1-T05	12	153
nazmulkazi	whisper-turbo	D0420-S2-T01	30	355
nazmulkazi	whisper-turbo	D0420-S3-T01	8	163
nazmulkazi	whisper-turbo	D0420-S3-T02	29	287
nazmulkazi	whisper-turbo	D0420-S3-T03	8	188
nazmulkazi	whisper-turbo	D0420-S4-T01	9	118
nazmulkazi	whisper-turbo	D0420-S4-T02	36	454
nazmulkazi	whisper-turbo	D0421-S1-T01	23	355
nazmulkazi	whisper-turbo	D0421-S1-T02	14	306
nazmulkazi	whisper-turbo	D0421-S1-T03	5	125
nazmulkazi	whisper-turbo	D0421-S1-T04	10	181
nazmulkazi	whisper-turbo	D0421-S1-T05	6	140
nazmulkazi	whisper-turbo	D0421-S2-T01	32	377
nazmulkazi	whisper-turbo	D0421-S2-T02	16	326
nazmulkazi	whisper-turbo	D0421-S3-T01	29	229
nazmulkazi	whisper-turbo	D0421-S3-T02	20	149
nazmulkazi	whisper-turbo	D0421-S3-T03	15	162
nazmulkazi	whisper-turbo	D0421-S3-T04	10	196
nazmulkazi	whisper-turbo	D0421-S3-T05	11	190
nazmulkazi	whisper-turbo	D0422-S1-T01	43	421
nazmulkazi	whisper-turbo	D0422-S1-T02	12	220
nazmulkazi	whisper-turbo	D0422-S1-T03	11	164
nazmulkazi	whisper-turbo	D0422-S1-T04	17	260
nazmulkazi	whisper-turbo	D0422-S2-T01	11	118
nazmulkazi	whisper-turbo	D0422-S2-T02	48	479
nazmulkazi	whisper-turbo	D0422-S3-T01	22	289
nazmulkazi	whisper-turbo	D0422-S3-T02	6	115
nazmulkazi	whisper-turbo	D0422-S3-T03	23	194
nazmulkazi	whisper-turbo	D0422-S3-T04	12	154
nazmulkazi	whisper-turbo	D0422-S3-T05	4	72
nazmulkazi	whisper-turbo	D0422-S3-T06	2	37
nazmulkazi	whisper-turbo	D0422-S4-T01	10	309
nazmulkazi	whisper-turbo	D0422-S4-T02	25	389
nazmulkazi	whisper-turbo	D0422-S4-T03	17	150
nazmulkazi	whisper-turbo	D0422-S4-T04	10	175
nazmulkazi	whisper-turbo	D0422-S4-T05	14	140
nazmulkazi	whisper-turbo	D0423-S1-T01	29	399
nazmulkazi	whisper-turbo	D0423-S1-T02	17	196
nazmulkazi	whisper-turbo	D0423-S1-T03	7	90
nazmulkazi	whisper-turbo	D0423-S2-T01	14	120
nazmulkazi	whisper-turbo	D0423-S2-T02	11	141
nazmulkazi	whisper-turbo	D0423-S2-T03	23	200
nazmulkazi	whisper-turbo	D0424-S1-T01	3	99
nazmulkazi	whisper-turbo	D0424-S1-T02	15	116
nazmulkazi	whisper-turbo	D0424-S1-T03	13	128
nazmulkazi	whisper-turbo	D0424-S2-T01	27	247
nazmulkazi	whisper-turbo	D0424-S2-T02	30	244
nazmulkazi	whisper-turbo	D0424-S2-T03	28	228
nazmulkazi	whisper-turbo	D0424-S2-T04	12	184
nazmulkazi	whisper-turbo	D0424-S2-T05	23	267
nazmulkazi	whisper-turbo	D0424-S2-T06	32	246
nazmulkazi	whisper-turbo	D0424-S3-T01	12	325
nazmulkazi	whisper-turbo	D0424-S3-T02	15	206
nazmulkazi	whisper-turbo	D0424-S3-T03	4	70
nazmulkazi	whisper-turbo	D0424-S3-T04	9	68
nazmulkazi	whisper-turbo	D0425-S1-T01	3	50
nazmulkazi	whisper-turbo	D0425-S1-T02	5	122
nazmulkazi	whisper-turbo	D0425-S1-T03	4	91
nazmulkazi	whisper-turbo	D0425-S2-T01	24	272
nazmulkazi	whisper-turbo	D0425-S2-T02	19	176
nazmulkazi	whisper-turbo	D0425-S2-T03	12	164
nazmulkazi	whisper-turbo	D0425-S2-T04	9	131
nazmulkazi	whisper-turbo	D0425-S3-T01	14	197
nazmulkazi	whisper-turbo	D0425-S3-T02	21	145
nazmulkazi	whisper-turbo	D0425-S3-T03	14	152
nazmulkazi	whisper-turbo	D0425-S3-T04	17	131
nazmulkazi	whisper-turbo	D0425-S3-T05	6	104
nazmulkazi	zipformer-zh-en	D0420-S1-T01	16	105
nazmulkazi	zipformer-zh-en	D0420-S1-T02	5	51
nazmulkazi	zipformer-zh-en	D0420-S1-T03	15	64
nazmulkazi	zipformer-zh-en	D0420-S1-T04	14	116
nazmulkazi	zipformer-zh-en	D0420-S1-T05	33	153
nazmulkazi	zipformer-zh-en	D0420-S2-T01	55	355
nazmulkazi	zipformer-zh-en	D0420-S3-T01	25	163
nazmulkazi	zipformer-zh-en	D0420-S3-T02	66	287
nazmulkazi	zipformer-zh-en	D0420-S3-T03	20	188
nazmulkazi	zipformer-zh-en	D0420-S4-T01	17	118
nazmulkazi	zipformer-zh-en	D0420-S4-T02	83	454
nazmulkazi	zipformer-zh-en	D0421-S1-T01	35	355
nazmulkazi	zipformer-zh-en	D0421-S1-T02	53	306
nazmulkazi	zipformer-zh-en	D0421-S1-T03	12	125
nazmulkazi	zipformer-zh-en	D0421-S1-T04	11	181
nazmulkazi	zipformer-zh-en	D0421-S1-T05	11	140
nazmulkazi	zipformer-zh-en	D0421-S2-T01	49	377
nazmulkazi	zipformer-zh-en	D0421-S2-T02	46	326
nazmulkazi	zipformer-zh-en	D0421-S3-T01	45	229
nazmulkazi	zipformer-zh-en	D0421-S3-T02	28	149
nazmulkazi	zipformer-zh-en	D0421-S3-T03	25	162
nazmulkazi	zipformer-zh-en	D0421-S3-T04	26	196
nazmulkazi	zipformer-zh-en	D0421-S3-T05	30	190
nazmulkazi	zipformer-zh-en	D0422-S1-T01	61	421
nazmulkazi	zipformer-zh-en	D0422-S1-T02	42	220
nazmulkazi	zipformer-zh-en	D0422-S1-T03	25	164
nazmulkazi	zipformer-zh-en	D0422-S1-T04	32	260
nazmulkazi	zipformer-zh-en	D0422-S2-T01	16	118
nazmulkazi	zipformer-zh-en	D0422-S2-T02	72	479
nazmulkazi	zipformer-zh-en	D0422-S3-T01	42	289
nazmulkazi	zipformer-zh-en	D0422-S3-T02	12	115
nazmulkazi	zipformer-zh-en	D0422-S3-T03	38	194
nazmulkazi	zipformer-zh-en	D0422-S3-T04	26	154
nazmulkazi	zipformer-zh-en	D0422-S3-T05	9	72
nazmulkazi	zipformer-zh-en	D0422-S3-T06	4	37
nazmulkazi	zipformer-zh-en	D0422-S4-T01	43	309
nazmulkazi	zipformer-zh-en	D0422-S4-T02	57	389
nazmulkazi	zipformer-zh-en	D0422-S4-T03	21	150
nazmulkazi	zipformer-zh-en	D0422-S4-T04	17	175
nazmulkazi	zipformer-zh-en	D0422-S4-T05	30	140
nazmulkazi	zipformer-zh-en	D0423-S1-T01	42	399
nazmulkazi	zipformer-zh-en	D0423-S1-T02	27	196
nazmulkazi	zipformer-zh-en	D0423-S1-T03	14	90
nazmulkazi	zipformer-zh-en	D0423-S2-T01	21	120
nazmulkazi	zipformer-zh-en	D0423-S2-T02	28	141
nazmulkazi	zipformer-zh-en	D0423-S2-T03	31	200
nazmulkazi	zipformer-zh-en	D0424-S1-T01	11	99
nazmulkazi	zipformer-zh-en	D0424-S1-T02	15	116
nazmulkazi	zipformer-zh-en	D0424-S1-T03	19	128
nazmulkazi	zipformer-zh-en	D0424-S2-T01	43	247
nazmulkazi	zipformer-zh-en	D0424-S2-T02	38	244
nazmulkazi	zipformer-zh-en	D0424-S2-T03	40	228
nazmulkazi	zipformer-zh-en	D0424-S2-T04	30	184
nazmulkazi	zipformer-zh-en	D0424-S2-T05	47	267
nazmulkazi	zipformer-zh-en	D0424-S2-T06	57	246
nazmulkazi	zipformer-zh-en	D0424-S3-T01	21	325
nazmulkazi	zipformer-zh-en	D0424-S3-T02	25	206
nazmulkazi	zipformer-zh-en	D0424-S3-T03	6	70
nazmulkazi	zipformer-zh-en	D0424-S3-T04	12	68
nazmulkazi	zipformer-zh-en	D0425-S1-T01	5	50
nazmulkazi	zipformer-zh-en	D0425-S1-T02	11	122
nazmulkazi	zipformer-zh-en	D0425-S1-T03	11	91
nazmulkazi	zipformer-zh-en	D0425-S2-T01	35	272
nazmulkazi	zipformer-zh-en	D0425-S2-T02	24	176
nazmulkazi	zipformer-zh-en	D0425-S2-T03	27	164
nazmulkazi	zipformer-zh-en	D0425-S2-T04	17	131
nazmulkazi	zipformer-zh-en	D0425-S3-T01	24	197
nazmulkazi	zipformer-zh-en	D0425-S3-T02	27	145
nazmulkazi	zipformer-zh-en	D0425-S3-T03	20	152
nazmulkazi	zipformer-zh-en	D0425-S3-T04	29	131
nazmulkazi	zipformer-zh-en	D0425-S3-T05	11	104
figshare-osce	cloud-aws	CAR0001	0	87
figshare-osce	cloud-aws	CAR0002	3	99
figshare-osce	cloud-aws	CAR0003	2	122
figshare-osce	cloud-aws	CAR0004	3	74
figshare-osce	cloud-aws	CAR0005	4	70
figshare-osce	cloud-aws	DER0001	8	120
figshare-osce	cloud-aws	GAS0001	6	74
figshare-osce	cloud-aws	GAS0002	0	73
figshare-osce	cloud-aws	GAS0003	4	77
figshare-osce	cloud-aws	GAS0004	4	75
figshare-osce	cloud-aws	GAS0005	2	125
figshare-osce	cloud-aws	GAS0007	2	60
figshare-osce	cloud-aws	GEN0001	2	71
figshare-osce	cloud-aws	MSK0001	4	112
figshare-osce	cloud-aws	MSK0003	7	161
figshare-osce	cloud-aws	MSK0004	6	116
figshare-osce	cloud-aws	MSK0005	9	138
figshare-osce	cloud-aws	MSK0006	7	194
figshare-osce	cloud-aws	MSK0007	4	143
figshare-osce	cloud-aws	MSK0008	5	154
figshare-osce	cloud-aws	MSK0009	5	184
figshare-osce	cloud-aws	MSK0010	3	142
figshare-osce	cloud-aws	MSK0011	11	153
figshare-osce	cloud-aws	MSK0012	7	163
figshare-osce	cloud-aws	MSK0013	8	188
figshare-osce	cloud-aws	MSK0014	4	171
figshare-osce	cloud-aws	MSK0015	8	175
figshare-osce	cloud-aws	MSK0016	3	216
figshare-osce	cloud-aws	MSK0017	6	163
figshare-osce	cloud-aws	MSK0018	4	94
figshare-osce	cloud-aws	MSK0019	5	124
figshare-osce	cloud-aws	MSK0020	7	179
figshare-osce	cloud-aws	MSK0021	14	183
figshare-osce	cloud-aws	MSK0022	11	210
figshare-osce	cloud-aws	MSK0023	0	103
figshare-osce	cloud-aws	MSK0024	3	117
figshare-osce	cloud-aws	MSK0025	3	146
figshare-osce	cloud-aws	MSK0026	4	138
figshare-osce	cloud-aws	MSK0027	4	151
figshare-osce	cloud-aws	MSK0028	6	157
figshare-osce	cloud-aws	MSK0029	14	212
figshare-osce	cloud-aws	MSK0031	9	132
figshare-osce	cloud-aws	MSK0032	3	105
figshare-osce	cloud-aws	MSK0033	3	141
figshare-osce	cloud-aws	MSK0034	9	147
figshare-osce	cloud-aws	MSK0035	11	169
figshare-osce	cloud-aws	MSK0036	7	191
figshare-osce	cloud-aws	MSK0037	2	174
figshare-osce	cloud-aws	MSK0038	5	186
figshare-osce	cloud-aws	MSK0039	5	124
figshare-osce	cloud-aws	MSK0040	6	153
figshare-osce	cloud-aws	MSK0041	8	176
figshare-osce	cloud-aws	MSK0042	11	144
figshare-osce	cloud-aws	MSK0043	14	173
figshare-osce	cloud-aws	MSK0044	5	91
figshare-osce	cloud-aws	MSK0045	6	123
figshare-osce	cloud-aws	MSK0046	5	111
figshare-osce	cloud-aws	MSK0049	3	149
figshare-osce	cloud-aws	MSK0050	4	140
figshare-osce	cloud-aws	RES0001	6	147
figshare-osce	cloud-aws	RES0002	3	87
figshare-osce	cloud-aws	RES0003	3	113
figshare-osce	cloud-aws	RES0004	6	140
figshare-osce	cloud-aws	RES0005	7	146
figshare-osce	cloud-aws	RES0006	3	106
figshare-osce	cloud-aws	RES0007	4	122
figshare-osce	cloud-aws	RES0008	5	80
figshare-osce	cloud-aws	RES0009	4	106
figshare-osce	cloud-aws	RES0010	5	85
figshare-osce	cloud-aws	RES0011	6	116
figshare-osce	cloud-aws	RES0012	9	161
figshare-osce	cloud-aws	RES0013	1	91
figshare-osce	cloud-aws	RES0014	4	118
figshare-osce	cloud-aws	RES0015	5	130
figshare-osce	cloud-aws	RES0016	5	122
figshare-osce	cloud-aws	RES0017	2	143
figshare-osce	cloud-aws	RES0018	4	118
figshare-osce	cloud-aws	RES0019	4	141
figshare-osce	cloud-aws	RES0020	7	121
figshare-osce	cloud-aws	RES0021	7	132
figshare-osce	cloud-aws	RES0022	11	138
figshare-osce	cloud-aws	RES0023	6	72
figshare-osce	cloud-aws	RES0024	3	93
figshare-osce	cloud-aws	RES0025	8	108
figshare-osce	cloud-aws	RES0026	7	141
figshare-osce	cloud-aws	RES0027	10	119
figshare-osce	cloud-aws	RES0028	4	106
figshare-osce	cloud-aws	RES0029	2	63
figshare-osce	cloud-aws	RES0030	9	110
figshare-osce	cloud-aws	RES0031	1	106
figshare-osce	cloud-aws	RES0032	5	98
figshare-osce	cloud-aws	RES0033	4	107
figshare-osce	cloud-aws	RES0034	7	163
figshare-osce	cloud-aws	RES0035	0	99
figshare-osce	cloud-aws	RES0036	1	103
figshare-osce	cloud-aws	RES0037	9	118
figshare-osce	cloud-aws	RES0038	7	145
figshare-osce	cloud-aws	RES0039	8	151
figshare-osce	cloud-aws	RES0042	5	110
figshare-osce	cloud-aws	RES0043	3	124
figshare-osce	cloud-aws	RES0044	2	140
figshare-osce	cloud-aws	RES0045	2	116
figshare-osce	cloud-aws	RES0046	8	145
figshare-osce	cloud-aws	RES0047	10	144
figshare-osce	cloud-aws	RES0048	8	154
figshare-osce	cloud-aws	RES0049	6	139
figshare-osce	cloud-aws	RES0050	4	104
figshare-osce	cloud-aws	RES0051	4	104
figshare-osce	cloud-aws	RES0052	4	79
figshare-osce	cloud-aws	RES0053	8	196
figshare-osce	cloud-aws	RES0054	20	205
figshare-osce	cloud-aws	RES0055	6	132
figshare-osce	cloud-aws	RES0056	6	120
figshare-osce	cloud-aws	RES0057	9	122
figshare-osce	cloud-aws	RES0058	6	141
figshare-osce	cloud-aws	RES0059	8	147
figshare-osce	cloud-aws	RES0060	5	150
figshare-osce	cloud-aws	RES0061	8	163
figshare-osce	cloud-aws	RES0062	7	157
figshare-osce	cloud-aws	RES0063	7	143
figshare-osce	cloud-aws	RES0064	4	117
figshare-osce	cloud-aws	RES0065	9	117
figshare-osce	cloud-aws	RES0066	6	116
figshare-osce	cloud-aws	RES0067	5	76
figshare-osce	cloud-aws	RES0068	4	110
figshare-osce	cloud-aws	RES0069	5	91
figshare-osce	cloud-aws	RES0070	5	95
figshare-osce	cloud-aws	RES0071	5	106
figshare-osce	cloud-aws	RES0072	3	109
figshare-osce	cloud-aws	RES0073	2	136
figshare-osce	cloud-aws	RES0074	2	115
figshare-osce	cloud-aws	RES0075	3	96
figshare-osce	cloud-aws	RES0076	8	127
figshare-osce	cloud-aws	RES0077	6	120
figshare-osce	cloud-aws	RES0078	8	104
figshare-osce	cloud-aws	RES0079	4	90
figshare-osce	cloud-aws	RES0080	4	89
figshare-osce	cloud-aws	RES0081	4	123
figshare-osce	cloud-aws	RES0082	1	91
figshare-osce	cloud-aws	RES0083	4	109
figshare-osce	cloud-aws	RES0084	3	146
figshare-osce	cloud-aws	RES0085	4	87
figshare-osce	cloud-aws	RES0086	12	135
figshare-osce	cloud-aws	RES0087	3	125
figshare-osce	cloud-aws	RES0088	2	131
figshare-osce	cloud-aws	RES0089	6	147
figshare-osce	cloud-aws	RES0090	1	95
figshare-osce	cloud-aws	RES0091	3	77
figshare-osce	cloud-aws	RES0092	7	74
figshare-osce	cloud-aws	RES0093	8	134
figshare-osce	cloud-aws	RES0094	6	85
figshare-osce	cloud-aws	RES0095	6	133
figshare-osce	cloud-aws	RES0096	5	110
figshare-osce	cloud-aws	RES0097	7	128
figshare-osce	cloud-aws	RES0098	0	134
figshare-osce	cloud-aws	RES0099	6	155
figshare-osce	cloud-aws	RES0100	3	148
figshare-osce	cloud-aws	RES0101	3	139
figshare-osce	cloud-aws	RES0102	14	176
figshare-osce	cloud-aws	RES0103	5	111
figshare-osce	cloud-aws	RES0104	7	136
figshare-osce	cloud-aws	RES0105	4	115
figshare-osce	cloud-aws	RES0106	4	112
figshare-osce	cloud-aws	RES0107	5	155
figshare-osce	cloud-aws	RES0108	7	98
figshare-osce	cloud-aws	RES0109	4	91
figshare-osce	cloud-aws	RES0110	7	145
figshare-osce	cloud-aws	RES0111	1	100
figshare-osce	cloud-aws	RES0112	5	86
figshare-osce	cloud-aws	RES0113	7	93
figshare-osce	cloud-aws	RES0114	3	126
figshare-osce	cloud-aws	RES0116	6	144
figshare-osce	cloud-aws	RES0117	1	97
figshare-osce	cloud-aws	RES0118	3	95
figshare-osce	cloud-aws	RES0119	4	117
figshare-osce	cloud-aws	RES0120	4	130
figshare-osce	cloud-aws	RES0121	3	90
figshare-osce	cloud-aws	RES0122	4	98
figshare-osce	cloud-aws	RES0123	5	151
figshare-osce	cloud-aws	RES0124	3	143
figshare-osce	cloud-aws	RES0125	5	125
figshare-osce	cloud-aws	RES0126	10	135
figshare-osce	cloud-aws	RES0127	5	117
figshare-osce	cloud-aws	RES0128	0	102
figshare-osce	cloud-aws	RES0129	4	107
figshare-osce	cloud-aws	RES0130	12	113
figshare-osce	cloud-aws	RES0131	5	117
figshare-osce	cloud-aws	RES0132	5	97
figshare-osce	cloud-aws	RES0133	3	114
figshare-osce	cloud-aws	RES0134	6	143
figshare-osce	cloud-aws	RES0135	5	106
figshare-osce	cloud-aws	RES0136	10	119
figshare-osce	cloud-aws	RES0137	10	145
figshare-osce	cloud-aws	RES0138	13	124
figshare-osce	cloud-aws	RES0139	5	105
figshare-osce	cloud-aws	RES0140	2	84
figshare-osce	cloud-aws	RES0141	6	102
figshare-osce	cloud-aws	RES0142	2	86
figshare-osce	cloud-aws	RES0143	6	114
figshare-osce	cloud-aws	RES0144	6	86
figshare-osce	cloud-aws	RES0145	4	135
figshare-osce	cloud-aws	RES0146	5	74
figshare-osce	cloud-aws	RES0147	6	102
figshare-osce	cloud-aws	RES0148	6	101
figshare-osce	cloud-aws	RES0149	2	113
figshare-osce	cloud-aws	RES0150	2	110
figshare-osce	cloud-aws	RES0151	1	105
figshare-osce	cloud-aws	RES0152	2	96
figshare-osce	cloud-aws	RES0153	3	97
figshare-osce	cloud-aws	RES0154	6	97
figshare-osce	cloud-aws	RES0155	6	120
figshare-osce	cloud-aws	RES0156	7	95
figshare-osce	cloud-aws	RES0158	6	82
figshare-osce	cloud-aws	RES0159	2	85
figshare-osce	cloud-aws	RES0160	12	112
figshare-osce	cloud-aws	RES0161	6	102
figshare-osce	cloud-aws	RES0162	11	111
figshare-osce	cloud-aws	RES0163	5	100
figshare-osce	cloud-aws	RES0164	3	113
figshare-osce	cloud-aws	RES0165	3	81
figshare-osce	cloud-aws	RES0166	8	91
figshare-osce	cloud-aws	RES0167	8	89
figshare-osce	cloud-aws	RES0168	4	103
figshare-osce	cloud-aws	RES0169	3	88
figshare-osce	cloud-aws	RES0170	4	102
figshare-osce	cloud-aws	RES0171	9	115
figshare-osce	cloud-aws	RES0172	3	101
figshare-osce	cloud-aws	RES0173	4	102
figshare-osce	cloud-aws	RES0174	5	124
figshare-osce	cloud-aws	RES0175	5	98
figshare-osce	cloud-aws	RES0176	3	119
figshare-osce	cloud-aws	RES0177	6	124
figshare-osce	cloud-aws	RES0178	5	108
figshare-osce	cloud-aws	RES0179	4	121
figshare-osce	cloud-aws	RES0180	6	92
figshare-osce	cloud-aws	RES0181	2	133
figshare-osce	cloud-aws	RES0182	2	92
figshare-osce	cloud-aws	RES0183	4	126
figshare-osce	cloud-aws	RES0184	3	98
figshare-osce	cloud-aws	RES0185	2	96
figshare-osce	cloud-aws	RES0186	3	93
figshare-osce	cloud-aws	RES0187	3	123
figshare-osce	cloud-aws	RES0188	6	86
figshare-osce	cloud-aws	RES0189	4	131
figshare-osce	cloud-aws	RES0190	3	142
figshare-osce	cloud-aws	RES0191	3	98
figshare-osce	cloud-aws	RES0192	5	116
figshare-osce	cloud-aws	RES0193	7	125
figshare-osce	cloud-aws	RES0194	8	140
figshare-osce	cloud-aws	RES0195	10	129
figshare-osce	cloud-aws	RES0196	3	82
figshare-osce	cloud-aws	RES0197	10	87
figshare-osce	cloud-aws	RES0198	3	85
figshare-osce	cloud-aws	RES0199	3	117
figshare-osce	cloud-aws	RES0200	8	120
figshare-osce	cloud-aws	RES0201	3	73
figshare-osce	cloud-aws	RES0202	5	125
figshare-osce	cloud-aws	RES0203	1	81
figshare-osce	cloud-aws	RES0204	4	61
figshare-osce	cloud-aws	RES0205	4	77
figshare-osce	cloud-aws	RES0206	5	104
figshare-osce	cloud-aws	RES0207	0	50
figshare-osce	cloud-aws	RES0208	9	111
figshare-osce	cloud-aws	RES0209	3	78
figshare-osce	cloud-aws	RES0210	2	78
figshare-osce	cloud-aws	RES0211	6	112
figshare-osce	cloud-aws	RES0212	0	81
figshare-osce	cloud-aws	RES0213	4	93
figshare-osce	cloud-aws	RES0214	4	101
figshare-osce	cloud-aws	RES0215	6	92
figshare-osce	cloud-aws	RES0216	4	93
figshare-osce	cloud-aws	RES0217	3	105
primock57	cloud-aws	day1_consultation01	16	125
primock57	cloud-aws	day1_consultation02	9	131
primock57	cloud-aws	day1_consultation03	8	143
primock57	cloud-aws	day1_consultation04	6	120
primock57	cloud-aws	day1_consultation05	6	122
primock57	cloud-aws	day1_consultation06	14	155
primock57	cloud-aws	day1_consultation07	17	190
primock57	cloud-aws	day1_consultation08	6	127
primock57	cloud-aws	day1_consultation09	6	122
primock57	cloud-aws	day1_consultation10	11	130
primock57	cloud-aws	day1_consultation11	9	115
primock57	cloud-aws	day1_consultation12	11	95
primock57	cloud-aws	day1_consultation13	12	151
primock57	cloud-aws	day1_consultation14	8	146
primock57	cloud-aws	day1_consultation15	9	104
primock57	cloud-aws	day2_consultation01	7	89
primock57	cloud-aws	day2_consultation02	9	117
primock57	cloud-aws	day2_consultation03	9	96
primock57	cloud-aws	day2_consultation04	13	133
primock57	cloud-aws	day2_consultation05	13	137
primock57	cloud-aws	day2_consultation06	8	147
primock57	cloud-aws	day2_consultation07	2	86
primock57	cloud-aws	day2_consultation08	9	147
primock57	cloud-aws	day2_consultation09	6	62
primock57	cloud-aws	day2_consultation10	10	134
primock57	cloud-aws	day3_consultation01	11	91
primock57	cloud-aws	day3_consultation02	3	128
primock57	cloud-aws	day3_consultation03	17	122
primock57	cloud-aws	day3_consultation04	12	95
primock57	cloud-aws	day3_consultation05	5	81
primock57	cloud-aws	day3_consultation06	2	40
primock57	cloud-aws	day3_consultation07	14	109
primock57	cloud-aws	day3_consultation08	11	88
primock57	cloud-aws	day3_consultation09	22	182
primock57	cloud-aws	day3_consultation10	15	111
primock57	cloud-aws	day4_consultation01	9	104
primock57	cloud-aws	day4_consultation02	2	74
primock57	cloud-aws	day4_consultation03	6	83
primock57	cloud-aws	day4_consultation04	3	80
primock57	cloud-aws	day4_consultation05	11	107
primock57	cloud-aws	day4_consultation06	9	154
primock57	cloud-aws	day4_consultation07	5	137
primock57	cloud-aws	day4_consultation08	11	129
primock57	cloud-aws	day4_consultation09	10	137
primock57	cloud-aws	day4_consultation10	13	140
primock57	cloud-aws	day5_consultation01	7	96
primock57	cloud-aws	day5_consultation02	5	82
primock57	cloud-aws	day5_consultation03	4	138
primock57	cloud-aws	day5_consultation04	7	91
primock57	cloud-aws	day5_consultation05	6	69
primock57	cloud-aws	day5_consultation06	5	109
primock57	cloud-aws	day5_consultation07	9	123
primock57	cloud-aws	day5_consultation08	12	92
primock57	cloud-aws	day5_consultation09	7	125
primock57	cloud-aws	day5_consultation10	13	144
primock57	cloud-aws	day5_consultation11	9	198
primock57	cloud-aws	day5_consultation12	3	70
nazmulkazi	cloud-aws	D0420-S1-T01	12	105
nazmulkazi	cloud-aws	D0420-S1-T02	5	51
nazmulkazi	cloud-aws	D0420-S1-T03	5	64
nazmulkazi	cloud-aws	D0420-S1-T04	4	116
nazmulkazi	cloud-aws	D0420-S1-T05	12	153
nazmulkazi	cloud-aws	D0420-S2-T01	20	355
nazmulkazi	cloud-aws	D0420-S3-T01	8	163
nazmulkazi	cloud-aws	D0420-S3-T02	20	287
nazmulkazi	cloud-aws	D0420-S3-T03	9	188
nazmulkazi	cloud-aws	D0420-S4-T01	8	118
nazmulkazi	cloud-aws	D0420-S4-T02	31	454
nazmulkazi	cloud-aws	D0421-S1-T01	16	355
nazmulkazi	cloud-aws	D0421-S1-T02	11	306
nazmulkazi	cloud-aws	D0421-S1-T03	5	125
nazmulkazi	cloud-aws	D0421-S1-T04	7	181
nazmulkazi	cloud-aws	D0421-S1-T05	7	140
nazmulkazi	cloud-aws	D0421-S2-T01	20	377
nazmulkazi	cloud-aws	D0421-S2-T02	15	326
nazmulkazi	cloud-aws	D0421-S3-T01	24	229
nazmulkazi	cloud-aws	D0421-S3-T02	20	149
nazmulkazi	cloud-aws	D0421-S3-T03	15	162
nazmulkazi	cloud-aws	D0421-S3-T04	13	196
nazmulkazi	cloud-aws	D0421-S3-T05	12	190
nazmulkazi	cloud-aws	D0422-S1-T01	39	421
nazmulkazi	cloud-aws	D0422-S1-T02	12	220
nazmulkazi	cloud-aws	D0422-S1-T03	11	164
nazmulkazi	cloud-aws	D0422-S1-T04	17	260
nazmulkazi	cloud-aws	D0422-S2-T01	11	118
nazmulkazi	cloud-aws	D0422-S2-T02	39	479
nazmulkazi	cloud-aws	D0422-S3-T01	21	289
nazmulkazi	cloud-aws	D0422-S3-T02	1	115
nazmulkazi	cloud-aws	D0422-S3-T03	17	194
nazmulkazi	cloud-aws	D0422-S3-T04	10	154
nazmulkazi	cloud-aws	D0422-S3-T05	4	72
nazmulkazi	cloud-aws	D0422-S3-T06	2	37
nazmulkazi	cloud-aws	D0422-S4-T01	9	309
nazmulkazi	cloud-aws	D0422-S4-T02	21	389
nazmulkazi	cloud-aws	D0422-S4-T03	18	150
nazmulkazi	cloud-aws	D0422-S4-T04	10	175
nazmulkazi	cloud-aws	D0422-S4-T05	16	140
nazmulkazi	cloud-aws	D0423-S1-T01	26	399
nazmulkazi	cloud-aws	D0423-S1-T02	17	196
nazmulkazi	cloud-aws	D0423-S1-T03	6	90
nazmulkazi	cloud-aws	D0423-S2-T01	13	120
nazmulkazi	cloud-aws	D0423-S2-T02	9	141
nazmulkazi	cloud-aws	D0423-S2-T03	23	200
nazmulkazi	cloud-aws	D0424-S1-T01	6	99
nazmulkazi	cloud-aws	D0424-S1-T02	12	116
nazmulkazi	cloud-aws	D0424-S1-T03	16	128
nazmulkazi	cloud-aws	D0424-S2-T01	22	247
nazmulkazi	cloud-aws	D0424-S2-T02	22	244
nazmulkazi	cloud-aws	D0424-S2-T03	24	228
nazmulkazi	cloud-aws	D0424-S2-T04	11	184
nazmulkazi	cloud-aws	D0424-S2-T05	18	267
nazmulkazi	cloud-aws	D0424-S2-T06	24	246
nazmulkazi	cloud-aws	D0424-S3-T01	9	325
nazmulkazi	cloud-aws	D0424-S3-T02	14	206
nazmulkazi	cloud-aws	D0424-S3-T03	4	70
nazmulkazi	cloud-aws	D0424-S3-T04	8	68
nazmulkazi	cloud-aws	D0425-S1-T01	3	50
nazmulkazi	cloud-aws	D0425-S1-T02	6	122
nazmulkazi	cloud-aws	D0425-S1-T03	4	91
nazmulkazi	cloud-aws	D0425-S2-T01	25	272
nazmulkazi	cloud-aws	D0425-S2-T02	12	176
nazmulkazi	cloud-aws	D0425-S2-T03	12	164
nazmulkazi	cloud-aws	D0425-S2-T04	12	131
nazmulkazi	cloud-aws	D0425-S3-T01	16	197
nazmulkazi	cloud-aws	D0425-S3-T02	22	145
nazmulkazi	cloud-aws	D0425-S3-T03	15	152
nazmulkazi	cloud-aws	D0425-S3-T04	16	131
nazmulkazi	cloud-aws	D0425-S3-T05	4	104
