dataset	m1	m2	fid	words	buggy_err	fixed_err
figshare-osce	parakeet-tdt-0.6b-v2	sensevoice	CAR0004	896	110	153
figshare-osce	parakeet-tdt-0.6b-v2	sensevoice	GAS0007	884	100	133
figshare-osce	parakeet-tdt-0.6b-v2	sensevoice	GAS0001	984	145	227
figshare-osce	parakeet-tdt-0.6b-v2	sensevoice	GAS0002	1103	99	160
figshare-osce	parakeet-tdt-0.6b-v2	sensevoice	CAR0001	1027	106	149
figshare-osce	parakeet-tdt-0.6b-v2	sensevoice	GAS0003	1036	104	206
figshare-osce	parakeet-tdt-0.6b-v2	sensevoice	CAR0002	1043	103	146
figshare-osce	parakeet-tdt-0.6b-v2	sensevoice	GAS0004	1127	112	208
figshare-osce	parakeet-tdt-0.6b-v2	sensevoice	MSK0001	960	109	158
figshare-osce	parakeet-tdt-0.6b-v2	sensevoice	GEN0001	1093	82	160
figshare-osce	parakeet-tdt-0.6b-v2	sensevoice	DER0001	1485	174	311
figshare-osce	parakeet-tdt-0.6b-v2	sensevoice	CAR0005	1228	91	202
figshare-osce	parakeet-tdt-0.6b-v2	sensevoice	CAR0003	1259	115	153
figshare-osce	parakeet-tdt-0.6b-v2	sensevoice	MSK0004	1096	109	154
figshare-osce	parakeet-tdt-0.6b-v2	sensevoice	GAS0005	1541	153	260
figshare-osce	parakeet-tdt-0.6b-v2	sensevoice	MSK0003	1810	158	261
figshare-osce	parakeet-tdt-0.6b-v2	sensevoice	MSK0010	1473	126	185
figshare-osce	parakeet-tdt-0.6b-v2	sensevoice	MSK0009	1520	179	269
figshare-osce	parakeet-tdt-0.6b-v2	sensevoice	MSK0011	1501	156	216
figshare-osce	parakeet-tdt-0.6b-v2	sensevoice	MSK0005	1462	142	235
figshare-osce	parakeet-tdt-0.6b-v2	sensevoice	MSK0007	1333	120	170
figshare-osce	parakeet-tdt-0.6b-v2	sensevoice	MSK0008	1391	159	198
figshare-osce	parakeet-tdt-0.6b-v2	sensevoice	MSK0018	940	80	141
figshare-osce	parakeet-tdt-0.6b-v2	sensevoice	MSK0006	1720	197	307
figshare-osce	parakeet-tdt-0.6b-v2	sensevoice	MSK0012	1600	125	221
figshare-osce	parakeet-tdt-0.6b-v2	sensevoice	MSK0019	1298	72	149
figshare-osce	parakeet-tdt-0.6b-v2	sensevoice	MSK0023	1181	109	201
figshare-osce	parakeet-tdt-0.6b-v2	sensevoice	MSK0013	1562	141	231
figshare-osce	parakeet-tdt-0.6b-v2	sensevoice	MSK0014	1529	134	219
figshare-osce	parakeet-tdt-0.6b-v2	sensevoice	MSK0017	1681	151	253
figshare-osce	parakeet-tdt-0.6b-v2	sensevoice	MSK0021	1691	200	308
figshare-osce	parakeet-tdt-0.6b-v2	sensevoice	MSK0015	1576	152	233
figshare-osce	parakeet-tdt-0.6b-v2	sensevoice	MSK0016	1999	169	294
figshare-osce	parakeet-tdt-0.6b-v2	sensevoice	MSK0020	1636	179	272
figshare-osce	parakeet-tdt-0.6b-v2	sensevoice	MSK0026	1338	122	165
figshare-osce	parakeet-tdt-0.6b-v2	sensevoice	MSK0024	1162	82	137
figshare-osce	parakeet-tdt-0.6b-v2	sensevoice	MSK0031	1247	134	225
figshare-osce	parakeet-tdt-0.6b-v2	sensevoice	MSK0032	1154	76	158
figshare-osce	parakeet-tdt-0.6b-v2	sensevoice	MSK0027	1331	147	230
figshare-osce	parakeet-tdt-0.6b-v2	sensevoice	MSK0025	1511	117	244
figshare-osce	parakeet-tdt-0.6b-v2	sensevoice	MSK0034	1417	135	197
figshare-osce	parakeet-tdt-0.6b-v2	sensevoice	MSK0039	1367	141	215
figshare-osce	parakeet-tdt-0.6b-v2	sensevoice	MSK0036	1714	156	239
figshare-osce	parakeet-tdt-0.6b-v2	sensevoice	MSK0028	1785	167	271
figshare-osce	parakeet-tdt-0.6b-v2	sensevoice	MSK0038	1828	156	287
figshare-osce	parakeet-tdt-0.6b-v2	sensevoice	MSK0022	2091	170	309
figshare-osce	parakeet-tdt-0.6b-v2	sensevoice	MSK0033	1621	139	277
figshare-osce	parakeet-tdt-0.6b-v2	sensevoice	MSK0035	1549	159	238
figshare-osce	parakeet-tdt-0.6b-v2	sensevoice	MSK0044	1132	97	178
figshare-osce	parakeet-tdt-0.6b-v2	sensevoice	MSK0042	1471	111	215
figshare-osce	parakeet-tdt-0.6b-v2	sensevoice	MSK0037	1620	166	292
figshare-osce	parakeet-tdt-0.6b-v2	sensevoice	MSK0040	1446	136	221
figshare-osce	parakeet-tdt-0.6b-v2	sensevoice	MSK0046	1188	116	190
figshare-osce	parakeet-tdt-0.6b-v2	sensevoice	MSK0041	1543	149	223
figshare-osce	parakeet-tdt-0.6b-v2	sensevoice	MSK0043	1694	111	251
figshare-osce	parakeet-tdt-0.6b-v2	sensevoice	RES0002	1144	318	360
figshare-osce	parakeet-tdt-0.6b-v2	sensevoice	MSK0029	2186	277	415
figshare-osce	parakeet-tdt-0.6b-v2	sensevoice	RES0003	1213	105	198
figshare-osce	parakeet-tdt-0.6b-v2	sensevoice	MSK0045	1354	124	203
figshare-osce	parakeet-tdt-0.6b-v2	sensevoice	MSK0050	1257	104	158
figshare-osce	parakeet-tdt-0.6b-v2	sensevoice	RES0008	1129	107	184
figshare-osce	parakeet-tdt-0.6b-v2	sensevoice	MSK0049	1333	121	188
figshare-osce	parakeet-tdt-0.6b-v2	sensevoice	RES0006	1207	135	196
figshare-osce	parakeet-tdt-0.6b-v2	sensevoice	RES0009	1372	159	292
figshare-osce	parakeet-tdt-0.6b-v2	sensevoice	RES0010	1018	133	227
figshare-osce	parakeet-tdt-0.6b-v2	sensevoice	RES0001	1469	167	274
figshare-osce	parakeet-tdt-0.6b-v2	sensevoice	RES0011	1573	143	281
figshare-osce	parakeet-tdt-0.6b-v2	sensevoice	RES0016	1287	106	181
figshare-osce	parakeet-tdt-0.6b-v2	sensevoice	RES0014	1383	144	244
figshare-osce	parakeet-tdt-0.6b-v2	sensevoice	RES0013	1325	135	267
figshare-osce	parakeet-tdt-0.6b-v2	sensevoice	RES0004	1650	186	331
figshare-osce	parakeet-tdt-0.6b-v2	sensevoice	RES0005	1578	144	261
figshare-osce	parakeet-tdt-0.6b-v2	sensevoice	RES0019	1300	149	195
figshare-osce	parakeet-tdt-0.6b-v2	sensevoice	RES0018	1294	124	201
figshare-osce	parakeet-tdt-0.6b-v2	sensevoice	RES0021	1226	146	209
figshare-osce	parakeet-tdt-0.6b-v2	sensevoice	RES0020	1386	136	193
figshare-osce	parakeet-tdt-0.6b-v2	sensevoice	RES0015	1551	143	252
figshare-osce	parakeet-tdt-0.6b-v2	sensevoice	RES0023	1054	153	230
figshare-osce	parakeet-tdt-0.6b-v2	sensevoice	RES0017	1698	136	238
figshare-osce	parakeet-tdt-0.6b-v2	sensevoice	RES0024	969	120	186
figshare-osce	parakeet-tdt-0.6b-v2	sensevoice	RES0029	787	80	116
figshare-osce	parakeet-tdt-0.6b-v2	sensevoice	RES0007	1811	151	270
figshare-osce	parakeet-tdt-0.6b-v2	sensevoice	RES0028	1130	123	158
figshare-osce	parakeet-tdt-0.6b-v2	sensevoice	RES0032	1169	106	171
figshare-osce	parakeet-tdt-0.6b-v2	sensevoice	RES0022	1927	194	337
figshare-osce	parakeet-tdt-0.6b-v2	sensevoice	RES0025	1342	143	241
figshare-osce	parakeet-tdt-0.6b-v2	sensevoice	RES0012	2058	268	467
figshare-osce	parakeet-tdt-0.6b-v2	sensevoice	RES0035	944	69	94
figshare-osce	parakeet-tdt-0.6b-v2	sensevoice	RES0030	1158	113	161
figshare-osce	parakeet-tdt-0.6b-v2	sensevoice	RES0027	1323	139	227
figshare-osce	parakeet-tdt-0.6b-v2	sensevoice	RES0033	1306	127	249
figshare-osce	parakeet-tdt-0.6b-v2	sensevoice	RES0036	1368	115	206
figshare-osce	parakeet-tdt-0.6b-v2	sensevoice	RES0031	1297	123	197
figshare-osce	parakeet-tdt-0.6b-v2	sensevoice	RES0026	1504	135	216
figshare-osce	parakeet-tdt-0.6b-v2	sensevoice	RES0037	1413	139	219
figshare-osce	parakeet-tdt-0.6b-v2	sensevoice	RES0034	1627	134	236
figshare-osce	parakeet-tdt-0.6b-v2	sensevoice	RES0038	1504	130	226
figshare-osce	parakeet-tdt-0.6b-v2	sensevoice	RES0042	1222	161	241
figshare-osce	parakeet-tdt-0.6b-v2	sensevoice	RES0045	1158	87	176
figshare-osce	parakeet-tdt-0.6b-v2	sensevoice	RES0052	809	170	212
figshare-osce	parakeet-tdt-0.6b-v2	sensevoice	RES0043	1451	179	272
figshare-osce	parakeet-tdt-0.6b-v2	sensevoice	RES0047	1575	171	274
figshare-osce	parakeet-tdt-0.6b-v2	sensevoice	RES0044	1776	144	305
figshare-osce	parakeet-tdt-0.6b-v2	sensevoice	RES0051	970	118	172
figshare-osce	parakeet-tdt-0.6b-v2	sensevoice	RES0049	1555	151	273
figshare-osce	parakeet-tdt-0.6b-v2	sensevoice	RES0050	1084	95	143
figshare-osce	parakeet-tdt-0.6b-v2	sensevoice	RES0046	1532	128	247
figshare-osce	parakeet-tdt-0.6b-v2	sensevoice	RES0039	1635	160	241
figshare-osce	parakeet-tdt-0.6b-v2	sensevoice	RES0055	1328	277	371
figshare-osce	parakeet-tdt-0.6b-v2	sensevoice	RES0057	1194	222	315
figshare-osce	parakeet-tdt-0.6b-v2	sensevoice	RES0056	1140	184	249
figshare-osce	parakeet-tdt-0.6b-v2	sensevoice	RES0048	1726	157	325
figshare-osce	parakeet-tdt-0.6b-v2	sensevoice	RES0064	1046	127	194
figshare-osce	parakeet-tdt-0.6b-v2	sensevoice	RES0065	1064	130	189
figshare-osce	parakeet-tdt-0.6b-v2	sensevoice	RES0053	1906	341	494
figshare-osce	parakeet-tdt-0.6b-v2	sensevoice	RES0059	1327	184	246
figshare-osce	parakeet-tdt-0.6b-v2	sensevoice	RES0067	912	102	164
figshare-osce	parakeet-tdt-0.6b-v2	sensevoice	RES0060	1616	256	385
figshare-osce	parakeet-tdt-0.6b-v2	sensevoice	RES0069	994	111	174
figshare-osce	parakeet-tdt-0.6b-v2	sensevoice	RES0063	1384	170	282
figshare-osce	parakeet-tdt-0.6b-v2	sensevoice	RES0058	1462	230	332
figshare-osce	parakeet-tdt-0.6b-v2	sensevoice	RES0066	1160	154	222
figshare-osce	parakeet-tdt-0.6b-v2	sensevoice	RES0068	1168	147	232
figshare-osce	parakeet-tdt-0.6b-v2	sensevoice	RES0070	946	128	189
figshare-osce	parakeet-tdt-0.6b-v2	sensevoice	RES0061	1701	230	396
figshare-osce	parakeet-tdt-0.6b-v2	sensevoice	RES0075	1070	115	195
figshare-osce	parakeet-tdt-0.6b-v2	sensevoice	RES0074	1206	149	235
figshare-osce	parakeet-tdt-0.6b-v2	sensevoice	RES0079	815	103	165
figshare-osce	parakeet-tdt-0.6b-v2	sensevoice	RES0078	1092	140	227
figshare-osce	parakeet-tdt-0.6b-v2	sensevoice	RES0072	1150	204	270
figshare-osce	parakeet-tdt-0.6b-v2	sensevoice	RES0080	1179	151	256
figshare-osce	parakeet-tdt-0.6b-v2	sensevoice	RES0082	891	119	207
figshare-osce	parakeet-tdt-0.6b-v2	sensevoice	RES0071	1261	149	232
figshare-osce	parakeet-tdt-0.6b-v2	sensevoice	RES0073	1303	165	244
figshare-osce	parakeet-tdt-0.6b-v2	sensevoice	RES0083	962	128	184
figshare-osce	parakeet-tdt-0.6b-v2	sensevoice	RES0085	923	89	171
figshare-osce	parakeet-tdt-0.6b-v2	sensevoice	RES0081	1391	153	283
figshare-osce	parakeet-tdt-0.6b-v2	sensevoice	RES0054	2446	667	790
figshare-osce	parakeet-tdt-0.6b-v2	sensevoice	RES0092	800	95	167
figshare-osce	parakeet-tdt-0.6b-v2	sensevoice	RES0076	1513	178	287
figshare-osce	parakeet-tdt-0.6b-v2	sensevoice	RES0087	1306	127	235
figshare-osce	parakeet-tdt-0.6b-v2	sensevoice	RES0062	1905	273	397
figshare-osce	parakeet-tdt-0.6b-v2	sensevoice	RES0091	869	65	120
figshare-osce	parakeet-tdt-0.6b-v2	sensevoice	RES0086	1463	176	318
figshare-osce	parakeet-tdt-0.6b-v2	sensevoice	RES0084	1516	154	251
figshare-osce	parakeet-tdt-0.6b-v2	sensevoice	RES0094	766	81	143
figshare-osce	parakeet-tdt-0.6b-v2	sensevoice	RES0077	1585	201	331
figshare-osce	parakeet-tdt-0.6b-v2	sensevoice	RES0096	1251	169	237
figshare-osce	parakeet-tdt-0.6b-v2	sensevoice	RES0090	1160	78	146
figshare-osce	parakeet-tdt-0.6b-v2	sensevoice	RES0088	1336	126	196
figshare-osce	parakeet-tdt-0.6b-v2	sensevoice	RES0101	1379	129	229
figshare-osce	parakeet-tdt-0.6b-v2	sensevoice	RES0103	1063	122	188
figshare-osce	parakeet-tdt-0.6b-v2	sensevoice	RES0099	1505	159	247
figshare-osce	parakeet-tdt-0.6b-v2	sensevoice	RES0097	1319	153	261
figshare-osce	parakeet-tdt-0.6b-v2	sensevoice	RES0095	1426	186	266
figshare-osce	parakeet-tdt-0.6b-v2	sensevoice	RES0098	1422	131	230
figshare-osce	parakeet-tdt-0.6b-v2	sensevoice	RES0093	1543	169	290
figshare-osce	parakeet-tdt-0.6b-v2	sensevoice	RES0108	918	97	158
figshare-osce	parakeet-tdt-0.6b-v2	sensevoice	RES0100	1710	139	255
figshare-osce	parakeet-tdt-0.6b-v2	sensevoice	RES0106	1251	131	230
figshare-osce	parakeet-tdt-0.6b-v2	sensevoice	RES0089	1749	165	272
figshare-osce	parakeet-tdt-0.6b-v2	sensevoice	RES0109	817	75	131
figshare-osce	parakeet-tdt-0.6b-v2	sensevoice	RES0112	795	72	150
figshare-osce	parakeet-tdt-0.6b-v2	sensevoice	RES0113	1043	116	188
figshare-osce	parakeet-tdt-0.6b-v2	sensevoice	RES0107	1520	169	315
figshare-osce	parakeet-tdt-0.6b-v2	sensevoice	RES0111	927	90	165
figshare-osce	parakeet-tdt-0.6b-v2	sensevoice	RES0117	920	89	157
figshare-osce	parakeet-tdt-0.6b-v2	sensevoice	RES0104	1511	167	269
figshare-osce	parakeet-tdt-0.6b-v2	sensevoice	RES0118	921	68	116
figshare-osce	parakeet-tdt-0.6b-v2	sensevoice	RES0121	930	53	114
figshare-osce	parakeet-tdt-0.6b-v2	sensevoice	RES0105	1663	178	322
figshare-osce	parakeet-tdt-0.6b-v2	sensevoice	RES0120	1325	40	157
figshare-osce	parakeet-tdt-0.6b-v2	sensevoice	RES0114	1606	156	295
figshare-osce	parakeet-tdt-0.6b-v2	sensevoice	RES0116	1533	138	240
figshare-osce	parakeet-tdt-0.6b-v2	sensevoice	RES0122	1005	66	144
figshare-osce	parakeet-tdt-0.6b-v2	sensevoice	RES0110	1512	141	242
figshare-osce	parakeet-tdt-0.6b-v2	sensevoice	RES0119	1302	91	201
figshare-osce	parakeet-tdt-0.6b-v2	sensevoice	RES0128	1062	105	185
figshare-osce	parakeet-tdt-0.6b-v2	sensevoice	RES0129	1040	122	197
figshare-osce	parakeet-tdt-0.6b-v2	sensevoice	RES0102	1952	165	308
figshare-osce	parakeet-tdt-0.6b-v2	sensevoice	RES0130	1282	87	181
figshare-osce	parakeet-tdt-0.6b-v2	sensevoice	RES0131	1176	105	220
figshare-osce	parakeet-tdt-0.6b-v2	sensevoice	RES0135	1191	92	156
figshare-osce	parakeet-tdt-0.6b-v2	sensevoice	RES0126	1784	201	339
figshare-osce	parakeet-tdt-0.6b-v2	sensevoice	RES0133	1222	103	175
figshare-osce	parakeet-tdt-0.6b-v2	sensevoice	RES0132	1276	65	137
figshare-osce	parakeet-tdt-0.6b-v2	sensevoice	RES0137	1216	100	212
figshare-osce	parakeet-tdt-0.6b-v2	sensevoice	RES0123	1647	128	251
figshare-osce	parakeet-tdt-0.6b-v2	sensevoice	RES0125	1576	108	222
figshare-osce	parakeet-tdt-0.6b-v2	sensevoice	RES0127	1418	134	215
figshare-osce	parakeet-tdt-0.6b-v2	sensevoice	RES0136	1211	87	153
figshare-osce	parakeet-tdt-0.6b-v2	sensevoice	RES0140	877	78	137
figshare-osce	parakeet-tdt-0.6b-v2	sensevoice	RES0139	1093	123	190
figshare-osce	parakeet-tdt-0.6b-v2	sensevoice	RES0124	1675	94	203
figshare-osce	parakeet-tdt-0.6b-v2	sensevoice	RES0142	758	61	103
figshare-osce	parakeet-tdt-0.6b-v2	sensevoice	RES0134	1630	110	213
figshare-osce	parakeet-tdt-0.6b-v2	sensevoice	RES0144	1119	144	211
figshare-osce	parakeet-tdt-0.6b-v2	sensevoice	RES0138	1118	113	169
figshare-osce	parakeet-tdt-0.6b-v2	sensevoice	RES0146	870	97	144
figshare-osce	parakeet-tdt-0.6b-v2	sensevoice	RES0141	949	77	149
figshare-osce	parakeet-tdt-0.6b-v2	sensevoice	RES0148	1101	148	204
figshare-osce	parakeet-tdt-0.6b-v2	sensevoice	RES0143	1080	102	168
figshare-osce	parakeet-tdt-0.6b-v2	sensevoice	RES0149	1231	125	198
figshare-osce	parakeet-tdt-0.6b-v2	sensevoice	RES0152	1028	87	157
figshare-osce	parakeet-tdt-0.6b-v2	sensevoice	RES0150	1099	140	229
figshare-osce	parakeet-tdt-0.6b-v2	sensevoice	RES0153	1063	124	196
figshare-osce	parakeet-tdt-0.6b-v2	sensevoice	RES0154	922	134	179
figshare-osce	parakeet-tdt-0.6b-v2	sensevoice	RES0158	1034	122	195
figshare-osce	parakeet-tdt-0.6b-v2	sensevoice	RES0151	1125	113	176
figshare-osce	parakeet-tdt-0.6b-v2	sensevoice	RES0147	1234	160	237
figshare-osce	parakeet-tdt-0.6b-v2	sensevoice	RES0156	983	104	170
figshare-osce	parakeet-tdt-0.6b-v2	sensevoice	RES0159	1060	91	169
figshare-osce	parakeet-tdt-0.6b-v2	sensevoice	RES0145	1277	143	240
figshare-osce	parakeet-tdt-0.6b-v2	sensevoice	RES0161	993	138	212
figshare-osce	parakeet-tdt-0.6b-v2	sensevoice	RES0160	1093	110	198
figshare-osce	parakeet-tdt-0.6b-v2	sensevoice	RES0169	906	117	196
figshare-osce	parakeet-tdt-0.6b-v2	sensevoice	RES0165	881	141	200
figshare-osce	parakeet-tdt-0.6b-v2	sensevoice	RES0163	1155	125	213
figshare-osce	parakeet-tdt-0.6b-v2	sensevoice	RES0155	1380	196	293
figshare-osce	parakeet-tdt-0.6b-v2	sensevoice	RES0172	1148	135	218
figshare-osce	parakeet-tdt-0.6b-v2	sensevoice	RES0171	1306	136	252
figshare-osce	parakeet-tdt-0.6b-v2	sensevoice	RES0162	1183	136	231
figshare-osce	parakeet-tdt-0.6b-v2	sensevoice	RES0167	1132	117	207
figshare-osce	parakeet-tdt-0.6b-v2	sensevoice	RES0164	1197	175	274
figshare-osce	parakeet-tdt-0.6b-v2	sensevoice	RES0166	1117	149	225
figshare-osce	parakeet-tdt-0.6b-v2	sensevoice	RES0175	979	95	167
figshare-osce	parakeet-tdt-0.6b-v2	sensevoice	RES0168	1271	194	301
figshare-osce	parakeet-tdt-0.6b-v2	sensevoice	RES0173	1210	153	271
figshare-osce	parakeet-tdt-0.6b-v2	sensevoice	RES0170	1300	163	261
figshare-osce	parakeet-tdt-0.6b-v2	sensevoice	RES0177	1151	139	221
figshare-osce	parakeet-tdt-0.6b-v2	sensevoice	RES0178	1082	151	225
figshare-osce	parakeet-tdt-0.6b-v2	sensevoice	RES0182	919	102	152
figshare-osce	parakeet-tdt-0.6b-v2	sensevoice	RES0185	1026	128	208
figshare-osce	parakeet-tdt-0.6b-v2	sensevoice	RES0180	1020	130	212
figshare-osce	parakeet-tdt-0.6b-v2	sensevoice	RES0184	946	126	166
figshare-osce	parakeet-tdt-0.6b-v2	sensevoice	RES0188	932	105	164
figshare-osce	parakeet-tdt-0.6b-v2	sensevoice	RES0181	1154	143	201
figshare-osce	parakeet-tdt-0.6b-v2	sensevoice	RES0183	1178	141	212
figshare-osce	parakeet-tdt-0.6b-v2	sensevoice	RES0176	1269	138	208
figshare-osce	parakeet-tdt-0.6b-v2	sensevoice	RES0179	1254	144	226
figshare-osce	parakeet-tdt-0.6b-v2	sensevoice	RES0186	1020	111	206
figshare-osce	parakeet-tdt-0.6b-v2	sensevoice	RES0174	1484	185	307
figshare-osce	parakeet-tdt-0.6b-v2	sensevoice	RES0187	1275	146	210
figshare-osce	parakeet-tdt-0.6b-v2	sensevoice	RES0191	905	95	136
figshare-osce	parakeet-tdt-0.6b-v2	sensevoice	RES0190	1263	126	183
figshare-osce	parakeet-tdt-0.6b-v2	sensevoice	RES0198	833	79	120
figshare-osce	parakeet-tdt-0.6b-v2	sensevoice	RES0196	910	112	175
figshare-osce	parakeet-tdt-0.6b-v2	sensevoice	RES0199	1118	137	198
figshare-osce	parakeet-tdt-0.6b-v2	sensevoice	RES0197	943	110	157
figshare-osce	parakeet-tdt-0.6b-v2	sensevoice	RES0193	1382	216	318
figshare-osce	parakeet-tdt-0.6b-v2	sensevoice	RES0200	1316	194	270
figshare-osce	parakeet-tdt-0.6b-v2	sensevoice	RES0192	1243	137	202
figshare-osce	parakeet-tdt-0.6b-v2	sensevoice	RES0204	959	94	169
figshare-osce	parakeet-tdt-0.6b-v2	sensevoice	RES0205	1009	110	185
figshare-osce	parakeet-tdt-0.6b-v2	sensevoice	RES0189	1397	152	238
figshare-osce	parakeet-tdt-0.6b-v2	sensevoice	RES0207	789	115	167
figshare-osce	parakeet-tdt-0.6b-v2	sensevoice	RES0201	1024	136	193
figshare-osce	parakeet-tdt-0.6b-v2	sensevoice	RES0203	895	105	149
figshare-osce	parakeet-tdt-0.6b-v2	sensevoice	RES0195	1297	126	196
figshare-osce	parakeet-tdt-0.6b-v2	sensevoice	RES0194	1339	159	255
figshare-osce	parakeet-tdt-0.6b-v2	sensevoice	RES0202	1472	188	273
figshare-osce	parakeet-tdt-0.6b-v2	sensevoice	RES0208	1254	143	271
figshare-osce	parakeet-tdt-0.6b-v2	sensevoice	RES0209	1062	132	217
figshare-osce	parakeet-tdt-0.6b-v2	sensevoice	RES0206	1309	174	256
figshare-osce	parakeet-tdt-0.6b-v2	sensevoice-no-itn	CAR0001	1027	109	151
figshare-osce	parakeet-tdt-0.6b-v2	sensevoice	RES0213	1383	109	292
figshare-osce	parakeet-tdt-0.6b-v2	sensevoice	RES0211	1355	164	282
figshare-osce	parakeet-tdt-0.6b-v2	sensevoice	RES0214	1093	108	162
figshare-osce	parakeet-tdt-0.6b-v2	sensevoice-no-itn	CAR0002	1043	102	145
figshare-osce	parakeet-tdt-0.6b-v2	sensevoice	RES0210	1119	132	166
figshare-osce	parakeet-tdt-0.6b-v2	sensevoice	RES0212	1238	95	223
figshare-osce	parakeet-tdt-0.6b-v2	sensevoice-no-itn	CAR0004	896	107	150
figshare-osce	parakeet-tdt-0.6b-v2	sensevoice-no-itn	GAS0001	984	143	223
figshare-osce	parakeet-tdt-0.6b-v2	sensevoice-no-itn	CAR0005	1228	92	203
figshare-osce	parakeet-tdt-0.6b-v2	sensevoice-no-itn	GAS0003	1036	105	208
figshare-osce	parakeet-tdt-0.6b-v2	sensevoice	RES0215	1329	112	223
figshare-osce	parakeet-tdt-0.6b-v2	sensevoice	RES0217	1424	112	223
figshare-osce	parakeet-tdt-0.6b-v2	sensevoice	RES0216	1531	95	243
figshare-osce	parakeet-tdt-0.6b-v2	sensevoice-no-itn	GAS0002	1103	97	159
figshare-osce	parakeet-tdt-0.6b-v2	sensevoice-no-itn	GAS0007	884	101	134
figshare-osce	parakeet-tdt-0.6b-v2	sensevoice-no-itn	GEN0001	1093	81	159
figshare-osce	parakeet-tdt-0.6b-v2	sensevoice-no-itn	MSK0001	960	109	155
figshare-osce	parakeet-tdt-0.6b-v2	sensevoice-no-itn	CAR0003	1259	115	153
figshare-osce	parakeet-tdt-0.6b-v2	sensevoice-no-itn	GAS0004	1127	116	214
figshare-osce	parakeet-tdt-0.6b-v2	sensevoice-no-itn	DER0001	1485	173	311
figshare-osce	parakeet-tdt-0.6b-v2	sensevoice-no-itn	MSK0004	1096	106	151
figshare-osce	parakeet-tdt-0.6b-v2	sensevoice-no-itn	MSK0003	1810	159	263
figshare-osce	parakeet-tdt-0.6b-v2	sensevoice-no-itn	MSK0010	1473	126	185
figshare-osce	parakeet-tdt-0.6b-v2	sensevoice-no-itn	MSK0009	1520	179	269
figshare-osce	parakeet-tdt-0.6b-v2	sensevoice-no-itn	MSK0005	1462	144	237
figshare-osce	parakeet-tdt-0.6b-v2	sensevoice-no-itn	GAS0005	1541	152	259
figshare-osce	parakeet-tdt-0.6b-v2	sensevoice-no-itn	MSK0007	1333	121	171
figshare-osce	parakeet-tdt-0.6b-v2	sensevoice-no-itn	MSK0013	1562	147	237
figshare-osce	parakeet-tdt-0.6b-v2	sensevoice-no-itn	MSK0008	1391	156	195
figshare-osce	parakeet-tdt-0.6b-v2	sensevoice-no-itn	MSK0011	1501	157	216
figshare-osce	parakeet-tdt-0.6b-v2	sensevoice-no-itn	MSK0018	940	77	139
figshare-osce	parakeet-tdt-0.6b-v2	sensevoice-no-itn	MSK0019	1298	75	152
figshare-osce	parakeet-tdt-0.6b-v2	sensevoice-no-itn	MSK0006	1720	198	308
figshare-osce	parakeet-tdt-0.6b-v2	sensevoice-no-itn	MSK0012	1600	124	223
figshare-osce	parakeet-tdt-0.6b-v2	sensevoice-no-itn	MSK0014	1529	133	219
figshare-osce	parakeet-tdt-0.6b-v2	sensevoice-no-itn	MSK0015	1576	156	237
figshare-osce	parakeet-tdt-0.6b-v2	sensevoice-no-itn	MSK0021	1691	201	310
figshare-osce	parakeet-tdt-0.6b-v2	sensevoice-no-itn	MSK0023	1181	109	201
figshare-osce	parakeet-tdt-0.6b-v2	sensevoice-no-itn	MSK0024	1162	81	136
figshare-osce	parakeet-tdt-0.6b-v2	sensevoice-no-itn	MSK0016	1999	171	295
figshare-osce	parakeet-tdt-0.6b-v2	sensevoice-no-itn	MSK0017	1681	154	256
figshare-osce	parakeet-tdt-0.6b-v2	sensevoice-no-itn	MSK0025	1511	116	245
figshare-osce	parakeet-tdt-0.6b-v2	sensevoice-no-itn	MSK0020	1636	177	268
figshare-osce	parakeet-tdt-0.6b-v2	sensevoice-no-itn	MSK0031	1247	136	227
figshare-osce	parakeet-tdt-0.6b-v2	sensevoice-no-itn	MSK0026	1338	121	164
figshare-osce	parakeet-tdt-0.6b-v2	sensevoice-no-itn	MSK0027	1331	143	226
figshare-osce	parakeet-tdt-0.6b-v2	sensevoice-no-itn	MSK0032	1154	76	158
figshare-osce	parakeet-tdt-0.6b-v2	sensevoice-no-itn	MSK0034	1417	136	198
figshare-osce	parakeet-tdt-0.6b-v2	sensevoice-no-itn	MSK0029	2186	273	410
figshare-osce	parakeet-tdt-0.6b-v2	sensevoice-no-itn	MSK0028	1785	164	268
figshare-osce	parakeet-tdt-0.6b-v2	sensevoice-no-itn	MSK0036	1714	155	238
figshare-osce	parakeet-tdt-0.6b-v2	sensevoice-no-itn	MSK0039	1367	145	219
figshare-osce	parakeet-tdt-0.6b-v2	sensevoice-no-itn	MSK0038	1828	152	283
figshare-osce	parakeet-tdt-0.6b-v2	sensevoice-no-itn	MSK0033	1621	137	274
figshare-osce	parakeet-tdt-0.6b-v2	sensevoice-no-itn	MSK0022	2091	171	310
figshare-osce	parakeet-tdt-0.6b-v2	sensevoice-no-itn	MSK0035	1549	158	238
figshare-osce	parakeet-tdt-0.6b-v2	sensevoice-no-itn	MSK0042	1471	113	217
figshare-osce	parakeet-tdt-0.6b-v2	sensevoice-no-itn	MSK0037	1620	165	291
figshare-osce	parakeet-tdt-0.6b-v2	sensevoice-no-itn	MSK0041	1543	150	221
figshare-osce	parakeet-tdt-0.6b-v2	sensevoice-no-itn	MSK0040	1446	136	222
figshare-osce	parakeet-tdt-0.6b-v2	sensevoice-no-itn	MSK0044	1132	90	174
figshare-osce	parakeet-tdt-0.6b-v2	sensevoice-no-itn	MSK0045	1354	122	203
figshare-osce	parakeet-tdt-0.6b-v2	sensevoice-no-itn	MSK0043	1694	114	254
figshare-osce	parakeet-tdt-0.6b-v2	sensevoice-no-itn	MSK0049	1333	119	186
figshare-osce	parakeet-tdt-0.6b-v2	sensevoice-no-itn	RES0003	1213	105	198
figshare-osce	parakeet-tdt-0.6b-v2	sensevoice-no-itn	RES0002	1144	315	357
figshare-osce	parakeet-tdt-0.6b-v2	sensevoice-no-itn	MSK0046	1188	113	187
figshare-osce	parakeet-tdt-0.6b-v2	sensevoice-no-itn	MSK0050	1257	105	159
figshare-osce	parakeet-tdt-0.6b-v2	sensevoice-no-itn	RES0008	1129	104	183
figshare-osce	parakeet-tdt-0.6b-v2	sensevoice-no-itn	RES0010	1018	129	223
figshare-osce	parakeet-tdt-0.6b-v2	sensevoice-no-itn	RES0009	1372	158	292
figshare-osce	parakeet-tdt-0.6b-v2	sensevoice-no-itn	RES0001	1469	166	275
figshare-osce	parakeet-tdt-0.6b-v2	sensevoice-no-itn	RES0006	1207	133	194
figshare-osce	parakeet-tdt-0.6b-v2	sensevoice-no-itn	RES0011	1573	147	286
figshare-osce	parakeet-tdt-0.6b-v2	sensevoice-no-itn	RES0016	1287	106	180
figshare-osce	parakeet-tdt-0.6b-v2	sensevoice-no-itn	RES0013	1325	132	262
figshare-osce	parakeet-tdt-0.6b-v2	sensevoice-no-itn	RES0015	1551	140	248
figshare-osce	parakeet-tdt-0.6b-v2	sensevoice-no-itn	RES0004	1650	186	332
figshare-osce	parakeet-tdt-0.6b-v2	sensevoice-no-itn	RES0014	1383	141	241
figshare-osce	parakeet-tdt-0.6b-v2	sensevoice-no-itn	RES0005	1578	139	262
figshare-osce	parakeet-tdt-0.6b-v2	sensevoice-no-itn	RES0023	1054	154	231
figshare-osce	parakeet-tdt-0.6b-v2	sensevoice-no-itn	RES0021	1226	146	209
figshare-osce	parakeet-tdt-0.6b-v2	sensevoice-no-itn	RES0020	1386	137	195
figshare-osce	parakeet-tdt-0.6b-v2	sensevoice-no-itn	RES0018	1294	123	201
figshare-osce	parakeet-tdt-0.6b-v2	sensevoice-no-itn	RES0029	787	79	115
figshare-osce	parakeet-tdt-0.6b-v2	sensevoice-no-itn	RES0017	1698	133	235
figshare-osce	parakeet-tdt-0.6b-v2	sensevoice-no-itn	RES0024	969	123	189
figshare-osce	parakeet-tdt-0.6b-v2	sensevoice-no-itn	RES0007	1811	154	273
figshare-osce	parakeet-tdt-0.6b-v2	sensevoice-no-itn	RES0019	1300	147	193
figshare-osce	parakeet-tdt-0.6b-v2	sensevoice-no-itn	RES0028	1130	122	159
figshare-osce	parakeet-tdt-0.6b-v2	sensevoice-no-itn	RES0012	2058	273	474
figshare-osce	parakeet-tdt-0.6b-v2	sensevoice-no-itn	RES0027	1323	139	227
figshare-osce	parakeet-tdt-0.6b-v2	sensevoice-no-itn	RES0032	1169	107	174
figshare-osce	parakeet-tdt-0.6b-v2	sensevoice-no-itn	RES0025	1342	142	241
figshare-osce	parakeet-tdt-0.6b-v2	sensevoice-no-itn	RES0031	1297	122	196
figshare-osce	parakeet-tdt-0.6b-v2	sensevoice-no-itn	RES0030	1158	112	160
figshare-osce	parakeet-tdt-0.6b-v2	sensevoice-no-itn	RES0035	944	67	92
figshare-osce	parakeet-tdt-0.6b-v2	sensevoice-no-itn	RES0026	1504	141	220
figshare-osce	parakeet-tdt-0.6b-v2	sensevoice-no-itn	RES0033	1306	128	250
figshare-osce	parakeet-tdt-0.6b-v2	sensevoice-no-itn	RES0036	1368	118	209
figshare-osce	parakeet-tdt-0.6b-v2	sensevoice-no-itn	RES0022	1927	191	334
figshare-osce	parakeet-tdt-0.6b-v2	sensevoice-no-itn	RES0038	1504	126	222
figshare-osce	parakeet-tdt-0.6b-v2	sensevoice-no-itn	RES0034	1627	132	237
figshare-osce	parakeet-tdt-0.6b-v2	sensevoice-no-itn	RES0042	1222	163	243
figshare-osce	parakeet-tdt-0.6b-v2	sensevoice-no-itn	RES0043	1451	177	271
figshare-osce	parakeet-tdt-0.6b-v2	sensevoice-no-itn	RES0037	1413	137	217
figshare-osce	parakeet-tdt-0.6b-v2	sensevoice-no-itn	RES0045	1158	83	175
figshare-osce	parakeet-tdt-0.6b-v2	sensevoice-no-itn	RES0050	1084	95	143
figshare-osce	parakeet-tdt-0.6b-v2	sensevoice-no-itn	RES0051	970	119	173
figshare-osce	parakeet-tdt-0.6b-v2	sensevoice-no-itn	RES0052	809	172	214
figshare-osce	parakeet-tdt-0.6b-v2	sensevoice-no-itn	RES0046	1532	123	245
figshare-osce	parakeet-tdt-0.6b-v2	sensevoice-no-itn	RES0039	1635	161	242
figshare-osce	parakeet-tdt-0.6b-v2	sensevoice-no-itn	RES0056	1140	186	253
figshare-osce	parakeet-tdt-0.6b-v2	sensevoice-no-itn	RES0057	1194	223	316
figshare-osce	parakeet-tdt-0.6b-v2	sensevoice-no-itn	RES0047	1575	171	274
figshare-osce	parakeet-tdt-0.6b-v2	sensevoice-no-itn	RES0044	1776	146	305
figshare-osce	parakeet-tdt-0.6b-v2	sensevoice-no-itn	RES0059	1327	185	247
figshare-osce	parakeet-tdt-0.6b-v2	sensevoice-no-itn	RES0049	1555	145	271
figshare-osce	parakeet-tdt-0.6b-v2	sensevoice-no-itn	RES0048	1726	161	329
figshare-osce	parakeet-tdt-0.6b-v2	sensevoice-no-itn	RES0055	1328	274	367
figshare-osce	parakeet-tdt-0.6b-v2	sensevoice-no-itn	RES0053	1906	340	495
figshare-osce	parakeet-tdt-0.6b-v2	sensevoice-no-itn	RES0065	1064	134	192
figshare-osce	parakeet-tdt-0.6b-v2	sensevoice-no-itn	RES0067	912	111	174
figshare-osce	parakeet-tdt-0.6b-v2	sensevoice-no-itn	RES0064	1046	129	196
figshare-osce	parakeet-tdt-0.6b-v2	sensevoice-no-itn	RES0058	1462	227	329
figshare-osce	parakeet-tdt-0.6b-v2	sensevoice-no-itn	RES0069	994	110	173
figshare-osce	parakeet-tdt-0.6b-v2	sensevoice-no-itn	RES0070	946	124	184
figshare-osce	parakeet-tdt-0.6b-v2	sensevoice-no-itn	RES0066	1160	153	223
figshare-osce	parakeet-tdt-0.6b-v2	sensevoice-no-itn	RES0061	1701	235	401
figshare-osce	parakeet-tdt-0.6b-v2	sensevoice-no-itn	RES0063	1384	175	287
figshare-osce	parakeet-tdt-0.6b-v2	sensevoice-no-itn	RES0060	1616	265	393
figshare-osce	parakeet-tdt-0.6b-v2	sensevoice-no-itn	RES0075	1070	115	195
figshare-osce	parakeet-tdt-0.6b-v2	sensevoice-no-itn	RES0068	1168	153	238
figshare-osce	parakeet-tdt-0.6b-v2	sensevoice-no-itn	RES0074	1206	151	237
figshare-osce	parakeet-tdt-0.6b-v2	sensevoice-no-itn	RES0072	1150	202	265
figshare-osce	parakeet-tdt-0.6b-v2	sensevoice-no-itn	RES0062	1905	278	402
figshare-osce	parakeet-tdt-0.6b-v2	sensevoice-no-itn	RES0079	815	105	167
figshare-osce	parakeet-tdt-0.6b-v2	sensevoice-no-itn	RES0071	1261	162	243
figshare-osce	parakeet-tdt-0.6b-v2	sensevoice-no-itn	RES0082	891	121	209
figshare-osce	parakeet-tdt-0.6b-v2	sensevoice-no-itn	RES0073	1303	167	246
figshare-osce	parakeet-tdt-0.6b-v2	sensevoice-no-itn	RES0080	1179	153	259
figshare-osce	parakeet-tdt-0.6b-v2	sensevoice-no-itn	RES0078	1092	140	227
figshare-osce	parakeet-tdt-0.6b-v2	sensevoice-no-itn	RES0054	2446	672	796
figshare-osce	parakeet-tdt-0.6b-v2	sensevoice-no-itn	RES0077	1585	206	336
figshare-osce	parakeet-tdt-0.6b-v2	sensevoice-no-itn	RES0083	962	125	181
figshare-osce	parakeet-tdt-0.6b-v2	sensevoice-no-itn	RES0085	923	98	179
figshare-osce	parakeet-tdt-0.6b-v2	sensevoice-no-itn	RES0092	800	97	169
figshare-osce	parakeet-tdt-0.6b-v2	sensevoice-no-itn	RES0076	1513	177	286
figshare-osce	parakeet-tdt-0.6b-v2	sensevoice-no-itn	RES0087	1306	133	239
figshare-osce	parakeet-tdt-0.6b-v2	sensevoice-no-itn	RES0091	869	63	116
figshare-osce	parakeet-tdt-0.6b-v2	sensevoice-no-itn	RES0094	766	81	143
figshare-osce	parakeet-tdt-0.6b-v2	sensevoice-no-itn	RES0084	1516	158	256
figshare-osce	parakeet-tdt-0.6b-v2	sensevoice-no-itn	RES0081	1391	156	287
figshare-osce	parakeet-tdt-0.6b-v2	sensevoice-no-itn	RES0090	1160	76	145
figshare-osce	parakeet-tdt-0.6b-v2	sensevoice-no-itn	RES0086	1463	179	320
figshare-osce	parakeet-tdt-0.6b-v2	sensevoice-no-itn	RES0088	1336	127	197
figshare-osce	parakeet-tdt-0.6b-v2	sensevoice-no-itn	RES0097	1319	156	264
figshare-osce	parakeet-tdt-0.6b-v2	sensevoice-no-itn	RES0096	1251	194	260
figshare-osce	parakeet-tdt-0.6b-v2	sensevoice-no-itn	RES0098	1422	129	230
figshare-osce	parakeet-tdt-0.6b-v2	sensevoice-no-itn	RES0089	1749	163	270
figshare-osce	parakeet-tdt-0.6b-v2	sensevoice-no-itn	RES0103	1063	122	190
figshare-osce	parakeet-tdt-0.6b-v2	sensevoice-no-itn	RES0099	1505	160	248
figshare-osce	parakeet-tdt-0.6b-v2	sensevoice-no-itn	RES0095	1426	185	265
figshare-osce	parakeet-tdt-0.6b-v2	sensevoice-no-itn	RES0093	1543	163	284
figshare-osce	parakeet-tdt-0.6b-v2	sensevoice-no-itn	RES0109	817	80	138
figshare-osce	parakeet-tdt-0.6b-v2	sensevoice-no-itn	RES0108	918	99	159
figshare-osce	parakeet-tdt-0.6b-v2	sensevoice-no-itn	RES0101	1379	130	229
figshare-osce	parakeet-tdt-0.6b-v2	sensevoice-no-itn	RES0112	795	71	147
figshare-osce	parakeet-tdt-0.6b-v2	sensevoice-no-itn	RES0111	927	90	165
figshare-osce	parakeet-tdt-0.6b-v2	sensevoice-no-itn	RES0113	1043	113	188
figshare-osce	parakeet-tdt-0.6b-v2	sensevoice-no-itn	RES0105	1663	177	322
figshare-osce	parakeet-tdt-0.6b-v2	sensevoice-no-itn	RES0107	1520	170	316
figshare-osce	parakeet-tdt-0.6b-v2	sensevoice-no-itn	RES0106	1251	131	229
figshare-osce	parakeet-tdt-0.6b-v2	sensevoice-no-itn	RES0117	920	86	154
figshare-osce	parakeet-tdt-0.6b-v2	sensevoice-no-itn	RES0110	1512	145	246
figshare-osce	parakeet-tdt-0.6b-v2	sensevoice-no-itn	RES0100	1710	139	255
figshare-osce	parakeet-tdt-0.6b-v2	sensevoice-no-itn	RES0104	1511	165	268
figshare-osce	parakeet-tdt-0.6b-v2	sensevoice-no-itn	RES0121	930	50	111
figshare-osce	parakeet-tdt-0.6b-v2	sensevoice-no-itn	RES0118	921	66	117
figshare-osce	parakeet-tdt-0.6b-v2	sensevoice-no-itn	RES0119	1302	93	203
figshare-osce	parakeet-tdt-0.6b-v2	sensevoice-no-itn	RES0120	1325	40	157
figshare-osce	parakeet-tdt-0.6b-v2	sensevoice-no-itn	RES0122	1005	67	143
figshare-osce	parakeet-tdt-0.6b-v2	sensevoice-no-itn	RES0129	1040	123	198
figshare-osce	parakeet-tdt-0.6b-v2	sensevoice-no-itn	RES0102	1952	170	311
figshare-osce	parakeet-tdt-0.6b-v2	sensevoice-no-itn	RES0128	1062	104	182
figshare-osce	parakeet-tdt-0.6b-v2	sensevoice-no-itn	RES0114	1606	163	305
figshare-osce	parakeet-tdt-0.6b-v2	sensevoice-no-itn	RES0127	1418	136	217
figshare-osce	parakeet-tdt-0.6b-v2	sensevoice-no-itn	RES0130	1282	89	181
figshare-osce	parakeet-tdt-0.6b-v2	sensevoice-no-itn	RES0116	1533	137	239
figshare-osce	parakeet-tdt-0.6b-v2	sensevoice-no-itn	RES0124	1675	96	205
figshare-osce	parakeet-tdt-0.6b-v2	sensevoice-no-itn	RES0132	1276	66	139
figshare-osce	parakeet-tdt-0.6b-v2	sensevoice-no-itn	RES0131	1176	105	220
figshare-osce	parakeet-tdt-0.6b-v2	sensevoice-no-itn	RES0138	1118	110	166
figshare-osce	parakeet-tdt-0.6b-v2	sensevoice-no-itn	RES0140	877	80	138
figshare-osce	parakeet-tdt-0.6b-v2	sensevoice-no-itn	RES0139	1093	117	188
figshare-osce	parakeet-tdt-0.6b-v2	sensevoice-no-itn	RES0137	1216	97	210
figshare-osce	parakeet-tdt-0.6b-v2	sensevoice-no-itn	RES0123	1647	124	251
figshare-osce	parakeet-tdt-0.6b-v2	sensevoice-no-itn	RES0125	1576	103	217
figshare-osce	parakeet-tdt-0.6b-v2	sensevoice-no-itn	RES0133	1222	99	174
figshare-osce	parakeet-tdt-0.6b-v2	sensevoice-no-itn	RES0142	758	62	104
figshare-osce	parakeet-tdt-0.6b-v2	sensevoice-no-itn	RES0136	1211	87	156
figshare-osce	parakeet-tdt-0.6b-v2	sensevoice-no-itn	RES0135	1191	89	153
figshare-osce	parakeet-tdt-0.6b-v2	sensevoice-no-itn	RES0141	949	79	150
figshare-osce	parakeet-tdt-0.6b-v2	sensevoice-no-itn	RES0143	1080	103	169
figshare-osce	parakeet-tdt-0.6b-v2	sensevoice-no-itn	RES0146	870	96	143
figshare-osce	parakeet-tdt-0.6b-v2	sensevoice-no-itn	RES0126	1784	205	344
figshare-osce	parakeet-tdt-0.6b-v2	sensevoice-no-itn	RES0144	1119	149	216
figshare-osce	parakeet-tdt-0.6b-v2	sensevoice-no-itn	RES0149	1231	128	201
figshare-osce	parakeet-tdt-0.6b-v2	sensevoice-no-itn	RES0148	1101	145	201
figshare-osce	parakeet-tdt-0.6b-v2	sensevoice-no-itn	RES0150	1099	138	227
figshare-osce	parakeet-tdt-0.6b-v2	sensevoice-no-itn	RES0153	1063	123	195
figshare-osce	parakeet-tdt-0.6b-v2	sensevoice-no-itn	RES0152	1028	86	156
figshare-osce	parakeet-tdt-0.6b-v2	sensevoice-no-itn	RES0134	1630	112	214
figshare-osce	parakeet-tdt-0.6b-v2	sensevoice-no-itn	RES0145	1277	144	241
figshare-osce	parakeet-tdt-0.6b-v2	sensevoice-no-itn	RES0151	1125	115	177
figshare-osce	parakeet-tdt-0.6b-v2	sensevoice-no-itn	RES0156	983	102	170
figshare-osce	parakeet-tdt-0.6b-v2	sensevoice-no-itn	RES0154	922	136	182
figshare-osce	parakeet-tdt-0.6b-v2	sensevoice-no-itn	RES0147	1234	162	239
figshare-osce	parakeet-tdt-0.6b-v2	sensevoice-no-itn	RES0158	1034	117	190
figshare-osce	parakeet-tdt-0.6b-v2	sensevoice-no-itn	RES0160	1093	111	198
figshare-osce	parakeet-tdt-0.6b-v2	sensevoice-no-itn	RES0161	993	135	209
figshare-osce	parakeet-tdt-0.6b-v2	sensevoice-no-itn	RES0169	906	109	188
figshare-osce	parakeet-tdt-0.6b-v2	sensevoice-no-itn	RES0159	1060	91	169
figshare-osce	parakeet-tdt-0.6b-v2	sensevoice-no-itn	RES0165	881	138	197
figshare-osce	parakeet-tdt-0.6b-v2	sensevoice-no-itn	RES0166	1117	147	225
figshare-osce	parakeet-tdt-0.6b-v2	sensevoice-no-itn	RES0155	1380	192	289
figshare-osce	parakeet-tdt-0.6b-v2	sensevoice-no-itn	RES0162	1183	133	228
figshare-osce	parakeet-tdt-0.6b-v2	sensevoice-no-itn	RES0163	1155	121	208
figshare-osce	parakeet-tdt-0.6b-v2	sensevoice-no-itn	RES0171	1306	141	257
figshare-osce	parakeet-tdt-0.6b-v2	sensevoice-no-itn	RES0167	1132	118	208
figshare-osce	parakeet-tdt-0.6b-v2	sensevoice-no-itn	RES0170	1300	159	259
figshare-osce	parakeet-tdt-0.6b-v2	sensevoice-no-itn	RES0172	1148	133	216
figshare-osce	parakeet-tdt-0.6b-v2	sensevoice-no-itn	RES0164	1197	176	277
figshare-osce	parakeet-tdt-0.6b-v2	sensevoice-no-itn	RES0168	1271	197	303
figshare-osce	parakeet-tdt-0.6b-v2	sensevoice-no-itn	RES0175	979	96	167
figshare-osce	parakeet-tdt-0.6b-v2	sensevoice-no-itn	RES0184	946	124	167
figshare-osce	parakeet-tdt-0.6b-v2	sensevoice-no-itn	RES0185	1026	129	209
figshare-osce	parakeet-tdt-0.6b-v2	sensevoice-no-itn	RES0181	1154	144	202
figshare-osce	parakeet-tdt-0.6b-v2	sensevoice-no-itn	RES0182	919	98	148
figshare-osce	parakeet-tdt-0.6b-v2	sensevoice-no-itn	RES0180	1020	129	211
figshare-osce	parakeet-tdt-0.6b-v2	sensevoice-no-itn	RES0173	1210	154	272
figshare-osce	parakeet-tdt-0.6b-v2	sensevoice-no-itn	RES0178	1082	145	222
figshare-osce	parakeet-tdt-0.6b-v2	sensevoice-no-itn	RES0174	1484	178	300
figshare-osce	parakeet-tdt-0.6b-v2	sensevoice-no-itn	RES0186	1020	108	208
figshare-osce	parakeet-tdt-0.6b-v2	sensevoice-no-itn	RES0177	1151	138	222
figshare-osce	parakeet-tdt-0.6b-v2	sensevoice-no-itn	RES0179	1254	142	223
figshare-osce	parakeet-tdt-0.6b-v2	sensevoice-no-itn	RES0188	932	106	165
figshare-osce	parakeet-tdt-0.6b-v2	sensevoice-no-itn	RES0176	1269	140	210
figshare-osce	parakeet-tdt-0.6b-v2	sensevoice-no-itn	RES0187	1275	142	206
figshare-osce	parakeet-tdt-0.6b-v2	sensevoice-no-itn	RES0183	1178	139	210
figshare-osce	parakeet-tdt-0.6b-v2	sensevoice-no-itn	RES0191	905	98	139
figshare-osce	parakeet-tdt-0.6b-v2	sensevoice-no-itn	RES0197	943	112	159
figshare-osce	parakeet-tdt-0.6b-v2	sensevoice-no-itn	RES0196	910	113	178
figshare-osce	parakeet-tdt-0.6b-v2	sensevoice-no-itn	RES0198	833	77	118
figshare-osce	parakeet-tdt-0.6b-v2	sensevoice-no-itn	RES0194	1339	156	254
figshare-osce	parakeet-tdt-0.6b-v2	sensevoice-no-itn	RES0199	1118	138	199
figshare-osce	parakeet-tdt-0.6b-v2	sensevoice-no-itn	RES0190	1263	124	180
figshare-osce	parakeet-tdt-0.6b-v2	sensevoice-no-itn	RES0193	1382	208	310
figshare-osce	parakeet-tdt-0.6b-v2	sensevoice-no-itn	RES0204	959	99	174
figshare-osce	parakeet-tdt-0.6b-v2	sensevoice-no-itn	RES0192	1243	137	202
figshare-osce	parakeet-tdt-0.6b-v2	sensevoice-no-itn	RES0189	1397	152	238
figshare-osce	parakeet-tdt-0.6b-v2	sensevoice-no-itn	RES0203	895	106	151
figshare-osce	parakeet-tdt-0.6b-v2	sensevoice-no-itn	RES0195	1297	126	196
figshare-osce	parakeet-tdt-0.6b-v2	sensevoice-no-itn	RES0207	789	117	169
figshare-osce	parakeet-tdt-0.6b-v2	sensevoice-no-itn	RES0201	1024	134	191
figshare-osce	parakeet-tdt-0.6b-v2	sensevoice-no-itn	RES0205	1009	108	184
figshare-osce	parakeet-tdt-0.6b-v2	sensevoice-no-itn	RES0202	1472	190	275
figshare-osce	parakeet-tdt-0.6b-v2	sensevoice-no-itn	RES0206	1309	172	253
figshare-osce	parakeet-tdt-0.6b-v2	sensevoice-no-itn	RES0208	1254	140	271
figshare-osce	parakeet-tdt-0.6b-v2	sensevoice-no-itn	RES0200	1316	194	270
figshare-osce	parakeet-tdt-0.6b-v2	sensevoice-no-itn	RES0209	1062	133	218
figshare-osce	parakeet-tdt-0.6b-v2	sensevoice-no-itn	RES0210	1119	132	167
figshare-osce	parakeet-tdt-0.6b-v2	sensevoice-no-itn	RES0214	1093	110	165
figshare-osce	parakeet-tdt-0.6b-v2	whisper-distil-v3.5	CAR0004	896	107	150
figshare-osce	parakeet-tdt-0.6b-v2	sensevoice-no-itn	RES0212	1238	97	228
figshare-osce	parakeet-tdt-0.6b-v2	sensevoice-no-itn	RES0211	1355	168	285
figshare-osce	parakeet-tdt-0.6b-v2	whisper-distil-v3.5	CAR0002	1043	103	145
figshare-osce	parakeet-tdt-0.6b-v2	whisper-distil-v3.5	CAR0001	1027	104	149
figshare-osce	parakeet-tdt-0.6b-v2	sensevoice-no-itn	RES0213	1383	105	291
figshare-osce	parakeet-tdt-0.6b-v2	sensevoice-no-itn	RES0215	1329	109	222
figshare-osce	parakeet-tdt-0.6b-v2	sensevoice-no-itn	RES0217	1424	109	220
figshare-osce	parakeet-tdt-0.6b-v2	whisper-distil-v3.5	GAS0001	984	142	236
figshare-osce	parakeet-tdt-0.6b-v2	sensevoice-no-itn	RES0216	1531	92	240
figshare-osce	parakeet-tdt-0.6b-v2	whisper-distil-v3.5	CAR0003	1259	112	149
figshare-osce	parakeet-tdt-0.6b-v2	whisper-distil-v3.5	GAS0002	1103	97	157
figshare-osce	parakeet-tdt-0.6b-v2	whisper-distil-v3.5	CAR0005	1228	101	212
figshare-osce	parakeet-tdt-0.6b-v2	whisper-distil-v3.5	GAS0003	1036	116	214
figshare-osce	parakeet-tdt-0.6b-v2	whisper-distil-v3.5	GAS0007	884	119	157
figshare-osce	parakeet-tdt-0.6b-v2	whisper-distil-v3.5	GAS0004	1127	119	217
figshare-osce	parakeet-tdt-0.6b-v2	whisper-distil-v3.5	MSK0001	960	112	160
figshare-osce	parakeet-tdt-0.6b-v2	whisper-distil-v3.5	MSK0004	1096	123	168
figshare-osce	parakeet-tdt-0.6b-v2	whisper-distil-v3.5	GEN0001	1093	77	155
figshare-osce	parakeet-tdt-0.6b-v2	whisper-distil-v3.5	DER0001	1485	183	318
figshare-osce	parakeet-tdt-0.6b-v2	whisper-distil-v3.5	GAS0005	1541	153	262
figshare-osce	parakeet-tdt-0.6b-v2	whisper-distil-v3.5	MSK0007	1333	131	176
figshare-osce	parakeet-tdt-0.6b-v2	whisper-distil-v3.5	MSK0005	1462	145	234
figshare-osce	parakeet-tdt-0.6b-v2	whisper-distil-v3.5	MSK0008	1391	156	198
figshare-osce	parakeet-tdt-0.6b-v2	whisper-distil-v3.5	MSK0009	1520	188	278
figshare-osce	parakeet-tdt-0.6b-v2	whisper-distil-v3.5	MSK0010	1473	129	186
figshare-osce	parakeet-tdt-0.6b-v2	whisper-distil-v3.5	MSK0011	1501	171	229
figshare-osce	parakeet-tdt-0.6b-v2	whisper-distil-v3.5	MSK0003	1810	168	276
figshare-osce	parakeet-tdt-0.6b-v2	whisper-distil-v3.5	MSK0006	1720	203	314
figshare-osce	parakeet-tdt-0.6b-v2	whisper-distil-v3.5	MSK0018	940	77	135
figshare-osce	parakeet-tdt-0.6b-v2	whisper-distil-v3.5	MSK0012	1600	133	229
figshare-osce	parakeet-tdt-0.6b-v2	whisper-distil-v3.5	MSK0013	1562	142	234
figshare-osce	parakeet-tdt-0.6b-v2	whisper-distil-v3.5	MSK0014	1529	141	228
figshare-osce	parakeet-tdt-0.6b-v2	whisper-distil-v3.5	MSK0019	1298	76	150
figshare-osce	parakeet-tdt-0.6b-v2	whisper-distil-v3.5	MSK0015	1576	164	248
figshare-osce	parakeet-tdt-0.6b-v2	whisper-distil-v3.5	MSK0023	1181	101	190
figshare-osce	parakeet-tdt-0.6b-v2	whisper-distil-v3.5	MSK0024	1162	88	147
figshare-osce	parakeet-tdt-0.6b-v2	whisper-distil-v3.5	MSK0017	1681	154	259
figshare-osce	parakeet-tdt-0.6b-v2	whisper-distil-v3.5	MSK0020	1636	170	262
figshare-osce	parakeet-tdt-0.6b-v2	whisper-distil-v3.5	MSK0021	1691	204	317
figshare-osce	parakeet-tdt-0.6b-v2	whisper-distil-v3.5	MSK0026	1338	129	171
figshare-osce	parakeet-tdt-0.6b-v2	whisper-distil-v3.5	MSK0027	1331	155	239
figshare-osce	parakeet-tdt-0.6b-v2	whisper-distil-v3.5	MSK0025	1511	121	244
figshare-osce	parakeet-tdt-0.6b-v2	whisper-distil-v3.5	MSK0031	1247	139	229
figshare-osce	parakeet-tdt-0.6b-v2	whisper-distil-v3.5	MSK0032	1154	84	163
figshare-osce	parakeet-tdt-0.6b-v2	whisper-distil-v3.5	MSK0016	1999	171	296
figshare-osce	parakeet-tdt-0.6b-v2	whisper-distil-v3.5	MSK0034	1417	134	200
figshare-osce	parakeet-tdt-0.6b-v2	whisper-distil-v3.5	MSK0035	1549	165	242
figshare-osce	parakeet-tdt-0.6b-v2	whisper-distil-v3.5	MSK0022	2091	173	316
figshare-osce	parakeet-tdt-0.6b-v2	whisper-distil-v3.5	MSK0028	1785	173	274
figshare-osce	parakeet-tdt-0.6b-v2	whisper-distil-v3.5	MSK0033	1621	143	278
figshare-osce	parakeet-tdt-0.6b-v2	whisper-distil-v3.5	MSK0039	1367	151	224
figshare-osce	parakeet-tdt-0.6b-v2	whisper-distil-v3.5	MSK0029	2186	276	418
figshare-osce	parakeet-tdt-0.6b-v2	whisper-distil-v3.5	MSK0040	1446	136	223
figshare-osce	parakeet-tdt-0.6b-v2	whisper-distil-v3.5	MSK0041	1543	153	226
figshare-osce	parakeet-tdt-0.6b-v2	whisper-distil-v3.5	MSK0037	1620	169	291
figshare-osce	parakeet-tdt-0.6b-v2	whisper-distil-v3.5	MSK0044	1132	94	180
figshare-osce	parakeet-tdt-0.6b-v2	whisper-distil-v3.5	MSK0038	1828	157	294
figshare-osce	parakeet-tdt-0.6b-v2	whisper-distil-v3.5	MSK0036	1714	154	236
figshare-osce	parakeet-tdt-0.6b-v2	whisper-distil-v3.5	MSK0042	1471	104	210
figshare-osce	parakeet-tdt-0.6b-v2	whisper-distil-v3.5	MSK0046	1188	121	193
figshare-osce	parakeet-tdt-0.6b-v2	whisper-distil-v3.5	MSK0045	1354	120	207
figshare-osce	parakeet-tdt-0.6b-v2	whisper-distil-v3.5	MSK0049	1333	132	203
figshare-osce	parakeet-tdt-0.6b-v2	whisper-distil-v3.5	MSK0043	1694	124	259
figshare-osce	parakeet-tdt-0.6b-v2	whisper-distil-v3.5	MSK0050	1257	110	165
figshare-osce	parakeet-tdt-0.6b-v2	whisper-distil-v3.5	RES0002	1144	317	358
figshare-osce	parakeet-tdt-0.6b-v2	whisper-distil-v3.5	RES0003	1213	114	204
figshare-osce	parakeet-tdt-0.6b-v2	whisper-distil-v3.5	RES0008	1129	118	192
figshare-osce	parakeet-tdt-0.6b-v2	whisper-distil-v3.5	RES0001	1469	182	286
figshare-osce	parakeet-tdt-0.6b-v2	whisper-distil-v3.5	RES0006	1207	123	185
figshare-osce	parakeet-tdt-0.6b-v2	whisper-distil-v3.5	RES0010	1018	133	234
figshare-osce	parakeet-tdt-0.6b-v2	whisper-distil-v3.5	RES0009	1372	165	305
figshare-osce	parakeet-tdt-0.6b-v2	whisper-distil-v3.5	RES0013	1325	131	270
figshare-osce	parakeet-tdt-0.6b-v2	whisper-distil-v3.5	RES0014	1383	133	233
figshare-osce	parakeet-tdt-0.6b-v2	whisper-distil-v3.5	RES0004	1650	200	348
figshare-osce	parakeet-tdt-0.6b-v2	whisper-distil-v3.5	RES0005	1578	158	279
figshare-osce	parakeet-tdt-0.6b-v2	whisper-distil-v3.5	RES0016	1287	107	180
figshare-osce	parakeet-tdt-0.6b-v2	whisper-distil-v3.5	RES0015	1551	145	252
figshare-osce	parakeet-tdt-0.6b-v2	whisper-distil-v3.5	RES0007	1811	162	282
figshare-osce	parakeet-tdt-0.6b-v2	whisper-distil-v3.5	RES0011	1573	153	293
figshare-osce	parakeet-tdt-0.6b-v2	whisper-distil-v3.5	RES0018	1294	134	212
figshare-osce	parakeet-tdt-0.6b-v2	whisper-distil-v3.5	RES0019	1300	145	197
figshare-osce	parakeet-tdt-0.6b-v2	whisper-distil-v3.5	RES0017	1698	152	252
figshare-osce	parakeet-tdt-0.6b-v2	whisper-distil-v3.5	RES0023	1054	153	228
figshare-osce	parakeet-tdt-0.6b-v2	whisper-distil-v3.5	RES0024	969	125	192
figshare-osce	parakeet-tdt-0.6b-v2	whisper-distil-v3.5	RES0021	1226	148	207
figshare-osce	parakeet-tdt-0.6b-v2	whisper-distil-v3.5	RES0020	1386	139	196
figshare-osce	parakeet-tdt-0.6b-v2	whisper-distil-v3.5	RES0029	787	79	115
figshare-osce	parakeet-tdt-0.6b-v2	whisper-distil-v3.5	RES0028	1130	116	154
figshare-osce	parakeet-tdt-0.6b-v2	whisper-distil-v3.5	RES0025	1342	155	255
figshare-osce	parakeet-tdt-0.6b-v2	whisper-distil-v3.5	RES0027	1323	154	239
figshare-osce	parakeet-tdt-0.6b-v2	whisper-distil-v3.5	RES0030	1158	111	159
figshare-osce	parakeet-tdt-0.6b-v2	whisper-distil-v3.5	RES0026	1504	144	223
figshare-osce	parakeet-tdt-0.6b-v2	whisper-distil-v3.5	RES0035	944	74	100
figshare-osce	parakeet-tdt-0.6b-v2	whisper-distil-v3.5	RES0033	1306	139	264
figshare-osce	parakeet-tdt-0.6b-v2	whisper-distil-v3.5	RES0032	1169	109	179
figshare-osce	parakeet-tdt-0.6b-v2	whisper-distil-v3.5	RES0012	2058	274	478
figshare-osce	parakeet-tdt-0.6b-v2	whisper-distil-v3.5	RES0031	1297	122	199
figshare-osce	parakeet-tdt-0.6b-v2	whisper-distil-v3.5	RES0036	1368	133	226
figshare-osce	parakeet-tdt-0.6b-v2	whisper-distil-v3.5	RES0042	1222	154	237
figshare-osce	parakeet-tdt-0.6b-v2	whisper-distil-v3.5	RES0022	1927	201	342
figshare-osce	parakeet-tdt-0.6b-v2	whisper-distil-v3.5	RES0034	1627	136	243
figshare-osce	parakeet-tdt-0.6b-v2	whisper-distil-v3.5	RES0045	1158	77	167
figshare-osce	parakeet-tdt-0.6b-v2	whisper-distil-v3.5	RES0037	1413	135	215
figshare-osce	parakeet-tdt-0.6b-v2	whisper-distil-v3.5	RES0043	1451	183	280
figshare-osce	parakeet-tdt-0.6b-v2	whisper-distil-v3.5	RES0051	970	125	181
figshare-osce	parakeet-tdt-0.6b-v2	whisper-distil-v3.5	RES0038	1504	132	238
figshare-osce	parakeet-tdt-0.6b-v2	whisper-distil-v3.5	RES0052	809	175	219
figshare-osce	parakeet-tdt-0.6b-v2	whisper-distil-v3.5	RES0047	1575	179	283
figshare-osce	parakeet-tdt-0.6b-v2	whisper-distil-v3.5	RES0050	1084	102	151
figshare-osce	parakeet-tdt-0.6b-v2	whisper-distil-v3.5	RES0039	1635	168	250
figshare-osce	parakeet-tdt-0.6b-v2	whisper-distil-v3.5	RES0046	1532	133	248
figshare-osce	parakeet-tdt-0.6b-v2	whisper-distil-v3.5	RES0044	1776	147	315
figshare-osce	parakeet-tdt-0.6b-v2	whisper-distil-v3.5	RES0049	1555	157	284
figshare-osce	parakeet-tdt-0.6b-v2	whisper-distil-v3.5	RES0056	1140	189	254
figshare-osce	parakeet-tdt-0.6b-v2	whisper-distil-v3.5	RES0055	1328	273	369
figshare-osce	parakeet-tdt-0.6b-v2	whisper-distil-v3.5	RES0057	1194	237	332
figshare-osce	parakeet-tdt-0.6b-v2	whisper-distil-v3.5	RES0048	1726	167	336
figshare-osce	parakeet-tdt-0.6b-v2	whisper-distil-v3.5	RES0059	1327	186	249
figshare-osce	parakeet-tdt-0.6b-v2	whisper-distil-v3.5	RES0064	1046	126	194
figshare-osce	parakeet-tdt-0.6b-v2	whisper-distil-v3.5	RES0065	1064	136	197
figshare-osce	parakeet-tdt-0.6b-v2	whisper-distil-v3.5	RES0053	1906	345	499
figshare-osce	parakeet-tdt-0.6b-v2	whisper-distil-v3.5	RES0058	1462	235	338
figshare-osce	parakeet-tdt-0.6b-v2	whisper-distil-v3.5	RES0067	912	123	186
figshare-osce	parakeet-tdt-0.6b-v2	whisper-distil-v3.5	RES0060	1616	254	381
figshare-osce	parakeet-tdt-0.6b-v2	whisper-distil-v3.5	RES0070	946	133	195
figshare-osce	parakeet-tdt-0.6b-v2	whisper-distil-v3.5	RES0066	1160	161	233
figshare-osce	parakeet-tdt-0.6b-v2	whisper-distil-v3.5	RES0069	994	110	175
figshare-osce	parakeet-tdt-0.6b-v2	whisper-distil-v3.5	RES0063	1384	172	284
figshare-osce	parakeet-tdt-0.6b-v2	whisper-distil-v3.5	RES0068	1168	154	236
figshare-osce	parakeet-tdt-0.6b-v2	whisper-distil-v3.5	RES0072	1150	202	275
figshare-osce	parakeet-tdt-0.6b-v2	whisper-distil-v3.5	RES0061	1701	244	413
figshare-osce	parakeet-tdt-0.6b-v2	whisper-distil-v3.5	RES0075	1070	117	200
figshare-osce	parakeet-tdt-0.6b-v2	whisper-distil-v3.5	RES0079	815	111	175
figshare-osce	parakeet-tdt-0.6b-v2	whisper-distil-v3.5	RES0071	1261	163	248
figshare-osce	parakeet-tdt-0.6b-v2	whisper-distil-v3.5	RES0074	1206	152	236
figshare-osce	parakeet-tdt-0.6b-v2	whisper-distil-v3.5	RES0054	2446	665	798
figshare-osce	parakeet-tdt-0.6b-v2	whisper-distil-v3.5	RES0062	1905	279	404
figshare-osce	parakeet-tdt-0.6b-v2	whisper-distil-v3.5	RES0082	891	122	212
figshare-osce	parakeet-tdt-0.6b-v2	whisper-distil-v3.5	RES0073	1303	162	244
figshare-osce	parakeet-tdt-0.6b-v2	whisper-distil-v3.5	RES0078	1092	140	233
figshare-osce	parakeet-tdt-0.6b-v2	whisper-distil-v3.5	RES0083	962	124	181
figshare-osce	parakeet-tdt-0.6b-v2	whisper-distil-v3.5	RES0080	1179	152	255
figshare-osce	parakeet-tdt-0.6b-v2	whisper-distil-v3.5	RES0085	923	89	172
figshare-osce	parakeet-tdt-0.6b-v2	whisper-distil-v3.5	RES0076	1513	183	295
figshare-osce	parakeet-tdt-0.6b-v2	whisper-distil-v3.5	RES0091	869	65	122
figshare-osce	parakeet-tdt-0.6b-v2	whisper-distil-v3.5	RES0092	800	104	176
figshare-osce	parakeet-tdt-0.6b-v2	whisper-distil-v3.5	RES0077	1585	208	339
figshare-osce	parakeet-tdt-0.6b-v2	whisper-distil-v3.5	RES0087	1306	123	233
figshare-osce	parakeet-tdt-0.6b-v2	whisper-distil-v3.5	RES0094	766	71	132
figshare-osce	parakeet-tdt-0.6b-v2	whisper-distil-v3.5	RES0081	1391	162	295
figshare-osce	parakeet-tdt-0.6b-v2	whisper-distil-v3.5	RES0090	1160	79	142
figshare-osce	parakeet-tdt-0.6b-v2	whisper-distil-v3.5	RES0088	1336	135	206
figshare-osce	parakeet-tdt-0.6b-v2	whisper-distil-v3.5	RES0086	1463	164	306
figshare-osce	parakeet-tdt-0.6b-v2	whisper-distil-v3.5	RES0096	1251	173	239
figshare-osce	parakeet-tdt-0.6b-v2	whisper-distil-v3.5	RES0084	1516	154	253
figshare-osce	parakeet-tdt-0.6b-v2	whisper-distil-v3.5	RES0097	1319	157	276
figshare-osce	parakeet-tdt-0.6b-v2	whisper-distil-v3.5	RES0098	1422	130	233
figshare-osce	parakeet-tdt-0.6b-v2	whisper-distil-v3.5	RES0093	1543	176	308
figshare-osce	parakeet-tdt-0.6b-v2	whisper-distil-v3.5	RES0095	1426	178	261
figshare-osce	parakeet-tdt-0.6b-v2	whisper-distil-v3.5	RES0103	1063	120	191
figshare-osce	parakeet-tdt-0.6b-v2	whisper-distil-v3.5	RES0101	1379	139	236
figshare-osce	parakeet-tdt-0.6b-v2	whisper-distil-v3.5	RES0109	817	73	130
figshare-osce	parakeet-tdt-0.6b-v2	whisper-distil-v3.5	RES0089	1749	176	286
figshare-osce	parakeet-tdt-0.6b-v2	whisper-distil-v3.5	RES0108	918	91	153
figshare-osce	parakeet-tdt-0.6b-v2	whisper-distil-v3.5	RES0099	1505	165	263
figshare-osce	parakeet-tdt-0.6b-v2	whisper-distil-v3.5	RES0106	1251	138	239
figshare-osce	parakeet-tdt-0.6b-v2	whisper-distil-v3.5	RES0112	795	68	149
figshare-osce	parakeet-tdt-0.6b-v2	whisper-distil-v3.5	RES0104	1511	163	260
figshare-osce	parakeet-tdt-0.6b-v2	whisper-distil-v3.5	RES0111	927	93	172
figshare-osce	parakeet-tdt-0.6b-v2	whisper-distil-v3.5	RES0113	1043	118	191
figshare-osce	parakeet-tdt-0.6b-v2	whisper-distil-v3.5	RES0117	920	92	155
figshare-osce	parakeet-tdt-0.6b-v2	whisper-distil-v3.5	RES0100	1710	155	271
figshare-osce	parakeet-tdt-0.6b-v2	whisper-distil-v3.5	RES0105	1663	173	319
figshare-osce	parakeet-tdt-0.6b-v2	whisper-distil-v3.5	RES0118	921	63	113
figshare-osce	parakeet-tdt-0.6b-v2	whisper-distil-v3.5	RES0107	1520	176	317
figshare-osce	parakeet-tdt-0.6b-v2	whisper-distil-v3.5	RES0110	1512	153	261
figshare-osce	parakeet-tdt-0.6b-v2	whisper-distil-v3.5	RES0121	930	57	116
figshare-osce	parakeet-tdt-0.6b-v2	whisper-distil-v3.5	RES0120	1325	41	158
figshare-osce	parakeet-tdt-0.6b-v2	whisper-distil-v3.5	RES0119	1302	84	193
figshare-osce	parakeet-tdt-0.6b-v2	whisper-distil-v3.5	RES0122	1005	67	150
figshare-osce	parakeet-tdt-0.6b-v2	whisper-distil-v3.5	RES0114	1606	158	301
figshare-osce	parakeet-tdt-0.6b-v2	whisper-distil-v3.5	RES0116	1533	147	251
figshare-osce	parakeet-tdt-0.6b-v2	whisper-distil-v3.5	RES0129	1040	120	196
figshare-osce	parakeet-tdt-0.6b-v2	whisper-distil-v3.5	RES0102	1952	178	323
figshare-osce	parakeet-tdt-0.6b-v2	whisper-distil-v3.5	RES0127	1418	142	221
figshare-osce	parakeet-tdt-0.6b-v2	whisper-distil-v3.5	RES0128	1062	113	193
figshare-osce	parakeet-tdt-0.6b-v2	whisper-distil-v3.5	RES0125	1576	94	216
figshare-osce	parakeet-tdt-0.6b-v2	whisper-distil-v3.5	RES0130	1282	95	189
figshare-osce	parakeet-tdt-0.6b-v2	whisper-distil-v3.5	RES0131	1176	101	220
figshare-osce	parakeet-tdt-0.6b-v2	whisper-distil-v3.5	RES0133	1222	96	179
figshare-osce	parakeet-tdt-0.6b-v2	whisper-distil-v3.5	RES0135	1191	86	153
figshare-osce	parakeet-tdt-0.6b-v2	whisper-distil-v3.5	RES0124	1675	98	208
figshare-osce	parakeet-tdt-0.6b-v2	whisper-distil-v3.5	RES0136	1211	87	152
figshare-osce	parakeet-tdt-0.6b-v2	whisper-distil-v3.5	RES0132	1276	65	133
figshare-osce	parakeet-tdt-0.6b-v2	whisper-distil-v3.5	RES0140	877	74	149
figshare-osce	parakeet-tdt-0.6b-v2	whisper-distil-v3.5	RES0123	1647	131	263
figshare-osce	parakeet-tdt-0.6b-v2	whisper-distil-v3.5	RES0138	1118	95	149
figshare-osce	parakeet-tdt-0.6b-v2	whisper-distil-v3.5	RES0137	1216	110	223
figshare-osce	parakeet-tdt-0.6b-v2	whisper-distil-v3.5	RES0139	1093	115	195
figshare-osce	parakeet-tdt-0.6b-v2	whisper-distil-v3.5	RES0126	1784	211	352
figshare-osce	parakeet-tdt-0.6b-v2	whisper-distil-v3.5	RES0142	758	59	104
figshare-osce	parakeet-tdt-0.6b-v2	whisper-distil-v3.5	RES0146	870	107	155
figshare-osce	parakeet-tdt-0.6b-v2	whisper-distil-v3.5	RES0141	949	78	147
figshare-osce	parakeet-tdt-0.6b-v2	whisper-distil-v3.5	RES0143	1080	98	170
figshare-osce	parakeet-tdt-0.6b-v2	whisper-distil-v3.5	RES0144	1119	153	228
figshare-osce	parakeet-tdt-0.6b-v2	whisper-distil-v3.5	RES0134	1630	113	217
figshare-osce	parakeet-tdt-0.6b-v2	whisper-distil-v3.5	RES0150	1099	123	219
figshare-osce	parakeet-tdt-0.6b-v2	whisper-distil-v3.5	RES0148	1101	146	207
figshare-osce	parakeet-tdt-0.6b-v2	whisper-distil-v3.5	RES0151	1125	110	176
figshare-osce	parakeet-tdt-0.6b-v2	whisper-distil-v3.5	RES0154	922	128	174
figshare-osce	parakeet-tdt-0.6b-v2	whisper-distil-v3.5	RES0147	1234	155	241
figshare-osce	parakeet-tdt-0.6b-v2	whisper-distil-v3.5	RES0152	1028	100	171
figshare-osce	parakeet-tdt-0.6b-v2	whisper-distil-v3.5	RES0145	1277	147	248
figshare-osce	parakeet-tdt-0.6b-v2	whisper-distil-v3.5	RES0149	1231	112	195
figshare-osce	parakeet-tdt-0.6b-v2	whisper-distil-v3.5	RES0153	1063	127	201
figshare-osce	parakeet-tdt-0.6b-v2	whisper-distil-v3.5	RES0156	983	107	181
figshare-osce	parakeet-tdt-0.6b-v2	whisper-distil-v3.5	RES0158	1034	121	194
figshare-osce	parakeet-tdt-0.6b-v2	whisper-distil-v3.5	RES0165	881	134	194
figshare-osce	parakeet-tdt-0.6b-v2	whisper-distil-v3.5	RES0161	993	144	214
figshare-osce	parakeet-tdt-0.6b-v2	whisper-distil-v3.5	RES0155	1380	198	307
figshare-osce	parakeet-tdt-0.6b-v2	whisper-distil-v3.5	RES0159	1060	90	169
figshare-osce	parakeet-tdt-0.6b-v2	whisper-distil-v3.5	RES0169	906	119	196
figshare-osce	parakeet-tdt-0.6b-v2	whisper-distil-v3.5	RES0160	1093	123	209
figshare-osce	parakeet-tdt-0.6b-v2	whisper-distil-v3.5	RES0163	1155	127	215
figshare-osce	parakeet-tdt-0.6b-v2	whisper-distil-v3.5	RES0167	1132	130	219
figshare-osce	parakeet-tdt-0.6b-v2	whisper-distil-v3.5	RES0166	1117	153	225
figshare-osce	parakeet-tdt-0.6b-v2	whisper-distil-v3.5	RES0164	1197	179	294
figshare-osce	parakeet-tdt-0.6b-v2	whisper-distil-v3.5	RES0162	1183	129	228
figshare-osce	parakeet-tdt-0.6b-v2	whisper-distil-v3.5	RES0168	1271	188	299
figshare-osce	parakeet-tdt-0.6b-v2	whisper-distil-v3.5	RES0172	1148	145	232
figshare-osce	parakeet-tdt-0.6b-v2	whisper-distil-v3.5	RES0171	1306	134	250
figshare-osce	parakeet-tdt-0.6b-v2	whisper-distil-v3.5	RES0170	1300	159	263
figshare-osce	parakeet-tdt-0.6b-v2	whisper-distil-v3.5	RES0175	979	97	173
figshare-osce	parakeet-tdt-0.6b-v2	whisper-distil-v3.5	RES0180	1020	124	209
figshare-osce	parakeet-tdt-0.6b-v2	whisper-distil-v3.5	RES0173	1210	159	274
figshare-osce	parakeet-tdt-0.6b-v2	whisper-distil-v3.5	RES0178	1082	151	230
figshare-osce	parakeet-tdt-0.6b-v2	whisper-distil-v3.5	RES0177	1151	130	212
figshare-osce	parakeet-tdt-0.6b-v2	whisper-distil-v3.5	RES0181	1154	155	214
figshare-osce	parakeet-tdt-0.6b-v2	whisper-distil-v3.5	RES0179	1254	147	227
figshare-osce	parakeet-tdt-0.6b-v2	whisper-distil-v3.5	RES0184	946	114	159
figshare-osce	parakeet-tdt-0.6b-v2	whisper-distil-v3.5	RES0176	1269	152	222
figshare-osce	parakeet-tdt-0.6b-v2	whisper-distil-v3.5	RES0182	919	112	162
figshare-osce	parakeet-tdt-0.6b-v2	whisper-distil-v3.5	RES0174	1484	169	294
figshare-osce	parakeet-tdt-0.6b-v2	whisper-distil-v3.5	RES0185	1026	127	211
figshare-osce	parakeet-tdt-0.6b-v2	whisper-distil-v3.5	RES0186	1020	120	218
figshare-osce	parakeet-tdt-0.6b-v2	whisper-distil-v3.5	RES0188	932	109	167
figshare-osce	parakeet-tdt-0.6b-v2	whisper-distil-v3.5	RES0183	1178	142	215
figshare-osce	parakeet-tdt-0.6b-v2	whisper-distil-v3.5	RES0191	905	97	138
figshare-osce	parakeet-tdt-0.6b-v2	whisper-distil-v3.5	RES0187	1275	142	207
figshare-osce	parakeet-tdt-0.6b-v2	whisper-distil-v3.5	RES0196	910	113	179
figshare-osce	parakeet-tdt-0.6b-v2	whisper-distil-v3.5	RES0198	833	78	123
figshare-osce	parakeet-tdt-0.6b-v2	whisper-distil-v3.5	RES0197	943	117	160
figshare-osce	parakeet-tdt-0.6b-v2	whisper-distil-v3.5	RES0190	1263	123	180
figshare-osce	parakeet-tdt-0.6b-v2	whisper-distil-v3.5	RES0192	1243	143	201
figshare-osce	parakeet-tdt-0.6b-v2	whisper-distil-v3.5	RES0195	1297	137	203
figshare-osce	parakeet-tdt-0.6b-v2	whisper-distil-v3.5	RES0201	1024	147	210
figshare-osce	parakeet-tdt-0.6b-v2	whisper-distil-v3.5	RES0199	1118	133	194
figshare-osce	parakeet-tdt-0.6b-v2	whisper-distil-v3.5	RES0194	1339	156	250
figshare-osce	parakeet-tdt-0.6b-v2	whisper-distil-v3.5	RES0203	895	117	162
figshare-osce	parakeet-tdt-0.6b-v2	whisper-distil-v3.5	RES0189	1397	152	241
figshare-osce	parakeet-tdt-0.6b-v2	whisper-distil-v3.5	RES0193	1382	207	313
figshare-osce	parakeet-tdt-0.6b-v2	whisper-distil-v3.5	RES0207	789	110	169
figshare-osce	parakeet-tdt-0.6b-v2	whisper-distil-v3.5	RES0204	959	101	176
figshare-osce	parakeet-tdt-0.6b-v2	whisper-distil-v3.5	RES0200	1316	187	261
figshare-osce	parakeet-tdt-0.6b-v2	whisper-distil-v3.5	RES0209	1062	129	219
figshare-osce	parakeet-tdt-0.6b-v2	whisper-distil-v3.5	RES0205	1009	105	181
figshare-osce	parakeet-tdt-0.6b-v2	whisper-distil-v3.5	RES0202	1472	201	291
figshare-osce	parakeet-tdt-0.6b-v2	whisper-distil-v3.5	RES0206	1309	181	268
figshare-osce	parakeet-tdt-0.6b-v2	whisper-distil-v3.5	RES0210	1119	135	175
figshare-osce	parakeet-tdt-0.6b-v2	whisper-distil-v3.5	RES0208	1254	162	301
figshare-osce	parakeet-tdt-0.6b-v2	whisper-distil-v3.5	RES0214	1093	111	168
figshare-osce	parakeet-tdt-0.6b-v2	whisper-distil-v3.5	RES0212	1238	96	223
figshare-osce	parakeet-tdt-0.6b-v2	whisper-distil-v3.5	RES0213	1383	109	293
figshare-osce	whisper-distil-v3.5	sensevoice	CAR0001	1027	101	148
figshare-osce	parakeet-tdt-0.6b-v2	whisper-distil-v3.5	RES0215	1329	113	219
figshare-osce	whisper-distil-v3.5	sensevoice	CAR0004	896	102	144
figshare-osce	whisper-distil-v3.5	sensevoice	CAR0002	1043	106	149
figshare-osce	parakeet-tdt-0.6b-v2	whisper-distil-v3.5	RES0211	1355	182	299
figshare-osce	parakeet-tdt-0.6b-v2	whisper-distil-v3.5	RES0217	1424	102	211
figshare-osce	parakeet-tdt-0.6b-v2	whisper-distil-v3.5	RES0216	1531	99	246
figshare-osce	whisper-distil-v3.5	sensevoice	GAS0001	984	136	229
figshare-osce	whisper-distil-v3.5	sensevoice	GAS0002	1103	89	152
figshare-osce	whisper-distil-v3.5	sensevoice	CAR0005	1228	99	211
figshare-osce	whisper-distil-v3.5	sensevoice	GAS0007	884	118	153
figshare-osce	whisper-distil-v3.5	sensevoice	CAR0003	1259	113	153
figshare-osce	whisper-distil-v3.5	sensevoice	GAS0003	1036	110	215
figshare-osce	whisper-distil-v3.5	sensevoice	MSK0001	960	110	158
figshare-osce	whisper-distil-v3.5	sensevoice	GAS0004	1127	128	226
figshare-osce	whisper-distil-v3.5	sensevoice	DER0001	1485	187	312
figshare-osce	whisper-distil-v3.5	sensevoice	GEN0001	1093	80	159
figshare-osce	whisper-distil-v3.5	sensevoice	MSK0004	1096	109	157
figshare-osce	whisper-distil-v3.5	sensevoice	MSK0007	1333	131	181
figshare-osce	whisper-distil-v3.5	sensevoice	GAS0005	1541	156	264
figshare-osce	whisper-distil-v3.5	sensevoice	MSK0008	1391	171	216
figshare-osce	whisper-distil-v3.5	sensevoice	MSK0005	1462	140	229
figshare-osce	whisper-distil-v3.5	sensevoice	MSK0010	1473	123	184
figshare-osce	whisper-distil-v3.5	sensevoice	MSK0009	1520	175	267
figshare-osce	whisper-distil-v3.5	sensevoice	MSK0011	1501	165	229
figshare-osce	whisper-distil-v3.5	sensevoice	MSK0003	1810	166	273
figshare-osce	whisper-distil-v3.5	sensevoice	MSK0006	1720	168	278
figshare-osce	whisper-distil-v3.5	sensevoice	MSK0018	940	68	131
figshare-osce	whisper-distil-v3.5	sensevoice	MSK0012	1600	136	233
figshare-osce	whisper-distil-v3.5	sensevoice	MSK0014	1529	143	235
figshare-osce	whisper-distil-v3.5	sensevoice	MSK0013	1562	139	232
figshare-osce	whisper-distil-v3.5	sensevoice	MSK0015	1576	172	253
figshare-osce	whisper-distil-v3.5	sensevoice	MSK0019	1298	76	156
figshare-osce	whisper-distil-v3.5	sensevoice	MSK0023	1181	110	202
figshare-osce	whisper-distil-v3.5	sensevoice	MSK0024	1162	93	154
figshare-osce	whisper-distil-v3.5	sensevoice	MSK0017	1681	146	255
figshare-osce	whisper-distil-v3.5	sensevoice	MSK0027	1331	152	238
figshare-osce	whisper-distil-v3.5	sensevoice	MSK0020	1636	167	262
figshare-osce	whisper-distil-v3.5	sensevoice	MSK0021	1691	200	311
figshare-osce	whisper-distil-v3.5	sensevoice	MSK0026	1338	137	181
figshare-osce	whisper-distil-v3.5	sensevoice	MSK0032	1154	53	138
figshare-osce	whisper-distil-v3.5	sensevoice	MSK0031	1247	116	210
figshare-osce	whisper-distil-v3.5	sensevoice	MSK0025	1511	117	246
figshare-osce	whisper-distil-v3.5	sensevoice	MSK0016	1999	166	292
figshare-osce	whisper-distil-v3.5	sensevoice	MSK0028	1785	158	266
figshare-osce	whisper-distil-v3.5	sensevoice	MSK0034	1417	137	205
figshare-osce	whisper-distil-v3.5	sensevoice	MSK0022	2091	193	336
figshare-osce	whisper-distil-v3.5	sensevoice	MSK0033	1621	148	291
figshare-osce	whisper-distil-v3.5	sensevoice	MSK0039	1367	111	186
figshare-osce	whisper-distil-v3.5	sensevoice	MSK0035	1549	172	252
figshare-osce	whisper-distil-v3.5	sensevoice	MSK0040	1446	126	211
figshare-osce	whisper-distil-v3.5	sensevoice	MSK0041	1543	152	228
figshare-osce	whisper-distil-v3.5	sensevoice	MSK0029	2186	237	379
figshare-osce	whisper-distil-v3.5	sensevoice	MSK0044	1132	89	175
figshare-osce	whisper-distil-v3.5	sensevoice	MSK0037	1620	165	295
figshare-osce	whisper-distil-v3.5	sensevoice	MSK0036	1714	162	244
figshare-osce	whisper-distil-v3.5	sensevoice	MSK0046	1188	119	192
figshare-osce	whisper-distil-v3.5	sensevoice	MSK0045	1354	115	206
figshare-osce	whisper-distil-v3.5	sensevoice	MSK0038	1828	156	289
figshare-osce	whisper-distil-v3.5	sensevoice	RES0002	1144	324	364
figshare-osce	whisper-distil-v3.5	sensevoice	MSK0042	1471	99	204
figshare-osce	whisper-distil-v3.5	sensevoice	MSK0050	1257	109	164
figshare-osce	whisper-distil-v3.5	sensevoice	MSK0049	1333	128	197
figshare-osce	whisper-distil-v3.5	sensevoice	MSK0043	1694	122	273
figshare-osce	whisper-distil-v3.5	sensevoice	RES0003	1213	105	201
figshare-osce	whisper-distil-v3.5	sensevoice	RES0006	1207	142	198
figshare-osce	whisper-distil-v3.5	sensevoice	RES0001	1469	178	280
figshare-osce	whisper-distil-v3.5	sensevoice	RES0010	1018	135	231
figshare-osce	whisper-distil-v3.5	sensevoice	RES0008	1129	120	195
figshare-osce	whisper-distil-v3.5	sensevoice	RES0013	1325	133	277
figshare-osce	whisper-distil-v3.5	sensevoice	RES0005	1578	143	269
figshare-osce	whisper-distil-v3.5	sensevoice	RES0009	1372	133	281
figshare-osce	whisper-distil-v3.5	sensevoice	RES0004	1650	194	350
figshare-osce	whisper-distil-v3.5	sensevoice	RES0015	1551	138	241
figshare-osce	whisper-distil-v3.5	sensevoice	RES0019	1300	142	196
figshare-osce	whisper-distil-v3.5	sensevoice	RES0016	1287	112	190
figshare-osce	whisper-distil-v3.5	sensevoice	RES0011	1573	159	300
figshare-osce	whisper-distil-v3.5	sensevoice	RES0014	1383	135	234
figshare-osce	whisper-distil-v3.5	sensevoice	RES0018	1294	127	206
figshare-osce	whisper-distil-v3.5	sensevoice	RES0023	1054	161	237
figshare-osce	whisper-distil-v3.5	sensevoice	RES0007	1811	163	288
figshare-osce	whisper-distil-v3.5	sensevoice	RES0024	969	118	186
figshare-osce	whisper-distil-v3.5	sensevoice	RES0020	1386	138	195
figshare-osce	whisper-distil-v3.5	sensevoice	RES0021	1226	148	202
figshare-osce	whisper-distil-v3.5	sensevoice	RES0012	2058	242	448
figshare-osce	whisper-distil-v3.5	sensevoice	RES0029	787	76	109
figshare-osce	whisper-distil-v3.5	sensevoice	RES0028	1130	113	154
figshare-osce	whisper-distil-v3.5	sensevoice	RES0017	1698	160	265
figshare-osce	whisper-distil-v3.5	sensevoice	RES0027	1323	142	229
figshare-osce	whisper-distil-v3.5	sensevoice	RES0035	944	79	104
figshare-osce	whisper-distil-v3.5	sensevoice	RES0025	1342	167	266
figshare-osce	whisper-distil-v3.5	sensevoice	RES0032	1169	99	168
figshare-osce	whisper-distil-v3.5	sensevoice	RES0030	1158	115	160
figshare-osce	whisper-distil-v3.5	sensevoice	RES0031	1297	105	183
figshare-osce	whisper-distil-v3.5	sensevoice	RES0026	1504	146	226
figshare-osce	whisper-distil-v3.5	sensevoice	RES0033	1306	124	251
figshare-osce	whisper-distil-v3.5	sensevoice	RES0036	1368	133	221
figshare-osce	whisper-distil-v3.5	sensevoice	RES0042	1222	154	236
figshare-osce	whisper-distil-v3.5	sensevoice	RES0045	1158	83	172
figshare-osce	whisper-distil-v3.5	sensevoice	RES0037	1413	138	216
figshare-osce	whisper-distil-v3.5	sensevoice	RES0038	1504	137	238
figshare-osce	whisper-distil-v3.5	sensevoice	RES0022	1927	198	342
figshare-osce	whisper-distil-v3.5	sensevoice	RES0034	1627	141	245
figshare-osce	whisper-distil-v3.5	sensevoice	RES0043	1451	186	280
figshare-osce	whisper-distil-v3.5	sensevoice	RES0052	809	144	189
figshare-osce	whisper-distil-v3.5	sensevoice	RES0039	1635	151	232
figshare-osce	whisper-distil-v3.5	sensevoice	RES0050	1084	101	151
figshare-osce	whisper-distil-v3.5	sensevoice	RES0051	970	129	186
figshare-osce	whisper-distil-v3.5	sensevoice	RES0046	1532	133	251
figshare-osce	whisper-distil-v3.5	sensevoice	RES0047	1575	163	272
figshare-osce	whisper-distil-v3.5	sensevoice	RES0044	1776	134	302
figshare-osce	whisper-distil-v3.5	sensevoice	RES0048	1726	155	316
figshare-osce	whisper-distil-v3.5	sensevoice	RES0049	1555	155	285
figshare-osce	whisper-distil-v3.5	sensevoice	RES0056	1140	175	243
figshare-osce	whisper-distil-v3.5	sensevoice	RES0055	1328	248	347
figshare-osce	whisper-distil-v3.5	sensevoice	RES0057	1194	226	322
figshare-osce	whisper-distil-v3.5	sensevoice	RES0058	1462	241	338
figshare-osce	whisper-distil-v3.5	sensevoice	RES0059	1327	186	249
figshare-osce	whisper-distil-v3.5	sensevoice	RES0065	1064	145	205
figshare-osce	whisper-distil-v3.5	sensevoice	RES0067	912	122	186
figshare-osce	whisper-distil-v3.5	sensevoice	RES0064	1046	125	188
figshare-osce	whisper-distil-v3.5	sensevoice	RES0066	1160	144	215
figshare-osce	whisper-distil-v3.5	sensevoice	RES0069	994	112	175
figshare-osce	whisper-distil-v3.5	sensevoice	RES0060	1616	266	392
figshare-osce	whisper-distil-v3.5	sensevoice	RES0070	946	135	199
figshare-osce	whisper-distil-v3.5	sensevoice	RES0053	1906	353	512
figshare-osce	whisper-distil-v3.5	sensevoice	RES0068	1168	156	240
figshare-osce	whisper-distil-v3.5	sensevoice	RES0061	1701	221	389
figshare-osce	whisper-distil-v3.5	sensevoice	RES0063	1384	179	290
figshare-osce	whisper-distil-v3.5	sensevoice	RES0072	1150	180	252
figshare-osce	whisper-distil-v3.5	sensevoice	RES0079	815	123	186
figshare-osce	whisper-distil-v3.5	sensevoice	RES0071	1261	157	243
figshare-osce	whisper-distil-v3.5	sensevoice	RES0075	1070	125	209
figshare-osce	whisper-distil-v3.5	sensevoice	RES0074	1206	150	235
figshare-osce	whisper-distil-v3.5	sensevoice	RES0073	1303	153	234
figshare-osce	whisper-distil-v3.5	sensevoice	RES0062	1905	273	396
figshare-osce	whisper-distil-v3.5	sensevoice	RES0078	1092	158	253
figshare-osce	whisper-distil-v3.5	sensevoice	RES0054	2446	696	825
figshare-osce	whisper-distil-v3.5	sensevoice	RES0080	1179	157	265
figshare-osce	whisper-distil-v3.5	sensevoice	RES0082	891	129	217
figshare-osce	whisper-distil-v3.5	sensevoice	RES0083	962	124	189
figshare-osce	whisper-distil-v3.5	sensevoice	RES0085	923	98	181
figshare-osce	whisper-distil-v3.5	sensevoice	RES0076	1513	187	296
figshare-osce	whisper-distil-v3.5	sensevoice	RES0091	869	61	118
figshare-osce	whisper-distil-v3.5	sensevoice	RES0092	800	100	169
figshare-osce	whisper-distil-v3.5	sensevoice	RES0077	1585	215	344
figshare-osce	whisper-distil-v3.5	sensevoice	RES0081	1391	169	303
figshare-osce	whisper-distil-v3.5	sensevoice	RES0094	766	78	139
figshare-osce	whisper-distil-v3.5	sensevoice	RES0090	1160	81	148
figshare-osce	whisper-distil-v3.5	sensevoice	RES0087	1306	132	247
figshare-osce	whisper-distil-v3.5	sensevoice	RES0088	1336	146	219
figshare-osce	whisper-distil-v3.5	sensevoice	RES0086	1463	180	324
figshare-osce	whisper-distil-v3.5	sensevoice	RES0084	1516	158	258
figshare-osce	whisper-distil-v3.5	sensevoice	RES0096	1251	151	226
figshare-osce	whisper-distil-v3.5	sensevoice	RES0093	1543	185	319
figshare-osce	whisper-distil-v3.5	sensevoice	RES0097	1319	172	285
figshare-osce	whisper-distil-v3.5	sensevoice	RES0089	1749	174	284
figshare-osce	whisper-distil-v3.5	sensevoice	RES0095	1426	170	255
figshare-osce	whisper-distil-v3.5	sensevoice	RES0103	1063	113	185
figshare-osce	whisper-distil-v3.5	sensevoice	RES0098	1422	125	228
figshare-osce	whisper-distil-v3.5	sensevoice	RES0101	1379	142	242
figshare-osce	whisper-distil-v3.5	sensevoice	RES0109	817	72	129
figshare-osce	whisper-distil-v3.5	sensevoice	RES0099	1505	160	256
figshare-osce	whisper-distil-v3.5	sensevoice	RES0108	918	79	144
figshare-osce	whisper-distil-v3.5	sensevoice	RES0112	795	66	149
figshare-osce	whisper-distil-v3.5	sensevoice	RES0111	927	93	172
figshare-osce	whisper-distil-v3.5	sensevoice	RES0104	1511	144	246
figshare-osce	whisper-distil-v3.5	sensevoice	RES0106	1251	136	240
figshare-osce	whisper-distil-v3.5	sensevoice	RES0100	1710	138	252
figshare-osce	whisper-distil-v3.5	sensevoice	RES0105	1663	170	314
figshare-osce	whisper-distil-v3.5	sensevoice	RES0113	1043	94	166
figshare-osce	whisper-distil-v3.5	sensevoice	RES0117	920	81	152
figshare-osce	whisper-distil-v3.5	sensevoice	RES0110	1512	119	220
figshare-osce	whisper-distil-v3.5	sensevoice	RES0118	921	62	116
figshare-osce	whisper-distil-v3.5	sensevoice	RES0107	1520	157	302
figshare-osce	whisper-distil-v3.5	sensevoice	RES0102	1952	166	310
figshare-osce	whisper-distil-v3.5	sensevoice	RES0121	930	60	126
figshare-osce	whisper-distil-v3.5	sensevoice	RES0122	1005	67	146
figshare-osce	whisper-distil-v3.5	sensevoice	RES0120	1325	49	155
figshare-osce	whisper-distil-v3.5	sensevoice	RES0119	1302	92	201
figshare-osce	whisper-distil-v3.5	sensevoice	RES0114	1606	159	302
figshare-osce	whisper-distil-v3.5	sensevoice	RES0116	1533	130	232
figshare-osce	whisper-distil-v3.5	sensevoice	RES0128	1062	117	193
figshare-osce	whisper-distil-v3.5	sensevoice	RES0129	1040	103	180
figshare-osce	whisper-distil-v3.5	sensevoice	RES0131	1176	73	189
figshare-osce	whisper-distil-v3.5	sensevoice	RES0127	1418	160	236
figshare-osce	whisper-distil-v3.5	sensevoice	RES0132	1276	76	147
figshare-osce	whisper-distil-v3.5	sensevoice	RES0130	1282	79	176
figshare-osce	whisper-distil-v3.5	sensevoice	RES0123	1647	133	266
figshare-osce	whisper-distil-v3.5	sensevoice	RES0136	1211	80	147
figshare-osce	whisper-distil-v3.5	sensevoice	RES0133	1222	100	183
figshare-osce	whisper-distil-v3.5	sensevoice	RES0125	1576	86	200
figshare-osce	whisper-distil-v3.5	sensevoice	RES0135	1191	87	152
figshare-osce	whisper-distil-v3.5	sensevoice	RES0124	1675	106	215
figshare-osce	whisper-distil-v3.5	sensevoice	RES0142	758	73	117
figshare-osce	whisper-distil-v3.5	sensevoice	RES0141	949	89	162
figshare-osce	whisper-distil-v3.5	sensevoice	RES0126	1784	223	370
figshare-osce	whisper-distil-v3.5	sensevoice	RES0140	877	85	161
figshare-osce	whisper-distil-v3.5	sensevoice	RES0137	1216	97	219
figshare-osce	whisper-distil-v3.5	sensevoice	RES0139	1093	105	182
figshare-osce	whisper-distil-v3.5	sensevoice	RES0138	1118	96	157
figshare-osce	whisper-distil-v3.5	sensevoice	RES0146	870	107	156
figshare-osce	whisper-distil-v3.5	sensevoice	RES0134	1630	93	196
figshare-osce	whisper-distil-v3.5	sensevoice	RES0143	1080	88	162
figshare-osce	whisper-distil-v3.5	sensevoice	RES0144	1119	141	215
figshare-osce	whisper-distil-v3.5	sensevoice	RES0148	1101	147	211
figshare-osce	whisper-distil-v3.5	sensevoice	RES0153	1063	119	192
figshare-osce	whisper-distil-v3.5	sensevoice	RES0145	1277	162	252
figshare-osce	whisper-distil-v3.5	sensevoice	RES0152	1028	105	177
figshare-osce	whisper-distil-v3.5	sensevoice	RES0150	1099	142	235
figshare-osce	whisper-distil-v3.5	sensevoice	RES0151	1125	109	174
figshare-osce	whisper-distil-v3.5	sensevoice	RES0147	1234	153	238
figshare-osce	whisper-distil-v3.5	sensevoice	RES0154	922	111	160
figshare-osce	whisper-distil-v3.5	sensevoice	RES0149	1231	118	196
figshare-osce	whisper-distil-v3.5	sensevoice	RES0156	983	109	180
figshare-osce	whisper-distil-v3.5	sensevoice	RES0159	1060	97	175
figshare-osce	whisper-distil-v3.5	sensevoice	RES0158	1034	103	180
figshare-osce	whisper-distil-v3.5	sensevoice	RES0161	993	122	201
figshare-osce	whisper-distil-v3.5	sensevoice	RES0165	881	119	176
figshare-osce	whisper-distil-v3.5	sensevoice	RES0155	1380	158	271
figshare-osce	whisper-distil-v3.5	sensevoice	RES0160	1093	124	212
figshare-osce	whisper-distil-v3.5	sensevoice	RES0162	1183	137	236
figshare-osce	whisper-distil-v3.5	sensevoice	RES0166	1117	138	215
figshare-osce	whisper-distil-v3.5	sensevoice	RES0169	906	124	199
figshare-osce	whisper-distil-v3.5	sensevoice	RES0167	1132	120	207
figshare-osce	whisper-distil-v3.5	sensevoice	RES0164	1197	184	298
figshare-osce	whisper-distil-v3.5	sensevoice	RES0163	1155	137	226
figshare-osce	whisper-distil-v3.5	sensevoice	RES0168	1271	134	252
figshare-osce	whisper-distil-v3.5	sensevoice	RES0172	1148	147	235
figshare-osce	whisper-distil-v3.5	sensevoice	RES0175	979	101	174
figshare-osce	whisper-distil-v3.5	sensevoice	RES0171	1306	129	245
figshare-osce	whisper-distil-v3.5	sensevoice	RES0173	1210	163	266
figshare-osce	whisper-distil-v3.5	sensevoice	RES0182	919	117	162
figshare-osce	whisper-distil-v3.5	sensevoice	RES0176	1269	132	201
figshare-osce	whisper-distil-v3.5	sensevoice	RES0180	1020	121	208
figshare-osce	whisper-distil-v3.5	sensevoice	RES0181	1154	160	221
figshare-osce	whisper-distil-v3.5	sensevoice	RES0178	1082	142	220
figshare-osce	whisper-distil-v3.5	sensevoice	RES0170	1300	155	256
figshare-osce	whisper-distil-v3.5	sensevoice	RES0177	1151	125	208
figshare-osce	whisper-distil-v3.5	sensevoice	RES0179	1254	146	231
figshare-osce	whisper-distil-v3.5	sensevoice	RES0183	1178	148	221
figshare-osce	whisper-distil-v3.5	sensevoice	RES0184	946	122	166
figshare-osce	whisper-distil-v3.5	sensevoice	RES0174	1484	172	299
figshare-osce	whisper-distil-v3.5	sensevoice	RES0191	905	96	134
figshare-osce	whisper-distil-v3.5	sensevoice	RES0188	932	105	164
figshare-osce	whisper-distil-v3.5	sensevoice	RES0185	1026	126	211
figshare-osce	whisper-distil-v3.5	sensevoice	RES0186	1020	117	216
figshare-osce	whisper-distil-v3.5	sensevoice	RES0192	1243	137	199
figshare-osce	whisper-distil-v3.5	sensevoice	RES0198	833	73	117
figshare-osce	whisper-distil-v3.5	sensevoice	RES0196	910	114	178
figshare-osce	whisper-distil-v3.5	sensevoice	RES0187	1275	150	214
figshare-osce	whisper-distil-v3.5	sensevoice	RES0197	943	110	154
figshare-osce	whisper-distil-v3.5	sensevoice	RES0190	1263	126	184
figshare-osce	whisper-distil-v3.5	sensevoice	RES0189	1397	140	228
figshare-osce	whisper-distil-v3.5	sensevoice	RES0199	1118	130	190
figshare-osce	whisper-distil-v3.5	sensevoice	RES0193	1382	137	245
figshare-osce	whisper-distil-v3.5	sensevoice	RES0195	1297	137	211
figshare-osce	whisper-distil-v3.5	sensevoice	RES0194	1339	151	249
figshare-osce	whisper-distil-v3.5	sensevoice	RES0203	895	115	162
figshare-osce	whisper-distil-v3.5	sensevoice	RES0207	789	97	155
figshare-osce	whisper-distil-v3.5	sensevoice	RES0204	959	99	175
figshare-osce	whisper-distil-v3.5	sensevoice	RES0201	1024	138	202
figshare-osce	whisper-distil-v3.5	sensevoice	RES0205	1009	109	186
figshare-osce	whisper-distil-v3.5	sensevoice	RES0200	1316	193	269
figshare-osce	whisper-distil-v3.5	sensevoice	RES0209	1062	129	215
figshare-osce	whisper-distil-v3.5	sensevoice	RES0206	1309	186	269
figshare-osce	whisper-distil-v3.5	sensevoice	RES0210	1119	135	174
figshare-osce	whisper-distil-v3.5	sensevoice	RES0202	1472	189	282
figshare-osce	whisper-distil-v3.5	sensevoice	RES0214	1093	104	164
figshare-osce	whisper-distil-v3.5	sensevoice	RES0208	1254	142	282
figshare-osce	whisper-distil-v3.5	sensevoice	RES0212	1238	110	237
figshare-osce	whisper-distil-v3.5	sensevoice	RES0213	1383	100	289
figshare-osce	whisper-distil-v3.5	sensevoice	RES0215	1329	130	240
figshare-osce	whisper-distil-v3.5	sensevoice	RES0211	1355	179	299
figshare-osce	whisper-distil-v3.5	sensevoice-no-itn	CAR0004	896	100	142
figshare-osce	whisper-distil-v3.5	sensevoice-no-itn	CAR0001	1027	104	151
figshare-osce	whisper-distil-v3.5	sensevoice-no-itn	CAR0002	1043	105	148
figshare-osce	whisper-distil-v3.5	sensevoice	RES0217	1424	98	218
figshare-osce	whisper-distil-v3.5	sensevoice-no-itn	GAS0001	984	134	229
figshare-osce	whisper-distil-v3.5	sensevoice	RES0216	1531	101	247
figshare-osce	whisper-distil-v3.5	sensevoice-no-itn	GAS0003	1036	109	217
figshare-osce	whisper-distil-v3.5	sensevoice-no-itn	CAR0003	1259	114	154
figshare-osce	whisper-distil-v3.5	sensevoice-no-itn	CAR0005	1228	102	213
figshare-osce	whisper-distil-v3.5	sensevoice-no-itn	GAS0002	1103	89	152
figshare-osce	whisper-distil-v3.5	sensevoice-no-itn	GAS0007	884	120	155
figshare-osce	whisper-distil-v3.5	sensevoice-no-itn	MSK0001	960	108	155
figshare-osce	whisper-distil-v3.5	sensevoice-no-itn	GAS0004	1127	127	227
figshare-osce	whisper-distil-v3.5	sensevoice-no-itn	DER0001	1485	185	311
figshare-osce	whisper-distil-v3.5	sensevoice-no-itn	GEN0001	1093	79	158
figshare-osce	whisper-distil-v3.5	sensevoice-no-itn	MSK0004	1096	109	157
figshare-osce	whisper-distil-v3.5	sensevoice-no-itn	GAS0005	1541	157	266
figshare-osce	whisper-distil-v3.5	sensevoice-no-itn	MSK0008	1391	168	213
figshare-osce	whisper-distil-v3.5	sensevoice-no-itn	MSK0007	1333	133	183
figshare-osce	whisper-distil-v3.5	sensevoice-no-itn	MSK0003	1810	168	275
figshare-osce	whisper-distil-v3.5	sensevoice-no-itn	MSK0005	1462	143	232
figshare-osce	whisper-distil-v3.5	sensevoice-no-itn	MSK0010	1473	122	183
figshare-osce	whisper-distil-v3.5	sensevoice-no-itn	MSK0011	1501	167	230
figshare-osce	whisper-distil-v3.5	sensevoice-no-itn	MSK0013	1562	141	234
figshare-osce	whisper-distil-v3.5	sensevoice-no-itn	MSK0009	1520	175	267
figshare-osce	whisper-distil-v3.5	sensevoice-no-itn	MSK0018	940	65	129
figshare-osce	whisper-distil-v3.5	sensevoice-no-itn	MSK0012	1600	133	233
figshare-osce	whisper-distil-v3.5	sensevoice-no-itn	MSK0006	1720	165	275
figshare-osce	whisper-distil-v3.5	sensevoice-no-itn	MSK0014	1529	142	235
figshare-osce	whisper-distil-v3.5	sensevoice-no-itn	MSK0024	1162	91	152
figshare-osce	whisper-distil-v3.5	sensevoice-no-itn	MSK0019	1298	78	158
figshare-osce	whisper-distil-v3.5	sensevoice-no-itn	MSK0020	1636	167	262
figshare-osce	whisper-distil-v3.5	sensevoice-no-itn	MSK0023	1181	109	201
figshare-osce	whisper-distil-v3.5	sensevoice-no-itn	MSK0015	1576	173	254
figshare-osce	whisper-distil-v3.5	sensevoice-no-itn	MSK0025	1511	114	245
figshare-osce	whisper-distil-v3.5	sensevoice-no-itn	MSK0017	1681	147	256
figshare-osce	whisper-distil-v3.5	sensevoice-no-itn	MSK0026	1338	136	180
figshare-osce	whisper-distil-v3.5	sensevoice-no-itn	MSK0027	1331	150	236
figshare-osce	whisper-distil-v3.5	sensevoice-no-itn	MSK0031	1247	120	213
figshare-osce	whisper-distil-v3.5	sensevoice-no-itn	MSK0021	1691	201	312
figshare-osce	whisper-distil-v3.5	sensevoice-no-itn	MSK0032	1154	53	138
figshare-osce	whisper-distil-v3.5	sensevoice-no-itn	MSK0016	1999	163	290
figshare-osce	whisper-distil-v3.5	sensevoice-no-itn	MSK0034	1417	138	206
figshare-osce	whisper-distil-v3.5	sensevoice-no-itn	MSK0028	1785	157	265
figshare-osce	whisper-distil-v3.5	sensevoice-no-itn	MSK0033	1621	146	288
figshare-osce	whisper-distil-v3.5	sensevoice-no-itn	MSK0039	1367	112	187
figshare-osce	whisper-distil-v3.5	sensevoice-no-itn	MSK0022	2091	194	337
figshare-osce	whisper-distil-v3.5	sensevoice-no-itn	MSK0035	1549	170	250
figshare-osce	whisper-distil-v3.5	sensevoice-no-itn	MSK0036	1714	160	243
figshare-osce	whisper-distil-v3.5	sensevoice-no-itn	MSK0042	1471	99	204
figshare-osce	whisper-distil-v3.5	sensevoice-no-itn	MSK0040	1446	129	214
figshare-osce	whisper-distil-v3.5	sensevoice-no-itn	MSK0043	1694	127	276
figshare-osce	whisper-distil-v3.5	sensevoice-no-itn	MSK0038	1828	153	286
figshare-osce	whisper-distil-v3.5	sensevoice-no-itn	MSK0037	1620	163	293
figshare-osce	whisper-distil-v3.5	sensevoice-no-itn	MSK0044	1132	87	175
figshare-osce	whisper-distil-v3.5	sensevoice-no-itn	MSK0041	1543	152	228
figshare-osce	whisper-distil-v3.5	sensevoice-no-itn	MSK0029	2186	234	375
figshare-osce	whisper-distil-v3.5	sensevoice-no-itn	MSK0046	1188	115	189
figshare-osce	whisper-distil-v3.5	sensevoice-no-itn	RES0003	1213	105	201
figshare-osce	whisper-distil-v3.5	sensevoice-no-itn	RES0001	1469	177	281
figshare-osce	whisper-distil-v3.5	sensevoice-no-itn	RES0002	1144	321	361
figshare-osce	whisper-distil-v3.5	sensevoice-no-itn	MSK0050	1257	108	163
figshare-osce	whisper-distil-v3.5	sensevoice-no-itn	MSK0045	1354	115	206
figshare-osce	whisper-distil-v3.5	sensevoice-no-itn	MSK0049	1333	129	198
figshare-osce	whisper-distil-v3.5	sensevoice-no-itn	RES0010	1018	131	227
figshare-osce	whisper-distil-v3.5	sensevoice-no-itn	RES0004	1650	194	350
figshare-osce	whisper-distil-v3.5	sensevoice-no-itn	RES0006	1207	142	198
figshare-osce	whisper-distil-v3.5	sensevoice-no-itn	RES0008	1129	116	193
figshare-osce	whisper-distil-v3.5	sensevoice-no-itn	RES0005	1578	138	267
figshare-osce	whisper-distil-v3.5	sensevoice-no-itn	RES0011	1573	154	298
figshare-osce	whisper-distil-v3.5	sensevoice-no-itn	RES0009	1372	135	283
figshare-osce	whisper-distil-v3.5	sensevoice-no-itn	RES0013	1325	131	273
figshare-osce	whisper-distil-v3.5	sensevoice-no-itn	RES0016	1287	112	190
figshare-osce	whisper-distil-v3.5	sensevoice-no-itn	RES0014	1383	134	233
figshare-osce	whisper-distil-v3.5	sensevoice-no-itn	RES0018	1294	127	207
figshare-osce	whisper-distil-v3.5	sensevoice-no-itn	RES0021	1226	148	202
figshare-osce	whisper-distil-v3.5	sensevoice-no-itn	RES0020	1386	138	196
figshare-osce	whisper-distil-v3.5	sensevoice-no-itn	RES0019	1300	142	196
figshare-osce	whisper-distil-v3.5	sensevoice-no-itn	RES0015	1551	136	240
figshare-osce	whisper-distil-v3.5	sensevoice-no-itn	RES0007	1811	166	291
figshare-osce	whisper-distil-v3.5	sensevoice-no-itn	RES0017	1698	158	263
figshare-osce	whisper-distil-v3.5	sensevoice-no-itn	RES0023	1054	161	238
figshare-osce	whisper-distil-v3.5	sensevoice-no-itn	RES0024	969	118	186
figshare-osce	whisper-distil-v3.5	sensevoice-no-itn	RES0029	787	76	109
figshare-osce	whisper-distil-v3.5	sensevoice-no-itn	RES0028	1130	115	157
figshare-osce	whisper-distil-v3.5	sensevoice-no-itn	RES0032	1169	98	167
figshare-osce	whisper-distil-v3.5	sensevoice-no-itn	RES0027	1323	143	230
figshare-osce	whisper-distil-v3.5	sensevoice-no-itn	RES0025	1342	168	268
figshare-osce	whisper-distil-v3.5	sensevoice-no-itn	RES0030	1158	116	161
figshare-osce	whisper-distil-v3.5	sensevoice-no-itn	RES0035	944	78	103
figshare-osce	whisper-distil-v3.5	sensevoice-no-itn	RES0031	1297	105	183
figshare-osce	whisper-distil-v3.5	sensevoice-no-itn	RES0012	2058	239	446
figshare-osce	whisper-distil-v3.5	sensevoice-no-itn	RES0033	1306	121	249
figshare-osce	whisper-distil-v3.5	sensevoice-no-itn	RES0026	1504	153	234
figshare-osce	whisper-distil-v3.5	sensevoice-no-itn	RES0037	1413	139	217
figshare-osce	whisper-distil-v3.5	sensevoice-no-itn	RES0022	1927	195	339
figshare-osce	whisper-distil-v3.5	sensevoice-no-itn	RES0038	1504	134	236
figshare-osce	whisper-distil-v3.5	sensevoice-no-itn	RES0042	1222	149	231
figshare-osce	whisper-distil-v3.5	sensevoice-no-itn	RES0036	1368	134	220
figshare-osce	whisper-distil-v3.5	sensevoice-no-itn	RES0039	1635	154	235
figshare-osce	whisper-distil-v3.5	sensevoice-no-itn	RES0045	1158	79	172
figshare-osce	whisper-distil-v3.5	sensevoice-no-itn	RES0034	1627	140	245
figshare-osce	whisper-distil-v3.5	sensevoice-no-itn	RES0046	1532	129	250
figshare-osce	whisper-distil-v3.5	sensevoice-no-itn	RES0043	1451	187	282
figshare-osce	whisper-distil-v3.5	sensevoice-no-itn	RES0044	1776	136	302
figshare-osce	whisper-distil-v3.5	sensevoice-no-itn	RES0052	809	147	192
figshare-osce	whisper-distil-v3.5	sensevoice-no-itn	RES0051	970	130	187
figshare-osce	whisper-distil-v3.5	sensevoice-no-itn	RES0050	1084	101	151
figshare-osce	whisper-distil-v3.5	sensevoice-no-itn	RES0056	1140	175	244
figshare-osce	whisper-distil-v3.5	sensevoice-no-itn	RES0047	1575	163	272
figshare-osce	whisper-distil-v3.5	sensevoice-no-itn	RES0058	1462	238	337
figshare-osce	whisper-distil-v3.5	sensevoice-no-itn	RES0057	1194	227	323
figshare-osce	whisper-distil-v3.5	sensevoice-no-itn	RES0049	1555	152	283
figshare-osce	whisper-distil-v3.5	sensevoice-no-itn	RES0055	1328	255	354
figshare-osce	whisper-distil-v3.5	sensevoice-no-itn	RES0059	1327	188	251
figshare-osce	whisper-distil-v3.5	sensevoice-no-itn	RES0048	1726	155	316
figshare-osce	whisper-distil-v3.5	sensevoice-no-itn	RES0064	1046	124	187
figshare-osce	whisper-distil-v3.5	sensevoice-no-itn	RES0053	1906	354	513
figshare-osce	whisper-distil-v3.5	sensevoice-no-itn	RES0067	912	126	190
figshare-osce	whisper-distil-v3.5	sensevoice-no-itn	RES0065	1064	148	207
figshare-osce	whisper-distil-v3.5	sensevoice-no-itn	RES0070	946	135	198
figshare-osce	whisper-distil-v3.5	sensevoice-no-itn	RES0069	994	113	176
figshare-osce	whisper-distil-v3.5	sensevoice-no-itn	RES0066	1160	147	216
figshare-osce	whisper-distil-v3.5	sensevoice-no-itn	RES0063	1384	184	295
figshare-osce	whisper-distil-v3.5	sensevoice-no-itn	RES0060	1616	272	397
figshare-osce	whisper-distil-v3.5	sensevoice-no-itn	RES0062	1905	285	408
figshare-osce	whisper-distil-v3.5	sensevoice-no-itn	RES0068	1168	160	243
figshare-osce	whisper-distil-v3.5	sensevoice-no-itn	RES0061	1701	225	393
figshare-osce	whisper-distil-v3.5	sensevoice-no-itn	RES0079	815	123	186
figshare-osce	whisper-distil-v3.5	sensevoice-no-itn	RES0074	1206	153	238
figshare-osce	whisper-distil-v3.5	sensevoice-no-itn	RES0071	1261	165	251
figshare-osce	whisper-distil-v3.5	sensevoice-no-itn	RES0072	1150	179	251
figshare-osce	whisper-distil-v3.5	sensevoice-no-itn	RES0075	1070	125	209
figshare-osce	whisper-distil-v3.5	sensevoice-no-itn	RES0054	2446	702	831
figshare-osce	whisper-distil-v3.5	sensevoice-no-itn	RES0082	891	131	219
figshare-osce	whisper-distil-v3.5	sensevoice-no-itn	RES0083	962	122	187
figshare-osce	whisper-distil-v3.5	sensevoice-no-itn	RES0078	1092	157	252
figshare-osce	whisper-distil-v3.5	sensevoice-no-itn	RES0073	1303	159	242
figshare-osce	whisper-distil-v3.5	sensevoice-no-itn	RES0085	923	105	187
figshare-osce	whisper-distil-v3.5	sensevoice-no-itn	RES0076	1513	190	300
figshare-osce	whisper-distil-v3.5	sensevoice-no-itn	RES0080	1179	155	264
figshare-osce	whisper-distil-v3.5	sensevoice-no-itn	RES0092	800	102	171
figshare-osce	whisper-distil-v3.5	sensevoice-no-itn	RES0091	869	58	115
figshare-osce	whisper-distil-v3.5	sensevoice-no-itn	RES0081	1391	170	305
figshare-osce	whisper-distil-v3.5	sensevoice-no-itn	RES0084	1516	161	261
figshare-osce	whisper-distil-v3.5	sensevoice-no-itn	RES0094	766	79	140
figshare-osce	whisper-distil-v3.5	sensevoice-no-itn	RES0090	1160	79	147
figshare-osce	whisper-distil-v3.5	sensevoice-no-itn	RES0087	1306	138	253
figshare-osce	whisper-distil-v3.5	sensevoice-no-itn	RES0077	1585	218	347
figshare-osce	whisper-distil-v3.5	sensevoice-no-itn	RES0088	1336	146	219
figshare-osce	whisper-distil-v3.5	sensevoice-no-itn	RES0089	1749	172	282
figshare-osce	whisper-distil-v3.5	sensevoice-no-itn	RES0086	1463	182	325
figshare-osce	whisper-distil-v3.5	sensevoice-no-itn	RES0095	1426	169	254
figshare-osce	whisper-distil-v3.5	sensevoice-no-itn	RES0096	1251	153	226
figshare-osce	whisper-distil-v3.5	sensevoice-no-itn	RES0098	1422	125	230
figshare-osce	whisper-distil-v3.5	sensevoice-no-itn	RES0097	1319	173	286
figshare-osce	whisper-distil-v3.5	sensevoice-no-itn	RES0093	1543	179	313
figshare-osce	whisper-distil-v3.5	sensevoice-no-itn	RES0108	918	82	147
figshare-osce	whisper-distil-v3.5	sensevoice-no-itn	RES0103	1063	112	184
figshare-osce	whisper-distil-v3.5	sensevoice-no-itn	RES0109	817	74	132
figshare-osce	whisper-distil-v3.5	sensevoice-no-itn	RES0106	1251	135	238
figshare-osce	whisper-distil-v3.5	sensevoice-no-itn	RES0101	1379	139	238
figshare-osce	whisper-distil-v3.5	sensevoice-no-itn	RES0104	1511	144	246
figshare-osce	whisper-distil-v3.5	sensevoice-no-itn	RES0099	1505	161	257
figshare-osce	whisper-distil-v3.5	sensevoice-no-itn	RES0111	927	90	169
figshare-osce	whisper-distil-v3.5	sensevoice-no-itn	RES0112	795	66	149
figshare-osce	whisper-distil-v3.5	sensevoice-no-itn	RES0113	1043	96	170
figshare-osce	whisper-distil-v3.5	sensevoice-no-itn	RES0117	920	81	152
figshare-osce	whisper-distil-v3.5	sensevoice-no-itn	RES0105	1663	175	319
figshare-osce	whisper-distil-v3.5	sensevoice-no-itn	RES0118	921	62	116
figshare-osce	whisper-distil-v3.5	sensevoice-no-itn	RES0100	1710	139	253
figshare-osce	whisper-distil-v3.5	sensevoice-no-itn	RES0119	1302	93	202
figshare-osce	whisper-distil-v3.5	sensevoice-no-itn	RES0122	1005	68	146
figshare-osce	whisper-distil-v3.5	sensevoice-no-itn	RES0107	1520	161	307
figshare-osce	whisper-distil-v3.5	sensevoice-no-itn	RES0110	1512	120	221
figshare-osce	whisper-distil-v3.5	sensevoice-no-itn	RES0121	930	61	127
figshare-osce	whisper-distil-v3.5	sensevoice-no-itn	RES0102	1952	165	309
figshare-osce	whisper-distil-v3.5	sensevoice-no-itn	RES0129	1040	104	181
figshare-osce	whisper-distil-v3.5	sensevoice-no-itn	RES0120	1325	48	154
figshare-osce	whisper-distil-v3.5	sensevoice-no-itn	RES0116	1533	131	233
figshare-osce	whisper-distil-v3.5	sensevoice-no-itn	RES0114	1606	160	306
figshare-osce	whisper-distil-v3.5	sensevoice-no-itn	RES0128	1062	118	194
figshare-osce	whisper-distil-v3.5	sensevoice-no-itn	RES0127	1418	160	239
figshare-osce	whisper-distil-v3.5	sensevoice-no-itn	RES0132	1276	76	148
figshare-osce	whisper-distil-v3.5	sensevoice-no-itn	RES0130	1282	82	178
figshare-osce	whisper-distil-v3.5	sensevoice-no-itn	RES0123	1647	130	266
figshare-osce	whisper-distil-v3.5	sensevoice-no-itn	RES0126	1784	223	370
figshare-osce	whisper-distil-v3.5	sensevoice-no-itn	RES0131	1176	75	191
figshare-osce	whisper-distil-v3.5	sensevoice-no-itn	RES0125	1576	87	203
figshare-osce	whisper-distil-v3.5	sensevoice-no-itn	RES0133	1222	100	183
figshare-osce	whisper-distil-v3.5	sensevoice-no-itn	RES0137	1216	97	222
figshare-osce	whisper-distil-v3.5	sensevoice-no-itn	RES0124	1675	106	215
figshare-osce	whisper-distil-v3.5	sensevoice-no-itn	RES0138	1118	95	156
figshare-osce	whisper-distil-v3.5	sensevoice-no-itn	RES0141	949	91	163
figshare-osce	whisper-distil-v3.5	sensevoice-no-itn	RES0135	1191	84	149
figshare-osce	whisper-distil-v3.5	sensevoice-no-itn	RES0142	758	72	116
figshare-osce	whisper-distil-v3.5	sensevoice-no-itn	RES0140	877	85	161
figshare-osce	whisper-distil-v3.5	sensevoice-no-itn	RES0136	1211	80	149
figshare-osce	whisper-distil-v3.5	sensevoice-no-itn	RES0139	1093	104	184
figshare-osce	whisper-distil-v3.5	sensevoice-no-itn	RES0146	870	106	155
figshare-osce	whisper-distil-v3.5	sensevoice-no-itn	RES0148	1101	144	209
figshare-osce	whisper-distil-v3.5	sensevoice-no-itn	RES0143	1080	89	163
figshare-osce	whisper-distil-v3.5	sensevoice-no-itn	RES0145	1277	163	253
figshare-osce	whisper-distil-v3.5	sensevoice-no-itn	RES0147	1234	151	236
figshare-osce	whisper-distil-v3.5	sensevoice-no-itn	RES0144	1119	139	215
figshare-osce	whisper-distil-v3.5	sensevoice-no-itn	RES0134	1630	92	195
figshare-osce	whisper-distil-v3.5	sensevoice-no-itn	RES0150	1099	142	235
figshare-osce	whisper-distil-v3.5	sensevoice-no-itn	RES0154	922	108	157
figshare-osce	whisper-distil-v3.5	sensevoice-no-itn	RES0149	1231	115	194
figshare-osce	whisper-distil-v3.5	sensevoice-no-itn	RES0158	1034	100	178
figshare-osce	whisper-distil-v3.5	sensevoice-no-itn	RES0151	1125	110	175
figshare-osce	whisper-distil-v3.5	sensevoice-no-itn	RES0152	1028	106	178
figshare-osce	whisper-distil-v3.5	sensevoice-no-itn	RES0159	1060	96	174
figshare-osce	whisper-distil-v3.5	sensevoice-no-itn	RES0153	1063	119	192
figshare-osce	whisper-distil-v3.5	sensevoice-no-itn	RES0156	983	108	179
figshare-osce	whisper-distil-v3.5	sensevoice-no-itn	RES0155	1380	157	269
figshare-osce	whisper-distil-v3.5	sensevoice-no-itn	RES0165	881	117	175
figshare-osce	whisper-distil-v3.5	sensevoice-no-itn	RES0160	1093	126	213
figshare-osce	whisper-distil-v3.5	sensevoice-no-itn	RES0161	993	120	198
figshare-osce	whisper-distil-v3.5	sensevoice-no-itn	RES0169	906	119	194
figshare-osce	whisper-distil-v3.5	sensevoice-no-itn	RES0168	1271	135	253
figshare-osce	whisper-distil-v3.5	sensevoice-no-itn	RES0162	1183	136	235
figshare-osce	whisper-distil-v3.5	sensevoice-no-itn	RES0172	1148	144	232
figshare-osce	whisper-distil-v3.5	sensevoice-no-itn	RES0166	1117	134	213
figshare-osce	whisper-distil-v3.5	sensevoice-no-itn	RES0163	1155	134	222
figshare-osce	whisper-distil-v3.5	sensevoice-no-itn	RES0167	1132	121	208
figshare-osce	whisper-distil-v3.5	sensevoice-no-itn	RES0164	1197	184	299
figshare-osce	whisper-distil-v3.5	sensevoice-no-itn	RES0171	1306	131	247
figshare-osce	whisper-distil-v3.5	sensevoice-no-itn	RES0170	1300	151	252
figshare-osce	whisper-distil-v3.5	sensevoice-no-itn	RES0175	979	101	174
figshare-osce	whisper-distil-v3.5	sensevoice-no-itn	RES0178	1082	137	218
figshare-osce	whisper-distil-v3.5	sensevoice-no-itn	RES0176	1269	133	202
figshare-osce	whisper-distil-v3.5	sensevoice-no-itn	RES0173	1210	160	266
figshare-osce	whisper-distil-v3.5	sensevoice-no-itn	RES0182	919	118	160
figshare-osce	whisper-distil-v3.5	sensevoice-no-itn	RES0180	1020	121	208
figshare-osce	whisper-distil-v3.5	sensevoice-no-itn	RES0183	1178	148	221
figshare-osce	whisper-distil-v3.5	sensevoice-no-itn	RES0177	1151	126	209
figshare-osce	whisper-distil-v3.5	sensevoice-no-itn	RES0181	1154	160	221
figshare-osce	whisper-distil-v3.5	sensevoice-no-itn	RES0186	1020	119	219
figshare-osce	whisper-distil-v3.5	sensevoice-no-itn	RES0184	946	122	167
figshare-osce	whisper-distil-v3.5	sensevoice-no-itn	RES0179	1254	148	232
figshare-osce	whisper-distil-v3.5	sensevoice-no-itn	RES0174	1484	169	297
figshare-osce	whisper-distil-v3.5	sensevoice-no-itn	RES0191	905	98	136
figshare-osce	whisper-distil-v3.5	sensevoice-no-itn	RES0185	1026	126	211
figshare-osce	whisper-distil-v3.5	sensevoice-no-itn	RES0188	932	105	164
figshare-osce	whisper-distil-v3.5	sensevoice-no-itn	RES0187	1275	144	209
figshare-osce	whisper-distil-v3.5	sensevoice-no-itn	RES0198	833	72	116
figshare-osce	whisper-distil-v3.5	sensevoice-no-itn	RES0196	910	113	177
figshare-osce	whisper-distil-v3.5	sensevoice-no-itn	RES0197	943	111	155
figshare-osce	whisper-distil-v3.5	sensevoice-no-itn	RES0190	1263	125	183
figshare-osce	whisper-distil-v3.5	sensevoice-no-itn	RES0192	1243	138	200
figshare-osce	whisper-distil-v3.5	sensevoice-no-itn	RES0201	1024	136	200
figshare-osce	whisper-distil-v3.5	sensevoice-no-itn	RES0199	1118	129	190
figshare-osce	whisper-distil-v3.5	sensevoice-no-itn	RES0194	1339	155	255
figshare-osce	whisper-distil-v3.5	sensevoice-no-itn	RES0189	1397	142	230
figshare-osce	whisper-distil-v3.5	sensevoice-no-itn	RES0204	959	100	176
figshare-osce	whisper-distil-v3.5	sensevoice-no-itn	RES0205	1009	106	183
figshare-osce	whisper-distil-v3.5	sensevoice-no-itn	RES0203	895	117	165
figshare-osce	whisper-distil-v3.5	sensevoice-no-itn	RES0195	1297	137	211
figshare-osce	whisper-distil-v3.5	sensevoice-no-itn	RES0193	1382	135	241
figshare-osce	whisper-distil-v3.5	sensevoice-no-itn	RES0207	789	100	158
figshare-osce	whisper-distil-v3.5	sensevoice-no-itn	RES0200	1316	191	267
figshare-osce	whisper-distil-v3.5	sensevoice-no-itn	RES0209	1062	127	213
figshare-osce	whisper-distil-v3.5	sensevoice-no-itn	RES0202	1472	189	282
figshare-osce	whisper-distil-v3.5	sensevoice-no-itn	RES0212	1238	111	241
figshare-osce	whisper-distil-v3.5	sensevoice-no-itn	RES0210	1119	134	174
figshare-osce	whisper-distil-v3.5	sensevoice-no-itn	RES0214	1093	106	166
figshare-osce	whisper-distil-v3.5	sensevoice-no-itn	RES0206	1309	186	269
figshare-osce	whisper-distil-v3.5	qwen3-asr	CAR0001	1027	99	147
figshare-osce	whisper-distil-v3.5	sensevoice-no-itn	RES0208	1254	143	283
figshare-osce	whisper-distil-v3.5	sensevoice-no-itn	RES0213	1383	98	286
figshare-osce	whisper-distil-v3.5	sensevoice-no-itn	RES0211	1355	181	302
figshare-osce	whisper-distil-v3.5	qwen3-asr	CAR0002	1043	99	142
figshare-osce	whisper-distil-v3.5	qwen3-asr	GAS0001	984	125	223
figshare-osce	whisper-distil-v3.5	qwen3-asr	CAR0004	896	103	148
figshare-osce	whisper-distil-v3.5	sensevoice-no-itn	RES0215	1329	128	240
figshare-osce	whisper-distil-v3.5	qwen3-asr	CAR0003	1259	113	154
figshare-osce	whisper-distil-v3.5	sensevoice-no-itn	RES0217	1424	96	218
figshare-osce	whisper-distil-v3.5	qwen3-asr	GAS0007	884	112	147
figshare-osce	whisper-distil-v3.5	qwen3-asr	GAS0003	1036	115	220
figshare-osce	whisper-distil-v3.5	qwen3-asr	GAS0002	1103	87	149
figshare-osce	whisper-distil-v3.5	sensevoice-no-itn	RES0216	1531	100	246
figshare-osce	whisper-distil-v3.5	qwen3-asr	MSK0001	960	110	158
figshare-osce	whisper-distil-v3.5	qwen3-asr	CAR0005	1228	96	212
figshare-osce	whisper-distil-v3.5	qwen3-asr	GAS0004	1127	121	221
figshare-osce	whisper-distil-v3.5	qwen3-asr	GEN0001	1093	79	160
figshare-osce	whisper-distil-v3.5	qwen3-asr	DER0001	1485	189	315
figshare-osce	whisper-distil-v3.5	qwen3-asr	MSK0004	1096	110	163
figshare-osce	whisper-distil-v3.5	qwen3-asr	GAS0005	1541	154	263
figshare-osce	whisper-distil-v3.5	qwen3-asr	MSK0007	1333	138	188
figshare-osce	whisper-distil-v3.5	qwen3-asr	MSK0010	1473	126	187
figshare-osce	whisper-distil-v3.5	qwen3-asr	MSK0003	1810	165	271
figshare-osce	whisper-distil-v3.5	qwen3-asr	MSK0005	1462	142	232
figshare-osce	whisper-distil-v3.5	qwen3-asr	MSK0008	1391	177	224
figshare-osce	whisper-distil-v3.5	qwen3-asr	MSK0009	1520	180	272
figshare-osce	whisper-distil-v3.5	qwen3-asr	MSK0011	1501	169	233
figshare-osce	whisper-distil-v3.5	qwen3-asr	MSK0018	940	71	132
figshare-osce	whisper-distil-v3.5	qwen3-asr	MSK0006	1720	169	282
figshare-osce	whisper-distil-v3.5	qwen3-asr	MSK0012	1600	129	235
figshare-osce	whisper-distil-v3.5	qwen3-asr	MSK0014	1529	146	237
figshare-osce	whisper-distil-v3.5	qwen3-asr	MSK0013	1562	145	239
figshare-osce	whisper-distil-v3.5	qwen3-asr	MSK0015	1576	174	259
figshare-osce	whisper-distil-v3.5	qwen3-asr	MSK0019	1298	81	161
figshare-osce	whisper-distil-v3.5	qwen3-asr	MSK0023	1181	103	194
figshare-osce	whisper-distil-v3.5	qwen3-asr	MSK0017	1681	151	262
figshare-osce	whisper-distil-v3.5	qwen3-asr	MSK0024	1162	96	159
figshare-osce	whisper-distil-v3.5	qwen3-asr	MSK0025	1511	121	256
figshare-osce	whisper-distil-v3.5	qwen3-asr	MSK0020	1636	175	269
figshare-osce	whisper-distil-v3.5	qwen3-asr	MSK0021	1691	212	326
figshare-osce	whisper-distil-v3.5	qwen3-asr	MSK0026	1338	136	183
figshare-osce	whisper-distil-v3.5	qwen3-asr	MSK0027	1331	161	247
figshare-osce	whisper-distil-v3.5	qwen3-asr	MSK0032	1154	62	144
figshare-osce	whisper-distil-v3.5	qwen3-asr	MSK0031	1247	113	215
figshare-osce	whisper-distil-v3.5	qwen3-asr	MSK0016	1999	177	299
figshare-osce	whisper-distil-v3.5	qwen3-asr	MSK0033	1621	143	282
figshare-osce	whisper-distil-v3.5	qwen3-asr	MSK0034	1417	141	215
figshare-osce	whisper-distil-v3.5	qwen3-asr	MSK0028	1785	161	270
figshare-osce	whisper-distil-v3.5	qwen3-asr	MSK0022	2091	1166	1312
figshare-osce	whisper-distil-v3.5	qwen3-asr	MSK0035	1549	171	254
figshare-osce	whisper-distil-v3.5	qwen3-asr	MSK0039	1367	111	187
figshare-osce	whisper-distil-v3.5	qwen3-asr	MSK0040	1446	134	219
figshare-osce	whisper-distil-v3.5	qwen3-asr	MSK0036	1714	168	253
figshare-osce	whisper-distil-v3.5	qwen3-asr	MSK0044	1132	89	176
figshare-osce	whisper-distil-v3.5	qwen3-asr	MSK0029	2186	239	382
figshare-osce	whisper-distil-v3.5	qwen3-asr	MSK0037	1620	182	312
figshare-osce	whisper-distil-v3.5	qwen3-asr	MSK0041	1543	160	236
figshare-osce	whisper-distil-v3.5	qwen3-asr	MSK0042	1471	93	198
figshare-osce	whisper-distil-v3.5	qwen3-asr	MSK0038	1828	162	300
figshare-osce	whisper-distil-v3.5	qwen3-asr	RES0002	1144	328	372
figshare-osce	whisper-distil-v3.5	qwen3-asr	MSK0043	1694	121	276
figshare-osce	whisper-distil-v3.5	qwen3-asr	RES0003	1213	112	208
figshare-osce	whisper-distil-v3.5	qwen3-asr	MSK0046	1188	124	196
figshare-osce	whisper-distil-v3.5	qwen3-asr	MSK0045	1354	113	204
figshare-osce	whisper-distil-v3.5	qwen3-asr	MSK0049	1333	143	213
figshare-osce	whisper-distil-v3.5	qwen3-asr	MSK0050	1257	115	170
figshare-osce	whisper-distil-v3.5	qwen3-asr	RES0006	1207	137	196
figshare-osce	whisper-distil-v3.5	qwen3-asr	RES0010	1018	126	229
figshare-osce	whisper-distil-v3.5	qwen3-asr	RES0005	1578	144	276
figshare-osce	whisper-distil-v3.5	qwen3-asr	RES0008	1129	124	200
figshare-osce	whisper-distil-v3.5	qwen3-asr	RES0009	1372	142	292
figshare-osce	whisper-distil-v3.5	qwen3-asr	RES0001	1469	174	278
figshare-osce	whisper-distil-v3.5	qwen3-asr	RES0016	1287	116	194
figshare-osce	whisper-distil-v3.5	qwen3-asr	RES0015	1551	141	246
figshare-osce	whisper-distil-v3.5	qwen3-asr	RES0013	1325	128	276
figshare-osce	whisper-distil-v3.5	qwen3-asr	RES0004	1650	193	350
figshare-osce	whisper-distil-v3.5	qwen3-asr	RES0014	1383	128	228
figshare-osce	whisper-distil-v3.5	qwen3-asr	RES0019	1300	141	196
figshare-osce	whisper-distil-v3.5	qwen3-asr	RES0011	1573	152	302
figshare-osce	whisper-distil-v3.5	qwen3-asr	RES0007	1811	172	297
figshare-osce	whisper-distil-v3.5	qwen3-asr	RES0023	1054	158	239
figshare-osce	whisper-distil-v3.5	qwen3-asr	RES0018	1294	121	204
figshare-osce	whisper-distil-v3.5	qwen3-asr	RES0021	1226	135	198
figshare-osce	whisper-distil-v3.5	qwen3-asr	RES0024	969	116	184
figshare-osce	whisper-distil-v3.5	qwen3-asr	RES0017	1698	166	271
figshare-osce	whisper-distil-v3.5	qwen3-asr	RES0029	787	75	114
figshare-osce	whisper-distil-v3.5	qwen3-asr	RES0020	1386	138	195
figshare-osce	whisper-distil-v3.5	qwen3-asr	RES0028	1130	111	155
figshare-osce	whisper-distil-v3.5	qwen3-asr	RES0026	1504	157	241
figshare-osce	whisper-distil-v3.5	qwen3-asr	RES0012	2058	239	449
figshare-osce	whisper-distil-v3.5	qwen3-asr	RES0027	1323	150	238
figshare-osce	whisper-distil-v3.5	qwen3-asr	RES0025	1342	171	271
figshare-osce	whisper-distil-v3.5	qwen3-asr	RES0030	1158	110	154
figshare-osce	whisper-distil-v3.5	qwen3-asr	RES0033	1306	121	250
figshare-osce	whisper-distil-v3.5	qwen3-asr	RES0035	944	82	109
figshare-osce	whisper-distil-v3.5	qwen3-asr	RES0032	1169	98	169
figshare-osce	whisper-distil-v3.5	qwen3-asr	RES0031	1297	104	190
figshare-osce	whisper-distil-v3.5	qwen3-asr	RES0036	1368	133	230
figshare-osce	whisper-distil-v3.5	qwen3-asr	RES0037	1413	143	222
figshare-osce	whisper-distil-v3.5	qwen3-asr	RES0022	1927	203	347
figshare-osce	whisper-distil-v3.5	qwen3-asr	RES0038	1504	138	242
figshare-osce	whisper-distil-v3.5	qwen3-asr	RES0042	1222	149	231
figshare-osce	whisper-distil-v3.5	qwen3-asr	RES0034	1627	133	238
figshare-osce	whisper-distil-v3.5	qwen3-asr	RES0045	1158	78	174
figshare-osce	whisper-distil-v3.5	qwen3-asr	RES0051	970	138	195
figshare-osce	whisper-distil-v3.5	qwen3-asr	RES0052	809	143	188
figshare-osce	whisper-distil-v3.5	qwen3-asr	RES0044	1776	140	311
figshare-osce	whisper-distil-v3.5	qwen3-asr	RES0050	1084	107	157
figshare-osce	whisper-distil-v3.5	qwen3-asr	RES0043	1451	184	280
figshare-osce	whisper-distil-v3.5	qwen3-asr	RES0049	1555	159	293
figshare-osce	whisper-distil-v3.5	qwen3-asr	RES0039	1635	161	244
figshare-osce	whisper-distil-v3.5	qwen3-asr	RES0046	1532	129	245
figshare-osce	whisper-distil-v3.5	qwen3-asr	RES0048	1726	160	322
figshare-osce	whisper-distil-v3.5	qwen3-asr	RES0055	1328	262	363
figshare-osce	whisper-distil-v3.5	qwen3-asr	RES0057	1194	243	340
figshare-osce	whisper-distil-v3.5	qwen3-asr	RES0047	1575	174	291
figshare-osce	whisper-distil-v3.5	qwen3-asr	RES0056	1140	180	249
figshare-osce	whisper-distil-v3.5	qwen3-asr	RES0064	1046	124	187
figshare-osce	whisper-distil-v3.5	qwen3-asr	RES0065	1064	150	211
figshare-osce	whisper-distil-v3.5	qwen3-asr	RES0063	1384	181	293
figshare-osce	whisper-distil-v3.5	qwen3-asr	RES0059	1327	188	255
figshare-osce	whisper-distil-v3.5	qwen3-asr	RES0060	1616	269	403
figshare-osce	whisper-distil-v3.5	qwen3-asr	RES0067	912	132	198
figshare-osce	whisper-distil-v3.5	qwen3-asr	RES0058	1462	241	338
figshare-osce	whisper-distil-v3.5	qwen3-asr	RES0069	994	113	182
figshare-osce	whisper-distil-v3.5	qwen3-asr	RES0070	946	127	189
figshare-osce	whisper-distil-v3.5	qwen3-asr	RES0066	1160	153	222
figshare-osce	whisper-distil-v3.5	qwen3-asr	RES0068	1168	164	252
figshare-osce	whisper-distil-v3.5	qwen3-asr	RES0072	1150	183	255
figshare-osce	whisper-distil-v3.5	qwen3-asr	RES0075	1070	125	210
figshare-osce	whisper-distil-v3.5	qwen3-asr	RES0078	1092	171	267
figshare-osce	whisper-distil-v3.5	qwen3-asr	RES0079	815	139	206
figshare-osce	whisper-distil-v3.5	qwen3-asr	RES0053	1906	351	514
figshare-osce	whisper-distil-v3.5	qwen3-asr	RES0061	1701	239	410
figshare-osce	whisper-distil-v3.5	qwen3-asr	RES0071	1261	169	256
figshare-osce	whisper-distil-v3.5	qwen3-asr	RES0074	1206	155	238
figshare-osce	whisper-distil-v3.5	qwen3-asr	RES0080	1179	156	268
figshare-osce	whisper-distil-v3.5	qwen3-asr	RES0073	1303	165	251
figshare-osce	whisper-distil-v3.5	qwen3-asr	RES0076	1513	192	304
figshare-osce	whisper-distil-v3.5	qwen3-asr	RES0082	891	143	233
figshare-osce	whisper-distil-v3.5	qwen3-asr	RES0083	962	127	190
figshare-osce	whisper-distil-v3.5	qwen3-asr	RES0062	1905	272	396
figshare-osce	whisper-distil-v3.5	qwen3-asr	RES0085	923	107	190
figshare-osce	whisper-distil-v3.5	qwen3-asr	RES0091	869	61	118
figshare-osce	whisper-distil-v3.5	qwen3-asr	RES0081	1391	188	328
figshare-osce	whisper-distil-v3.5	qwen3-asr	RES0054	2446	690	820
figshare-osce	whisper-distil-v3.5	qwen3-asr	RES0087	1306	138	254
figshare-osce	whisper-distil-v3.5	qwen3-asr	RES0090	1160	88	158
figshare-osce	whisper-distil-v3.5	qwen3-asr	RES0094	766	79	139
figshare-osce	whisper-distil-v3.5	qwen3-asr	RES0092	800	109	179
figshare-osce	whisper-distil-v3.5	qwen3-asr	RES0077	1585	227	358
figshare-osce	whisper-distil-v3.5	qwen3-asr	RES0084	1516	163	262
figshare-osce	whisper-distil-v3.5	qwen3-asr	RES0088	1336	154	226
figshare-osce	whisper-distil-v3.5	qwen3-asr	RES0086	1463	186	330
figshare-osce	whisper-distil-v3.5	qwen3-asr	RES0095	1426	168	253
figshare-osce	whisper-distil-v3.5	qwen3-asr	RES0097	1319	171	293
figshare-osce	whisper-distil-v3.5	qwen3-asr	RES0098	1422	124	230
figshare-osce	whisper-distil-v3.5	qwen3-asr	RES0096	1251	154	233
figshare-osce	whisper-distil-v3.5	qwen3-asr	RES0099	1505	166	263
figshare-osce	whisper-distil-v3.5	qwen3-asr	RES0089	1749	182	293
figshare-osce	whisper-distil-v3.5	qwen3-asr	RES0103	1063	112	184
figshare-osce	whisper-distil-v3.5	qwen3-asr	RES0109	817	77	137
figshare-osce	whisper-distil-v3.5	qwen3-asr	RES0101	1379	138	245
figshare-osce	whisper-distil-v3.5	qwen3-asr	RES0108	918	92	153
figshare-osce	whisper-distil-v3.5	qwen3-asr	RES0106	1251	148	250
figshare-osce	whisper-distil-v3.5	qwen3-asr	RES0093	1543	438	571
figshare-osce	whisper-distil-v3.5	qwen3-asr	RES0112	795	68	155
figshare-osce	whisper-distil-v3.5	qwen3-asr	RES0111	927	95	180
figshare-osce	whisper-distil-v3.5	qwen3-asr	RES0107	1520	163	307
figshare-osce	whisper-distil-v3.5	qwen3-asr	RES0100	1710	142	259
figshare-osce	whisper-distil-v3.5	qwen3-asr	RES0102	1952	182	328
figshare-osce	whisper-distil-v3.5	qwen3-asr	RES0118	921	62	117
figshare-osce	whisper-distil-v3.5	qwen3-asr	RES0113	1043	102	180
figshare-osce	whisper-distil-v3.5	qwen3-asr	RES0117	920	83	155
figshare-osce	whisper-distil-v3.5	qwen3-asr	RES0104	1511	145	249
figshare-osce	whisper-distil-v3.5	qwen3-asr	RES0105	1663	169	312
figshare-osce	whisper-distil-v3.5	qwen3-asr	RES0121	930	64	129
figshare-osce	whisper-distil-v3.5	qwen3-asr	RES0122	1005	69	149
figshare-osce	whisper-distil-v3.5	qwen3-asr	RES0110	1512	136	238
figshare-osce	whisper-distil-v3.5	qwen3-asr	RES0120	1325	52	167
figshare-osce	whisper-distil-v3.5	qwen3-asr	RES0114	1606	155	302
figshare-osce	whisper-distil-v3.5	qwen3-asr	RES0129	1040	100	179
figshare-osce	whisper-distil-v3.5	qwen3-asr	RES0116	1533	138	239
figshare-osce	whisper-distil-v3.5	qwen3-asr	RES0119	1302	97	207
figshare-osce	whisper-distil-v3.5	qwen3-asr	RES0128	1062	113	191
figshare-osce	whisper-distil-v3.5	qwen3-asr	RES0123	1647	128	265
figshare-osce	whisper-distil-v3.5	qwen3-asr	RES0131	1176	74	192
figshare-osce	whisper-distil-v3.5	qwen3-asr	RES0133	1222	100	183
figshare-osce	whisper-distil-v3.5	qwen3-asr	RES0126	1784	226	377
figshare-osce	whisper-distil-v3.5	qwen3-asr	RES0130	1282	80	176
figshare-osce	whisper-distil-v3.5	qwen3-asr	RES0127	1418	161	240
figshare-osce	whisper-distil-v3.5	qwen3-asr	RES0125	1576	89	206
figshare-osce	whisper-distil-v3.5	qwen3-asr	RES0132	1276	84	157
figshare-osce	whisper-distil-v3.5	qwen3-asr	RES0138	1118	102	163
figshare-osce	whisper-distil-v3.5	qwen3-asr	RES0137	1216	97	222
figshare-osce	whisper-distil-v3.5	qwen3-asr	RES0124	1675	106	215
figshare-osce	whisper-distil-v3.5	qwen3-asr	RES0135	1191	89	159
figshare-osce	whisper-distil-v3.5	qwen3-asr	RES0136	1211	87	157
figshare-osce	whisper-distil-v3.5	qwen3-asr	RES0140	877	79	155
figshare-osce	whisper-distil-v3.5	qwen3-asr	RES0142	758	70	114
figshare-osce	whisper-distil-v3.5	qwen3-asr	RES0146	870	104	153
figshare-osce	whisper-distil-v3.5	qwen3-asr	RES0141	949	92	163
figshare-osce	whisper-distil-v3.5	qwen3-asr	RES0144	1119	140	217
figshare-osce	whisper-distil-v3.5	qwen3-asr	RES0139	1093	107	186
figshare-osce	whisper-distil-v3.5	qwen3-asr	RES0145	1277	167	257
figshare-osce	whisper-distil-v3.5	qwen3-asr	RES0150	1099	140	233
figshare-osce	whisper-distil-v3.5	qwen3-asr	RES0143	1080	92	168
figshare-osce	whisper-distil-v3.5	qwen3-asr	RES0152	1028	113	185
figshare-osce	whisper-distil-v3.5	qwen3-asr	RES0154	922	113	162
figshare-osce	whisper-distil-v3.5	qwen3-asr	RES0134	1630	89	197
figshare-osce	whisper-distil-v3.5	qwen3-asr	RES0148	1101	152	220
figshare-osce	whisper-distil-v3.5	qwen3-asr	RES0147	1234	154	239
figshare-osce	whisper-distil-v3.5	qwen3-asr	RES0151	1125	108	173
figshare-osce	whisper-distil-v3.5	qwen3-asr	RES0156	983	110	182
figshare-osce	whisper-distil-v3.5	qwen3-asr	RES0149	1231	111	189
figshare-osce	whisper-distil-v3.5	qwen3-asr	RES0158	1034	105	183
figshare-osce	whisper-distil-v3.5	qwen3-asr	RES0153	1063	114	188
figshare-osce	whisper-distil-v3.5	qwen3-asr	RES0161	993	117	192
figshare-osce	whisper-distil-v3.5	qwen3-asr	RES0160	1093	1103	1192
figshare-osce	whisper-distil-v3.5	qwen3-asr	RES0159	1060	96	180
figshare-osce	whisper-distil-v3.5	qwen3-asr	RES0165	881	114	173
figshare-osce	whisper-distil-v3.5	qwen3-asr	RES0166	1117	137	216
figshare-osce	whisper-distil-v3.5	qwen3-asr	RES0169	906	131	204
figshare-osce	whisper-distil-v3.5	qwen3-asr	RES0155	1380	156	271
figshare-osce	whisper-distil-v3.5	qwen3-asr	RES0168	1271	142	257
figshare-osce	whisper-distil-v3.5	qwen3-asr	RES0162	1183	130	235
figshare-osce	whisper-distil-v3.5	qwen3-asr	RES0163	1155	143	234
figshare-osce	whisper-distil-v3.5	qwen3-asr	RES0170	1300	157	258
figshare-osce	whisper-distil-v3.5	qwen3-asr	RES0167	1132	124	213
figshare-osce	whisper-distil-v3.5	qwen3-asr	RES0164	1197	184	301
figshare-osce	whisper-distil-v3.5	qwen3-asr	RES0175	979	108	187
figshare-osce	whisper-distil-v3.5	qwen3-asr	RES0172	1148	148	237
figshare-osce	whisper-distil-v3.5	qwen3-asr	RES0180	1020	126	216
figshare-osce	whisper-distil-v3.5	qwen3-asr	RES0177	1151	127	215
figshare-osce	whisper-distil-v3.5	qwen3-asr	RES0171	1306	129	250
figshare-osce	whisper-distil-v3.5	qwen3-asr	RES0178	1082	137	222
figshare-osce	whisper-distil-v3.5	qwen3-asr	RES0173	1210	164	271
figshare-osce	whisper-distil-v3.5	qwen3-asr	RES0174	1484	163	293
figshare-osce	whisper-distil-v3.5	qwen3-asr	RES0182	919	119	163
figshare-osce	whisper-distil-v3.5	qwen3-asr	RES0183	1178	155	231
figshare-osce	whisper-distil-v3.5	qwen3-asr	RES0181	1154	160	226
figshare-osce	whisper-distil-v3.5	qwen3-asr	RES0179	1254	154	239
figshare-osce	whisper-distil-v3.5	qwen3-asr	RES0186	1020	115	213
figshare-osce	whisper-distil-v3.5	qwen3-asr	RES0185	1026	123	209
figshare-osce	whisper-distil-v3.5	qwen3-asr	RES0176	1269	132	201
figshare-osce	whisper-distil-v3.5	qwen3-asr	RES0184	946	125	170
figshare-osce	whisper-distil-v3.5	qwen3-asr	RES0188	932	106	165
figshare-osce	whisper-distil-v3.5	qwen3-asr	RES0191	905	100	136
figshare-osce	whisper-distil-v3.5	qwen3-asr	RES0197	943	113	161
figshare-osce	whisper-distil-v3.5	qwen3-asr	RES0196	910	123	189
figshare-osce	whisper-distil-v3.5	qwen3-asr	RES0198	833	74	120
figshare-osce	whisper-distil-v3.5	qwen3-asr	RES0187	1275	142	207
figshare-osce	whisper-distil-v3.5	qwen3-asr	RES0195	1297	146	219
figshare-osce	whisper-distil-v3.5	qwen3-asr	RES0199	1118	139	200
figshare-osce	whisper-distil-v3.5	qwen3-asr	RES0189	1397	144	232
figshare-osce	whisper-distil-v3.5	qwen3-asr	RES0190	1263	126	184
figshare-osce	whisper-distil-v3.5	qwen3-asr	RES0192	1243	146	211
figshare-osce	whisper-distil-v3.5	qwen3-asr	RES0201	1024	133	196
figshare-osce	whisper-distil-v3.5	qwen3-asr	RES0194	1339	152	251
figshare-osce	whisper-distil-v3.5	qwen3-asr	RES0193	1382	139	247
figshare-osce	whisper-distil-v3.5	qwen3-asr	RES0207	789	102	160
figshare-osce	whisper-distil-v3.5	qwen3-asr	RES0203	895	122	170
figshare-osce	whisper-distil-v3.5	qwen3-asr	RES0205	1009	105	184
figshare-osce	whisper-distil-v3.5	qwen3-asr	RES0204	959	103	179
figshare-osce	whisper-distil-v3.5	qwen3-asr	RES0209	1062	138	225
figshare-osce	whisper-distil-v3.5	qwen3-asr	RES0210	1119	131	172
figshare-osce	whisper-distil-v3.5	qwen3-asr	RES0200	1316	190	267
figshare-osce	whisper-distil-v3.5	qwen3-asr	RES0213	1383	103	301
figshare-osce	whisper-distil-v3.5	qwen3-asr	RES0206	1309	189	279
figshare-osce	whisper-distil-v3.5	whisper-turbo	CAR0001	1027	99	147
figshare-osce	whisper-distil-v3.5	qwen3-asr	RES0208	1254	156	295
figshare-osce	whisper-distil-v3.5	qwen3-asr	RES0215	1329	135	246
figshare-osce	whisper-distil-v3.5	qwen3-asr	RES0202	1472	185	284
figshare-osce	whisper-distil-v3.5	qwen3-asr	RES0214	1093	114	174
figshare-osce	whisper-distil-v3.5	qwen3-asr	RES0212	1238	104	233
figshare-osce	whisper-distil-v3.5	qwen3-asr	RES0217	1424	95	218
figshare-osce	whisper-distil-v3.5	whisper-turbo	CAR0002	1043	108	151
figshare-osce	whisper-distil-v3.5	qwen3-asr	RES0211	1355	184	304
figshare-osce	whisper-distil-v3.5	whisper-turbo	GAS0001	984	140	224
figshare-osce	whisper-distil-v3.5	whisper-turbo	CAR0004	896	108	149
figshare-osce	whisper-distil-v3.5	whisper-turbo	CAR0003	1259	112	151
figshare-osce	whisper-distil-v3.5	whisper-turbo	CAR0005	1228	104	217
figshare-osce	whisper-distil-v3.5	whisper-turbo	GAS0003	1036	117	214
figshare-osce	whisper-distil-v3.5	whisper-turbo	GAS0002	1103	94	154
figshare-osce	whisper-distil-v3.5	whisper-turbo	MSK0001	960	108	156
figshare-osce	whisper-distil-v3.5	qwen3-asr	RES0216	1531	101	250
figshare-osce	whisper-distil-v3.5	whisper-turbo	GAS0007	884	116	148
figshare-osce	whisper-distil-v3.5	whisper-turbo	GAS0004	1127	129	226
figshare-osce	whisper-distil-v3.5	whisper-turbo	GEN0001	1093	77	156
figshare-osce	whisper-distil-v3.5	whisper-turbo	MSK0004	1096	124	171
figshare-osce	whisper-distil-v3.5	whisper-turbo	DER0001	1485	187	315
figshare-osce	whisper-distil-v3.5	whisper-turbo	GAS0005	1541	161	263
figshare-osce	whisper-distil-v3.5	whisper-turbo	MSK0005	1462	142	228
figshare-osce	whisper-distil-v3.5	whisper-turbo	MSK0011	1501	170	230
figshare-osce	whisper-distil-v3.5	whisper-turbo	MSK0007	1333	138	183
figshare-osce	whisper-distil-v3.5	whisper-turbo	MSK0008	1391	165	208
figshare-osce	whisper-distil-v3.5	whisper-turbo	MSK0003	1810	178	286
figshare-osce	whisper-distil-v3.5	whisper-turbo	MSK0010	1473	126	184
figshare-osce	whisper-distil-v3.5	whisper-turbo	MSK0013	1562	143	237
figshare-osce	whisper-distil-v3.5	whisper-turbo	MSK0009	1520	184	278
figshare-osce	whisper-distil-v3.5	whisper-turbo	MSK0006	1720	176	283
figshare-osce	whisper-distil-v3.5	whisper-turbo	MSK0018	940	67	122
figshare-osce	whisper-distil-v3.5	whisper-turbo	MSK0015	1576	177	258
figshare-osce	whisper-distil-v3.5	whisper-turbo	MSK0014	1529	146	235
figshare-osce	whisper-distil-v3.5	whisper-turbo	MSK0012	1600	140	235
figshare-osce	whisper-distil-v3.5	whisper-turbo	MSK0019	1298	84	157
figshare-osce	whisper-distil-v3.5	whisper-turbo	MSK0024	1162	92	153
figshare-osce	whisper-distil-v3.5	whisper-turbo	MSK0017	1681	157	265
figshare-osce	whisper-distil-v3.5	whisper-turbo	MSK0023	1181	105	197
figshare-osce	whisper-distil-v3.5	whisper-turbo	MSK0027	1331	161	245
figshare-osce	whisper-distil-v3.5	whisper-turbo	MSK0025	1511	119	245
figshare-osce	whisper-distil-v3.5	whisper-turbo	MSK0031	1247	127	218
figshare-osce	whisper-distil-v3.5	whisper-turbo	MSK0026	1338	139	181
figshare-osce	whisper-distil-v3.5	whisper-turbo	MSK0032	1154	67	145
figshare-osce	whisper-distil-v3.5	whisper-turbo	MSK0020	1636	163	255
figshare-osce	whisper-distil-v3.5	whisper-turbo	MSK0021	1691	213	324
figshare-osce	whisper-distil-v3.5	whisper-turbo	MSK0016	1999	178	302
figshare-osce	whisper-distil-v3.5	whisper-turbo	MSK0034	1417	146	214
figshare-osce	whisper-distil-v3.5	whisper-turbo	MSK0022	2091	195	338
figshare-osce	whisper-distil-v3.5	whisper-turbo	MSK0033	1621	150	286
figshare-osce	whisper-distil-v3.5	whisper-turbo	MSK0028	1785	173	277
figshare-osce	whisper-distil-v3.5	whisper-turbo	MSK0039	1367	119	188
figshare-osce	whisper-distil-v3.5	whisper-turbo	MSK0035	1549	171	251
figshare-osce	whisper-distil-v3.5	whisper-turbo	MSK0037	1620	174	299
figshare-osce	whisper-distil-v3.5	whisper-turbo	MSK0041	1543	160	233
figshare-osce	whisper-distil-v3.5	whisper-turbo	MSK0040	1446	134	219
figshare-osce	whisper-distil-v3.5	whisper-turbo	MSK0036	1714	163	244
figshare-osce	whisper-distil-v3.5	whisper-turbo	MSK0044	1132	87	173
figshare-osce	whisper-distil-v3.5	whisper-turbo	MSK0038	1828	164	296
figshare-osce	whisper-distil-v3.5	whisper-turbo	MSK0042	1471	96	197
figshare-osce	whisper-distil-v3.5	whisper-turbo	MSK0045	1354	117	210
figshare-osce	whisper-distil-v3.5	whisper-turbo	MSK0046	1188	120	189
figshare-osce	whisper-distil-v3.5	whisper-turbo	MSK0029	2186	248	386
figshare-osce	whisper-distil-v3.5	whisper-turbo	RES0002	1144	327	367
figshare-osce	whisper-distil-v3.5	whisper-turbo	RES0003	1213	114	204
figshare-osce	whisper-distil-v3.5	whisper-turbo	MSK0050	1257	121	175
figshare-osce	whisper-distil-v3.5	whisper-turbo	MSK0049	1333	140	204
figshare-osce	whisper-distil-v3.5	whisper-turbo	MSK0043	1694	129	275
figshare-osce	whisper-distil-v3.5	whisper-turbo	RES0006	1207	134	191
figshare-osce	whisper-distil-v3.5	whisper-turbo	RES0001	1469	187	287
figshare-osce	whisper-distil-v3.5	whisper-turbo	RES0010	1018	133	230
figshare-osce	whisper-distil-v3.5	whisper-turbo	RES0008	1129	123	197
figshare-osce	whisper-distil-v3.5	whisper-turbo	RES0009	1372	138	286
figshare-osce	whisper-distil-v3.5	whisper-turbo	RES0011	1573	167	303
figshare-osce	whisper-distil-v3.5	whisper-turbo	RES0004	1650	202	352
figshare-osce	whisper-distil-v3.5	whisper-turbo	RES0014	1383	128	226
figshare-osce	whisper-distil-v3.5	whisper-turbo	RES0013	1325	131	275
figshare-osce	whisper-distil-v3.5	whisper-turbo	RES0018	1294	137	214
figshare-osce	whisper-distil-v3.5	whisper-turbo	RES0005	1578	155	275
figshare-osce	whisper-distil-v3.5	whisper-turbo	RES0015	1551	147	246
figshare-osce	whisper-distil-v3.5	whisper-turbo	RES0016	1287	114	187
figshare-osce	whisper-distil-v3.5	whisper-turbo	RES0024	969	117	185
figshare-osce	whisper-distil-v3.5	whisper-turbo	RES0019	1300	141	193
figshare-osce	whisper-distil-v3.5	whisper-turbo	RES0023	1054	163	239
figshare-osce	whisper-distil-v3.5	whisper-turbo	RES0020	1386	150	207
figshare-osce	whisper-distil-v3.5	whisper-turbo	RES0007	1811	167	291
figshare-osce	whisper-distil-v3.5	whisper-turbo	RES0021	1226	151	203
figshare-osce	whisper-distil-v3.5	whisper-turbo	RES0029	787	77	110
figshare-osce	whisper-distil-v3.5	whisper-turbo	RES0017	1698	186	281
figshare-osce	whisper-distil-v3.5	whisper-turbo	RES0025	1342	177	271
figshare-osce	whisper-distil-v3.5	whisper-turbo	RES0012	2058	244	444
figshare-osce	whisper-distil-v3.5	whisper-turbo	RES0030	1158	112	156
figshare-osce	whisper-distil-v3.5	whisper-turbo	RES0028	1130	117	158
figshare-osce	whisper-distil-v3.5	whisper-turbo	RES0027	1323	161	246
figshare-osce	whisper-distil-v3.5	whisper-turbo	RES0031	1297	111	189
figshare-osce	whisper-distil-v3.5	whisper-turbo	RES0032	1169	98	167
figshare-osce	whisper-distil-v3.5	whisper-turbo	RES0035	944	77	102
figshare-osce	whisper-distil-v3.5	whisper-turbo	RES0026	1504	160	237
figshare-osce	whisper-distil-v3.5	whisper-turbo	RES0033	1306	132	253
figshare-osce	whisper-distil-v3.5	whisper-turbo	RES0036	1368	143	220
figshare-osce	whisper-distil-v3.5	whisper-turbo	RES0037	1413	149	225
figshare-osce	whisper-distil-v3.5	whisper-turbo	RES0022	1927	215	357
figshare-osce	whisper-distil-v3.5	whisper-turbo	RES0034	1627	143	247
figshare-osce	whisper-distil-v3.5	whisper-turbo	RES0042	1222	155	237
figshare-osce	whisper-distil-v3.5	whisper-turbo	RES0043	1451	193	281
figshare-osce	whisper-distil-v3.5	whisper-turbo	RES0038	1504	175	276
figshare-osce	whisper-distil-v3.5	whisper-turbo	RES0051	970	130	187
figshare-osce	whisper-distil-v3.5	whisper-turbo	RES0045	1158	86	171
figshare-osce	whisper-distil-v3.5	whisper-turbo	RES0052	809	151	197
figshare-osce	whisper-distil-v3.5	whisper-turbo	RES0050	1084	107	157
figshare-osce	whisper-distil-v3.5	whisper-turbo	RES0039	1635	169	250
figshare-osce	whisper-distil-v3.5	whisper-turbo	RES0046	1532	176	290
figshare-osce	whisper-distil-v3.5	whisper-turbo	RES0049	1555	167	295
figshare-osce	whisper-distil-v3.5	whisper-turbo	RES0056	1140	178	244
figshare-osce	whisper-distil-v3.5	whisper-turbo	RES0055	1328	246	340
figshare-osce	whisper-distil-v3.5	whisper-turbo	RES0044	1776	143	309
figshare-osce	whisper-distil-v3.5	whisper-turbo	RES0057	1194	224	319
figshare-osce	whisper-distil-v3.5	whisper-turbo	RES0047	1575	177	284
figshare-osce	whisper-distil-v3.5	whisper-turbo	RES0048	1726	154	314
figshare-osce	whisper-distil-v3.5	whisper-turbo	RES0059	1327	182	244
figshare-osce	whisper-distil-v3.5	whisper-turbo	RES0067	912	127	188
figshare-osce	whisper-distil-v3.5	whisper-turbo	RES0053	1906	343	502
figshare-osce	whisper-distil-v3.5	whisper-turbo	RES0064	1046	120	182
figshare-osce	whisper-distil-v3.5	whisper-turbo	RES0058	1462	231	332
figshare-osce	whisper-distil-v3.5	whisper-turbo	RES0065	1064	136	195
figshare-osce	whisper-distil-v3.5	whisper-turbo	RES0060	1616	256	379
figshare-osce	whisper-distil-v3.5	whisper-turbo	RES0069	994	116	179
figshare-osce	whisper-distil-v3.5	whisper-turbo	RES0066	1160	141	210
figshare-osce	whisper-distil-v3.5	whisper-turbo	RES0070	946	137	199
figshare-osce	whisper-distil-v3.5	whisper-turbo	RES0061	1701	218	384
figshare-osce	whisper-distil-v3.5	whisper-turbo	RES0063	1384	169	278
figshare-osce	whisper-distil-v3.5	whisper-turbo	RES0068	1168	152	233
figshare-osce	whisper-distil-v3.5	whisper-turbo	RES0075	1070	117	202
figshare-osce	whisper-distil-v3.5	whisper-turbo	RES0074	1206	138	218
figshare-osce	whisper-distil-v3.5	whisper-turbo	RES0078	1092	152	247
figshare-osce	whisper-distil-v3.5	whisper-turbo	RES0079	815	123	187
figshare-osce	whisper-distil-v3.5	whisper-turbo	RES0072	1150	172	241
figshare-osce	whisper-distil-v3.5	whisper-turbo	RES0071	1261	153	238
figshare-osce	whisper-distil-v3.5	whisper-turbo	RES0082	891	120	208
figshare-osce	whisper-distil-v3.5	whisper-turbo	RES0073	1303	147	229
figshare-osce	whisper-distil-v3.5	whisper-turbo	RES0083	962	116	179
figshare-osce	whisper-distil-v3.5	whisper-turbo	RES0077	1585	200	327
figshare-osce	whisper-distil-v3.5	whisper-turbo	RES0081	1391	163	296
figshare-osce	whisper-distil-v3.5	whisper-turbo	RES0085	923	95	176
figshare-osce	whisper-distil-v3.5	whisper-turbo	RES0054	2446	691	823
figshare-osce	whisper-distil-v3.5	whisper-turbo	RES0080	1179	143	249
figshare-osce	whisper-distil-v3.5	whisper-turbo	RES0062	1905	264	387
figshare-osce	whisper-distil-v3.5	whisper-turbo	RES0091	869	70	126
figshare-osce	whisper-distil-v3.5	whisper-turbo	RES0076	1513	179	288
figshare-osce	whisper-distil-v3.5	whisper-turbo	RES0087	1306	129	242
figshare-osce	whisper-distil-v3.5	whisper-turbo	RES0090	1160	88	149
figshare-osce	whisper-distil-v3.5	whisper-turbo	RES0092	800	107	177
figshare-osce	whisper-distil-v3.5	whisper-turbo	RES0094	766	73	133
figshare-osce	whisper-distil-v3.5	whisper-turbo	RES0086	1463	162	303
figshare-osce	whisper-distil-v3.5	whisper-turbo	RES0096	1251	175	242
figshare-osce	whisper-distil-v3.5	whisper-turbo	RES0088	1336	148	220
figshare-osce	whisper-distil-v3.5	whisper-turbo	RES0084	1516	148	244
figshare-osce	whisper-distil-v3.5	whisper-turbo	RES0098	1422	132	237
figshare-osce	whisper-distil-v3.5	whisper-turbo	RES0103	1063	123	193
figshare-osce	whisper-distil-v3.5	whisper-turbo	RES0099	1505	164	260
figshare-osce	whisper-distil-v3.5	whisper-turbo	RES0095	1426	173	258
figshare-osce	whisper-distil-v3.5	whisper-turbo	RES0097	1319	176	291
figshare-osce	whisper-distil-v3.5	whisper-turbo	RES0089	1749	181	291
figshare-osce	whisper-distil-v3.5	whisper-turbo	RES0093	1543	189	322
figshare-osce	whisper-distil-v3.5	whisper-turbo	RES0101	1379	149	243
figshare-osce	whisper-distil-v3.5	whisper-turbo	RES0108	918	86	147
figshare-osce	whisper-distil-v3.5	whisper-turbo	RES0106	1251	145	245
figshare-osce	whisper-distil-v3.5	whisper-turbo	RES0109	817	72	128
figshare-osce	whisper-distil-v3.5	whisper-turbo	RES0112	795	67	147
figshare-osce	whisper-distil-v3.5	whisper-turbo	RES0111	927	104	180
figshare-osce	whisper-distil-v3.5	whisper-turbo	RES0100	1710	152	266
figshare-osce	whisper-distil-v3.5	whisper-turbo	RES0107	1520	182	313
figshare-osce	whisper-distil-v3.5	whisper-turbo	RES0113	1043	100	170
figshare-osce	whisper-distil-v3.5	whisper-turbo	RES0104	1511	153	248
figshare-osce	whisper-distil-v3.5	whisper-turbo	RES0117	920	83	146
figshare-osce	whisper-distil-v3.5	whisper-turbo	RES0102	1952	181	326
figshare-osce	whisper-distil-v3.5	whisper-turbo	RES0118	921	56	110
figshare-osce	whisper-distil-v3.5	whisper-turbo	RES0105	1663	180	315
figshare-osce	whisper-distil-v3.5	whisper-turbo	RES0121	930	67	121
figshare-osce	whisper-distil-v3.5	whisper-turbo	RES0114	1606	159	301
figshare-osce	whisper-distil-v3.5	whisper-turbo	RES0116	1533	134	236
figshare-osce	whisper-distil-v3.5	whisper-turbo	RES0110	1512	135	235
figshare-osce	whisper-distil-v3.5	whisper-turbo	RES0122	1005	70	152
figshare-osce	whisper-distil-v3.5	whisper-turbo	RES0128	1062	129	202
figshare-osce	whisper-distil-v3.5	whisper-turbo	RES0119	1302	97	205
figshare-osce	whisper-distil-v3.5	whisper-turbo	RES0129	1040	106	183
figshare-osce	whisper-distil-v3.5	whisper-turbo	RES0120	1325	61	159
figshare-osce	whisper-distil-v3.5	whisper-turbo	RES0125	1576	94	207
figshare-osce	whisper-distil-v3.5	whisper-turbo	RES0130	1282	93	187
figshare-osce	whisper-distil-v3.5	whisper-turbo	RES0133	1222	104	187
figshare-osce	whisper-distil-v3.5	whisper-turbo	RES0135	1191	96	158
figshare-osce	whisper-distil-v3.5	whisper-turbo	RES0131	1176	74	189
figshare-osce	whisper-distil-v3.5	whisper-turbo	RES0127	1418	162	234
figshare-osce	whisper-distil-v3.5	whisper-turbo	RES0123	1647	137	270
figshare-osce	whisper-distil-v3.5	whisper-turbo	RES0137	1216	109	223
figshare-osce	whisper-distil-v3.5	whisper-turbo	RES0132	1276	77	145
figshare-osce	whisper-distil-v3.5	whisper-turbo	RES0140	877	85	160
figshare-osce	whisper-distil-v3.5	whisper-turbo	RES0138	1118	95	153
figshare-osce	whisper-distil-v3.5	whisper-turbo	RES0136	1211	79	144
figshare-osce	whisper-distil-v3.5	whisper-turbo	RES0139	1093	107	182
figshare-osce	whisper-distil-v3.5	whisper-turbo	RES0124	1675	107	214
figshare-osce	whisper-distil-v3.5	whisper-turbo	RES0142	758	74	120
figshare-osce	whisper-distil-v3.5	whisper-turbo	RES0141	949	90	156
figshare-osce	whisper-distil-v3.5	whisper-turbo	RES0146	870	112	160
figshare-osce	whisper-distil-v3.5	whisper-turbo	RES0126	1784	229	377
figshare-osce	whisper-distil-v3.5	whisper-turbo	RES0144	1119	159	229
figshare-osce	whisper-distil-v3.5	whisper-turbo	RES0143	1080	98	170
figshare-osce	whisper-distil-v3.5	whisper-turbo	RES0147	1234	167	250
figshare-osce	whisper-distil-v3.5	whisper-turbo	RES0151	1125	108	173
figshare-osce	whisper-distil-v3.5	whisper-turbo	RES0148	1101	171	250
figshare-osce	whisper-distil-v3.5	whisper-turbo	RES0134	1630	102	204
figshare-osce	whisper-distil-v3.5	whisper-turbo	RES0153	1063	134	207
figshare-osce	whisper-distil-v3.5	whisper-turbo	RES0149	1231	130	205
figshare-osce	whisper-distil-v3.5	whisper-turbo	RES0152	1028	112	183
figshare-osce	whisper-distil-v3.5	whisper-turbo	RES0150	1099	139	232
figshare-osce	whisper-distil-v3.5	whisper-turbo	RES0145	1277	175	261
figshare-osce	whisper-distil-v3.5	whisper-turbo	RES0154	922	116	165
figshare-osce	whisper-distil-v3.5	whisper-turbo	RES0156	983	112	185
figshare-osce	whisper-distil-v3.5	whisper-turbo	RES0158	1034	113	186
figshare-osce	whisper-distil-v3.5	whisper-turbo	RES0162	1183	135	233
figshare-osce	whisper-distil-v3.5	whisper-turbo	RES0161	993	128	200
figshare-osce	whisper-distil-v3.5	whisper-turbo	RES0165	881	115	172
figshare-osce	whisper-distil-v3.5	whisper-turbo	RES0159	1060	97	175
figshare-osce	whisper-distil-v3.5	whisper-turbo	RES0155	1380	196	310
figshare-osce	whisper-distil-v3.5	whisper-turbo	RES0160	1093	129	213
figshare-osce	whisper-distil-v3.5	whisper-turbo	RES0164	1197	187	302
figshare-osce	whisper-distil-v3.5	whisper-turbo	RES0169	906	126	194
figshare-osce	whisper-distil-v3.5	whisper-turbo	RES0163	1155	143	229
figshare-osce	whisper-distil-v3.5	whisper-turbo	RES0166	1117	145	218
figshare-osce	whisper-distil-v3.5	whisper-turbo	RES0167	1132	133	219
figshare-osce	whisper-distil-v3.5	whisper-turbo	RES0168	1271	135	247
figshare-osce	whisper-distil-v3.5	whisper-turbo	RES0175	979	104	177
figshare-osce	whisper-distil-v3.5	whisper-turbo	RES0170	1300	166	264
figshare-osce	whisper-distil-v3.5	whisper-turbo	RES0180	1020	120	205
figshare-osce	whisper-distil-v3.5	whisper-turbo	RES0172	1148	157	244
figshare-osce	whisper-distil-v3.5	whisper-turbo	RES0182	919	120	162
figshare-osce	whisper-distil-v3.5	whisper-turbo	RES0171	1306	134	244
figshare-osce	whisper-distil-v3.5	whisper-turbo	RES0178	1082	145	223
figshare-osce	whisper-distil-v3.5	whisper-turbo	RES0176	1269	147	215
figshare-osce	whisper-distil-v3.5	whisper-turbo	RES0173	1210	167	267
figshare-osce	whisper-distil-v3.5	whisper-turbo	RES0174	1484	166	294
figshare-osce	whisper-distil-v3.5	whisper-turbo	RES0177	1151	131	211
figshare-osce	whisper-distil-v3.5	whisper-turbo	RES0181	1154	163	221
figshare-osce	whisper-distil-v3.5	whisper-turbo	RES0184	946	118	163
figshare-osce	whisper-distil-v3.5	whisper-turbo	RES0183	1178	151	225
figshare-osce	whisper-distil-v3.5	whisper-turbo	RES0186	1020	119	216
figshare-osce	whisper-distil-v3.5	whisper-turbo	RES0179	1254	153	234
figshare-osce	whisper-distil-v3.5	whisper-turbo	RES0185	1026	125	208
figshare-osce	whisper-distil-v3.5	whisper-turbo	RES0191	905	99	135
figshare-osce	whisper-distil-v3.5	whisper-turbo	RES0188	932	106	164
figshare-osce	whisper-distil-v3.5	whisper-turbo	RES0187	1275	151	212
figshare-osce	whisper-distil-v3.5	whisper-turbo	RES0196	910	113	179
figshare-osce	whisper-distil-v3.5	whisper-turbo	RES0198	833	73	118
figshare-osce	whisper-distil-v3.5	whisper-turbo	RES0194	1339	161	255
figshare-osce	whisper-distil-v3.5	whisper-turbo	RES0197	943	119	160
figshare-osce	whisper-distil-v3.5	whisper-turbo	RES0190	1263	125	183
figshare-osce	whisper-distil-v3.5	whisper-turbo	RES0192	1243	143	194
figshare-osce	whisper-distil-v3.5	whisper-turbo	RES0201	1024	140	206
figshare-osce	whisper-distil-v3.5	whisper-turbo	RES0195	1297	153	218
figshare-osce	whisper-distil-v3.5	whisper-turbo	RES0199	1118	137	194
figshare-osce	whisper-distil-v3.5	whisper-turbo	RES0189	1397	135	223
figshare-osce	whisper-distil-v3.5	whisper-turbo	RES0193	1382	143	245
figshare-osce	whisper-distil-v3.5	whisper-turbo	RES0204	959	111	181
figshare-osce	whisper-distil-v3.5	whisper-turbo	RES0207	789	101	159
figshare-osce	whisper-distil-v3.5	whisper-turbo	RES0203	895	117	164
figshare-osce	whisper-distil-v3.5	whisper-turbo	RES0202	1472	192	284
figshare-osce	whisper-distil-v3.5	whisper-turbo	RES0205	1009	112	187
figshare-osce	whisper-distil-v3.5	whisper-turbo	RES0200	1316	188	262
figshare-osce	whisper-distil-v3.5	whisper-turbo	RES0206	1309	192	275
figshare-osce	whisper-distil-v3.5	whisper-turbo	RES0208	1254	154	290
figshare-osce	whisper-distil-v3.5	whisper-turbo	RES0209	1062	130	214
figshare-osce	whisper-distil-v3.5	whisper-turbo	RES0214	1093	104	167
figshare-osce	whisper-distil-v3.5	whisper-turbo	RES0210	1119	134	173
figshare-osce	whisper-distil-v3.5	whisper-turbo	RES0213	1383	110	293
figshare-osce	parakeet-tdt-0.6b-v2	qwen3-asr	CAR0002	1043	90	133
figshare-osce	parakeet-tdt-0.6b-v2	qwen3-asr	CAR0004	896	101	146
figshare-osce	whisper-distil-v3.5	whisper-turbo	RES0212	1238	110	238
figshare-osce	parakeet-tdt-0.6b-v2	qwen3-asr	CAR0001	1027	104	148
figshare-osce	parakeet-tdt-0.6b-v2	qwen3-asr	GAS0001	984	138	226
figshare-osce	whisper-distil-v3.5	whisper-turbo	RES0211	1355	181	299
figshare-osce	parakeet-tdt-0.6b-v2	qwen3-asr	GAS0002	1103	94	156
figshare-osce	parakeet-tdt-0.6b-v2	qwen3-asr	GAS0003	1036	104	207
figshare-osce	parakeet-tdt-0.6b-v2	qwen3-asr	CAR0003	1259	113	152
figshare-osce	whisper-distil-v3.5	whisper-turbo	RES0215	1329	127	234
figshare-osce	parakeet-tdt-0.6b-v2	qwen3-asr	GAS0007	884	95	127
figshare-osce	parakeet-tdt-0.6b-v2	qwen3-asr	CAR0005	1228	87	203
figshare-osce	parakeet-tdt-0.6b-v2	qwen3-asr	MSK0001	960	149	197
figshare-osce	parakeet-tdt-0.6b-v2	qwen3-asr	GEN0001	1093	80	159
figshare-osce	whisper-distil-v3.5	whisper-turbo	RES0217	1424	99	217
figshare-osce	parakeet-tdt-0.6b-v2	qwen3-asr	DER0001	1485	184	320
figshare-osce	parakeet-tdt-0.6b-v2	qwen3-asr	GAS0004	1127	118	216
figshare-osce	whisper-distil-v3.5	whisper-turbo	RES0216	1531	107	252
figshare-osce	parakeet-tdt-0.6b-v2	qwen3-asr	MSK0004	1096	104	152
figshare-osce	parakeet-tdt-0.6b-v2	qwen3-asr	MSK0008	1391	168	211
figshare-osce	parakeet-tdt-0.6b-v2	qwen3-asr	MSK0005	1462	135	229
figshare-osce	parakeet-tdt-0.6b-v2	qwen3-asr	GAS0005	1541	147	258
figshare-osce	parakeet-tdt-0.6b-v2	qwen3-asr	MSK0007	1333	124	174
figshare-osce	parakeet-tdt-0.6b-v2	qwen3-asr	MSK0010	1473	131	190
figshare-osce	parakeet-tdt-0.6b-v2	qwen3-asr	MSK0013	1562	146	239
figshare-osce	parakeet-tdt-0.6b-v2	qwen3-asr	MSK0011	1501	160	220
figshare-osce	parakeet-tdt-0.6b-v2	qwen3-asr	MSK0006	1720	201	309
figshare-osce	parakeet-tdt-0.6b-v2	qwen3-asr	MSK0012	1600	122	227
figshare-osce	parakeet-tdt-0.6b-v2	qwen3-asr	MSK0018	940	79	141
figshare-osce	parakeet-tdt-0.6b-v2	qwen3-asr	MSK0009	1520	179	271
figshare-osce	parakeet-tdt-0.6b-v2	qwen3-asr	MSK0003	1810	158	265
figshare-osce	parakeet-tdt-0.6b-v2	qwen3-asr	MSK0014	1529	142	229
figshare-osce	parakeet-tdt-0.6b-v2	qwen3-asr	MSK0019	1298	73	151
figshare-osce	parakeet-tdt-0.6b-v2	qwen3-asr	MSK0024	1162	86	145
figshare-osce	parakeet-tdt-0.6b-v2	qwen3-asr	MSK0023	1181	102	192
figshare-osce	parakeet-tdt-0.6b-v2	qwen3-asr	MSK0026	1338	123	169
figshare-osce	parakeet-tdt-0.6b-v2	qwen3-asr	MSK0020	1636	179	273
figshare-osce	parakeet-tdt-0.6b-v2	qwen3-asr	MSK0015	1576	157	241
figshare-osce	parakeet-tdt-0.6b-v2	qwen3-asr	MSK0017	1681	153	257
figshare-osce	parakeet-tdt-0.6b-v2	qwen3-asr	MSK0027	1331	156	239
figshare-osce	parakeet-tdt-0.6b-v2	qwen3-asr	MSK0025	1511	123	256
figshare-osce	parakeet-tdt-0.6b-v2	qwen3-asr	MSK0031	1247	134	227
figshare-osce	parakeet-tdt-0.6b-v2	qwen3-asr	MSK0016	1999	172	299
figshare-osce	parakeet-tdt-0.6b-v2	qwen3-asr	MSK0021	1691	204	314
figshare-osce	parakeet-tdt-0.6b-v2	qwen3-asr	MSK0032	1154	80	161
figshare-osce	parakeet-tdt-0.6b-v2	qwen3-asr	MSK0034	1417	130	201
figshare-osce	parakeet-tdt-0.6b-v2	qwen3-asr	MSK0033	1621	134	270
figshare-osce	parakeet-tdt-0.6b-v2	qwen3-asr	MSK0028	1785	169	272
figshare-osce	parakeet-tdt-0.6b-v2	qwen3-asr	MSK0039	1367	133	209
figshare-osce	parakeet-tdt-0.6b-v2	qwen3-asr	MSK0041	1543	156	231
figshare-osce	parakeet-tdt-0.6b-v2	qwen3-asr	MSK0035	1549	159	240
figshare-osce	parakeet-tdt-0.6b-v2	qwen3-asr	MSK0036	1714	157	239
figshare-osce	parakeet-tdt-0.6b-v2	qwen3-asr	MSK0040	1446	141	229
figshare-osce	parakeet-tdt-0.6b-v2	qwen3-asr	MSK0029	2186	285	426
figshare-osce	parakeet-tdt-0.6b-v2	qwen3-asr	MSK0038	1828	164	300
figshare-osce	parakeet-tdt-0.6b-v2	qwen3-asr	MSK0022	2091	1144	1286
figshare-osce	parakeet-tdt-0.6b-v2	qwen3-asr	MSK0044	1132	87	175
figshare-osce	parakeet-tdt-0.6b-v2	qwen3-asr	MSK0037	1620	180	305
figshare-osce	parakeet-tdt-0.6b-v2	qwen3-asr	MSK0042	1471	103	210
figshare-osce	parakeet-tdt-0.6b-v2	qwen3-asr	MSK0046	1188	119	192
figshare-osce	parakeet-tdt-0.6b-v2	qwen3-asr	MSK0043	1694	105	257
figshare-osce	parakeet-tdt-0.6b-v2	qwen3-asr	RES0002	1144	319	363
figshare-osce	parakeet-tdt-0.6b-v2	qwen3-asr	RES0003	1213	114	207
figshare-osce	parakeet-tdt-0.6b-v2	qwen3-asr	MSK0045	1354	116	199
figshare-osce	parakeet-tdt-0.6b-v2	qwen3-asr	MSK0050	1257	106	160
figshare-osce	parakeet-tdt-0.6b-v2	qwen3-asr	RES0008	1129	111	189
figshare-osce	parakeet-tdt-0.6b-v2	qwen3-asr	MSK0049	1333	127	194
figshare-osce	parakeet-tdt-0.6b-v2	qwen3-asr	RES0009	1372	164	306
figshare-osce	parakeet-tdt-0.6b-v2	qwen3-asr	RES0010	1018	127	225
figshare-osce	parakeet-tdt-0.6b-v2	qwen3-asr	RES0006	1207	130	190
figshare-osce	parakeet-tdt-0.6b-v2	qwen3-asr	RES0001	1469	165	274
figshare-osce	parakeet-tdt-0.6b-v2	qwen3-asr	RES0011	1573	139	286
figshare-osce	parakeet-tdt-0.6b-v2	qwen3-asr	RES0014	1383	127	227
figshare-osce	parakeet-tdt-0.6b-v2	qwen3-asr	RES0013	1325	156	292
figshare-osce	parakeet-tdt-0.6b-v2	qwen3-asr	RES0016	1287	104	181
figshare-osce	parakeet-tdt-0.6b-v2	qwen3-asr	RES0007	1811	157	279
figshare-osce	parakeet-tdt-0.6b-v2	qwen3-asr	RES0004	1650	183	335
figshare-osce	parakeet-tdt-0.6b-v2	qwen3-asr	RES0005	1578	146	274
figshare-osce	parakeet-tdt-0.6b-v2	qwen3-asr	RES0023	1054	150	232
figshare-osce	parakeet-tdt-0.6b-v2	qwen3-asr	RES0018	1294	120	199
figshare-osce	parakeet-tdt-0.6b-v2	qwen3-asr	RES0015	1551	140	250
figshare-osce	parakeet-tdt-0.6b-v2	qwen3-asr	RES0024	969	118	185
figshare-osce	parakeet-tdt-0.6b-v2	qwen3-asr	RES0021	1226	140	205
figshare-osce	parakeet-tdt-0.6b-v2	qwen3-asr	RES0019	1300	143	193
figshare-osce	parakeet-tdt-0.6b-v2	qwen3-asr	RES0020	1386	132	189
figshare-osce	parakeet-tdt-0.6b-v2	qwen3-asr	RES0029	787	78	117
figshare-osce	parakeet-tdt-0.6b-v2	qwen3-asr	RES0017	1698	137	240
figshare-osce	parakeet-tdt-0.6b-v2	qwen3-asr	RES0028	1130	111	152
figshare-osce	parakeet-tdt-0.6b-v2	qwen3-asr	RES0032	1169	106	175
figshare-osce	parakeet-tdt-0.6b-v2	qwen3-asr	RES0025	1342	152	253
figshare-osce	parakeet-tdt-0.6b-v2	qwen3-asr	RES0027	1323	149	235
figshare-osce	parakeet-tdt-0.6b-v2	qwen3-asr	RES0033	1306	124	249
figshare-osce	parakeet-tdt-0.6b-v2	qwen3-asr	RES0035	944	71	96
figshare-osce	parakeet-tdt-0.6b-v2	qwen3-asr	RES0012	2058	265	470
figshare-osce	parakeet-tdt-0.6b-v2	qwen3-asr	RES0030	1158	111	159
figshare-osce	parakeet-tdt-0.6b-v2	qwen3-asr	RES0031	1297	116	197
figshare-osce	parakeet-tdt-0.6b-v2	qwen3-asr	RES0026	1504	142	228
figshare-osce	parakeet-tdt-0.6b-v2	qwen3-asr	RES0042	1222	150	231
figshare-osce	parakeet-tdt-0.6b-v2	qwen3-asr	RES0022	1927	199	341
figshare-osce	parakeet-tdt-0.6b-v2	qwen3-asr	RES0045	1158	85	172
figshare-osce	parakeet-tdt-0.6b-v2	qwen3-asr	RES0034	1627	126	231
figshare-osce	parakeet-tdt-0.6b-v2	qwen3-asr	RES0043	1451	168	267
figshare-osce	parakeet-tdt-0.6b-v2	qwen3-asr	RES0038	1504	125	229
figshare-osce	parakeet-tdt-0.6b-v2	qwen3-asr	RES0037	1413	134	216
figshare-osce	parakeet-tdt-0.6b-v2	qwen3-asr	RES0036	1368	122	222
figshare-osce	parakeet-tdt-0.6b-v2	qwen3-asr	RES0052	809	162	205
figshare-osce	parakeet-tdt-0.6b-v2	qwen3-asr	RES0050	1084	97	145
figshare-osce	parakeet-tdt-0.6b-v2	qwen3-asr	RES0051	970	126	181
figshare-osce	parakeet-tdt-0.6b-v2	qwen3-asr	RES0056	1140	188	255
figshare-osce	parakeet-tdt-0.6b-v2	qwen3-asr	RES0039	1635	169	251
figshare-osce	parakeet-tdt-0.6b-v2	qwen3-asr	RES0044	1776	141	309
figshare-osce	parakeet-tdt-0.6b-v2	qwen3-asr	RES0046	1532	121	238
figshare-osce	parakeet-tdt-0.6b-v2	qwen3-asr	RES0048	1726	161	327
figshare-osce	parakeet-tdt-0.6b-v2	qwen3-asr	RES0047	1575	180	291
figshare-osce	parakeet-tdt-0.6b-v2	qwen3-asr	RES0049	1555	154	282
figshare-osce	parakeet-tdt-0.6b-v2	qwen3-asr	RES0057	1194	241	337
figshare-osce	parakeet-tdt-0.6b-v2	qwen3-asr	RES0055	1328	274	369
figshare-osce	parakeet-tdt-0.6b-v2	qwen3-asr	RES0058	1462	229	331
figshare-osce	parakeet-tdt-0.6b-v2	qwen3-asr	RES0065	1064	137	199
figshare-osce	parakeet-tdt-0.6b-v2	qwen3-asr	RES0064	1046	122	187
figshare-osce	parakeet-tdt-0.6b-v2	qwen3-asr	RES0067	912	121	188
figshare-osce	parakeet-tdt-0.6b-v2	qwen3-asr	RES0069	994	111	178
figshare-osce	parakeet-tdt-0.6b-v2	qwen3-asr	RES0060	1616	263	398
figshare-osce	parakeet-tdt-0.6b-v2	qwen3-asr	RES0068	1168	159	246
figshare-osce	parakeet-tdt-0.6b-v2	qwen3-asr	RES0059	1327	185	251
figshare-osce	parakeet-tdt-0.6b-v2	qwen3-asr	RES0070	946	117	174
figshare-osce	parakeet-tdt-0.6b-v2	qwen3-asr	RES0066	1160	163	234
figshare-osce	parakeet-tdt-0.6b-v2	qwen3-asr	RES0054	2446	788	912
figshare-osce	parakeet-tdt-0.6b-v2	qwen3-asr	RES0053	1906	338	499
figshare-osce	parakeet-tdt-0.6b-v2	qwen3-asr	RES0063	1384	174	289
figshare-osce	parakeet-tdt-0.6b-v2	qwen3-asr	RES0072	1150	312	367
figshare-osce	parakeet-tdt-0.6b-v2	qwen3-asr	RES0079	815	117	185
figshare-osce	parakeet-tdt-0.6b-v2	qwen3-asr	RES0073	1303	171	252
figshare-osce	parakeet-tdt-0.6b-v2	qwen3-asr	RES0074	1206	156	241
figshare-osce	parakeet-tdt-0.6b-v2	qwen3-asr	RES0078	1092	154	242
figshare-osce	parakeet-tdt-0.6b-v2	qwen3-asr	RES0075	1070	119	201
figshare-osce	parakeet-tdt-0.6b-v2	qwen3-asr	RES0061	1701	246	417
figshare-osce	parakeet-tdt-0.6b-v2	qwen3-asr	RES0071	1261	160	244
figshare-osce	parakeet-tdt-0.6b-v2	qwen3-asr	RES0085	923	97	182
figshare-osce	parakeet-tdt-0.6b-v2	qwen3-asr	RES0080	1179	153	259
figshare-osce	parakeet-tdt-0.6b-v2	qwen3-asr	RES0083	962	131	186
figshare-osce	parakeet-tdt-0.6b-v2	qwen3-asr	RES0081	1391	178	316
figshare-osce	parakeet-tdt-0.6b-v2	qwen3-asr	RES0082	891	130	220
figshare-osce	parakeet-tdt-0.6b-v2	qwen3-asr	RES0092	800	103	176
figshare-osce	parakeet-tdt-0.6b-v2	qwen3-asr	RES0091	869	62	117
figshare-osce	parakeet-tdt-0.6b-v2	qwen3-asr	RES0094	766	77	139
figshare-osce	parakeet-tdt-0.6b-v2	qwen3-asr	RES0062	1905	267	392
figshare-osce	parakeet-tdt-0.6b-v2	qwen3-asr	RES0076	1513	186	299
figshare-osce	parakeet-tdt-0.6b-v2	qwen3-asr	RES0084	1516	160	258
figshare-osce	parakeet-tdt-0.6b-v2	qwen3-asr	RES0090	1160	79	150
figshare-osce	parakeet-tdt-0.6b-v2	qwen3-asr	RES0087	1306	125	238
figshare-osce	parakeet-tdt-0.6b-v2	qwen3-asr	RES0077	1585	219	351
figshare-osce	parakeet-tdt-0.6b-v2	qwen3-asr	RES0096	1251	163	237
figshare-osce	parakeet-tdt-0.6b-v2	qwen3-asr	RES0095	1426	181	261
figshare-osce	parakeet-tdt-0.6b-v2	qwen3-asr	RES0088	1336	135	206
figshare-osce	parakeet-tdt-0.6b-v2	qwen3-asr	RES0086	1463	183	326
figshare-osce	parakeet-tdt-0.6b-v2	qwen3-asr	RES0089	1749	177	284
figshare-osce	parakeet-tdt-0.6b-v2	qwen3-asr	RES0103	1063	111	178
figshare-osce	parakeet-tdt-0.6b-v2	qwen3-asr	RES0099	1505	162	257
figshare-osce	parakeet-tdt-0.6b-v2	qwen3-asr	RES0097	1319	140	256
figshare-osce	parakeet-tdt-0.6b-v2	qwen3-asr	RES0108	918	94	155
figshare-osce	parakeet-tdt-0.6b-v2	qwen3-asr	RES0098	1422	119	224
figshare-osce	parakeet-tdt-0.6b-v2	qwen3-asr	RES0109	817	70	130
figshare-osce	parakeet-tdt-0.6b-v2	qwen3-asr	RES0101	1379	129	235
figshare-osce	parakeet-tdt-0.6b-v2	qwen3-asr	RES0111	927	96	182
figshare-osce	parakeet-tdt-0.6b-v2	qwen3-asr	RES0093	1543	414	539
figshare-osce	parakeet-tdt-0.6b-v2	qwen3-asr	RES0106	1251	139	239
figshare-osce	parakeet-tdt-0.6b-v2	qwen3-asr	RES0112	795	67	151
figshare-osce	parakeet-tdt-0.6b-v2	qwen3-asr	RES0107	1520	171	316
figshare-osce	parakeet-tdt-0.6b-v2	qwen3-asr	RES0104	1511	158	262
figshare-osce	parakeet-tdt-0.6b-v2	qwen3-asr	RES0113	1043	113	188
figshare-osce	parakeet-tdt-0.6b-v2	qwen3-asr	RES0118	921	65	116
figshare-osce	parakeet-tdt-0.6b-v2	qwen3-asr	RES0117	920	122	190
figshare-osce	parakeet-tdt-0.6b-v2	qwen3-asr	RES0122	1005	71	144
figshare-osce	parakeet-tdt-0.6b-v2	qwen3-asr	RES0105	1663	170	317
figshare-osce	parakeet-tdt-0.6b-v2	qwen3-asr	RES0120	1325	43	166
figshare-osce	parakeet-tdt-0.6b-v2	qwen3-asr	RES0121	930	54	115
figshare-osce	parakeet-tdt-0.6b-v2	qwen3-asr	RES0100	1710	144	263
figshare-osce	parakeet-tdt-0.6b-v2	qwen3-asr	RES0116	1533	141	241
figshare-osce	parakeet-tdt-0.6b-v2	qwen3-asr	RES0119	1302	90	201
figshare-osce	parakeet-tdt-0.6b-v2	qwen3-asr	RES0110	1512	147	255
figshare-osce	parakeet-tdt-0.6b-v2	qwen3-asr	RES0102	1952	183	324
figshare-osce	parakeet-tdt-0.6b-v2	qwen3-asr	RES0128	1062	101	181
figshare-osce	parakeet-tdt-0.6b-v2	qwen3-asr	RES0129	1040	119	195
figshare-osce	parakeet-tdt-0.6b-v2	qwen3-asr	RES0123	1647	122	253
figshare-osce	parakeet-tdt-0.6b-v2	qwen3-asr	RES0114	1606	145	289
figshare-osce	parakeet-tdt-0.6b-v2	qwen3-asr	RES0127	1418	144	225
figshare-osce	parakeet-tdt-0.6b-v2	qwen3-asr	RES0130	1282	86	181
figshare-osce	parakeet-tdt-0.6b-v2	qwen3-asr	RES0125	1576	103	225
figshare-osce	parakeet-tdt-0.6b-v2	qwen3-asr	RES0140	877	71	141
figshare-osce	parakeet-tdt-0.6b-v2	qwen3-asr	RES0139	1093	104	176
figshare-osce	parakeet-tdt-0.6b-v2	qwen3-asr	RES0131	1176	96	211
figshare-osce	parakeet-tdt-0.6b-v2	qwen3-asr	RES0136	1211	97	164
figshare-osce	parakeet-tdt-0.6b-v2	qwen3-asr	RES0138	1118	112	167
figshare-osce	parakeet-tdt-0.6b-v2	qwen3-asr	RES0142	758	43	86
figshare-osce	parakeet-tdt-0.6b-v2	qwen3-asr	RES0132	1276	72	145
figshare-osce	parakeet-tdt-0.6b-v2	qwen3-asr	RES0141	949	73	145
figshare-osce	parakeet-tdt-0.6b-v2	qwen3-asr	RES0124	1675	93	204
figshare-osce	parakeet-tdt-0.6b-v2	qwen3-asr	RES0133	1222	98	175
figshare-osce	parakeet-tdt-0.6b-v2	qwen3-asr	RES0135	1191	91	155
figshare-osce	parakeet-tdt-0.6b-v2	qwen3-asr	RES0137	1216	94	219
figshare-osce	parakeet-tdt-0.6b-v2	qwen3-asr	RES0146	870	102	149
figshare-osce	parakeet-tdt-0.6b-v2	qwen3-asr	RES0144	1119	137	213
figshare-osce	parakeet-tdt-0.6b-v2	qwen3-asr	RES0148	1101	153	213
figshare-osce	parakeet-tdt-0.6b-v2	qwen3-asr	RES0143	1080	99	167
figshare-osce	parakeet-tdt-0.6b-v2	qwen3-asr	RES0145	1277	147	246
figshare-osce	parakeet-tdt-0.6b-v2	qwen3-asr	RES0154	922	136	181
figshare-osce	parakeet-tdt-0.6b-v2	qwen3-asr	RES0126	1784	203	343
figshare-osce	parakeet-tdt-0.6b-v2	qwen3-asr	RES0153	1063	118	194
figshare-osce	parakeet-tdt-0.6b-v2	qwen3-asr	RES0150	1099	123	218
figshare-osce	parakeet-tdt-0.6b-v2	qwen3-asr	RES0151	1125	120	180
figshare-osce	parakeet-tdt-0.6b-v2	qwen3-asr	RES0158	1034	115	190
figshare-osce	parakeet-tdt-0.6b-v2	qwen3-asr	RES0149	1231	104	184
figshare-osce	parakeet-tdt-0.6b-v2	qwen3-asr	RES0147	1234	157	237
figshare-osce	parakeet-tdt-0.6b-v2	qwen3-asr	RES0152	1028	88	158
figshare-osce	parakeet-tdt-0.6b-v2	qwen3-asr	RES0134	1630	106	214
figshare-osce	parakeet-tdt-0.6b-v2	qwen3-asr	RES0156	983	104	172
figshare-osce	parakeet-tdt-0.6b-v2	qwen3-asr	RES0159	1060	90	170
figshare-osce	parakeet-tdt-0.6b-v2	qwen3-asr	RES0161	993	129	200
figshare-osce	parakeet-tdt-0.6b-v2	qwen3-asr	RES0155	1380	189	290
figshare-osce	parakeet-tdt-0.6b-v2	qwen3-asr	RES0165	881	131	191
figshare-osce	parakeet-tdt-0.6b-v2	qwen3-asr	RES0164	1197	160	270
figshare-osce	parakeet-tdt-0.6b-v2	qwen3-asr	RES0169	906	116	197
figshare-osce	parakeet-tdt-0.6b-v2	qwen3-asr	RES0168	1271	188	297
figshare-osce	parakeet-tdt-0.6b-v2	qwen3-asr	RES0170	1300	155	255
figshare-osce	parakeet-tdt-0.6b-v2	qwen3-asr	RES0171	1306	132	252
figshare-osce	parakeet-tdt-0.6b-v2	qwen3-asr	RES0160	1093	1094	1181
figshare-osce	parakeet-tdt-0.6b-v2	qwen3-asr	RES0167	1132	125	217
figshare-osce	parakeet-tdt-0.6b-v2	qwen3-asr	RES0163	1155	122	212
figshare-osce	parakeet-tdt-0.6b-v2	qwen3-asr	RES0166	1117	146	224
figshare-osce	parakeet-tdt-0.6b-v2	qwen3-asr	RES0162	1183	123	220
figshare-osce	parakeet-tdt-0.6b-v2	qwen3-asr	RES0172	1148	139	227
figshare-osce	parakeet-tdt-0.6b-v2	qwen3-asr	RES0178	1082	142	227
figshare-osce	parakeet-tdt-0.6b-v2	qwen3-asr	RES0177	1151	151	238
figshare-osce	parakeet-tdt-0.6b-v2	qwen3-asr	RES0175	979	102	180
figshare-osce	parakeet-tdt-0.6b-v2	qwen3-asr	RES0176	1269	137	207
figshare-osce	parakeet-tdt-0.6b-v2	qwen3-asr	RES0182	919	102	152
figshare-osce	parakeet-tdt-0.6b-v2	qwen3-asr	RES0180	1020	127	210
figshare-osce	parakeet-tdt-0.6b-v2	qwen3-asr	RES0174	1484	168	290
figshare-osce	parakeet-tdt-0.6b-v2	qwen3-asr	RES0173	1210	155	271
figshare-osce	parakeet-tdt-0.6b-v2	qwen3-asr	RES0184	946	124	169
figshare-osce	parakeet-tdt-0.6b-v2	qwen3-asr	RES0185	1026	126	204
figshare-osce	parakeet-tdt-0.6b-v2	qwen3-asr	RES0186	1020	112	208
figshare-osce	parakeet-tdt-0.6b-v2	qwen3-asr	RES0179	1254	161	242
figshare-osce	parakeet-tdt-0.6b-v2	qwen3-asr	RES0181	1154	141	205
figshare-osce	parakeet-tdt-0.6b-v2	qwen3-asr	RES0188	932	102	161
figshare-osce	parakeet-tdt-0.6b-v2	qwen3-asr	RES0183	1178	148	222
figshare-osce	parakeet-tdt-0.6b-v2	qwen3-asr	RES0191	905	94	135
figshare-osce	parakeet-tdt-0.6b-v2	qwen3-asr	RES0198	833	83	126
figshare-osce	parakeet-tdt-0.6b-v2	qwen3-asr	RES0196	910	117	184
figshare-osce	parakeet-tdt-0.6b-v2	qwen3-asr	RES0187	1275	138	204
figshare-osce	parakeet-tdt-0.6b-v2	qwen3-asr	RES0194	1339	150	244
figshare-osce	parakeet-tdt-0.6b-v2	qwen3-asr	RES0197	943	111	158
figshare-osce	parakeet-tdt-0.6b-v2	qwen3-asr	RES0195	1297	140	210
figshare-osce	parakeet-tdt-0.6b-v2	qwen3-asr	RES0190	1263	122	181
figshare-osce	parakeet-tdt-0.6b-v2	qwen3-asr	RES0201	1024	132	194
figshare-osce	parakeet-tdt-0.6b-v2	qwen3-asr	RES0200	1316	188	265
figshare-osce	parakeet-tdt-0.6b-v2	qwen3-asr	RES0199	1118	139	198
figshare-osce	parakeet-tdt-0.6b-v2	qwen3-asr	RES0204	959	99	174
figshare-osce	parakeet-tdt-0.6b-v2	qwen3-asr	RES0192	1243	142	211
figshare-osce	parakeet-tdt-0.6b-v2	qwen3-asr	RES0189	1397	155	241
figshare-osce	parakeet-tdt-0.6b-v2	qwen3-asr	RES0207	789	109	165
figshare-osce	parakeet-tdt-0.6b-v2	qwen3-asr	RES0193	1382	219	325
figshare-osce	parakeet-tdt-0.6b-v2	qwen3-asr	RES0203	895	107	150
figshare-osce	parakeet-tdt-0.6b-v2	qwen3-asr	RES0209	1062	131	220
figshare-osce	parakeet-tdt-0.6b-v2	qwen3-asr	RES0206	1309	171	259
figshare-osce	parakeet-tdt-0.6b-v2	qwen3-asr	RES0208	1254	148	280
figshare-osce	parakeet-tdt-0.6b-v2	qwen3-asr	RES0205	1009	106	183
figshare-osce	parakeet-tdt-0.6b-v2	qwen3-asr	RES0211	1355	168	288
figshare-osce	parakeet-tdt-0.6b-v2	qwen3-asr	RES0210	1119	129	166
figshare-osce	sensevoice	sensevoice-no-itn	CAR0001	1027	117	165
figshare-osce	sensevoice	sensevoice-no-itn	CAR0002	1043	116	158
figshare-osce	parakeet-tdt-0.6b-v2	qwen3-asr	RES0202	1472	184	271
figshare-osce	parakeet-tdt-0.6b-v2	qwen3-asr	RES0212	1238	91	221
figshare-osce	parakeet-tdt-0.6b-v2	qwen3-asr	RES0214	1093	121	173
figshare-osce	parakeet-tdt-0.6b-v2	qwen3-asr	RES0217	1424	94	208
figshare-osce	sensevoice	sensevoice-no-itn	CAR0004	896	106	142
figshare-osce	parakeet-tdt-0.6b-v2	qwen3-asr	RES0213	1383	112	302
figshare-osce	sensevoice	sensevoice-no-itn	GAS0001	984	179	248
figshare-osce	sensevoice	sensevoice-no-itn	GAS0007	884	124	154
figshare-osce	sensevoice	sensevoice-no-itn	CAR0003	1259	128	163
figshare-osce	parakeet-tdt-0.6b-v2	qwen3-asr	RES0215	1329	121	233
figshare-osce	sensevoice	sensevoice-no-itn	MSK0001	960	126	163
figshare-osce	sensevoice	sensevoice-no-itn	GAS0003	1036	133	224
figshare-osce	parakeet-tdt-0.6b-v2	qwen3-asr	RES0216	1531	96	244
figshare-osce	sensevoice	sensevoice-no-itn	GAS0002	1103	118	177
figshare-osce	sensevoice	sensevoice-no-itn	DER0001	1485	197	303
figshare-osce	sensevoice	sensevoice-no-itn	CAR0005	1228	109	215
figshare-osce	sensevoice	sensevoice-no-itn	GAS0004	1127	159	249
figshare-osce	sensevoice	sensevoice-no-itn	GEN0001	1093	116	187
figshare-osce	sensevoice	sensevoice-no-itn	GAS0005	1541	182	277
figshare-osce	sensevoice	sensevoice-no-itn	MSK0004	1096	127	166
figshare-osce	sensevoice	sensevoice-no-itn	MSK0010	1473	152	209
figshare-osce	sensevoice	sensevoice-no-itn	MSK0003	1810	194	289
figshare-osce	sensevoice	sensevoice-no-itn	MSK0006	1720	220	315
figshare-osce	sensevoice	sensevoice-no-itn	MSK0007	1333	149	197
figshare-osce	sensevoice	sensevoice-no-itn	MSK0005	1462	173	258
figshare-osce	sensevoice	sensevoice-no-itn	MSK0008	1391	178	219
figshare-osce	sensevoice	sensevoice-no-itn	MSK0014	1529	174	258
figshare-osce	sensevoice	sensevoice-no-itn	MSK0011	1501	185	244
figshare-osce	sensevoice	sensevoice-no-itn	MSK0018	940	73	130
figshare-osce	sensevoice	sensevoice-no-itn	MSK0009	1520	197	284
figshare-osce	sensevoice	sensevoice-no-itn	MSK0012	1600	147	243
figshare-osce	sensevoice	sensevoice-no-itn	MSK0013	1562	155	247
figshare-osce	sensevoice	sensevoice-no-itn	MSK0024	1162	102	157
figshare-osce	sensevoice	sensevoice-no-itn	MSK0015	1576	205	280
figshare-osce	sensevoice	sensevoice-no-itn	MSK0017	1681	188	288
figshare-osce	sensevoice	sensevoice-no-itn	MSK0019	1298	98	167
figshare-osce	sensevoice	sensevoice-no-itn	MSK0023	1181	133	220
figshare-osce	sensevoice	sensevoice-no-itn	MSK0016	1999	203	320
figshare-osce	sensevoice	sensevoice-no-itn	MSK0031	1247	148	230
figshare-osce	sensevoice	sensevoice-no-itn	MSK0026	1338	146	189
figshare-osce	sensevoice	sensevoice-no-itn	MSK0025	1511	134	255
figshare-osce	sensevoice	sensevoice-no-itn	MSK0022	2091	210	346
figshare-osce	sensevoice	sensevoice-no-itn	MSK0020	1636	209	300
figshare-osce	sensevoice	sensevoice-no-itn	MSK0027	1331	168	238
figshare-osce	sensevoice	sensevoice-no-itn	MSK0021	1691	235	332
figshare-osce	sensevoice	sensevoice-no-itn	MSK0032	1154	80	161
figshare-osce	sensevoice	sensevoice-no-itn	MSK0028	1785	195	289
figshare-osce	sensevoice	sensevoice-no-itn	MSK0034	1417	176	234
figshare-osce	sensevoice	sensevoice-no-itn	MSK0035	1549	176	257
figshare-osce	sensevoice	sensevoice-no-itn	MSK0044	1132	119	199
figshare-osce	sensevoice	sensevoice-no-itn	MSK0033	1621	168	297
figshare-osce	sensevoice	sensevoice-no-itn	MSK0039	1367	133	199
figshare-osce	sensevoice	sensevoice-no-itn	MSK0043	1694	146	279
figshare-osce	sensevoice	sensevoice-no-itn	MSK0038	1828	179	301
figshare-osce	sensevoice	sensevoice-no-itn	MSK0046	1188	137	201
figshare-osce	sensevoice	sensevoice-no-itn	MSK0045	1354	136	211
figshare-osce	sensevoice	sensevoice-no-itn	MSK0040	1446	149	231
figshare-osce	sensevoice	sensevoice-no-itn	MSK0042	1471	143	233
figshare-osce	sensevoice	sensevoice-no-itn	MSK0041	1543	164	239
figshare-osce	sensevoice	sensevoice-no-itn	MSK0037	1620	191	315
figshare-osce	sensevoice	sensevoice-no-itn	RES0002	1144	328	367
figshare-osce	sensevoice	sensevoice-no-itn	MSK0036	1714	176	258
figshare-osce	sensevoice	sensevoice-no-itn	MSK0029	2186	281	411
figshare-osce	sensevoice	sensevoice-no-itn	RES0003	1213	123	211
figshare-osce	sensevoice	sensevoice-no-itn	MSK0049	1333	148	209
figshare-osce	sensevoice	sensevoice-no-itn	RES0001	1469	186	284
figshare-osce	sensevoice	sensevoice-no-itn	MSK0050	1257	130	180
figshare-osce	sensevoice	sensevoice-no-itn	RES0004	1650	210	349
figshare-osce	sensevoice	sensevoice-no-itn	RES0009	1372	165	296
figshare-osce	sensevoice	sensevoice-no-itn	RES0010	1018	173	256
figshare-osce	sensevoice	sensevoice-no-itn	RES0006	1207	163	218
figshare-osce	sensevoice	sensevoice-no-itn	RES0008	1129	124	199
figshare-osce	sensevoice	sensevoice-no-itn	RES0014	1383	179	275
figshare-osce	sensevoice	sensevoice-no-itn	RES0005	1578	156	276
figshare-osce	sensevoice	sensevoice-no-itn	RES0016	1287	130	206
figshare-osce	sensevoice	sensevoice-no-itn	RES0013	1325	163	290
figshare-osce	sensevoice	sensevoice-no-itn	RES0011	1573	180	310
figshare-osce	sensevoice	sensevoice-no-itn	RES0021	1226	154	208
figshare-osce	sensevoice	sensevoice-no-itn	RES0023	1054	184	257
figshare-osce	sensevoice	sensevoice-no-itn	RES0018	1294	142	212
figshare-osce	sensevoice	sensevoice-no-itn	RES0012	2058	261	457
figshare-osce	sensevoice	sensevoice-no-itn	RES0019	1300	153	203
figshare-osce	sensevoice	sensevoice-no-itn	RES0017	1698	175	271
figshare-osce	sensevoice	sensevoice-no-itn	RES0015	1551	153	247
figshare-osce	sensevoice	sensevoice-no-itn	RES0007	1811	183	296
figshare-osce	sensevoice	sensevoice-no-itn	RES0020	1386	162	219
figshare-osce	sensevoice	sensevoice-no-itn	RES0024	969	128	196
figshare-osce	sensevoice	sensevoice-no-itn	RES0029	787	95	129
figshare-osce	sensevoice	sensevoice-no-itn	RES0027	1323	150	222
figshare-osce	sensevoice	sensevoice-no-itn	RES0031	1297	136	204
figshare-osce	sensevoice	sensevoice-no-itn	RES0035	944	79	103
figshare-osce	sensevoice	sensevoice-no-itn	RES0028	1130	133	168
figshare-osce	sensevoice	sensevoice-no-itn	RES0026	1504	161	237
figshare-osce	sensevoice	sensevoice-no-itn	RES0025	1342	179	267
figshare-osce	sensevoice	sensevoice-no-itn	RES0030	1158	121	164
figshare-osce	sensevoice	sensevoice-no-itn	RES0032	1169	125	186
figshare-osce	sensevoice	sensevoice-no-itn	RES0036	1368	135	220
figshare-osce	sensevoice	sensevoice-no-itn	RES0033	1306	123	244
figshare-osce	sensevoice	sensevoice-no-itn	RES0037	1413	164	235
figshare-osce	sensevoice	sensevoice-no-itn	RES0043	1451	226	315
figshare-osce	sensevoice	sensevoice-no-itn	RES0038	1504	150	230
figshare-osce	sensevoice	sensevoice-no-itn	RES0042	1222	184	259
figshare-osce	sensevoice	sensevoice-no-itn	RES0022	1927	216	356
figshare-osce	sensevoice	sensevoice-no-itn	RES0045	1158	106	186
figshare-osce	sensevoice	sensevoice-no-itn	RES0034	1627	187	276
figshare-osce	sensevoice	sensevoice-no-itn	RES0051	970	135	185
figshare-osce	sensevoice	sensevoice-no-itn	RES0047	1575	187	290
figshare-osce	sensevoice	sensevoice-no-itn	RES0050	1084	110	157
figshare-osce	sensevoice	sensevoice-no-itn	RES0052	809	135	179
figshare-osce	sensevoice	sensevoice-no-itn	RES0049	1555	183	300
figshare-osce	sensevoice	sensevoice-no-itn	RES0046	1532	167	275
figshare-osce	sensevoice	sensevoice-no-itn	RES0039	1635	180	248
figshare-osce	sensevoice	sensevoice-no-itn	RES0056	1140	193	253
figshare-osce	sensevoice	sensevoice-no-itn	RES0057	1194	237	329
figshare-osce	sensevoice	sensevoice-no-itn	RES0044	1776	174	318
figshare-osce	sensevoice	sensevoice-no-itn	RES0058	1462	254	349
figshare-osce	sensevoice	sensevoice-no-itn	RES0064	1046	140	198
figshare-osce	sensevoice	sensevoice-no-itn	RES0048	1726	180	327
figshare-osce	sensevoice	sensevoice-no-itn	RES0055	1328	272	366
figshare-osce	sensevoice	sensevoice-no-itn	RES0059	1327	198	257
figshare-osce	sensevoice	sensevoice-no-itn	RES0063	1384	201	308
figshare-osce	sensevoice	sensevoice-no-itn	RES0060	1616	290	413
figshare-osce	sensevoice	sensevoice-no-itn	RES0067	912	114	175
figshare-osce	sensevoice	sensevoice-no-itn	RES0066	1160	150	213
figshare-osce	sensevoice	sensevoice-no-itn	RES0065	1064	151	203
figshare-osce	sensevoice	sensevoice-no-itn	RES0069	994	156	203
figshare-osce	sensevoice	sensevoice-no-itn	RES0070	946	165	222
figshare-osce	sensevoice	sensevoice-no-itn	RES0061	1701	237	394
figshare-osce	sensevoice	sensevoice-no-itn	RES0071	1261	156	240
figshare-osce	sensevoice	sensevoice-no-itn	RES0072	1150	181	244
figshare-osce	sensevoice	sensevoice-no-itn	RES0068	1168	158	239
figshare-osce	sensevoice	sensevoice-no-itn	RES0074	1206	159	235
figshare-osce	sensevoice	sensevoice-no-itn	RES0079	815	130	188
figshare-osce	sensevoice	sensevoice-no-itn	RES0075	1070	139	223
figshare-osce	sensevoice	sensevoice-no-itn	RES0053	1906	375	517
figshare-osce	sensevoice	sensevoice-no-itn	RES0082	891	143	226
figshare-osce	sensevoice	sensevoice-no-itn	RES0078	1092	168	252
figshare-osce	sensevoice	sensevoice-no-itn	RES0073	1303	174	247
figshare-osce	sensevoice	sensevoice-no-itn	RES0083	962	152	206
figshare-osce	sensevoice	sensevoice-no-itn	RES0080	1179	166	270
figshare-osce	sensevoice	sensevoice-no-itn	RES0085	923	116	189
figshare-osce	sensevoice	sensevoice-no-itn	RES0054	2446	744	841
figshare-osce	sensevoice	sensevoice-no-itn	RES0062	1905	300	411
figshare-osce	sensevoice	sensevoice-no-itn	RES0087	1306	151	255
figshare-osce	sensevoice	sensevoice-no-itn	RES0076	1513	197	299
figshare-osce	sensevoice	sensevoice-no-itn	RES0090	1160	106	168
figshare-osce	sensevoice	sensevoice-no-itn	RES0081	1391	206	322
figshare-osce	sensevoice	sensevoice-no-itn	RES0086	1463	194	327
figshare-osce	sensevoice	sensevoice-no-itn	RES0094	766	100	157
figshare-osce	sensevoice	sensevoice-no-itn	RES0091	869	75	125
figshare-osce	sensevoice	sensevoice-no-itn	RES0092	800	114	181
figshare-osce	sensevoice	sensevoice-no-itn	RES0077	1585	228	345
figshare-osce	sensevoice	sensevoice-no-itn	RES0096	1251	206	266
figshare-osce	sensevoice	sensevoice-no-itn	RES0088	1336	142	210
figshare-osce	sensevoice	sensevoice-no-itn	RES0089	1749	180	285
figshare-osce	sensevoice	sensevoice-no-itn	RES0084	1516	173	271
figshare-osce	sensevoice	sensevoice-no-itn	RES0103	1063	136	198
figshare-osce	sensevoice	sensevoice-no-itn	RES0098	1422	153	251
figshare-osce	sensevoice	sensevoice-no-itn	RES0099	1505	184	265
figshare-osce	sensevoice	sensevoice-no-itn	RES0097	1319	219	313
figshare-osce	sensevoice	sensevoice-no-itn	RES0095	1426	216	293
figshare-osce	sensevoice	sensevoice-no-itn	RES0108	918	111	166
figshare-osce	sensevoice	sensevoice-no-itn	RES0093	1543	225	337
figshare-osce	sensevoice	sensevoice-no-itn	RES0109	817	98	153
figshare-osce	sensevoice	sensevoice-no-itn	RES0101	1379	153	245
figshare-osce	sensevoice	sensevoice-no-itn	RES0112	795	80	157
figshare-osce	sensevoice	sensevoice-no-itn	RES0105	1663	206	336
figshare-osce	sensevoice	sensevoice-no-itn	RES0106	1251	167	254
figshare-osce	sensevoice	sensevoice-no-itn	RES0111	927	110	184
figshare-osce	sensevoice	sensevoice-no-itn	RES0107	1520	210	338
figshare-osce	sensevoice	sensevoice-no-itn	RES0117	920	99	162
figshare-osce	sensevoice	sensevoice-no-itn	RES0118	921	81	133
figshare-osce	sensevoice	sensevoice-no-itn	RES0113	1043	117	183
figshare-osce	sensevoice	sensevoice-no-itn	RES0104	1511	184	279
figshare-osce	sensevoice	sensevoice-no-itn	RES0100	1710	160	263
figshare-osce	sensevoice	sensevoice-no-itn	RES0121	930	59	119
figshare-osce	sensevoice	sensevoice-no-itn	RES0122	1005	114	184
figshare-osce	sensevoice	sensevoice-no-itn	RES0114	1606	210	341
figshare-osce	sensevoice	sensevoice-no-itn	RES0110	1512	159	244
figshare-osce	sensevoice	sensevoice-no-itn	RES0102	1952	206	336
figshare-osce	sensevoice	sensevoice-no-itn	RES0128	1062	132	208
figshare-osce	sensevoice	sensevoice-no-itn	RES0119	1302	115	222
figshare-osce	sensevoice	sensevoice-no-itn	RES0129	1040	129	203
figshare-osce	sensevoice	sensevoice-no-itn	RES0120	1325	64	169
figshare-osce	sensevoice	sensevoice-no-itn	RES0127	1418	173	249
figshare-osce	sensevoice	sensevoice-no-itn	RES0116	1533	167	258
figshare-osce	sensevoice	sensevoice-no-itn	RES0123	1647	184	305
figshare-osce	sensevoice	sensevoice-no-itn	RES0132	1276	84	157
figshare-osce	sensevoice	sensevoice-no-itn	RES0138	1118	154	202
figshare-osce	sensevoice	sensevoice-no-itn	RES0125	1576	145	243
figshare-osce	sensevoice	sensevoice-no-itn	RES0131	1176	107	208
figshare-osce	sensevoice	sensevoice-no-itn	RES0136	1211	115	180
figshare-osce	sensevoice	sensevoice-no-itn	RES0130	1282	93	178
figshare-osce	sensevoice	sensevoice-no-itn	RES0133	1222	122	191
figshare-osce	sensevoice	sensevoice-no-itn	RES0140	877	109	166
figshare-osce	sensevoice	sensevoice-no-itn	RES0124	1675	139	245
figshare-osce	sensevoice	sensevoice-no-itn	RES0139	1093	136	196
figshare-osce	sensevoice	sensevoice-no-itn	RES0135	1191	109	168
figshare-osce	sensevoice	sensevoice-no-itn	RES0134	1630	134	224
figshare-osce	sensevoice	sensevoice-no-itn	RES0142	758	106	146
figshare-osce	sensevoice	sensevoice-no-itn	RES0137	1216	126	226
figshare-osce	sensevoice	sensevoice-no-itn	RES0146	870	117	164
figshare-osce	sensevoice	sensevoice-no-itn	RES0143	1080	127	182
figshare-osce	sensevoice	sensevoice-no-itn	RES0126	1784	271	396
figshare-osce	sensevoice	sensevoice-no-itn	RES0141	949	105	176
figshare-osce	sensevoice	sensevoice-no-itn	RES0148	1101	166	216
figshare-osce	sensevoice	sensevoice-no-itn	RES0150	1099	171	247
figshare-osce	sensevoice	sensevoice-no-itn	RES0154	922	132	177
figshare-osce	sensevoice	sensevoice-no-itn	RES0153	1063	147	212
figshare-osce	sensevoice	sensevoice-no-itn	RES0144	1119	158	226
figshare-osce	sensevoice	sensevoice-no-itn	RES0152	1028	123	190
figshare-osce	sensevoice	sensevoice-no-itn	RES0147	1234	177	254
figshare-osce	sensevoice	sensevoice-no-itn	RES0158	1034	128	203
figshare-osce	sensevoice	sensevoice-no-itn	RES0145	1277	178	262
figshare-osce	sensevoice	sensevoice-no-itn	RES0151	1125	139	193
figshare-osce	sensevoice	sensevoice-no-itn	RES0156	983	143	202
figshare-osce	sensevoice	sensevoice-no-itn	RES0149	1231	169	234
figshare-osce	sensevoice	sensevoice-no-itn	RES0159	1060	133	205
figshare-osce	sensevoice	sensevoice-no-itn	RES0161	993	130	200
figshare-osce	sensevoice	sensevoice-no-itn	RES0160	1093	150	228
figshare-osce	sensevoice	sensevoice-no-itn	RES0165	881	139	185
figshare-osce	sensevoice	sensevoice-no-itn	RES0155	1380	188	281
figshare-osce	sensevoice	sensevoice-no-itn	RES0172	1148	155	231
figshare-osce	sensevoice	sensevoice-no-itn	RES0169	906	120	198
figshare-osce	sensevoice	sensevoice-no-itn	RES0162	1183	148	235
figshare-osce	sensevoice	sensevoice-no-itn	RES0171	1306	164	273
figshare-osce	sensevoice	sensevoice-no-itn	RES0170	1300	191	267
figshare-osce	sensevoice	sensevoice-no-itn	RES0166	1117	174	244
figshare-osce	sensevoice	sensevoice-no-itn	RES0167	1132	127	210
figshare-osce	sensevoice	sensevoice-no-itn	RES0163	1155	141	222
figshare-osce	sensevoice	sensevoice-no-itn	RES0173	1210	175	271
figshare-osce	sensevoice	sensevoice-no-itn	RES0164	1197	211	299
figshare-osce	sensevoice	sensevoice-no-itn	RES0175	979	143	207
figshare-osce	sensevoice	sensevoice-no-itn	RES0168	1271	162	270
figshare-osce	sensevoice	sensevoice-no-itn	RES0178	1082	166	235
figshare-osce	sensevoice	sensevoice-no-itn	RES0185	1026	145	219
figshare-osce	sensevoice	sensevoice-no-itn	RES0179	1254	162	240
figshare-osce	sensevoice	sensevoice-no-itn	RES0182	919	109	154
figshare-osce	sensevoice	sensevoice-no-itn	RES0183	1178	162	232
figshare-osce	sensevoice	sensevoice-no-itn	RES0180	1020	146	222
figshare-osce	sensevoice	sensevoice-no-itn	RES0184	946	138	177
figshare-osce	sensevoice	sensevoice-no-itn	RES0177	1151	169	237
figshare-osce	sensevoice	sensevoice-no-itn	RES0176	1269	169	226
figshare-osce	sensevoice	sensevoice-no-itn	RES0181	1154	163	213
figshare-osce	sensevoice	sensevoice-no-itn	RES0188	932	115	168
figshare-osce	sensevoice	sensevoice-no-itn	RES0191	905	103	140
figshare-osce	sensevoice	sensevoice-no-itn	RES0186	1020	133	227
figshare-osce	sensevoice	sensevoice-no-itn	RES0187	1275	169	223
figshare-osce	sensevoice	sensevoice-no-itn	RES0174	1484	231	333
figshare-osce	sensevoice	sensevoice-no-itn	RES0197	943	123	169
figshare-osce	sensevoice	sensevoice-no-itn	RES0198	833	90	128
figshare-osce	sensevoice	sensevoice-no-itn	RES0189	1397	166	249
figshare-osce	sensevoice	sensevoice-no-itn	RES0196	910	138	191
figshare-osce	sensevoice	sensevoice-no-itn	RES0203	895	136	177
figshare-osce	sensevoice	sensevoice-no-itn	RES0192	1243	152	215
figshare-osce	sensevoice	sensevoice-no-itn	RES0190	1263	136	186
figshare-osce	sensevoice	sensevoice-no-itn	RES0204	959	107	178
figshare-osce	sensevoice	sensevoice-no-itn	RES0200	1316	213	282
figshare-osce	sensevoice	sensevoice-no-itn	RES0199	1118	149	203
figshare-osce	sensevoice	sensevoice-no-itn	RES0201	1024	158	210
figshare-osce	sensevoice	sensevoice-no-itn	RES0195	1297	155	224
figshare-osce	sensevoice	sensevoice-no-itn	RES0194	1339	175	272
figshare-osce	sensevoice	sensevoice-no-itn	RES0193	1382	166	262
figshare-osce	sensevoice	sensevoice-no-itn	RES0207	789	123	170
figshare-osce	sensevoice	sensevoice-no-itn	RES0205	1009	157	223
figshare-osce	sensevoice	sensevoice-no-itn	RES0202	1472	219	293
figshare-osce	sensevoice	sensevoice-no-itn	RES0209	1062	130	212
figshare-osce	sensevoice	sensevoice-no-itn	RES0206	1309	196	266
figshare-osce	sensevoice	sensevoice-no-itn	RES0210	1119	155	192
figshare-osce	sensevoice	sensevoice-no-itn	RES0208	1254	172	282
primock57	parakeet-tdt-0.6b-v2	sensevoice	day1_consultation01	1367	276	195
figshare-osce	sensevoice	sensevoice-no-itn	RES0214	1093	124	179
figshare-osce	sensevoice	sensevoice-no-itn	RES0212	1238	120	240
figshare-osce	sensevoice	sensevoice-no-itn	RES0211	1355	189	301
primock57	parakeet-tdt-0.6b-v2	sensevoice	day1_consultation04	1651	435	288
primock57	parakeet-tdt-0.6b-v2	sensevoice	day1_consultation03	1561	346	244
primock57	parakeet-tdt-0.6b-v2	sensevoice	day1_consultation02	1672	399	252
figshare-osce	sensevoice	sensevoice-no-itn	RES0213	1383	126	294
figshare-osce	sensevoice	sensevoice-no-itn	RES0215	1329	124	226
figshare-osce	sensevoice	sensevoice-no-itn	RES0217	1424	135	249
figshare-osce	sensevoice	sensevoice-no-itn	RES0216	1531	127	259
primock57	parakeet-tdt-0.6b-v2	sensevoice	day1_consultation12	1146	245	168
primock57	parakeet-tdt-0.6b-v2	sensevoice	day1_consultation08	1163	252	171
primock57	parakeet-tdt-0.6b-v2	sensevoice	day1_consultation06	1831	459	313
primock57	parakeet-tdt-0.6b-v2	sensevoice	day1_consultation10	1856	471	322
primock57	parakeet-tdt-0.6b-v2	sensevoice	day1_consultation05	1632	384	219
primock57	parakeet-tdt-0.6b-v2	sensevoice	day1_consultation15	1262	286	200
primock57	parakeet-tdt-0.6b-v2	sensevoice	day2_consultation01	1164	269	171
primock57	parakeet-tdt-0.6b-v2	sensevoice	day1_consultation09	1556	357	254
primock57	parakeet-tdt-0.6b-v2	sensevoice	day2_consultation02	1685	394	264
primock57	parakeet-tdt-0.6b-v2	sensevoice	day2_consultation03	1415	348	255
primock57	parakeet-tdt-0.6b-v2	sensevoice	day1_consultation11	2326	583	358
primock57	parakeet-tdt-0.6b-v2	sensevoice	day2_consultation04	1825	371	247
primock57	parakeet-tdt-0.6b-v2	sensevoice	day1_consultation13	1688	279	165
primock57	parakeet-tdt-0.6b-v2	sensevoice	day2_consultation09	1015	208	137
primock57	parakeet-tdt-0.6b-v2	sensevoice	day2_consultation07	1308	324	221
primock57	parakeet-tdt-0.6b-v2	sensevoice	day3_consultation02	1137	243	160
primock57	parakeet-tdt-0.6b-v2	sensevoice	day1_consultation14	1945	443	293
primock57	parakeet-tdt-0.6b-v2	sensevoice	day3_consultation06	592	125	76
primock57	parakeet-tdt-0.6b-v2	sensevoice	day2_consultation05	1917	358	188
primock57	parakeet-tdt-0.6b-v2	sensevoice	day3_consultation01	1277	273	194
primock57	parakeet-tdt-0.6b-v2	sensevoice	day2_consultation10	1791	322	192
primock57	parakeet-tdt-0.6b-v2	sensevoice	day3_consultation04	1112	278	179
primock57	parakeet-tdt-0.6b-v2	sensevoice	day3_consultation05	1121	251	147
primock57	parakeet-tdt-0.6b-v2	sensevoice	day1_consultation07	2797	845	572
primock57	parakeet-tdt-0.6b-v2	sensevoice	day3_consultation07	1177	296	190
primock57	parakeet-tdt-0.6b-v2	sensevoice	day3_consultation08	918	215	139
primock57	parakeet-tdt-0.6b-v2	sensevoice	day3_consultation03	1847	456	263
primock57	parakeet-tdt-0.6b-v2	sensevoice	day3_consultation10	1355	246	123
primock57	parakeet-tdt-0.6b-v2	sensevoice	day4_consultation02	1244	205	117
primock57	parakeet-tdt-0.6b-v2	sensevoice	day4_consultation03	1023	172	90
primock57	parakeet-tdt-0.6b-v2	sensevoice	day4_consultation04	987	169	86
primock57	parakeet-tdt-0.6b-v2	sensevoice	day2_consultation06	1938	437	254
primock57	parakeet-tdt-0.6b-v2	sensevoice	day2_consultation08	1806	367	212
primock57	parakeet-tdt-0.6b-v2	sensevoice	day4_consultation01	1274	239	138
primock57	parakeet-tdt-0.6b-v2	sensevoice	day4_consultation06	1650	318	173
primock57	parakeet-tdt-0.6b-v2	sensevoice	day4_consultation05	1564	395	252
primock57	parakeet-tdt-0.6b-v2	sensevoice	day5_consultation02	1082	153	99
primock57	parakeet-tdt-0.6b-v2	sensevoice	day5_consultation05	901	165	119
primock57	parakeet-tdt-0.6b-v2	sensevoice	day4_consultation08	1691	333	230
primock57	parakeet-tdt-0.6b-v2	sensevoice	day5_consultation04	1269	318	244
primock57	parakeet-tdt-0.6b-v2	sensevoice	day4_consultation09	1698	330	224
primock57	parakeet-tdt-0.6b-v2	sensevoice	day5_consultation01	1242	242	156
primock57	parakeet-tdt-0.6b-v2	sensevoice	day4_consultation10	1669	335	189
primock57	parakeet-tdt-0.6b-v2	sensevoice	day4_consultation07	1745	337	232
primock57	parakeet-tdt-0.6b-v2	sensevoice	day5_consultation12	787	126	80
primock57	parakeet-tdt-0.6b-v2	sensevoice	day5_consultation06	1531	315	188
primock57	parakeet-tdt-0.6b-v2	sensevoice	day5_consultation07	1234	250	146
primock57	parakeet-tdt-0.6b-v2	sensevoice	day5_consultation10	1542	259	177
primock57	parakeet-tdt-0.6b-v2	sensevoice	day5_consultation08	1271	167	114
primock57	parakeet-tdt-0.6b-v2	sensevoice	day3_consultation09	2130	423	204
primock57	parakeet-tdt-0.6b-v2	sensevoice	day5_consultation09	1364	266	177
primock57	parakeet-tdt-0.6b-v2	sensevoice-no-itn	day1_consultation02	1672	400	253
primock57	parakeet-tdt-0.6b-v2	sensevoice-no-itn	day1_consultation04	1651	431	280
primock57	parakeet-tdt-0.6b-v2	sensevoice-no-itn	day1_consultation01	1367	276	197
primock57	parakeet-tdt-0.6b-v2	sensevoice-no-itn	day1_consultation05	1632	381	217
primock57	parakeet-tdt-0.6b-v2	sensevoice-no-itn	day1_consultation12	1146	246	170
primock57	parakeet-tdt-0.6b-v2	sensevoice-no-itn	day1_consultation08	1163	254	170
primock57	parakeet-tdt-0.6b-v2	sensevoice-no-itn	day1_consultation03	1561	344	242
primock57	parakeet-tdt-0.6b-v2	sensevoice-no-itn	day1_consultation15	1262	284	197
primock57	parakeet-tdt-0.6b-v2	sensevoice-no-itn	day1_consultation09	1556	348	244
primock57	parakeet-tdt-0.6b-v2	sensevoice	day5_consultation11	2000	326	170
primock57	parakeet-tdt-0.6b-v2	sensevoice	day5_consultation03	2488	502	254
primock57	parakeet-tdt-0.6b-v2	sensevoice-no-itn	day1_consultation06	1831	458	312
primock57	parakeet-tdt-0.6b-v2	sensevoice-no-itn	day2_consultation01	1164	267	171
primock57	parakeet-tdt-0.6b-v2	sensevoice-no-itn	day1_consultation07	2797	838	561
primock57	parakeet-tdt-0.6b-v2	sensevoice-no-itn	day1_consultation14	1945	444	292
primock57	parakeet-tdt-0.6b-v2	sensevoice-no-itn	day1_consultation11	2326	577	353
primock57	parakeet-tdt-0.6b-v2	sensevoice-no-itn	day1_consultation10	1856	469	320
primock57	parakeet-tdt-0.6b-v2	sensevoice-no-itn	day2_consultation03	1415	345	252
primock57	parakeet-tdt-0.6b-v2	sensevoice-no-itn	day1_consultation13	1688	281	163
primock57	parakeet-tdt-0.6b-v2	sensevoice-no-itn	day2_consultation09	1015	206	137
primock57	parakeet-tdt-0.6b-v2	sensevoice-no-itn	day2_consultation02	1685	396	266
primock57	parakeet-tdt-0.6b-v2	sensevoice-no-itn	day3_consultation01	1277	268	189
primock57	parakeet-tdt-0.6b-v2	sensevoice-no-itn	day2_consultation07	1308	325	222
primock57	parakeet-tdt-0.6b-v2	sensevoice-no-itn	day3_consultation06	592	122	72
primock57	parakeet-tdt-0.6b-v2	sensevoice-no-itn	day3_consultation05	1121	249	144
primock57	parakeet-tdt-0.6b-v2	sensevoice-no-itn	day3_consultation02	1137	242	159
primock57	parakeet-tdt-0.6b-v2	sensevoice-no-itn	day3_consultation04	1112	280	181
primock57	parakeet-tdt-0.6b-v2	sensevoice-no-itn	day3_consultation07	1177	298	190
primock57	parakeet-tdt-0.6b-v2	sensevoice-no-itn	day2_consultation10	1791	322	194
primock57	parakeet-tdt-0.6b-v2	sensevoice-no-itn	day3_consultation08	918	213	137
primock57	parakeet-tdt-0.6b-v2	sensevoice-no-itn	day3_consultation03	1847	449	256
primock57	parakeet-tdt-0.6b-v2	sensevoice-no-itn	day2_consultation04	1825	367	243
primock57	parakeet-tdt-0.6b-v2	sensevoice-no-itn	day3_consultation10	1355	249	125
primock57	parakeet-tdt-0.6b-v2	sensevoice-no-itn	day4_consultation03	1023	171	89
primock57	parakeet-tdt-0.6b-v2	sensevoice-no-itn	day4_consultation04	987	168	85
primock57	parakeet-tdt-0.6b-v2	sensevoice-no-itn	day2_consultation05	1917	360	192
primock57	parakeet-tdt-0.6b-v2	sensevoice-no-itn	day2_consultation08	1806	367	213
primock57	parakeet-tdt-0.6b-v2	sensevoice-no-itn	day2_consultation06	1938	440	258
primock57	parakeet-tdt-0.6b-v2	sensevoice-no-itn	day4_consultation01	1274	241	142
primock57	parakeet-tdt-0.6b-v2	sensevoice-no-itn	day4_consultation02	1244	204	118
primock57	parakeet-tdt-0.6b-v2	sensevoice-no-itn	day4_consultation06	1650	317	173
primock57	parakeet-tdt-0.6b-v2	sensevoice-no-itn	day4_consultation05	1564	389	246
primock57	parakeet-tdt-0.6b-v2	sensevoice-no-itn	day5_consultation05	901	169	123
primock57	parakeet-tdt-0.6b-v2	sensevoice-no-itn	day5_consultation02	1082	156	102
primock57	parakeet-tdt-0.6b-v2	sensevoice-no-itn	day4_consultation10	1669	334	188
primock57	parakeet-tdt-0.6b-v2	sensevoice-no-itn	day4_consultation08	1691	334	231
primock57	parakeet-tdt-0.6b-v2	sensevoice-no-itn	day4_consultation09	1698	330	224
primock57	parakeet-tdt-0.6b-v2	sensevoice-no-itn	day5_consultation01	1242	239	153
primock57	parakeet-tdt-0.6b-v2	sensevoice-no-itn	day5_consultation04	1269	318	244
primock57	parakeet-tdt-0.6b-v2	sensevoice-no-itn	day5_consultation12	787	127	83
primock57	parakeet-tdt-0.6b-v2	sensevoice-no-itn	day4_consultation07	1745	338	233
primock57	parakeet-tdt-0.6b-v2	sensevoice-no-itn	day5_consultation07	1234	247	145
primock57	parakeet-tdt-0.6b-v2	sensevoice-no-itn	day3_consultation09	2130	428	207
primock57	parakeet-tdt-0.6b-v2	sensevoice-no-itn	day5_consultation06	1531	317	186
primock57	parakeet-tdt-0.6b-v2	sensevoice-no-itn	day5_consultation08	1271	166	113
primock57	parakeet-tdt-0.6b-v2	sensevoice-no-itn	day5_consultation09	1364	265	178
primock57	parakeet-tdt-0.6b-v2	whisper-distil-v3.5	day1_consultation03	1561	337	232
primock57	parakeet-tdt-0.6b-v2	whisper-distil-v3.5	day1_consultation01	1367	284	205
primock57	parakeet-tdt-0.6b-v2	sensevoice-no-itn	day5_consultation10	1542	258	178
primock57	parakeet-tdt-0.6b-v2	whisper-distil-v3.5	day1_consultation05	1632	391	220
primock57	parakeet-tdt-0.6b-v2	whisper-distil-v3.5	day1_consultation06	1831	475	320
primock57	parakeet-tdt-0.6b-v2	whisper-distil-v3.5	day1_consultation08	1163	247	167
primock57	parakeet-tdt-0.6b-v2	whisper-distil-v3.5	day1_consultation02	1672	388	238
primock57	parakeet-tdt-0.6b-v2	whisper-distil-v3.5	day1_consultation04	1651	426	277
primock57	parakeet-tdt-0.6b-v2	whisper-distil-v3.5	day1_consultation12	1146	248	167
primock57	parakeet-tdt-0.6b-v2	sensevoice-no-itn	day5_consultation11	2000	324	168
primock57	parakeet-tdt-0.6b-v2	whisper-distil-v3.5	day1_consultation10	1856	472	327
primock57	parakeet-tdt-0.6b-v2	whisper-distil-v3.5	day1_consultation09	1556	350	248
primock57	parakeet-tdt-0.6b-v2	sensevoice-no-itn	day5_consultation03	2488	494	246
primock57	parakeet-tdt-0.6b-v2	whisper-distil-v3.5	day1_consultation13	1688	272	151
primock57	parakeet-tdt-0.6b-v2	whisper-distil-v3.5	day2_consultation01	1164	268	168
primock57	parakeet-tdt-0.6b-v2	whisper-distil-v3.5	day1_consultation15	1262	292	204
primock57	parakeet-tdt-0.6b-v2	whisper-distil-v3.5	day1_consultation07	2797	863	541
primock57	parakeet-tdt-0.6b-v2	whisper-distil-v3.5	day1_consultation14	1945	445	294
primock57	parakeet-tdt-0.6b-v2	whisper-distil-v3.5	day2_consultation09	1015	209	138
primock57	parakeet-tdt-0.6b-v2	whisper-distil-v3.5	day2_consultation03	1415	347	254
primock57	parakeet-tdt-0.6b-v2	whisper-distil-v3.5	day2_consultation02	1685	387	252
primock57	parakeet-tdt-0.6b-v2	whisper-distil-v3.5	day3_consultation01	1277	262	183
primock57	parakeet-tdt-0.6b-v2	whisper-distil-v3.5	day3_consultation02	1137	239	150
primock57	parakeet-tdt-0.6b-v2	whisper-distil-v3.5	day2_consultation07	1308	326	225
primock57	parakeet-tdt-0.6b-v2	whisper-distil-v3.5	day3_consultation06	592	125	75
primock57	parakeet-tdt-0.6b-v2	whisper-distil-v3.5	day2_consultation08	1806	374	220
primock57	parakeet-tdt-0.6b-v2	whisper-distil-v3.5	day2_consultation05	1917	359	182
primock57	parakeet-tdt-0.6b-v2	whisper-distil-v3.5	day3_consultation08	918	227	152
primock57	parakeet-tdt-0.6b-v2	whisper-distil-v3.5	day3_consultation07	1177	302	198
primock57	parakeet-tdt-0.6b-v2	whisper-distil-v3.5	day3_consultation04	1112	283	188
primock57	parakeet-tdt-0.6b-v2	whisper-distil-v3.5	day2_consultation04	1825	375	246
primock57	parakeet-tdt-0.6b-v2	whisper-distil-v3.5	day1_consultation11	2326	554	323
primock57	parakeet-tdt-0.6b-v2	whisper-distil-v3.5	day3_consultation05	1121	243	133
primock57	parakeet-tdt-0.6b-v2	whisper-distil-v3.5	day4_consultation03	1023	180	96
primock57	parakeet-tdt-0.6b-v2	whisper-distil-v3.5	day4_consultation01	1274	245	149
primock57	parakeet-tdt-0.6b-v2	whisper-distil-v3.5	day3_consultation10	1355	258	138
primock57	parakeet-tdt-0.6b-v2	whisper-distil-v3.5	day2_consultation06	1938	445	260
primock57	parakeet-tdt-0.6b-v2	whisper-distil-v3.5	day2_consultation10	1791	326	198
primock57	parakeet-tdt-0.6b-v2	whisper-distil-v3.5	day4_consultation04	987	169	87
primock57	parakeet-tdt-0.6b-v2	whisper-distil-v3.5	day4_consultation02	1244	207	121
primock57	parakeet-tdt-0.6b-v2	whisper-distil-v3.5	day3_consultation03	1847	453	261
primock57	parakeet-tdt-0.6b-v2	whisper-distil-v3.5	day3_consultation09	2130	518	300
primock57	parakeet-tdt-0.6b-v2	whisper-distil-v3.5	day4_consultation05	1564	401	260
primock57	parakeet-tdt-0.6b-v2	whisper-distil-v3.5	day5_consultation02	1082	162	110
primock57	parakeet-tdt-0.6b-v2	whisper-distil-v3.5	day4_consultation08	1691	339	221
primock57	parakeet-tdt-0.6b-v2	whisper-distil-v3.5	day4_consultation10	1669	333	190
primock57	parakeet-tdt-0.6b-v2	whisper-distil-v3.5	day4_consultation09	1698	331	228
primock57	parakeet-tdt-0.6b-v2	whisper-distil-v3.5	day5_consultation01	1242	240	146
primock57	parakeet-tdt-0.6b-v2	whisper-distil-v3.5	day5_consultation05	901	179	130
primock57	parakeet-tdt-0.6b-v2	whisper-distil-v3.5	day4_consultation06	1650	320	177
primock57	parakeet-tdt-0.6b-v2	whisper-distil-v3.5	day5_consultation04	1269	321	242
primock57	parakeet-tdt-0.6b-v2	whisper-distil-v3.5	day4_consultation07	1745	324	219
primock57	parakeet-tdt-0.6b-v2	whisper-distil-v3.5	day5_consultation12	787	125	80
primock57	parakeet-tdt-0.6b-v2	whisper-distil-v3.5	day5_consultation06	1531	314	186
primock57	parakeet-tdt-0.6b-v2	whisper-distil-v3.5	day5_consultation09	1364	281	197
primock57	parakeet-tdt-0.6b-v2	whisper-distil-v3.5	day5_consultation07	1234	253	150
primock57	parakeet-tdt-0.6b-v2	whisper-distil-v3.5	day5_consultation08	1271	170	116
primock57	parakeet-tdt-0.6b-v2	whisper-distil-v3.5	day5_consultation10	1542	262	184
primock57	whisper-distil-v3.5	sensevoice	day1_consultation01	1367	302	223
primock57	parakeet-tdt-0.6b-v2	whisper-distil-v3.5	day5_consultation11	2000	314	158
primock57	whisper-distil-v3.5	sensevoice	day1_consultation08	1163	274	198
primock57	whisper-distil-v3.5	sensevoice	day1_consultation05	1632	413	248
primock57	whisper-distil-v3.5	sensevoice	day1_consultation06	1831	490	331
primock57	whisper-distil-v3.5	sensevoice	day1_consultation03	1561	344	241
primock57	whisper-distil-v3.5	sensevoice	day1_consultation02	1672	404	252
primock57	whisper-distil-v3.5	sensevoice	day1_consultation04	1651	446	304
primock57	whisper-distil-v3.5	sensevoice	day1_consultation10	1856	481	340
primock57	whisper-distil-v3.5	sensevoice	day1_consultation12	1146	259	178
primock57	whisper-distil-v3.5	sensevoice	day1_consultation09	1556	365	258
primock57	whisper-distil-v3.5	sensevoice	day1_consultation15	1262	280	193
primock57	whisper-distil-v3.5	sensevoice	day2_consultation01	1164	260	158
primock57	parakeet-tdt-0.6b-v2	whisper-distil-v3.5	day5_consultation03	2488	473	221
primock57	whisper-distil-v3.5	sensevoice	day2_consultation07	1308	320	224
primock57	whisper-distil-v3.5	sensevoice	day2_consultation03	1415	333	240
primock57	whisper-distil-v3.5	sensevoice	day1_consultation14	1945	456	310
primock57	whisper-distil-v3.5	sensevoice	day2_consultation04	1825	365	238
primock57	whisper-distil-v3.5	sensevoice	day2_consultation09	1015	224	159
primock57	whisper-distil-v3.5	sensevoice	day2_consultation02	1685	393	262
primock57	whisper-distil-v3.5	sensevoice	day2_consultation05	1917	360	187
primock57	whisper-distil-v3.5	sensevoice	day1_consultation13	1688	280	168
primock57	whisper-distil-v3.5	sensevoice	day3_consultation02	1137	252	164
primock57	whisper-distil-v3.5	sensevoice	day3_consultation06	592	125	78
primock57	whisper-distil-v3.5	sensevoice	day1_consultation07	2797	948	640
primock57	whisper-distil-v3.5	sensevoice	day3_consultation08	918	235	160
primock57	whisper-distil-v3.5	sensevoice	day3_consultation01	1277	278	198
primock57	whisper-distil-v3.5	sensevoice	day2_consultation10	1791	350	223
primock57	whisper-distil-v3.5	sensevoice	day1_consultation11	2326	567	339
primock57	whisper-distil-v3.5	sensevoice	day3_consultation04	1112	282	178
primock57	whisper-distil-v3.5	sensevoice	day3_consultation05	1121	245	135
primock57	whisper-distil-v3.5	sensevoice	day2_consultation06	1938	435	252
primock57	whisper-distil-v3.5	sensevoice	day3_consultation07	1177	302	199
primock57	whisper-distil-v3.5	sensevoice	day3_consultation03	1847	451	260
primock57	whisper-distil-v3.5	sensevoice	day4_consultation03	1023	167	87
primock57	whisper-distil-v3.5	sensevoice	day4_consultation01	1274	251	157
primock57	whisper-distil-v3.5	sensevoice	day2_consultation08	1806	383	233
primock57	whisper-distil-v3.5	sensevoice	day4_consultation04	987	171	87
primock57	whisper-distil-v3.5	sensevoice	day3_consultation10	1355	264	140
primock57	whisper-distil-v3.5	sensevoice	day4_consultation02	1244	212	123
primock57	whisper-distil-v3.5	sensevoice	day5_consultation01	1242	245	152
primock57	whisper-distil-v3.5	sensevoice	day3_consultation09	2130	574	361
primock57	whisper-distil-v3.5	sensevoice	day4_consultation05	1564	398	258
primock57	whisper-distil-v3.5	sensevoice	day5_consultation05	901	174	129
primock57	whisper-distil-v3.5	sensevoice	day4_consultation09	1698	349	249
primock57	whisper-distil-v3.5	sensevoice	day5_consultation02	1082	156	104
primock57	whisper-distil-v3.5	sensevoice	day4_consultation10	1669	331	186
primock57	whisper-distil-v3.5	sensevoice	day5_consultation04	1269	322	245
primock57	whisper-distil-v3.5	sensevoice	day5_consultation12	787	128	84
primock57	whisper-distil-v3.5	sensevoice	day4_consultation07	1745	349	241
primock57	whisper-distil-v3.5	sensevoice	day4_consultation06	1650	327	187
primock57	whisper-distil-v3.5	sensevoice	day5_consultation07	1234	260	156
primock57	whisper-distil-v3.5	sensevoice	day5_consultation06	1531	340	222
primock57	whisper-distil-v3.5	sensevoice	day4_consultation08	1691	356	229
primock57	whisper-distil-v3.5	sensevoice	day5_consultation08	1271	174	117
primock57	whisper-distil-v3.5	sensevoice	day5_consultation09	1364	299	215
primock57	whisper-distil-v3.5	sensevoice-no-itn	day1_consultation03	1561	346	242
primock57	whisper-distil-v3.5	sensevoice-no-itn	day1_consultation02	1672	406	254
primock57	whisper-distil-v3.5	sensevoice-no-itn	day1_consultation01	1367	301	221
primock57	whisper-distil-v3.5	sensevoice	day5_consultation10	1542	260	185
primock57	whisper-distil-v3.5	sensevoice-no-itn	day1_consultation05	1632	408	244
primock57	whisper-distil-v3.5	sensevoice-no-itn	day1_consultation06	1831	487	328
primock57	whisper-distil-v3.5	sensevoice-no-itn	day1_consultation08	1163	277	199
primock57	whisper-distil-v3.5	sensevoice-no-itn	day1_consultation04	1651	444	298
primock57	whisper-distil-v3.5	sensevoice-no-itn	day1_consultation12	1146	258	178
primock57	whisper-distil-v3.5	sensevoice-no-itn	day1_consultation15	1262	281	194
primock57	whisper-distil-v3.5	sensevoice-no-itn	day1_consultation10	1856	484	343
primock57	whisper-distil-v3.5	sensevoice	day5_consultation11	2000	324	174
primock57	whisper-distil-v3.5	sensevoice-no-itn	day1_consultation09	1556	355	249
primock57	whisper-distil-v3.5	sensevoice-no-itn	day2_consultation01	1164	258	158
primock57	whisper-distil-v3.5	sensevoice	day5_consultation03	2488	487	237
primock57	whisper-distil-v3.5	sensevoice-no-itn	day1_consultation14	1945	458	306
primock57	whisper-distil-v3.5	sensevoice-no-itn	day1_consultation11	2326	567	339
primock57	whisper-distil-v3.5	sensevoice-no-itn	day1_consultation13	1688	281	165
primock57	whisper-distil-v3.5	sensevoice-no-itn	day2_consultation03	1415	333	240
primock57	whisper-distil-v3.5	sensevoice-no-itn	day2_consultation09	1015	224	159
primock57	whisper-distil-v3.5	sensevoice-no-itn	day2_consultation04	1825	368	241
primock57	whisper-distil-v3.5	sensevoice-no-itn	day2_consultation07	1308	324	227
primock57	whisper-distil-v3.5	sensevoice-no-itn	day2_consultation02	1685	391	260
primock57	whisper-distil-v3.5	sensevoice-no-itn	day3_consultation01	1277	272	193
primock57	whisper-distil-v3.5	sensevoice-no-itn	day3_consultation06	592	125	75
primock57	whisper-distil-v3.5	sensevoice-no-itn	day2_consultation05	1917	363	192
primock57	whisper-distil-v3.5	sensevoice-no-itn	day3_consultation08	918	232	157
primock57	whisper-distil-v3.5	sensevoice-no-itn	day3_consultation02	1137	250	162
primock57	whisper-distil-v3.5	sensevoice-no-itn	day3_consultation05	1121	245	135
primock57	whisper-distil-v3.5	sensevoice-no-itn	day2_consultation10	1791	347	224
primock57	whisper-distil-v3.5	sensevoice-no-itn	day3_consultation04	1112	282	178
primock57	whisper-distil-v3.5	sensevoice-no-itn	day1_consultation07	2797	947	641
primock57	whisper-distil-v3.5	sensevoice-no-itn	day3_consultation07	1177	300	195
primock57	whisper-distil-v3.5	sensevoice-no-itn	day4_consultation03	1023	166	86
primock57	whisper-distil-v3.5	sensevoice-no-itn	day4_consultation04	987	171	87
primock57	whisper-distil-v3.5	sensevoice-no-itn	day3_consultation10	1355	268	143
primock57	whisper-distil-v3.5	sensevoice-no-itn	day2_consultation06	1938	435	253
primock57	whisper-distil-v3.5	sensevoice-no-itn	day4_consultation01	1274	252	160
primock57	whisper-distil-v3.5	sensevoice-no-itn	day2_consultation08	1806	382	234
primock57	whisper-distil-v3.5	sensevoice-no-itn	day4_consultation02	1244	211	124
primock57	whisper-distil-v3.5	sensevoice-no-itn	day5_consultation02	1082	161	109
primock57	whisper-distil-v3.5	sensevoice-no-itn	day4_consultation05	1564	394	256
primock57	whisper-distil-v3.5	sensevoice-no-itn	day3_consultation03	1847	449	260
primock57	whisper-distil-v3.5	sensevoice-no-itn	day5_consultation05	901	176	131
primock57	whisper-distil-v3.5	sensevoice-no-itn	day4_consultation08	1691	357	232
primock57	whisper-distil-v3.5	sensevoice-no-itn	day4_consultation09	1698	347	247
primock57	whisper-distil-v3.5	sensevoice-no-itn	day5_consultation01	1242	242	149
primock57	whisper-distil-v3.5	sensevoice-no-itn	day4_consultation10	1669	330	185
primock57	whisper-distil-v3.5	sensevoice-no-itn	day4_consultation06	1650	326	186
primock57	whisper-distil-v3.5	sensevoice-no-itn	day5_consultation04	1269	323	246
primock57	whisper-distil-v3.5	sensevoice-no-itn	day5_consultation12	787	130	88
primock57	whisper-distil-v3.5	sensevoice-no-itn	day4_consultation07	1745	349	241
primock57	whisper-distil-v3.5	sensevoice-no-itn	day5_consultation08	1271	177	120
primock57	whisper-distil-v3.5	sensevoice-no-itn	day5_consultation09	1364	299	215
primock57	whisper-distil-v3.5	sensevoice-no-itn	day5_consultation07	1234	256	152
primock57	whisper-distil-v3.5	sensevoice-no-itn	day5_consultation10	1542	263	188
primock57	whisper-distil-v3.5	sensevoice-no-itn	day3_consultation09	2130	579	365
primock57	whisper-distil-v3.5	sensevoice-no-itn	day5_consultation06	1531	341	224
primock57	whisper-distil-v3.5	qwen3-asr	day1_consultation03	1561	344	244
primock57	whisper-distil-v3.5	qwen3-asr	day1_consultation08	1163	280	211
primock57	whisper-distil-v3.5	qwen3-asr	day1_consultation01	1367	284	214
primock57	whisper-distil-v3.5	qwen3-asr	day1_consultation05	1632	406	238
primock57	whisper-distil-v3.5	qwen3-asr	day1_consultation06	1831	484	329
primock57	whisper-distil-v3.5	qwen3-asr	day1_consultation12	1146	242	168
primock57	whisper-distil-v3.5	qwen3-asr	day1_consultation02	1672	399	248
primock57	whisper-distil-v3.5	qwen3-asr	day1_consultation04	1651	432	279
primock57	whisper-distil-v3.5	sensevoice-no-itn	day5_consultation11	2000	325	175
primock57	whisper-distil-v3.5	qwen3-asr	day1_consultation09	1556	346	239
primock57	whisper-distil-v3.5	qwen3-asr	day2_consultation01	1164	256	165
primock57	whisper-distil-v3.5	sensevoice-no-itn	day5_consultation03	2488	480	230
primock57	whisper-distil-v3.5	qwen3-asr	day1_consultation15	1262	284	199
primock57	whisper-distil-v3.5	qwen3-asr	day1_consultation14	1945	448	315
primock57	whisper-distil-v3.5	qwen3-asr	day1_consultation10	1856	472	328
primock57	whisper-distil-v3.5	qwen3-asr	day1_consultation11	2326	552	333
primock57	whisper-distil-v3.5	qwen3-asr	day2_consultation09	1015	214	157
primock57	whisper-distil-v3.5	qwen3-asr	day1_consultation13	1688	280	162
primock57	whisper-distil-v3.5	qwen3-asr	day2_consultation03	1415	332	244
primock57	whisper-distil-v3.5	qwen3-asr	day2_consultation07	1308	319	224
primock57	whisper-distil-v3.5	qwen3-asr	day2_consultation02	1685	377	248
primock57	whisper-distil-v3.5	qwen3-asr	day3_consultation02	1137	245	161
primock57	whisper-distil-v3.5	qwen3-asr	day2_consultation08	1806	365	223
primock57	whisper-distil-v3.5	qwen3-asr	day3_consultation01	1277	271	193
primock57	whisper-distil-v3.5	qwen3-asr	day2_consultation06	1938	426	243
primock57	whisper-distil-v3.5	qwen3-asr	day3_consultation06	592	128	80
primock57	whisper-distil-v3.5	qwen3-asr	day3_consultation04	1112	279	180
primock57	whisper-distil-v3.5	qwen3-asr	day3_consultation08	918	233	153
primock57	whisper-distil-v3.5	qwen3-asr	day2_consultation04	1825	369	240
primock57	whisper-distil-v3.5	qwen3-asr	day3_consultation07	1177	297	188
primock57	whisper-distil-v3.5	qwen3-asr	day3_consultation05	1121	237	135
primock57	whisper-distil-v3.5	qwen3-asr	day3_consultation10	1355	260	137
primock57	whisper-distil-v3.5	qwen3-asr	day4_consultation03	1023	168	91
primock57	whisper-distil-v3.5	qwen3-asr	day2_consultation05	1917	363	197
primock57	whisper-distil-v3.5	qwen3-asr	day1_consultation07	2797	917	624
primock57	whisper-distil-v3.5	qwen3-asr	day4_consultation01	1274	254	168
primock57	whisper-distil-v3.5	qwen3-asr	day4_consultation04	987	165	83
primock57	whisper-distil-v3.5	qwen3-asr	day2_consultation10	1791	341	219
primock57	whisper-distil-v3.5	qwen3-asr	day4_consultation02	1244	204	123
primock57	whisper-distil-v3.5	qwen3-asr	day4_consultation05	1564	385	250
primock57	whisper-distil-v3.5	qwen3-asr	day3_consultation03	1847	443	258
primock57	whisper-distil-v3.5	qwen3-asr	day5_consultation05	901	180	139
primock57	whisper-distil-v3.5	qwen3-asr	day3_consultation09	2130	572	351
primock57	whisper-distil-v3.5	qwen3-asr	day4_consultation08	1691	349	232
primock57	whisper-distil-v3.5	qwen3-asr	day4_consultation07	1745	346	251
primock57	whisper-distil-v3.5	qwen3-asr	day5_consultation02	1082	164	112
primock57	whisper-distil-v3.5	qwen3-asr	day5_consultation01	1242	240	153
primock57	whisper-distil-v3.5	qwen3-asr	day4_consultation06	1650	324	182
primock57	whisper-distil-v3.5	qwen3-asr	day5_consultation07	1234	256	155
primock57	whisper-distil-v3.5	qwen3-asr	day5_consultation04	1269	327	253
primock57	whisper-distil-v3.5	qwen3-asr	day5_consultation08	1271	178	122
primock57	whisper-distil-v3.5	qwen3-asr	day5_consultation12	787	126	85
primock57	whisper-distil-v3.5	qwen3-asr	day4_consultation09	1698	338	236
primock57	whisper-distil-v3.5	qwen3-asr	day5_consultation09	1364	294	211
primock57	whisper-distil-v3.5	qwen3-asr	day4_consultation10	1669	322	187
primock57	whisper-distil-v3.5	qwen3-asr	day5_consultation10	1542	262	189
primock57	whisper-distil-v3.5	qwen3-asr	day5_consultation06	1531	326	210
primock57	whisper-distil-v3.5	whisper-turbo	day1_consultation01	1367	301	222
primock57	whisper-distil-v3.5	whisper-turbo	day1_consultation02	1672	405	255
primock57	whisper-distil-v3.5	whisper-turbo	day1_consultation04	1651	445	305
primock57	whisper-distil-v3.5	whisper-turbo	day1_consultation08	1163	276	203
primock57	whisper-distil-v3.5	whisper-turbo	day1_consultation09	1556	370	262
primock57	whisper-distil-v3.5	whisper-turbo	day1_consultation03	1561	341	238
primock57	whisper-distil-v3.5	whisper-turbo	day1_consultation12	1146	258	177
primock57	whisper-distil-v3.5	whisper-turbo	day1_consultation05	1632	409	243
primock57	whisper-distil-v3.5	whisper-turbo	day1_consultation15	1262	282	195
primock57	whisper-distil-v3.5	qwen3-asr	day5_consultation11	2000	324	165
primock57	whisper-distil-v3.5	whisper-turbo	day1_consultation13	1688	285	166
primock57	whisper-distil-v3.5	whisper-turbo	day1_consultation06	1831	489	337
primock57	whisper-distil-v3.5	whisper-turbo	day2_consultation01	1164	265	164
primock57	whisper-distil-v3.5	whisper-turbo	day2_consultation02	1685	388	255
primock57	whisper-distil-v3.5	qwen3-asr	day5_consultation03	2488	473	236
primock57	whisper-distil-v3.5	whisper-turbo	day1_consultation10	1856	485	341
primock57	whisper-distil-v3.5	whisper-turbo	day2_consultation09	1015	222	156
primock57	whisper-distil-v3.5	whisper-turbo	day1_consultation11	2326	552	326
primock57	whisper-distil-v3.5	whisper-turbo	day2_consultation03	1415	359	268
primock57	whisper-distil-v3.5	whisper-turbo	day2_consultation04	1825	372	243
primock57	whisper-distil-v3.5	whisper-turbo	day2_consultation07	1308	324	226
primock57	whisper-distil-v3.5	whisper-turbo	day3_consultation02	1137	245	157
primock57	whisper-distil-v3.5	whisper-turbo	day1_consultation14	1945	451	302
primock57	whisper-distil-v3.5	whisper-turbo	day1_consultation07	2797	954	646
primock57	whisper-distil-v3.5	whisper-turbo	day3_consultation06	592	128	78
primock57	whisper-distil-v3.5	whisper-turbo	day3_consultation01	1277	271	191
primock57	whisper-distil-v3.5	whisper-turbo	day2_consultation06	1938	441	261
primock57	whisper-distil-v3.5	whisper-turbo	day3_consultation05	1121	248	137
primock57	whisper-distil-v3.5	whisper-turbo	day3_consultation07	1177	301	198
primock57	whisper-distil-v3.5	whisper-turbo	day3_consultation04	1112	283	183
primock57	whisper-distil-v3.5	whisper-turbo	day3_consultation08	918	232	156
primock57	whisper-distil-v3.5	whisper-turbo	day3_consultation03	1847	463	276
primock57	whisper-distil-v3.5	whisper-turbo	day4_consultation01	1274	262	176
primock57	whisper-distil-v3.5	whisper-turbo	day4_consultation04	987	169	85
primock57	whisper-distil-v3.5	whisper-turbo	day2_consultation05	1917	360	187
primock57	whisper-distil-v3.5	whisper-turbo	day2_consultation10	1791	350	227
primock57	whisper-distil-v3.5	whisper-turbo	day4_consultation03	1023	175	95
primock57	whisper-distil-v3.5	whisper-turbo	day2_consultation08	1806	379	231
primock57	whisper-distil-v3.5	whisper-turbo	day4_consultation02	1244	212	125
primock57	whisper-distil-v3.5	whisper-turbo	day3_consultation10	1355	262	137
primock57	whisper-distil-v3.5	whisper-turbo	day4_consultation05	1564	402	262
primock57	whisper-distil-v3.5	whisper-turbo	day3_consultation09	2130	579	370
primock57	whisper-distil-v3.5	whisper-turbo	day5_consultation02	1082	157	105
primock57	whisper-distil-v3.5	whisper-turbo	day5_consultation05	901	174	131
primock57	whisper-distil-v3.5	whisper-turbo	day4_consultation07	1745	345	238
primock57	whisper-distil-v3.5	whisper-turbo	day4_consultation08	1691	356	230
primock57	whisper-distil-v3.5	whisper-turbo	day4_consultation09	1698	356	257
primock57	whisper-distil-v3.5	whisper-turbo	day5_consultation01	1242	252	159
primock57	whisper-distil-v3.5	whisper-turbo	day5_consultation04	1269	325	251
primock57	whisper-distil-v3.5	whisper-turbo	day5_consultation12	787	126	82
primock57	whisper-distil-v3.5	whisper-turbo	day4_consultation06	1650	329	183
primock57	whisper-distil-v3.5	whisper-turbo	day5_consultation07	1234	256	152
primock57	whisper-distil-v3.5	whisper-turbo	day4_consultation10	1669	333	189
primock57	whisper-distil-v3.5	whisper-turbo	day5_consultation10	1542	267	194
primock57	whisper-distil-v3.5	whisper-turbo	day5_consultation08	1271	172	115
primock57	whisper-distil-v3.5	whisper-turbo	day5_consultation09	1364	297	211
primock57	parakeet-tdt-0.6b-v2	qwen3-asr	day1_consultation03	1561	336	237
primock57	whisper-distil-v3.5	whisper-turbo	day5_consultation06	1531	340	221
primock57	parakeet-tdt-0.6b-v2	qwen3-asr	day1_consultation01	1367	260	194
primock57	whisper-distil-v3.5	whisper-turbo	day5_consultation11	2000	326	174
primock57	parakeet-tdt-0.6b-v2	qwen3-asr	day1_consultation05	1632	379	214
primock57	parakeet-tdt-0.6b-v2	qwen3-asr	day1_consultation08	1163	252	176
primock57	parakeet-tdt-0.6b-v2	qwen3-asr	day1_consultation02	1672	387	240
primock57	parakeet-tdt-0.6b-v2	qwen3-asr	day1_consultation04	1651	420	257
primock57	parakeet-tdt-0.6b-v2	qwen3-asr	day1_consultation12	1146	233	162
primock57	parakeet-tdt-0.6b-v2	qwen3-asr	day1_consultation10	1856	462	312
primock57	parakeet-tdt-0.6b-v2	qwen3-asr	day1_consultation09	1556	333	229
primock57	whisper-distil-v3.5	whisper-turbo	day5_consultation03	2488	478	233
primock57	parakeet-tdt-0.6b-v2	qwen3-asr	day1_consultation13	1688	274	154
primock57	parakeet-tdt-0.6b-v2	qwen3-asr	day1_consultation06	1831	460	308
primock57	parakeet-tdt-0.6b-v2	qwen3-asr	day2_consultation01	1164	265	176
primock57	parakeet-tdt-0.6b-v2	qwen3-asr	day1_consultation15	1262	296	211
primock57	parakeet-tdt-0.6b-v2	qwen3-asr	day1_consultation14	1945	427	292
primock57	parakeet-tdt-0.6b-v2	qwen3-asr	day1_consultation07	2797	795	518
primock57	parakeet-tdt-0.6b-v2	qwen3-asr	day2_consultation07	1308	321	214
primock57	parakeet-tdt-0.6b-v2	qwen3-asr	day2_consultation03	1415	336	246
primock57	parakeet-tdt-0.6b-v2	qwen3-asr	day2_consultation09	1015	200	138
primock57	parakeet-tdt-0.6b-v2	qwen3-asr	day3_consultation01	1277	257	180
primock57	parakeet-tdt-0.6b-v2	qwen3-asr	day2_consultation02	1685	379	249
primock57	parakeet-tdt-0.6b-v2	qwen3-asr	day3_consultation02	1137	237	158
primock57	parakeet-tdt-0.6b-v2	qwen3-asr	day3_consultation06	592	121	74
primock57	parakeet-tdt-0.6b-v2	qwen3-asr	day2_consultation04	1825	364	236
primock57	parakeet-tdt-0.6b-v2	qwen3-asr	day3_consultation08	918	214	132
primock57	parakeet-tdt-0.6b-v2	qwen3-asr	day3_consultation04	1112	272	179
primock57	parakeet-tdt-0.6b-v2	qwen3-asr	day3_consultation05	1121	232	132
primock57	parakeet-tdt-0.6b-v2	qwen3-asr	day1_consultation11	2326	550	327
primock57	parakeet-tdt-0.6b-v2	qwen3-asr	day3_consultation10	1355	244	124
primock57	parakeet-tdt-0.6b-v2	qwen3-asr	day3_consultation03	1847	436	250
primock57	parakeet-tdt-0.6b-v2	qwen3-asr	day3_consultation07	1177	289	173
primock57	parakeet-tdt-0.6b-v2	qwen3-asr	day4_consultation01	1274	241	148
primock57	parakeet-tdt-0.6b-v2	qwen3-asr	day2_consultation06	1938	422	237
primock57	parakeet-tdt-0.6b-v2	qwen3-asr	day2_consultation08	1806	353	204
primock57	parakeet-tdt-0.6b-v2	qwen3-asr	day2_consultation05	1917	361	198
primock57	parakeet-tdt-0.6b-v2	qwen3-asr	day4_consultation03	1023	171	89
primock57	parakeet-tdt-0.6b-v2	qwen3-asr	day2_consultation10	1791	314	187
primock57	parakeet-tdt-0.6b-v2	qwen3-asr	day4_consultation04	987	163	82
primock57	parakeet-tdt-0.6b-v2	qwen3-asr	day4_consultation02	1244	198	118
primock57	parakeet-tdt-0.6b-v2	qwen3-asr	day4_consultation05	1564	378	240
primock57	parakeet-tdt-0.6b-v2	qwen3-asr	day3_consultation09	2130	417	193
primock57	parakeet-tdt-0.6b-v2	qwen3-asr	day4_consultation06	1650	320	171
primock57	parakeet-tdt-0.6b-v2	qwen3-asr	day5_consultation02	1082	165	113
primock57	parakeet-tdt-0.6b-v2	qwen3-asr	day5_consultation05	901	176	135
primock57	parakeet-tdt-0.6b-v2	qwen3-asr	day4_consultation08	1691	318	221
primock57	parakeet-tdt-0.6b-v2	qwen3-asr	day5_consultation01	1242	235	149
primock57	parakeet-tdt-0.6b-v2	qwen3-asr	day5_consultation04	1269	315	244
primock57	parakeet-tdt-0.6b-v2	qwen3-asr	day5_consultation07	1234	246	148
primock57	parakeet-tdt-0.6b-v2	qwen3-asr	day5_consultation06	1531	305	178
primock57	parakeet-tdt-0.6b-v2	qwen3-asr	day5_consultation08	1271	167	112
primock57	parakeet-tdt-0.6b-v2	qwen3-asr	day5_consultation12	787	117	75
primock57	parakeet-tdt-0.6b-v2	qwen3-asr	day4_consultation07	1745	321	221
primock57	parakeet-tdt-0.6b-v2	qwen3-asr	day4_consultation09	1698	321	213
primock57	parakeet-tdt-0.6b-v2	qwen3-asr	day4_consultation10	1669	318	180
primock57	parakeet-tdt-0.6b-v2	qwen3-asr	day5_consultation09	1364	272	186
primock57	sensevoice	sensevoice-no-itn	day1_consultation03	1561	439	365
primock57	sensevoice	sensevoice-no-itn	day1_consultation02	1672	493	371
primock57	sensevoice	sensevoice-no-itn	day1_consultation01	1367	360	285
primock57	sensevoice	sensevoice-no-itn	day1_consultation04	1651	525	417
primock57	parakeet-tdt-0.6b-v2	qwen3-asr	day5_consultation11	2000	320	155
primock57	parakeet-tdt-0.6b-v2	qwen3-asr	day5_consultation10	1542	257	176
primock57	sensevoice	sensevoice-no-itn	day1_consultation08	1163	354	292
primock57	sensevoice	sensevoice-no-itn	day1_consultation12	1146	298	236
primock57	sensevoice	sensevoice-no-itn	day1_consultation05	1632	460	320
primock57	sensevoice	sensevoice-no-itn	day2_consultation01	1164	329	253
primock57	sensevoice	sensevoice-no-itn	day1_consultation10	1856	577	462
primock57	sensevoice	sensevoice-no-itn	day1_consultation13	1688	364	273
primock57	sensevoice	sensevoice-no-itn	day1_consultation06	1831	557	443
primock57	sensevoice	sensevoice-no-itn	day1_consultation15	1262	336	276
primock57	sensevoice	sensevoice-no-itn	day1_consultation09	1556	441	350
primock57	sensevoice	sensevoice-no-itn	day1_consultation14	1945	547	418
primock57	parakeet-tdt-0.6b-v2	qwen3-asr	day5_consultation03	2488	482	239
primock57	sensevoice	sensevoice-no-itn	day1_consultation11	2326	713	525
primock57	sensevoice	sensevoice-no-itn	day2_consultation03	1415	470	400
primock57	sensevoice	sensevoice-no-itn	day2_consultation09	1015	259	196
primock57	sensevoice	sensevoice-no-itn	day2_consultation07	1308	339	252
primock57	sensevoice	sensevoice-no-itn	day1_consultation07	2797	1143	932
primock57	sensevoice	sensevoice-no-itn	day3_consultation02	1137	276	203
primock57	sensevoice	sensevoice-no-itn	day2_consultation02	1685	479	382
primock57	sensevoice	sensevoice-no-itn	day2_consultation05	1917	457	329
primock57	sensevoice	sensevoice-no-itn	day3_consultation06	592	159	114
primock57	sensevoice	sensevoice-no-itn	day2_consultation06	1938	529	376
primock57	sensevoice	sensevoice-no-itn	day3_consultation01	1277	310	246
primock57	sensevoice	sensevoice-no-itn	day3_consultation04	1112	307	218
primock57	sensevoice	sensevoice-no-itn	day2_consultation10	1791	402	291
primock57	sensevoice	sensevoice-no-itn	day3_consultation07	1177	342	250
primock57	sensevoice	sensevoice-no-itn	day3_consultation08	918	242	168
primock57	sensevoice	sensevoice-no-itn	day2_consultation04	1825	459	359
primock57	sensevoice	sensevoice-no-itn	day3_consultation05	1121	273	182
primock57	sensevoice	sensevoice-no-itn	day4_consultation01	1274	295	222
primock57	sensevoice	sensevoice-no-itn	day4_consultation04	987	191	117
primock57	sensevoice	sensevoice-no-itn	day2_consultation08	1806	445	321
primock57	sensevoice	sensevoice-no-itn	day4_consultation03	1023	190	120
primock57	sensevoice	sensevoice-no-itn	day4_consultation05	1564	482	377
primock57	sensevoice	sensevoice-no-itn	day4_consultation02	1244	261	178
primock57	sensevoice	sensevoice-no-itn	day3_consultation10	1355	274	166
primock57	sensevoice	sensevoice-no-itn	day3_consultation03	1847	476	309
primock57	sensevoice	sensevoice-no-itn	day5_consultation05	901	249	218
primock57	sensevoice	sensevoice-no-itn	day4_consultation09	1698	396	314
primock57	sensevoice	sensevoice-no-itn	day3_consultation09	2130	473	263
primock57	sensevoice	sensevoice-no-itn	day5_consultation02	1082	205	152
primock57	sensevoice	sensevoice-no-itn	day4_consultation10	1669	398	263
primock57	sensevoice	sensevoice-no-itn	day5_consultation04	1269	438	387
primock57	sensevoice	sensevoice-no-itn	day5_consultation01	1242	348	284
primock57	sensevoice	sensevoice-no-itn	day4_consultation07	1745	520	440
nazmulkazi	parakeet-tdt-0.6b-v2	sensevoice	D0420-S1-T02	523	36	22
primock57	sensevoice	sensevoice-no-itn	day4_consultation06	1650	360	229
primock57	sensevoice	sensevoice-no-itn	day5_consultation12	787	159	118
primock57	sensevoice	sensevoice-no-itn	day4_consultation08	1691	413	323
primock57	sensevoice	sensevoice-no-itn	day5_consultation08	1271	206	162
primock57	sensevoice	sensevoice-no-itn	day5_consultation09	1364	349	270
primock57	sensevoice	sensevoice-no-itn	day5_consultation07	1234	307	218
nazmulkazi	parakeet-tdt-0.6b-v2	sensevoice	D0420-S1-T03	956	101	53
primock57	sensevoice	sensevoice-no-itn	day5_consultation06	1531	420	320
primock57	sensevoice	sensevoice-no-itn	day5_consultation10	1542	386	323
primock57	sensevoice	sensevoice-no-itn	day5_consultation03	2488	631	413
primock57	sensevoice	sensevoice-no-itn	day5_consultation11	2000	397	260
nazmulkazi	parakeet-tdt-0.6b-v2	sensevoice	D0420-S1-T04	1570	134	75
nazmulkazi	parakeet-tdt-0.6b-v2	sensevoice	D0420-S3-T01	1984	148	97
nazmulkazi	parakeet-tdt-0.6b-v2	sensevoice	D0420-S1-T01	2789	508	159
nazmulkazi	parakeet-tdt-0.6b-v2	sensevoice	D0420-S1-T05	2443	343	130
nazmulkazi	parakeet-tdt-0.6b-v2	sensevoice	D0420-S4-T01	2531	503	207
nazmulkazi	parakeet-tdt-0.6b-v2	sensevoice	D0421-S1-T03	2686	355	134
nazmulkazi	parakeet-tdt-0.6b-v2	sensevoice	D0421-S1-T05	3144	474	150
nazmulkazi	parakeet-tdt-0.6b-v2	sensevoice	D0421-S1-T04	3497	529	155
nazmulkazi	parakeet-tdt-0.6b-v2	sensevoice	D0421-S1-T02	4863	711	292
nazmulkazi	parakeet-tdt-0.6b-v2	sensevoice	D0420-S3-T03	4307	600	197
nazmulkazi	parakeet-tdt-0.6b-v2	sensevoice	D0421-S3-T02	3689	635	373
nazmulkazi	parakeet-tdt-0.6b-v2	sensevoice	D0421-S3-T01	3961	843	429
nazmulkazi	parakeet-tdt-0.6b-v2	sensevoice	D0421-S3-T03	4330	769	353
nazmulkazi	parakeet-tdt-0.6b-v2	sensevoice	D0421-S3-T04	3921	665	252
nazmulkazi	parakeet-tdt-0.6b-v2	sensevoice	D0420-S3-T02	5337	849	319
nazmulkazi	parakeet-tdt-0.6b-v2	sensevoice	D0422-S1-T04	3343	860	296
nazmulkazi	parakeet-tdt-0.6b-v2	sensevoice	D0421-S3-T05	4405	707	335
nazmulkazi	parakeet-tdt-0.6b-v2	sensevoice	D0422-S1-T02	4450	763	353
nazmulkazi	parakeet-tdt-0.6b-v2	sensevoice	D0422-S2-T01	3594	685	313
nazmulkazi	parakeet-tdt-0.6b-v2	sensevoice	D0420-S2-T01	6923	1097	422
nazmulkazi	parakeet-tdt-0.6b-v2	sensevoice	D0421-S1-T01	6165	941	355
nazmulkazi	parakeet-tdt-0.6b-v2	sensevoice	D0422-S3-T06	796	156	63
nazmulkazi	parakeet-tdt-0.6b-v2	sensevoice	D0422-S1-T03	3861	714	309
nazmulkazi	parakeet-tdt-0.6b-v2	sensevoice	D0422-S3-T05	1903	287	93
nazmulkazi	parakeet-tdt-0.6b-v2	sensevoice	D0422-S3-T02	3232	608	217
nazmulkazi	parakeet-tdt-0.6b-v2	sensevoice	D0422-S3-T04	2889	438	172
nazmulkazi	parakeet-tdt-0.6b-v2	sensevoice	D0421-S2-T01	8416	1559	561
nazmulkazi	parakeet-tdt-0.6b-v2	sensevoice	D0422-S4-T03	3877	627	295
nazmulkazi	parakeet-tdt-0.6b-v2	sensevoice	D0422-S1-T01	6381	1193	710
nazmulkazi	parakeet-tdt-0.6b-v2	sensevoice	D0422-S4-T04	4165	713	295
nazmulkazi	parakeet-tdt-0.6b-v2	sensevoice	D0421-S2-T02	7030	1278	538
nazmulkazi	parakeet-tdt-0.6b-v2	sensevoice	D0422-S4-T05	3544	709	317
nazmulkazi	parakeet-tdt-0.6b-v2	sensevoice	D0423-S2-T01	2568	428	196
nazmulkazi	parakeet-tdt-0.6b-v2	sensevoice	D0422-S3-T03	4879	794	368
nazmulkazi	parakeet-tdt-0.6b-v2	sensevoice	D0423-S1-T03	2605	472	213
nazmulkazi	parakeet-tdt-0.6b-v2	sensevoice	D0424-S1-T01	2253	330	119
nazmulkazi	parakeet-tdt-0.6b-v2	sensevoice	D0420-S4-T02	8302	1270	579
nazmulkazi	parakeet-tdt-0.6b-v2	sensevoice	D0423-S2-T02	3734	644	286
nazmulkazi	parakeet-tdt-0.6b-v2	sensevoice	D0424-S1-T02	2784	408	184
nazmulkazi	parakeet-tdt-0.6b-v2	sensevoice	D0423-S2-T03	4277	729	461
nazmulkazi	parakeet-tdt-0.6b-v2	sensevoice	D0424-S1-T03	3230	712	268
nazmulkazi	parakeet-tdt-0.6b-v2	sensevoice	D0422-S4-T01	8093	1321	405
nazmulkazi	parakeet-tdt-0.6b-v2	sensevoice	D0423-S1-T02	5252	864	345
nazmulkazi	parakeet-tdt-0.6b-v2	sensevoice	D0422-S4-T02	7033	1095	418
nazmulkazi	parakeet-tdt-0.6b-v2	sensevoice	D0424-S2-T04	5779	1052	429
nazmulkazi	parakeet-tdt-0.6b-v2	sensevoice	D0424-S3-T04	1497	231	97
nazmulkazi	parakeet-tdt-0.6b-v2	sensevoice	D0424-S3-T03	2230	383	101
nazmulkazi	parakeet-tdt-0.6b-v2	sensevoice	D0424-S2-T03	7024	1375	544
nazmulkazi	parakeet-tdt-0.6b-v2	sensevoice	D0424-S2-T05	6018	1286	442
nazmulkazi	parakeet-tdt-0.6b-v2	sensevoice	D0425-S1-T01	1510	238	78
nazmulkazi	parakeet-tdt-0.6b-v2	sensevoice	D0424-S2-T06	4944	942	421
nazmulkazi	parakeet-tdt-0.6b-v2	sensevoice	D0424-S2-T01	7569	1246	547
nazmulkazi	parakeet-tdt-0.6b-v2	sensevoice	D0425-S1-T03	2415	385	126
nazmulkazi	parakeet-tdt-0.6b-v2	sensevoice	D0424-S3-T02	4393	603	285
nazmulkazi	parakeet-tdt-0.6b-v2	sensevoice	D0422-S3-T01	8238	1325	587
nazmulkazi	parakeet-tdt-0.6b-v2	sensevoice	D0425-S2-T04	3150	511	169
nazmulkazi	parakeet-tdt-0.6b-v2	sensevoice	D0425-S1-T02	3054	506	155
nazmulkazi	parakeet-tdt-0.6b-v2	sensevoice	D0424-S2-T02	6701	1470	557
nazmulkazi	parakeet-tdt-0.6b-v2	sensevoice	D0425-S2-T02	4526	783	248
nazmulkazi	parakeet-tdt-0.6b-v2	sensevoice-no-itn	D0420-S1-T02	523	37	23
nazmulkazi	parakeet-tdt-0.6b-v2	sensevoice	D0425-S3-T04	3006	691	428
nazmulkazi	parakeet-tdt-0.6b-v2	sensevoice-no-itn	D0420-S1-T03	956	100	52
nazmulkazi	parakeet-tdt-0.6b-v2	sensevoice	D0425-S3-T05	2367	435	187
nazmulkazi	parakeet-tdt-0.6b-v2	sensevoice	D0425-S2-T03	3747	597	176
nazmulkazi	parakeet-tdt-0.6b-v2	sensevoice-no-itn	D0420-S1-T04	1570	133	74
nazmulkazi	parakeet-tdt-0.6b-v2	sensevoice	D0425-S3-T01	4469	955	472
nazmulkazi	parakeet-tdt-0.6b-v2	sensevoice-no-itn	D0420-S1-T05	2443	341	127
nazmulkazi	parakeet-tdt-0.6b-v2	sensevoice-no-itn	D0420-S1-T01	2789	508	161
nazmulkazi	parakeet-tdt-0.6b-v2	sensevoice	D0425-S3-T03	3294	703	447
nazmulkazi	parakeet-tdt-0.6b-v2	sensevoice-no-itn	D0420-S3-T01	1984	147	96
nazmulkazi	parakeet-tdt-0.6b-v2	sensevoice-no-itn	D0420-S4-T01	2531	499	203
nazmulkazi	parakeet-tdt-0.6b-v2	sensevoice-no-itn	D0421-S1-T03	2686	357	134
nazmulkazi	parakeet-tdt-0.6b-v2	sensevoice	D0425-S3-T02	4488	867	480
nazmulkazi	parakeet-tdt-0.6b-v2	sensevoice-no-itn	D0420-S3-T03	4307	599	195
nazmulkazi	parakeet-tdt-0.6b-v2	sensevoice-no-itn	D0420-S3-T02	5337	850	320
nazmulkazi	parakeet-tdt-0.6b-v2	sensevoice-no-itn	D0421-S1-T04	3497	528	154
nazmulkazi	parakeet-tdt-0.6b-v2	sensevoice	D0424-S3-T01	9346	1568	498
nazmulkazi	parakeet-tdt-0.6b-v2	sensevoice	D0423-S1-T01	9263	1508	463
nazmulkazi	parakeet-tdt-0.6b-v2	sensevoice-no-itn	D0421-S1-T05	3144	472	150
nazmulkazi	parakeet-tdt-0.6b-v2	sensevoice-no-itn	D0421-S3-T01	3961	842	426
nazmulkazi	parakeet-tdt-0.6b-v2	sensevoice-no-itn	D0421-S3-T02	3689	632	373
nazmulkazi	parakeet-tdt-0.6b-v2	sensevoice-no-itn	D0421-S1-T02	4863	714	296
nazmulkazi	parakeet-tdt-0.6b-v2	sensevoice	D0425-S2-T01	7498	1497	386
nazmulkazi	parakeet-tdt-0.6b-v2	sensevoice-no-itn	D0421-S3-T04	3921	667	251
nazmulkazi	parakeet-tdt-0.6b-v2	sensevoice	D0422-S2-T02	11272	1797	982
nazmulkazi	parakeet-tdt-0.6b-v2	sensevoice-no-itn	D0421-S3-T03	4330	769	354
nazmulkazi	parakeet-tdt-0.6b-v2	sensevoice-no-itn	D0421-S3-T05	4405	706	334
nazmulkazi	parakeet-tdt-0.6b-v2	sensevoice-no-itn	D0421-S1-T01	6165	941	355
nazmulkazi	parakeet-tdt-0.6b-v2	sensevoice-no-itn	D0422-S1-T04	3343	862	298
nazmulkazi	parakeet-tdt-0.6b-v2	sensevoice-no-itn	D0421-S2-T02	7030	1278	538
nazmulkazi	parakeet-tdt-0.6b-v2	sensevoice-no-itn	D0420-S2-T01	6923	1092	417
nazmulkazi	parakeet-tdt-0.6b-v2	sensevoice-no-itn	D0422-S1-T02	4450	765	353
nazmulkazi	parakeet-tdt-0.6b-v2	sensevoice-no-itn	D0422-S3-T06	796	156	63
nazmulkazi	parakeet-tdt-0.6b-v2	sensevoice-no-itn	D0422-S2-T01	3594	691	321
nazmulkazi	parakeet-tdt-0.6b-v2	sensevoice-no-itn	D0422-S1-T03	3861	712	307
nazmulkazi	parakeet-tdt-0.6b-v2	sensevoice-no-itn	D0422-S3-T02	3232	607	216
nazmulkazi	parakeet-tdt-0.6b-v2	sensevoice-no-itn	D0422-S3-T05	1903	287	93
nazmulkazi	parakeet-tdt-0.6b-v2	sensevoice-no-itn	D0422-S3-T04	2889	437	171
nazmulkazi	parakeet-tdt-0.6b-v2	sensevoice-no-itn	D0422-S1-T01	6381	1193	710
nazmulkazi	parakeet-tdt-0.6b-v2	sensevoice-no-itn	D0421-S2-T01	8416	1559	561
nazmulkazi	parakeet-tdt-0.6b-v2	sensevoice-no-itn	D0423-S1-T03	2605	473	216
nazmulkazi	parakeet-tdt-0.6b-v2	sensevoice-no-itn	D0423-S2-T01	2568	431	199
nazmulkazi	parakeet-tdt-0.6b-v2	sensevoice-no-itn	D0422-S4-T05	3544	712	320
nazmulkazi	parakeet-tdt-0.6b-v2	sensevoice-no-itn	D0422-S4-T03	3877	629	297
nazmulkazi	parakeet-tdt-0.6b-v2	sensevoice-no-itn	D0422-S4-T04	4165	715	296
nazmulkazi	parakeet-tdt-0.6b-v2	sensevoice-no-itn	D0420-S4-T02	8302	1272	583
nazmulkazi	parakeet-tdt-0.6b-v2	sensevoice-no-itn	D0423-S1-T02	5252	866	348
nazmulkazi	parakeet-tdt-0.6b-v2	sensevoice-no-itn	D0424-S1-T01	2253	330	119
nazmulkazi	parakeet-tdt-0.6b-v2	sensevoice-no-itn	D0423-S2-T02	3734	644	286
nazmulkazi	parakeet-tdt-0.6b-v2	sensevoice-no-itn	D0422-S3-T03	4879	790	363
nazmulkazi	parakeet-tdt-0.6b-v2	sensevoice-no-itn	D0424-S1-T02	2784	406	182
nazmulkazi	parakeet-tdt-0.6b-v2	sensevoice-no-itn	D0424-S1-T03	3230	712	268
nazmulkazi	parakeet-tdt-0.6b-v2	sensevoice-no-itn	D0422-S3-T01	8238	1328	590
nazmulkazi	parakeet-tdt-0.6b-v2	sensevoice-no-itn	D0423-S2-T03	4277	731	463
nazmulkazi	parakeet-tdt-0.6b-v2	sensevoice-no-itn	D0424-S2-T06	4944	946	422
nazmulkazi	parakeet-tdt-0.6b-v2	sensevoice-no-itn	D0422-S4-T02	7033	1098	421
nazmulkazi	parakeet-tdt-0.6b-v2	sensevoice-no-itn	D0424-S3-T02	4393	603	285
nazmulkazi	parakeet-tdt-0.6b-v2	sensevoice-no-itn	D0424-S2-T03	7024	1373	543
nazmulkazi	parakeet-tdt-0.6b-v2	sensevoice-no-itn	D0424-S2-T04	5779	1050	427
nazmulkazi	parakeet-tdt-0.6b-v2	sensevoice-no-itn	D0424-S3-T04	1497	232	98
nazmulkazi	parakeet-tdt-0.6b-v2	sensevoice-no-itn	D0424-S2-T05	6018	1288	442
nazmulkazi	parakeet-tdt-0.6b-v2	sensevoice-no-itn	D0424-S3-T03	2230	383	101
nazmulkazi	parakeet-tdt-0.6b-v2	sensevoice-no-itn	D0425-S1-T01	1510	238	78
nazmulkazi	parakeet-tdt-0.6b-v2	sensevoice-no-itn	D0425-S1-T03	2415	385	127
nazmulkazi	parakeet-tdt-0.6b-v2	sensevoice-no-itn	D0424-S2-T01	7569	1245	547
nazmulkazi	parakeet-tdt-0.6b-v2	sensevoice-no-itn	D0423-S1-T01	9263	1507	463
nazmulkazi	parakeet-tdt-0.6b-v2	sensevoice-no-itn	D0422-S4-T01	8093	1321	405
nazmulkazi	parakeet-tdt-0.6b-v2	sensevoice-no-itn	D0425-S1-T02	3054	507	156
nazmulkazi	parakeet-tdt-0.6b-v2	sensevoice-no-itn	D0425-S2-T03	3747	595	174
nazmulkazi	parakeet-tdt-0.6b-v2	sensevoice-no-itn	D0424-S2-T02	6701	1470	556
nazmulkazi	parakeet-tdt-0.6b-v2	whisper-distil-v3.5	D0420-S1-T02	523	36	20
nazmulkazi	parakeet-tdt-0.6b-v2	sensevoice-no-itn	D0425-S2-T04	3150	511	169
nazmulkazi	parakeet-tdt-0.6b-v2	whisper-distil-v3.5	D0420-S1-T03	956	111	62
nazmulkazi	parakeet-tdt-0.6b-v2	sensevoice-no-itn	D0425-S2-T02	4526	789	254
nazmulkazi	parakeet-tdt-0.6b-v2	sensevoice-no-itn	D0425-S3-T05	2367	435	187
nazmulkazi	parakeet-tdt-0.6b-v2	whisper-distil-v3.5	D0420-S1-T01	2789	522	179
nazmulkazi	parakeet-tdt-0.6b-v2	whisper-distil-v3.5	D0420-S1-T04	1570	140	83
nazmulkazi	parakeet-tdt-0.6b-v2	sensevoice-no-itn	D0425-S3-T04	3006	691	428
nazmulkazi	parakeet-tdt-0.6b-v2	sensevoice-no-itn	D0425-S3-T01	4469	956	473
nazmulkazi	parakeet-tdt-0.6b-v2	sensevoice-no-itn	D0425-S3-T03	3294	701	445
nazmulkazi	parakeet-tdt-0.6b-v2	whisper-distil-v3.5	D0420-S3-T01	1984	159	110
nazmulkazi	parakeet-tdt-0.6b-v2	whisper-distil-v3.5	D0420-S1-T05	2443	343	128
nazmulkazi	parakeet-tdt-0.6b-v2	whisper-distil-v3.5	D0420-S4-T01	2531	507	213
nazmulkazi	parakeet-tdt-0.6b-v2	whisper-distil-v3.5	D0421-S1-T03	2686	367	144
nazmulkazi	parakeet-tdt-0.6b-v2	sensevoice-no-itn	D0425-S3-T02	4488	868	481
nazmulkazi	parakeet-tdt-0.6b-v2	whisper-distil-v3.5	D0420-S3-T02	5337	849	321
nazmulkazi	parakeet-tdt-0.6b-v2	sensevoice-no-itn	D0424-S3-T01	9346	1567	498
nazmulkazi	parakeet-tdt-0.6b-v2	whisper-distil-v3.5	D0420-S3-T03	4307	604	200
nazmulkazi	parakeet-tdt-0.6b-v2	whisper-distil-v3.5	D0421-S1-T04	3497	543	170
nazmulkazi	parakeet-tdt-0.6b-v2	whisper-distil-v3.5	D0421-S1-T05	3144	476	149
nazmulkazi	parakeet-tdt-0.6b-v2	whisper-distil-v3.5	D0421-S1-T02	4863	715	300
nazmulkazi	parakeet-tdt-0.6b-v2	whisper-distil-v3.5	D0420-S2-T01	6923	1098	428
nazmulkazi	parakeet-tdt-0.6b-v2	whisper-distil-v3.5	D0421-S3-T01	3961	842	431
nazmulkazi	parakeet-tdt-0.6b-v2	whisper-distil-v3.5	D0421-S3-T02	3689	639	382
nazmulkazi	parakeet-tdt-0.6b-v2	sensevoice-no-itn	D0422-S2-T02	11272	1803	985
nazmulkazi	parakeet-tdt-0.6b-v2	whisper-distil-v3.5	D0421-S3-T04	3921	672	257
nazmulkazi	parakeet-tdt-0.6b-v2	sensevoice-no-itn	D0425-S2-T01	7498	1494	384
nazmulkazi	parakeet-tdt-0.6b-v2	whisper-distil-v3.5	D0421-S3-T03	4330	778	358
nazmulkazi	parakeet-tdt-0.6b-v2	whisper-distil-v3.5	D0422-S1-T04	3343	865	310
nazmulkazi	parakeet-tdt-0.6b-v2	whisper-distil-v3.5	D0421-S1-T01	6165	945	365
nazmulkazi	parakeet-tdt-0.6b-v2	whisper-distil-v3.5	D0422-S1-T02	4450	771	361
nazmulkazi	parakeet-tdt-0.6b-v2	whisper-distil-v3.5	D0422-S3-T02	3232	618	229
nazmulkazi	parakeet-tdt-0.6b-v2	whisper-distil-v3.5	D0422-S3-T04	2889	442	178
nazmulkazi	parakeet-tdt-0.6b-v2	whisper-distil-v3.5	D0422-S3-T06	796	157	65
nazmulkazi	parakeet-tdt-0.6b-v2	whisper-distil-v3.5	D0421-S3-T05	4405	720	347
nazmulkazi	parakeet-tdt-0.6b-v2	whisper-distil-v3.5	D0421-S2-T02	7030	1294	557
nazmulkazi	parakeet-tdt-0.6b-v2	whisper-distil-v3.5	D0422-S1-T03	3861	716	314
nazmulkazi	parakeet-tdt-0.6b-v2	whisper-distil-v3.5	D0422-S2-T01	3594	703	334
nazmulkazi	parakeet-tdt-0.6b-v2	whisper-distil-v3.5	D0422-S3-T05	1903	293	99
nazmulkazi	parakeet-tdt-0.6b-v2	whisper-distil-v3.5	D0422-S1-T01	6381	1197	715
nazmulkazi	parakeet-tdt-0.6b-v2	whisper-distil-v3.5	D0422-S4-T03	3877	637	306
nazmulkazi	parakeet-tdt-0.6b-v2	whisper-distil-v3.5	D0423-S1-T03	2605	474	215
nazmulkazi	parakeet-tdt-0.6b-v2	whisper-distil-v3.5	D0422-S4-T05	3544	711	320
nazmulkazi	parakeet-tdt-0.6b-v2	whisper-distil-v3.5	D0422-S4-T04	4165	717	300
nazmulkazi	parakeet-tdt-0.6b-v2	whisper-distil-v3.5	D0423-S2-T01	2568	441	205
nazmulkazi	parakeet-tdt-0.6b-v2	whisper-distil-v3.5	D0422-S3-T03	4879	795	366
nazmulkazi	parakeet-tdt-0.6b-v2	whisper-distil-v3.5	D0424-S1-T01	2253	344	134
nazmulkazi	parakeet-tdt-0.6b-v2	whisper-distil-v3.5	D0423-S1-T02	5252	874	356
nazmulkazi	parakeet-tdt-0.6b-v2	whisper-distil-v3.5	D0420-S4-T02	8302	1310	630
nazmulkazi	parakeet-tdt-0.6b-v2	whisper-distil-v3.5	D0424-S1-T02	2784	411	187
nazmulkazi	parakeet-tdt-0.6b-v2	whisper-distil-v3.5	D0424-S1-T03	3230	737	295
nazmulkazi	parakeet-tdt-0.6b-v2	whisper-distil-v3.5	D0423-S2-T02	3734	662	303
nazmulkazi	parakeet-tdt-0.6b-v2	whisper-distil-v3.5	D0422-S4-T02	7033	1104	432
nazmulkazi	parakeet-tdt-0.6b-v2	whisper-distil-v3.5	D0421-S2-T01	8416	1570	580
nazmulkazi	parakeet-tdt-0.6b-v2	whisper-distil-v3.5	D0423-S2-T03	4277	736	470
nazmulkazi	parakeet-tdt-0.6b-v2	whisper-distil-v3.5	D0422-S4-T01	8093	1330	418
nazmulkazi	parakeet-tdt-0.6b-v2	whisper-distil-v3.5	D0424-S3-T03	2230	386	102
nazmulkazi	parakeet-tdt-0.6b-v2	whisper-distil-v3.5	D0424-S3-T04	1497	233	98
nazmulkazi	parakeet-tdt-0.6b-v2	whisper-distil-v3.5	D0424-S2-T06	4944	958	434
nazmulkazi	parakeet-tdt-0.6b-v2	whisper-distil-v3.5	D0424-S2-T04	5779	1066	442
nazmulkazi	parakeet-tdt-0.6b-v2	whisper-distil-v3.5	D0425-S1-T01	1510	247	87
nazmulkazi	parakeet-tdt-0.6b-v2	whisper-distil-v3.5	D0425-S1-T03	2415	392	132
nazmulkazi	parakeet-tdt-0.6b-v2	whisper-distil-v3.5	D0425-S1-T02	3054	525	177
nazmulkazi	parakeet-tdt-0.6b-v2	whisper-distil-v3.5	D0424-S2-T05	6018	1304	457
nazmulkazi	parakeet-tdt-0.6b-v2	whisper-distil-v3.5	D0424-S3-T02	4393	623	300
nazmulkazi	parakeet-tdt-0.6b-v2	whisper-distil-v3.5	D0425-S2-T04	3150	521	181
nazmulkazi	parakeet-tdt-0.6b-v2	whisper-distil-v3.5	D0424-S2-T01	7569	1279	586
nazmulkazi	parakeet-tdt-0.6b-v2	whisper-distil-v3.5	D0425-S2-T03	3747	618	197
nazmulkazi	parakeet-tdt-0.6b-v2	whisper-distil-v3.5	D0425-S2-T02	4526	786	251
nazmulkazi	parakeet-tdt-0.6b-v2	whisper-distil-v3.5	D0422-S3-T01	8238	1357	623
nazmulkazi	parakeet-tdt-0.6b-v2	whisper-distil-v3.5	D0425-S3-T05	2367	442	198
nazmulkazi	whisper-distil-v3.5	sensevoice	D0420-S1-T02	523	35	21
nazmulkazi	whisper-distil-v3.5	sensevoice	D0420-S1-T03	956	99	50
nazmulkazi	parakeet-tdt-0.6b-v2	whisper-distil-v3.5	D0425-S3-T03	3294	710	454
nazmulkazi	parakeet-tdt-0.6b-v2	whisper-distil-v3.5	D0424-S2-T02	6701	1485	574
nazmulkazi	whisper-distil-v3.5	sensevoice	D0420-S1-T04	1570	138	81
nazmulkazi	parakeet-tdt-0.6b-v2	whisper-distil-v3.5	D0425-S3-T04	3006	693	434
nazmulkazi	whisper-distil-v3.5	sensevoice	D0420-S1-T01	2789	516	170
nazmulkazi	whisper-distil-v3.5	sensevoice	D0420-S1-T05	2443	340	125
nazmulkazi	whisper-distil-v3.5	sensevoice	D0420-S3-T01	1984	152	101
nazmulkazi	parakeet-tdt-0.6b-v2	whisper-distil-v3.5	D0425-S3-T02	4488	876	490
nazmulkazi	whisper-distil-v3.5	sensevoice	D0420-S4-T01	2531	505	208
nazmulkazi	parakeet-tdt-0.6b-v2	whisper-distil-v3.5	D0424-S2-T03	7024	1420	594
nazmulkazi	parakeet-tdt-0.6b-v2	whisper-distil-v3.5	D0425-S3-T01	4469	969	487
nazmulkazi	whisper-distil-v3.5	sensevoice	D0421-S1-T03	2686	367	144
nazmulkazi	whisper-distil-v3.5	sensevoice	D0421-S1-T04	3497	546	172
nazmulkazi	whisper-distil-v3.5	sensevoice	D0421-S1-T02	4863	715	298
nazmulkazi	parakeet-tdt-0.6b-v2	whisper-distil-v3.5	D0423-S1-T01	9263	1540	503
nazmulkazi	whisper-distil-v3.5	sensevoice	D0420-S3-T03	4307	594	193
nazmulkazi	parakeet-tdt-0.6b-v2	whisper-distil-v3.5	D0425-S2-T01	7498	1500	395
nazmulkazi	whisper-distil-v3.5	sensevoice	D0421-S1-T05	3144	478	153
nazmulkazi	whisper-distil-v3.5	sensevoice	D0420-S3-T02	5337	860	332
nazmulkazi	parakeet-tdt-0.6b-v2	whisper-distil-v3.5	D0424-S3-T01	9346	1577	510
nazmulkazi	whisper-distil-v3.5	sensevoice	D0421-S3-T02	3689	641	380
nazmulkazi	whisper-distil-v3.5	sensevoice	D0421-S3-T01	3961	841	426
nazmulkazi	whisper-distil-v3.5	sensevoice	D0421-S3-T04	3921	677	256
nazmulkazi	parakeet-tdt-0.6b-v2	whisper-distil-v3.5	D0422-S2-T02	11272	1896	1083
nazmulkazi	whisper-distil-v3.5	sensevoice	D0421-S1-T01	6165	936	361
nazmulkazi	whisper-distil-v3.5	sensevoice	D0421-S3-T03	4330	776	353
nazmulkazi	whisper-distil-v3.5	sensevoice	D0422-S1-T04	3343	864	307
nazmulkazi	whisper-distil-v3.5	sensevoice	D0422-S2-T01	3594	704	339
nazmulkazi	whisper-distil-v3.5	sensevoice	D0420-S2-T01	6923	1084	414
nazmulkazi	whisper-distil-v3.5	sensevoice	D0421-S3-T05	4405	710	343
nazmulkazi	whisper-distil-v3.5	sensevoice	D0422-S1-T03	3861	719	318
nazmulkazi	whisper-distil-v3.5	sensevoice	D0422-S3-T06	796	150	57
nazmulkazi	whisper-distil-v3.5	sensevoice	D0421-S2-T02	7030	1280	541
nazmulkazi	whisper-distil-v3.5	sensevoice	D0422-S3-T05	1903	296	103
nazmulkazi	whisper-distil-v3.5	sensevoice	D0422-S3-T02	3232	618	227
nazmulkazi	whisper-distil-v3.5	sensevoice	D0422-S3-T04	2889	443	173
nazmulkazi	whisper-distil-v3.5	sensevoice	D0422-S1-T02	4450	758	352
nazmulkazi	whisper-distil-v3.5	sensevoice	D0422-S1-T01	6381	1210	724
nazmulkazi	whisper-distil-v3.5	sensevoice	D0421-S2-T01	8416	1573	578
nazmulkazi	whisper-distil-v3.5	sensevoice	D0423-S1-T03	2605	468	208
nazmulkazi	whisper-distil-v3.5	sensevoice	D0423-S2-T01	2568	437	204
nazmulkazi	whisper-distil-v3.5	sensevoice	D0422-S4-T03	3877	645	315
nazmulkazi	whisper-distil-v3.5	sensevoice	D0422-S4-T05	3544	705	316
nazmulkazi	whisper-distil-v3.5	sensevoice	D0420-S4-T02	8302	1312	626
nazmulkazi	whisper-distil-v3.5	sensevoice	D0422-S4-T04	4165	720	302
nazmulkazi	whisper-distil-v3.5	sensevoice	D0422-S3-T03	4879	802	371
nazmulkazi	whisper-distil-v3.5	sensevoice	D0424-S1-T01	2253	340	135
nazmulkazi	whisper-distil-v3.5	sensevoice	D0423-S1-T02	5252	881	363
nazmulkazi	whisper-distil-v3.5	sensevoice	D0423-S2-T02	3734	658	300
nazmulkazi	whisper-distil-v3.5	sensevoice	D0424-S1-T02	2784	404	180
nazmulkazi	whisper-distil-v3.5	sensevoice	D0424-S1-T03	3230	731	286
nazmulkazi	whisper-distil-v3.5	sensevoice	D0422-S4-T02	7033	1092	418
nazmulkazi	whisper-distil-v3.5	sensevoice	D0422-S3-T01	8238	1370	639
nazmulkazi	whisper-distil-v3.5	sensevoice	D0423-S2-T03	4277	733	463
nazmulkazi	whisper-distil-v3.5	sensevoice	D0424-S3-T03	2230	389	107
nazmulkazi	whisper-distil-v3.5	sensevoice	D0424-S3-T04	1497	233	102
nazmulkazi	whisper-distil-v3.5	sensevoice	D0424-S2-T04	5779	1066	440
nazmulkazi	whisper-distil-v3.5	sensevoice	D0425-S1-T01	1510	246	87
nazmulkazi	whisper-distil-v3.5	sensevoice	D0424-S3-T02	4393	627	313
nazmulkazi	whisper-distil-v3.5	sensevoice	D0425-S1-T02	3054	531	181
nazmulkazi	whisper-distil-v3.5	sensevoice	D0425-S1-T03	2415	391	137
nazmulkazi	whisper-distil-v3.5	sensevoice	D0424-S2-T03	7024	1393	564
nazmulkazi	whisper-distil-v3.5	sensevoice	D0424-S2-T06	4944	965	440
nazmulkazi	whisper-distil-v3.5	sensevoice	D0425-S2-T04	3150	517	180
nazmulkazi	whisper-distil-v3.5	sensevoice	D0424-S2-T05	6018	1292	459
nazmulkazi	whisper-distil-v3.5	sensevoice	D0425-S2-T02	4526	787	251
nazmulkazi	whisper-distil-v3.5	sensevoice	D0425-S2-T03	3747	613	194
nazmulkazi	whisper-distil-v3.5	sensevoice	D0422-S4-T01	8093	1334	429
nazmulkazi	whisper-distil-v3.5	sensevoice	D0424-S2-T02	6701	1478	568
nazmulkazi	whisper-distil-v3.5	sensevoice-no-itn	D0420-S1-T02	523	37	23
nazmulkazi	whisper-distil-v3.5	sensevoice-no-itn	D0420-S1-T03	956	97	51
nazmulkazi	whisper-distil-v3.5	sensevoice-no-itn	D0420-S1-T04	1570	137	80
nazmulkazi	whisper-distil-v3.5	sensevoice	D0425-S3-T04	3006	691	427
nazmulkazi	whisper-distil-v3.5	sensevoice	D0425-S3-T03	3294	719	461
nazmulkazi	whisper-distil-v3.5	sensevoice	D0425-S3-T05	2367	436	187
nazmulkazi	whisper-distil-v3.5	sensevoice-no-itn	D0420-S3-T01	1984	151	100
nazmulkazi	whisper-distil-v3.5	sensevoice-no-itn	D0420-S1-T05	2443	339	123
nazmulkazi	whisper-distil-v3.5	sensevoice-no-itn	D0420-S1-T01	2789	517	173
nazmulkazi	whisper-distil-v3.5	sensevoice	D0424-S2-T01	7569	1262	577
nazmulkazi	whisper-distil-v3.5	sensevoice	D0425-S3-T02	4488	887	501
nazmulkazi	whisper-distil-v3.5	sensevoice-no-itn	D0420-S4-T01	2531	503	206
nazmulkazi	whisper-distil-v3.5	sensevoice	D0425-S3-T01	4469	951	465
nazmulkazi	whisper-distil-v3.5	sensevoice-no-itn	D0421-S1-T03	2686	368	143
nazmulkazi	whisper-distil-v3.5	sensevoice	D0425-S2-T01	7498	1494	391
nazmulkazi	whisper-distil-v3.5	sensevoice-no-itn	D0420-S3-T03	4307	594	192
nazmulkazi	whisper-distil-v3.5	sensevoice-no-itn	D0421-S1-T05	3144	479	156
nazmulkazi	whisper-distil-v3.5	sensevoice-no-itn	D0421-S1-T04	3497	545	171
nazmulkazi	whisper-distil-v3.5	sensevoice-no-itn	D0421-S1-T02	4863	717	301
nazmulkazi	whisper-distil-v3.5	sensevoice	D0423-S1-T01	9263	1525	472
nazmulkazi	whisper-distil-v3.5	sensevoice-no-itn	D0420-S3-T02	5337	861	333
nazmulkazi	whisper-distil-v3.5	sensevoice	D0424-S3-T01	9346	1578	513
nazmulkazi	whisper-distil-v3.5	sensevoice-no-itn	D0421-S3-T03	4330	778	356
nazmulkazi	whisper-distil-v3.5	sensevoice-no-itn	D0421-S3-T02	3689	638	380
nazmulkazi	whisper-distil-v3.5	sensevoice-no-itn	D0421-S3-T01	3961	838	423
nazmulkazi	whisper-distil-v3.5	sensevoice-no-itn	D0420-S2-T01	6923	1081	413
nazmulkazi	whisper-distil-v3.5	sensevoice-no-itn	D0421-S3-T04	3921	677	254
nazmulkazi	whisper-distil-v3.5	sensevoice-no-itn	D0421-S1-T01	6165	937	362
nazmulkazi	whisper-distil-v3.5	sensevoice-no-itn	D0422-S2-T01	3594	707	342
nazmulkazi	whisper-distil-v3.5	sensevoice-no-itn	D0421-S2-T02	7030	1279	540
nazmulkazi	whisper-distil-v3.5	sensevoice-no-itn	D0422-S1-T04	3343	864	305
nazmulkazi	whisper-distil-v3.5	sensevoice-no-itn	D0422-S1-T02	4450	758	350
nazmulkazi	whisper-distil-v3.5	sensevoice	D0422-S2-T02	11272	1862	1054
nazmulkazi	whisper-distil-v3.5	sensevoice-no-itn	D0422-S3-T06	796	150	57
nazmulkazi	whisper-distil-v3.5	sensevoice-no-itn	D0422-S3-T05	1903	295	102
nazmulkazi	whisper-distil-v3.5	sensevoice-no-itn	D0421-S3-T05	4405	709	344
nazmulkazi	whisper-distil-v3.5	sensevoice-no-itn	D0422-S1-T03	3861	718	317
nazmulkazi	whisper-distil-v3.5	sensevoice-no-itn	D0422-S3-T02	3232	618	227
nazmulkazi	whisper-distil-v3.5	sensevoice-no-itn	D0422-S3-T04	2889	442	172
nazmulkazi	whisper-distil-v3.5	sensevoice-no-itn	D0422-S4-T05	3544	707	318
nazmulkazi	whisper-distil-v3.5	sensevoice-no-itn	D0422-S3-T03	4879	802	370
nazmulkazi	whisper-distil-v3.5	sensevoice-no-itn	D0423-S1-T03	2605	468	210
nazmulkazi	whisper-distil-v3.5	sensevoice-no-itn	D0422-S4-T03	3877	646	316
nazmulkazi	whisper-distil-v3.5	sensevoice-no-itn	D0422-S4-T04	4165	722	303
nazmulkazi	whisper-distil-v3.5	sensevoice-no-itn	D0421-S2-T01	8416	1574	579
nazmulkazi	whisper-distil-v3.5	sensevoice-no-itn	D0423-S2-T01	2568	439	206
nazmulkazi	whisper-distil-v3.5	sensevoice-no-itn	D0422-S1-T01	6381	1206	722
nazmulkazi	whisper-distil-v3.5	sensevoice-no-itn	D0424-S1-T01	2253	340	135
nazmulkazi	whisper-distil-v3.5	sensevoice-no-itn	D0420-S4-T02	8302	1313	627
nazmulkazi	whisper-distil-v3.5	sensevoice-no-itn	D0424-S1-T02	2784	402	178
nazmulkazi	whisper-distil-v3.5	sensevoice-no-itn	D0423-S1-T02	5252	878	361
nazmulkazi	whisper-distil-v3.5	sensevoice-no-itn	D0423-S2-T02	3734	658	300
nazmulkazi	whisper-distil-v3.5	sensevoice-no-itn	D0422-S4-T02	7033	1094	420
nazmulkazi	whisper-distil-v3.5	sensevoice-no-itn	D0424-S1-T03	3230	731	286
nazmulkazi	whisper-distil-v3.5	sensevoice-no-itn	D0422-S3-T01	8238	1371	640
nazmulkazi	whisper-distil-v3.5	sensevoice-no-itn	D0423-S2-T03	4277	734	464
nazmulkazi	whisper-distil-v3.5	sensevoice-no-itn	D0424-S3-T03	2230	388	106
nazmulkazi	whisper-distil-v3.5	sensevoice-no-itn	D0424-S3-T04	1497	232	101
nazmulkazi	whisper-distil-v3.5	sensevoice-no-itn	D0425-S1-T01	1510	246	87
nazmulkazi	whisper-distil-v3.5	sensevoice-no-itn	D0424-S2-T06	4944	969	442
nazmulkazi	whisper-distil-v3.5	sensevoice-no-itn	D0425-S1-T02	3054	532	182
nazmulkazi	whisper-distil-v3.5	sensevoice-no-itn	D0425-S1-T03	2415	391	137
nazmulkazi	whisper-distil-v3.5	sensevoice-no-itn	D0424-S2-T04	5779	1067	441
nazmulkazi	whisper-distil-v3.5	sensevoice-no-itn	D0424-S3-T02	4393	628	314
nazmulkazi	whisper-distil-v3.5	sensevoice-no-itn	D0424-S2-T03	7024	1393	564
nazmulkazi	whisper-distil-v3.5	sensevoice-no-itn	D0424-S2-T02	6701	1478	568
nazmulkazi	whisper-distil-v3.5	sensevoice-no-itn	D0422-S4-T01	8093	1334	429
nazmulkazi	whisper-distil-v3.5	sensevoice-no-itn	D0425-S2-T03	3747	612	193
nazmulkazi	whisper-distil-v3.5	sensevoice-no-itn	D0425-S2-T02	4526	792	256
nazmulkazi	whisper-distil-v3.5	sensevoice-no-itn	D0425-S2-T04	3150	517	180
nazmulkazi	whisper-distil-v3.5	sensevoice-no-itn	D0424-S2-T05	6018	1294	459
nazmulkazi	whisper-distil-v3.5	qwen3-asr	D0420-S1-T02	523	38	24
nazmulkazi	whisper-distil-v3.5	qwen3-asr	D0420-S1-T03	956	110	61
nazmulkazi	whisper-distil-v3.5	sensevoice-no-itn	D0425-S3-T05	2367	435	186
nazmulkazi	whisper-distil-v3.5	sensevoice-no-itn	D0425-S3-T04	3006	690	426
nazmulkazi	whisper-distil-v3.5	qwen3-asr	D0420-S1-T04	1570	137	82
nazmulkazi	whisper-distil-v3.5	sensevoice-no-itn	D0425-S3-T03	3294	719	461
nazmulkazi	whisper-distil-v3.5	qwen3-asr	D0420-S1-T05	2443	338	124
nazmulkazi	whisper-distil-v3.5	sensevoice-no-itn	D0423-S1-T01	9263	1525	473
nazmulkazi	whisper-distil-v3.5	qwen3-asr	D0420-S1-T01	2789	518	181
nazmulkazi	whisper-distil-v3.5	qwen3-asr	D0420-S3-T01	1984	159	108
nazmulkazi	whisper-distil-v3.5	qwen3-asr	D0420-S4-T01	2531	510	223
nazmulkazi	whisper-distil-v3.5	sensevoice-no-itn	D0425-S3-T01	4469	952	466
nazmulkazi	whisper-distil-v3.5	sensevoice-no-itn	D0424-S2-T01	7569	1263	579
nazmulkazi	whisper-distil-v3.5	sensevoice-no-itn	D0425-S3-T02	4488	887	500
nazmulkazi	whisper-distil-v3.5	qwen3-asr	D0420-S3-T03	4307	601	203
nazmulkazi	whisper-distil-v3.5	qwen3-asr	D0421-S1-T03	2686	372	148
nazmulkazi	whisper-distil-v3.5	qwen3-asr	D0420-S3-T02	5337	861	341
nazmulkazi	whisper-distil-v3.5	qwen3-asr	D0421-S1-T02	4863	719	304
nazmulkazi	whisper-distil-v3.5	qwen3-asr	D0421-S1-T05	3144	475	157
nazmulkazi	whisper-distil-v3.5	qwen3-asr	D0421-S1-T04	3497	548	174
nazmulkazi	whisper-distil-v3.5	qwen3-asr	D0421-S3-T01	3961	838	441
nazmulkazi	whisper-distil-v3.5	sensevoice-no-itn	D0425-S2-T01	7498	1493	391
nazmulkazi	whisper-distil-v3.5	sensevoice-no-itn	D0422-S2-T02	11272	1869	1058
nazmulkazi	whisper-distil-v3.5	qwen3-asr	D0420-S2-T01	6923	1098	435
nazmulkazi	whisper-distil-v3.5	qwen3-asr	D0421-S3-T02	3689	643	389
nazmulkazi	whisper-distil-v3.5	qwen3-asr	D0421-S3-T04	3921	678	267
nazmulkazi	whisper-distil-v3.5	qwen3-asr	D0421-S1-T01	6165	946	373
nazmulkazi	whisper-distil-v3.5	qwen3-asr	D0421-S3-T03	4330	778	369
nazmulkazi	whisper-distil-v3.5	sensevoice-no-itn	D0424-S3-T01	9346	1577	514
nazmulkazi	whisper-distil-v3.5	qwen3-asr	D0421-S3-T05	4405	710	345
nazmulkazi	whisper-distil-v3.5	qwen3-asr	D0422-S1-T03	3861	714	337
nazmulkazi	whisper-distil-v3.5	qwen3-asr	D0422-S1-T04	3343	872	313
nazmulkazi	whisper-distil-v3.5	qwen3-asr	D0422-S1-T02	4450	755	366
nazmulkazi	whisper-distil-v3.5	qwen3-asr	D0422-S3-T06	796	153	58
nazmulkazi	whisper-distil-v3.5	qwen3-asr	D0422-S3-T05	1903	299	107
nazmulkazi	whisper-distil-v3.5	qwen3-asr	D0422-S2-T01	3594	702	344
nazmulkazi	whisper-distil-v3.5	qwen3-asr	D0422-S3-T04	2889	447	179
nazmulkazi	whisper-distil-v3.5	qwen3-asr	D0420-S4-T02	8302	1313	629
nazmulkazi	whisper-distil-v3.5	qwen3-asr	D0422-S3-T02	3232	618	236
nazmulkazi	whisper-distil-v3.5	qwen3-asr	D0421-S2-T01	8416	1571	592
nazmulkazi	whisper-distil-v3.5	qwen3-asr	D0422-S4-T05	3544	700	315
nazmulkazi	whisper-distil-v3.5	qwen3-asr	D0422-S4-T04	4165	722	308
nazmulkazi	whisper-distil-v3.5	qwen3-asr	D0423-S1-T03	2605	470	221
nazmulkazi	whisper-distil-v3.5	qwen3-asr	D0423-S2-T01	2568	438	207
nazmulkazi	whisper-distil-v3.5	qwen3-asr	D0422-S4-T03	3877	655	324
nazmulkazi	whisper-distil-v3.5	qwen3-asr	D0421-S2-T02	7030	1279	556
nazmulkazi	whisper-distil-v3.5	qwen3-asr	D0422-S3-T03	4879	807	382
nazmulkazi	whisper-distil-v3.5	qwen3-asr	D0424-S1-T01	2253	347	142
nazmulkazi	whisper-distil-v3.5	qwen3-asr	D0423-S2-T02	3734	665	307
nazmulkazi	whisper-distil-v3.5	qwen3-asr	D0422-S1-T01	6381	1214	738
nazmulkazi	whisper-distil-v3.5	qwen3-asr	D0423-S1-T02	5252	882	382
nazmulkazi	whisper-distil-v3.5	qwen3-asr	D0424-S1-T02	2784	404	183
nazmulkazi	whisper-distil-v3.5	qwen3-asr	D0423-S2-T03	4277	734	468
nazmulkazi	whisper-distil-v3.5	qwen3-asr	D0424-S1-T03	3230	732	297
nazmulkazi	whisper-distil-v3.5	qwen3-asr	D0422-S4-T01	8093	1337	450
nazmulkazi	whisper-distil-v3.5	qwen3-asr	D0424-S2-T06	4944	958	447
nazmulkazi	whisper-distil-v3.5	qwen3-asr	D0424-S2-T04	5779	1063	450
nazmulkazi	whisper-distil-v3.5	qwen3-asr	D0424-S3-T04	1497	231	100
nazmulkazi	whisper-distil-v3.5	qwen3-asr	D0424-S3-T03	2230	391	114
nazmulkazi	whisper-distil-v3.5	qwen3-asr	D0425-S1-T01	1510	247	88
nazmulkazi	whisper-distil-v3.5	qwen3-asr	D0425-S1-T03	2415	392	139
nazmulkazi	whisper-distil-v3.5	qwen3-asr	D0425-S1-T02	3054	530	192
nazmulkazi	whisper-distil-v3.5	qwen3-asr	D0424-S2-T05	6018	1294	500
nazmulkazi	whisper-distil-v3.5	qwen3-asr	D0422-S4-T02	7033	1098	428
nazmulkazi	whisper-distil-v3.5	qwen3-asr	D0424-S2-T01	7569	1264	584
nazmulkazi	whisper-distil-v3.5	qwen3-asr	D0425-S2-T03	3747	611	203
nazmulkazi	whisper-distil-v3.5	qwen3-asr	D0424-S2-T02	6701	1482	572
nazmulkazi	whisper-distil-v3.5	qwen3-asr	D0424-S3-T02	4393	638	320
nazmulkazi	whisper-distil-v3.5	qwen3-asr	D0425-S2-T04	3150	525	190
nazmulkazi	whisper-distil-v3.5	qwen3-asr	D0425-S2-T02	4526	790	259
nazmulkazi	whisper-distil-v3.5	qwen3-asr	D0422-S3-T01	8238	1376	648
nazmulkazi	whisper-distil-v3.5	whisper-turbo	D0420-S1-T02	523	37	23
nazmulkazi	whisper-distil-v3.5	whisper-turbo	D0420-S1-T03	956	113	62
nazmulkazi	whisper-distil-v3.5	whisper-turbo	D0420-S1-T01	2789	529	188
nazmulkazi	whisper-distil-v3.5	qwen3-asr	D0425-S3-T05	2367	438	189
nazmulkazi	whisper-distil-v3.5	whisper-turbo	D0420-S1-T04	1570	145	88
nazmulkazi	whisper-distil-v3.5	qwen3-asr	D0425-S3-T04	3006	697	436
nazmulkazi	whisper-distil-v3.5	qwen3-asr	D0424-S2-T03	7024	1399	592
nazmulkazi	whisper-distil-v3.5	qwen3-asr	D0425-S3-T03	3294	729	476
nazmulkazi	whisper-distil-v3.5	whisper-turbo	D0420-S1-T05	2443	342	129
nazmulkazi	whisper-distil-v3.5	qwen3-asr	D0425-S3-T01	4469	966	483
nazmulkazi	whisper-distil-v3.5	whisper-turbo	D0420-S3-T01	1984	159	106
nazmulkazi	whisper-distil-v3.5	qwen3-asr	D0425-S3-T02	4488	888	511
nazmulkazi	whisper-distil-v3.5	whisper-turbo	D0420-S4-T01	2531	501	206
nazmulkazi	whisper-distil-v3.5	qwen3-asr	D0425-S2-T01	7498	1493	398
nazmulkazi	whisper-distil-v3.5	whisper-turbo	D0421-S1-T03	2686	376	151
nazmulkazi	whisper-distil-v3.5	whisper-turbo	D0421-S1-T05	3144	478	152
nazmulkazi	whisper-distil-v3.5	whisper-turbo	D0421-S1-T04	3497	549	175
nazmulkazi	whisper-distil-v3.5	whisper-turbo	D0420-S3-T03	4307	602	200
nazmulkazi	whisper-distil-v3.5	qwen3-asr	D0423-S1-T01	9263	1536	492
nazmulkazi	whisper-distil-v3.5	whisper-turbo	D0421-S1-T01	6165	933	358
nazmulkazi	whisper-distil-v3.5	whisper-turbo	D0420-S3-T02	5337	858	330
nazmulkazi	whisper-distil-v3.5	whisper-turbo	D0421-S1-T02	4863	711	296
nazmulkazi	whisper-distil-v3.5	whisper-turbo	D0421-S3-T01	3961	842	430
nazmulkazi	whisper-distil-v3.5	qwen3-asr	D0424-S3-T01	9346	1583	538
nazmulkazi	whisper-distil-v3.5	whisper-turbo	D0421-S3-T02	3689	634	374
nazmulkazi	whisper-distil-v3.5	whisper-turbo	D0421-S3-T04	3921	678	258
nazmulkazi	whisper-distil-v3.5	whisper-turbo	D0421-S3-T03	4330	789	369
nazmulkazi	whisper-distil-v3.5	whisper-turbo	D0422-S2-T01	3594	706	340
nazmulkazi	whisper-distil-v3.5	whisper-turbo	D0422-S1-T02	4450	768	356
nazmulkazi	whisper-distil-v3.5	whisper-turbo	D0420-S4-T02	8302	1316	631
nazmulkazi	whisper-distil-v3.5	whisper-turbo	D0422-S1-T04	3343	862	300
nazmulkazi	whisper-distil-v3.5	whisper-turbo	D0420-S2-T01	6923	1096	437
nazmulkazi	whisper-distil-v3.5	whisper-turbo	D0422-S1-T03	3861	721	319
nazmulkazi	whisper-distil-v3.5	whisper-turbo	D0422-S3-T06	796	153	60
nazmulkazi	whisper-distil-v3.5	whisper-turbo	D0421-S3-T05	4405	713	347
nazmulkazi	whisper-distil-v3.5	whisper-turbo	D0422-S3-T05	1903	298	104
nazmulkazi	whisper-distil-v3.5	whisper-turbo	D0421-S2-T02	7030	1280	544
nazmulkazi	whisper-distil-v3.5	whisper-turbo	D0422-S3-T02	3232	627	235
nazmulkazi	whisper-distil-v3.5	whisper-turbo	D0422-S3-T04	2889	442	172
nazmulkazi	whisper-distil-v3.5	qwen3-asr	D0422-S2-T02	11272	1900	1118
nazmulkazi	whisper-distil-v3.5	whisper-turbo	D0422-S4-T05	3544	708	317
nazmulkazi	whisper-distil-v3.5	whisper-turbo	D0422-S4-T03	3877	653	320
nazmulkazi	whisper-distil-v3.5	whisper-turbo	D0422-S4-T04	4165	723	303
nazmulkazi	whisper-distil-v3.5	whisper-turbo	D0423-S1-T03	2605	471	210
nazmulkazi	whisper-distil-v3.5	whisper-turbo	D0423-S2-T01	2568	437	202
nazmulkazi	whisper-distil-v3.5	whisper-turbo	D0423-S2-T02	3734	672	316
nazmulkazi	whisper-distil-v3.5	whisper-turbo	D0422-S3-T03	4879	808	379
nazmulkazi	whisper-distil-v3.5	whisper-turbo	D0424-S1-T01	2253	343	139
nazmulkazi	whisper-distil-v3.5	whisper-turbo	D0422-S1-T01	6381	1209	727
nazmulkazi	whisper-distil-v3.5	whisper-turbo	D0423-S1-T02	5252	888	369
nazmulkazi	whisper-distil-v3.5	whisper-turbo	D0424-S1-T02	2784	411	187
nazmulkazi	whisper-distil-v3.5	whisper-turbo	D0423-S2-T03	4277	733	464
nazmulkazi	whisper-distil-v3.5	whisper-turbo	D0424-S1-T03	3230	738	294
nazmulkazi	whisper-distil-v3.5	whisper-turbo	D0421-S2-T01	8416	1576	583
nazmulkazi	whisper-distil-v3.5	whisper-turbo	D0424-S2-T04	5779	1071	444
nazmulkazi	whisper-distil-v3.5	whisper-turbo	D0422-S4-T01	8093	1340	436
nazmulkazi	whisper-distil-v3.5	whisper-turbo	D0424-S2-T05	6018	1307	467
nazmulkazi	whisper-distil-v3.5	whisper-turbo	D0424-S3-T04	1497	236	104
nazmulkazi	whisper-distil-v3.5	whisper-turbo	D0425-S1-T01	1510	251	92
nazmulkazi	whisper-distil-v3.5	whisper-turbo	D0424-S3-T03	2230	390	106
nazmulkazi	whisper-distil-v3.5	whisper-turbo	D0424-S2-T06	4944	972	447
nazmulkazi	whisper-distil-v3.5	whisper-turbo	D0422-S4-T02	7033	1096	422
nazmulkazi	whisper-distil-v3.5	whisper-turbo	D0425-S1-T02	3054	533	182
nazmulkazi	whisper-distil-v3.5	whisper-turbo	D0424-S2-T03	7024	1408	580
nazmulkazi	whisper-distil-v3.5	whisper-turbo	D0422-S3-T01	8238	1390	654
nazmulkazi	whisper-distil-v3.5	whisper-turbo	D0425-S1-T03	2415	404	151
nazmulkazi	whisper-distil-v3.5	whisper-turbo	D0425-S2-T03	3747	619	200
nazmulkazi	whisper-distil-v3.5	whisper-turbo	D0424-S3-T02	4393	636	317
nazmulkazi	whisper-distil-v3.5	whisper-turbo	D0425-S2-T04	3150	530	192
nazmulkazi	whisper-distil-v3.5	whisper-turbo	D0424-S2-T02	6701	1488	580
nazmulkazi	whisper-distil-v3.5	whisper-turbo	D0425-S3-T01	4469	961	475
nazmulkazi	parakeet-tdt-0.6b-v2	qwen3-asr	D0420-S1-T02	523	38	24
nazmulkazi	whisper-distil-v3.5	whisper-turbo	D0425-S3-T05	2367	442	188
nazmulkazi	parakeet-tdt-0.6b-v2	qwen3-asr	D0420-S1-T03	956	110	59
nazmulkazi	whisper-distil-v3.5	whisper-turbo	D0425-S3-T03	3294	720	466
nazmulkazi	whisper-distil-v3.5	whisper-turbo	D0425-S2-T02	4526	797	263
nazmulkazi	parakeet-tdt-0.6b-v2	qwen3-asr	D0420-S1-T01	2789	507	166
nazmulkazi	parakeet-tdt-0.6b-v2	qwen3-asr	D0420-S1-T04	1570	133	76
nazmulkazi	whisper-distil-v3.5	whisper-turbo	D0425-S3-T04	3006	686	424
nazmulkazi	parakeet-tdt-0.6b-v2	qwen3-asr	D0420-S1-T05	2443	339	125
nazmulkazi	whisper-distil-v3.5	whisper-turbo	D0423-S1-T01	9263	1549	495
nazmulkazi	parakeet-tdt-0.6b-v2	qwen3-asr	D0420-S3-T01	1984	154	103
nazmulkazi	whisper-distil-v3.5	whisper-turbo	D0425-S3-T02	4488	890	503
nazmulkazi	whisper-distil-v3.5	whisper-turbo	D0424-S2-T01	7569	1266	583
nazmulkazi	parakeet-tdt-0.6b-v2	qwen3-asr	D0420-S4-T01	2531	509	223
nazmulkazi	whisper-distil-v3.5	whisper-turbo	D0425-S2-T01	7498	1502	396
nazmulkazi	parakeet-tdt-0.6b-v2	qwen3-asr	D0421-S1-T03	2686	362	139
nazmulkazi	parakeet-tdt-0.6b-v2	qwen3-asr	D0421-S1-T05	3144	470	153
nazmulkazi	parakeet-tdt-0.6b-v2	qwen3-asr	D0421-S1-T04	3497	534	160
nazmulkazi	parakeet-tdt-0.6b-v2	qwen3-asr	D0420-S3-T03	4307	605	205
nazmulkazi	whisper-distil-v3.5	whisper-turbo	D0424-S3-T01	9346	1593	529
nazmulkazi	parakeet-tdt-0.6b-v2	qwen3-asr	D0421-S1-T01	6165	949	364
nazmulkazi	parakeet-tdt-0.6b-v2	qwen3-asr	D0421-S1-T02	4863	716	299
nazmulkazi	parakeet-tdt-0.6b-v2	qwen3-asr	D0420-S3-T02	5337	847	325
nazmulkazi	parakeet-tdt-0.6b-v2	qwen3-asr	D0421-S3-T01	3961	850	449
nazmulkazi	parakeet-tdt-0.6b-v2	qwen3-asr	D0421-S3-T02	3689	636	379
nazmulkazi	parakeet-tdt-0.6b-v2	qwen3-asr	D0421-S3-T04	3921	670	263
nazmulkazi	parakeet-tdt-0.6b-v2	qwen3-asr	D0421-S3-T05	4405	708	339
nazmulkazi	parakeet-tdt-0.6b-v2	qwen3-asr	D0421-S3-T03	4330	769	366
nazmulkazi	parakeet-tdt-0.6b-v2	qwen3-asr	D0422-S2-T01	3594	687	322
nazmulkazi	parakeet-tdt-0.6b-v2	qwen3-asr	D0422-S1-T04	3343	866	300
nazmulkazi	parakeet-tdt-0.6b-v2	qwen3-asr	D0420-S4-T02	8302	1276	586
nazmulkazi	parakeet-tdt-0.6b-v2	qwen3-asr	D0420-S2-T01	6923	1101	434
nazmulkazi	parakeet-tdt-0.6b-v2	qwen3-asr	D0422-S3-T05	1903	288	95
nazmulkazi	parakeet-tdt-0.6b-v2	qwen3-asr	D0422-S1-T03	3861	709	327
nazmulkazi	parakeet-tdt-0.6b-v2	qwen3-asr	D0422-S3-T02	3232	609	227
nazmulkazi	parakeet-tdt-0.6b-v2	qwen3-asr	D0422-S3-T06	796	160	65
nazmulkazi	parakeet-tdt-0.6b-v2	qwen3-asr	D0422-S3-T04	2889	442	178
nazmulkazi	parakeet-tdt-0.6b-v2	qwen3-asr	D0422-S1-T02	4450	759	370
nazmulkazi	parakeet-tdt-0.6b-v2	qwen3-asr	D0421-S2-T01	8416	1555	571
nazmulkazi	whisper-distil-v3.5	whisper-turbo	D0422-S2-T02	11272	1903	1086
nazmulkazi	parakeet-tdt-0.6b-v2	qwen3-asr	D0422-S4-T04	4165	713	297
nazmulkazi	parakeet-tdt-0.6b-v2	qwen3-asr	D0422-S4-T05	3544	702	313
nazmulkazi	parakeet-tdt-0.6b-v2	qwen3-asr	D0423-S1-T03	2605	471	222
nazmulkazi	parakeet-tdt-0.6b-v2	qwen3-asr	D0422-S4-T03	3877	632	300
nazmulkazi	parakeet-tdt-0.6b-v2	qwen3-asr	D0421-S2-T02	7030	1278	552
nazmulkazi	parakeet-tdt-0.6b-v2	qwen3-asr	D0424-S1-T01	2253	340	129
nazmulkazi	parakeet-tdt-0.6b-v2	qwen3-asr	D0422-S3-T03	4879	797	375
nazmulkazi	parakeet-tdt-0.6b-v2	qwen3-asr	D0422-S1-T01	6381	1196	716
nazmulkazi	parakeet-tdt-0.6b-v2	qwen3-asr	D0423-S2-T01	2568	430	198
nazmulkazi	parakeet-tdt-0.6b-v2	qwen3-asr	D0423-S2-T02	3734	643	283
nazmulkazi	parakeet-tdt-0.6b-v2	qwen3-asr	D0424-S1-T02	2784	408	186
nazmulkazi	parakeet-tdt-0.6b-v2	qwen3-asr	D0424-S1-T03	3230	718	283
nazmulkazi	parakeet-tdt-0.6b-v2	qwen3-asr	D0422-S4-T02	7033	1098	424
nazmulkazi	parakeet-tdt-0.6b-v2	qwen3-asr	D0423-S2-T03	4277	730	464
nazmulkazi	parakeet-tdt-0.6b-v2	qwen3-asr	D0423-S1-T02	5252	870	363
nazmulkazi	parakeet-tdt-0.6b-v2	qwen3-asr	D0424-S2-T06	4944	945	435
nazmulkazi	parakeet-tdt-0.6b-v2	qwen3-asr	D0424-S3-T03	2230	384	106
nazmulkazi	parakeet-tdt-0.6b-v2	qwen3-asr	D0424-S3-T04	1497	231	97
nazmulkazi	parakeet-tdt-0.6b-v2	qwen3-asr	D0424-S2-T03	7024	1378	566
nazmulkazi	parakeet-tdt-0.6b-v2	qwen3-asr	D0425-S1-T01	1510	240	76
nazmulkazi	parakeet-tdt-0.6b-v2	qwen3-asr	D0423-S1-T01	9263	1523	489
nazmulkazi	parakeet-tdt-0.6b-v2	qwen3-asr	D0425-S1-T03	2415	389	132
nazmulkazi	parakeet-tdt-0.6b-v2	qwen3-asr	D0424-S3-T02	4393	609	288
nazmulkazi	parakeet-tdt-0.6b-v2	qwen3-asr	D0425-S1-T02	3054	507	167
nazmulkazi	parakeet-tdt-0.6b-v2	qwen3-asr	D0424-S2-T04	5779	1051	440
nazmulkazi	parakeet-tdt-0.6b-v2	qwen3-asr	D0422-S4-T01	8093	1323	426
nazmulkazi	parakeet-tdt-0.6b-v2	qwen3-asr	D0422-S3-T01	8238	1334	602
nazmulkazi	parakeet-tdt-0.6b-v2	qwen3-asr	D0424-S2-T02	6701	1478	567
nazmulkazi	parakeet-tdt-0.6b-v2	qwen3-asr	D0424-S2-T05	6018	1287	480
nazmulkazi	parakeet-tdt-0.6b-v2	qwen3-asr	D0425-S2-T04	3150	520	182
nazmulkazi	parakeet-tdt-0.6b-v2	qwen3-asr	D0425-S2-T03	3747	594	184
nazmulkazi	sensevoice	sensevoice-no-itn	D0420-S1-T02	523	44	30
nazmulkazi	sensevoice	sensevoice-no-itn	D0420-S1-T03	956	113	65
nazmulkazi	parakeet-tdt-0.6b-v2	qwen3-asr	D0425-S3-T05	2367	439	191
nazmulkazi	parakeet-tdt-0.6b-v2	qwen3-asr	D0425-S3-T03	3294	711	457
nazmulkazi	parakeet-tdt-0.6b-v2	qwen3-asr	D0425-S2-T02	4526	787	254
nazmulkazi	sensevoice	sensevoice-no-itn	D0420-S1-T04	1570	142	83
nazmulkazi	parakeet-tdt-0.6b-v2	qwen3-asr	D0425-S3-T04	3006	693	434
nazmulkazi	parakeet-tdt-0.6b-v2	qwen3-asr	D0424-S2-T01	7569	1249	555
nazmulkazi	sensevoice	sensevoice-no-itn	D0420-S1-T01	2789	517	176
nazmulkazi	sensevoice	sensevoice-no-itn	D0420-S3-T01	1984	162	110
nazmulkazi	sensevoice	sensevoice-no-itn	D0420-S1-T05	2443	350	143
nazmulkazi	parakeet-tdt-0.6b-v2	qwen3-asr	D0422-S2-T02	11272	1833	1041
nazmulkazi	sensevoice	sensevoice-no-itn	D0420-S4-T01	2531	519	223
nazmulkazi	parakeet-tdt-0.6b-v2	qwen3-asr	D0425-S3-T01	4469	970	490
nazmulkazi	parakeet-tdt-0.6b-v2	qwen3-asr	D0425-S3-T02	4488	869	493
nazmulkazi	sensevoice	sensevoice-no-itn	D0421-S1-T03	2686	363	143
nazmulkazi	sensevoice	sensevoice-no-itn	D0421-S1-T04	3497	533	156
nazmulkazi	parakeet-tdt-0.6b-v2	qwen3-asr	D0425-S2-T01	7498	1497	396
nazmulkazi	sensevoice	sensevoice-no-itn	D0420-S3-T03	4307	608	216
nazmulkazi	sensevoice	sensevoice-no-itn	D0421-S1-T05	3144	469	151
nazmulkazi	sensevoice	sensevoice-no-itn	D0421-S3-T02	3689	649	393
nazmulkazi	sensevoice	sensevoice-no-itn	D0420-S3-T02	5337	880	351
nazmulkazi	sensevoice	sensevoice-no-itn	D0421-S1-T02	4863	742	328
nazmulkazi	sensevoice	sensevoice-no-itn	D0421-S3-T01	3961	858	434
nazmulkazi	sensevoice	sensevoice-no-itn	D0420-S2-T01	6923	1138	473
nazmulkazi	parakeet-tdt-0.6b-v2	qwen3-asr	D0424-S3-T01	9346	1568	519
nazmulkazi	sensevoice	sensevoice-no-itn	D0421-S3-T03	4330	789	367
nazmulkazi	sensevoice	sensevoice-no-itn	D0421-S3-T04	3921	687	268
nazmulkazi	sensevoice	sensevoice-no-itn	D0422-S1-T04	3343	876	305
nazmulkazi	sensevoice	sensevoice-no-itn	D0421-S3-T05	4405	719	348
nazmulkazi	sensevoice	sensevoice-no-itn	D0422-S3-T02	3232	623	236
nazmulkazi	sensevoice	sensevoice-no-itn	D0421-S1-T01	6165	966	388
nazmulkazi	sensevoice	sensevoice-no-itn	D0422-S2-T01	3594	692	323
nazmulkazi	sensevoice	sensevoice-no-itn	D0422-S1-T03	3861	725	333
nazmulkazi	sensevoice	sensevoice-no-itn	D0422-S3-T06	796	155	61
nazmulkazi	sensevoice	sensevoice-no-itn	D0422-S3-T05	1903	297	106
nazmulkazi	sensevoice	sensevoice-no-itn	D0422-S3-T04	2889	462	197
nazmulkazi	sensevoice	sensevoice-no-itn	D0422-S1-T02	4450	775	370
nazmulkazi	sensevoice	sensevoice-no-itn	D0420-S4-T02	8302	1295	614
nazmulkazi	sensevoice	sensevoice-no-itn	D0422-S3-T03	4879	827	404
nazmulkazi	sensevoice	sensevoice-no-itn	D0422-S1-T01	6381	1240	773
nazmulkazi	sensevoice	sensevoice-no-itn	D0421-S2-T02	7030	1304	569
nazmulkazi	sensevoice	sensevoice-no-itn	D0422-S4-T04	4165	745	316
nazmulkazi	sensevoice	sensevoice-no-itn	D0422-S4-T03	3877	653	324
nazmulkazi	sensevoice	sensevoice-no-itn	D0422-S4-T05	3544	713	335
nazmulkazi	sensevoice	sensevoice-no-itn	D0423-S1-T03	2605	476	224
nazmulkazi	sensevoice	sensevoice-no-itn	D0423-S2-T01	2568	446	211
nazmulkazi	sensevoice	sensevoice-no-itn	D0421-S2-T01	8416	1594	596
nazmulkazi	sensevoice	sensevoice-no-itn	D0424-S1-T01	2253	339	143
nazmulkazi	sensevoice	sensevoice-no-itn	D0423-S2-T02	3734	647	294
nazmulkazi	sensevoice	sensevoice-no-itn	D0424-S1-T02	2784	417	197
nazmulkazi	sensevoice	sensevoice-no-itn	D0424-S1-T03	3230	732	297
nazmulkazi	sensevoice	sensevoice-no-itn	D0423-S2-T03	4277	738	477
nazmulkazi	sensevoice	sensevoice-no-itn	D0422-S4-T02	7033	1119	445
nazmulkazi	sensevoice	sensevoice-no-itn	D0423-S1-T02	5252	873	355
nazmulkazi	sensevoice	sensevoice-no-itn	D0424-S2-T06	4944	992	473
nazmulkazi	sensevoice	sensevoice-no-itn	D0424-S3-T03	2230	405	123
nazmulkazi	sensevoice	sensevoice-no-itn	D0424-S3-T04	1497	244	110
nazmulkazi	sensevoice	sensevoice-no-itn	D0424-S3-T02	4393	623	308
nazmulkazi	sensevoice	sensevoice-no-itn	D0424-S2-T05	6018	1320	488
nazmulkazi	sensevoice	sensevoice-no-itn	D0425-S1-T01	1510	237	78
nazmulkazi	sensevoice	sensevoice-no-itn	D0424-S2-T02	6701	1509	617
nazmulkazi	sensevoice	sensevoice-no-itn	D0425-S1-T03	2415	378	121
nazmulkazi	sensevoice	sensevoice-no-itn	D0424-S2-T04	5779	1094	483
nazmulkazi	sensevoice	sensevoice-no-itn	D0422-S3-T01	8238	1373	641
nazmulkazi	sensevoice	sensevoice-no-itn	D0425-S1-T02	3054	532	184
nazmulkazi	sensevoice	sensevoice-no-itn	D0424-S2-T03	7024	1418	593
nazmulkazi	sensevoice	sensevoice-no-itn	D0422-S4-T01	8093	1359	451
nazmulkazi	sensevoice	sensevoice-no-itn	D0425-S2-T03	3747	609	189
nazmulkazi	sensevoice	sensevoice-no-itn	D0424-S2-T01	7569	1268	569
nazmulkazi	sensevoice	sensevoice-no-itn	D0425-S2-T02	4526	812	287
nazmulkazi	sensevoice	sensevoice-no-itn	D0425-S2-T04	3150	513	177
nazmulkazi	sensevoice	sensevoice-no-itn	D0425-S3-T05	2367	445	191
nazmulkazi	sensevoice	sensevoice-no-itn	D0425-S3-T03	3294	722	470
nazmulkazi	sensevoice	sensevoice-no-itn	D0425-S3-T04	3006	704	441
nazmulkazi	sensevoice	sensevoice-no-itn	D0423-S1-T01	9263	1547	495
nazmulkazi	sensevoice	sensevoice-no-itn	D0425-S3-T01	4469	957	477
nazmulkazi	sensevoice	sensevoice-no-itn	D0425-S3-T02	4488	908	531
nazmulkazi	sensevoice	sensevoice-no-itn	D0425-S2-T01	7498	1536	439
nazmulkazi	sensevoice	sensevoice-no-itn	D0422-S2-T02	11272	1831	1007
nazmulkazi	sensevoice	sensevoice-no-itn	D0424-S3-T01	9346	1610	565
