dataset	file_id	ref_words	parakeet_words	tokens	has_digit	has_spelled	mixed	n_digit_tokens	n_spelled_tokens	chunk_len	win_medasr	win_medasr-int8	win_nemotron	win_paraformer-en	win_zipformer-zh-en	win_sensevoice	win_sensevoice-no-itn	win_whisper-distil-v3.5	win_whisper-base-en	win_cloud-google	win_cloud-azure	win_cloud-deepgram	win_cloud-assemblyai
primock57	day1_consultation01	yeah six		six	0	1	0	0	1	2	?	?	0	0	0	?	?	0	0	0	0	0	0
primock57	day1_consultation01	two		two	0	1	0	0	1	1	0	0	?	1	?	?	?	?	0	0	0	0	?
primock57	day1_consultation02	four days ago		four	0	1	0	0	1	3	?	?	?	?	?	?	?	?	?	?	?	?	?
primock57	day1_consultation02	thirty	31	thirty	0	1	0	0	1	1	?	?	?	0	0	0	0	0	0	0	0	0	0
primock57	day1_consultation02	one uh		one	0	1	0	0	1	2	?	?	?	1	0	?	0	?	?	1	?	0	?
primock57	day1_consultation02	ten	10	ten	0	1	0	0	1	1	0	0	0	1	1	0	?	0	0	?	0	1	0
primock57	day1_consultation04	or two	of the	two	0	1	0	0	1	2	?	?	0	0	0	0	0	0	0	0	0	0	0
primock57	day1_consultation04	first	sweats	first	0	1	0	0	1	1	?	?	0	0	?	?	0	0	0	0	0	0	0
primock57	day1_consultation04	type two		two	0	1	0	0	1	2	?	?	?	?	0	?	?	1	?	?	?	?	?
primock57	day1_consultation05	it's it's	one we	<none>	0	0	0	0	0	2	?	?	1	0	1	0	0	1	0	1	1	1	0
primock57	day1_consultation06	a thousand ok alright	simbastatin okay all right	thousand	0	1	0	0	1	4	?	?	0	0	0	0	0	0	0	0	0	0	0
primock57	day1_consultation06	sixties	60s	<none>	0	0	0	0	0	1	?	?	0	0	1	0	1	0	0	0	0	1	0
primock57	day1_consultation06	sixties ok	60s okay	<none>	0	0	0	0	0	2	?	?	?	0	0	?	?	0	?	1	0	1	0
primock57	day1_consultation06	twenty	25	twenty	0	1	0	0	1	1	?	?	0	0	0	0	0	0	0	0	0	0	0
primock57	day1_consultation06	five		five	0	1	0	0	1	1	?	?	?	0	0	?	?	0	?	?	?	0	?
primock57	day1_consultation07	fit	50	<none>	0	0	0	0	0	1	?	?	?	?	?	0	0	1	0	?	?	?	0
primock57	day1_consultation07	i'm i'm fifty		fifty	0	1	0	0	1	3	?	?	0	1	1	?	?	0	?	0	0	0	?
primock57	day1_consultation07	the first		first	0	1	0	0	1	2	?	?	1	1	1	1	1	1	?	1	1	1	?
primock57	day1_consultation07	four	okay	four	0	1	0	0	1	1	?	?	?	0	0	?	?	0	0	0	?	?	?
primock57	day1_consultation07	five days ago		five	0	1	0	0	1	3	?	?	?	0	0	?	?	0	0	0	?	?	?
primock57	day1_consultation07	two aye		two	0	1	0	0	1	2	?	?	?	0	0	?	?	0	?	0	0	1	?
primock57	day1_consultation07	uh or ok	a one okay	<none>	0	0	0	0	0	3	?	?	0	0	1	0	0	0	0	0	0	0	1
primock57	day1_consultation07	four		four	0	1	0	0	1	1	?	?	1	1	1	1	1	1	1	1	?	1	?
primock57	day1_consultation07	nine		nine	0	1	0	0	1	1	?	?	?	?	1	?	?	1	?	1	?	1	?
primock57	day1_consultation07	twenty	24	twenty	0	1	0	0	1	1	0	0	0	0	0	0	0	0	0	0	0	0	0
primock57	day1_consultation07	four		four	0	1	0	0	1	1	0	0	?	0	0	?	0	?	?	?	?	0	?
primock57	day1_consultation07	forty	48	forty	0	1	0	0	1	1	?	?	?	0	0	0	0	0	0	0	0	0	0
primock57	day1_consultation07	eight		eight	0	1	0	0	1	1	?	?	?	?	?	?	?	?	?	?	?	0	?
primock57	day1_consultation07	twenty	24	twenty	0	1	0	0	1	1	?	?	0	0	0	0	0	?	0	0	0	0	0
primock57	day1_consultation07	four		four	0	1	0	0	1	1	?	?	?	0	0	?	0	?	?	?	?	0	?
primock57	day1_consultation07	forty	48	forty	0	1	0	0	1	1	?	?	0	0	0	0	0	0	0	0	0	0	0
primock57	day1_consultation07	eight		eight	0	1	0	0	1	1	?	?	0	?	?	?	?	?	?	?	?	0	?
primock57	day1_consultation08	twenty six twenty	26 26 okay	twenty six twenty	0	1	0	0	3	3	?	?	0	0	0	?	0	0	0	?	0	0	0
primock57	day1_consultation08	six ok		six	0	1	0	0	1	2	?	?	?	0	?	?	?	?	0	?	0	?	?
primock57	day1_consultation09	nineteen	19	nineteen	0	1	0	0	1	1	?	?	0	1	1	0	1	0	0	0	0	0	0
primock57	day1_consultation09	three weeks ago ok		three	0	1	0	0	1	4	?	1	?	0	0	?	?	0	0	0	0	0	?
primock57	day1_consultation09	three	three-day	three	0	1	0	0	1	1	0	0	1	1	1	1	1	0	1	1	1	1	0
primock57	day1_consultation10	nineteen	19	nineteen	0	1	0	0	1	1	?	?	0	1	1	0	1	0	0	0	0	0	0
primock57	day1_consultation10	nineteen	19	nineteen	0	1	0	0	1	1	?	?	?	1	0	0	1	0	0	1	0	0	0
primock57	day1_consultation10	clindamycin mycin ok ok ok then i	clindusin that looked like half years ago	<none>	0	0	0	0	0	7	?	?	?	1	1	1	1	1	1	1	1	1	1
primock57	day1_consultation10	three	three-day	three	0	1	0	0	1	1	0	0	?	1	1	1	1	1	1	1	1	0	0
primock57	day1_consultation11	seven twenty seven	27 27 okay	seven twenty seven	0	1	0	0	3	3	?	?	0	1	1	?	0	0	0	0	0	0	0
primock57	day1_consultation11	twenty seven ok		twenty seven	0	1	0	0	2	3	?	?	?	1	0	?	?	0	?	0	0	0	?
primock57	day1_consultation11	ten	10	ten	0	1	0	0	1	1	?	?	?	1	1	?	?	?	?	0	?	?	0
primock57	day1_consultation11	is it ten		ten	0	1	0	0	1	3	?	?	?	1	1	0	0	0	0	0	0	0	?
primock57	day1_consultation11	ten	10	ten	0	1	0	0	1	1	?	?	?	1	1	?	?	0	?	0	0	0	0
primock57	day1_consultation11	solid six ok	okay all right	six	0	1	0	0	1	3	?	?	0	1	0	1	1	0	1	1	0	0	0
primock57	day1_consultation11	forty	48	forty	0	1	0	0	1	1	?	?	0	1	1	0	1	0	0	0	0	0	0
primock57	day1_consultation11	eight		eight	0	1	0	0	1	1	?	?	?	?	?	?	?	?	?	0	?	0	?
primock57	day1_consultation12	forty eight	48 okay	forty eight	0	1	0	0	2	2	?	?	?	1	1	0	1	0	0	0	0	0	0
primock57	day1_consultation12	ten	10	ten	0	1	0	0	1	1	0	0	0	1	1	0	0	0	0	0	0	1	0
primock57	day1_consultation12	twenty	24	twenty	0	1	0	0	1	1	?	?	?	1	0	0	0	0	0	0	0	0	0
primock57	day1_consultation12	four		four	0	1	0	0	1	1	?	?	?	0	0	0	?	0	?	?	?	0	?
primock57	day1_consultation12	forty	48	forty	0	1	0	0	1	1	?	?	?	1	0	?	?	?	0	0	0	0	0
primock57	day1_consultation12	eight		eight	0	1	0	0	1	1	?	?	?	?	?	?	?	?	?	?	?	0	?
primock57	day1_consultation13	twenty	26	twenty	0	1	0	0	1	1	?	?	0	0	0	?	?	0	0	0	0	0	0
primock57	day1_consultation13	six		six	0	1	0	0	1	1	?	?	?	0	0	?	?	0	?	0	?	0	0
primock57	day1_consultation13	eight	okay	eight	0	1	0	0	1	1	0	?	?	1	?	?	?	0	0	1	?	0	0
primock57	day1_consultation13	five	years	five	0	1	0	0	1	1	?	?	?	1	?	?	?	?	0	1	1	1	0
primock57	day1_consultation13	too	two	<none>	0	0	0	0	0	1	?	?	1	0	1	1	1	1	?	1	1	1	1
primock57	day1_consultation14	fifty	50	fifty	0	1	0	0	1	1	?	?	0	1	1	0	1	0	0	0	1	0	0
primock57	day1_consultation14	fifty ok	50 okay	fifty	0	1	0	0	1	2	?	?	0	1	1	0	1	0	0	0	0	0	0
primock57	day1_consultation14	a	100	<none>	0	0	0	0	0	1	?	?	?	0	?	0	0	0	0	0	0	1	0
primock57	day1_consultation14	hundred percent		hundred	0	1	0	0	1	2	?	?	?	1	1	?	1	?	?	?	?	0	?
primock57	day1_consultation14	ten	10	ten	0	1	0	0	1	1	?	?	1	1	1	?	1	0	1	?	0	0	0
primock57	day1_consultation15	forty five	45 45	forty five	0	1	0	0	2	2	?	?	?	1	1	?	0	0	0	0	0	0	0
primock57	day1_consultation15	forty five		forty five	0	1	0	0	2	2	?	?	?	1	?	?	0	0	0	0	0	?	0
primock57	day1_consultation15	two	2	two	0	1	0	0	1	1	?	1	0	1	1	0	1	0	0	0	0	0	0
primock57	day1_consultation15	two	2	two	0	1	0	0	1	1	?	?	?	1	0	?	1	0	?	0	0	0	?
primock57	day1_consultation15	uh	e45	<none>	0	0	0	0	0	1	?	?	1	1	?	?	?	0	0	1	?	?	0
primock57	day1_consultation15	e forty five		forty five	0	1	0	0	2	3	?	?	0	0	?	0	?	?	?	0	0	1	?
primock57	day1_consultation15	uh	10	<none>	0	0	0	0	0	1	?	0	1	?	1	0	?	0	0	1	0	?	0
primock57	day1_consultation15	ten		ten	0	1	0	0	1	1	?	?	0	0	0	?	?	?	?	0	?	0	?
primock57	day1_consultation15	fourteen	14	fourteen	0	1	0	0	1	1	0	0	0	0	0	0	0	0	0	0	0	0	0
primock57	day2_consultation01	uh thirty	31st of	thirty	0	1	0	0	1	2	?	?	0	0	0	?	0	0	0	0	0	0	0
primock57	day2_consultation01	first		first	0	1	0	0	1	1	?	?	?	0	0	?	0	?	?	?	?	0	?
primock57	day2_consultation01	nineteen	1990	nineteen	0	1	0	0	1	1	?	?	0	0	0	0	0	0	0	?	0	?	0
primock57	day2_consultation01	ninety		ninety	0	1	0	0	1	1	?	?	?	0	0	?	0	?	?	?	?	?	?
primock57	day2_consultation01	six	six-week	six	0	1	0	0	1	1	?	?	1	1	1	1	1	1	1	1	1	1	0
primock57	day2_consultation01	one of us over	and also have a	one	0	1	0	0	1	4	?	?	0	0	0	1	1	1	0	1	0	0	0
primock57	day2_consultation02	fifth	5th	fifth	0	1	0	0	1	1	?	?	0	1	1	0	1	0	0	0	0	0	0
primock57	day2_consultation02	uh nineteen	1973 okay	nineteen	0	1	0	0	1	2	?	?	0	1	1	?	0	0	0	?	0	0	0
primock57	day2_consultation02	seventy three ok		seventy three	0	1	0	0	2	3	?	?	?	0	0	?	0	?	?	?	0	?	?
primock57	day2_consultation02	uh sorry	double check	<none>	0	0	0	0	0	2	?	?	1	0	1	0	?	1	1	?	1	1	?
primock57	day2_consultation02	uh fifty three	53 53 okay	fifty three	0	1	0	0	2	3	?	?	0	1	1	0	1	0	0	0	0	0	0
primock57	day2_consultation02	fifty three ok		fifty three	0	1	0	0	2	3	?	?	?	1	0	?	1	?	?	0	0	?	?
primock57	day2_consultation02	four	400	four	0	1	0	0	1	1	?	?	?	0	0	0	0	0	0	0	0	0	0
primock57	day2_consultation02	hundred		hundred	0	1	0	0	1	1	?	?	?	0	0	0	0	?	?	0	?	0	0
primock57	day2_consultation02	two	three	two	0	1	0	0	1	1	?	?	1	1	1	1	0	1	1	?	1	0	?
primock57	day2_consultation03	forty	40	forty	0	1	0	0	1	1	?	?	0	0	?	?	1	0	0	?	0	0	0
primock57	day2_consultation03	you're	40	<none>	0	0	0	0	0	1	?	?	0	1	?	?	?	0	1	0	1	1	0
primock57	day2_consultation03	forty		forty	0	1	0	0	1	1	?	?	?	0	?	?	?	?	0	?	0	0	?
primock57	day2_consultation04	god i'm forty five		forty five	0	1	0	0	2	4	?	?	?	?	?	?	?	0	0	?	?	0	?
primock57	day2_consultation04	ok uh and	45 45 okay	<none>	0	0	0	0	0	3	?	?	?	0	0	0	0	0	0	1	0	0	0
primock57	day2_consultation04	uh	15	<none>	0	0	0	0	0	1	?	?	0	?	1	?	?	0	0	1	0	0	0
primock57	day2_consultation04	fifteen		fifteen	0	1	0	0	1	1	?	?	?	1	1	?	1	?	?	0	0	?	?
primock57	day2_consultation04	um w	w65 okay	<none>	0	0	0	0	0	2	?	?	0	0	1	1	0	0	0	0	0	1	0
primock57	day2_consultation04	six five that's great ok		six five	0	1	0	0	2	5	?	?	?	1	0	0	1	0	?	0	0	0	0
primock57	day2_consultation04	two	your	two	0	1	0	0	1	1	?	?	?	0	0	0	0	0	0	0	0	0	0
primock57	day2_consultation04	eleven	11	eleven	0	1	0	0	1	1	?	?	0	1	0	0	0	0	0	0	0	0	0
primock57	day2_consultation04	twelve	12	twelve	0	1	0	0	1	1	0	0	0	0	0	0	0	0	0	0	0	0	0
primock57	day2_consultation04	sixty	66	sixty	0	1	0	0	1	1	0	0	0	0	0	0	0	0	0	0	0	0	0
primock57	day2_consultation04	six		six	0	1	0	0	1	1	0	0	?	0	0	?	0	?	?	?	?	?	?
primock57	day2_consultation04	seventy four	70 fold	seventy four	0	1	0	0	2	2	?	?	0	1	0	0	0	0	0	0	0	0	0
primock57	day2_consultation04	forty five forty	45 45 okay	forty five forty	0	1	0	0	3	3	?	?	0	1	1	0	1	0	0	0	0	0	0
primock57	day2_consultation04	five ok		five	0	1	0	0	1	2	?	?	?	0	0	?	0	?	?	?	0	?	?
primock57	day2_consultation05	thirty	32	thirty	0	1	0	0	1	1	?	?	?	?	?	?	0	0	?	?	0	0	0
primock57	day2_consultation05	two		two	0	1	0	0	1	1	?	?	?	1	1	1	0	?	?	?	?	?	?
primock57	day2_consultation05	thirty	32	thirty	0	1	0	0	1	1	?	?	?	?	0	0	0	0	0	?	0	0	0
primock57	day2_consultation05	two		two	0	1	0	0	1	1	?	?	?	0	0	?	0	?	?	1	?	?	?
primock57	day2_consultation05	thirty	32	thirty	0	1	0	0	1	1	?	?	?	0	0	0	0	0	?	0	0	0	0
primock57	day2_consultation05	two		two	0	1	0	0	1	1	?	?	?	0	0	?	0	?	?	1	?	?	?
primock57	day2_consultation05	ab one	ab1 cb2	one	0	1	0	0	1	2	?	?	0	1	1	?	0	0	0	0	0	0	0
primock57	day2_consultation05	cb two		two	0	1	0	0	1	2	?	?	?	1	1	?	0	?	?	?	?	0	?
primock57	day2_consultation05	few	three	<none>	0	0	0	0	0	1	?	?	?	0	1	0	0	0	0	1	1	1	0
primock57	day2_consultation05	seventy	75	seventy	0	1	0	0	1	1	0	0	0	0	0	0	0	0	0	0	0	0	0
primock57	day2_consultation05	five		five	0	1	0	0	1	1	0	0	0	0	0	0	0	?	?	0	?	0	?
primock57	day2_consultation05	when they	one day	<none>	0	0	0	0	0	2	?	?	0	0	0	0	0	0	0	1	0	0	1
primock57	day2_consultation06	i am	i'm 27	<none>	0	0	0	0	0	2	?	?	0	1	1	0	1	0	0	1	0	0	0
primock57	day2_consultation06	twenty seven		twenty seven	0	1	0	0	2	2	?	?	0	0	1	?	1	?	?	0	?	?	?
primock57	day2_consultation06	nineteen ninety	1991 17th	nineteen ninety	0	1	0	0	2	2	?	?	?	0	0	0	0	0	0	0	0	?	0
primock57	day2_consultation06	one um seventeenth		one	0	1	0	0	1	3	?	?	?	0	0	?	0	?	?	0	0	?	?
primock57	day2_consultation06	um	two	<none>	0	0	0	0	0	1	?	?	?	?	1	?	?	0	0	1	?	0	?
primock57	day2_consultation06	one of	okay okay	one	0	1	0	0	1	2	?	?	?	1	0	0	0	0	0	1	0	0	0
primock57	day2_consultation06	the two ok		two	0	1	0	0	1	3	?	?	?	1	0	0	0	?	?	0	0	?	0
primock57	day2_consultation07	nineteen	1958	nineteen	0	1	0	0	1	1	?	?	0	0	0	0	0	0	0	0	0	0	0
primock57	day2_consultation07	fifty eight uh		fifty eight	0	1	0	0	2	3	?	?	?	0	0	?	0	?	?	0	?	?	?
primock57	day2_consultation07	eighth	8th	eighth	0	1	0	0	1	1	?	?	0	1	1	0	1	0	0	?	0	0	0
primock57	day2_consultation07	fifty	50	fifty	0	1	0	0	1	1	?	?	0	1	1	0	1	0	0	0	0	0	0
primock57	day2_consultation07	fifty	51	fifty	0	1	0	0	1	1	?	?	0	0	0	0	0	0	?	0	0	0	0
primock57	day2_consultation07	one fifty one		one fifty one	0	1	0	0	3	3	?	?	?	1	1	0	1	0	?	0	?	1	?
primock57	day2_consultation07	sixty	60	sixty	0	1	0	0	1	1	?	?	?	1	1	0	1	0	0	0	1	0	0
primock57	day2_consultation07	six	okay	six	0	1	0	0	1	1	?	?	?	0	0	?	?	0	?	0	0	0	0
primock57	day2_consultation07	ten	10	ten	0	1	0	0	1	1	?	?	0	1	1	0	1	0	0	0	0	0	0
primock57	day2_consultation07	fifteen	15	fifteen	0	1	0	0	1	1	?	?	?	1	1	0	1	0	0	0	0	1	0
primock57	day2_consultation07	fifteen	15	fifteen	0	1	0	0	1	1	?	?	0	1	1	0	1	0	?	1	0	1	0
primock57	day2_consultation07	sixty	60	sixty	0	1	0	0	1	1	?	?	0	0	0	?	?	?	?	0	0	0	0
primock57	day2_consultation07	sixty	60	sixty	0	1	0	0	1	1	?	?	?	1	1	0	1	0	0	0	0	0	0
primock57	day2_consultation07	around sixty yes	okay all right	sixty	0	1	0	0	1	3	?	?	?	1	1	0	1	0	0	0	0	0	0
primock57	day2_consultation07	double	double-check	double	0	1	0	0	1	1	?	?	1	1	1	1	1	1	1	1	1	1	0
primock57	day2_consultation08	second	2nd	second	0	1	0	0	1	1	?	?	?	1	1	1	1	0	0	1	0	?	0
primock57	day2_consultation08	um	1992	<none>	0	0	0	0	0	1	?	?	0	?	1	?	?	0	0	0	0	0	0
primock57	day2_consultation08	nineteen ninety two		nineteen ninety two	0	1	0	0	3	3	?	?	?	1	1	?	1	?	?	0	?	0	?
primock57	day2_consultation08	double check		double	0	1	0	0	1	2	?	?	?	?	?	?	?	1	0	1	0	1	0
primock57	day2_consultation08	in	68	<none>	0	0	0	0	0	1	?	?	?	?	1	?	?	0	0	?	0	0	0
primock57	day2_consultation08	his sixties um sixty eight		sixty eight	0	1	0	0	2	5	?	?	?	1	1	?	1	?	0	0	?	?	?
primock57	day2_consultation09	twelve	12	twelve	0	1	0	0	1	1	?	?	?	0	0	0	0	0	0	0	0	0	0
primock57	day2_consultation09	nineteen	1958	nineteen	0	1	0	0	1	1	?	?	?	0	0	0	0	0	0	0	0	?	0
primock57	day2_consultation09	fifty eight		fifty eight	0	1	0	0	2	2	?	?	?	0	0	?	0	0	0	0	?	?	?
primock57	day2_consultation09	two	2	two	0	1	0	0	1	1	1	1	?	1	0	?	1	0	1	0	0	1	0
primock57	day2_consultation10	sixteenth	16th	<none>	0	0	0	0	0	1	?	?	0	0	0	0	0	0	0	1	0	0	0
primock57	day2_consultation10	nineteen eighty two	1982 that's great	nineteen eighty two	0	1	0	0	3	3	?	?	0	1	1	?	1	0	0	0	0	0	0
primock57	day2_consultation10	five thirty	5 30ish	five thirty	0	1	0	0	2	2	?	?	?	1	1	?	1	0	0	0	0	0	0
primock57	day2_consultation10	seven	7	seven	0	1	0	0	1	1	?	?	0	1	1	0	1	1	1	0	0	0	0
primock57	day2_consultation10	um one	1 5	one	0	1	0	0	1	2	0	0	0	0	0	0	0	0	0	0	0	0	0
primock57	day2_consultation10	point five		five	0	1	0	0	1	2	?	?	?	0	0	?	0	?	?	0	?	?	?
primock57	day2_consultation10	two	2	two	0	1	0	0	1	1	0	0	1	1	0	0	0	0	0	0	0	1	0
primock57	day3_consultation01	first	1st	first	0	1	0	0	1	1	?	?	?	1	1	?	?	0	1	1	0	0	0
primock57	day3_consultation01	ninety-nine ok	99 okay	<none>	0	0	0	0	0	2	?	?	?	0	0	0	0	0	0	0	0	0	0
primock57	day3_consultation01	six oh you all		six	0	1	0	0	1	4	?	?	?	0	?	?	?	?	?	0	?	?	?
primock57	day3_consultation01	nine nine		nine nine	0	1	0	0	2	2	?	?	?	1	1	?	1	?	?	0	?	?	?
primock57	day3_consultation02	uhh	2112	<none>	0	0	0	0	0	1	?	?	?	0	0	0	?	0	0	0	0	0	0
primock57	day3_consultation02	twenty-one twelve		twelve	0	1	0	0	1	2	?	?	?	0	0	?	?	0	0	0	0	0	0
primock57	day3_consultation02	nineteen	1986	nineteen	0	1	0	0	1	1	?	?	?	1	0	0	0	0	0	0	0	1	?
primock57	day3_consultation02	um	nw36pq	<none>	0	0	0	0	0	1	?	?	0	1	1	?	0	0	0	1	0	0	0
primock57	day3_consultation02	nw three six pq		three six	0	1	0	0	2	4	?	?	0	1	1	0	0	?	0	0	0	0	0
primock57	day3_consultation02	first	us	first	0	1	0	0	1	1	?	?	?	0	0	0	0	0	0	0	0	0	1
primock57	day3_consultation03	i'm thirty five years old	30 percent that's going to	thirty five	0	1	0	0	2	5	?	?	?	0	0	0	0	0	0	0	0	0	0
primock57	day3_consultation03	yeah two twenty nine uh		two twenty nine	0	1	0	0	3	5	?	?	?	0	0	?	0	0	0	0	0	0	?
primock57	day3_consultation03	oh three	old 300	three	0	1	0	0	1	2	?	?	?	0	0	0	0	0	0	0	0	0	0
primock57	day3_consultation03	hundred		hundred	0	1	0	0	1	1	?	?	?	0	0	?	0	?	?	0	?	?	?
primock57	day3_consultation04	fourteenth november nineteen ninety six	the 14th of june 1996	nineteen ninety six	0	1	0	0	3	5	?	?	?	0	1	?	?	0	0	0	0	0	0
primock57	day3_consultation04	twenty eight	28 cricks	twenty eight	0	1	0	0	2	2	?	?	?	1	0	0	0	0	0	0	0	0	0
primock57	day3_consultation04	sw	s7191ez	<none>	0	0	0	0	0	1	?	?	0	1	?	?	?	0	0	0	1	1	0
primock57	day3_consultation04	nineteen one ez		nineteen one	0	1	0	0	2	3	?	?	?	1	1	?	?	?	0	0	0	0	0
primock57	day3_consultation04	to three		three	0	1	0	0	1	2	?	?	?	1	0	1	1	0	0	0	0	?	?
primock57	day3_consultation04	um	380	<none>	0	0	0	0	0	1	?	?	1	?	1	0	?	0	0	1	0	?	0
primock57	day3_consultation04	three eighty		three eighty	0	1	0	0	2	2	?	?	0	0	1	?	?	0	?	0	?	1	?
primock57	day3_consultation04	three ok yeah		three	0	1	0	0	1	3	?	?	?	?	1	?	?	0	?	1	0	0	?
primock57	day3_consultation04	four		four	0	1	0	0	1	1	1	1	0	0	0	?	?	?	?	0	0	0	?
primock57	day3_consultation04	three	two	three	0	1	0	0	1	1	0	0	?	0	0	0	0	0	0	0	0	0	0
primock57	day3_consultation05	date of	1980 okay	<none>	0	0	0	0	0	2	?	?	1	?	1	1	1	0	?	0	1	1	1
primock57	day3_consultation05	birth um nineteen eighty ok		nineteen eighty	0	1	0	0	2	5	?	?	?	0	0	0	0	?	?	0	0	0	0
primock57	day3_consultation05	sw	sw40ng	<none>	0	0	0	0	0	1	?	?	0	1	0	1	0	0	0	1	0	1	0
primock57	day3_consultation05	four zero ng		four zero	0	1	0	0	2	3	?	?	?	1	0	0	0	?	?	0	0	0	?
primock57	day3_consultation05	double	develop	double	0	1	0	0	1	1	0	0	0	0	0	0	0	0	0	1	0	0	0
primock57	day3_consultation05	ten days	10 days'	ten	0	1	0	0	1	2	?	?	0	1	1	0	0	0	0	0	0	0	0
primock57	day3_consultation06	uh	61280	<none>	0	0	0	0	0	1	?	?	?	0	1	?	?	0	0	1	0	0	0
primock57	day3_consultation06	six twelve uh eighty		six twelve eighty	0	1	0	0	3	4	?	?	?	0	0	?	?	?	?	0	?	0	0
primock57	day3_consultation06	uh	62	<none>	0	0	0	0	0	1	?	?	0	?	?	0	0	0	0	1	0	0	0
primock57	day3_consultation06	sixty two		sixty two	0	1	0	0	2	2	?	?	?	1	?	?	?	?	0	0	?	?	?
primock57	day3_consultation06	sw sixteen	sw166jt that's	sixteen	0	1	0	0	1	2	?	?	0	0	1	0	0	0	0	0	0	0	0
primock57	day3_consultation06	six jt		six	0	1	0	0	1	2	?	?	0	0	0	0	?	0	0	?	0	0	0
primock57	day3_consultation06	fifteen	15	fifteen	0	1	0	0	1	1	?	?	0	1	?	0	0	0	0	0	0	1	0
primock57	day3_consultation07	seventeen	17	seventeen	0	1	0	0	1	1	?	?	?	0	?	0	?	0	0	1	0	0	0
primock57	day3_consultation07	nineteen	1987	nineteen	0	1	0	0	1	1	?	?	0	0	?	0	0	0	?	0	0	?	0
primock57	day3_consultation07	eighty seven		eighty seven	0	1	0	0	2	2	?	?	?	0	?	?	?	?	?	?	?	?	?
primock57	day3_consultation07	sixty hanover	and over	sixty	0	1	0	0	1	2	?	?	0	0	?	0	0	0	0	0	0	0	0
primock57	day3_consultation08	twenty	29th	twenty	0	1	0	0	1	1	?	?	?	0	?	0	0	0	0	0	0	0	0
primock57	day3_consultation08	ninth		ninth	0	1	0	0	1	1	?	?	?	0	?	?	?	?	?	?	?	0	?
primock57	day3_consultation08	nineteen eighty	1980 okay	nineteen eighty	0	1	0	0	2	2	?	?	?	0	?	0	1	0	0	0	0	?	0
primock57	day3_consultation09	sixteen nineteen	16th 1976	sixteen nineteen	0	1	0	0	2	2	?	?	0	0	0	0	0	0	0	0	0	0	0
primock57	day3_consultation09	seventy six		seventy six	0	1	0	0	2	2	?	?	?	0	0	?	0	?	?	?	?	?	?
primock57	day3_consultation09	three	three-year	three	0	1	0	0	1	1	0	0	0	1	1	1	1	1	1	1	0	1	0
primock57	day3_consultation09	twenty	20-20	twenty	0	1	0	0	1	1	0	0	0	1	1	0	1	0	0	0	0	1	0
primock57	day3_consultation09	twenty		twenty	0	1	0	0	1	1	0	0	?	1	?	?	1	0	0	0	?	1	0
primock57	day3_consultation09	twenty	20	twenty	0	1	0	0	1	1	?	?	0	1	1	0	0	0	0	0	0	1	0
primock57	day3_consultation09	twenty	20	twenty	0	1	0	0	1	1	?	?	?	1	0	0	1	0	0	0	0	0	0
primock57	day3_consultation10	oh nine	092983 okay	nine	0	1	0	0	1	2	?	?	0	0	0	0	0	0	1	0	0	0	0
primock57	day3_consultation10	two nine eighty-three ok		two nine	0	1	0	0	2	4	?	?	0	0	0	?	0	?	0	0	0	0	0
primock57	day3_consultation10	two	231	two	0	1	0	0	1	1	?	?	0	0	0	0	0	0	0	0	0	0	0
primock57	day3_consultation10	three one		three one	0	1	0	0	2	2	?	?	?	0	0	0	0	?	0	0	?	?	?
primock57	day3_consultation10	uh four to		four	0	1	0	0	1	3	0	0	0	?	0	0	?	0	0	0	0	0	0
primock57	day3_consultation10	ten	10	ten	0	1	0	0	1	1	?	?	0	1	1	0	1	0	0	0	0	1	0
primock57	day3_consultation10	ten	10	ten	0	1	0	0	1	1	?	?	?	1	?	0	1	0	0	1	0	1	0
primock57	day3_consultation10	uh sixty-two	62 okay	<none>	0	0	0	0	0	2	?	?	0	0	1	0	0	0	0	0	0	0	0
primock57	day3_consultation10	forty-eight	48	<none>	0	0	0	0	0	1	?	?	0	0	0	0	0	0	0	0	0	0	0
primock57	day3_consultation10	forty-eight	48	<none>	0	0	0	0	0	1	?	?	?	0	?	?	0	0	0	0	0	0	0
primock57	day4_consultation01	i'm one of		one	0	1	0	0	1	3	?	?	?	0	0	0	0	?	?	0	0	1	?
primock57	day4_consultation01	seventh	7th	seventh	0	1	0	0	1	1	?	?	0	1	0	0	?	0	0	0	0	0	0
primock57	day4_consultation01	nineteen seventy	1974 74	nineteen seventy	0	1	0	0	2	2	?	?	?	0	0	0	0	0	0	?	0	0	0
primock57	day4_consultation01	four seventy four		four seventy four	0	1	0	0	3	3	?	?	?	0	0	?	0	0	0	?	?	?	?
primock57	day4_consultation01	fifty four	54 perfect	fifty four	0	1	0	0	2	2	?	?	1	1	1	0	1	0	0	0	0	0	0
primock57	day4_consultation01	suppose i'd	supposedly 53	<none>	0	0	0	0	0	2	?	?	1	1	1	?	?	0	1	1	0	0	0
primock57	day4_consultation01	be fifty three well		fifty three	0	1	0	0	2	4	?	?	1	0	0	?	1	0	0	0	0	0	0
primock57	day4_consultation01	ten say	10 okay	ten	0	1	0	0	1	2	?	?	0	1	0	0	1	0	0	0	0	0	0
primock57	day4_consultation01	ten ok ten	10 okay and	ten ten	0	1	0	0	2	3	?	?	?	1	0	0	0	0	0	0	0	0	0
primock57	day4_consultation01	seven	it's	seven	0	1	0	0	1	1	?	?	1	?	?	0	0	0	1	0	0	1	?
primock57	day4_consultation02	uh	35	<none>	0	0	0	0	0	1	?	?	0	?	1	0	?	0	0	1	0	0	0
primock57	day4_consultation02	thirty five		thirty five	0	1	0	0	2	2	?	?	?	1	1	?	1	?	?	0	?	?	?
primock57	day4_consultation02	seventh uh	7th great	seventh	0	1	0	0	1	2	?	?	?	0	1	0	0	0	0	0	0	0	0
primock57	day4_consultation02	ninety three		ninety three	0	1	0	0	2	2	?	?	?	?	0	0	0	0	?	0	0	0	?
primock57	day4_consultation02	one time one		one one	0	1	0	0	2	3	?	?	?	?	1	?	?	1	?	1	1	1	?
primock57	day4_consultation02	fifty-fifty	50-50	<none>	0	0	0	0	0	1	?	?	?	1	1	0	0	0	0	1	0	0	0
primock57	day4_consultation02	uh	10	<none>	0	0	0	0	0	1	?	?	?	?	1	0	?	0	0	1	0	0	0
primock57	day4_consultation02	ten		ten	0	1	0	0	1	1	?	?	?	1	1	?	0	?	?	0	?	?	?
primock57	day4_consultation02	ten	10	ten	0	1	0	0	1	1	?	?	0	1	1	0	0	0	0	0	0	0	0
primock57	day4_consultation02	ten	10	ten	0	1	0	0	1	1	?	?	?	0	0	0	0	0	0	0	0	0	0
primock57	day4_consultation03	twentieth	20th	<none>	0	0	0	0	0	1	?	?	0	1	1	0	1	0	0	?	0	0	0
primock57	day4_consultation03	april nineteen eighty	the 4th 1980	nineteen eighty	0	1	0	0	2	3	?	?	0	0	1	0	0	0	0	?	0	?	0
primock57	day4_consultation03	nineteen	1983	nineteen	0	1	0	0	1	1	?	?	?	0	0	?	?	0	0	0	0	?	?
primock57	day4_consultation03	eighty three		eighty three	0	1	0	0	2	2	?	?	?	0	0	?	1	?	0	?	?	?	?
primock57	day4_consultation03	thirty	30	thirty	0	1	0	0	1	1	?	?	0	1	0	?	1	0	0	0	0	0	0
primock57	day4_consultation04	forty	40	forty	0	1	0	0	1	1	?	?	0	1	1	?	?	0	0	0	0	0	0
primock57	day4_consultation04	ten	10	ten	0	1	0	0	1	1	?	?	0	1	1	0	1	0	0	0	0	1	0
primock57	day4_consultation05	first	1st	first	0	1	0	0	1	1	?	?	0	1	1	1	1	0	0	1	0	0	0
primock57	day4_consultation05	um uh	1992 okay	<none>	0	0	0	0	0	2	?	?	0	?	0	0	?	0	0	0	0	?	0
primock57	day4_consultation05	nineteen ninety two ok ok		nineteen ninety two	0	1	0	0	3	5	?	?	?	1	1	?	0	?	?	0	0	?	?
primock57	day4_consultation05	um of	am 1990	<none>	0	0	0	0	0	2	?	?	?	?	0	?	?	0	?	0	0	1	0
primock57	day4_consultation05	nineteen ninety		nineteen ninety	0	1	0	0	2	2	?	?	?	0	0	?	0	?	?	0	?	1	?
primock57	day4_consultation05	forty	48	forty	0	1	0	0	1	1	?	?	0	0	0	?	0	0	0	0	0	0	0
primock57	day4_consultation05	eight		eight	0	1	0	0	1	1	?	?	?	?	0	?	0	?	?	?	?	?	?
primock57	day4_consultation05	forty	48	forty	0	1	0	0	1	1	?	?	0	0	0	0	0	0	0	0	0	0	0
primock57	day4_consultation05	eight		eight	0	1	0	0	1	1	?	?	?	0	0	?	0	?	?	?	?	?	?
primock57	day4_consultation05	um	10	<none>	0	0	0	0	0	1	?	?	?	?	?	0	?	0	0	0	0	?	0
primock57	day4_consultation05	ten		ten	0	1	0	0	1	1	?	?	?	1	1	?	?	?	?	0	?	1	?
primock57	day4_consultation05	ten minute	10 minutes	ten	0	1	0	0	1	2	?	?	0	?	1	0	0	0	0	0	0	1	0
primock57	day4_consultation05	some	three	<none>	0	0	0	0	0	1	?	?	0	?	1	0	0	0	1	?	?	0	0
primock57	day4_consultation05	mmm ok uh-huh and please	to alphitomol and three is	<none>	0	0	0	0	0	5	?	?	0	1	1	0	0	0	1	1	1	0	0
primock57	day4_consultation05	four days	for bed	four	0	1	0	0	1	2	?	?	0	0	0	?	?	0	0	0	0	0	0
primock57	day4_consultation06	twenty	22nd	twenty	0	1	0	0	1	1	?	?	?	0	1	?	?	?	?	0	?	0	0
primock57	day4_consultation06	second uh		second	0	1	0	0	1	2	?	?	?	0	0	?	?	?	?	0	?	0	?
primock57	day4_consultation06	ninety	90	ninety	0	1	0	0	1	1	?	?	?	1	1	?	?	?	?	0	?	?	0
primock57	day4_consultation06	ten	10	ten	0	1	0	0	1	1	?	?	?	1	1	?	1	0	0	0	0	0	?
primock57	day4_consultation06	ten	10	ten	0	1	0	0	1	1	?	?	?	0	0	0	0	0	0	0	1	0	0
primock57	day4_consultation06	ok so it's a first like this i		first	0	1	0	0	1	8	?	?	0	0	0	0	0	0	0	0	0	0	1
primock57	day4_consultation06	year four		four	0	1	0	0	1	2	?	?	?	1	1	0	0	0	?	0	0	0	?
primock57	day4_consultation06	forty	40	forty	0	1	0	0	1	1	0	0	0	0	0	0	0	0	0	0	0	0	0
primock57	day4_consultation06	seventy	72	seventy	0	1	0	0	1	1	0	0	?	0	0	0	0	0	0	0	0	0	0
primock57	day4_consultation06	two		two	0	1	0	0	1	1	1	1	?	0	1	?	0	?	?	?	?	0	?
primock57	day4_consultation07	uh	9th	<none>	0	0	0	0	0	1	?	?	1	?	1	0	?	0	0	1	0	0	0
primock57	day4_consultation07	uh ninth		ninth	0	1	0	0	1	2	?	?	?	0	1	?	1	?	?	0	?	0	?
primock57	day4_consultation07	two thousand	2016 okay	two thousand	0	1	0	0	2	2	?	?	?	0	0	0	0	0	0	0	0	0	0
primock57	day4_consultation07	and sixteen ok		sixteen	0	1	0	0	1	3	?	?	?	0	0	0	0	0	?	0	0	0	0
primock57	day4_consultation07	uh no one in	or p's none of	one	0	1	0	0	1	4	?	?	0	0	0	0	0	1	1	1	0	0	1
primock57	day4_consultation07	well	12	<none>	0	0	0	0	0	1	?	?	?	?	1	?	?	0	0	0	0	1	0
primock57	day4_consultation07	it was twelve		twelve	0	1	0	0	1	3	?	?	?	1	1	?	1	0	0	0	0	1	0
primock57	day4_consultation08	eighth	8th	eighth	0	1	0	0	1	1	?	?	0	1	0	0	0	0	0	1	0	0	0
primock57	day4_consultation08	nineteen	1982	nineteen	0	1	0	0	1	1	?	?	0	0	0	0	0	0	0	0	0	?	0
primock57	day4_consultation08	eighty two		eighty two	0	1	0	0	2	2	?	?	?	1	0	?	0	?	?	0	?	?	?
primock57	day4_consultation08	fifteen	15	fifteen	0	1	0	0	1	1	?	?	0	1	0	0	1	0	0	0	0	1	0
primock57	day4_consultation08	fifteen	15	fifteen	0	1	0	0	1	1	?	?	?	1	1	0	1	0	0	0	0	1	0
primock57	day4_consultation09	nineteen ninety two	1992 92 okay	nineteen ninety two	0	1	0	0	3	3	?	?	0	1	0	?	1	0	0	0	0	0	0
primock57	day4_consultation09	ninety two ok		ninety two	0	1	0	0	2	3	?	?	?	0	1	?	0	?	0	?	0	?	?
primock57	day4_consultation09	ninety	1992	ninety	0	1	0	0	1	1	?	?	0	0	0	0	0	0	0	0	0	0	0
primock57	day4_consultation09	two		two	0	1	0	0	1	1	?	?	?	0	0	?	0	?	0	0	?	?	?
primock57	day4_consultation09	twenty six um	26 26 yeah	twenty six	0	1	0	0	2	3	?	?	0	1	1	0	1	0	0	0	0	0	0
primock57	day4_consultation09	twenty six		twenty six	0	1	0	0	2	2	?	?	?	?	?	?	?	?	?	?	?	?	?
primock57	day4_consultation09	seventeen sixteen	17 16	seventeen sixteen	0	1	0	0	2	2	?	?	0	1	1	0	1	0	0	0	0	0	0
primock57	day4_consultation09	one	on	one	0	1	0	0	1	1	?	?	0	1	?	0	0	0	0	0	0	0	0
primock57	day4_consultation09	five or		five	0	1	0	0	1	2	0	?	?	1	0	0	?	0	?	0	?	1	0
primock57	day4_consultation09	first	for	first	0	1	0	0	1	1	?	?	0	0	0	0	0	0	0	0	0	0	0
primock57	day4_consultation10	um	23rd	<none>	0	0	0	0	0	1	?	?	0	?	1	0	?	0	0	1	0	0	0
primock57	day4_consultation10	twenty third		twenty third	0	1	0	0	2	2	?	?	?	1	1	?	1	0	0	0	?	0	?
primock57	day4_consultation10	nineteen	1995	nineteen	0	1	0	0	1	1	?	?	0	0	0	0	0	0	0	0	0	?	0
primock57	day4_consultation10	ninety five		ninety five	0	1	0	0	2	2	?	?	?	0	0	0	0	?	?	0	0	?	?
primock57	day4_consultation10	three and a		three	0	1	0	0	1	3	?	?	?	1	1	1	1	1	1	?	1	1	?
primock57	day5_consultation01	doctor geraghty ohh	oh one more	<none>	0	0	0	0	0	3	?	?	?	1	1	1	1	0	1	1	1	0	1
primock57	day5_consultation01	five um	5 king's	five	0	1	0	0	1	2	?	?	1	0	1	1	1	1	1	?	1	?	?
primock57	day5_consultation01	twentieth	20th	<none>	0	0	0	0	0	1	?	?	0	?	1	0	1	0	0	0	0	0	0
primock57	day5_consultation01	the fourth nineteen	august 1990 okay	fourth nineteen	0	1	0	0	2	3	?	?	0	0	0	0	0	0	0	0	0	?	0
primock57	day5_consultation01	ninety ok		ninety	0	1	0	0	1	2	?	?	?	0	0	?	?	0	0	0	0	?	0
primock57	day5_consultation01	uh and	the first	<none>	0	0	0	0	0	2	?	?	?	1	1	?	?	1	1	1	1	1	1
primock57	day5_consultation02	um	30	<none>	0	0	0	0	0	1	?	?	0	?	1	0	0	0	0	1	0	0	0
primock57	day5_consultation02	thirty		thirty	0	1	0	0	1	1	?	?	?	1	1	?	0	?	0	0	?	0	0
primock57	day5_consultation02	sw	sw22hz	<none>	0	0	0	0	0	1	?	?	0	1	1	0	?	0	0	1	1	1	0
primock57	day5_consultation02	two two hz hello		two two	0	1	0	0	2	4	?	?	0	1	1	0	1	0	0	0	0	0	?
primock57	day5_consultation02	forty oh	140274 okay	forty	0	1	0	0	1	2	?	?	0	1	0	0	?	0	0	0	0	0	0
primock57	day5_consultation02	two nineteen seventy four ok		two nineteen seventy four	0	1	0	0	4	5	?	?	?	0	0	?	0	0	?	0	0	0	0
primock57	day5_consultation02	it stays	six days	<none>	0	0	0	0	0	2	?	?	1	0	0	1	1	0	0	0	0	0	0
primock57	day5_consultation02	seven and		seven	0	1	0	0	1	2	?	?	0	0	0	0	0	0	0	0	0	0	0
primock57	day5_consultation02	two	200	two	0	1	0	0	1	1	?	?	?	0	0	?	?	0	0	0	0	0	0
primock57	day5_consultation02	hundred		hundred	0	1	0	0	1	1	?	?	?	0	0	?	?	?	?	0	?	0	?
primock57	day5_consultation03	nineteenth	19th	<none>	0	0	0	0	0	1	?	?	0	1	0	?	?	0	0	0	0	0	0
primock57	day5_consultation03	nineteen	1993	nineteen	0	1	0	0	1	1	?	?	0	1	0	0	0	0	0	0	0	?	0
primock57	day5_consultation03	ninety three		ninety three	0	1	0	0	2	2	?	?	?	0	0	?	?	?	?	0	?	?	?
primock57	day5_consultation03	uh sixty	64 clivedon	sixty	0	1	0	0	1	2	?	?	0	0	0	0	0	0	0	0	0	0	0
primock57	day5_consultation03	four cliveden		four	0	1	0	0	1	2	?	?	?	0	0	?	?	0	0	0	0	0	0
primock57	day5_consultation03	ten eleven	10 11	ten eleven	0	1	0	0	2	2	?	?	0	1	1	0	0	0	0	0	0	1	0
primock57	day5_consultation03	ten	10	ten	0	1	0	0	1	1	?	?	0	1	1	0	1	0	0	0	0	1	0
primock57	day5_consultation03	drugs ok	one okay	<none>	0	0	0	0	0	2	?	?	1	1	1	?	?	1	1	1	1	1	1
primock57	day5_consultation04	twenty	2023	twenty	0	1	0	0	1	1	?	?	?	0	1	?	?	0	0	0	0	0	0
primock57	day5_consultation04	twenty three		twenty three	0	1	0	0	2	2	?	?	?	1	0	?	?	?	0	0	?	1	?
primock57	day5_consultation04	nineteen ninety-six ok	may 1996 okay	nineteen	0	1	0	0	1	3	?	?	?	0	1	?	?	0	0	0	0	0	0
primock57	day5_consultation04	um sixty	60 calone	sixty	0	1	0	0	1	2	?	?	0	1	0	?	?	0	0	0	0	0	0
primock57	day5_consultation04	two	three	two	0	1	0	0	1	1	?	?	0	0	?	0	0	?	?	0	0	?	0
primock57	day5_consultation04	three	four	three	0	1	0	0	1	1	?	?	?	0	1	1	?	1	1	?	?	1	?
primock57	day5_consultation05	thirty seven	37 37	thirty seven	0	1	0	0	2	2	?	?	0	0	1	0	?	0	0	0	0	0	0
primock57	day5_consultation05	what was it thirty seven		thirty seven	0	1	0	0	2	5	?	?	?	1	?	?	?	?	0	0	?	?	?
primock57	day5_consultation05	three	three-day	three	0	1	0	0	1	1	?	?	1	1	1	1	1	1	1	0	1	1	0
primock57	day5_consultation06	fourth	4th	fourth	0	1	0	0	1	1	?	?	0	0	0	?	0	0	1	0	0	0	0
primock57	day5_consultation06	nineteen eighty	1984 okay	nineteen eighty	0	1	0	0	2	2	?	?	0	0	0	0	0	0	0	0	0	0	0
primock57	day5_consultation06	four ok		four	0	1	0	0	1	2	?	?	?	0	0	?	?	?	?	?	0	0	?
primock57	day5_consultation06	fifty	52	fifty	0	1	0	0	1	1	?	?	0	1	1	?	0	0	0	0	0	0	0
primock57	day5_consultation07	bullock uh	black 20th	<none>	0	0	0	0	0	2	?	?	0	1	?	0	?	0	0	1	0	0	0
primock57	day5_consultation07	nineteen	1958	nineteen	0	1	0	0	1	1	?	?	0	0	0	0	?	0	0	0	0	?	0
primock57	day5_consultation07	fifty eight hello		fifty eight	0	1	0	0	2	3	?	?	?	0	0	?	?	?	?	0	?	?	?
primock57	day5_consultation07	uh seven three four	74 brother and hill	seven three four	0	1	0	0	3	4	?	?	0	0	0	0	0	0	0	0	0	0	0
primock57	day5_consultation07	twenty thirty	20 30	twenty thirty	0	1	0	0	2	2	?	?	0	1	1	0	1	0	0	0	0	1	0
primock57	day5_consultation07	two hundred	200 okay	two hundred	0	1	0	0	2	2	?	?	0	1	1	0	?	0	0	1	?	1	0
primock57	day5_consultation07	sixty	65	sixty	0	1	0	0	1	1	?	?	?	0	0	0	0	0	0	0	0	0	0
primock57	day5_consultation07	five		five	0	1	0	0	1	1	?	?	?	0	0	?	?	?	?	?	?	0	?
primock57	day5_consultation07	thirty seven point	37 5 38	thirty seven	0	1	0	0	2	3	0	0	0	0	0	0	0	0	0	0	0	0	0
primock57	day5_consultation07	five thirty eight um		five thirty eight	0	1	0	0	3	4	?	?	?	0	0	?	?	?	?	0	?	?	?
primock57	day5_consultation08	twenty second of december nineteen ninety uh address uh	22nd december 1990 dress as a 3d 60 strong	twenty second nineteen ninety	0	1	0	0	4	9	?	?	0	0	0	0	0	0	0	0	0	0	0
primock57	day5_consultation08	sixteen		sixteen	0	1	0	0	1	1	?	?	?	0	0	?	?	?	0	0	0	0	?
primock57	day5_consultation08	have	one	<none>	0	0	0	0	0	1	?	?	?	?	1	1	1	0	1	1	?	0	0
primock57	day5_consultation08	thirty	37	thirty	0	1	0	0	1	1	?	?	0	1	0	?	0	?	0	0	?	?	?
primock57	day5_consultation08	seven		seven	0	1	0	0	1	1	?	?	?	0	1	?	0	?	?	?	?	?	?
primock57	day5_consultation09	fourteenth	14th	<none>	0	0	0	0	0	1	?	?	?	0	0	?	?	0	0	?	0	0	0
primock57	day5_consultation09	nineteen	1989	nineteen	0	1	0	0	1	1	?	?	0	0	0	0	0	0	0	?	0	0	0
primock57	day5_consultation09	eighty nine		eighty nine	0	1	0	0	2	2	?	?	?	0	0	?	0	?	?	?	?	0	?
primock57	day5_consultation09	one	1	one	0	1	0	0	1	1	?	?	?	1	1	1	1	0	1	0	1	0	0
primock57	day5_consultation09	one	mine	one	0	1	0	0	1	1	?	?	?	0	?	0	0	0	0	0	0	0	0
primock57	day5_consultation09	uh ok	one okay	<none>	0	0	0	0	0	2	?	?	1	1	1	1	1	1	1	1	0	1	0
primock57	day5_consultation10	um it's um	thursday 12 o'clock	<none>	0	0	0	0	0	3	?	?	?	1	?	?	?	?	?	1	?	?	?
primock57	day5_consultation10	if	10	<none>	0	0	0	0	0	1	?	?	0	?	?	1	1	0	0	1	1	1	0
primock57	day5_consultation10	ten		ten	0	1	0	0	1	1	?	?	?	?	1	0	0	?	1	0	0	0	?
primock57	day5_consultation10	um no these headaches	because this one is	<none>	0	0	0	0	0	4	?	?	1	1	1	1	1	1	1	1	0	0	1
primock57	day5_consultation11	first nineteen	1st 1980	first nineteen	0	1	0	0	2	2	?	?	0	0	0	0	0	0	0	0	0	0	0
primock57	day5_consultation11	eighty		eighty	0	1	0	0	1	1	?	?	?	0	0	?	?	?	?	?	?	?	?
primock57	day5_consultation11	uh sixty	60 sloan	sixty	0	1	0	0	1	2	?	?	0	1	1	0	0	0	0	0	0	0	0
primock57	day5_consultation11	few	three	<none>	0	0	0	0	0	1	?	?	?	0	0	0	0	0	1	0	0	0	0
primock57	day5_consultation11	twenty	20	twenty	0	1	0	0	1	1	?	?	0	1	1	0	0	0	0	0	0	0	0
primock57	day5_consultation11	four	400	four	0	1	0	0	1	1	?	?	0	0	0	0	0	0	0	0	0	0	0
primock57	day5_consultation11	hundred		hundred	0	1	0	0	1	1	?	?	?	0	0	0	0	?	?	0	?	0	?
primock57	day5_consultation12	twenty	28	twenty	0	1	0	0	1	1	?	?	?	0	0	0	0	0	0	0	0	0	0
primock57	day5_consultation12	eight		eight	0	1	0	0	1	1	?	?	?	0	0	?	0	?	?	?	?	?	?
primock57	day5_consultation12	four oh five nine	4059c clerk and well	four five nine	0	1	0	0	3	4	?	?	0	0	0	0	0	0	0	0	0	0	0
primock57	day5_consultation12	ten is	it was	ten	0	1	0	0	1	2	?	?	?	?	?	?	0	0	?	0	?	0	0
figshare-osce	CAR0001	39	i'm	39	1	0	0	1	0	1	0	0	1	0	0	1	0	1	1	0	1	1	1
figshare-osce	CAR0001	8 ok	okay um	8	1	0	0	1	0	2	0	0	0	0	0	0	0	0	0	0	1	0	1
figshare-osce	CAR0001	1	one	1	1	0	0	1	0	1	0	0	?	0	0	0	0	0	0	0	1	0	0
figshare-osce	CAR0001	10 10	ten ten	10 10	1	0	0	2	0	2	1	1	0	0	0	1	0	0	0	0	0	0	0
figshare-osce	CAR0001	5	five	5	1	0	0	1	0	1	0	0	0	0	0	0	0	1	0	0	1	0	1
figshare-osce	CAR0002	10 zero being the least	do you remember with some	10 zero	1	1	1	1	1	5	0	0	0	0	0	0	0	0	0	0	1	0	0
figshare-osce	CAR0002	10	ten	10	1	0	0	1	0	1	1	1	?	0	0	1	0	1	1	1	0	0	1
figshare-osce	CAR0002	ok and any recreational drugs like marijuana um no marijuana but i have used crystal meth in the past ok and when was the last time that you used crystal meth um six days ago six days ago ok and how often do you use crystal meth um i would say a couple of times a month a couple of times a month ok alright and for how long have you been using crystal meth uh for the last seven years seven years ok		six six seven seven	0	1	0	0	4	84	1	1	1	1	1	1	1	1	1	1	1	1	0
figshare-osce	CAR0003	34	four	34	1	0	0	1	0	1	?	?	0	0	?	0	0	?	0	0	0	0	0
figshare-osce	CAR0003	2	two	2	1	0	0	1	0	1	0	?	?	0	?	?	?	0	0	0	0	0	1
figshare-osce	CAR0003	3	three	3	1	0	0	1	0	1	0	0	0	0	0	0	0	0	0	0	1	0	1
figshare-osce	CAR0004	3	three	3	1	0	0	1	0	1	?	?	0	0	0	0	0	0	0	?	0	0	1
figshare-osce	CAR0004	1	one	1	1	0	0	1	0	1	?	?	?	0	0	0	0	0	0	0	0	0	0
figshare-osce	CAR0004	10	uh	10	1	0	0	1	0	1	?	?	?	0	0	0	0	0	0	0	0	0	0
figshare-osce	CAR0004	10	ten	10	1	0	0	1	0	1	?	?	1	0	0	1	?	1	0	1	1	1	1
figshare-osce	CAR0004	a	six	<none>	0	0	0	0	0	1	?	?	1	1	0	0	0	1	1	0	1	1	0
figshare-osce	CAR0004	6		6	1	0	0	1	0	1	?	?	0	0	?	0	0	0	0	0	0	0	0
figshare-osce	CAR0004	10 ok	ten okay	10	1	0	0	1	0	2	?	?	0	0	?	?	?	0	0	0	1	1	0
figshare-osce	CAR0004	25 year old	25-year-old okay and	25	1	0	0	1	0	3	?	?	1	0	0	1	1	0	1	0	1	1	0
figshare-osce	CAR0004	ok and where are you a student what do you do im studying engineering at western alright and currently where do you live do you live in student housing an apartment or a house i live with my parents well my mom now in a house right and you drink at all any alcohol i drink occasionally maybe one or two drinks on the weekends ok and any recreational drug use like marijuana or cocaine no and do you smoke no alright so those are all the questions we had for you today and yeah it must be really difficult and scary for you right now but well make sure to get to the bottom of this to see whats going on so what we can do is get you an ecg to see how your heart is functioning and then see getting the blood work if we need it for the future but yeah right now i would say try not to worry too much about it right now and see um what some of those tests come back thank you so yeah youre welcome		one two	0	1	0	0	2	186	1	1	1	1	1	1	1	1	1	1	1	1	1
figshare-osce	CAR0005	2	two	2	1	0	0	1	0	1	0	0	0	0	0	0	0	0	0	0	1	0	1
figshare-osce	CAR0005	um 2030	to 30	2030	1	0	0	1	0	2	0	0	?	0	0	1	?	0	0	0	0	0	0
figshare-osce	CAR0005	during the 2	two weeks okay	2	1	0	0	1	0	3	0	0	0	0	0	0	0	0	0	0	0	0	?
figshare-osce	CAR0005	10	ten	10	1	0	0	1	0	1	0	0	0	0	0	0	0	1	1	?	0	0	1
figshare-osce	CAR0005	10	ten	10	1	0	0	1	0	1	0	0	0	?	0	0	?	1	1	1	0	0	1
figshare-osce	CAR0005	4	four	4	1	0	0	1	0	1	0	0	0	0	0	0	0	1	1	1	0	0	0
figshare-osce	CAR0005	10 ok	ten okay	10	1	0	0	1	0	2	?	?	0	?	0	1	1	1	1	0	1	1	0
figshare-osce	CAR0005	2		2	1	0	0	1	0	1	0	0	?	?	0	?	?	?	?	0	0	0	1
figshare-osce	CAR0005	two	two-week	two	0	1	0	0	1	1	0	0	0	1	1	1	1	0	1	1	1	1	0
figshare-osce	DER0001	45 year old	45-year-old man it's	45	1	0	0	1	0	3	?	0	?	0	0	1	1	0	1	1	1	1	0
figshare-osce	DER0001	double check	double-check no	double	0	1	0	0	1	2	?	?	0	1	0	1	1	1	1	1	1	1	0
figshare-osce	DER0001	9	nine	9	1	0	0	1	0	1	?	?	0	0	0	0	0	0	0	0	0	0	0
figshare-osce	DER0001	4	four	4	1	0	0	1	0	1	?	?	0	0	0	0	0	0	0	1	1	0	0
figshare-osce	DER0001	2	two	2	1	0	0	1	0	1	?	?	0	0	?	0	0	0	0	0	1	0	1
figshare-osce	DER0001	2 4	two four	2 4	1	0	0	2	0	2	?	?	0	0	0	0	0	0	0	0	0	0	0
figshare-osce	DER0001	3	three	3	1	0	0	1	0	1	?	?	?	0	0	0	0	0	0	0	1	0	1
figshare-osce	GAS0001	9	nine	9	1	0	0	1	0	1	?	?	0	0	0	0	0	0	?	1	1	0	1
figshare-osce	GAS0001	2	two	2	1	0	0	1	0	1	?	?	?	0	0	0	0	0	0	0	1	0	1
figshare-osce	GAS0002	few	two	<none>	0	0	0	0	0	1	1	1	1	1	1	1	1	1	1	1	1	1	1
figshare-osce	GAS0002	3	three	3	1	0	0	1	0	1	0	0	0	0	0	0	0	0	0	0	0	0	1
figshare-osce	GAS0002	1	one	1	1	0	0	1	0	1	0	0	0	0	0	0	0	0	0	0	1	0	0
figshare-osce	GAS0002	10 10	ten ten	10 10	1	0	0	2	0	2	1	1	0	0	0	1	0	0	1	0	0	0	0
figshare-osce	GAS0002	8 ok	eight okay	8	1	0	0	1	0	2	0	0	0	0	0	0	0	0	0	0	1	0	0
figshare-osce	GAS0002	glasses of wine every night ok and do you feel the need to cut down on your drinking no not really ok have you ever felt annoyed by people criticizing your drinking uh no ok have you felt guilty about your drinking uh no so should i be uhm no at the at this time just wanting to gauge a sense of how you feel about your drinking levels at this time and the follow up question to that would be have you ever felt the need to have a drink early in the morning uh no no ive never drank i dont drink in the morning ok and do you use recreational drugs uh no never ok and do you smoke cigarettes nope and um do oh and then um who are you living with currently at home and so im living with my two children and my partner and can you tell me a little bit about the home situation yeah the home situation is fine like kids are doing great and my partner is very supportive no no issues that i can think of at home ok excellent		two	0	1	0	0	1	191	1	1	0	0	0	1	1	0	0	0	0	0	1
figshare-osce	GAS0003	1	one	1	1	0	0	1	0	1	?	?	0	0	0	0	0	0	0	0	0	0	0
figshare-osce	GAS0003	10	ten	10	1	0	0	1	0	1	?	?	0	0	0	0	0	0	0	0	0	0	0
figshare-osce	GAS0003	10	ten	10	1	0	0	1	0	1	?	?	?	?	0	1	0	1	0	1	1	1	1
figshare-osce	GAS0003	10	ten	10	1	0	0	1	0	1	?	?	?	?	?	1	0	0	0	0	0	1	0
figshare-osce	GAS0003	8	eight	8	1	0	0	1	0	1	?	?	0	?	0	0	0	0	0	0	1	0	0
figshare-osce	GAS0003	8 ok	okay yeah	8	1	0	0	1	0	2	?	?	0	?	0	0	0	0	0	0	1	0	0
figshare-osce	GAS0003	8	eight	8	1	0	0	1	0	1	?	?	0	0	0	0	0	1	0	0	1	0	1
figshare-osce	GAS0003	8	eight	8	1	0	0	1	0	1	?	?	0	0	0	1	0	1	0	0	0	0	1
figshare-osce	GAS0003	ok and do you use any recreational drugs like marijuana no i dont ok alright so um thats all the questions i have and just to clarify does your pain come and go or is it constant yes so initially it would come and go but now so for the first 2 hours it would come and go and when i would have this pain when i was eating it would come and go but over the past six hours its just been constant ok alright		2 first six	1	1	1	1	2	86	0	0	0	0	0	0	0	0	0	0	0	0	0
figshare-osce	GAS0004	5	five	5	1	0	0	1	0	1	?	0	0	0	0	0	0	0	0	0	1	0	1
figshare-osce	GAS0005	3	three	3	1	0	0	1	0	1	0	0	?	0	0	0	0	0	0	0	1	0	1
figshare-osce	GAS0005	383	3	383	1	0	0	1	0	1	0	0	0	0	0	0	0	0	0	0	0	0	0
figshare-osce	GAS0005	3	three	3	1	0	0	1	0	1	0	0	0	0	0	0	0	0	0	0	1	0	1
figshare-osce	GAS0005	6	six	6	1	0	0	1	0	1	0	0	0	0	0	0	0	0	0	0	1	0	1
figshare-osce	GAS0005	39	thirty-nine	39	1	0	0	1	0	1	1	1	0	0	0	1	1	1	1	1	1	0	1
figshare-osce	GAS0005	3	three	3	1	0	0	1	0	1	0	0	?	0	0	0	0	0	0	1	0	0	1
figshare-osce	GAS0005	10	ten	10	1	0	0	1	0	1	0	0	0	0	0	0	0	0	0	1	0	0	0
figshare-osce	GAS0005	10	10-year-old	10	1	0	0	1	0	1	1	1	0	0	0	1	1	0	0	1	1	1	0
figshare-osce	GAS0007	3	three	3	1	0	0	1	0	1	?	?	0	0	0	0	0	0	0	0	0	0	1
figshare-osce	GAS0007	2	okay	2	1	0	0	1	0	1	?	?	0	0	0	1	0	0	0	1	1	0	1
figshare-osce	GAS0007	metformin metformin	four minutes	<none>	0	0	0	0	0	2	?	?	1	0	1	1	1	1	1	1	1	1	1
figshare-osce	GAS0007	two	2-4	two	0	1	0	0	1	1	?	?	0	0	0	0	0	0	0	1	0	0	0
figshare-osce	GAS0007	four		four	0	1	0	0	1	1	?	?	0	0	0	0	0	?	0	0	1	0	?
figshare-osce	GEN0001	2	two	2	1	0	0	1	0	1	?	?	?	0	?	0	0	0	0	?	0	0	1
figshare-osce	GEN0001	4	four	4	1	0	0	1	0	1	?	?	0	0	0	0	0	0	0	0	1	0	1
figshare-osce	GEN0001	5	five	5	1	0	0	1	0	1	?	?	0	0	0	0	0	0	0	0	0	0	1
figshare-osce	GEN0001	3	three	3	1	0	0	1	0	1	?	?	?	0	0	0	0	0	0	0	0	0	0
figshare-osce	GEN0001	3	three	3	1	0	0	1	0	1	?	?	0	0	0	0	0	0	0	0	0	0	0
figshare-osce	MSK0001	1	one	1	1	0	0	1	0	1	?	0	0	?	0	0	0	0	0	0	0	0	0
figshare-osce	MSK0001	10 uh	ten one	10	1	0	0	1	0	2	1	1	0	0	0	0	0	0	0	0	0	0	0
figshare-osce	MSK0001	1		1	1	0	0	1	0	1	0	0	?	?	0	?	?	?	?	0	?	?	0
figshare-osce	MSK0001	10	ten	10	1	0	0	1	0	1	1	1	?	?	?	1	?	1	1	0	1	1	0
figshare-osce	MSK0001	2	two	2	1	0	0	1	0	1	1	1	0	0	0	?	0	0	0	0	0	0	0
figshare-osce	MSK0001	10 ok	ten okay	10	1	0	0	1	0	2	1	1	0	0	0	1	0	1	1	0	0	1	0
figshare-osce	MSK0001	and who are you sexually active with any new partners at all uh no new partners um just my girlfriend uh and uh how many im sorry go ahead um just my my girlfriend recently ok and have you been sexually active with more than one partner in the past past year uh yes i have um um two women over the past year ok and um do you use any kind of protection yes always use uh condoms ok alright so now im just going to get the patients vitals		one two	0	1	0	0	2	91	1	1	1	1	1	1	1	1	1	1	1	1	1
figshare-osce	MSK0003	0	zero	0	1	0	0	1	0	1	0	0	?	0	0	0	0	0	0	0	0	0	0
figshare-osce	MSK0003	10	ten	10	1	0	0	1	0	1	1	1	1	0	?	0	0	0	0	0	0	1	0
figshare-osce	MSK0003	0	zero	0	1	0	0	1	0	1	?	?	0	?	?	0	0	0	0	0	0	0	0
figshare-osce	MSK0003	10	ten	10	1	0	0	1	0	1	1	1	?	0	0	1	0	1	1	0	0	1	0
figshare-osce	MSK0003	0	zero	0	1	0	0	1	0	1	0	0	0	0	0	?	0	0	0	0	0	0	1
figshare-osce	MSK0003	5 6	five six	5 6	1	0	0	2	0	2	0	0	0	0	0	0	0	0	0	0	0	0	1
figshare-osce	MSK0003	3	three	3	1	0	0	1	0	1	0	0	?	0	0	0	0	0	0	0	1	0	1
figshare-osce	MSK0003	uhm im 26	i'm 2026 okay	26	1	0	0	1	0	3	1	1	1	0	0	0	0	0	0	0	0	0	1
figshare-osce	MSK0003	for	four	<none>	0	0	0	0	0	1	0	0	?	0	0	0	0	0	0	0	0	0	0
figshare-osce	MSK0003	which can present in men your age and its kind of like a progressive dull back pain and that has some morning stiffness as well so yeah theres definitely multiple things that it can be so first we would need to do a full physical examination and book an appointment or for that in person and we will get some lab work done as well as well as a x ray of the of the spine and your sacroiliac joints and well also get some blood work with cbc crand esr so those are just inflammatory markers as well as the rheumatoid factor antinuclear antibodies those are just some things that will test for different kind of rheumatological issues and to see if you have any arthritis so yeah those are and then will also get an x ray of your hands and knees since youre having pain there as well so yeah those are some steps that well take do you have any questions or concerns no that that sounds that sounds great thank you alright yeah so i will get in touch with you shortly sounds great thank you alright take care bye bye		first	0	1	0	0	1	196	1	1	1	1	1	1	1	1	1	1	1	1	1
figshare-osce	MSK0005	1	one	1	1	0	0	1	0	1	?	0	0	0	0	0	0	0	0	0	0	0	0
figshare-osce	MSK0005	10 10	ten ten	10 10	1	0	0	2	0	2	0	?	0	0	0	1	0	1	1	0	0	0	0
figshare-osce	MSK0005	your wrist extensor muscle group there um so for this we basically recommend um a couple of things to manage the pain uh but first like in terms of imaging i dont think it is necessary because it doesnt seem like there was any trauma and im not too worried about any fractures um so to help you treat this um we recommend some activity modifications so um at work not doing things that are too repetitive especially if its using those um extensor forearm muscles um and then you can use some use a compression sleeve as well continue taking tylenol or nsaids for the pain and uh really important is physical therapy um to increase mobility and strength in that arm uh and as well you can apply things like ice um to it for like the pain and swelling if you see any uh yeah so it should resolve in about six months to two years at most uh but normally it does um go away in a couple of months with some physical therapy and the compression and splints if you choose to do that how does that sound yeah that that sounds um good thank you yeah no worries		first six two	0	1	0	0	3	204	1	1	1	1	1	1	1	1	1	1	0	1	0
figshare-osce	MSK0006	uh	two	<none>	0	0	0	0	0	1	1	1	0	?	1	?	?	?	?	1	?	?	?
figshare-osce	MSK0006	like 2		2	1	0	0	1	0	2	0	0	?	0	0	0	0	0	0	0	1	0	1
figshare-osce	MSK0006	6	six	6	1	0	0	1	0	1	0	0	?	0	0	0	0	0	0	0	0	0	0
figshare-osce	MSK0006	8	eight	8	1	0	0	1	0	1	0	0	0	0	0	0	0	0	0	0	0	0	0
figshare-osce	MSK0007	1	one	1	1	0	0	1	0	1	0	0	0	0	0	0	0	0	0	0	0	0	0
figshare-osce	MSK0007	10	ten	10	1	0	0	1	0	1	0	0	0	0	0	1	1	0	1	0	0	1	0
figshare-osce	MSK0007	10	ten	10	1	0	0	1	0	1	0	0	0	0	0	1	1	0	1	0	0	1	0
figshare-osce	MSK0007	5 ok	five okay	5	1	0	0	1	0	2	0	0	0	0	0	0	0	0	0	0	1	0	1
figshare-osce	MSK0008	1	one	1	1	0	0	1	0	1	0	0	0	0	0	0	0	0	0	1	0	0	1
figshare-osce	MSK0008	5 ok	five okay	5	1	0	0	1	0	2	?	?	0	0	0	0	0	0	0	1	0	0	1
figshare-osce	MSK0009	1	one	1	1	0	0	1	0	1	0	0	0	0	0	0	0	0	0	0	1	0	0
figshare-osce	MSK0009	10 10	ten ten	10 10	1	0	0	2	0	2	0	0	0	0	0	1	0	0	0	0	0	0	0
figshare-osce	MSK0009	6 ok um	a six okay	6	1	0	0	1	0	3	0	1	0	0	0	0	0	1	0	1	0	0	1
figshare-osce	MSK0009	3	three	3	1	0	0	1	0	1	0	0	0	0	0	0	0	0	0	0	1	0	1
figshare-osce	MSK0009	2	two	2	1	0	0	1	0	1	0	0	0	0	0	0	0	0	0	0	1	0	1
figshare-osce	MSK0010	5	five	5	1	0	0	1	0	1	0	0	0	0	0	0	0	0	0	0	0	0	1
figshare-osce	MSK0010	1	one	1	1	0	0	1	0	1	0	0	0	0	0	0	0	0	0	0	0	0	0
figshare-osce	MSK0010	10	ten	10	1	0	0	1	0	1	0	0	0	0	0	?	?	0	1	0	0	1	0
figshare-osce	MSK0010	7 ok	seven okay	7	1	0	0	1	0	2	0	0	0	0	0	0	0	0	0	1	0	0	1
figshare-osce	MSK0011	1000 pm	p m	1000	1	0	0	1	0	2	0	0	0	0	0	0	0	0	0	0	0	0	0
figshare-osce	MSK0011	zero	0	zero	0	1	0	0	1	1	0	0	0	1	0	0	1	0	1	0	0	1	0
figshare-osce	MSK0011	1010	10	1010	1	0	0	1	0	1	0	0	0	0	?	0	0	0	0	0	0	0	0
figshare-osce	MSK0011	three	3	three	0	1	0	0	1	1	0	0	1	1	1	1	1	0	1	0	1	1	0
figshare-osce	MSK0011	2	two	2	1	0	0	1	0	1	0	0	0	0	0	0	0	0	?	0	0	0	1
figshare-osce	MSK0012	zero	0	zero	0	1	0	0	1	1	0	0	?	1	?	0	0	0	0	0	1	1	0
figshare-osce	MSK0012	5	five	5	1	0	0	1	0	1	0	0	?	0	0	0	0	0	0	0	0	0	0
figshare-osce	MSK0012	6	six	6	1	0	0	1	0	1	0	0	?	0	0	0	0	0	0	0	0	0	0
figshare-osce	MSK0012	10	ten	10	1	0	0	1	0	1	1	1	1	0	0	1	1	0	1	0	0	1	0
figshare-osce	MSK0012	8	eight	8	1	0	0	1	0	1	1	1	?	0	0	0	0	0	0	0	0	0	0
figshare-osce	MSK0012	10 ok	ten okay	10	1	0	0	1	0	2	1	1	0	0	0	1	1	0	1	0	0	1	0
figshare-osce	MSK0012	67	seven	67	1	0	0	1	0	1	0	0	0	0	0	0	0	0	0	0	0	0	0
figshare-osce	MSK0013	2	two	2	1	0	0	1	0	1	0	0	0	0	0	0	0	0	0	0	1	0	1
figshare-osce	MSK0013	3	three	3	1	0	0	1	0	1	0	0	0	0	0	0	0	0	0	0	1	0	1
figshare-osce	MSK0013	eight point	8 1	eight	0	1	0	0	1	2	0	0	0	1	0	0	?	0	0	0	0	0	0
figshare-osce	MSK0013	81		81	1	0	0	1	0	1	0	0	?	0	0	?	1	?	?	0	?	0	?
figshare-osce	MSK0013	5	five	5	1	0	0	1	0	1	?	?	?	0	0	0	0	0	0	0	1	0	1
figshare-osce	MSK0014	5	five	5	1	0	0	1	0	1	0	0	0	0	0	0	0	0	0	0	0	0	1
figshare-osce	MSK0015	daughter is	daughter's five	<none>	0	0	0	0	0	2	1	1	1	0	0	0	0	0	1	0	0	1	0
figshare-osce	MSK0015	5		5	1	0	0	1	0	1	0	0	0	?	?	?	?	?	0	?	?	0	1
figshare-osce	MSK0015	1 12	a half	1 12	1	0	0	2	0	2	0	0	?	0	0	0	0	0	0	0	0	0	0
figshare-osce	MSK0016	1	one	1	1	0	0	1	0	1	?	?	0	0	0	0	0	0	0	0	0	0	0
figshare-osce	MSK0016	10 10 being	tends to be	10 10	1	0	0	2	0	3	?	0	0	0	0	1	1	0	0	0	0	0	0
figshare-osce	MSK0016	6 ok ok	six okay okay	6	1	0	0	1	0	3	0	0	0	0	0	0	0	1	0	0	0	0	1
figshare-osce	MSK0016	really like over these last three		three	0	1	0	0	1	6	0	0	0	0	0	0	0	0	0	0	0	0	0
figshare-osce	MSK0016	like	three	<none>	0	0	0	0	0	1	1	0	0	0	0	0	0	0	0	0	0	0	?
figshare-osce	MSK0016	3		3	1	0	0	1	0	1	0	0	?	0	0	0	0	0	0	0	0	0	1
figshare-osce	MSK0016	to	two	<none>	0	0	0	0	0	1	?	?	1	1	1	1	1	1	1	1	1	1	1
figshare-osce	MSK0016	5	five	5	1	0	0	1	0	1	0	0	0	0	0	0	0	1	0	0	0	?	0
figshare-osce	MSK0016	10	ten	10	1	0	0	1	0	1	1	1	?	0	0	?	?	?	?	0	0	1	0
figshare-osce	MSK0016	10	ten	10	1	0	0	1	0	1	?	?	0	0	0	1	1	1	0	0	1	0	1
figshare-osce	MSK0016	wine	one	<none>	0	0	0	0	0	1	?	?	1	?	?	1	1	1	?	0	1	1	1
figshare-osce	MSK0016	10	ten	10	1	0	0	1	0	1	1	1	1	0	0	1	1	1	1	0	1	0	1
figshare-osce	MSK0016	2	two	2	1	0	0	1	0	1	0	0	?	0	0	0	0	0	0	0	0	0	0
figshare-osce	MSK0017	1	one	1	1	0	0	1	0	1	0	0	?	0	0	0	0	0	0	0	0	0	0
figshare-osce	MSK0017	10 10	tempt in	10 10	1	0	0	2	0	2	0	1	?	0	0	?	?	1	0	0	0	0	0
figshare-osce	MSK0017	7	seven	7	1	0	0	1	0	1	?	?	?	0	0	0	0	0	0	0	0	0	1
figshare-osce	MSK0017	7 ok	seven okay	7	1	0	0	1	0	2	?	?	0	0	0	0	0	0	0	0	0	0	1
figshare-osce	MSK0017	um but if after we try some management and treatment plans it doesnt go away and it persists for more than eight weeks we do recommend imaging including an mri so uh in terms of management for right now um modified activity at work um some short term bed rest uh very short term though um and bed rest is only really recommended if you have severe back pain and muscle spasms um and you definitely shouldnt be doing that for more than like 24 to 48 hours and physical activity can help um so referral to physical therapy or physiotherapy um can help in rehab and theyll give you some exercises that you can try at home to kind of um strengthen those muscles and then ice and heating packs um temporarily can help uh medications like nsaids can help as well with the inflammation um so well try these things out and then well continue to follow up um yeah did you have any questions or does that sound like an ok plan uh that sounds like a good plan ok sounds good thank you		24 48 eight	1	1	1	2	1	187	1	1	1	1	1	1	1	1	1	1	1	1	1
figshare-osce	MSK0018	2	two	2	1	0	0	1	0	1	0	0	0	0	0	0	0	0	0	0	0	0	1
figshare-osce	MSK0018	2	two	2	1	0	0	1	0	1	0	0	0	0	0	0	0	0	0	0	0	0	1
figshare-osce	MSK0018	1	one	1	1	0	0	1	0	1	?	?	?	?	0	1	0	0	0	0	0	0	0
figshare-osce	MSK0018	10 10	ten ten	10 10	1	0	0	2	0	2	?	?	?	0	0	0	0	1	0	0	0	0	0
figshare-osce	MSK0018	8	eight	8	1	0	0	1	0	1	0	0	0	0	0	1	0	0	0	0	0	0	1
figshare-osce	MSK0018	8	eight	8	1	0	0	1	0	1	0	0	0	0	0	?	0	0	0	0	0	0	?
figshare-osce	MSK0018	9 8	nine eight	9 8	1	0	0	2	0	2	0	0	0	0	0	1	0	0	1	0	1	0	1
figshare-osce	MSK0018	9	huh	9	1	0	0	1	0	1	0	0	?	0	0	0	0	?	?	0	0	0	0
figshare-osce	MSK0019	1	one	1	1	0	0	1	0	1	?	?	1	0	0	1	0	0	0	?	0	0	0
figshare-osce	MSK0019	10 10 being	ten can be	10 10	1	0	0	2	0	3	1	1	0	0	0	0	0	0	0	0	0	0	0
figshare-osce	MSK0019	a 6	uh six	6	1	0	0	1	0	2	0	0	0	0	0	0	0	0	0	0	1	0	0
figshare-osce	MSK0019	7	seven	7	1	0	0	1	0	1	0	1	0	0	0	1	0	0	0	0	0	0	0
figshare-osce	MSK0019	hes 60	is sixty	60	1	0	0	1	0	2	?	?	0	0	0	1	0	1	1	0	0	1	1
figshare-osce	MSK0019	four year old		four	0	1	0	0	1	3	1	1	0	1	0	1	1	?	0	1	1	1	0
figshare-osce	MSK0019	6	six	6	1	0	0	1	0	1	0	0	?	0	0	0	0	0	0	0	0	0	0
figshare-osce	MSK0019	12	twelve	12	1	0	0	1	0	1	1	1	?	0	?	0	0	1	0	0	0	0	0
figshare-osce	MSK0020	10 10	ten ten	10 10	1	0	0	2	0	2	0	0	1	0	0	1	0	1	0	0	0	0	1
figshare-osce	MSK0020	7	seven	7	1	0	0	1	0	1	0	0	0	0	0	1	0	0	0	0	0	0	1
figshare-osce	MSK0021	one	what	one	0	1	0	0	1	1	0	0	0	1	0	0	0	0	1	1	0	1	0
figshare-osce	MSK0021	10	1010	10	1	0	0	1	0	1	1	1	1	0	0	?	0	1	0	0	0	0	1
figshare-osce	MSK0021	10		10	1	0	0	1	0	1	0	0	?	0	0	?	0	1	0	0	?	0	1
figshare-osce	MSK0021	7 7	seven okay	7 7	1	0	0	2	0	2	0	0	?	0	0	1	0	1	0	0	0	0	1
figshare-osce	MSK0021	6	six	6	1	0	0	1	0	1	?	?	0	0	0	0	0	0	0	0	0	0	0
figshare-osce	MSK0021	7 years ok	okay all right	7	1	0	0	1	0	3	?	?	0	0	0	0	0	0	0	0	0	0	0
figshare-osce	MSK0022	6 ok	six okay	6	1	0	0	1	0	2	0	0	0	0	0	0	0	0	0	1	0	0	1
figshare-osce	MSK0022	one	1	one	0	1	0	0	1	1	1	1	0	1	0	?	0	0	0	0	0	1	0
figshare-osce	MSK0022	one	1	one	0	1	0	0	1	1	1	1	0	1	0	?	0	0	0	0	0	1	0
figshare-osce	MSK0022	one	1	one	0	1	0	0	1	1	1	1	1	1	0	?	?	0	0	0	0	1	0
figshare-osce	MSK0022	shes 4 ok	she's four okay	4	1	0	0	1	0	3	0	0	0	0	0	0	0	0	0	0	0	0	1
figshare-osce	MSK0023	6	six	6	1	0	0	1	0	1	0	0	0	0	0	0	0	0	0	0	0	0	1
figshare-osce	MSK0023	9	nine	9	1	0	0	1	0	1	0	0	0	0	0	0	0	0	0	0	0	0	0
figshare-osce	MSK0023	10	ten	10	1	0	0	1	0	1	0	0	0	0	0	?	?	0	1	0	?	1	0
figshare-osce	MSK0023	a sister	she's eight	<none>	0	0	0	0	0	2	1	1	1	1	1	1	1	1	1	1	1	1	1
figshare-osce	MSK0023	shes 8		8	1	0	0	1	0	2	0	0	0	0	0	0	0	0	0	0	1	0	1
figshare-osce	MSK0025	1	one	1	1	0	0	1	0	1	0	0	0	0	0	0	0	0	0	0	1	0	0
figshare-osce	MSK0025	10 10	ten ten	10 10	1	0	0	2	0	2	0	0	0	0	0	0	0	0	1	0	0	0	0
figshare-osce	MSK0025	8	eight	8	1	0	0	1	0	1	?	?	?	0	0	0	0	0	0	0	1	0	0
figshare-osce	MSK0025	9	nine	9	1	0	0	1	0	1	0	0	0	0	0	0	0	0	0	0	0	0	0
figshare-osce	MSK0026	one		one	0	1	0	0	1	1	0	0	?	0	0	0	0	0	?	0	0	0	?
figshare-osce	MSK0026	6 ok	six okay	6	1	0	0	1	0	2	0	0	0	0	0	0	0	0	0	1	0	0	1
figshare-osce	MSK0026	2	two	2	1	0	0	1	0	1	0	0	?	0	0	0	0	0	0	0	1	0	1
figshare-osce	MSK0026	one		one	0	1	0	0	1	1	1	1	1	1	1	?	?	?	?	1	1	1	?
figshare-osce	MSK0027	3	three-year-old	3	1	0	0	1	0	1	0	0	?	0	0	0	0	0	0	0	1	0	0
figshare-osce	MSK0027	37	half	37	1	0	0	1	0	1	0	0	1	0	0	0	0	0	0	1	0	0	0
figshare-osce	MSK0027	12		12	1	0	0	1	0	1	?	?	0	?	?	?	?	?	?	0	0	?	?
figshare-osce	MSK0027	7	seven-year-old	7	1	0	0	1	0	1	0	0	0	0	0	0	0	0	0	0	1	0	0
figshare-osce	MSK0028	8	eight	8	1	0	0	1	0	1	0	0	?	?	0	?	?	0	?	0	0	0	0
figshare-osce	MSK0028	9 ok	nine okay	9	1	0	0	1	0	2	0	0	0	0	0	0	0	0	0	0	0	0	0
figshare-osce	MSK0029	1	one	1	1	0	0	1	0	1	0	0	0	0	0	0	0	0	0	0	0	0	0
figshare-osce	MSK0029	10 10	ten ten	10 10	1	0	0	2	0	2	?	?	1	0	0	?	?	0	0	0	0	0	0
figshare-osce	MSK0029	6	six	6	1	0	0	1	0	1	?	?	?	0	0	0	0	0	0	0	?	0	0
figshare-osce	MSK0029	7 ok ok	seven okay okay	7	1	0	0	1	0	3	?	?	0	0	0	0	0	0	0	0	0	0	0
figshare-osce	MSK0029	pain	a920	<none>	0	0	0	0	0	1	1	1	1	1	1	1	1	0	1	1	0	1	0
figshare-osce	MSK0031	1st	first	1st	1	0	0	1	0	1	?	?	0	0	0	0	0	0	0	0	1	0	0
figshare-osce	MSK0031	10 10	ten tending	10 10	1	0	0	2	0	2	0	0	?	0	0	0	0	1	1	0	0	0	1
figshare-osce	MSK0031	10	ten	10	1	0	0	1	0	1	?	?	0	0	0	0	0	1	1	0	1	1	1
figshare-osce	MSK0031	10 ok	ten okay	10	1	0	0	1	0	2	1	0	?	0	0	0	0	1	0	0	0	1	1
figshare-osce	MSK0031	60s ok ok	sixties okay okay	60s	1	0	0	1	0	3	1	1	1	0	0	1	0	1	1	0	1	0	1
figshare-osce	MSK0031	one	when	one	0	1	0	0	1	1	0	0	?	1	1	1	1	1	1	0	0	0	0
figshare-osce	MSK0031	surgeries and rehab and medication so we will definitely look into the surgical option first which is done using some internal repair with screws or you can do a total hip replacement or a partial hip replacement the orthopaedic surgeon will uh decide like which option is best for you after we refer you for a consult with them and then after that		first	0	1	0	0	1	63	1	1	1	1	1	1	1	1	1	1	1	1	1
figshare-osce	MSK0032	1	one	1	1	0	0	1	0	1	0	?	0	0	0	0	0	0	0	0	0	0	0
figshare-osce	MSK0032	10 10 being	ten can be	10 10	1	0	0	2	0	3	0	0	0	0	0	0	0	0	0	1	0	0	0
figshare-osce	MSK0032	7	seven	7	1	0	0	1	0	1	?	?	?	0	0	0	0	0	0	0	0	0	1
figshare-osce	MSK0033	1010	10	1010	1	0	0	1	0	1	0	0	0	0	0	0	?	0	0	0	0	0	0
figshare-osce	MSK0033	grade	seven	<none>	0	0	0	0	0	1	1	1	1	1	0	1	1	0	1	0	0	1	?
figshare-osce	MSK0033	7		7	1	0	0	1	0	1	0	0	0	0	0	0	0	?	0	1	1	0	1
figshare-osce	MSK0034	8	eight	8	1	0	0	1	0	1	?	?	0	0	0	0	0	0	0	1	1	0	1
figshare-osce	MSK0034	7 year old sister ok	seven-year-old sister okay all right	7	1	0	0	1	0	5	0	0	0	0	0	0	0	0	0	0	1	0	0
figshare-osce	MSK0034	uhm im about 48 ok ok alright	about four eight okay okay all right	48	1	0	0	1	0	7	0	0	0	0	0	0	?	0	0	0	0	0	0
figshare-osce	MSK0035	1	one	1	1	0	0	1	0	1	0	0	?	0	0	0	0	0	0	0	0	0	0
figshare-osce	MSK0035	10	ten	10	1	0	0	1	0	1	0	0	1	0	0	1	0	0	1	0	0	1	0
figshare-osce	MSK0035	10	ten	10	1	0	0	1	0	1	0	0	1	0	0	1	1	0	1	0	0	1	0
figshare-osce	MSK0035	2	two	2	1	0	0	1	0	1	?	?	0	0	0	0	0	0	0	0	1	0	1
figshare-osce	MSK0036	2	two	2	1	0	0	1	0	1	0	0	0	0	0	0	0	0	0	0	1	0	1
figshare-osce	MSK0036	1st 2	first two	1st 2	1	0	0	2	0	2	0	0	0	0	0	0	0	0	0	0	1	0	0
figshare-osce	MSK0036	1	one	1	1	0	0	1	0	1	0	0	0	0	0	0	0	0	0	0	1	0	0
figshare-osce	MSK0036	10 10	ten ten	10 10	1	0	0	2	0	2	0	0	0	0	0	1	0	0	1	0	0	0	0
figshare-osce	MSK0036	a	five	<none>	0	0	0	0	0	1	0	0	?	0	1	1	1	1	0	1	0	1	?
figshare-osce	MSK0036	5		5	1	0	0	1	0	1	0	0	?	?	?	0	0	0	?	1	?	0	1
figshare-osce	MSK0036	one	1	one	0	1	0	0	1	1	1	1	?	1	0	0	1	0	0	0	0	1	0
figshare-osce	MSK0036	tenel	10l	<none>	0	0	0	0	0	1	1	1	1	1	1	?	?	1	1	1	1	1	1
figshare-osce	MSK0037	4th	fourth	4th	1	0	0	1	0	1	0	0	0	0	0	0	0	0	0	0	0	0	0
figshare-osce	MSK0037	5th	fifth	5th	1	0	0	1	0	1	0	0	0	0	0	0	0	0	0	0	0	0	0
figshare-osce	MSK0037	4th	fourth	4th	1	0	0	1	0	1	0	0	?	0	0	0	0	0	0	0	0	0	0
figshare-osce	MSK0037	5th	fifth	5th	1	0	0	1	0	1	0	0	?	0	0	0	0	0	0	0	1	0	0
figshare-osce	MSK0037	3 ok	three okay	3	1	0	0	1	0	2	0	0	?	0	0	0	0	0	0	0	0	0	1
figshare-osce	MSK0038	1	one	1	1	0	0	1	0	1	?	?	?	0	0	0	0	0	0	0	0	0	0
figshare-osce	MSK0038	10 10	ten tending	10 10	1	0	0	2	0	2	?	?	?	0	0	0	0	0	0	0	0	0	0
figshare-osce	MSK0039	1	one	1	1	0	0	1	0	1	0	0	0	0	0	0	0	0	?	?	0	0	0
figshare-osce	MSK0039	10 10	ten ten	10 10	1	0	0	2	0	2	1	1	0	0	0	0	?	0	?	?	0	0	0
figshare-osce	MSK0039	at	ten	<none>	0	0	0	0	0	1	1	1	0	1	1	?	?	1	?	1	?	1	1
figshare-osce	MSK0039	10		10	1	0	0	1	0	1	?	1	?	0	0	1	?	0	?	?	0	1	1
figshare-osce	MSK0039	in her fifties ok late fifties	yeah 50s okay in her 50s	<none>	0	0	0	0	0	6	?	?	0	0	1	0	1	0	0	0	0	1	0
figshare-osce	MSK0039	sixties ok ok	60s okay okay	<none>	0	0	0	0	0	3	?	?	0	1	1	0	0	0	0	1	0	1	0
figshare-osce	MSK0039	the surgery your fracture will probably take about four to six months to heal completely uh so in that period um		four six	0	1	0	0	2	21	1	1	0	0	0	1	1	1	1	1	1	1	0
figshare-osce	MSK0040	one	1	one	0	1	0	0	1	1	0	0	0	1	1	0	0	0	0	0	0	0	0
figshare-osce	MSK0040	7	seven	7	1	0	0	1	0	1	?	?	0	0	0	0	0	0	0	0	0	0	0
figshare-osce	MSK0040	8 ok	eight okay	8	1	0	0	1	0	2	?	?	?	0	0	0	0	0	0	0	0	0	0
figshare-osce	MSK0040	4	four	4	1	0	0	1	0	1	1	1	0	0	0	0	0	0	0	0	1	0	1
figshare-osce	MSK0040	5th	fifth	5th	1	0	0	1	0	1	0	0	0	0	0	0	0	0	0	0	1	0	0
figshare-osce	MSK0041	10	ten	10	1	0	0	1	0	1	?	?	0	0	0	?	?	0	0	0	0	0	1
figshare-osce	MSK0041	8 ok	eight okay	8	1	0	0	1	0	2	?	?	0	0	0	0	0	0	0	?	1	0	1
figshare-osce	MSK0041	2	two	2	1	0	0	1	0	1	?	?	0	0	0	0	0	0	0	0	0	0	1
figshare-osce	MSK0041	2nd 5th	to fifth	2nd 5th	1	0	0	2	0	2	0	0	0	0	0	0	0	0	0	0	1	0	0
figshare-osce	MSK0042	a couple	two um	<none>	0	0	0	0	0	2	1	1	?	1	1	0	0	0	0	0	1	0	1
figshare-osce	MSK0042	2	two	2	1	0	0	1	0	1	0	0	?	0	?	0	0	0	0	0	0	0	0
figshare-osce	MSK0042	3 centimetres its	three centimeters it's	3	1	0	0	1	0	3	0	0	0	0	0	0	0	0	0	0	0	0	0
figshare-osce	MSK0043	uh	one	<none>	0	0	0	0	0	1	0	0	?	?	0	0	0	?	0	0	?	0	?
figshare-osce	MSK0043	1		1	1	0	0	1	0	1	?	?	1	?	0	?	0	0	?	0	0	?	0
figshare-osce	MSK0043	10	ten	10	1	0	0	1	0	1	1	1	?	0	0	1	?	0	1	0	0	1	0
figshare-osce	MSK0043	0	zero	0	1	0	0	1	0	1	0	0	1	0	0	0	0	0	0	0	0	0	0
figshare-osce	MSK0043	10 with 10	ten but ten	10 10	1	0	0	2	0	3	1	1	0	0	0	0	0	0	1	0	1	1	0
figshare-osce	MSK0043	9	nine	9	1	0	0	1	0	1	0	0	0	0	0	0	0	1	0	0	0	0	1
figshare-osce	MSK0043	9	nine	9	1	0	0	1	0	1	0	0	0	0	0	0	0	1	0	1	0	0	1
figshare-osce	MSK0044	2	two	2	1	0	0	1	0	1	0	0	0	0	?	0	0	0	0	0	0	0	1
figshare-osce	MSK0044	0	zero	0	1	0	0	1	0	1	0	0	?	0	0	0	0	0	0	0	0	0	0
figshare-osce	MSK0044	10 10	ten to	10 10	1	0	0	2	0	2	1	1	1	0	?	1	0	0	0	0	0	0	0
figshare-osce	MSK0044	10 it	ten there's	10	1	0	0	1	0	2	0	0	1	0	0	0	0	1	1	0	1	1	1
figshare-osce	MSK0045	zero	0	zero	0	1	0	0	1	1	0	0	0	0	?	?	1	0	0	0	1	1	0
figshare-osce	MSK0045	seven ok	7 okay	seven	0	1	0	0	1	2	?	?	1	1	1	?	1	0	1	1	0	1	0
figshare-osce	MSK0045	some	one	<none>	0	0	0	0	0	1	?	?	1	0	0	1	1	1	1	1	1	1	1
figshare-osce	MSK0045	6	six	6	1	0	0	1	0	1	0	0	0	0	0	0	0	0	0	0	0	0	0
figshare-osce	MSK0045	12	twelve	12	1	0	0	1	0	1	1	1	1	0	0	1	1	1	1	0	0	0	0
figshare-osce	MSK0045	x rays from before we if we need to we can also get an ultrasound if um we dont uh we cant really tell from the x rays and then from there um we can get some blood work as well um just your normal blood work as well as inflammation markers and then um from there well need to uh really um discuss some management strategies so youve already tried some physiotherapy but now we need to make sure thats uh its its consistent because this is something that has a high recurrence rate and we will definitely need to finish the full course of physiotherapy whatever it may be um because if physiotherapy doesnt work we may have to consider like other options like um corticosteroid injections right into your shoulder ok for some relief but yeah so first well just try some conservative methods like physiotherapy pain management uh and then go from there how does that sound that sounds pretty good thank you welcome alright so well call you for the xrays and then well go from there ok sounds good		first	0	1	0	0	1	185	1	1	1	1	1	1	1	1	1	1	1	1	1
figshare-osce	MSK0046	10 10 being	ten to mean	10 10	1	0	0	2	0	3	0	0	1	0	?	1	0	1	0	1	0	0	1
figshare-osce	MSK0046	6 ok	six okay	6	1	0	0	1	0	2	0	0	0	0	0	0	0	1	0	0	0	0	1
figshare-osce	MSK0046	effect as well um but at first yeah lets just do some conservative management and see if that helps its only been a few days so hopefully um what we try first helps and then we can go on from there ok yeah that sounds great thank you welcome take care you too		first first	0	1	0	0	2	53	0	0	1	0	1	1	1	1	1	1	1	1	1
figshare-osce	MSK0049	1	one	1	1	0	0	1	0	1	0	0	0	0	0	0	0	1	0	0	0	0	1
figshare-osce	MSK0049	uh 7	seven okay	7	1	0	0	1	0	2	0	0	0	0	0	0	0	0	0	0	1	0	1
figshare-osce	MSK0049	20	twenty	20	1	0	0	1	0	1	?	?	1	0	0	1	1	1	1	0	1	1	1
figshare-osce	MSK0049	7	seven	7	1	0	0	1	0	1	?	?	0	0	0	0	0	0	0	0	1	0	1
figshare-osce	RES0001	8	eight	8	1	0	0	1	0	1	?	?	0	0	0	0	0	0	0	0	1	0	1
figshare-osce	RES0001	uh around	15 20	<none>	0	0	0	0	0	2	1	1	0	0	0	0	0	0	0	0	1	0	0
figshare-osce	RES0001	1520		1520	1	0	0	1	0	1	0	0	0	0	0	?	0	0	0	0	1	0	0
figshare-osce	RES0001	1	one	1	1	0	0	1	0	1	?	?	0	0	0	0	0	0	0	0	0	0	0
figshare-osce	RES0001	10 10	ten ten	10 10	1	0	0	2	0	2	1	1	0	0	0	1	0	0	1	1	0	0	0
figshare-osce	RES0001	7	seven	7	1	0	0	1	0	1	?	?	0	0	0	0	0	0	0	1	0	0	1
figshare-osce	RES0001	8 ok	eight okay	8	1	0	0	1	0	2	?	?	?	0	0	0	0	0	0	1	1	0	1
figshare-osce	RES0001	100	hundred	100	1	0	0	1	0	1	?	?	?	0	0	1	1	0	0	1	1	1	1
figshare-osce	RES0002	my son hes 2 1 2	son he's two and a half	2 1 2	1	0	0	3	0	6	0	0	0	0	0	0	0	0	0	0	1	0	0
figshare-osce	RES0002	2 litres	two liters	2	1	0	0	1	0	2	1	1	0	0	0	0	0	0	0	0	1	0	1
figshare-osce	RES0003	3	three	3	1	0	0	1	0	1	?	?	?	0	0	0	0	0	0	0	1	0	1
figshare-osce	RES0003	23	three	23	1	0	0	1	0	1	?	?	0	0	0	0	0	0	0	0	0	0	0
figshare-osce	RES0003	3	three	3	1	0	0	1	0	1	?	?	0	0	0	0	0	0	0	0	0	0	1
figshare-osce	RES0003	394 ok	4 okay	394	1	0	0	1	0	2	?	?	?	0	0	0	1	0	0	0	0	0	0
figshare-osce	RES0003	um shes 2	she's two she's	2	1	0	0	1	0	3	?	?	0	0	0	0	0	0	0	0	1	0	1
figshare-osce	RES0003	3	three	3	1	0	0	1	0	1	1	1	?	0	?	0	0	0	0	0	1	0	1
figshare-osce	RES0004	1	one	1	1	0	0	1	0	1	0	0	?	0	0	0	0	0	0	0	1	0	0
figshare-osce	RES0004	10 10	ten ten	10 10	1	0	0	2	0	2	1	1	1	0	0	0	0	0	1	1	0	0	0
figshare-osce	RES0004	387	7	387	1	0	0	1	0	1	0	0	0	0	0	0	1	0	0	0	0	0	0
figshare-osce	RES0005	1	one	1	1	0	0	1	0	1	0	0	0	0	0	0	0	0	0	0	1	0	1
figshare-osce	RES0005	12 months	month i've	12	1	0	0	1	0	2	0	0	0	0	0	0	0	0	0	0	0	0	0
figshare-osce	RES0005	8	eight	8	1	0	0	1	0	1	0	0	?	0	0	0	0	0	0	0	0	0	0
figshare-osce	RES0005	10	ten	10	1	0	0	1	0	1	1	1	?	0	0	?	?	1	1	0	0	1	0
figshare-osce	RES0005	3	three	3	1	0	0	1	0	1	0	0	0	0	0	0	0	0	0	0	1	0	1
figshare-osce	RES0005	two		two	0	1	0	0	1	1	0	0	0	0	0	0	0	0	?	0	0	0	?
figshare-osce	RES0006	5	five	5	1	0	0	1	0	1	0	0	?	0	0	0	0	0	0	0	0	0	0
figshare-osce	RES0006	10	ten	10	1	0	0	1	0	1	1	1	0	0	0	?	?	0	0	0	0	0	0
figshare-osce	RES0006	10	ten	10	1	0	0	1	0	1	0	0	0	0	0	0	?	0	0	?	1	0	1
figshare-osce	RES0007	1	i'm	1	1	0	0	1	0	1	0	?	0	0	0	0	0	0	0	0	0	0	0
figshare-osce	RES0007	1	one	1	1	0	0	1	0	1	0	0	0	0	0	0	0	0	0	0	0	0	0
figshare-osce	RES0007	2	two	2	1	0	0	1	0	1	0	0	?	0	0	0	0	0	0	0	0	0	0
figshare-osce	RES0008	3	three	3	1	0	0	1	0	1	?	?	?	0	0	0	0	0	0	0	0	0	1
figshare-osce	RES0008	386	6	386	1	0	0	1	0	1	?	?	0	0	0	0	0	0	0	0	0	0	0
figshare-osce	RES0008	sglt	sglt2	<none>	0	0	0	0	0	1	?	?	0	0	1	0	0	0	0	0	0	0	0
figshare-osce	RES0008	2		2	1	0	0	1	0	1	?	?	?	0	0	?	?	?	?	?	1	0	?
figshare-osce	RES0008	sg	sglt2	<none>	0	0	0	0	0	1	?	0	0	0	1	0	0	1	1	0	0	0	0
figshare-osce	RES0008	lt2		lt2	1	0	0	1	0	1	?	?	?	0	?	?	?	0	0	?	0	?	?
figshare-osce	RES0009	5	five	5	1	0	0	1	0	1	?	?	0	0	?	0	0	0	0	0	0	0	1
figshare-osce	RES0009	5	five	5	1	0	0	1	0	1	?	?	?	0	0	0	0	0	0	?	1	0	1
figshare-osce	RES0009	two 5	to five	5 two	1	1	1	1	1	2	?	?	?	0	0	0	0	0	0	0	0	0	0
figshare-osce	RES0009	2		2	1	0	0	1	0	1	?	?	?	?	?	?	?	0	?	?	0	0	1
figshare-osce	RES0009	5	five	5	1	0	0	1	0	1	?	?	?	0	0	0	0	0	0	0	1	0	1
figshare-osce	RES0009	have a pulmonary embolism and so were going to do some lab work and imaging to investigate that ok i yeah is that scary is that bad it can vary from being mild to severe and so thats what we want to get some of the imaging and lab work to see well to first confirm if thats what you actually have and if so offer the right treatment ok thanks doctor welcome will get that started		first	0	1	0	0	1	77	1	1	0	1	1	1	1	1	1	1	1	1	1
figshare-osce	RES0010	2	two	2	1	0	0	1	0	1	?	?	?	0	0	0	0	0	?	0	1	0	1
figshare-osce	RES0011	4	four	4	1	0	0	1	0	1	0	0	?	0	0	0	0	0	0	0	1	0	1
figshare-osce	RES0011	12 a	a half	12	1	0	0	1	0	2	?	?	0	0	0	0	0	0	0	0	0	0	0
figshare-osce	RES0012	2	two	2	1	0	0	1	0	1	?	?	0	0	0	0	0	0	0	0	1	0	1
figshare-osce	RES0012	2	two	2	1	0	0	1	0	1	?	?	?	0	0	0	0	0	0	0	1	0	1
figshare-osce	RES0012	like	two	<none>	0	0	0	0	0	1	1	1	1	1	1	1	1	1	1	1	0	1	0
figshare-osce	RES0012	2		2	1	0	0	1	0	1	0	0	0	0	0	0	0	0	0	0	1	0	1
figshare-osce	RES0012	1	one	1	1	0	0	1	0	1	?	?	0	0	0	0	0	1	1	1	1	0	1
figshare-osce	RES0012	5	five	5	1	0	0	1	0	1	?	?	0	0	0	0	0	0	0	0	0	0	0
figshare-osce	RES0012	10	ten	10	1	0	0	1	0	1	?	?	0	0	0	0	0	1	1	0	0	0	0
figshare-osce	RES0012	um so yeah so for right now well start we can start by doing some blood work first i do a physical exam of course and then from there we would kind of do some blood work to see if your white blood cell count is high and then we can do a chest xray to see if there is like a consolidation if theres pneumonia or you know or or anything viral um do you have any questionsanything that you wanted to add that i missed i dont think i dont think so um yeah i just hope i can get feeling better hope its not anything serious like i i think yeah i just hope its like i hope like you said its like i got like an infection or something and it will just be gone soon yeah yeah it does sound like it from the timeline like you started coughing two days ago and then the difficulty breathing or shortness of breath also two days ago and then the chest pain just seems like its from you coughing a lot it can do that yeah ok yeah yeah ok so i guess we will see you at our follow up and after all of these investigations are done		first two two	0	1	0	0	3	212	1	1	1	1	1	1	1	1	1	1	1	1	1
figshare-osce	RES0013	1	one	1	1	0	0	1	0	1	0	0	0	?	0	0	0	0	0	0	0	0	0
figshare-osce	RES0013	10	ten	10	1	0	0	1	0	1	1	1	0	0	0	1	?	1	0	0	0	1	0
figshare-osce	RES0013	and then other things could be like copbecause you which is a chronic obstructive pulmonary disease because you have been smoking since college and thats basically just inflammation in your lungs that causes your airways to narrow and so you may have a hard time breathing so for all of these things we first start by doing some blood work and then well do some imaging like a chest xray and a pulmonary function test if indicated and so that will give us a better idea of what you have and how we can best help you sounds good yeah yeah i just really want to get a good breath so yeah whatever we can do yeah for sure and then in the meantime well keep monitoring you to make sure your vitals are ok and if we need to give you oxygen we will thatd be great ok thank you		first	0	1	0	0	1	151	1	1	1	1	1	1	1	1	1	1	1	1	1
figshare-osce	RES0014	10 10	ten ten	10 10	1	0	0	2	0	2	0	0	0	0	0	0	0	0	0	0	0	0	0
figshare-osce	RES0014	8	eight	8	1	0	0	1	0	1	?	?	?	0	0	?	0	0	0	1	0	0	0
figshare-osce	RES0014	3	three	3	1	0	0	1	0	1	?	?	0	0	0	0	0	0	0	0	0	0	1
figshare-osce	RES0014	uh not really just maybe like the normal amount like if im running around too much i feel shortness of breath but i think it just got worse over the last few months ok and then have you ever had any imaging done in the past like a chest xray or investigations like a pulmonary function test no i dont recall having any of that done ok alright well those are all the questions i had for you if you didnt have anything else to add i guess we will conclude by saying that what you have we have a differential diagnosis for this um it sounds like what you have is asthma since your symptoms started three months ago when you moved into a flat with your friends and it seems like this smoking and cold is triggering that and so well work you up with a pulmonary function test to start and well see if bronchodilators will help with your symptoms and if it doesnt well also rule out other things like pneumonia or like allergic rhinitis how does that sound yeah that sounds good ok sounds great well well see you soon then alright thank you take care you too		three	0	1	0	0	1	203	1	1	1	1	1	1	1	1	1	1	1	1	0
figshare-osce	RES0015	10 10 being	ten can be	10 10	1	0	0	2	0	3	1	?	0	0	0	0	0	1	0	0	0	0	1
figshare-osce	RES0015	8	eight	8	1	0	0	1	0	1	?	?	0	0	?	0	0	1	0	0	0	0	1
figshare-osce	RES0015	5	five	5	1	0	0	1	0	1	?	?	0	0	0	0	0	0	0	0	0	0	1
figshare-osce	RES0015	10	ten	10	1	0	0	1	0	1	?	?	1	0	0	1	1	1	0	1	0	0	1
figshare-osce	RES0015	so yeah this is just like my first time visiting a doctor in this country and like i was just very scared that it might be something serious so just wanted to know what it can be yeah for sure so the first thing we want to rule out is tb because you have recently moved to canada from a country where it is i believe it is endemic so and some of your most of your symptoms fit with tb and how it presents so we just want to make sure its not that because it is highly infectious and and we dont want it to spread so we can do like a afb smear or i think they have other diagnostic work up for that too so well do that first if not we can check to see if its like another another typical pneumonia we can do a chest x ray for that as well if both of those turn out to be negatives then well have to work you up further for other things like copor lung cancer how does that sound that sounds good thank you		first first first	0	1	0	0	3	191	1	1	1	1	1	1	1	1	1	1	1	1	1
figshare-osce	RES0016	1	one	1	1	0	0	1	0	1	?	?	0	0	0	0	0	0	0	0	0	0	0
figshare-osce	RES0016	10	ten	10	1	0	0	1	0	1	?	0	0	0	0	1	0	0	0	0	0	0	0
figshare-osce	RES0016	10		10	1	0	0	1	0	1	?	0	?	0	0	?	0	0	0	0	?	0	0
figshare-osce	RES0016	3	three	3	1	0	0	1	0	1	0	0	0	0	0	?	?	0	0	0	0	0	1
figshare-osce	RES0016	2	two	2	1	0	0	1	0	1	0	0	?	0	0	0	0	0	0	0	1	0	1
figshare-osce	RES0016	ok well those were all the questions that i had did you have anything that you wanted to add that i maybe missed uh no i just its been going on for two years and i feel like its getting worse and worse and yeah im just scared of having to you know go on oxygen or like just not being able to breathe at one point yeah for sure so we will try to do a good job working you up for everything that we think it may be and right now it sounds like it could be pulmonary fibrosis either like you know an autoimmune process or triggered after like an infection that you may have had in the past we will definitely also look into see if its perhaps a lung cancer asthma and you mentioned you dont smoke so we dont think it could be copbut well also test for that in case all everything else comes back negative ok sounds good thank you so much thank you take care you too		two one	0	1	0	0	2	176	1	1	0	1	1	1	1	1	1	1	1	1	1
figshare-osce	RES0017	1520	15-20	1520	1	0	0	1	0	1	0	0	0	0	0	0	0	0	0	0	1	0	0
figshare-osce	RES0017	5	five	5	1	0	0	1	0	1	0	0	?	0	0	?	0	0	0	0	0	0	0
figshare-osce	RES0017	10	ten	10	1	0	0	1	0	1	0	0	0	0	?	1	0	0	0	0	0	1	0
figshare-osce	RES0018	2	two	2	1	0	0	1	0	1	0	0	0	0	0	0	0	0	0	0	1	0	1
figshare-osce	RES0018	3		3	1	0	0	1	0	1	0	0	?	0	0	0	0	?	?	0	0	0	1
figshare-osce	RES0018	covid19	covid-19	covid19	1	0	0	1	0	1	0	0	0	0	0	0	0	0	0	0	0	0	0
figshare-osce	RES0019	3	three	3	1	0	0	1	0	1	0	0	0	0	0	0	0	0	0	0	1	0	1
figshare-osce	RES0019	past three days	path reaches okay	three	0	1	0	0	1	3	1	1	1	1	1	1	1	1	1	1	1	1	0
figshare-osce	RES0019	a	six	<none>	0	0	0	0	0	1	?	?	?	0	1	0	0	0	0	0	0	0	0
figshare-osce	RES0019	6		6	1	0	0	1	0	1	?	?	?	?	0	0	0	0	0	0	0	0	1
figshare-osce	RES0019	one	one's	one	0	1	0	0	1	1	?	?	?	1	0	0	1	0	0	0	0	0	0
figshare-osce	RES0019	no one i		one	0	1	0	0	1	3	?	?	?	1	1	1	1	1	1	1	1	1	?
figshare-osce	RES0019	388	8	388	1	0	0	1	0	1	0	0	0	0	0	0	1	0	0	0	0	0	0
figshare-osce	RES0019	covid19	covid-19	covid19	1	0	0	1	0	1	0	0	?	0	0	0	0	0	0	0	0	0	0
figshare-osce	RES0019	blood cell count but um for now we will get those tests ordered did you have any questions ok yeah that sounds great do you think i could also have you know meningitis or something cause i was reading online on google and thats the first thing that came up oh yeah youre youre absolutely right so um sorry i we will go ahead and investigate that as well and we might need to do a lumbar puncture or some blood work to look for signs of infection that might be needed to be treated with antibiotics ok alright that sounds good thank you		first	0	1	0	0	1	104	1	1	1	1	1	1	1	1	1	1	1	1	1
figshare-osce	RES0020	2	two	2	1	0	0	1	0	1	?	?	0	0	0	1	0	1	0	1	1	0	1
figshare-osce	RES0020	2 ok	yes okay	2	1	0	0	1	0	2	?	?	0	0	0	0	0	0	1	1	1	0	1
figshare-osce	RES0020	3	three	3	1	0	0	1	0	1	?	?	0	0	0	?	?	0	0	?	0	0	0
figshare-osce	RES0020	covid19	covid-19	covid19	1	0	0	1	0	1	0	0	0	0	0	0	0	0	0	0	0	0	0
figshare-osce	RES0020	14	14-day	14	1	0	0	1	0	1	0	0	0	0	0	1	1	1	0	0	1	0	0
figshare-osce	RES0021	383	three	383	1	0	0	1	0	1	0	0	?	0	0	0	1	0	0	0	0	0	0
figshare-osce	RES0021	10	ten	10	1	0	0	1	0	1	1	1	0	0	0	?	?	1	1	0	1	0	1
figshare-osce	RES0021	covid19	covid-19	covid19	1	0	0	1	0	1	0	0	?	0	0	0	1	0	0	0	0	0	0
figshare-osce	RES0021	for	covid-19	<none>	0	0	0	0	0	1	1	1	0	1	1	1	1	0	0	1	1	1	0
figshare-osce	RES0021	covid19		covid19	1	0	0	1	0	1	0	0	?	0	0	0	0	?	?	0	0	0	?
figshare-osce	RES0022	covid19	covid	covid19	1	0	0	1	0	1	0	0	0	0	0	0	0	0	0	0	0	0	0
figshare-osce	RES0022	pne	one	<none>	0	0	0	0	0	1	0	0	0	0	0	0	0	0	0	0	0	0	0
figshare-osce	RES0022	or you could have a bacterial infection thats not covid really related at all or this could be an exacerbation of your copand maybe we need we need to just titrate your inhaler so well need to just run some lab work and do the pcr nasal swab as part of the work up an we will see what some of those investigations show oh geez ok ok its all in the meantime youll need to quarantine for 14 days and if the results are positive well after note notified public health so that the appropriate contact tracing can be made but well get the investigation started now ok thanks doc alright youre welcome		14	1	0	0	1	0	114	1	1	1	0	0	1	1	1	1	0	1	0	1
figshare-osce	RES0023	5 days	okay five	5	1	0	0	1	0	2	?	?	0	0	0	0	0	0	0	0	1	0	1
figshare-osce	RES0023	ok 5		5	1	0	0	1	0	2	?	?	0	?	0	?	?	?	?	?	0	?	1
figshare-osce	RES0023	5	five	5	1	0	0	1	0	1	?	?	?	0	0	0	0	0	0	0	0	0	1
figshare-osce	RES0023	5	five	5	1	0	0	1	0	1	?	?	0	0	0	0	0	0	0	0	0	0	0
figshare-osce	RES0023	10	ten	10	1	0	0	1	0	1	?	?	0	0	0	?	?	1	1	0	0	1	0
figshare-osce	RES0023	3	three	3	1	0	0	1	0	1	?	?	?	0	0	0	0	0	0	0	0	0	0
figshare-osce	RES0023	4	four	4	1	0	0	1	0	1	?	?	0	0	0	0	0	0	0	0	0	0	0
figshare-osce	RES0023	not do you use cannabis or any other substances no i dont use anything like that ok ok well i think that just about covers the things that i wanted to ask you today so based on the symptoms youre experiencing it sounds like it could be some kind of infective process like maybe some kind of viral infection that were concerned about particularly this year id really like to get a swab done on you its not necessarily covid but it potentially could be so what were going to have to ask you to do is to self isolate you and your family for 14 days and hopefully will get the results back shortly and youll know whether your covitest is positive or not ok does that sound like a good plan to you yeah that sounds good ok well thanks for chatting with me we will get that swab done right away thank you		14	1	0	0	1	0	156	0	0	0	0	0	0	0	0	0	0	0	0	0
figshare-osce	RES0024	ok do you know breast cancer ovarian cancer no ok so that that was all i wanted to ask about on uh the history today was there anything else that i maybe forgot to ask about mmm i dont know thats it ok so uh yeah with uh the symptoms of losing your smell over the last day or so we will certainly look into whether or not this is caused by coviand so that will require a nasal swab test for that usually the results are coming back now within 48 hours hopefully but still will be required to self isolate now for the next 14 days after your symptoms are gone so we will let you know when the results come back from this test though ok ok geez ok thank you alright youre welcome		48 14	1	0	0	2	0	137	1	1	0	0	0	1	1	1	1	0	1	0	1
figshare-osce	RES0025	2	two	2	1	0	0	1	0	1	?	0	?	0	0	0	0	0	0	0	1	0	1
figshare-osce	RES0025	one	one's	one	0	1	0	0	1	1	?	?	1	1	0	0	0	1	0	1	1	0	1
figshare-osce	RES0025	covid19	covid-19	covid19	1	0	0	1	0	1	0	0	?	0	0	0	0	0	0	0	0	0	0
figshare-osce	RES0028	zero	0	zero	0	1	0	0	1	1	0	0	0	1	0	1	1	0	1	0	0	1	0
figshare-osce	RES0028	zero	0	zero	0	1	0	0	1	1	0	0	0	1	0	?	1	0	1	0	0	1	0
figshare-osce	RES0028	six ok	6 okay	six	0	1	0	0	1	2	0	0	1	1	1	1	1	0	1	1	1	1	0
figshare-osce	RES0028	50s	fifties	50s	1	0	0	1	0	1	1	1	0	0	0	1	1	1	1	1	1	0	1
figshare-osce	RES0028	house apartment yeah i live in an apartment by myself ok and do you currently work yeah im in charge of um a retail store as a manager there ok and do drink sometimes on weekends or if im socializing with friends but not very often ok and do you use any recreational drugs like marijuana never ok and do you smoke yes i smoke about 2 packs of cigarettes per day and ive been smoking since i was 12 ok alright and in terms of your daily routine like do you get any exercise uh not really lifes a bit too busy and hectic right now right now unfortunately ok and how about your diet like what is your regular diet look like a lot of fast food i know i could work on that but again with the busy lifestyle we tend to eat a lot of fried foods and fatty foods i know i could do better ok great thank you		2 12	1	0	0	2	0	164	1	1	1	1	0	1	1	1	1	1	1	1	1
figshare-osce	RES0029	2	two	2	1	0	0	1	0	1	0	0	0	0	0	0	0	0	0	0	1	0	1
figshare-osce	RES0029	3	three	3	1	0	0	1	0	1	0	0	?	0	0	0	0	0	0	0	1	0	1
figshare-osce	RES0029	so im doing fairly well ok and do you smoke i smoke around like id say 2 and a half to 3 packs per day i know its yeah i have tried quitting before but i would say ive been smoking since i was 18 ok and do you smoke marijuana no no no marijuana no other drugs ok and do you drink alcohol yeah its just like sometimes on the weekend ill just have a beer or two while watching the game but not nothing regular ok thank you		2 3 18 half two	1	1	1	3	2	90	0	0	0	0	0	0	0	0	0	0	0	0	0
figshare-osce	RES0030	5	five	5	1	0	0	1	0	1	0	0	?	0	0	0	0	0	0	0	1	0	1
figshare-osce	RES0030	78	eight	78	1	0	0	1	0	1	1	0	1	0	0	1	0	1	1	0	1	1	1
figshare-osce	RES0030	5	five	5	1	0	0	1	0	1	?	?	0	0	0	0	0	0	0	0	0	0	0
figshare-osce	RES0030	6	six	6	1	0	0	1	0	1	0	0	?	0	0	0	0	0	0	0	0	0	0
figshare-osce	RES0030	40	forty	40	1	0	0	1	0	1	1	1	0	0	0	0	0	0	0	0	0	0	1
figshare-osce	RES0031	150	fifteen	150	1	0	0	1	0	1	1	1	1	0	?	1	0	1	1	0	0	0	1
figshare-osce	RES0031	2	two	2	1	0	0	1	0	1	0	0	?	0	0	0	0	0	0	0	1	0	1
figshare-osce	RES0031	2	two	2	1	0	0	1	0	1	0	0	?	0	0	1	0	1	1	1	1	0	1
figshare-osce	RES0032	4th	fourth	4th	1	0	0	1	0	1	0	0	0	0	0	0	0	0	0	0	1	1	1
figshare-osce	RES0032	and any surgeries in the past no surgeries and have you been in contact with anyone who is ill i know you mentioned in the philippines you were exposed to some people with tb but anything since then not that i can think everybodys been healthy ok and and in your family has there been any history of any cancers or heart attacks any any medical conditions no heart attacks but uh my father died of lung cancer when he was 67 and currently do you live in an apartment building is there anyone you live with yeah i live with my girlfriend in an apartment ok and do you work currently yeah ive been doing some housing work in the philippines the last seven several years ok and do you currently drink uh no i dont drink alcohol any recreational drugs like marijuana no uh any and you smoke cigarettes at all yes i i do smoke cigarettes i ive smoked most of my life similar to my my father probably 1 to 2 packs per day		67 1 2 seven	1	1	1	3	1	178	0	0	0	0	0	0	0	0	0	0	0	0	0
figshare-osce	RES0033	alcohol uh not often like just when im at like parties and like when i was at school just maybe sometimes on the weekends but nothing regularly ok um and have you tried any other drugs besides marijuana um just just marijuana i i try sometimes at parties but nothing like regular uh other than that like just sometimes ive been offered like some pills at parties but other than that nothing else so it sounds occasional ok nothing like it im not addicted or anything to any drugs ok do you smoke cigarettes i dont smoke cigarettes but i do have marijuana once or twice in a week ok and and uh can you tell me a little bit about your diet and exercise i feel like im fairly active even though like i cough when im exercising i still play soccer with my friends and on a team other than that i like to go biking um yeah i feel like im still pretty active but it is getting more difficult with my cough other than that my diet has been pretty pretty good like at home especially im getting three meals a day and having a balanced diet so yeah i feel im doing well there ok great		three	0	1	0	0	1	211	0	0	0	1	0	0	0	0	0	1	1	1	0
figshare-osce	RES0034	45	five	45	1	0	0	1	0	1	0	0	0	0	0	0	0	1	0	0	0	0	0
figshare-osce	RES0034	5 ok	five okay	5	1	0	0	1	0	2	0	0	0	0	0	0	0	0	0	0	0	0	1
figshare-osce	RES0035	about	eight	<none>	0	0	0	0	0	1	0	0	0	1	0	0	0	0	0	1	?	1	?
figshare-osce	RES0035	8		8	1	0	0	1	0	1	?	0	?	0	?	?	?	?	?	0	1	0	1
figshare-osce	RES0035	8	eight	8	1	0	0	1	0	1	0	?	0	0	0	0	0	0	0	0	1	0	1
figshare-osce	RES0035	200	hundred	200	1	0	0	1	0	1	?	?	?	0	0	1	1	1	1	0	0	1	1
figshare-osce	RES0035	2	two	2	1	0	0	1	0	1	?	?	0	0	0	0	0	0	0	?	0	0	1
figshare-osce	RES0035	3	three	3	1	0	0	1	0	1	0	0	0	0	0	0	0	0	0	0	0	0	1
figshare-osce	RES0036	1	one	1	1	0	0	1	0	1	0	0	0	0	0	0	0	0	0	1	0	0	1
figshare-osce	RES0036	10	ten	10	1	0	0	1	0	1	1	1	?	0	?	1	0	1	0	1	1	1	1
figshare-osce	RES0036	a 7	seven okay	7	1	0	0	1	0	2	?	?	0	0	0	0	0	0	0	0	0	0	1
figshare-osce	RES0036	spread to	of two	<none>	0	0	0	0	0	2	0	0	1	0	1	1	1	1	1	1	1	1	1
figshare-osce	RES0036	5	five	5	1	0	0	1	0	1	0	0	0	0	0	?	0	0	0	0	0	0	1
figshare-osce	RES0036	5	five	5	1	0	0	1	0	1	0	0	0	0	0	0	0	0	0	0	1	0	1
figshare-osce	RES0036	3	three	3	1	0	0	1	0	1	0	0	0	0	0	0	0	0	0	0	1	0	1
figshare-osce	RES0039	15	fifteen	15	1	0	0	1	0	1	1	1	0	0	0	1	?	1	1	0	1	1	1
figshare-osce	RES0042	3	three	3	1	0	0	1	0	1	0	0	?	0	0	0	0	0	0	0	1	0	1
figshare-osce	RES0042	temp in	tenth and	<none>	0	0	0	0	0	2	1	1	0	0	0	0	1	0	0	1	0	1	1
figshare-osce	RES0042	9	knowing	9	1	0	0	1	0	1	?	?	?	0	0	?	0	1	0	0	0	0	1
figshare-osce	RES0042	3	three	3	1	0	0	1	0	1	?	?	0	0	0	0	0	0	?	0	0	0	1
figshare-osce	RES0042	3	okay	3	1	0	0	1	0	1	?	0	0	?	0	0	0	0	0	0	?	0	1
figshare-osce	RES0042	temp	tenth	<none>	0	0	0	0	0	1	1	?	1	1	1	1	?	1	1	1	1	1	1
figshare-osce	RES0042	well get you tested for that and well get you a swab and you should have the results of the that swab in about 24 to 48 hours and then you should isolate for 14 days regardless though because your symptoms do overlap with symptoms of coviand and that includes isolating from your your children as well oh ok and yeah and if its not coviit could be another viral illness thats going around at this time of year just so just make sure youre staying hydrated youre eating nutritious foods and getting good sleep if your symptoms do become worse and if they become uhm severe like you have a really high temperature you have trouble breathing or you have any neurological symptoms like seizures or fainting spells please do go to the er and seek help how does that sound ah yeah i guess that sounds good this is how its gotta be right yeah unfortunately or yeah well thank you again no thank you have a good day you too		24 48 14	1	0	0	3	0	173	0	0	1	1	1	1	1	1	1	1	1	1	1
figshare-osce	RES0043	1001	1	1001	1	0	0	1	0	1	0	0	?	0	0	0	?	0	0	0	0	0	0
figshare-osce	RES0043	5		5	1	0	0	1	0	1	0	0	0	0	0	?	?	?	?	0	0	0	1
figshare-osce	RES0043	3		3	1	0	0	1	0	1	0	0	?	0	0	?	?	?	?	0	0	0	1
figshare-osce	RES0044	2	two	2	1	0	0	1	0	1	?	?	?	?	0	0	0	0	0	0	1	0	1
figshare-osce	RES0044	3	three	3	1	0	0	1	0	1	0	0	0	0	0	0	0	0	0	0	0	0	0
figshare-osce	RES0044	4	four	4	1	0	0	1	0	1	0	0	0	0	0	0	0	0	0	0	0	0	0
figshare-osce	RES0045	4	four	4	1	0	0	1	0	1	?	?	0	?	0	0	0	0	0	0	1	0	1
figshare-osce	RES0045	1	one	1	1	0	0	1	0	1	0	0	?	0	0	0	0	0	0	0	1	0	0
figshare-osce	RES0045	10 10	ten ten	10 10	1	0	0	2	0	2	1	1	1	0	0	0	0	1	0	0	0	0	0
figshare-osce	RES0045	uh	six	<none>	0	0	0	0	0	1	0	0	?	0	0	?	0	0	0	1	0	0	0
figshare-osce	RES0045	6		6	1	0	0	1	0	1	0	0	?	?	0	1	?	?	?	0	?	?	1
figshare-osce	RES0045	2	two	2	1	0	0	1	0	1	?	?	0	0	0	0	0	0	0	0	1	0	1
figshare-osce	RES0045	uh	three	<none>	0	0	0	0	0	1	1	1	0	0	1	0	0	1	0	0	0	0	?
figshare-osce	RES0045	3		3	1	0	0	1	0	1	0	?	?	?	0	0	0	0	0	0	?	0	1
figshare-osce	RES0045	24	2020	24	1	0	0	1	0	1	0	0	0	0	0	0	0	0	0	0	0	0	0
figshare-osce	RES0045	to 48 hours uh in the meantime you should isolate for 14 days and that includes from family members when possible and public health will get in touch with you if those results are positive and so they can they can do some contact tracing if its not covid it could be another viral illness thats going around and i guess the best therapy for that is staying hydrated um getting good sleep and eating nutritious foods uh but if your symptoms get worse like youre running a really high fever um youre having neurological symptoms like you know seizures or fainting spells um or if youre having difficulty breathing um you should come back to the er so how does that sound yeah its really informative thank you alright take care thank you		48 14	1	0	0	2	0	134	1	1	0	0	0	1	0	0	0	0	0	0	0
figshare-osce	RES0046	1	one	1	1	0	0	1	0	1	?	?	0	0	0	0	0	0	0	0	0	0	0
figshare-osce	RES0046	10 10	ten ten	10 10	1	0	0	2	0	2	?	?	?	0	0	1	?	0	0	0	0	0	0
figshare-osce	RES0046	7	seven	7	1	0	0	1	0	1	?	?	0	0	0	0	0	1	0	0	0	0	1
figshare-osce	RES0046	1	one	1	1	0	0	1	0	1	?	?	0	0	0	0	0	0	0	0	0	0	0
figshare-osce	RES0046	10 10	ten ten	10 10	1	0	0	2	0	2	0	0	0	0	0	0	0	0	0	0	0	0	0
figshare-osce	RES0046	4 ok	four okay	4	1	0	0	1	0	2	?	?	0	0	0	0	0	1	0	0	1	0	1
figshare-osce	RES0046	10	ten	10	1	0	0	1	0	1	1	1	1	0	0	1	0	1	1	0	1	0	1
figshare-osce	RES0046	uh	ten	<none>	0	0	0	0	0	1	?	?	0	0	0	?	?	?	?	0	?	0	?
figshare-osce	RES0046	10		10	1	0	0	1	0	1	?	?	1	?	0	1	?	1	1	1	1	?	1
figshare-osce	RES0047	three		three	0	1	0	0	1	1	?	?	?	1	1	?	1	1	1	0	?	1	?
figshare-osce	RES0047	1	one	1	1	0	0	1	0	1	0	0	?	0	0	0	0	0	0	0	0	0	0
figshare-osce	RES0047	10 10	ten ten	10 10	1	0	0	2	0	2	1	1	?	0	0	1	?	0	0	0	0	0	0
figshare-osce	RES0047	an 8 its	uh eight it's	8	1	0	0	1	0	3	0	0	0	0	0	0	0	0	1	0	1	0	0
figshare-osce	RES0047	maybe	ten	<none>	0	0	0	0	0	1	?	?	?	1	1	0	1	?	0	0	0	0	?
figshare-osce	RES0047	10		10	1	0	0	1	0	1	1	1	?	0	0	1	0	1	?	1	1	1	1
figshare-osce	RES0047	2	two	2	1	0	0	1	0	1	0	0	0	0	0	0	0	0	?	0	1	0	1
figshare-osce	RES0048	3	three	3	1	0	0	1	0	1	0	0	?	0	0	0	0	0	0	0	1	0	1
figshare-osce	RES0048	10	ten	10	1	0	0	1	0	1	1	1	0	0	0	1	0	1	1	0	1	0	1
figshare-osce	RES0048	1	one	1	1	0	0	1	0	1	0	0	0	0	0	0	0	0	0	0	0	0	0
figshare-osce	RES0048	10 10	ten ten	10 10	1	0	0	2	0	2	1	1	0	0	0	?	?	0	1	0	0	0	0
figshare-osce	RES0048	10	ten	10	1	0	0	1	0	1	1	1	?	?	?	?	?	1	0	1	0	1	1
figshare-osce	RES0048	50 ok ok	fifty okay okay	50	1	0	0	1	0	3	0	0	1	0	0	1	1	1	1	1	1	1	1
figshare-osce	RES0048	60s	sixties	60s	1	0	0	1	0	1	1	1	1	0	0	1	1	1	1	1	1	0	1
figshare-osce	RES0048	20	twenty	20	1	0	0	1	0	1	0	0	1	0	0	0	0	0	0	0	0	0	1
figshare-osce	RES0048	so well do a covid swab today um and youll hear back within 24 to 48 hours um but in the mean time regardless of whether you actually have covid or not because your symptoms overlap with covid um its good to isolate for 14 days and that includes trying to isolate from your wife as well if possible and public health should be in touch if its positive uh to do contact tracing um and if its not covid its probably another viral illness thats going around at this time of year uh if your symptoms get worse um you know youre having neurological symptoms or or if your fever gets really high or youre having a lot of trouble breathing then you should go see the er how does that sound my if my breathing gets worse uh ill just go to the emergency department yes please do ok sounds good alright take care you too thank you		24 48 14	1	0	0	3	0	160	1	1	0	0	0	1	1	1	1	0	1	0	1
figshare-osce	RES0049	2	two	2	1	0	0	1	0	1	?	?	0	0	0	0	0	0	0	0	0	0	1
figshare-osce	RES0049	7		7	1	0	0	1	0	1	?	?	0	0	0	?	?	0	0	0	0	0	1
figshare-osce	RES0049	coviespecially umm the loss of smell and taste we do recommend that you isolate for 14 days and that includes trying to isolate from family members as well so well thats where well start if its not coviit could be another viral illness thats going around at this time of year but well start with well start with these coviswabs how does that sound yeah that sounds good ill ill let my work know and yeah hopefully it comes back negative but ill stay away from everyone till then ok sounds great thank you alright thank you so much		14	1	0	0	1	0	99	1	0	0	0	0	1	1	1	1	0	1	0	1
figshare-osce	RES0050	3	three	3	1	0	0	1	0	1	0	0	?	0	0	0	0	0	0	0	0	0	1
figshare-osce	RES0051	youve notice 5	you noticed five	5	1	0	0	1	0	3	0	0	0	0	0	0	0	0	0	0	0	0	1
figshare-osce	RES0051	5	five	5	1	0	0	1	0	1	0	0	0	0	0	0	0	0	0	0	0	0	1
figshare-osce	RES0051	6 ok cool whats	six okay well what's	6	1	0	0	1	0	4	?	?	0	0	0	0	0	0	0	0	1	0	1
figshare-osce	RES0052	5	five-year-old	5	1	0	0	1	0	1	0	0	0	0	0	0	0	0	0	0	1	0	0
figshare-osce	RES0052	5	five	5	1	0	0	1	0	1	0	0	0	0	0	0	0	0	0	0	0	0	1
figshare-osce	RES0052	symptom she has this pink	one i enjoyed okay um	<none>	0	0	0	0	0	5	1	1	1	1	1	1	1	1	1	1	1	1	1
figshare-osce	RES0053	hes 2 12	it's too late	2 12	1	0	0	2	0	3	?	?	?	?	0	0	0	0	0	0	0	0	0
figshare-osce	RES0053	2 12	a half	2 12	1	0	0	2	0	2	0	0	0	0	0	0	0	0	0	0	0	0	0
figshare-osce	RES0053	5	five	5	1	0	0	1	0	1	0	0	0	0	0	0	0	0	0	0	1	0	1
figshare-osce	RES0053	like a seizure or urological issues he should go to the er and if his symptoms do become worse we can also prescribe him some steroids or epinephrine just to open up his airways and if its really really bad he might be hospitalised as well so just keep an eye on on that for now and if you have any questions or concerns just give us a call how does that sound a little scary sounds good ok ill just keep an eye on him for the next five days give us a call if his symptoms are becoming worse or if theyre not resolving and we will try to do an assessment on him of course we will do a physical exam today and will let you know how severe his symptoms are most children will get over their infection on their own and he likely wont need any additional treatments ok sounds good alright take care thank you		five	0	1	0	0	1	161	1	1	0	0	1	1	0	0	0	1	0	0	0
figshare-osce	RES0054	2	two	2	1	0	0	1	0	1	0	0	?	0	?	0	0	0	0	0	1	0	1
figshare-osce	RES0054	symptom	second	<none>	0	0	0	0	0	1	?	?	1	1	1	?	1	?	?	1	1	1	1
figshare-osce	RES0054	10	ten	10	1	0	0	1	0	1	?	?	1	0	0	?	0	1	1	0	1	0	1
figshare-osce	RES0054	30	thirty	30	1	0	0	1	0	1	?	?	1	0	0	1	0	1	1	0	1	1	1
figshare-osce	RES0054	10	ten	10	1	0	0	1	0	1	1	1	?	0	0	1	0	1	1	0	1	0	1
figshare-osce	RES0054	2	two	2	1	0	0	1	0	1	?	?	0	0	0	0	0	0	0	0	1	0	1
figshare-osce	RES0054	on exertion and it sounds like you have a cough with still producing some phlegm it doesn t seem like you have any systemic symptoms of infection so i m not too worried about that and then in terms of your heart you mentioned you had that chest pain once but it really does sound more like a lung problem to me than a heart problem to me right now but of course well do all the necessary investigations to rule out any heart stuff but right now i m thinking it could be something called copd chronic obstructive pulmonary disorder because of your smoking history uhm so we ll start with doing a pulmonary function test and chest xray and i well try to go from there if it is copd well likely put you on a like a puffer for that a like a lot a short or long acting beta agonist thats what it s called so if your symptoms don t get better with that we ll do other investigations to try to figure out what this is how does that sound p sounds great doc thanks a million d alright great thank you p have a good one		million one	0	1	0	0	2	203	1	1	1	1	1	1	1	1	1	1	1	1	1
figshare-osce	RES0055	135 80	over eighty	135 80	1	0	0	2	0	2	0	0	0	0	0	0	0	0	0	0	0	0	0
figshare-osce	RES0055	one	one's	one	0	1	0	0	1	1	?	?	0	0	?	0	0	0	0	0	0	0	0
figshare-osce	RES0055	60s ok	sixties okay	60s	1	0	0	1	0	2	?	?	1	0	0	0	0	1	1	1	1	0	1
figshare-osce	RES0055	20	twenty	20	1	0	0	1	0	1	?	0	0	0	0	1	0	1	1	1	1	0	1
figshare-osce	RES0055	20	twenty	20	1	0	0	1	0	1	?	?	?	0	0	1	?	1	1	0	1	0	1
figshare-osce	RES0056	60s	sixties	60s	1	0	0	1	0	1	?	?	?	0	0	1	1	0	0	1	0	0	0
figshare-osce	RES0056	40s ok	okay um	40s	1	0	0	1	0	2	1	0	1	0	0	0	0	0	0	0	0	0	0
figshare-osce	RES0056	just to do some contact tracing but if its not coviit could be another viral infection thats going around at this time of year so keep an eye on your symptoms if they become worse or if youre experiencing symptoms like neurological deficits or weakness or seizures or anything like that get help from the er right away and if your symptoms are persisting beyond like seven days to 10 days also you should give us a call back to see whats going on because it could be something like a bacterial infection in which case we can give you some antibiotics does that sound ok ok great thank you thank you		10 seven	1	1	1	1	1	112	1	1	1	1	1	1	1	1	1	1	1	1	1
figshare-osce	RES0057	3	three	3	1	0	0	1	0	1	?	?	0	0	0	0	0	0	0	0	1	0	1
figshare-osce	RES0057	sometime within the past	sometimes with fast 3ds	<none>	0	0	0	0	0	4	?	?	1	1	1	0	0	0	1	0	0	0	1
figshare-osce	RES0057	three days		three	0	1	0	0	1	2	?	?	?	1	1	1	1	1	1	1	1	1	0
figshare-osce	RES0057	3	three	3	1	0	0	1	0	1	?	?	?	0	0	0	0	0	0	0	1	0	1
figshare-osce	RES0057	three	tweets	three	0	1	0	0	1	1	?	?	1	0	0	1	1	1	1	1	1	1	0
figshare-osce	RES0057	60s	so	60s	1	0	0	1	0	1	?	?	1	0	0	1	1	1	1	0	1	0	1
figshare-osce	RES0058	4		4	1	0	0	1	0	1	?	?	?	0	0	?	?	?	?	0	0	0	1
figshare-osce	RES0059	im 36 ok	and um okay	36	1	0	0	1	0	3	?	?	0	0	0	1	1	1	1	0	1	1	1
figshare-osce	RES0059	i think 3	uh it's like	3	1	0	0	1	0	3	?	?	0	0	0	0	0	0	0	0	0	0	1
figshare-osce	RES0059	one	one's	one	0	1	0	0	1	1	?	?	0	1	1	0	0	0	0	0	0	0	0
figshare-osce	RES0059	1	one	1	1	0	0	1	0	1	?	?	0	0	0	0	0	0	0	0	1	0	1
figshare-osce	RES0059	because even though the pcr that we do to test for coviis supposed to be reliable and its supposed to be specific and sensitive there are sometimes false negative tests you know just to be on the safe side if youre experiencing any of the symptoms that overlap with covisymptoms isolate for two weeks but by the end of the week we should know what the test results are and then you will know for sure what you have ok awesome thank you yeah thank you		two	0	1	0	0	1	86	1	1	1	1	1	1	1	1	1	1	1	1	0
figshare-osce	RES0060	ive had a cough these last several	last several days okay for like four	<none>	0	0	0	0	0	7	?	?	0	1	1	1	1	0	0	1	1	1	1
figshare-osce	RES0060	385 ok	5 okay	385	1	0	0	1	0	2	?	?	0	0	0	0	0	0	0	0	0	0	0
figshare-osce	RES0060	62	2	62	1	0	0	1	0	1	?	?	0	0	0	0	1	0	0	0	0	0	0
figshare-osce	RES0060	uh no well i guess i was just concerned about about covi yeah you know thats the top on my list of differential diagnosis for you so what well do is a coviswab and that should come back in a day or so but we do encourage isolation for 14 days and that includes from your girlfriend as well so even if the coviswab comes back negative sometimes it can be false negative so as long as youre having these symptoms and these symptoms are common in covi we do ask that you isolate for 14 days if the swab comes back positive we will also notify public health so that they can get in touch with you and do some contact tracing to see where you may have gotten covifrom but other than that if its not coviit could likely be another upper respiratory viral illness because of this time of year a lot of different viruses are going around like common viruses or the flu you know so it could be one of those and then if youre still sick or your symptoms change we can reassess to make sure its not a bacterial infection or bacterial pneumonia in which case we can prescribe antibiotics ok yeah thank you for all that information sounds great ok well take care then alright thank you		14 14 one	1	1	1	2	1	225	1	1	0	0	0	1	0	1	1	0	1	0	1
figshare-osce	RES0061	3	three	3	1	0	0	1	0	1	?	?	?	0	0	0	0	0	0	0	0	0	1
figshare-osce	RES0061	uh hes	he's 18	<none>	0	0	0	0	0	2	?	?	0	0	0	0	0	0	0	0	0	1	0
figshare-osce	RES0061	8th	eighth	8th	1	0	0	1	0	1	?	?	0	0	0	0	0	0	1	0	1	1	1
figshare-osce	RES0061	8th	eighth	8th	1	0	0	1	0	1	?	?	0	0	0	0	0	0	1	0	1	1	1
figshare-osce	RES0062	3	three	3	1	0	0	1	0	1	?	?	0	0	0	0	0	0	0	0	0	0	1
figshare-osce	RES0062	1	one	1	1	0	0	1	0	1	?	0	?	0	0	0	0	0	0	0	0	0	0
figshare-osce	RES0062	10 10	ten ten	10 10	1	0	0	2	0	2	1	1	?	0	0	?	?	1	0	0	0	0	0
figshare-osce	RES0062	7 at	seven a	7	1	0	0	1	0	2	?	?	0	0	0	0	0	0	0	0	0	0	0
figshare-osce	RES0062	4	four	4	1	0	0	1	0	1	0	0	0	0	0	0	0	0	0	0	1	0	1
figshare-osce	RES0062	25	five	25	1	0	0	1	0	1	?	?	0	0	0	0	0	0	0	0	0	0	0
figshare-osce	RES0063	5	five	5	1	0	0	1	0	1	0	0	?	0	0	0	0	0	0	0	1	0	1
figshare-osce	RES0063	5	five	5	1	0	0	1	0	1	?	?	0	0	0	0	0	0	0	?	0	0	1
figshare-osce	RES0063	3	three	3	1	0	0	1	0	1	?	?	0	0	0	0	0	0	0	0	0	0	1
figshare-osce	RES0063	3	three	3	1	0	0	1	0	1	?	?	0	0	0	0	0	0	0	0	0	0	1
figshare-osce	RES0063	20s	twenties	20s	1	0	0	1	0	1	0	0	1	0	0	0	0	0	0	0	0	0	0
figshare-osce	RES0063	40s	forties	40s	1	0	0	1	0	1	0	0	0	0	0	0	0	0	0	0	0	0	0
figshare-osce	RES0063	1	one	1	1	0	0	1	0	1	?	?	?	0	0	0	0	0	0	0	0	0	1
figshare-osce	RES0064	30s	um	30s	1	0	0	1	0	1	?	?	?	0	0	0	0	0	0	0	0	0	0
figshare-osce	RES0064	2	two	2	1	0	0	1	0	1	?	0	1	0	0	0	1	0	0	1	0	0	0
figshare-osce	RES0064	2 ok	two okay	2	1	0	0	1	0	2	?	?	1	0	0	0	0	0	0	1	0	0	0
figshare-osce	RES0064	three or four or maybe even five definitely over four		three four five four	0	1	0	0	4	10	1	1	0	1	1	1	1	1	1	1	0	1	0
figshare-osce	RES0064	him some antibiotics but we will do a rapid strep test first in the clinic here today just to rule out in or rule that out if		first	0	1	0	0	1	27	1	1	1	1	1	1	1	1	1	1	1	1	1
figshare-osce	RES0064	throat we will give him a prescription for penicillin or amoxicillin for 10 days and then you can take that if his symptoms dont go away in a day or two because his symptoms also overlap with coviwe will do a swab for that as well and you should hear back within 24 to 48		10 24 48 two	1	1	1	3	1	55	0	0	0	0	0	0	0	0	0	0	0	0	1
figshare-osce	RES0064	should isolate for 14 days does that sound good yeah that sounds good ok great thank you thank you		14	1	0	0	1	0	19	1	1	1	0	0	1	1	1	1	0	1	0	1
figshare-osce	RES0065	7	seven	7	1	0	0	1	0	1	0	0	0	0	0	0	0	0	0	0	0	0	0
figshare-osce	RES0065	8	eight	8	1	0	0	1	0	1	0	0	0	0	0	0	0	0	0	0	0	0	0
figshare-osce	RES0066	espiratory infection like a pneumonia or it could be viral as well so the first thing we want to do is for sure get coviswab done and then we will also get since you were admitted as well recently we want to get an x ray on you just to see if theres any pneumonia ok and so well be keeping you here for a bit until everything comes back well get some blood work done for you as well to see if theres any infection in your body and then yeah so just sit tight well get all those things done is that ok with you yeah thats great thank you youre welcome yeah so well will be updating you shortly ok great thank you		first	0	1	0	0	1	126	1	1	1	1	1	1	1	1	0	1	1	1	1
figshare-osce	RES0067	2	two-year-old	2	1	0	0	1	0	1	0	0	0	0	0	0	0	0	0	0	1	0	0
figshare-osce	RES0067	385 and	38 5	385	1	0	0	1	0	2	0	0	0	0	0	0	0	0	0	0	0	0	0
figshare-osce	RES0067	38 385 ok	point five okay	38 385	1	0	0	2	0	3	0	0	0	0	0	0	0	0	0	?	0	0	0
figshare-osce	RES0067	cough 2	cold two	2	1	0	0	1	0	2	0	0	0	0	0	0	0	0	0	?	0	0	1
figshare-osce	RES0067	your epiglottis and it can kind of obstruct your throat its very urgent matter so thats why we will make sure you get to the er and uh you know well go from there does that sound i know it may be very worrying right now do you have any questions at all yeah do you know how long will she have to be in the hospital so right now we just need to make sure that shes stable like all her vitals you know when she gets to the er they can give her the appropriate antibiotics as well and based on that we need to make sure her breathing get stabilized so she might be in the er for one day if they think she needs to be on iv antibiotics in the hospital she might be in the hospital for a few more days or even a week so its really hard to say right now but our priority right now is to make sure shes stabilized in the er ok ok yeah that sounds good so ill give them a call right now and uh you can head over to the er or if you need a ride we can arrange to do that for you too ok great that sounds great thank you you too		one	0	1	0	0	1	220	1	1	1	1	1	1	1	1	1	1	1	1	1
figshare-osce	RES0068	3	three-year-old	3	1	0	0	1	0	1	0	0	0	0	0	0	0	0	0	0	1	0	0
figshare-osce	RES0068	amoxicillin sure so its only been three day since youre having these symptoms right and you havent had any high fever or anything like that have you measured your temperature i havent i havent no ok i dont feel hot though ok since its been three days what im going to do is still give you some antibiotics so amoxicillin and then well see like after you finish that dose how you feel and will set up another appointment for when we can do like a phone appointment and or clinic appointment when your doses are done does that sound good yeah that sounds great thank you ok youre welcome and hopefully you feel better thank you take care you too		three three	0	1	0	0	2	121	1	1	1	1	1	1	1	1	1	1	1	1	1
figshare-osce	RES0072	the sore throat	one though i	<none>	0	0	0	0	0	3	1	1	1	1	1	1	1	1	1	1	1	1	1
figshare-osce	RES0072	1	one	1	1	0	0	1	0	1	0	0	0	0	0	0	0	0	0	0	0	0	0
figshare-osce	RES0072	10 1	ten one	10 1	1	0	0	2	0	2	0	0	?	0	0	0	0	0	0	1	0	0	1
figshare-osce	RES0072	10	ten	10	1	0	0	1	0	1	1	1	?	0	0	1	0	0	0	1	1	1	1
figshare-osce	RES0072	a 6	six it's	6	1	0	0	1	0	2	0	0	?	0	0	0	0	0	0	0	0	0	1
figshare-osce	RES0073	5	five	5	1	0	0	1	0	1	0	0	0	0	0	0	0	0	0	0	0	0	1
figshare-osce	RES0073	8	eight	8	1	0	0	1	0	1	0	0	?	0	0	0	0	0	0	0	1	0	1
figshare-osce	RES0073	5	five	5	1	0	0	1	0	1	0	0	0	0	0	0	0	0	0	0	0	0	1
figshare-osce	RES0073	once	one	<none>	0	0	0	0	0	1	0	0	1	1	1	?	?	1	1	1	1	1	1
figshare-osce	RES0074	5	five	5	1	0	0	1	0	1	0	0	?	0	0	0	0	0	0	0	1	0	0
figshare-osce	RES0074	3	three	3	1	0	0	1	0	1	0	0	0	0	0	0	0	0	0	0	0	0	0
figshare-osce	RES0074	5	five	5	1	0	0	1	0	1	0	0	0	0	?	0	0	0	0	0	0	0	0
figshare-osce	RES0074	3	three	3	1	0	0	1	0	1	0	0	0	0	0	0	0	0	0	0	0	0	1
figshare-osce	RES0074	3	three	3	1	0	0	1	0	1	0	0	0	0	0	0	0	0	0	0	1	0	0
figshare-osce	RES0074	1	one	1	1	0	0	1	0	1	0	0	?	0	0	0	0	0	0	0	0	0	0
figshare-osce	RES0074	2	two	2	1	0	0	1	0	1	0	0	?	0	0	0	0	0	0	0	0	0	0
figshare-osce	RES0074	6 or	six seven	6	1	0	0	1	0	2	0	0	0	0	0	0	0	0	0	0	0	0	1
figshare-osce	RES0074	7		7	1	0	0	1	0	1	0	0	?	?	?	?	?	?	?	?	?	?	1
figshare-osce	RES0075	2	two	2	1	0	0	1	0	1	0	0	0	0	0	0	0	0	0	0	1	0	1
figshare-osce	RES0075	2	two	2	1	0	0	1	0	1	0	0	?	0	0	0	0	0	0	0	0	0	1
figshare-osce	RES0075	1	one	1	1	0	0	1	0	1	0	0	0	0	0	0	0	0	0	0	0	0	1
figshare-osce	RES0075	1	one	1	1	0	0	1	0	1	1	1	?	0	0	0	0	?	?	0	0	0	0
figshare-osce	RES0075	1	one	1	1	0	0	1	0	1	1	1	?	0	0	0	0	0	0	0	0	0	0
figshare-osce	RES0075	2	two	2	1	0	0	1	0	1	0	0	0	0	0	0	0	0	0	0	1	0	0
figshare-osce	RES0076	one	a	one	0	1	0	0	1	1	0	0	0	0	0	0	0	0	0	0	0	0	0
figshare-osce	RES0076	2	two	2	1	0	0	1	0	1	0	0	1	0	0	1	1	1	1	1	1	0	1
figshare-osce	RES0076	see if there is any presence the one thing that we		one	0	1	0	0	1	11	1	1	1	1	1	1	1	1	1	1	1	1	1
figshare-osce	RES0076	concerned about with some of your symptoms and a long history of smoking as well is lung cancer so yeah we will do a chest xray get some cytology done as well and then once we have that in the future we may need to maybe do a biopsy but right now well do a few of the first things that i mentioned and then go from there that sounds good thank		first	0	1	0	0	1	72	1	1	1	1	1	1	1	1	1	1	1	1	1
figshare-osce	RES0077	sixtythree	63	<none>	0	0	0	0	0	1	1	1	0	0	1	0	0	0	0	1	0	0	0
figshare-osce	RES0078	threefour	four	<none>	0	0	0	0	0	1	?	?	0	0	1	0	0	0	0	?	0	0	0
figshare-osce	RES0078	one	1	one	0	1	0	0	1	1	?	?	?	0	0	1	1	0	1	0	0	1	0
figshare-osce	RES0078	ten	10	ten	0	1	0	0	1	1	?	?	?	0	0	?	?	0	0	0	0	0	0
figshare-osce	RES0078	ten	10	ten	0	1	0	0	1	1	?	?	0	?	1	0	0	0	0	1	0	0	0
figshare-osce	RES0078	threefour	four	<none>	0	0	0	0	0	1	?	?	0	0	0	0	0	0	0	0	0	0	0
figshare-osce	RES0078	seventies	70s	<none>	0	0	0	0	0	1	?	?	0	?	1	0	0	0	0	1	0	1	0
figshare-osce	RES0079	thirty	38	thirty	0	1	0	0	1	1	?	?	0	0	0	0	?	0	0	0	0	0	0
figshare-osce	RES0079	eight		eight	0	1	0	0	1	1	?	?	?	0	0	?	?	?	0	0	?	?	0
figshare-osce	RES0079	twenty	20	twenty	0	1	0	0	1	1	?	?	?	1	1	0	0	0	0	1	0	1	0
figshare-osce	RES0080	fortyfive	45	<none>	0	0	0	0	0	1	?	?	0	0	0	0	0	0	0	0	0	0	0
figshare-osce	RES0081	whos 5	this five-year-old	5	1	0	0	1	0	2	?	?	?	0	0	0	0	0	0	0	1	0	1
figshare-osce	RES0081	who is	who's two	<none>	0	0	0	0	0	2	1	1	0	0	0	0	0	0	0	1	0	0	1
figshare-osce	RES0081	2		2	1	0	0	1	0	1	0	0	?	?	?	?	?	?	?	0	?	?	1
figshare-osce	RES0082	2	two	2	1	0	0	1	0	1	?	?	?	0	0	0	0	0	0	0	1	0	1
figshare-osce	RES0082	8	eight	8	1	0	0	1	0	1	?	?	0	0	?	?	0	0	1	0	1	0	1
figshare-osce	RES0083	3	three	3	1	0	0	1	0	1	?	?	0	0	0	0	0	0	0	0	1	0	1
figshare-osce	RES0084	38 or 39	389 and yes	38 39	1	0	0	2	0	3	0	0	0	0	0	0	0	0	0	0	0	0	0
figshare-osce	RES0084	to 39 ok	okay where okay	39	1	0	0	1	0	3	?	?	0	0	0	0	0	0	0	0	0	0	0
figshare-osce	RES0084	severitywise 1	wise one	1	1	0	0	1	0	2	0	0	0	0	0	0	0	0	0	0	0	0	0
figshare-osce	RES0084	10 10 being	ten can be	10 10	1	0	0	2	0	3	1	1	0	0	0	1	0	0	1	0	0	0	0
figshare-osce	RES0084	8	eight	8	1	0	0	1	0	1	0	0	0	0	0	?	0	0	0	0	0	0	0
figshare-osce	RES0084	9	nine	9	1	0	0	1	0	1	0	0	0	0	0	1	0	0	0	0	0	0	0
figshare-osce	RES0085	38	387	38	1	0	0	1	0	1	?	?	?	0	0	0	0	0	0	0	1	1	0
figshare-osce	RES0085	7		7	1	0	0	1	0	1	?	?	?	0	0	?	0	0	0	0	0	0	0
figshare-osce	RES0085	two	two-month	two	0	1	0	0	1	1	1	1	1	1	1	1	1	0	1	1	1	1	0
figshare-osce	RES0086	10	ten	10	1	0	0	1	0	1	1	1	0	0	0	?	0	1	0	0	0	0	0
figshare-osce	RES0086	15	fifteen	15	1	0	0	1	0	1	1	1	1	0	0	1	0	1	0	0	1	0	0
figshare-osce	RES0086	of	m1	<none>	0	0	0	0	0	1	1	1	1	1	1	?	?	1	1	1	1	1	1
figshare-osce	RES0086	two	do	two	0	1	0	0	1	1	0	0	0	0	1	0	0	1	1	1	1	1	1
figshare-osce	RES0086	give you a long acting ok as well as an inhaled cortico steroid so actually you know what well give you an inhaled cortico steroid and a short acting beta agonist because you cant use both the steroid and the long so well start with those two well start with the short acting as well as inhaled cortico steroid and if we find that your asthma is just based on like exertion or like something called athletic asthma we can also try something called cromolyn instead but well discuss that more right now our priority is to get your symptoms under control so well start with the short acting as well as the inhaled cortico steroid how does that sound yeah that sounds good thank you so much yeah no problem		two	0	1	0	0	1	131	1	1	1	1	1	1	1	1	1	1	1	1	1
figshare-osce	RES0087	uhm if his tympanic membrane has been perforated or i see pus in there well prescribe him like 10 days of antibiotics we can give him either amoxicillin or if he has bad reactions to penicillins we can give him cefuroxime and then if uh it doesnt seem to have any systemic symptoms so if he has systemic symptoms like fever which well check for today and if hes like been really ill and he has like a middle ear effusion or bulging tympanic membrane again well give him antibiotics for 10 days but if his tympanic membrane is just bulging a little bit or if he has some middle ear effusion but no systemic symptoms like no fevers and he seems to be fine otherwise well reassess him in 24 to 48 hours to see if hes better and if hes not again will prescribe him antibiotics how does that sound yeah that sounds good thank you ok yeah no worries		10 10 24 48	1	0	0	4	0	162	0	0	0	0	0	0	0	1	1	0	1	0	1
figshare-osce	RES0088	forty five	45 okay	forty five	0	1	0	0	2	2	0	?	0	1	1	0	0	0	0	1	0	0	0
figshare-osce	RES0088	ten	10	ten	0	1	0	0	1	1	0	0	?	1	1	0	0	0	0	1	0	1	?
figshare-osce	RES0089	two		two	0	1	0	0	1	1	0	0	?	1	0	?	?	1	?	1	1	1	?
figshare-osce	RES0089	fiveten	ten	<none>	0	0	0	0	0	1	0	0	1	0	0	0	0	0	0	0	0	0	0
figshare-osce	RES0089	i4		i4	1	0	0	1	0	1	0	0	?	?	?	?	?	?	?	0	?	?	?
figshare-osce	RES0090	ten	10	ten	0	1	0	0	1	1	?	?	0	1	1	0	1	0	0	1	0	0	0
figshare-osce	RES0090	ten	10	ten	0	1	0	0	1	1	0	0	?	1	1	0	1	0	0	?	0	0	0
figshare-osce	RES0090	a hundred	110 okay	hundred	0	1	0	0	1	2	0	0	?	0	0	0	0	0	0	0	0	0	0
figshare-osce	RES0090	and ten ok		ten	0	1	0	0	1	3	?	0	?	0	0	?	0	?	?	0	0	0	?
figshare-osce	RES0090	ten	10	ten	0	1	0	0	1	1	0	0	?	1	1	0	1	0	0	1	0	0	0
figshare-osce	RES0091	cold which can be caused by just a viral uh infection but it should go away on its own just make sure that youre getting some rest youre hydrating well uhm you can get some over the counter medications like tylenol cold for example but for now i would say we should just wait and watch but just in case also since it is one of the symptoms thats for covid as well in this time period we will just get a covid swab just in case but most likely its nothing to be worried about until you get your test i would recommend staying isolated and then we can go on from there is that does that sound good to you yeah that sounds great thank you so much youre welcome take care you too bye		one	0	1	0	0	1	137	1	1	1	1	1	1	1	1	1	1	1	1	1
figshare-osce	RES0092	no ok uhm ok alright so thats all that i i wanted to know it sounds like you had a you had a cold last week and you just have this residual cough thats still there and its been two weeks and youre just worried about it but otherwise youre feeling well you dont have any other symptoms often times when we get sick or we have an infection or inflammation of the uhm the airway we can get a cough that lasts a long time and it might just take you a couple more weeks for the cough to go away but if you feel that its getting any worse or youre you have those symptoms come back again or you develop a fever we can you can definitely we can do something more about that ill also do a physical exam and and see how youre doing and then we can go from there ok great thank you		two	0	1	0	0	1	160	1	1	1	1	1	1	1	1	1	1	0	1	0
figshare-osce	RES0093	before	four	<none>	0	0	0	0	0	1	?	?	1	1	1	1	1	1	1	1	1	1	1
figshare-osce	RES0093	twelve	12	twelve	0	1	0	0	1	1	0	0	0	1	1	0	0	0	0	1	0	1	0
figshare-osce	RES0094	no weve been doing classes virtually and any contact with anyone who you think might be sick no ok alright well sounds like you have a sore throat and runny nose youve been a little bit drowsy had some headaches in the past five days things were getting a little bit worse early on but its been a little bit its been more stable now well do a physical exam see just listen to your chest have a look inside your mouth and check your temperature and go from there it sounds like you probably have a viral infection of some sort that should get hopefully get better over time we will also get a covid swab done just in case and if things seem to get worse we can you can definitely come back ok great thank you		five	0	1	0	0	1	139	1	1	0	1	0	0	0	1	1	1	1	1	0
figshare-osce	RES0095	two	due	two	0	1	0	0	1	1	?	?	?	0	0	0	0	0	0	0	0	0	0
figshare-osce	RES0095	ten	10	ten	0	1	0	0	1	1	?	?	?	1	0	?	0	0	0	0	0	0	0
figshare-osce	RES0095	eleven	11	eleven	0	1	0	0	1	1	?	?	?	0	0	0	?	0	0	0	0	0	0
figshare-osce	RES0095	im 250 pounds ok and	i'm two fifteen thanks okay	250	1	0	0	1	0	5	0	0	0	0	0	0	0	1	1	0	1	0	1
figshare-osce	RES0095	52 ok	two okay	52	1	0	0	1	0	2	?	?	0	0	0	0	0	0	0	0	1	0	0
figshare-osce	RES0095	uh	two	<none>	0	0	0	0	0	1	?	?	?	?	0	?	?	?	?	?	?	?	0
figshare-osce	RES0095	three		three	0	1	0	0	1	1	?	?	1	1	0	1	1	1	1	?	1	1	?
figshare-osce	RES0095	six months ago		six	0	1	0	0	1	3	?	?	1	1	1	1	1	1	1	1	0	1	0
figshare-osce	RES0095	uh	two	<none>	0	0	0	0	0	1	?	1	0	?	0	?	?	0	1	1	?	?	0
figshare-osce	RES0095	three		three	0	1	0	0	1	1	?	?	?	1	?	1	1	?	0	0	1	1	?
figshare-osce	RES0096	about uh	three months	<none>	0	0	0	0	0	2	?	?	?	0	0	0	?	0	0	1	0	0	0
figshare-osce	RES0096	threefour	four	<none>	0	0	0	0	0	1	?	?	0	0	0	0	0	0	0	0	?	0	?
figshare-osce	RES0096	heart or lung conditions my dad died of lung cancer he was a he was a big smoker as well and my mom had a heart attack ok and how old were your parents approximately yeah my dad was 65 and my mom was was very young she was 50 i see did your mom survive the heart attack no no she did not oh im sorry to hear that uhm and the lung cancer you mention any other cancers that run in the family no ok so that was all the questions i wanted to ask on on history uhm certainly it sounds like youre bringing up some blood with with with the increased cough and with difficulties breathing so we will get a uhm a chest xray and possibly a ct image of your chest as well to see if theres anything going on in your lungs and we might do some blood work as well to check a few things so uhm well get those ordered and and see what see what that shows thank you		65 50	1	0	0	2	0	179	0	0	0	0	0	0	0	1	1	0	1	1	1
figshare-osce	RES0098	ten	10	ten	0	1	0	0	1	1	0	0	?	1	1	0	0	0	0	1	0	1	0
figshare-osce	RES0098	11	eleven	11	1	0	0	1	0	1	0	0	?	0	0	0	0	0	0	0	0	0	0
figshare-osce	RES0098	12	twelve	12	1	0	0	1	0	1	0	0	?	0	0	0	0	0	0	0	0	0	0
figshare-osce	RES0099	two yeah		two	0	1	0	0	1	2	0	0	0	0	0	0	0	0	0	0	0	0	0
figshare-osce	RES0100	5	five	5	1	0	0	1	0	1	?	?	?	0	0	0	0	0	0	0	1	0	1
figshare-osce	RES0100	388	eight	388	1	0	0	1	0	1	0	0	?	0	0	0	0	0	0	0	0	0	0
figshare-osce	RES0100	5	five	5	1	0	0	1	0	1	0	0	0	0	0	0	0	0	0	0	0	0	1
figshare-osce	RES0100	382	2	382	1	0	0	1	0	1	0	0	0	0	0	0	0	0	0	0	0	0	0
figshare-osce	RES0101	2 ok	two okay	2	1	0	0	1	0	2	0	0	?	0	0	0	0	0	0	0	0	0	1
figshare-osce	RES0101	20s	twenties	20s	1	0	0	1	0	1	0	0	1	0	0	0	0	0	0	0	0	0	0
figshare-osce	RES0101	30s ok	thirties okay	30s	1	0	0	1	0	2	0	0	0	0	0	0	0	0	0	0	0	0	0
figshare-osce	RES0102	2	two	2	1	0	0	1	0	1	0	0	0	0	0	0	0	0	0	0	0	0	1
figshare-osce	RES0102	three		three	0	1	0	0	1	1	0	0	?	?	0	?	?	?	?	0	?	0	?
figshare-osce	RES0102	and 3rd	third okay	3rd	1	0	0	1	0	2	0	0	0	0	0	0	0	0	0	0	0	0	0
figshare-osce	RES0102	i i was 200 pounds		200	1	0	0	1	0	5	1	1	0	0	0	0	0	0	0	0	1	0	0
figshare-osce	RES0103	been its been you said three or four days in total right yeah yeah yeah and so most likely its just caused by a viral infection like common cold perhaps it she doesnt have any worrying signs of any systemic things going on right now so and no signs of like a bacterial infection that i would be concerned about that i would give antibiotics for right now but definitely if her symptoms get worse at home and if she starts having any kind of shortness of breath increased coughing with producing more yellow or green material and if she gets more feverish so will also do a physical exam and take her temperature today as well but yeah some of these things you just look out for but yeah so that that well do the physical examination and go from there alright thank you hey youre welcome take care		three four	0	1	0	0	2	150	1	1	1	1	1	1	1	1	1	1	1	1	1
figshare-osce	RES0104	382	2	382	1	0	0	1	0	1	0	0	0	0	0	0	1	0	0	0	0	0	0
figshare-osce	RES0104	3	three	3	1	0	0	1	0	1	0	0	0	0	0	0	0	0	0	0	1	0	1
figshare-osce	RES0104	15	fifteen	15	1	0	0	1	0	1	1	1	1	0	0	1	1	1	1	0	0	1	1
figshare-osce	RES0104	45	forty-five	45	1	0	0	1	0	1	1	1	1	0	?	1	1	1	1	0	0	0	1
figshare-osce	RES0105	two	2	two	0	1	0	0	1	1	1	1	0	1	1	0	0	0	0	0	0	1	0
figshare-osce	RES0105	we dont miss any kind of infection umm youre in like your you can be having another copexacerbation but we also want to make sure you dont have like pneumonia or anything like that so we might have to do a chest xray as well but for now i would say just sit tight well get all your vitals done and then go on from there does that sound good yeah that sounds good thank you alright and if you feel at all youre very short of breath and we can give you some ventil in here as well and then if you need like we can give you like systemic core steroids as well to help some of your symptoms but yeah lets lets do some of that physical examinations first ok that sounds good thank you welcome take care bye bye		first	0	1	0	0	1	143	1	1	0	1	1	1	1	1	1	1	1	1	1
figshare-osce	RES0106	2	two	2	1	0	0	1	0	1	?	?	0	0	0	0	0	0	0	0	1	0	1
figshare-osce	RES0106	89	nine	89	1	0	0	1	0	1	?	?	0	0	0	0	0	0	0	0	0	0	0
figshare-osce	RES0106	17 years of	uh um fifteen	17	1	0	0	1	0	3	0	0	?	0	0	0	0	1	1	0	1	1	1
figshare-osce	RES0106	16		16	1	0	0	1	0	1	?	?	1	?	0	?	?	?	?	0	1	1	1
figshare-osce	RES0106	ah	seventeen	<none>	0	0	0	0	0	1	?	?	?	0	0	0	1	?	0	0	?	?	?
figshare-osce	RES0106	17		17	1	0	0	1	0	1	?	?	1	0	?	?	0	1	0	0	1	1	1
figshare-osce	RES0106	18	eighteen	18	1	0	0	1	0	1	?	?	1	0	0	1	1	1	1	0	1	1	1
figshare-osce	RES0106	6	six	6	1	0	0	1	0	1	0	0	0	0	0	0	0	0	0	0	1	0	1
figshare-osce	RES0107	two	few	two	0	1	0	0	1	1	?	?	1	0	0	0	0	1	1	1	1	1	0
figshare-osce	RES0107	rhinitis is allergic rhinitis is caused by allergies to certain things so we can get him allergy tested um and that will give us a better understanding of like what his triggers are and the way to treat that is to avoid those triggers those allergens and if his symptoms are persistent um we will prescribe him also like an intranasal corticosteroid um and there are like there are like second line treatments as well like antihistamines and leukotriene like leukotriene receptor antagonists but those are like second line well well see how he does with the inhaled corticosteroids at first how does that sound sounds great ok great thank you no problem		second second first	0	1	0	0	3	113	1	1	0	1	1	1	1	0	0	1	0	1	0
figshare-osce	RES0108	im 50	i'm fifty	50	1	0	0	1	0	2	?	?	?	0	0	1	1	1	1	1	0	1	1
figshare-osce	RES0108	2 pills	two bills	2	1	0	0	1	0	2	?	?	0	0	0	0	0	0	0	1	0	0	1
figshare-osce	RES0108	homeim just	i'm half	<none>	0	0	0	0	0	2	?	?	?	1	0	1	1	1	1	1	1	1	1
figshare-osce	RES0108	two kids ok uh are they healthy yeah theyre all healthy ok any old carpet dust mold or asbestos in your home		two	0	1	0	0	1	22	?	?	1	1	0	0	0	1	1	1	1	1	1
figshare-osce	RES0108	not that im aware of no ok ok well it seems like um those are all the questions that i had for you today did you have any questions of your own uh no i just want to get tested for covid yeah so we will definitely do a covid swab on you because you have a cough um and those results should come back to you in about 24 to 48 hours and so youll know more then but because your symptoms do overlap with that of covid we still recommend isolating for 14 days but the other thing i want to mention is that you dont have any other symptoms of infection besides your cough and it seems like the cough started a week ago and you started this new medication ramipril two weeks ago and so ramipril is a type of ace inhibitor and one of its side effects is that in some people it can cause coughing so i am going to review your medications and if your family doc also agrees we may try uh another um blood pressure medication for you instead of ramipril sure um so well try and change that medication and see if your coughing stops how does that sound sounds great ok great thank you		24 48 14 two one	1	1	1	3	2	215	1	1	0	0	0	1	0	1	0	0	0	0	0
figshare-osce	RES0109	that and how about travel to anywhere no i havent traveled anywhere no ok ok well those are all the questions i had for you did you have any questions of your own no no ok so well do a covid swab anyways today because your some of your symptoms do overlap with that of covid and you should hear back in about 24 to 48 hours but in the meantime you should self isolate for 14 days sure um but it i think it does really sound like you have a common cold um so just like another viral illness um so just treat it supportively you know um keep yourself hydrated if you feel like youre getting a fever take like tylenol um if you have like pain like a headache or like sinus pressure or something you can take again an advil or tylenol um and if your symptoms worsen or if you have any neurological symptoms then you should see the er um right away sure yeah ok sounds good great		24 48 14	1	0	0	3	0	175	1	1	1	0	1	1	1	1	1	1	1	1	1
figshare-osce	RES0110	2	two	2	1	0	0	1	0	1	0	0	0	0	0	0	0	0	0	0	1	0	1
figshare-osce	RES0110	385	five	385	1	0	0	1	0	1	0	0	0	0	0	0	0	0	0	0	0	0	0
figshare-osce	RES0111	26	20	26	1	0	0	1	0	1	0	0	?	0	?	0	0	1	1	0	1	1	1
figshare-osce	RES0111	13	thirteen	13	1	0	0	1	0	1	?	?	1	0	0	1	1	1	1	0	1	1	1
figshare-osce	RES0111	10 ok	ten okay	10	1	0	0	1	0	2	?	?	?	0	0	1	0	1	1	0	1	1	1
figshare-osce	RES0111	um it could be other things as well um seeing that your symptoms are somewhat overlapping with the symptoms for covid we would also like to do a covid test um well do a rapid strep test here as well um just to rule it out and then uh well uh ask you to quarantine for the next 14 days um until or at least until your covid swabs are back or your symptoms improve um and well let you know about um the management based on the strep test result do you have any questions um no that sounds great thank you ok sounds good		14	1	0	0	1	0	106	1	1	0	0	0	1	1	1	1	0	1	0	1
figshare-osce	RES0112	385 um	38 5	385	1	0	0	1	0	2	0	0	?	0	0	0	1	0	0	0	0	0	0
figshare-osce	RES0112	5 6	five six	5 6	1	0	0	2	0	2	0	0	0	0	0	0	0	0	0	0	0	0	0
figshare-osce	RES0112	2 ok	two okay	2	1	0	0	1	0	2	?	?	?	0	0	0	0	0	0	0	1	0	0
figshare-osce	RES0113	1	one	1	1	0	0	1	0	1	?	?	?	0	0	0	0	0	0	0	1	0	0
figshare-osce	RES0113	10 with	ten and	10	1	0	0	1	0	2	?	?	?	0	0	1	0	0	0	0	0	1	0
figshare-osce	RES0113	10		10	1	0	0	1	0	1	?	?	?	?	0	1	?	0	0	0	1	1	0
figshare-osce	RES0113	uh well ask you to quarantine for the for the next 14 days and try to stay away from your husband and daughter as well if you can at home um and uh i guess a couple of other questions that i wanted to ask and i should have asked earlier do you have any um any stiffness in your neck or any difficulties moving your neck uh no nothing like that ok alright and um do you have any questions uh no thats it thank you so much great		14	1	0	0	1	0	90	1	1	0	0	0	1	1	1	1	0	1	0	1
figshare-osce	RES0114	and um taking your puffers as needed um so right now we will continue using the puffers that you have and if you dont already have a long acting beta agonist well give you that as well as if its like if it gets really severe well also give you some inhaled corticosteroids um and well also check your oxygen saturation to make sure its over uh 88 um and well give you oxygen if you need it um as well some antibiotics to consider you mentioned that you were allergic to amoxicillin so we might give you like a macrolide like azithromycin for now um and hopefully your symptoms subside and we can get you home how does that sound ok that sounds good thank you so much yeah no problem and i forgot sorry well also probably do like a chest x ray and a pulmonary function test ok sounds good yeah no problem		88	1	0	0	1	0	156	1	1	1	1	1	1	1	1	1	1	1	1	1
figshare-osce	RES0116	three	think	three	0	1	0	0	1	1	?	?	1	?	0	0	0	0	0	0	0	0	0
figshare-osce	RES0116	2	two	2	1	0	0	1	0	1	?	?	0	0	?	0	0	0	0	0	1	0	1
figshare-osce	RES0116	39 degrees so		39	1	0	0	1	0	3	?	?	0	0	0	0	0	1	1	0	1	1	1
figshare-osce	RES0117	2	two	2	1	0	0	1	0	1	?	?	0	0	0	0	0	0	0	0	1	0	1
figshare-osce	RES0117	uh about the blood i was just reading some things up and uh about tuberculosis so i was really stressed out today yeah so um thats definitely high on our differential so well do a couple of things well do a covid swab on you um just to rule that in or out you should hear back for about those results in 24 to 48 hours while youre here in the hospital were also going to do a chest xray and or like an afb smear to see if you have active tb or latent tb if those come back positive um we will require you to isolate because this uh because tb is highly infectious and its airborne um so we have a couple of uh we have like a regimen that wed put you on its called the ripe medications that we keep you on for two months and then we continue a couple of those for another four months um but we will uh keep you here until we have more answers on um like from this tb standpoint how does that sound yeah that sounds good um yeah im really worried but hopefully its not tb yeah hopefully its not um but if it is its its ok like um well get infectious disease involved uh well get the isolation going and well get you on the correct treatment ok thank you so much yeah no problem		24 48 two four	1	1	1	2	2	241	1	1	0	0	0	1	0	1	1	0	1	0	0
figshare-osce	RES0119	7	seven	7	1	0	0	1	0	1	0	0	?	0	0	0	0	0	0	0	1	0	0
figshare-osce	RES0119	2	two	2	1	0	0	1	0	1	0	0	?	0	0	0	0	0	0	0	1	0	1
figshare-osce	RES0119	6	six	6	1	0	0	1	0	1	?	?	0	0	0	0	0	0	0	?	0	0	0
figshare-osce	RES0119	7	seven	7	1	0	0	1	0	1	0	?	0	0	0	0	0	0	0	?	0	0	0
figshare-osce	RES0119	8	eight	8	1	0	0	1	0	1	?	?	0	0	0	0	0	0	0	0	1	0	0
figshare-osce	RES0119	who is	who's four	<none>	0	0	0	0	0	2	1	1	0	1	1	0	0	0	0	0	0	0	0
figshare-osce	RES0119	4		4	1	0	0	1	0	1	0	0	?	0	0	0	0	?	?	?	?	?	1
figshare-osce	RES0119	3 ok thats	three okay that's	3	1	0	0	1	0	3	0	0	?	0	0	0	0	0	0	0	1	0	1
figshare-osce	RES0120	7	seven	7	1	0	0	1	0	1	?	?	0	0	0	0	0	0	0	0	1	0	1
figshare-osce	RES0122	i	two	<none>	0	0	0	0	0	1	0	0	1	0	0	1	1	1	1	1	0	1	0
figshare-osce	RES0122	would say 2		2	1	0	0	1	0	3	0	0	0	?	0	0	0	0	0	0	1	0	1
figshare-osce	RES0122	2	two	2	1	0	0	1	0	1	?	0	?	0	0	0	0	0	0	0	1	0	1
figshare-osce	RES0122	two	few	two	0	1	0	0	1	1	?	?	?	?	1	1	1	1	1	1	1	1	0
figshare-osce	RES0123	1	one	1	1	0	0	1	0	1	?	?	1	0	0	0	0	0	0	0	1	0	0
figshare-osce	RES0123	10	ten	10	1	0	0	1	0	1	?	?	0	0	0	1	0	0	0	0	1	1	0
figshare-osce	RES0123	10	ten	10	1	0	0	1	0	1	?	?	0	0	0	1	0	0	0	0	1	1	0
figshare-osce	RES0123	7	seven	7	1	0	0	1	0	1	?	?	?	0	0	?	?	1	0	0	0	0	1
figshare-osce	RES0123	7	seven	7	1	0	0	1	0	1	?	0	0	0	0	0	0	0	0	0	?	0	1
figshare-osce	RES0123	7	seven	7	1	0	0	1	0	1	?	?	0	0	0	?	0	0	0	0	0	0	1
figshare-osce	RES0123	5	five	5	1	0	0	1	0	1	?	?	0	0	0	1	0	0	0	0	0	0	1
figshare-osce	RES0123	on one		one	0	1	0	0	1	2	?	?	?	1	1	1	?	?	?	1	?	1	?
figshare-osce	RES0123	anyone uh	one part	<none>	0	0	0	0	0	2	?	?	?	1	1	?	?	1	1	1	1	0	1
figshare-osce	RES0124	one	yeah	one	0	1	0	0	1	1	?	?	?	0	0	?	0	0	0	0	1	1	0
figshare-osce	RES0124	ten	10	ten	0	1	0	0	1	1	?	?	?	1	1	?	?	0	0	1	0	0	0
figshare-osce	RES0125	374		374	1	0	0	1	0	1	?	?	0	0	0	0	0	0	0	0	0	0	0
figshare-osce	RES0125	2	two	2	1	0	0	1	0	1	?	?	0	0	0	0	0	0	0	0	1	0	1
figshare-osce	RES0125	3	three	3	1	0	0	1	0	1	?	?	0	0	0	0	0	0	0	?	0	0	0
figshare-osce	RES0125	4	four	4	1	0	0	1	0	1	?	?	0	0	0	0	0	0	0	?	0	0	0
figshare-osce	RES0125	three	two	three	0	1	0	0	1	1	?	?	1	1	1	1	1	0	0	1	1	0	0
figshare-osce	RES0125	20	twenty	20	1	0	0	1	0	1	?	?	?	0	0	1	?	1	1	0	1	1	1
figshare-osce	RES0125	um	thirty	<none>	0	0	0	0	0	1	?	?	?	0	?	?	?	?	?	1	?	0	?
figshare-osce	RES0125	30		30	1	0	0	1	0	1	?	?	1	?	?	1	1	1	1	0	1	?	1
figshare-osce	RES0125	30	thirty	30	1	0	0	1	0	1	?	?	1	0	0	1	1	1	1	0	1	0	1
figshare-osce	RES0126	15	fifteen	15	1	0	0	1	0	1	?	?	1	0	0	?	0	1	1	0	1	0	1
figshare-osce	RES0126	10	ten	10	1	0	0	1	0	1	?	?	?	0	0	?	?	1	0	0	0	0	1
figshare-osce	RES0127	8	eight	8	1	0	0	1	0	1	?	?	0	0	0	?	?	0	0	0	1	0	1
figshare-osce	RES0127	9	nine	9	1	0	0	1	0	1	?	?	0	0	0	0	0	0	0	0	0	0	1
figshare-osce	RES0127	i think it might be beneficial to for you to see like an allergist sure and so i can refer you to someone as well just have a sense of what kind of things allergic to you and like what medications you would require in the meantime definitely like any antihistamine medications would help with your symptoms but since youre also having congestion and sneezing just just in case we will just do a coviswab test for you today and it takes around 24 to 48 hours to come back and in the meantime you should just isolate as much as you can in your own home and then based on the result they would give you more instruction sure alright thank you take care		24 48	1	0	0	2	0	125	1	1	0	0	0	0	0	0	0	0	1	0	1
figshare-osce	RES0128	6	six-year-old	6	1	0	0	1	0	1	?	?	0	0	0	0	0	0	0	0	1	0	0
figshare-osce	RES0128	if if my son had asthma as well and if like you need a prescription for inhalers yeah so were gonna since hes never been diagnosed before were gonna do some investigations for him just to start so we can do we can start by doing a pulmonary function test for him to see what his lung activity is like uhm so well start there and then well also because youre saying hes short of breath well take his oxygen saturation as well and maybe even do some like some basic blood work for him and if it turns out he has asthma which in this case i do strongly suspect well prescribe him some bronchodilators like a short acting beta agonist as well as an inhaled corticosteroid because his symptoms do seem somewhat severe this time around and then i should also mention because some of his symptoms overlap with that of covihe will also get a covid swab and you should hear back about that in 24 to 48 hours how does that sound that sounds good thank you alright great thank you		24 48	1	0	0	2	0	185	1	1	0	0	0	1	0	1	1	0	1	0	1
figshare-osce	RES0129	yeah 23	two three	23	1	0	0	1	0	2	?	?	0	0	0	0	0	0	0	0	0	0	0
figshare-osce	RES0129	38 oh ok	thirty-eight okay um	38	1	0	0	1	0	3	?	?	1	0	0	1	0	1	1	1	1	1	1
figshare-osce	RES0129	38	thirty-eight	38	1	0	0	1	0	1	1	1	?	0	0	1	1	1	1	1	1	0	1
figshare-osce	RES0129	overlap with those of covid well probably do a swab and you should hear back in about 24 to 48 hours uhm and so after i take a look into his ears we can do one of a couple of things so if his tympanic membrane looks like its been perforated or if theres pus in there then well prescribe him a 10 day course of antibiotics and if i see like middle ear effusion or his tympanic membranes bulging and he seems really sick like he has a high fever what she does i will again prescribe him 10 days of antibiotics and if he has a middle ear effusion or a bulging tympanic membrane just one of those two and he doesnt seem to be too sick we can reassess him in 24 to 48 hours uhm an antibiotic that we usually prescribe is amoxicillin uhh how does that sound that sounds really good thank you ok no worries take care		24 48 10 10 24 48 one one two	1	1	1	6	3	163	0	0	0	0	0	1	1	0	1	0	1	0	0
figshare-osce	RES0130	5	five	5	1	0	0	1	0	1	?	?	0	0	0	0	0	0	0	0	0	0	0
figshare-osce	RES0130	10	ten	10	1	0	0	1	0	1	?	?	?	0	0	?	0	0	0	0	0	1	0
figshare-osce	RES0130	24	four	24	1	0	0	1	0	1	0	0	1	0	0	0	0	0	0	0	0	0	0
figshare-osce	RES0130	48	eight	48	1	0	0	1	0	1	0	0	0	0	0	0	0	0	0	0	0	0	0
figshare-osce	RES0131	yeah about two		two	0	1	0	0	1	3	?	?	0	0	0	0	0	?	?	0	0	0	0
figshare-osce	RES0131	1	one	1	1	0	0	1	0	1	?	?	0	0	0	0	0	0	0	0	0	0	0
figshare-osce	RES0131	10 10 being	ten can be	10 10	1	0	0	2	0	3	?	?	0	0	0	0	0	0	1	0	0	0	0
figshare-osce	RES0131	4 a 4 okay so its not the worst headache youve ever had in your life		4 4	1	0	0	2	0	16	?	0	0	0	0	0	0	0	0	0	0	0	1
figshare-osce	RES0131	sick	second	<none>	0	0	0	0	0	1	?	?	1	1	1	1	1	1	0	1	1	1	1
figshare-osce	RES0131	12	twelve	12	1	0	0	1	0	1	?	?	1	0	0	1	1	1	1	0	1	1	1
figshare-osce	RES0131	18 so	eighteen it's	18	1	0	0	1	0	2	?	?	0	0	0	0	0	0	0	0	1	0	1
figshare-osce	RES0131	70s	seventies	70s	1	0	0	1	0	1	1	1	1	0	0	1	0	1	1	0	1	0	1
figshare-osce	RES0131	one of		one	0	1	0	0	1	2	?	?	?	1	1	?	1	?	?	1	1	1	?
figshare-osce	RES0131	symptoms so you could have one of the common strains thats going around this time of year so for that just its um you should just um do some supportive care you know staying hydrated eating well and if your symptoms become worse uh youre running a really high fever you have any neurological symptoms like weakness or seizures then you should seek help from the er how does that sound that sounds good thank you okay great thank you		one	0	1	0	0	1	80	1	1	1	1	1	1	1	1	1	1	1	1	1
figshare-osce	RES0132	1st	first	1st	1	0	0	1	0	1	?	?	0	0	0	0	0	0	0	0	0	1	0
figshare-osce	RES0132	40plus	plus	40plus	1	0	0	1	0	1	?	?	?	0	0	0	0	0	0	?	0	0	0
figshare-osce	RES0132	about okay thank you and um so that was all i wanted to ask about um was there anything else that you wanted to add that i maybe forgot um no thats about it but i how can i treat myself now how do i make this cough go away for sure so um we will first get your vitals here and well see if your oxygen levels um are low then it would be important to put on some oxygen first um just to make sure that thats stable um and from there we will um get a chest xray um and uh run some lab work to to try to help figure out the the diagnosis better but in the meantime well use um some inhalers because its possible that this is a copexacerbation similar to uh last year um and the inhalers should help open up the airways and dilate so make breathing easier and then um also if it is a copexacerbation it will likely require antibiotics as well as some steroids for the the inflammation for five days uh but since your symptoms currently overlap with uh covias well youll have to get a a covinasal swab okay okay for sure okay so uh well get that started okay thank you so much		first first five	0	1	0	0	3	218	1	1	1	1	1	1	1	1	0	0	1	1	0
figshare-osce	RES0133	3	three	3	1	0	0	1	0	1	?	?	?	0	0	0	0	0	0	0	1	0	1
figshare-osce	RES0133	5 10	to ten	5 10	1	0	0	2	0	2	?	?	0	0	0	0	0	0	0	1	0	0	0
figshare-osce	RES0133	5	five	5	1	0	0	1	0	1	?	?	?	0	0	0	0	0	0	0	?	0	0
figshare-osce	RES0133	10	ten	10	1	0	0	1	0	1	?	?	?	?	?	1	0	0	0	0	1	1	0
figshare-osce	RES0133	one	one's	one	0	1	0	0	1	1	?	?	1	?	0	0	0	0	0	0	0	0	1
figshare-osce	RES0133	7	seven	7	1	0	0	1	0	1	?	?	0	0	0	0	0	0	0	0	1	0	1
figshare-osce	RES0133	7	seven	7	1	0	0	1	0	1	?	?	?	0	0	0	0	0	0	0	1	0	1
figshare-osce	RES0133	supportive kind of management so that will mean trying to stay as hydrated as you possibly can over these next um next few days and then also you can use things like if they help like lozenges or something along those lines um but it will it will just take some time for it to come back on its own a few days to a couple of weeks sometimes and the cough could possibly last for um two to four weeks after um after having a viral type illness okay yeah so it could be quite a few weeks that the symptoms last for but since youre having a cough and these symptoms could overlap with coviwell want to get a coviswab today as well um and kind of go from there okay okay that sounds good thank you		two four	0	1	0	0	2	139	1	1	1	1	1	1	1	1	1	1	1	1	0
figshare-osce	RES0134	two	few	two	0	1	0	0	1	1	1	1	1	1	1	1	1	1	1	1	1	1	0
figshare-osce	RES0134	2	two	2	1	0	0	1	0	1	?	?	?	0	0	0	0	0	0	0	0	0	1
figshare-osce	RES0134	25	five	25	1	0	0	1	0	1	1	1	0	0	0	1	1	1	1	0	1	0	1
figshare-osce	RES0135	one	one-year-old	one	0	1	0	0	1	1	0	0	1	1	1	1	1	0	0	1	1	1	0
figshare-osce	RES0135	38 or uh 39	to around thirty nine	38 39	1	0	0	2	0	4	1	1	0	0	0	1	1	1	1	1	1	1	1
figshare-osce	RES0135	38	eight	38	1	0	0	1	0	1	0	0	0	0	0	0	0	0	0	0	0	0	0
figshare-osce	RES0135	39	nine	39	1	0	0	1	0	1	1	1	1	0	0	0	0	0	0	0	0	0	0
figshare-osce	RES0136	100 pm	p m	100	1	0	0	1	0	2	?	?	0	0	0	0	0	0	0	0	0	0	0
figshare-osce	RES0136	200 pm	p m	200	1	0	0	1	0	2	?	?	?	0	0	0	0	0	0	0	0	0	0
figshare-osce	RES0136	um 372	point two	372	1	0	0	1	0	2	?	?	0	0	0	0	0	0	0	0	0	0	0
figshare-osce	RES0136	ill uh ill drink once a week two glasses two or three glasses of wine um any alright so i think that those are all the questions i have for you today do you have any questions or concerns for me um no okay so yeah definitely with the coughing and shortness of breath we will definitely get a coviswab test done um that should come back in the next 24 to 48 hours and then public health will contact you um yeah based on what youre telling me so far we will definitely do a physical examination get your vitals and get your oxygenation and everything done but i also think since you were very drowsy and were had fallen asleep and were really difficult to wake up sometimes you can get whats called aspiration pneumonia um and thats that can also be a possibility and what we will do is get a chest xray get some blood work done as well today um now we may require antibiotics and if your vitals unstable we might actually admit you as well um does that sound good yeah alright so yeah well get those tests done and well be there with you shortly well also get like an ekg done as well sure alright okay		24 48 two two three	1	1	1	2	3	215	0	0	0	0	0	1	0	1	1	0	0	0	0
figshare-osce	RES0137	shes currently in the it seems to be the second phase where shes vomiting and coughing a lot and then it usually after that phase two or three more weeks of just coughing and so were going to do some supportive care for her right now but yeah definitely you should consider vaccinating your child we recommend that to every parent as theres a lot of diseases out there that can be completely prevented if you vaccinate your child okay ill think about it alright so so for now were gonna just make sure that shes doing well okay sure alright take care		second two three	0	1	0	0	3	103	1	1	1	1	1	1	1	1	1	1	1	1	1
figshare-osce	RES0139	maybe three	eat two	three	0	1	0	0	1	2	?	?	0	0	0	0	0	0	0	0	0	0	0
figshare-osce	RES0139	5	five	5	1	0	0	1	0	1	?	?	0	0	0	0	0	0	0	0	0	0	0
figshare-osce	RES0139	6	six	6	1	0	0	1	0	1	?	?	0	0	0	0	0	0	0	0	0	0	0
figshare-osce	RES0139	today if you would like yeah i would really like that thank you youre welcome um yeah but those are all the questions i had for today well definitely do like a physical examination but it seems youve just been having a cough for the last two weeks yeah without any other symptoms um okay so do you have any questions at all for me um no so what well do is since youve had this cough for the last two weeks we definitely want to do a coviswab just in case youve been uh working from home but if there was any potential contact they usually it comes back in 24 to 48 hours okay other than that sometimes uh with a history of smoking you can have something called uh copwe can like after the physical examinations and everything we can potentially discuss doing pulmonary function tests as well um and yeah but other than that it can also just be like a dry cough can be just a viral upper respiratory tract infection that takes two or more weeks to resolve in that case we wouldnt really sure um yeah so well do the physical examination and then go from there sounds great alright take care		24 48 two two two	1	1	1	2	3	209	0	0	0	0	0	1	0	1	0	0	0	0	0
figshare-osce	RES0140	15 years	years for	15	1	0	0	1	0	2	?	?	0	0	0	0	0	0	1	0	0	0	0
figshare-osce	RES0141	um 387	38 7	387	1	0	0	1	0	2	0	0	0	0	0	0	1	0	0	0	0	0	0
figshare-osce	RES0141	1	one	1	1	0	0	1	0	1	?	?	?	0	0	0	0	0	?	0	1	0	0
figshare-osce	RES0141	10	ten	10	1	0	0	1	0	1	?	?	1	?	0	1	0	0	0	0	1	1	0
figshare-osce	RES0141	a 6	uh six	6	1	0	0	1	0	2	?	?	0	0	0	0	0	0	0	0	0	0	0
figshare-osce	RES0141	10	ten	10	1	0	0	1	0	1	?	?	0	0	0	1	0	0	0	0	0	1	0
figshare-osce	RES0142	two alright um	too all right	two	0	1	0	0	1	3	?	?	0	0	0	0	0	0	0	0	0	0	1
figshare-osce	RES0143	a uh	um two	<none>	0	0	0	0	0	2	?	?	?	0	0	0	0	?	?	0	0	0	0
figshare-osce	RES0143	isolate self isolate at home stay away from your parents as well um the test results should come back in 24 to 48 hours and public health will give you a call if your results are positive and well let you know what to do um we will also do a physical exam here and check your temperature to see if you have a fever at all and um yeah does that sound good to you yeah and will i need any like antibiotics for my cough oh um well we i guess you said that you dont have a sore throat at all right no its just that i just feel like the coughs been just going on like it would be nice to just get rid of it well um ill do a physical exam look inside your throat look inside your mouth sorry and listen to your chest and uh ensure that nothing else is going on that you dont have anything like say strep throat or mono or you dont have uh pneumonia uh bacterial pneumonia for instance oftentimes um symptoms that you have are caused by viruses and dont need to be treated with antibiotics uh but ill do a physical exam and maybe have a look at your labs as well and then decide accordingly okay sounds good thank you okay		24 48	1	0	0	2	0	227	0	0	0	0	0	0	0	1	1	0	1	0	1
figshare-osce	RES0144	4	four	4	1	0	0	1	0	1	?	?	0	0	0	0	0	0	1	0	1	0	1
figshare-osce	RES0144	four	4	four	0	1	0	0	1	1	?	?	1	1	1	0	1	0	0	0	0	1	0
figshare-osce	RES0144	5	five	5	1	0	0	1	0	1	?	?	0	0	0	0	0	0	0	0	1	0	1
figshare-osce	RES0145	yeah 4		4	1	0	0	1	0	2	?	?	0	0	0	0	0	0	0	0	0	0	1
figshare-osce	RES0145	382	2	382	1	0	0	1	0	1	?	0	0	0	?	0	0	0	0	0	0	0	0
figshare-osce	RES0146	385	5	385	1	0	0	1	0	1	?	?	0	0	0	0	1	0	0	0	0	0	0
figshare-osce	RES0146	ah	five	<none>	0	0	0	0	0	1	?	?	?	0	1	?	?	?	?	1	?	1	?
figshare-osce	RES0146	your wife i would also recommend if you havent already done so to not i know that the you have symptoms started yesterday evening but just to try to work from home or take some time off of work for the next couple of days at least until you recover test results are back in the next 24 to 48 hours and then from there on follow the advice that youll be getting from public health that sounds really good yeah thank you		24 48	1	0	0	2	0	83	1	1	0	0	0	0	0	1	1	1	1	0	1
figshare-osce	RES0148	a	do2	<none>	0	0	0	0	0	1	?	?	?	1	1	0	0	0	1	?	0	0	0
figshare-osce	RES0148	day or two		two	0	1	0	0	1	3	?	?	?	0	0	?	?	?	0	1	0	?	1
figshare-osce	RES0148	20	twenty	20	1	0	0	1	0	1	?	?	1	?	?	1	1	1	1	?	1	1	1
figshare-osce	RES0148	30	thirty	30	1	0	0	1	0	1	?	?	?	0	?	1	0	1	1	?	1	0	1
figshare-osce	RES0148	two		two	0	1	0	0	1	1	?	?	1	0	?	?	0	0	0	0	0	0	0
figshare-osce	RES0148	go ahead on to the physical exam uh did you have anything that you wanted to add maybe before um that i forgot to ask about uh no ok um so we will start with um some investigations including a a covid swab today just because of your uh general symptoms which do overlap with with covid um although it could as you mentioned uh be something like the common cold um as well um and so we will uh be sure to test for covid and in the meantime we ask you to self isolate um for for 14 days um and we will get back the results um as soon as we can and if your symptoms get worse at any point um then we will uh act accordingly		14	1	0	0	1	0	131	1	1	1	0	0	1	1	1	1	0	1	0	1
figshare-osce	RES0149	in that one	when that's my	one	0	1	0	0	1	3	?	?	1	0	1	1	1	1	1	0	1	1	1
figshare-osce	RES0149	family doctor and my uh he said my sugars were good ok great um alright so um youve been experiencing uh so this this chest pain when you breathe in deeply since this morning um as well as some more difficulty breathing and some left pain uh left leg pain with with some swelling uh have you been after travels as well have you had any other symptoms no i dont think so ok so that was all i wanted to ask today on on history and before i went on to uh the physical exam we want to check uh vital signs and have a listen to your heart and lungs and um measure the diameter of your of your shins as well um but um itll be important to get uh some imaging of your of your lungs um to assess whether or not theres a pulmonary embolism um uh because that would be one of the more um life threatening or potentially um complicating uh causes of whats going on right now sure		one	0	1	0	0	1	176	1	1	0	1	1	1	1	1	1	1	1	1	1
figshare-osce	RES0150	um 395	39 5	395	1	0	0	1	0	2	?	?	0	0	0	0	?	0	0	0	0	0	0
figshare-osce	RES0150	375	5	375	1	0	0	1	0	1	?	?	?	0	0	0	0	0	0	0	0	0	0
figshare-osce	RES0150	385 um	38 5	385	1	0	0	1	0	2	?	?	0	0	0	0	0	0	0	0	0	0	0
figshare-osce	RES0151	7	seven	7	1	0	0	1	0	1	0	0	0	0	0	0	0	0	0	0	1	0	1
figshare-osce	RES0152	half a teaspoon ok	teaspoon each time okay	half	0	1	0	0	1	4	0	0	0	0	0	0	0	1	0	1	1	1	0
figshare-osce	RES0152	two		two	0	1	0	0	1	1	1	1	?	1	1	?	?	?	?	1	1	1	?
figshare-osce	RES0153	like	seven	<none>	0	0	0	0	0	1	?	?	?	0	0	?	0	1	1	0	0	1	?
figshare-osce	RES0153	7		7	1	0	0	1	0	1	?	?	?	0	?	1	?	0	0	?	1	0	1
figshare-osce	RES0154	few	two	<none>	0	0	0	0	0	1	1	1	1	1	1	1	1	1	1	1	1	1	1
figshare-osce	RES0154	4	four	4	1	0	0	1	0	1	0	0	0	0	0	0	0	0	0	0	1	0	1
figshare-osce	RES0154	and then the shortness	when this one so	<none>	0	0	0	0	0	4	1	1	1	1	1	1	1	1	1	1	0	1	0
figshare-osce	RES0154	385	5	385	1	0	0	1	0	1	?	?	0	0	0	0	1	0	0	0	0	0	0
figshare-osce	RES0154	twenties	20s	<none>	0	0	0	0	0	1	0	0	0	0	1	0	0	0	0	1	0	1	0
figshare-osce	RES0154	20s ok	twenties okay	20s	1	0	0	1	0	2	0	0	0	0	0	0	0	0	0	1	0	0	1
figshare-osce	RES0154	50s	fifties	50s	1	0	0	1	0	1	1	1	1	0	0	1	1	1	1	1	1	0	1
figshare-osce	RES0154	fathers side ok um and have you had antibiotics recently or within the last six months for any reason no no antibiotics ok so so that was everything that i wanted to ask today on uh on history um was there anything that you also wanted to mention i i maybe forgot no i think thats all um ok so uh yeah with the the symptoms um it could be um pneumonia which could be bacterial or viral um as well as the possibility of um something like uh like covid which is of course a concern for today so we will go ahead and start those investigations and get a swab um and um you may need antibiotics for um for this if there there is uh pneumonia so well also get a chest xray as well ok alright sounds good		six	0	1	0	0	1	142	1	1	1	1	1	1	1	1	1	1	1	1	0
figshare-osce	RES0156	um	two	<none>	0	0	0	0	0	1	0	0	1	1	0	0	0	0	0	1	?	0	1
figshare-osce	RES0156	2		2	1	0	0	1	0	1	0	0	?	0	0	?	?	?	0	0	1	?	0
figshare-osce	RES0156	theyre worsened by exertion um at this age one thing that definitely we want to check is if she has asthma um she does have some other symptoms that um are associated with asthma like it seems that she gets um some irritation through environmental factors as well so what well do uh for her is get something called a pulmonary function test for her to see thatll test if she in fact has asthma or not and then based on that we will uh see if she needs any puffers um that can help relieve some of her symptoms uh and lastly since shes having a cough well also do a like a covid test just in case as well ok yeah that that sounds good thank		one	0	1	0	0	1	128	1	1	1	1	1	1	1	1	1	1	1	1	1
figshare-osce	RES0158	3	three	3	1	0	0	1	0	1	0	0	0	0	0	0	0	0	?	0	1	0	1
figshare-osce	RES0158	one		one	0	1	0	0	1	1	1	1	?	1	1	1	1	1	1	1	1	1	1
figshare-osce	RES0158	definitely a possibility and a lot of the symptoms that youre having overlap with covid symptoms uh so we will definitely get a covid swab test done for you today it usually comes back in the next 24 to 48 hours and until then uh i would recommend that you isolate either in a room separately wear a mask around your family members um isolate to the best of your abilities not go outside see if someone else can get groceries for you guys uh as well and then um depending on the test public health will contact you with further instructions ok yeah that sounds good thank you youre welcome take care take care		24 48	1	0	0	2	0	115	1	1	0	0	0	1	1	1	1	0	1	0	1
figshare-osce	RES0159	50	fifty	50	1	0	0	1	0	1	?	?	?	0	0	0	0	0	0	0	0	0	0
figshare-osce	RES0159	55	five	55	1	0	0	1	0	1	?	?	0	0	0	0	0	0	0	0	0	0	0
figshare-osce	RES0159	20 30	and thirty	20 30	1	0	0	2	0	2	?	?	0	0	0	1	0	1	1	0	0	0	1
figshare-osce	RES0159	5	five	5	1	0	0	1	0	1	?	?	?	0	0	?	?	0	0	0	0	0	1
figshare-osce	RES0160	5	five	5	1	0	0	1	0	1	0	0	0	0	0	0	0	0	0	0	1	0	1
figshare-osce	RES0160	8	eight	8	1	0	0	1	0	1	0	0	0	0	0	0	0	0	0	0	0	0	0
figshare-osce	RES0160	10	ten	10	1	0	0	1	0	1	0	0	0	0	0	?	0	0	0	0	0	0	0
figshare-osce	RES0160	1	one	1	1	0	0	1	0	1	?	?	0	0	0	0	0	0	0	0	0	0	0
figshare-osce	RES0160	10 with	ten ten	10	1	0	0	1	0	2	?	?	0	0	0	?	?	0	0	0	0	0	0
figshare-osce	RES0160	10		10	1	0	0	1	0	1	?	?	?	0	0	?	?	?	?	1	?	?	0
figshare-osce	RES0160	5	five	5	1	0	0	1	0	1	?	?	0	0	0	0	0	0	0	0	?	0	0
figshare-osce	RES0160	7	seven	7	1	0	0	1	0	1	?	?	0	0	0	0	0	0	0	0	?	0	0
figshare-osce	RES0161	5	five	5	1	0	0	1	0	1	0	0	0	0	0	0	0	0	0	0	1	0	1
figshare-osce	RES0161	in their 50s but	and they're fifty um	50s	1	0	0	1	0	4	1	1	1	0	0	1	1	1	?	1	1	0	1
figshare-osce	RES0162	3	three	3	1	0	0	1	0	1	0	0	0	0	0	0	0	0	0	0	0	0	1
figshare-osce	RES0162	1015	10-15	1015	1	0	0	1	0	1	1	1	?	0	0	0	1	0	0	0	0	0	0
figshare-osce	RES0164	3	three	3	1	0	0	1	0	1	0	0	?	0	0	0	0	0	0	0	0	0	1
figshare-osce	RES0164	but i im thinking he got all his immunizations when he uh came to when we moved to canada ok and is he complaining of joint or muscle aches at all no no nothing like that ok alright so yeah well do it like a full physical examination and if its more just a viral itll be something that well just have to monitor and do supportive care for but if its anything else we might need to do further investigations ok and well just do a coviswab for him today as well as some of the symptoms overlap with covisymptoms and you will get the results back in 24 hours to 48 hours and then further instruction from public health sounds great alright well take care talk to you soon		24 48	1	0	0	2	0	131	1	1	0	0	0	1	1	1	0	1	1	0	1
figshare-osce	RES0165	two	ten	two	0	1	0	0	1	1	?	?	?	1	0	0	0	0	1	0	0	0	0
figshare-osce	RES0165	half ok and can		half	0	1	0	0	1	4	?	?	1	1	0	0	0	0	0	1	0	0	1
figshare-osce	RES0165	2	two	2	1	0	0	1	0	1	?	?	0	0	0	0	0	0	?	?	1	0	1
figshare-osce	RES0166	4	four	4	1	0	0	1	0	1	?	?	?	0	0	0	0	0	0	0	0	0	1
figshare-osce	RES0167	4	four	4	1	0	0	1	0	1	0	0	?	0	0	0	0	0	0	0	1	0	0
figshare-osce	RES0167	5	five	5	1	0	0	1	0	1	0	0	?	0	0	0	0	0	0	0	0	0	0
figshare-osce	RES0167	uhm ok so for 5	okay sorry four or five	5	1	0	0	1	0	5	0	0	0	0	0	0	0	0	0	0	0	0	0
figshare-osce	RES0167	1		1	1	0	0	1	0	1	0	0	0	0	0	0	0	0	0	0	1	0	?
figshare-osce	RES0168	3 now like		3	1	0	0	1	0	3	?	?	0	0	0	0	0	0	0	0	1	0	1
figshare-osce	RES0168	24 to 48	four or forty-eight	24 48	1	0	0	2	0	3	0	0	1	0	0	1	0	1	1	0	1	0	1
figshare-osce	RES0168	so we will prescribe some antibiotics for you probably amoxicillin take those for five to seven days and see if some of your symptoms clear up if they continue to be severe umm actually at this will also prescribe you some inhaled corticosteroids because i think those can help as well so will give you both of those for now and then just follow up with us in a week after youve tried both things and well see how your symptoms are holding up at that point does that sound like a good plan to you yeah i think that sounds that sounds fair yeah thank you ok yeah no problem		five seven	0	1	0	0	2	111	1	1	0	0	1	0	1	1	1	1	1	1	0
figshare-osce	RES0169	two	too	two	0	1	0	0	1	1	?	?	1	0	0	0	0	0	0	0	1	1	1
figshare-osce	RES0170	w1	one	w1	1	0	0	1	0	1	?	?	0	0	0	0	0	0	0	0	0	0	0
figshare-osce	RES0170	of the night and thats not good so well we can be prescribed some puffers and see if those help and also get some testing done do you have any other questions for me uhm no yeah i was just wondering about so like the wheezing and all of that could be with from asthma too uhm yeah i would think so but again well get the testing done and see if there are any other any other causes ok you said the wheezing sort of lasts only 30 to 30 minutes to an hour and then gets better yeah i dont notice that any other times yes its possibly i mean i would think its asthma but then well get the testing done and see ok great thank you		30 30	1	0	0	2	0	130	0	0	0	0	0	1	1	1	1	0	1	0	1
figshare-osce	RES0171	2	two	2	1	0	0	1	0	1	?	?	0	0	0	0	0	0	0	0	1	0	1
figshare-osce	RES0171	2	two	2	1	0	0	1	0	1	0	0	0	?	0	1	1	1	1	1	1	0	1
figshare-osce	RES0171	68	um	68	1	0	0	1	0	1	1	1	1	0	?	1	1	1	1	0	1	1	1
figshare-osce	RES0171	ive lost a few pounds but not enough definitely want to keep going ok good good as long as you feel that you what youre currently doing is helping you and is helping you reduce weight thats great but also im here for you if you need more education or guidance on that so given what youve told me so far it sounds like you might have developed a clot in your leg somewhere simply because you had a surgery and you were not moving around very much sometimes that causes the blood to kind of not move around your body is as as much as it usually does and kind of stays in one place and get turned into a clot and that clot can sometimes get dislodged and settle into your lungs and that can make it difficult for you to breathe so well do some tests that thats what my understanding is given what youve told me so far but we do have to confirm it using a test also the fact that you smoke and your weight and your bmi is high increases your risk of developing a clot so i would definitely strongly recommend that you continue to try to reduce both and try to quit smoking and so well do an ultrasound of your leg and well do a scan of your chest and see whats going on and then decide if we need to give you any medications like any blood thinning medications ok yeah that sounds really good thank you welcome		one	0	1	0	0	1	259	0	0	1	1	0	1	1	1	1	1	1	1	1
figshare-osce	RES0172	381	1	381	1	0	0	1	0	1	?	?	0	0	0	0	?	0	0	0	0	0	0
figshare-osce	RES0172	two ok	mm-hmm okay	two	0	1	0	0	1	2	?	?	1	1	1	1	1	1	1	1	1	1	0
figshare-osce	RES0172	10	ten	10	1	0	0	1	0	1	?	?	?	0	0	?	0	0	0	?	1	0	0
figshare-osce	RES0172	10	ten	10	1	0	0	1	0	1	?	?	1	0	0	?	?	0	0	?	1	0	0
figshare-osce	RES0172	5 ok	five okay	5	1	0	0	1	0	2	?	?	?	0	0	0	0	0	0	0	0	0	0
figshare-osce	RES0172	tylenol	tenth	<none>	0	0	0	0	0	1	?	?	?	1	1	?	?	0	1	1	1	1	1
figshare-osce	RES0172	but my taste has been ok good well thats all the questions i had for you given that your symptoms sort of sound like you may have a viral or bacterial infection and seeing that you were you had some exposure to to other people even though they werent sick it could it could be that they they had some sort of an illness that they could transmit that they werent just showing symptoms at the time we will get a covid swab done just to make sure that thats not whats happening it could be that and ill recommend that you continue to you know take tylenol and rest and take care of yourself and if your symptoms worsen or stay the same for long period of time definitely come back or call public health to get some guidance and try to stay away from others and self isolate for the next couple of days or at least clear covid swabs back or your symptoms improve or the next 14 days so thats all i have for you today do you have any questions for me no that sounds really good thank you		14	1	0	0	1	0	194	1	1	0	0	0	1	1	0	1	0	1	0	1
figshare-osce	RES0173	12	twelve	12	1	0	0	1	0	1	?	?	1	0	0	1	0	1	1	0	0	0	0
figshare-osce	RES0173	14	fourteen	14	1	0	0	1	0	1	?	?	?	0	?	1	?	1	1	0	?	?	0
figshare-osce	RES0173	three	two	three	0	1	0	0	1	1	?	?	1	1	1	1	1	1	1	0	0	1	0
figshare-osce	RES0173	two youre	who you're	two	0	1	0	0	1	2	?	?	0	0	0	0	0	0	0	0	0	0	0
figshare-osce	RES0174	10	ten	10	1	0	0	1	0	1	?	?	0	0	0	1	0	1	1	0	1	1	1
figshare-osce	RES0176	30	thirty	30	1	0	0	1	0	1	?	?	1	0	0	1	1	1	1	0	1	0	1
figshare-osce	RES0177	387	7	387	1	0	0	1	0	1	?	?	?	0	0	0	0	0	0	0	0	0	0
figshare-osce	RES0177	for five days and just keep monitoring his symptoms they should resolve in about 5 days when the course of antibiotics is complete if his condition gets worse like hes getting neurological deficits like weakness or seizures just take him to the er and if symptoms dont resolve in five to seven days we can do further work up or things like fungal infections or tb or things like that how does that sound that sounds great thank you ok yeah no problem		5 five five seven	1	1	1	1	3	83	0	0	0	0	0	0	0	0	0	0	1	0	0
figshare-osce	RES0178	1st	first	1st	1	0	0	1	0	1	0	0	0	0	0	0	0	0	0	0	0	0	0
figshare-osce	RES0178	38	thirty-eight	38	1	0	0	1	0	1	?	1	1	0	0	?	0	1	1	0	1	0	1
figshare-osce	RES0178	8 ok	eight okay	8	1	0	0	1	0	2	?	?	1	0	0	1	0	1	1	0	1	0	1
figshare-osce	RES0179	20	twenty	20	1	0	0	1	0	1	?	?	0	0	0	0	?	0	0	0	0	0	0
figshare-osce	RES0179	30	thirty	30	1	0	0	1	0	1	?	?	0	0	0	0	0	0	0	0	0	0	0
figshare-osce	RES0179	20	twenty	20	1	0	0	1	0	1	?	?	0	0	0	0	0	0	0	0	0	0	0
figshare-osce	RES0179	30	thirty	30	1	0	0	1	0	1	?	?	0	0	0	0	0	0	0	0	0	0	0
figshare-osce	RES0179	200	hundred	200	1	0	0	1	0	1	?	?	?	0	0	1	1	1	1	0	1	1	1
figshare-osce	RES0179	170s	seventies	170s	1	0	0	1	0	1	?	?	0	0	0	1	0	1	1	0	0	0	1
figshare-osce	RES0179	5	five	5	1	0	0	1	0	1	?	?	0	0	?	1	?	0	0	0	0	0	0
figshare-osce	RES0179	10	ten	10	1	0	0	1	0	1	1	1	?	0	0	0	0	0	0	0	0	0	0
figshare-osce	RES0179	60	sixty	60	1	0	0	1	0	1	0	0	?	0	0	1	1	1	1	0	1	0	1
figshare-osce	RES0179	2	two	2	1	0	0	1	0	1	0	0	?	0	0	0	0	0	0	0	1	0	1
figshare-osce	RES0179	just like well really worried that i i could have lung cancer yeah for sure so that is quite high on my differential right now just because of your age your smoking history and just the way youre presenting so were gonna do a couple of things were going to do a covid swab just to rule that out you should hear back in about 24 to 48 hours but we will do investigations for lung cancer so well start by doing a chest xray just to look for a mass or effusions and then from there if we		24 48	1	0	0	2	0	99	1	1	1	1	1	1	1	1	1	1	1	1	1
figshare-osce	RES0180	2	two	2	1	0	0	1	0	1	?	?	0	?	0	0	0	0	0	0	1	0	1
figshare-osce	RES0180	1st	first	1st	1	0	0	1	0	1	?	?	0	0	0	0	0	0	0	0	1	0	0
figshare-osce	RES0180	one	1	one	0	1	0	0	1	1	?	?	?	1	1	0	1	1	0	0	1	1	0
figshare-osce	RES0180	a four	4 it's	four	0	1	0	0	1	2	?	?	1	0	0	0	1	1	1	1	1	1	0
figshare-osce	RES0180	any	2015	<none>	0	0	0	0	0	1	?	?	1	1	1	1	1	1	1	1	1	1	1
figshare-osce	RES0180	achey	80	<none>	0	0	0	0	0	1	?	?	1	1	1	1	1	1	1	1	1	1	1
figshare-osce	RES0180	uhm alright i think those are all the questions that i had for you did you have any questions of your own for myself i was just well worried about covid and was just wondering what i should do yeah for sure so we are youre a lot of your symptoms do overlap with those of covid so we are going to take a swab today and you should hear back in about 24 to 48 hours but you should isolate for 14 days and that includes from family family members if possible uhm and basically just keep an eye on your symptoms if they get worse or youre having like neurological symptoms you should seek help from the er but otherwise keep yourself hydrated eat well if you have a humidifier in the basement use it and for your fevers you can take antipyretics like tylenol and just its its just a lot of supportive care how does that sound and obviously like if your symptoms arent going away after like a few weeks call us back and it could be something like bacterial in which case we can give you some antibiotics ok yeah that sounds great thank you yeah no problem		24 48 14	1	0	0	3	0	204	1	1	1	0	0	1	1	1	1	0	1	0	1
figshare-osce	RES0181	388 ok	8 okay	388	1	0	0	1	0	2	?	?	0	0	0	0	1	0	0	0	0	0	0
figshare-osce	RES0181	10	ten	10	1	0	0	1	0	1	?	?	1	0	0	1	1	1	1	?	1	1	1
figshare-osce	RES0181	2	two	2	1	0	0	1	0	1	?	?	0	0	0	0	0	0	0	0	1	0	1
figshare-osce	RES0182	2	two	2	1	0	0	1	0	1	0	0	0	0	0	0	0	0	?	0	1	0	1
figshare-osce	RES0182	30	thirty	30	1	0	0	1	0	1	1	1	0	0	0	1	?	1	1	1	1	1	0
figshare-osce	RES0182	8	eight	8	1	0	0	1	0	1	0	0	0	0	0	0	0	0	0	0	0	0	0
figshare-osce	RES0183	387	7	387	1	0	0	1	0	1	?	?	0	0	0	0	1	0	0	0	0	0	0
figshare-osce	RES0185	night	eight	<none>	0	0	0	0	0	1	1	1	?	1	1	1	?	1	1	1	1	1	1
figshare-osce	RES0186	38 point	thirty eight	38	1	0	0	1	0	2	?	?	1	0	0	0	0	1	1	0	1	1	1
figshare-osce	RES0186	5 ok	five okay	5	1	0	0	1	0	2	1	1	1	0	0	?	?	1	1	0	1	?	1
figshare-osce	RES0186	so thats kind of top on my list right now to rule out so we will do a covid swab and you should hear back in about 24 to 48 hours with those results in the meantime you should isolate for for about 14 days and if your symptoms get worse go to the er and if youre experiencing things like weakness seizures like and youre not getting any better in a couple of weeks or you feel dehydrated otherwise supportive care at home keeping yourself hydrated eating well sleeping well all of those will definitely help as well does that sound ok yeah it does thank you ok yeah no problem		24 48 14	1	0	0	3	0	112	1	1	1	1	1	1	1	1	1	1	1	1	1
figshare-osce	RES0187	50s ok	fifties um	50s	1	0	0	1	0	2	1	1	1	0	0	1	0	1	1	1	1	0	1
figshare-osce	RES0187	3	three	3	1	0	0	1	0	1	0	0	0	0	0	0	0	0	0	0	0	0	0
figshare-osce	RES0187	4	four	4	1	0	0	1	0	1	0	0	0	0	0	0	0	0	0	0	0	0	0
figshare-osce	RES0187	2	two	2	1	0	0	1	0	1	0	0	0	0	0	0	0	0	0	0	0	0	0
figshare-osce	RES0187	dont think so i just wanted to see what this might be yeah for sure uhm so we are going to do a covid swab on you because a lot of your symptoms do align with those of covid so we just want to rule that out first so you should hear back in about 24 to 48 hours uhm in the meantime you should isolate for two weeks and if its not covid it could be another viral infection thats been going around this time of year either way kind of management plan is the same so make sure youre hydrated eat well sleep well and if your symptoms become worse severe or there any red flags like you have neurological symptoms like seizures or weakness where you can move your limbs you should seek help from the er how does that sound ok that sounds good thank you ok yeah no problem		24 48 first two	1	1	1	2	2	154	1	1	1	0	0	1	0	1	1	0	1	0	0
figshare-osce	RES0188	385	5	385	1	0	0	1	0	1	?	?	0	0	0	0	0	0	0	0	0	0	0
figshare-osce	RES0188	5	five	5	1	0	0	1	0	1	0	0	0	0	0	0	0	0	0	0	1	0	0
figshare-osce	RES0188	6 5 or 6 ok	six five to six okay	6 5 6	1	0	0	3	0	5	?	?	?	0	0	0	0	0	0	0	0	0	1
figshare-osce	RES0190	384	4	384	1	0	0	1	0	1	0	0	0	0	0	0	0	0	0	0	0	0	0
figshare-osce	RES0190	5	five	5	1	0	0	1	0	1	0	0	0	0	0	0	0	0	0	0	1	0	1
figshare-osce	RES0191	55 ok uhm alright	fifty-five okay all right	55	1	0	0	1	0	4	0	0	1	0	0	1	1	1	1	0	1	1	1
figshare-osce	RES0192	2	two	2	1	0	0	1	0	1	?	?	?	0	0	0	0	0	0	?	1	0	1
figshare-osce	RES0193	30	thirty	30	1	0	0	1	0	1	1	1	0	0	0	0	0	0	0	0	0	0	0
figshare-osce	RES0193	60	sixty	60	1	0	0	1	0	1	1	1	1	0	?	0	0	0	0	0	0	0	0
figshare-osce	RES0193	2 2	two two	2 2	1	0	0	2	0	2	0	0	0	0	0	0	0	0	0	0	0	0	1
figshare-osce	RES0193	hes six years old right he is yes ok		six	0	1	0	0	1	9	1	1	1	1	1	1	1	1	1	1	1	1	1
figshare-osce	RES0193	six he		six	0	1	0	0	1	2	0	0	1	1	0	0	1	1	1	0	1	1	0
figshare-osce	RES0194	3	three	3	1	0	0	1	0	1	0	0	0	0	0	0	0	0	0	0	0	0	0
figshare-osce	RES0194	4	four	4	1	0	0	1	0	1	0	0	?	0	0	0	0	0	0	0	0	0	0
figshare-osce	RES0194	with the cluster of symptoms that someone may get with covid so we will do a swab on you today and recommend that you isolate for two weeks until your symptoms have gone and the test result you will get you will get back in the next 24 to 48 hours and alongside your test results so you will also get further instructions from public health about whether or not you need another swab later on and when to return to work ok that yeah that sounds good thank you yeah no worries and it can definitely also be another viral infection as well even if its not covid in which case it just you just need to get some rest stay hydrated and let it take its course ok now that sounds that sounds good so it could be covid or like another viral illness yeah ok thank you welcome take care take care hey		24 48 two	1	1	1	2	1	156	1	1	1	0	0	1	0	1	1	0	1	0	0
figshare-osce	RES0195	2 3	two three	2 3	1	0	0	2	0	2	0	0	0	0	0	0	0	0	0	0	0	0	0
figshare-osce	RES0195	15	fifteen	15	1	0	0	1	0	1	1	1	0	0	0	1	1	1	1	0	1	1	1
figshare-osce	RES0195	15	fifteen	15	1	0	0	1	0	1	1	1	0	0	0	?	?	1	1	0	1	1	1
figshare-osce	RES0195	one	1	one	0	1	0	0	1	1	1	1	0	1	1	?	1	0	0	0	0	1	0
figshare-osce	RES0195	an auto immune disease that affects the lungs so we need to rule out something like sarcoidosis which can cause fibrosis in your lungs and cause shortness of breath so just to work that up will get a chest x ray and also do some inflammatory marker tests like cresr and some other rheumatological tests as well and based on what comes back we may have to refer you to a rheumatologist for further management and treatment yeah so lets just do some of those tests 1st and then well go from there you have any questions no that sounds great thank you so much youre welcome and you may need depending on what we find steroid treatment today or until you see the rheumatologist ok alright take care you too		1st	1	0	0	1	0	131	0	0	0	0	0	0	0	0	0	0	1	0	0
figshare-osce	RES0196	shes 8	she's eight	8	1	0	0	1	0	2	?	?	0	0	0	0	0	1	0	?	1	0	1
figshare-osce	RES0196	388 and	eight um	388	1	0	0	1	0	2	0	0	?	0	0	0	0	0	0	0	0	0	0
figshare-osce	RES0196	2 ok then	two okay and	2	1	0	0	1	0	3	0	0	?	0	0	0	0	0	0	0	1	0	1
figshare-osce	RES0196	3	three	3	1	0	0	1	0	1	0	0	0	0	0	0	0	0	0	?	0	0	1
figshare-osce	RES0196	2	two	2	1	0	0	1	0	1	0	0	?	0	0	0	0	0	0	?	0	0	1
figshare-osce	RES0196	uh 388 388 ok ok and	8 38 8 okay okay has	388 388	1	0	0	2	0	6	?	?	0	0	0	0	0	0	0	0	0	0	0
figshare-osce	RES0196	4	four	4	1	0	0	1	0	1	0	0	0	0	0	0	0	0	0	0	0	0	0
figshare-osce	RES0196	one		one	0	1	0	0	1	1	?	?	1	1	0	0	1	1	1	1	0	1	0
figshare-osce	RES0196	4	four	4	1	0	0	1	0	1	0	0	0	0	0	0	0	0	0	0	0	0	0
figshare-osce	RES0196	7	seven	7	1	0	0	1	0	1	0	0	0	0	0	1	0	0	0	0	0	0	0
figshare-osce	RES0196	ok uh and uh any anyone smoke in the house at all no no ok alright so those are all the questions i had for her today so definitely since there is a risk that she might be having another ear infection we will need to do like a full physical examination ill have to look into her ear to see if i see any inflammation or perforation and then based on that well discuss some management she may require some antibiotics like she has had before but that will depend on what i see on physical examination she has been having a fever so she might and its only been three days right so we may even do some conservative management and get her to take some maybe pain medications and then go from there or ear drops ok uh but yeah so well do the examination and then go from there she said she has besides the fever and that your pain shes not really having any other symptoms so i dont think she needs to get tested for covid right now but thats something we can consider as well if she develops other symptoms ok that sounds great thank you your welcome take care you too		three	0	1	0	0	1	209	1	1	1	1	1	1	1	1	1	1	1	1	1
figshare-osce	RES0197	5 ok	five okay	5	1	0	0	1	0	2	0	0	0	0	0	0	0	0	0	?	1	0	1
figshare-osce	RES0198	one	1	one	0	1	0	0	1	1	?	?	0	1	1	0	1	0	0	0	0	1	0
figshare-osce	RES0198	7 ok	seven okay	7	1	0	0	1	0	2	?	?	0	0	?	0	0	0	0	0	1	0	1
figshare-osce	RES0198	those were all the questions that i had for you today do you have any questions for me i yeah how do i get rid of this and its really been bugging me yeah it kind of so just a stuffy nose in the runny nose it seems like its most likely a viral infection like the common cold it takes a few weeks for the symptoms to get relieved but theres not much that we can do besides supportive care so make sure you get you stay well hydrated you can use over the counter medications uh like tylenol cold now if you to relieve some of your symptoms but since right now were in a pandemic some of these symptoms can also be seen in covid patients so we will also get a swab done for you today and you should have the results back by 48 hours um until then we recommend that you stay isolated in your own home and not see anyone else and then once the results come back youll get further instructions from public health ok that sounds great thank you your welcome take care you too bye		48	1	0	0	1	0	195	1	1	1	1	1	1	1	1	1	1	1	1	1
figshare-osce	RES0199	cough started first	coughs are worse	first	0	1	0	0	1	3	0	0	1	1	1	1	1	0	1	1	1	1	1
figshare-osce	RES0199	7 ok uhm	seven okay um	7	1	0	0	1	0	3	0	0	0	0	0	0	0	1	0	0	1	0	1
figshare-osce	RES0199	2	two	2	1	0	0	1	0	1	0	0	?	0	?	0	0	0	0	0	1	0	1
figshare-osce	RES0199	the only places i maybe have been in contact with someone is maybe at work in like the lunch room and things like that ok ok and sorry where do you work i work at a car dealership ok ok an any travel recently no ok has anyone at your work been sick as well no i havent really noticed anyone being sick ok ok well those were the questions that i had for you did you have any questions of your own for me no i i was just wondering what this can be um yeah so the first thing we want to rule out as covid because a lot of your symptoms overlap with those of covid so well take a swab and you should get those results in about 24 to 48 hours in the meantime you should isolate for 14 days and if your results are positive public health will be in touch with you to do some contact tracing but if its not covid it could be another viral illness thats going around this time of year that could be causing similar symptoms as well but either way the management kind of is supportive so making sure youre well hydrated eating nutritious food sleeping well taking antipyretics like tylenol for fevers if you get any and you can also take tylenol or anseads for muscle ache joint pains anything like that does that sound ok yeah that sounds good thank you ok great no problem		24 48 14 first	1	1	1	3	1	250	1	1	1	0	0	1	0	1	1	0	1	0	1
figshare-osce	RES0200	10	ten	10	1	0	0	1	0	1	?	?	1	0	0	1	0	1	1	1	1	0	1
figshare-osce	RES0200	10	ten	10	1	0	0	1	0	1	?	?	?	0	0	1	1	1	1	1	1	1	1
figshare-osce	RES0200	2	two	2	1	0	0	1	0	1	?	?	0	0	0	0	0	0	0	0	0	0	0
figshare-osce	RES0200	and shortness of breath and both of these things youve had for a while but now theyre getting worse and based on your past history of copi would say this sounds like a copexacerbation so for that we will start off with some basic blood work like cbc electrolytes your kidney function abg s as well as like a chest x ray and basically we should treat it were going to take your oxygen saturation an give you some extra oxygen if you need we ll continue to use your bronchodilators an and in addition to both of that will also give you some steroids as well as antibiotics and just to prevent any infections or if you already have it then it can help with that as well and because your symptoms somewhat overlap with those of covid will also do a covid swab just to make sure its not that and you should hear back about those results in 24 to 48 hours how does that sound that sounds good thank you ok yeah no problem		24 48	1	0	0	2	0	178	1	1	0	0	0	1	0	1	1	0	1	0	1
figshare-osce	RES0201	covid 19	covid-19 and	19	1	0	0	1	0	2	0	0	0	0	0	0	0	0	0	0	0	0	0
figshare-osce	RES0202	hes 5	he's five	5	1	0	0	1	0	2	0	0	0	0	0	0	0	0	0	0	1	0	1
figshare-osce	RES0202	1001 if	100 1	1001	1	0	0	1	0	2	0	0	0	0	0	0	1	0	0	0	0	0	0
figshare-osce	RES0202	five		five	0	1	0	0	1	1	1	1	1	1	?	?	?	?	?	1	1	1	?
figshare-osce	RES0202	like 3 days	three days like	3	1	0	0	1	0	3	0	0	0	0	0	0	0	0	0	0	0	0	1
figshare-osce	RES0204	four	four-year-old	four	0	1	0	0	1	1	0	0	1	1	1	1	1	0	1	1	1	1	0
figshare-osce	RES0206	3	three	3	1	0	0	1	0	1	0	0	?	0	0	0	0	0	0	0	1	0	1
figshare-osce	RES0206	uhm 4 5	four or five	4 5	1	0	0	2	0	3	?	0	?	0	0	0	0	0	0	0	0	0	1
figshare-osce	RES0206	1st	first	1st	1	0	0	1	0	1	?	?	0	0	0	0	0	0	0	0	1	0	0
figshare-osce	RES0206	i quit once they said i have copi smoked 12 pack a day for probably 20 years ok ok and do you consume marijuana or any recreational drugs no ok uh alright well i guess one more question are there any lung diseases or heart conditions or cancers that run in the family no nothing that i can think of alright well thats those are all the questions i had for you i will now do it physical exam and look at your vitals and listen to your chest its likely that what you have right now is copexacerbation maybe just a like an infection that you got which worsened some of your copsymptoms we would also have to rule out covid so well be doing a covid swab and will decide based on the on your labs in your vital signs its instead of other things whether you need to stay in the er and be admitted or if you are good to go home i will also talk to my attending and will make those decisions together and come back and talk to you does that sound good to you yeah that sounds great thank you your welcome		12 20 one	1	1	1	2	1	200	0	0	0	1	1	1	1	1	1	1	1	1	1
figshare-osce	RES0207	374	four	374	1	0	0	1	0	1	?	?	0	0	0	0	1	0	0	0	0	0	0
figshare-osce	RES0207	right ok so are you currently working i i am yeah what do you do for work i m an accountant ok cool are you working from home or still working out i m working from home yeah nice and thats sounds great ok and uh do you smoke i don t no do you drink alcohol on the weekends one or two class says a wine ok and did you use any other substances no i dont ok i think that about covers my questions for now so im gonna take everything we talked about im going to go over it with the doctor was working today and now well come back shortly and talk to you about the next steps if theres any tests we want to do or how we want to move forward with this so yeah thats great ok sure see you shortly		one two	0	1	0	0	2	148	0	0	0	1	0	0	0	0	0	1	1	1	0
figshare-osce	RES0208	much	one	<none>	0	0	0	0	0	1	?	?	?	?	?	?	?	1	?	?	?	?	1
figshare-osce	RES0208	ray just to make sure or just to see if theres anything a infection that is settling in your chest and a covid swab and then uh go from there we ll decide whether you need to stay in the you need to stay in the hospital and if you can go home based on those results but if you are to go home we would request that you stay away from from everyone so including your wife try to self isolate as much as possible and your results should come out in 24 to 48 hours and then the public health nurse should tell you what to do if your results are positive ok ok no that sounds fair all right well lets do a physical exam and then go from there ok thank you youre welcome		24 48	1	0	0	2	0	138	1	1	0	0	0	0	0	1	1	0	1	0	1
figshare-osce	RES0209	youre 10	you're ten	10	1	0	0	1	0	2	?	?	0	0	0	0	0	1	1	0	0	1	1
figshare-osce	RES0209	uh both we	um well three	<none>	0	0	0	0	0	3	?	?	1	1	0	0	0	0	1	1	0	0	0
figshare-osce	RES0210	1	one	1	1	0	0	1	0	1			0	0	0	0	0	0	0	0	1	0	0
figshare-osce	RES0212	2	two	2	1	0	0	1	0	1	?	?	0	0	?	0	0	0	0	0	1	0	1
figshare-osce	RES0212	one		one	0	1	0	0	1	1	?	?	1	1	0	1	1	?	?	1	1	1	?
figshare-osce	RES0212	5	five	5	1	0	0	1	0	1	?	?	0	0	?	0	0	0	0	?	0	0	0
figshare-osce	RES0212	6	six	6	1	0	0	1	0	1	?	?	?	0	?	0	0	0	0	?	0	0	0
figshare-osce	RES0212	2	two	2	1	0	0	1	0	1	?	?	0	0	?	0	0	0	0	?	0	0	0
figshare-osce	RES0213	26	26-year-old	26	1	0	0	1	0	1	?	?	1	0	?	1	1	1	1	1	1	1	0
figshare-osce	RES0213	a week and a half		half	0	1	0	0	1	5	?	?	?	?	?	?	?	1	0	1	1	1	?
figshare-osce	RES0213	smoked 5	smoke five	5	1	0	0	1	0	2	?	?	0	0	0	0	0	0	0	0	1	0	1
figshare-osce	RES0213	one ok	night okay	one	0	1	0	0	1	2	?	?	0	0	?	0	0	1	1	1	0	1	0
figshare-osce	RES0214	2	two	2	1	0	0	1	0	1	0	0	?	0	0	0	0	0	0	0	0	0	1
figshare-osce	RES0215	8	eight-year-old	8	1	0	0	1	0	1	0	0	?	0	0	0	0	0	0	0	1	0	0
figshare-osce	RES0215	8	eight	8	1	0	0	1	0	1	?	?	?	0	0	0	0	0	0	1	1	0	1
figshare-osce	RES0215	8	eight	8	1	0	0	1	0	1	?	?	0	0	0	0	0	0	0	0	1	0	1
figshare-osce	RES0215	8 pounds	eight pains	8	1	0	0	1	0	2	?	?	0	?	0	0	0	0	0	1	1	0	1
figshare-osce	RES0215	8 pounds		8	1	0	0	1	0	2	?	?	0	?	0	?	0	0	?	1	1	0	?
figshare-osce	RES0215	one		one	0	1	0	0	1	1	?	?	1	1	?	1	1	1	?	1	?	1	1
figshare-osce	RES0215	3	three	3	1	0	0	1	0	1	?	?	0	0	0	0	0	0	0	1	1	0	1
figshare-osce	RES0216	3	three	3	1	0	0	1	0	1	0	0	?	0	?	0	0	0	0	0	1	0	1
figshare-osce	RES0216	3	three	3	1	0	0	1	0	1	?	0	?	0	?	0	0	0	0	0	0	0	0
figshare-osce	RES0216	sounds like a chest tightness and you havent had any pain associated with it so that puts more cardiac ischemic pictures kind of lower on the differential but of course were going to try one thing at a time and then well come back to the table um depending on how youre feeling after that ok sounds great thank you no problem ok ill go talk to the doctor ill be back with you in a moment thank you		one	0	1	0	0	1	79	1	1	0	1	1	1	1	1	1	1	1	1	1
figshare-osce	RES0217	the	double	<none>	0	0	0	0	0	1	?	1	1	1	1	1	1	1	1	1	1	1	1
figshare-osce	RES0217	10	ten	10	1	0	0	1	0	1	1	1	?	0	0	1	0	1	1	0	1	0	1
figshare-osce	RES0217	one	the	one	0	1	0	0	1	1	?	?	1	0	1	1	1	1	1	0	1	1	1
figshare-osce	RES0217	one	one's	one	0	1	0	0	1	1	0	0	0	1	0	?	1	0	0	1	1	1	1
nazmulkazi	D0420-S1-T01	what	one	<none>	0	0	0	0	0	1	?	?	1	1	?	?	1	1	1	1	1	1	1
nazmulkazi	D0420-S1-T01	at 2	it to	2	1	0	0	1	0	2	0	0	0	0	0	0	0	0	0	0	0	0	0
nazmulkazi	D0420-S1-T02	9	nine	9	1	0	0	1	0	1	0	0	0	0	0	0	0	0	0	0	0	0	0
nazmulkazi	D0420-S1-T02	5	5-5	5	1	0	0	1	0	1	0	0	0	0	0	0	0	0	0	?	0	0	0
nazmulkazi	D0420-S1-T02	5		5	1	0	0	1	0	1	0	0	?	0	?	?	0	0	0	?	?	0	?
nazmulkazi	D0420-S1-T03	4	four	4	1	0	0	1	0	1	0	0	0	0	0	0	0	0	0	0	0	0	1
nazmulkazi	D0420-S1-T04	3	three	3	1	0	0	1	0	1	0	0	?	0	0	0	0	0	0	0	0	0	1
nazmulkazi	D0420-S1-T04	of 6	is six	6	1	0	0	1	0	2	0	0	0	0	0	0	0	0	0	0	1	0	1
nazmulkazi	D0420-S1-T04	for	four	<none>	0	0	0	0	0	1	0	0	0	0	0	0	0	0	0	0	0	0	0
nazmulkazi	D0420-S1-T04	4 year old		4	1	0	0	1	0	3	0	0	?	0	0	0	0	?	?	0	0	0	?
nazmulkazi	D0420-S1-T04	one	when	one	0	1	0	0	1	1	0	0	0	0	0	0	0	0	0	0	0	0	0
nazmulkazi	D0420-S1-T05	if you can	it began six	<none>	0	0	0	0	0	3	0	0	0	0	0	0	0	0	0	0	1	0	1
nazmulkazi	D0420-S1-T05	6		6	1	0	0	1	0	1	?	?	?	?	?	?	?	?	?	?	1	?	1
nazmulkazi	D0420-S1-T05	to	two	<none>	0	0	0	0	0	1	1	1	1	1	1	1	1	0	0	0	0	0	0
nazmulkazi	D0420-S2-T01	2	two	2	1	0	0	1	0	1	0	0	0	0	0	0	0	0	0	0	0	0	1
nazmulkazi	D0420-S2-T01	die for scanes	dye four skeins	<none>	0	0	0	0	0	3	0	0	?	0	0	0	0	0	0	0	0	0	0
nazmulkazi	D0420-S2-T01	two	too	two	0	1	0	0	1	1	0	0	0	0	0	0	0	0	0	0	0	0	0
nazmulkazi	D0420-S2-T01	4	time	4	1	0	0	1	0	1	0	0	0	0	0	0	0	0	0	0	0	0	0
nazmulkazi	D0420-S2-T01	3 hour	three-hour each-way	3	1	0	0	1	0	2	0	0	0	0	0	0	0	0	0	0	0	0	0
nazmulkazi	D0420-S2-T01	3	three	3	1	0	0	1	0	1	0	0	?	0	0	0	0	0	0	0	0	0	1
nazmulkazi	D0420-S2-T01	what is	one of	<none>	0	0	0	0	0	2	0	0	0	0	0	0	0	0	0	0	0	0	0
nazmulkazi	D0420-S2-T01	08	wait	08	1	0	0	1	0	1	0	0	0	0	0	0	0	0	0	0	0	0	0
nazmulkazi	D0420-S2-T01	2	two	2	1	0	0	1	0	1	0	0	0	0	0	0	0	0	0	0	0	0	1
nazmulkazi	D0420-S2-T01	6-hour	six-hour	6-hour	1	0	0	1	0	1	0	0	0	0	0	0	0	0	0	0	0	0	0
nazmulkazi	D0420-S2-T01	3	three	3	1	0	0	1	0	1	0	0	0	0	0	0	0	0	0	0	0	0	0
nazmulkazi	D0420-S2-T01	4	four	4	1	0	0	1	0	1	0	0	0	0	0	0	0	0	0	0	0	0	0
nazmulkazi	D0420-S2-T01	see what your	do a 2	<none>	0	0	0	0	0	3	?	?	0	0	0	0	0	0	0	0	0	0	0
nazmulkazi	D0420-S3-T01	5	five	5	1	0	0	1	0	1	0	0	0	0	0	0	0	0	0	1	1	0	1
nazmulkazi	D0420-S3-T01	what	one	<none>	0	0	0	0	0	1	0	0	?	0	0	0	0	0	0	0	0	0	0
nazmulkazi	D0420-S3-T01	5 1	and one	5 1	1	0	0	2	0	2	0	0	0	0	0	0	0	0	0	0	0	0	0
nazmulkazi	D0420-S3-T01	7	seven	7	1	0	0	1	0	1	0	0	?	0	0	0	0	0	0	0	0	0	1
nazmulkazi	D0420-S3-T01	5	five	5	1	0	0	1	0	1	0	0	?	0	0	0	0	0	0	0	0	0	1
nazmulkazi	D0420-S3-T01	9	nine	9	1	0	0	1	0	1	0	0	0	0	0	0	0	0	0	0	0	0	1
nazmulkazi	D0420-S3-T02	when	one	<none>	0	0	0	0	0	1	0	0	0	0	0	0	0	0	0	0	0	0	0
nazmulkazi	D0420-S3-T02	well made	one way	<none>	0	0	0	0	0	2	1	1	0	0	0	1	1	0	0	0	0	0	0
nazmulkazi	D0420-S3-T02	6	six	6	1	0	0	1	0	1	0	0	?	0	0	0	0	0	0	0	0	0	0
nazmulkazi	D0420-S3-T02	8	eight	8	1	0	0	1	0	1	0	0	?	0	0	0	0	0	0	0	0	0	0
nazmulkazi	D0420-S3-T02	6	six	6	1	0	0	1	0	1	0	0	0	0	0	0	0	0	0	0	0	0	0
nazmulkazi	D0420-S3-T02	6	six	6	1	0	0	1	0	1	0	0	?	0	0	0	0	0	0	0	0	0	1
nazmulkazi	D0420-S3-T02	neuropsychologist ii must	the second most	<none>	0	0	0	0	0	3	0	0	0	0	0	0	0	0	0	0	0	0	0
nazmulkazi	D0420-S3-T02	if you	50 of	<none>	0	0	0	0	0	2	0	0	?	0	0	0	0	0	0	0	0	0	0
nazmulkazi	D0420-S3-T02	6	six-year-old	6	1	0	0	1	0	1	0	0	?	0	0	0	0	0	0	0	0	0	0
nazmulkazi	D0420-S3-T02	6	six-year-old	6	1	0	0	1	0	1	0	0	0	0	0	0	0	0	0	0	?	0	0
nazmulkazi	D0420-S3-T02	6-month	six-month	6-month	1	0	0	1	0	1	0	0	?	0	0	0	0	0	0	0	0	0	1
nazmulkazi	D0420-S3-T02	sixties	60s	<none>	0	0	0	0	0	1	0	0	0	1	1	0	0	0	0	0	0	1	0
nazmulkazi	D0420-S3-T02	seventies	70s	<none>	0	0	0	0	0	1	0	0	0	1	1	0	0	0	0	0	0	1	0
nazmulkazi	D0420-S3-T02	hundred	140	hundred	0	1	0	0	1	1	?	?	?	1	1	?	?	0	0	0	0	0	0
nazmulkazi	D0420-S3-T02	40		40	1	0	0	1	0	1	?	?	?	0	0	?	?	?	?	0	0	?	?
nazmulkazi	D0420-S3-T02	6 7 8	six seven eight	6 7 8	1	0	0	3	0	3	?	?	?	0	0	0	0	0	0	0	0	0	0
nazmulkazi	D0420-S3-T02	6	630	6	1	0	0	1	0	1	?	?	?	0	0	0	0	0	0	0	0	0	0
nazmulkazi	D0420-S3-T02	30		30	1	0	0	1	0	1	?	?	1	0	0	?	?	?	0	0	?	1	0
nazmulkazi	D0420-S3-T02	5	five	5	1	0	0	1	0	1	?	?	0	0	0	0	0	0	0	0	0	0	0
nazmulkazi	D0420-S3-T02	6	six	6	1	0	0	1	0	1	?	?	0	0	0	0	0	0	0	1	0	0	1
nazmulkazi	D0420-S3-T02	6	six	6	1	0	0	1	0	1	?	?	0	0	0	0	0	0	0	0	0	0	1
nazmulkazi	D0420-S3-T02	2	o'clock	2	1	0	0	1	0	1	?	?	?	0	0	0	0	0	0	1	1	0	1
nazmulkazi	D0420-S3-T02	a	10	<none>	0	0	0	0	0	1	1	1	1	0	0	0	?	0	0	0	0	1	0
nazmulkazi	D0420-S3-T02	hundred		hundred	0	1	0	0	1	1	0	0	0	1	1	?	1	0	0	1	?	0	?
nazmulkazi	D0420-S3-T02	4th	fourth	4th	1	0	0	1	0	1	0	0	?	0	0	0	0	0	0	0	0	0	0
nazmulkazi	D0420-S3-T02	one	ones	one	0	1	0	0	1	1	?	?	0	0	0	0	0	0	0	0	0	0	0
nazmulkazi	D0420-S3-T03	four	for	four	0	1	0	0	1	1	0	0	0	0	0	0	0	0	0	0	0	0	0
nazmulkazi	D0420-S3-T03	three	career	three	0	1	0	0	1	1	0	0	0	0	0	0	0	0	0	0	0	0	0
nazmulkazi	D0420-S3-T03	2	two	2	1	0	0	1	0	1	0	0	0	0	0	0	0	0	0	0	1	0	1
nazmulkazi	D0420-S3-T03	3rd	third	3rd	1	0	0	1	0	1	0	0	?	0	0	0	0	0	0	0	0	0	0
nazmulkazi	D0420-S3-T03	4th	fourth	4th	1	0	0	1	0	1	0	0	?	0	0	0	0	0	0	0	0	0	0
nazmulkazi	D0420-S3-T03	second	circumstances	second	0	1	0	0	1	1	0	0	0	0	0	0	0	0	0	0	0	0	0
nazmulkazi	D0420-S3-T03	twenties	20s	<none>	0	0	0	0	0	1	0	0	0	1	1	0	0	0	0	1	0	1	0
nazmulkazi	D0420-S3-T03	2	too	2	1	0	0	1	0	1	0	0	0	0	0	0	0	0	0	0	0	0	0
nazmulkazi	D0420-S4-T01	apps for	at first	<none>	0	0	0	0	0	2	0	0	0	0	0	0	0	0	0	0	0	0	0
nazmulkazi	D0420-S4-T01	25mg	milligrams	25mg	1	0	0	1	0	1	0	0	0	0	0	0	0	0	0	0	0	0	0
nazmulkazi	D0420-S4-T01	a	100	<none>	0	0	0	0	0	1	1	1	0	0	0	0	0	0	0	0	0	0	0
nazmulkazi	D0420-S4-T01	hundred		hundred	0	1	0	0	1	1	0	0	?	1	1	?	?	?	?	1	?	1	?
nazmulkazi	D0420-S4-T01	10	cut	10	1	0	0	1	0	1	?	?	0	0	0	0	0	0	0	0	0	0	0
nazmulkazi	D0420-S4-T01	4	four	4	1	0	0	1	0	1	0	0	0	0	0	0	0	0	0	0	1	0	1
nazmulkazi	D0420-S4-T01	one	y	one	0	1	0	0	1	1	?	?	?	?	0	?	0	0	0	1	0	0	0
nazmulkazi	D0420-S4-T01	7	seven	7	1	0	0	1	0	1	0	0	0	0	0	0	0	0	0	0	0	0	1
nazmulkazi	D0420-S4-T01	one even	when ian	one	0	1	0	0	1	2	0	0	?	0	0	0	0	0	0	0	0	0	0
nazmulkazi	D0420-S4-T01	year-and-a-half it will	a half it'll	<none>	0	0	0	0	0	3	0	0	0	0	0	0	0	0	0	0	0	0	0
nazmulkazi	D0420-S4-T02	one		one	0	1	0	0	1	1	0	0	?	0	0	?	?	?	?	0	?	?	0
nazmulkazi	D0420-S4-T02	9	o'clock	9	1	0	0	1	0	1	1	1	0	0	0	0	0	0	0	1	1	0	1
nazmulkazi	D0420-S4-T02	one day	wednesday is	one	0	1	0	0	1	2	1	1	0	1	1	1	1	1	0	1	1	1	0
nazmulkazi	D0420-S4-T02	two	too	two	0	1	0	0	1	1	0	0	0	1	1	0	0	0	0	1	0	0	0
nazmulkazi	D0420-S4-T02	one	when	one	0	1	0	0	1	1	?	?	0	0	0	0	0	0	0	0	0	0	0
nazmulkazi	D0420-S4-T02	month-and-a-half	half	<none>	0	0	0	0	0	1	0	0	1	0	0	0	0	0	0	0	0	0	0
nazmulkazi	D0420-S4-T02	or month-and-a-half of	a half and	<none>	0	0	0	0	0	3	0	0	0	0	0	0	0	0	0	0	0	0	0
nazmulkazi	D0420-S4-T02	alex lights 2	else liked to	2	1	0	0	1	0	3	0	0	0	0	0	0	0	0	0	0	0	0	0
nazmulkazi	D0420-S4-T02	one	attack	one	0	1	0	0	1	1	?	0	0	0	0	0	0	0	0	0	0	0	0
nazmulkazi	D0420-S4-T02	6	six	6	1	0	0	1	0	1	0	0	0	0	0	0	0	0	0	0	0	0	1
nazmulkazi	D0420-S4-T02	first	for	first	0	1	0	0	1	1	1	1	0	0	1	0	0	0	0	0	0	0	1
nazmulkazi	D0420-S4-T02	first	a	first	0	1	0	0	1	1	1	1	1	1	1	1	1	0	0	1	1	1	1
nazmulkazi	D0420-S4-T02	and e2	need to	e2	1	0	0	1	0	2	0	0	0	0	0	0	0	0	0	0	0	0	0
nazmulkazi	D0420-S4-T02	under	119	<none>	0	0	0	0	0	1	0	0	?	0	0	0	0	0	0	0	0	0	0
nazmulkazi	D0420-S4-T02	19		19	1	0	0	1	0	1	?	?	?	0	0	0	0	?	?	0	?	0	?
nazmulkazi	D0420-S4-T02	one	once	one	0	1	0	0	1	1	0	0	0	0	0	0	0	0	0	0	0	0	0
nazmulkazi	D0420-S4-T02	b6	to	b6	1	0	0	1	0	1	0	0	?	0	0	0	0	0	0	0	0	0	0
nazmulkazi	D0421-S1-T01	5	five	5	1	0	0	1	0	1	0	0	0	0	0	0	0	0	0	0	1	0	1
nazmulkazi	D0421-S1-T01	5	five	5	1	0	0	1	0	1	0	0	?	0	0	0	0	0	0	0	1	0	1
nazmulkazi	D0421-S1-T01	year-and-a-half	half	<none>	0	0	0	0	0	1	0	0	0	0	0	0	0	0	0	0	0	0	0
nazmulkazi	D0421-S1-T01	where she	first he	<none>	0	0	0	0	0	2	0	0	?	0	0	0	0	0	0	0	0	0	0
nazmulkazi	D0421-S1-T01	past 2	pass to	2	1	0	0	1	0	2	0	0	0	0	0	0	0	0	0	0	0	0	0
nazmulkazi	D0421-S1-T01	when	one	<none>	0	0	0	0	0	1	0	0	?	0	0	0	0	0	0	0	0	0	0
nazmulkazi	D0421-S1-T01	5	five	5	1	0	0	1	0	1	0	0	0	0	0	0	0	0	0	0	1	0	1
nazmulkazi	D0421-S1-T01	00 cover	go for	00	1	0	0	1	0	2	0	0	0	0	0	0	0	0	0	0	0	0	0
nazmulkazi	D0421-S1-T02	two	2	two	0	1	0	0	1	1	0	0	0	0	0	0	0	0	0	0	0	0	0
nazmulkazi	D0421-S1-T02	three	2	three	0	1	0	0	1	1	0	0	0	0	0	0	0	0	0	0	0	0	0
nazmulkazi	D0421-S1-T02	two	2	two	0	1	0	0	1	1	0	0	?	1	0	0	0	0	0	0	0	0	0
nazmulkazi	D0421-S1-T02	three	10	three	0	1	0	0	1	1	0	0	1	1	0	0	0	0	0	0	0	0	0
nazmulkazi	D0421-S1-T02	1 4	one quarter	1 4	1	0	0	2	0	2	0	0	0	0	0	0	0	0	0	0	0	0	0
nazmulkazi	D0421-S1-T02	5	five	5	1	0	0	1	0	1	0	0	0	0	0	0	0	0	0	0	0	0	1
nazmulkazi	D0421-S1-T02	2	two	2	1	0	0	1	0	1	1	1	0	0	0	0	0	0	0	0	0	0	0
nazmulkazi	D0421-S1-T02	3	three	3	1	0	0	1	0	1	0	0	0	0	0	0	0	0	0	0	0	0	0
nazmulkazi	D0421-S1-T02	5	five	5	1	0	0	1	0	1	1	1	?	0	0	0	0	0	0	1	1	0	0
nazmulkazi	D0421-S1-T02	5	five	5	1	0	0	1	0	1	0	0	0	0	0	0	0	0	0	0	1	0	1
nazmulkazi	D0421-S1-T02	3	three	3	1	0	0	1	0	1	0	0	?	0	0	0	0	0	0	0	0	0	1
nazmulkazi	D0421-S1-T02	11	11-year-old	11	1	0	0	1	0	1	?	?	1	0	0	?	0	0	0	0	0	1	0
nazmulkazi	D0421-S1-T02	11 year	11-year-old it's	11	1	0	0	1	0	2	?	?	0	0	0	1	1	1	1	1	1	1	0
nazmulkazi	D0421-S1-T02	4	four	4	1	0	0	1	0	1	0	0	0	0	0	0	0	0	0	0	0	0	1
nazmulkazi	D0421-S1-T02	8	eight	8	1	0	0	1	0	1	0	0	0	0	0	0	0	0	0	0	1	0	1
nazmulkazi	D0421-S1-T02	when	one	<none>	0	0	0	0	0	1	1	1	0	0	0	0	0	0	0	0	0	0	0
nazmulkazi	D0421-S1-T03	for you that's the so i guess the equivalent of if nobody's going to use chemical weapons then what can you do with in those options people feel trapped when they feel that none of their options are okay then you're trapped so the question is how can we make the options available to you okay and then in that you actually probably could see more good at each of them then if a parent right now you know i'd like to know more about what you're thinking but i'm going to need to wait 2 weeks to i didn't mean to disturb your referee no that's okay thanks very much okay so i will see you in two weeks okay good luck next week at your conference it'll go fine i'm sure it will all right bye sure		2 two	1	1	1	1	1	139	1	1	1	1	1	1	1	1	1	1	1	1	1
nazmulkazi	D0421-S1-T04	2	two	2	1	0	0	1	0	1	0	0	0	0	0	0	0	0	0	0	1	0	1
nazmulkazi	D0421-S1-T04	year-and-a-half	half	<none>	0	0	0	0	0	1	0	0	1	0	0	0	0	0	0	1	0	0	0
nazmulkazi	D0421-S1-T04	for	four	<none>	0	0	0	0	0	1	0	0	1	0	0	0	0	0	0	0	0	0	0
nazmulkazi	D0421-S1-T04	8th	eighth	8th	1	0	0	1	0	1	0	0	?	0	0	0	0	0	0	0	1	0	1
nazmulkazi	D0421-S1-T04	first		first	0	1	0	0	1	1	?	?	1	0	?	?	?	1	1	1	1	1	1
nazmulkazi	D0421-S1-T04	second	seconds	second	0	1	0	0	1	1	?	?	?	1	0	0	0	0	0	0	0	0	0
nazmulkazi	D0421-S1-T04	do four	stew for	four	0	1	0	0	1	2	?	?	?	0	0	0	0	0	0	0	0	0	0
nazmulkazi	D0421-S1-T05	onto	two	<none>	0	0	0	0	0	1	?	?	0	0	0	0	1	0	0	0	0	0	0
nazmulkazi	D0421-S1-T05	3	three	3	1	0	0	1	0	1	?	?	0	0	0	0	0	0	0	0	1	0	1
nazmulkazi	D0421-S1-T05	half the	have their	half	0	1	0	0	1	2	0	0	0	0	0	0	0	0	0	0	0	0	0
nazmulkazi	D0421-S1-T05	mid-twentieth	mid-20th	<none>	0	0	0	0	0	1	1	1	0	1	1	0	0	0	0	0	0	1	0
nazmulkazi	D0421-S1-T05	2	too	2	1	0	0	1	0	1	0	0	0	0	0	0	0	0	0	0	0	0	0
nazmulkazi	D0421-S2-T01	what if	one of	<none>	0	0	0	0	0	2	0	0	0	0	0	0	0	0	0	0	0	0	0
nazmulkazi	D0421-S2-T01	and 7th	in seventh	7th	1	0	0	1	0	2	0	0	?	0	0	0	0	0	0	1	1	0	1
nazmulkazi	D0421-S2-T01	10	10-minute	10	1	0	0	1	0	1	0	0	?	0	0	1	0	1	1	1	1	0	0
nazmulkazi	D0421-S2-T01	two	to	two	0	1	0	0	1	1	0	0	?	0	0	0	0	0	0	0	0	0	0
nazmulkazi	D0421-S2-T01	5	five	5	1	0	0	1	0	1	0	0	?	0	0	0	0	0	0	0	1	0	1
nazmulkazi	D0421-S2-T01	cuz i want him	because on one hand	<none>	0	0	0	0	0	4	0	0	0	0	0	0	0	0	0	0	0	0	0
nazmulkazi	D0421-S2-T01	lg 910	9 10	910	1	0	0	1	0	2	?	?	0	0	0	1	0	1	1	0	1	0	0
nazmulkazi	D0421-S2-T02	the	two	<none>	0	0	0	0	0	1	0	0	0	0	0	0	0	0	0	0	0	0	0
nazmulkazi	D0421-S2-T02	3	three	3	1	0	0	1	0	1	0	0	?	0	0	0	0	0	0	0	0	0	1
nazmulkazi	D0421-S2-T02	6 and	six in	6	1	0	0	1	0	2	1	1	0	0	0	?	0	0	0	0	0	0	1
nazmulkazi	D0421-S2-T02	8	eight	8	1	0	0	1	0	1	0	0	0	0	0	1	0	0	0	1	1	0	1
nazmulkazi	D0421-S2-T02	yeah few	have two	<none>	0	0	0	0	0	2	0	0	1	0	0	0	0	0	0	0	0	0	0
nazmulkazi	D0421-S2-T02	want	one	<none>	0	0	0	0	0	1	0	0	?	0	0	0	0	0	0	0	0	0	0
nazmulkazi	D0421-S2-T02	other three		three	0	1	0	0	1	2	1	1	?	1	1	0	0	1	0	0	0	0	0
nazmulkazi	D0421-S2-T02	once	one	<none>	0	0	0	0	0	1	0	0	?	0	1	0	0	1	0	0	0	0	1
nazmulkazi	D0421-S2-T02	when	one	<none>	0	0	0	0	0	1	1	1	?	0	0	0	0	0	0	0	0	0	0
nazmulkazi	D0421-S2-T02	how 2	have two	2	1	0	0	1	0	2	?	?	0	0	0	0	0	0	0	0	0	0	1
nazmulkazi	D0421-S2-T02	four	for	four	0	1	0	0	1	1	?	?	0	0	0	0	0	0	0	0	0	0	0
nazmulkazi	D0421-S2-T02	1	meal	1	1	0	0	1	0	1	0	?	0	0	0	0	0	0	0	0	0	0	0
nazmulkazi	D0421-S2-T02	1 2 and	an hour i	1 2	1	0	0	2	0	3	0	0	0	0	0	0	0	0	0	0	0	0	0
nazmulkazi	D0421-S3-T01	1	hi	1	1	0	0	1	0	1	?	0	?	0	0	0	0	0	0	0	0	0	0
nazmulkazi	D0421-S3-T01	one		one	0	1	0	0	1	1	?	?	?	?	1	?	?	?	?	?	?	?	?
nazmulkazi	D0421-S3-T01	10-year	tenure	10-year	1	0	0	1	0	1	0	0	0	0	0	0	0	0	0	0	0	0	0
nazmulkazi	D0421-S3-T01	6	six	6	1	0	0	1	0	1	0	0	?	0	0	0	0	0	0	0	1	0	1
nazmulkazi	D0421-S3-T01	one		one	0	1	0	0	1	1	0	0	?	?	?	?	?	?	?	1	?	?	?
nazmulkazi	D0421-S3-T01	5	five	5	1	0	0	1	0	1	0	0	?	0	0	0	0	0	0	0	0	0	0
nazmulkazi	D0421-S3-T01	5	five	5	1	0	0	1	0	1	0	0	?	0	0	0	0	0	0	0	0	0	0
nazmulkazi	D0421-S3-T01	6	six	6	1	0	0	1	0	1	0	?	0	0	0	0	0	0	0	0	0	0	0
nazmulkazi	D0421-S3-T01	what's your three year olds	with two or three-year-olds you'd	three	0	1	0	0	1	5	0	0	0	0	0	0	0	0	0	0	0	0	0
nazmulkazi	D0421-S3-T01	9	nine	9	1	0	0	1	0	1	1	1	0	0	0	0	0	0	0	1	1	0	1
nazmulkazi	D0421-S3-T01	13b	be	13b	1	0	0	1	0	1	?	?	0	0	0	0	0	0	0	0	0	0	0
nazmulkazi	D0421-S3-T01	leave	three	<none>	0	0	0	0	0	1	?	?	0	0	0	0	0	0	0	0	0	0	0
nazmulkazi	D0421-S3-T01	24	24-7	24	1	0	0	1	0	1	0	0	?	0	0	0	0	0	0	0	0	0	0
nazmulkazi	D0421-S3-T01	7		7	1	0	0	1	0	1	0	0	?	0	0	?	0	0	0	0	0	0	0
nazmulkazi	D0421-S3-T01	2	two	2	1	0	0	1	0	1	0	0	0	0	0	0	0	0	0	0	1	0	1
nazmulkazi	D0421-S3-T01	10	10-week	10	1	0	0	1	0	1	0	0	0	0	0	1	1	0	1	1	1	0	0
nazmulkazi	D0421-S3-T02	28	tanya	28	1	0	0	1	0	1	?	?	0	0	0	0	0	0	0	0	0	0	0
nazmulkazi	D0421-S3-T02	21 on	would not	21	1	0	0	1	0	2	0	0	?	0	0	0	0	0	0	0	0	0	0
nazmulkazi	D0421-S3-T02	20	tanya's	20	1	0	0	1	0	1	0	0	0	0	0	0	0	0	0	1	0	0	0
nazmulkazi	D0421-S3-T02	20	tanya	20	1	0	0	1	0	1	0	0	0	0	0	0	0	0	0	1	0	0	0
nazmulkazi	D0421-S3-T02	siri	three	<none>	0	0	0	0	0	1	1	1	?	0	0	0	0	0	0	0	0	0	0
nazmulkazi	D0421-S3-T02	when	one	<none>	0	0	0	0	0	1	0	0	0	0	0	0	0	0	0	0	0	0	0
nazmulkazi	D0421-S3-T02	1	one	1	1	0	0	1	0	1	0	0	0	0	0	0	0	0	0	0	1	0	0
nazmulkazi	D0421-S3-T02	one	ones	one	0	1	0	0	1	1	1	1	?	0	1	0	0	0	1	0	1	0	1
nazmulkazi	D0421-S3-T02	four	fourth	four	0	1	0	0	1	1	0	0	?	1	0	0	1	0	1	0	0	0	0
nazmulkazi	D0421-S3-T02	safe i'm	say five	<none>	0	0	0	0	0	2	0	0	0	0	0	0	0	0	0	0	0	0	1
nazmulkazi	D0421-S3-T02	5		5	1	0	0	1	0	1	0	0	?	0	?	?	?	0	?	0	0	0	1
nazmulkazi	D0421-S3-T03	lincoln trucks theory	one constructs theories	<none>	0	0	0	0	0	3	0	0	?	0	0	0	0	0	0	1	0	0	0
nazmulkazi	D0421-S3-T03	when	one	<none>	0	0	0	0	0	1	0	0	0	0	0	0	0	0	0	0	0	0	0
nazmulkazi	D0421-S3-T03	u2	too	u2	1	0	0	1	0	1	?	0	0	0	0	0	0	0	0	0	0	0	0
nazmulkazi	D0421-S3-T04	one little	when literally	one	0	1	0	0	1	2	0	0	0	0	0	0	0	0	0	0	0	0	0
nazmulkazi	D0421-S3-T04	12	times	12	1	0	0	1	0	1	?	?	0	0	0	0	0	0	0	0	0	0	0
nazmulkazi	D0421-S3-T04	to	two	<none>	0	0	0	0	0	1	0	0	0	0	0	0	0	0	0	0	?	0	0
nazmulkazi	D0421-S3-T04	twenty	20	twenty	0	1	0	0	1	1	0	0	0	1	1	0	0	0	0	0	0	0	0
nazmulkazi	D0421-S3-T04	30 alright	all right	30	1	0	0	1	0	2	?	?	0	0	0	0	0	0	0	0	0	0	0
nazmulkazi	D0421-S3-T05	that you	the two	<none>	0	0	0	0	0	2	0	0	0	0	1	0	0	0	0	0	0	0	0
nazmulkazi	D0421-S3-T05	first	so	first	0	1	0	0	1	1	0	0	0	0	0	0	0	0	0	0	0	0	0
nazmulkazi	D0421-S3-T05	she's at the fierce	two sets of fears	<none>	0	0	0	0	0	4	0	0	0	0	0	0	0	0	0	1	0	0	0
nazmulkazi	D0422-S1-T01	2	two	2	1	0	0	1	0	1	0	0	0	0	0	0	0	0	0	0	0	0	1
nazmulkazi	D0422-S1-T01	5	five	5	1	0	0	1	0	1	1	1	?	0	0	0	0	0	0	1	1	0	1
nazmulkazi	D0422-S1-T01	ten	10	ten	0	1	0	0	1	1	0	0	?	0	0	0	?	0	0	0	0	0	0
nazmulkazi	D0422-S1-T01	half a	hath-abased or	half	0	1	0	0	1	2	0	?	?	1	1	1	1	1	1	1	1	0	0
nazmulkazi	D0422-S1-T01	7		7	1	0	0	1	0	1	?	?	?	?	?	?	?	?	?	?	?	?	?
nazmulkazi	D0422-S1-T01	4xl	exhale	4xl	1	0	0	1	0	1	0	0	0	0	0	0	0	0	0	0	0	0	0
nazmulkazi	D0422-S1-T02	7	seven	7	1	0	0	1	0	1	0	0	0	0	0	0	0	0	0	0	0	0	1
nazmulkazi	D0422-S1-T02	4	four	4	1	0	0	1	0	1	0	0	0	0	0	0	0	0	0	0	0	0	0
nazmulkazi	D0422-S1-T02	20th seem	tanya seemed	20th	1	0	0	1	0	2	0	0	0	0	0	0	0	0	0	0	0	0	0
nazmulkazi	D0422-S1-T02	3	three	3	1	0	0	1	0	1	0	0	0	0	0	0	0	0	0	0	0	0	0
nazmulkazi	D0422-S1-T02	nine	in	nine	0	1	0	0	1	1	0	0	0	0	0	0	0	0	0	0	1	0	0
nazmulkazi	D0422-S1-T02	4	several	4	1	0	0	1	0	1	0	0	0	0	0	0	0	0	0	0	0	0	0
nazmulkazi	D0422-S1-T02	for	four	<none>	0	0	0	0	0	1	0	0	1	0	0	0	0	0	1	1	0	0	0
nazmulkazi	D0422-S1-T02	one	sort	one	0	1	0	0	1	1	?	?	0	0	0	0	0	0	0	0	0	0	0
nazmulkazi	D0422-S1-T02	someone sends	one sense	<none>	0	0	0	0	0	2	0	0	?	0	0	0	0	0	0	0	0	0	0
nazmulkazi	D0422-S1-T03	4	four	4	1	0	0	1	0	1	0	0	?	0	0	0	0	0	0	0	0	0	1
nazmulkazi	D0422-S1-T03	what are	one of	<none>	0	0	0	0	0	2	1	1	?	1	1	1	0	0	1	1	0	0	0
nazmulkazi	D0422-S1-T03	2	two	2	1	0	0	1	0	1	?	?	0	0	0	0	0	0	0	0	0	0	1
nazmulkazi	D0422-S1-T04	one	woman	one	0	1	0	0	1	1	?	?	0	0	0	0	0	0	0	0	0	0	0
nazmulkazi	D0422-S1-T04	7	stefan	7	1	0	0	1	0	1	0	0	0	0	0	0	0	0	0	0	0	0	0
nazmulkazi	D0422-S1-T04	ten	10	ten	0	1	0	0	1	1	0	0	0	1	1	0	0	0	0	0	0	1	0
nazmulkazi	D0422-S1-T04	i want a	at one or	<none>	0	0	0	0	0	3	0	0	1	0	0	1	1	0	0	1	0	0	0
nazmulkazi	D0422-S1-T04	manning interest tax	in two respects	<none>	0	0	0	0	0	3	1	1	0	0	0	0	0	0	0	0	0	0	0
nazmulkazi	D0422-S1-T04	forties	40s	<none>	0	0	0	0	0	1	?	?	1	0	0	0	?	0	0	0	0	0	0
nazmulkazi	D0422-S1-T04	9	nine	9	1	0	0	1	0	1	?	?	0	0	0	0	0	0	0	1	1	0	0
nazmulkazi	D0422-S1-T04	3	three	3	1	0	0	1	0	1	?	?	?	0	0	0	0	0	0	1	1	0	0
nazmulkazi	D0422-S2-T01	2	too	2	1	0	0	1	0	1	0	0	0	0	0	0	0	0	0	0	0	0	0
nazmulkazi	D0422-S2-T01	what	one	<none>	0	0	0	0	0	1	0	0	0	0	0	0	0	0	0	0	0	0	0
nazmulkazi	D0422-S2-T01	half	halfway	half	0	1	0	0	1	1	0	0	0	0	1	0	0	0	0	0	0	0	0
nazmulkazi	D0422-S2-T01	to worry	two worries	<none>	0	0	0	0	0	2	0	0	1	0	0	0	0	0	0	0	0	0	0
nazmulkazi	D0422-S2-T02	seventy-five	75	<none>	0	0	0	0	0	1	0	0	?	0	0	0	0	0	0		0	0	0
nazmulkazi	D0422-S2-T02	9 doctor	non-doctor shared	9	1	0	0	1	0	2	0	0	?	0	0	0	0	0	0		0	0	0
nazmulkazi	D0422-S2-T02	a	100	<none>	0	0	0	0	0	1	1	1	0	0	0	0	0	0	0		0	1	0
nazmulkazi	D0422-S2-T02	hundred percent		hundred	0	1	0	0	1	2	0	0	1	1	1	0	1	1	?		?	0	?
nazmulkazi	D0422-S2-T02	3	three	3	1	0	0	1	0	1	0	0	?	0	0	0	0	0	0		0	0	1
nazmulkazi	D0422-S2-T02	3	three	3	1	0	0	1	0	1	0	0	0	0	0	0	0	0	0		0	0	1
nazmulkazi	D0422-S2-T02	per	four	<none>	0	0	0	0	0	1	0	0	1	0	1	0	0	0	0		0	0	0
nazmulkazi	D0422-S2-T02	18		18	1	0	0	1	0	1	?	?	?	?	?	?	?	?	?		?	0	?
nazmulkazi	D0422-S2-T02	2	two	2	1	0	0	1	0	1	0	0	?	0	0	0	0	0	0		0	0	0
nazmulkazi	D0422-S2-T02	3	three	3	1	0	0	1	0	1	0	0	0	0	0	0	0	0	0		0	0	0
nazmulkazi	D0422-S2-T02	2	two	2	1	0	0	1	0	1	0	0	0	0	0	0	0	0	0		0	0	0
nazmulkazi	D0422-S2-T02	3	three	3	1	0	0	1	0	1	0	0	0	0	0	0	0	0	0		0	0	0
nazmulkazi	D0422-S2-T02	6	six	6	1	0	0	1	0	1	0	0	?	0	0	0	0	0	0		1	0	1
nazmulkazi	D0422-S2-T02	v 5	fifth five	5	1	0	0	1	0	2	0	0	0	0	0	0	0	0	0		0	0	0
nazmulkazi	D0422-S2-T02	change 30	changed 30-something	30	1	0	0	1	0	2	1	1	0	0	0	1	1	1	1		1	0	0
nazmulkazi	D0422-S2-T02	ninety	90	ninety	0	1	0	0	1	1	0	0	?	1	1	0	1	0	0		0	1	0
nazmulkazi	D0422-S2-T02	one		one	0	1	0	0	1	1	?	?	1	1	1	1	1	0	0		0	0	1
nazmulkazi	D0422-S2-T02	nine	9-1	nine	0	1	0	0	1	1	?	?	?	0	0	0	0	0	0		0	0	0
nazmulkazi	D0422-S2-T02	one		one	0	1	0	0	1	1	?	?	1	0	0	?	0	?	?		?	?	?
nazmulkazi	D0422-S2-T02	when	one	<none>	0	0	0	0	0	1	?	?	0	0	0	0	0	0	0		0	0	0
nazmulkazi	D0422-S2-T02	four		four	0	1	0	0	1	1	?	?	?	?	?	?	?	?	?		?	?	?
nazmulkazi	D0422-S2-T02	5	five	5	1	0	0	1	0	1	0	0	0	0	?	0	0	0	0		1	0	1
nazmulkazi	D0422-S3-T01	to is	two it's	<none>	0	0	0	0	0	2	1	1	1	1	1	1	1	1	1		1	1	1
nazmulkazi	D0422-S3-T01	5	o'clock	5	1	0	0	1	0	1	1	1	0	0	0	0	0	0	0		1	0	1
nazmulkazi	D0422-S3-T01	5	five	5	1	0	0	1	0	1	?	?	0	0	0	0	0	0	0		1	0	0
nazmulkazi	D0422-S3-T01	7	seven	7	1	0	0	1	0	1	?	?	0	0	0	0	0	0	0		1	0	0
nazmulkazi	D0422-S3-T01	so	20	<none>	0	0	0	0	0	1	?	?	?	0	0	0	0	0	0		0	0	0
nazmulkazi	D0422-S3-T01	5	five	5	1	0	0	1	0	1	0	0	?	0	0	0	0	0	0		1	0	1
nazmulkazi	D0422-S3-T01	at 6	is six	6	1	0	0	1	0	2	0	0	0	0	0	0	0	0	0		0	0	0
nazmulkazi	D0422-S3-T01	8	eight	8	1	0	0	1	0	1	0	0	0	0	0	0	0	0	0		0	0	0
nazmulkazi	D0422-S3-T01	7	seven	7	1	0	0	1	0	1	0	0	?	0	0	?	0	0	0		0	0	1
nazmulkazi	D0422-S3-T01	2	two	2	1	0	0	1	0	1	0	0	0	0	0	0	0	0	0		0	0	0
nazmulkazi	D0422-S3-T01	3	three	3	1	0	0	1	0	1	0	0	0	0	0	0	0	0	0		0	0	0
nazmulkazi	D0422-S3-T01	211th	211	211th	1	0	0	1	0	1	0	0	0	0	0	0	0	0	0		0	0	0
nazmulkazi	D0422-S3-T01	and three	in 300	three	0	1	0	0	1	2	0	0	1	0	0	0	0	0	0		0	0	0
nazmulkazi	D0422-S3-T01	hundred		hundred	0	1	0	0	1	1	0	0	0	0	0	?	?	0	0		?	?	?
nazmulkazi	D0422-S3-T01	1	in	1	1	0	0	1	0	1	0	0	0	0	0	0	0	0	0		0	0	1
nazmulkazi	D0422-S3-T01	ou 200	do oh	200	1	0	0	1	0	2	0	0	0	0	0	0	0	0	0		0	0	0
nazmulkazi	D0422-S3-T02	5	five	5	1	0	0	1	0	1	?	?	0	0	0	0	0	0	0	0	0	0	0
nazmulkazi	D0422-S3-T02	10	ten	10	1	0	0	1	0	1	1	1	0	0	0	1	1	0	1	0	0	0	0
nazmulkazi	D0422-S3-T02	two	to	two	0	1	0	0	1	1	0	?	0	?	?	0	0	0	0	0	0	0	0
nazmulkazi	D0422-S3-T02	3	three	3	1	0	0	1	0	1	0	0	0	0	0	0	0	0	0	0	0	0	0
nazmulkazi	D0422-S3-T02	2	two	2	1	0	0	1	0	1	1	1	0	0	0	0	0	0	0	0	0	0	0
nazmulkazi	D0422-S3-T02	3 3	three o'clock	3 3	1	0	0	2	0	2	1	1	0	0	0	0	0	0	0	0	0	0	0
nazmulkazi	D0422-S3-T02	3	three	3	1	0	0	1	0	1	0	0	0	0	0	0	0	0	0	0	1	0	1
nazmulkazi	D0422-S3-T02	3	three	3	1	0	0	1	0	1	0	0	0	0	0	0	0	0	0	0	0	0	1
nazmulkazi	D0422-S3-T02	6	six	6	1	0	0	1	0	1	?	?	0	0	0	0	0	0	0	1	0	0	1
nazmulkazi	D0422-S3-T03	000	000-ish	000	1	0	0	1	0	1	0	0	?	0	0	?	?	0	?	0	?	0	0
nazmulkazi	D0422-S3-T03	25	25-year	25	1	0	0	1	0	1	0	0	1	0	0	1	1	0	1	1	1	0	0
nazmulkazi	D0422-S3-T03	for	four	<none>	0	0	0	0	0	1	0	0	?	0	0	0	0	0	0	0	0	0	0
nazmulkazi	D0422-S3-T03	hour-and-a-half	half	<none>	0	0	0	0	0	1	0	0	0	0	1	0	0	0	0	1	0	0	0
nazmulkazi	D0422-S3-T03	first	frustration	first	0	1	0	0	1	1	0	0	0	0	0	0	0	0	1	0	0	0	0
nazmulkazi	D0422-S3-T03	when	one	<none>	0	0	0	0	0	1	0	0	0	0	0	0	0	0	0	0	0	0	0
nazmulkazi	D0422-S3-T04	8	eight	8	1	0	0	1	0	1	0	0	?	0	0	0	0	0	0	0	0	0	0
nazmulkazi	D0422-S3-T04	1200	200	1200	1	0	0	1	0	1	1	1	0	0	0	1	1	1	1	1	1	0	?
nazmulkazi	D0422-S3-T04	1200	200	1200	1	0	0	1	0	1	1	1	0	0	0	1	1	1	1	1	1	0	?
nazmulkazi	D0422-S3-T04	1200	200	1200	1	0	0	1	0	1	1	1	?	0	0	1	1	1	1	1	1	0	?
nazmulkazi	D0422-S3-T04	5	five	5	1	0	0	1	0	1	0	0	0	0	0	0	0	0	0	0	1	0	1
nazmulkazi	D0422-S3-T04	2	two	2	1	0	0	1	0	1	0	0	0	0	0	0	0	0	0	0	1	0	1
nazmulkazi	D0422-S3-T05	one	when	one	0	1	0	0	1	1	0	0	0	0	1	1	1	0	1	1	1	0	0
nazmulkazi	D0422-S3-T05	two	too	two	0	1	0	0	1	1	0	0	0	0	0	0	0	0	0	0	0	0	0
nazmulkazi	D0422-S3-T06	by	5	<none>	0	0	0	0	0	1	?	?	0	0	0	0	0	0	0	0	0	0	0
nazmulkazi	D0422-S4-T01	is going to win and	even 1 a m that	<none>	0	0	0	0	0	5	1	1	?	0	1	1	0	0	0	1	0	0	0
nazmulkazi	D0422-S4-T01	3	three	3	1	0	0	1	0	1	0	0	0	0	0	0	0	0	0	0	0	0	0
nazmulkazi	D0422-S4-T01	3	three	3	1	0	0	1	0	1	0	0	0	0	0	0	0	0	0	0	0	0	1
nazmulkazi	D0422-S4-T01	3	three	3	1	0	0	1	0	1	0	0	0	0	0	0	0	0	0	0	0	0	1
nazmulkazi	D0422-S4-T01	four	for	four	0	1	0	0	1	1	?	?	0	0	0	0	0	0	0	0	0	0	0
nazmulkazi	D0422-S4-T01	two	to	two	0	1	0	0	1	1	0	0	0	0	0	0	0	0	0	0	0	0	0
nazmulkazi	D0422-S4-T01	8	eight	8	1	0	0	1	0	1	0	0	0	0	0	0	0	0	0	0	0	0	0
nazmulkazi	D0422-S4-T01	2	two	2	1	0	0	1	0	1	0	0	0	0	0	0	0	0	0	0	0	0	1
nazmulkazi	D0422-S4-T01	five	to	five	0	1	0	0	1	1	?	?	0	0	0	0	0	0	0	0	0	0	0
nazmulkazi	D0422-S4-T01	1	one	1	1	0	0	1	0	1	0	0	0	0	0	0	0	0	0	0	0	0	0
nazmulkazi	D0422-S4-T01	when	one	<none>	0	0	0	0	0	1	1	1	0	0	1	0	0	0	0	0	0	0	0
nazmulkazi	D0422-S4-T01	3	the	3	1	0	0	1	0	1	?	?	0	0	0	0	0	0	0	0	0	0	0
nazmulkazi	D0422-S4-T01	2	to	2	1	0	0	1	0	1	?	?	?	0	0	0	0	0	0	0	0	0	0
nazmulkazi	D0422-S4-T01	6	six	6	1	0	0	1	0	1	?	?	0	0	0	0	0	0	0	0	0	0	1
nazmulkazi	D0422-S4-T02	6th	sixth	6th	1	0	0	1	0	1	0	0	0	0	0	0	0	0	0	0	1	0	1
nazmulkazi	D0422-S4-T02	4	four-ish	4	1	0	0	1	0	1	?	?	?	0	0	0	0	0	0	1	1	0	0
nazmulkazi	D0422-S4-T02	anyone believe it's	one belief gives	<none>	0	0	0	0	0	3	1	1	0	0	0	0	0	0	0	0	1	0	0
nazmulkazi	D0422-S4-T02	2	250	2	1	0	0	1	0	1	?	?	?	0	0	0	0	0	0	0	0	0	0
nazmulkazi	D0422-S4-T02	50		50	1	0	0	1	0	1	?	?	?	0	0	?	?	?	?	?	?	0	?
nazmulkazi	D0422-S4-T02	1	one	1	1	0	0	1	0	1	0	0	0	0	0	0	0	0	0	0	0	0	0
nazmulkazi	D0422-S4-T02	2	two	2	1	0	0	1	0	1	0	0	0	0	0	0	0	0	0	0	1	0	0
nazmulkazi	D0422-S4-T02	two klonopin	the clonopin	two	0	1	0	0	1	2	0	0	?	0	0	0	0	0	0	0	0	0	0
nazmulkazi	D0422-S4-T02	when i	one i'd	<none>	0	0	0	0	0	2	1	1	0	0	1	0	0	0	0	1	0	0	0
nazmulkazi	D0422-S4-T02	before	four	<none>	0	0	0	0	0	1	1	1	?	1	0	0	0	0	0	0	0	0	0
nazmulkazi	D0422-S4-T02	4	four	4	1	0	0	1	0	1	?	?	0	0	0	0	0	0	0	0	0	0	1
nazmulkazi	D0422-S4-T02	4 and	four then	4	1	0	0	1	0	2	?	?	0	0	0	0	0	0	0	0	0	0	1
nazmulkazi	D0422-S4-T02	4	four	4	1	0	0	1	0	1	?	?	0	0	0	0	0	0	0	0	0	0	1
nazmulkazi	D0422-S4-T02	4	four	4	1	0	0	1	0	1	?	?	0	0	0	0	0	0	0	0	0	0	1
nazmulkazi	D0422-S4-T02	4	four	4	1	0	0	1	0	1	?	?	0	0	0	0	0	0	0	0	0	0	1
nazmulkazi	D0422-S4-T02	4	four	4	1	0	0	1	0	1	?	?	0	0	0	0	0	0	0	0	0	0	1
nazmulkazi	D0422-S4-T02	4	four	4	1	0	0	1	0	1	?	?	0	0	0	0	0	0	0	0	0	0	1
nazmulkazi	D0422-S4-T02	for	four	<none>	0	0	0	0	0	1	0	0	1	0	0	1	1	0	0	0	0	0	0
nazmulkazi	D0422-S4-T02	two	a	two	0	1	0	0	1	1	1	1	0	0	0	0	0	0	0	0	0	0	0
nazmulkazi	D0422-S4-T03	2	two	2	1	0	0	1	0	1	0	0	0	0	0	0	0	0	0	0	0	0	0
nazmulkazi	D0422-S4-T03	four	for	four	0	1	0	0	1	1	0	0	?	0	0	0	0	0	0	0	0	0	0
nazmulkazi	D0422-S4-T03	8	eight	8	1	0	0	1	0	1	0	0	0	0	0	0	0	0	0	0	0	0	0
nazmulkazi	D0422-S4-T03	one of the		one	0	1	0	0	1	3	1	1	0	1	1	1	1	1	1	1	1	1	1
nazmulkazi	D0422-S4-T03	15 till 2	being tilt to	15 2	1	0	0	2	0	3	0	0	0	0	0	0	0	0	0	0	0	0	0
nazmulkazi	D0422-S4-T03	2nd	second	2nd	1	0	0	1	0	1	0	0	0	0	0	0	0	0	0	0	0	0	0
nazmulkazi	D0422-S4-T04	2 and when she	too in which he	2	1	0	0	1	0	4	0	0	0	0	0	0	0	0	0	0	0	0	0
nazmulkazi	D0422-S4-T04	forties	40s	<none>	0	0	0	0	0	1	0	0	0	1	1	0	0	0	0	0	1	0	0
nazmulkazi	D0422-S4-T04	10	10-year-old	10	1	0	0	1	0	1	0	0	0	0	0	1	0	0	1	1	1	1	0
nazmulkazi	D0422-S4-T04	twenty-four-year-old	24-year-old	<none>	0	0	0	0	0	1	0	0	1	1	1	1	1	1	1	1	1	1	0
nazmulkazi	D0422-S4-T04	going	24	<none>	0	0	0	0	0	1	0	0	?	0	0	0	0	0	0	0	0	0	0
nazmulkazi	D0422-S4-T04	thirties	30s	<none>	0	0	0	0	0	1	0	0	0	1	1	0	0	0	0	0	0	1	0
nazmulkazi	D0422-S4-T04	20	24	20	1	0	0	1	0	1	0	0	0	0	0	0	0	0	0	0	0	0	0
nazmulkazi	D0422-S4-T04	u2	bye	u2	1	0	0	1	0	1	?	?	0	0	0	0	0	0	0	0	0	0	0
nazmulkazi	D0422-S4-T05	2	two	2	1	0	0	1	0	1	0	0	0	0	0	0	0	0	0	0	0	0	0
nazmulkazi	D0422-S4-T05	6	six	6	1	0	0	1	0	1	0	0	?	0	0	0	0	0	0	0	0	0	0
nazmulkazi	D0422-S4-T05	2	two	2	1	0	0	1	0	1	1	1	0	0	0	0	0	0	0	1	1	0	1
nazmulkazi	D0422-S4-T05	50	50-50	50	1	0	0	1	0	1	?	?	1	0	0	0	0	1	1	1	0	0	1
nazmulkazi	D0422-S4-T05	50		50	1	0	0	1	0	1	?	?	1	0	0	?	?	1	1	1	?	?	1
nazmulkazi	D0422-S4-T05	50	50-50	50	1	0	0	1	0	1	?	?	1	0	0	0	0	1	1	1	0	0	1
nazmulkazi	D0422-S4-T05	50		50	1	0	0	1	0	1	?	?	0	0	0	?	?	1	1	1	?	0	1
nazmulkazi	D0422-S4-T05	5545	55-45	5545	1	0	0	1	0	1	?	?	0	0	0	1	0	0	0	0	1	0	0
nazmulkazi	D0423-S1-T01	6	o'clock	6	1	0	0	1	0	1	1	1	0	0	0	0	0	0	0		1	0	1
nazmulkazi	D0423-S1-T01	third	third-person	third	0	1	0	0	1	1	1	1	?	0	0	0	0	0	0		0	0	0
nazmulkazi	D0423-S1-T01	7	seven	7	1	0	0	1	0	1	0	0	0	0	0	0	0	0	0		0	0	1
nazmulkazi	D0423-S1-T01	7	seven	7	1	0	0	1	0	1	0	0	?	0	0	0	0	0	0		0	0	1
nazmulkazi	D0423-S1-T01	9	nine	9	1	0	0	1	0	1	0	0	0	0	0	?	0	0	0		1	0	1
nazmulkazi	D0423-S1-T01	5	five-year-old	5	1	0	0	1	0	1	0	0	?	0	0	0	0	0	0		0	0	0
nazmulkazi	D0423-S1-T01	to	two	<none>	0	0	0	0	0	1	1	1	0	0	0	1	1	0	1		0	0	0
nazmulkazi	D0423-S1-T01	7	seven	7	1	0	0	1	0	1	0	0	0	0	0	0	0	0	0		0	0	1
nazmulkazi	D0423-S1-T01	7 year absence	seven-year absence period	7	1	0	0	1	0	3	0	0	0	0	0	0	0	0	0		0	0	0
nazmulkazi	D0423-S1-T01	it	three	<none>	0	0	0	0	0	1	0	0	0	0	0	0	0	1	1		0	0	0
nazmulkazi	D0423-S1-T01	four	three	four	0	1	0	0	1	1	0	0	0	0	0	0	0	0	0		0	0	0
nazmulkazi	D0423-S1-T01	4	profunctionally	4	1	0	0	1	0	1	0	0	0	0	0	0	0	0	0		0	?	?
nazmulkazi	D0423-S1-T01	2	two	2	1	0	0	1	0	1	0	0	?	0	0	0	0	0	0		0	0	1
nazmulkazi	D0423-S1-T01	5 minutes	five-minute segment	5	1	0	0	1	0	2	0	0	0	0	0	0	0	0	0		0	0	0
nazmulkazi	D0423-S1-T01	five	five-minute	five	0	1	0	0	1	1	1	1	1	1	1	0	1	1	0		0	1	0
nazmulkazi	D0423-S1-T01	6	six	6	1	0	0	1	0	1	0	0	0	0	0	0	0	0	0		0	0	1
nazmulkazi	D0423-S1-T01	7	seven	7	1	0	0	1	0	1	0	0	0	0	0	0	0	0	0		0	0	1
nazmulkazi	D0423-S1-T01	45	45-minute	45	1	0	0	1	0	1	0	0	0	0	0	0	0	0	0		0	0	0
nazmulkazi	D0423-S1-T01	3	three	3	1	0	0	1	0	1	0	0	0	0	0	0	0	0	0		1	0	1
nazmulkazi	D0423-S1-T01	3-day	three-day	3-day	1	0	0	1	0	1	0	0	0	0	0	0	0	0	0		0	0	1
nazmulkazi	D0423-S1-T02	6	six	6	1	0	0	1	0	1	0	0	0	0	0	0	0	0	0	0	0	0	1
nazmulkazi	D0423-S1-T02	one	juan	one	0	1	0	0	1	1	1	1	1	1	1	1	1	1	1	1	1	1	1
nazmulkazi	D0423-S1-T02	hopeful two	helpful to	two	0	1	0	0	1	2	0	0	0	0	0	0	0	0	0	0	0	0	0
nazmulkazi	D0423-S1-T02	two kinds of categories of responsibility not represent us attorney for someone i see i see yeah we're going to need to stop there for today okay because i'll see you next week all right okay take care		two	0	1	0	0	1	38	1	1	1	0	1	1	0	1	1	1	1	1	1
nazmulkazi	D0423-S1-T03	ii	second	<none>	0	0	0	0	0	1	0	0	1	0	0	0	0	0	0	0	0	0	0
nazmulkazi	D0423-S1-T03	1	was	1	1	0	0	1	0	1	0	0	?	0	0	0	0	0	0	0	0	0	?
nazmulkazi	D0423-S1-T03	two	to	two	0	1	0	0	1	1	0	0	?	0	0	?	?	0	0	0	0	0	0
nazmulkazi	D0423-S1-T03	two	to	two	0	1	0	0	1	1	0	0	0	0	0	0	0	0	0	0	0	0	0
nazmulkazi	D0423-S1-T03	6	six	6	1	0	0	1	0	1	0	0	0	0	0	0	0	0	0	0	0	0	1
nazmulkazi	D0423-S1-T03	ii	second	<none>	0	0	0	0	0	1	0	0	0	0	0	0	0	0	0	0	0	0	0
nazmulkazi	D0423-S2-T02	when	one	<none>	0	0	0	0	0	1	1	1	1	0	0	0	0	0	0	0	0	0	0
nazmulkazi	D0423-S2-T02	9	nine	9	1	0	0	1	0	1	0	1	0	0	0	0	0	0	0	1	0	0	0
nazmulkazi	D0423-S2-T02	2	two	2	1	0	0	1	0	1	0	0	0	0	0	0	0	0	0	0	0	0	1
nazmulkazi	D0423-S2-T02	about 2	that too	2	1	0	0	1	0	2	0	0	0	0	0	0	0	0	0	0	0	0	0
nazmulkazi	D0423-S2-T02	1	one	1	1	0	0	1	0	1	0	0	0	0	0	0	0	0	0	0	0	0	0
nazmulkazi	D0423-S2-T03	half	half-hour	half	0	1	0	0	1	1	0	0	?	1	1	1	1	0	1	1	0	1	0
nazmulkazi	D0423-S2-T03	for	four	<none>	0	0	0	0	0	1	0	0	1	0	0	0	0	0	0	0	0	0	0
nazmulkazi	D0423-S2-T03	time	10	<none>	0	0	0	0	0	1	0	0	?	0	0	0	0	0	0	0	0	0	0
nazmulkazi	D0423-S2-T03	3	three	3	1	0	0	1	0	1	0	0	0	0	0	0	0	0	0	0	1	0	1
nazmulkazi	D0423-S2-T03	4	four	4	1	0	0	1	0	1	0	0	0	0	0	0	0	0	0	0	1	0	0
nazmulkazi	D0423-S2-T03	5	five	5	1	0	0	1	0	1	0	0	0	0	0	0	0	0	0	0	1	0	0
nazmulkazi	D0423-S2-T03	6th		6th	1	0	0	1	0	1	0	0	?	0	0	?	?	0	?	0	0	0	?
nazmulkazi	D0423-S2-T03	6	six	6	1	0	0	1	0	1	0	0	?	0	0	0	0	0	0	0	0	0	1
nazmulkazi	D0423-S2-T03	3	three	3	1	0	0	1	0	1	0	0	0	0	0	0	0	0	0	0	1	0	1
nazmulkazi	D0423-S2-T03	civics	six	<none>	0	0	0	0	0	1	0	0	0	0	0	0	0	0	0	0	0	0	0
nazmulkazi	D0423-S2-T03	3	three	3	1	0	0	1	0	1	0	0	?	0	0	0	0	0	0	?	1	0	1
nazmulkazi	D0423-S2-T03	and grey sex scene when	in grade six they knew	<none>	0	0	0	0	0	5	0	0	0	0	0	0	0	0	0	0	0	0	0
nazmulkazi	D0423-S2-T03	6 is	six was	6	1	0	0	1	0	2	0	0	?	0	0	0	0	0	0	1	1	0	1
nazmulkazi	D0423-S2-T03	add s i t a r	first had this idea of wearing	<none>	0	0	0	0	0	6	0	0	1	1	0	1	1	1	0	1	1	1	0
nazmulkazi	D0423-S2-T03	and 6th	in sixth	6th	1	0	0	1	0	2	0	0	0	0	0	0	0	0	0	0	1	0	1
nazmulkazi	D0423-S2-T03	6	six	6	1	0	0	1	0	1	0	0	0	0	0	0	0	0	0	0	1	0	1
nazmulkazi	D0423-S2-T03	6	six	6	1	0	0	1	0	1	0	0	0	0	0	0	0	0	0	0	0	0	0
nazmulkazi	D0423-S2-T03	3	three	3	1	0	0	1	0	1	0	0	?	0	0	0	0	0	0	0	1	0	1
nazmulkazi	D0423-S2-T03	6	six	6	1	0	0	1	0	1	0	0	?	0	0	?	0	0	0	0	0	0	1
nazmulkazi	D0423-S2-T03	6 foot	six-foot snowstorm	6	1	0	0	1	0	2	0	0	0	0	0	0	0	0	0	0	1	0	0
nazmulkazi	D0423-S2-T03	grace 6	grade six	6	1	0	0	1	0	2	0	0	0	0	0	0	0	0	0	0	0	0	0
nazmulkazi	D0423-S2-T03	7	seven	7	1	0	0	1	0	1	0	0	?	0	0	?	0	0	0	0	0	0	0
nazmulkazi	D0423-S2-T03	7 8	seven eight	7 8	1	0	0	2	0	2	0	0	0	0	0	0	0	0	0	0	0	0	0
nazmulkazi	D0423-S2-T03	for	four	<none>	0	0	0	0	0	1	0	0	0	0	0	0	0	0	0	0	0	0	0
nazmulkazi	D0423-S2-T03	5	five	5	1	0	0	1	0	1	0	0	0	0	0	0	0	0	0	1	1	0	1
nazmulkazi	D0423-S2-T03	2	two	2	1	0	0	1	0	1	0	0	0	0	0	0	0	0	0	0	0	0	1
nazmulkazi	D0424-S1-T01	two	who	two	0	1	0	0	1	1	?	?	0	?	0	0	0	0	0	0	0	0	0
nazmulkazi	D0424-S1-T02	5	five	5	1	0	0	1	0	1	0	0	?	0	0	0	0	0	0	0	0	0	1
nazmulkazi	D0424-S1-T02	4	four	4	1	0	0	1	0	1	0	0	0	0	0	0	0	0	0	0	0	0	0
nazmulkazi	D0424-S1-T02	9 ulysses 7 linens	nine ulissas seven lennons	9 7	1	0	0	2	0	4	0	0	0	0	0	0	0	0	0	0	1	0	1
nazmulkazi	D0424-S1-T02	10	ten	10	1	0	0	1	0	1	1	1	?	0	0	0	0	0	0	0	1	0	1
nazmulkazi	D0424-S1-T02	5	five	5	1	0	0	1	0	1	0	0	?	0	0	0	0	0	0	0	1	0	0
nazmulkazi	D0424-S1-T03	staying for 1	seeing from one	1	1	0	0	1	0	3	?	?	0	0	0	0	0	0	0	0	0	0	0
nazmulkazi	D0424-S1-T03	west des moines	last two months	<none>	0	0	0	0	0	3	?	?	0	0	0	0	0	0	0	0	0	0	1
nazmulkazi	D0424-S1-T03	3	three	3	1	0	0	1	0	1	?	?	0	0	0	0	0	0	0	0	0	0	1
nazmulkazi	D0424-S1-T03	5657	seven	5657	1	0	0	1	0	1	?	?	0	0	0	0	0	0	0	0	1	0	0
nazmulkazi	D0424-S1-T03	6	six	6	1	0	0	1	0	1	?	?	0	0	0	0	0	0	0	0	1	0	1
nazmulkazi	D0424-S1-T03	a	eight	<none>	0	0	0	0	0	1	1	1	1	0	0	0	0	0	0	1	0	0	0
nazmulkazi	D0424-S1-T03	6		6	1	0	0	1	0	1	?	?	?	?	?	?	?	?	?	?	?	?	?
nazmulkazi	D0424-S2-T01	12	well	12	1	0	0	1	0	1	0	0	0	0	0	0	0	0	0	0	0	0	0
nazmulkazi	D0424-S2-T01	to	two	<none>	0	0	0	0	0	1	0	0	0	0	0	0	0	0	0	0	0	0	0
nazmulkazi	D0424-S2-T01	goddaughters 3rd	goddaughter's third	3rd	1	0	0	1	0	2	0	0	?	0	0	0	0	0	0	0	0	0	0
nazmulkazi	D0424-S2-T01	50	50-pound	50	1	0	0	1	0	1	1	1	?	0	0	1	1	1	1	1	1	1	0
nazmulkazi	D0424-S2-T01	2	two	2	1	0	0	1	0	1	0	0	?	0	0	0	0	0	0	0	0	0	1
nazmulkazi	D0424-S2-T01	6	six	6	1	0	0	1	0	1	0	0	?	0	0	0	0	0	0	1	0	0	0
nazmulkazi	D0424-S2-T01	7	seven	7	1	0	0	1	0	1	0	0	?	0	0	0	0	0	0	1	0	0	0
nazmulkazi	D0424-S2-T01	3-hour	three-hour	3-hour	1	0	0	1	0	1	0	0	?	0	0	0	0	0	0	0	0	0	0
nazmulkazi	D0424-S2-T01	one of them		one	0	1	0	0	1	3	1	1	1	1	1	1	1	?	?	1	1	1	?
nazmulkazi	D0424-S2-T01	6	six	6	1	0	0	1	0	1	0	0	0	0	0	0	0	0	0	0	0	0	1
nazmulkazi	D0424-S2-T01	8	o'clock	8	1	0	0	1	0	1	1	1	?	0	0	0	0	0	?	1	1	0	1
nazmulkazi	D0424-S2-T01	3	three	3	1	0	0	1	0	1	0	0	0	0	0	0	0	0	0	0	1	0	1
nazmulkazi	D0424-S2-T01	6	six	6	1	0	0	1	0	1	0	0	0	0	0	0	0	0	0	0	0	0	1
nazmulkazi	D0424-S2-T01	1	120	1	1	0	0	1	0	1	0	0	?	0	0	0	0	0	0	0	0	0	0
nazmulkazi	D0424-S2-T01	20		20	1	0	0	1	0	1	0	0	1	0	0	?	?	?	?	0	?	1	?
nazmulkazi	D0424-S2-T02	once into	and two	<none>	0	0	0	0	0	2	0	0	?	0	0	0	0	0	0	0	0	0	0
nazmulkazi	D0424-S2-T02	just woke before	12 to 4	<none>	0	0	0	0	0	3	1	1	0	0	0	0	0	0	0	0	0	0	0
nazmulkazi	D0424-S2-T02	4	four	4	1	0	0	1	0	1	?	?	0	0	0	0	0	0	0	1	1	0	0
nazmulkazi	D0424-S2-T02	4-hour	four-hour	4-hour	1	0	0	1	0	1	0	0	0	0	0	0	0	0	0	0	0	0	0
nazmulkazi	D0424-S2-T02	1 2	two o'clock	1 2	1	0	0	2	0	2	1	1	0	0	0	0	0	0	0	0	0	0	1
nazmulkazi	D0424-S2-T02	3	o'clock	3	1	0	0	1	0	1	1	1	0	0	0	0	0	0	0	1	0	0	1
nazmulkazi	D0424-S2-T02	2 2	to 1	2 2	1	0	0	2	0	2	0	0	?	0	0	0	0	1	0	0	0	0	1
nazmulkazi	D0424-S2-T03	to	two	<none>	0	0	0	0	0	1	0	0	0	0	0	0	0	0	0	0	?	0	0
nazmulkazi	D0424-S2-T03	to	two	<none>	0	0	0	0	0	1	0	0	0	1	1	1	1	0	0	0	1	0	0
nazmulkazi	D0424-S2-T03	1 hour shut	one-hour period showed	1	1	0	0	1	0	3	0	0	0	0	0	0	0	0	0	0	0	0	0
nazmulkazi	D0424-S2-T03	four	a	four	0	1	0	0	1	1	0	0	0	0	0	0	0	0	0	0	0	0	0
nazmulkazi	D0424-S2-T03	fifty	50	fifty	0	1	0	0	1	1	0	0	0	1	1	0	?	0	0	0	0	0	1
nazmulkazi	D0424-S2-T03	thought	five	<none>	0	0	0	0	0	1	0	0	1	1	0	1	1	1	0	0	0	0	1
nazmulkazi	D0424-S2-T04	two one	2 1	two one	0	1	0	0	2	2	0	0	0	1	1	0	0	1	1	1	0	1	0
nazmulkazi	D0424-S2-T04	one		one	0	1	0	0	1	1	?	?	?	1	1	?	?	?	?	1	?	?	?
nazmulkazi	D0424-S2-T04	and 3	on three	3	1	0	0	1	0	2	0	0	0	0	0	0	0	0	0	0	0	0	1
nazmulkazi	D0424-S2-T04	shifters got2b	to be	got2b	1	0	0	1	0	2	0	0	0	0	0	0	0	0	0	0	0	0	0
nazmulkazi	D0424-S2-T04	two		two	0	1	0	0	1	1	?	?	?	?	?	?	?	?	?	?	?	?	?
nazmulkazi	D0424-S2-T04	and three		three	0	1	0	0	1	2	0	0	?	1	1	1	1	?	?	1	1	1	0
nazmulkazi	D0424-S2-T04	one	1	one	0	1	0	0	1	1	0	0	0	1	1	0	0	0	0	0	0	0	0
nazmulkazi	D0424-S2-T04	11250	50	11250	1	0	0	1	0	1	0	0	0	0	0	0	?	0	0	0	0	0	0
nazmulkazi	D0424-S2-T05	12	1250	12	1	0	0	1	0	1	0	0	0	0	0	0	0	0	0	0	0	0	0
nazmulkazi	D0424-S2-T05	50		50	1	0	0	1	0	1	0	0	?	?	0	?	?	0	?	0	0	0	0
nazmulkazi	D0424-S2-T05	12	1253	12	1	0	0	1	0	1	0	0	0	0	0	0	0	0	0	0	0	0	0
nazmulkazi	D0424-S2-T05	53		53	1	0	0	1	0	1	?	?	?	0	0	?	?	0	?	0	?	0	0
nazmulkazi	D0424-S2-T05	2	too	2	1	0	0	1	0	1	0	0	0	0	0	0	0	0	0	0	0	0	0
nazmulkazi	D0424-S2-T05	4 5	five and	4 5	1	0	0	2	0	2	0	0	0	0	0	0	0	0	0	0	0	0	1
nazmulkazi	D0424-S2-T05	second field in	can feel even	second	0	1	0	0	1	3	0	0	0	0	0	0	0	0	0	0	0	0	0
nazmulkazi	D0424-S2-T05	4	four	4	1	0	0	1	0	1	0	0	?	0	0	0	0	0	0	0	0	0	1
nazmulkazi	D0424-S2-T05	1	one	1	1	0	0	1	0	1	0	0	?	0	0	0	0	0	0	0	1	0	0
nazmulkazi	D0424-S2-T05	to	two	<none>	0	0	0	0	0	1	0	0	0	0	0	0	0	0	0	0	0	0	0
nazmulkazi	D0424-S2-T05	to	two	<none>	0	0	0	0	0	1	0	0	0	0	0	0	0	0	0	0	0	0	0
nazmulkazi	D0424-S2-T05	1	one	1	1	0	0	1	0	1	0	0	0	0	0	0	0	0	0	0	0	0	0
nazmulkazi	D0424-S2-T06	3	three	3	1	0	0	1	0	1	0	0	?	0	0	0	0	0	0	0	0	0	1
nazmulkazi	D0424-S2-T06	for	four	<none>	0	0	0	0	0	1	0	0	?	0	0	0	0	0	0	0	0	0	0
nazmulkazi	D0424-S2-T06	26th	26	26th	1	0	0	1	0	1	0	0	1	0	?	?	?	1	1	1	0	0	1
nazmulkazi	D0424-S2-T06	few	two	<none>	0	0	0	0	0	1	0	0	0	0	0	0	0	0	0	0	0	0	0
nazmulkazi	D0424-S2-T06	seven	70	seven	0	1	0	0	1	1	0	0	0	0	0	0	0	0	0	0	0	0	0
nazmulkazi	D0424-S2-T06	to shirt	two shirts	<none>	0	0	0	0	0	2	1	1	0	1	1	1	1	0	0	0	0	0	0
nazmulkazi	D0424-S2-T06	2	two	2	1	0	0	1	0	1	0	0	0	0	0	0	0	0	0	0	0	0	1
nazmulkazi	D0424-S2-T06	4-year	four-year	4-year	1	0	0	1	0	1	0	0	0	0	0	0	0	0	0	0	0	0	1
nazmulkazi	D0424-S2-T06	for	four	<none>	0	0	0	0	0	1	1	1	1	0	0	0	0	0	0	1	0	0	1
nazmulkazi	D0424-S2-T06	month or	months four	<none>	0	0	0	0	0	2	0	0	0	0	0	0	0	0	0	0	0	0	0
nazmulkazi	D0424-S3-T01	5	five	5	1	0	0	1	0	1	0	0	0	0	0	0	0	0	0		1	0	1
nazmulkazi	D0424-S3-T01	5	five	5	1	0	0	1	0	1	0	0	?	0	0	0	0	0	0		0	0	1
nazmulkazi	D0424-S3-T01	split-second	second	<none>	0	0	0	0	0	1	0	0	0	0	0	0	0	0	0		0	0	0
nazmulkazi	D0424-S3-T01	5 month	five months	5	1	0	0	1	0	2	0	0	?	0	0	0	0	0	0		0	0	1
nazmulkazi	D0424-S3-T01	8	eight	8	1	0	0	1	0	1	0	0	?	0	0	0	0	0	0		1	0	1
nazmulkazi	D0424-S3-T01	3 4 5	three four five	3 4 5	1	0	0	3	0	3	0	?	0	0	0	0	0	0	0		0	0	1
nazmulkazi	D0424-S3-T01	100	hundred	100	1	0	0	1	0	1	1	1	?	0	0	0	0	0	0		1	1	1
nazmulkazi	D0424-S3-T01	two	different	two	0	1	0	0	1	1	0	0	0	0	0	0	0	0	0		0	0	0
nazmulkazi	D0424-S3-T01	1616	16	1616	1	0	0	1	0	1	0	0	?	0	0	0	0	0	0		0	0	0
nazmulkazi	D0424-S3-T02	8	eight	8	1	0	0	1	0	1	0	0	0	0	0	0	0	0	0	0	1	0	1
nazmulkazi	D0424-S3-T02	4	for	4	1	0	0	1	0	1	0	0	0	0	0	0	0	0	0	0	0	0	0
nazmulkazi	D0424-S3-T02	4	four	4	1	0	0	1	0	1	0	0	?	0	0	0	0	0	0	0	0	0	1
nazmulkazi	D0424-S3-T02	what	one	<none>	0	0	0	0	0	1	1	1	0	0	0	0	0	0	0	0	0	0	0
nazmulkazi	D0424-S3-T02	9	nine	9	1	0	0	1	0	1	0	0	?	0	0	0	0	0	0	0	0	0	1
nazmulkazi	D0424-S3-T02	9	nine	9	1	0	0	1	0	1	0	0	?	0	0	0	0	0	0	1	1	0	1
nazmulkazi	D0424-S3-T02	5	five	5	1	0	0	1	0	1	0	0	0	0	0	0	0	0	0	0	0	0	0
nazmulkazi	D0424-S3-T03	are we going to have	a week and a half	<none>	0	0	0	0	0	5	0	0	0	0	0	0	0	0	0	0	0	0	0
nazmulkazi	D0424-S3-T04	when is	one example	<none>	0	0	0	0	0	2	0	0	?	0	0	0	0	0	0	0	0	0	0
nazmulkazi	D0424-S3-T04	3	three	3	1	0	0	1	0	1	0	0	0	0	0	0	0	0	0	0	0	0	0
nazmulkazi	D0425-S1-T01	4	four	4	1	0	0	1	0	1	0	0	0	0	0	0	0	0	0	0	0	0	0
nazmulkazi	D0425-S1-T01	5	five	5	1	0	0	1	0	1	0	0	0	0	0	0	0	0	0	0	0	0	0
nazmulkazi	D0425-S1-T02	8	eight	8	1	0	0	1	0	1	0	0	0	0	0	0	0	0	0	0	0	0	1
nazmulkazi	D0425-S1-T02	8	eight	8	1	0	0	1	0	1	0	0	0	0	0	0	0	0	0	0	0	0	1
nazmulkazi	D0425-S1-T02	8	eight	8	1	0	0	1	0	1	0	0	0	0	0	0	0	0	0	0	1	0	1
nazmulkazi	D0425-S1-T03	3	three	3	1	0	0	1	0	1	1	1	0	0	0	0	0	0	0	0	1	0	0
nazmulkazi	D0425-S1-T03	600	dollars	600	1	0	0	1	0	1	1	1	0	0	0	1	1	1	1	0	1	0	1
nazmulkazi	D0425-S1-T03	four	for	four	0	1	0	0	1	1	0	0	0	0	0	0	0	0	0	0	0	0	0
nazmulkazi	D0425-S1-T03	three	he	three	0	1	0	0	1	1	0	0	?	0	0	0	0	0	0	0	0	0	0
nazmulkazi	D0425-S1-T03	two	two-year-old	two	0	1	0	0	1	1	0	0	1	1	1	1	1	0	1	1	0	1	0
nazmulkazi	D0425-S1-T03	ii	two	<none>	0	0	0	0	0	1	1	1	1	0	0	1	1	1	0	1	0	0	0
nazmulkazi	D0425-S1-T03	one	on	one	0	1	0	0	1	1	1	1	0	1	1	1	1	1	1	1	1	1	1
nazmulkazi	D0425-S2-T01	495	95	495	1	0	0	1	0	1	1	1	?	0	0	1	0	0	1	0	1	0	0
nazmulkazi	D0425-S2-T01	half	half-assed	half	0	1	0	0	1	1	1	0	1	1	1	0	0	0	0	0	0	1	0
nazmulkazi	D0425-S2-T01	1	one	1	1	0	0	1	0	1	0	0	0	0	0	0	0	0	0	1	1	0	1
nazmulkazi	D0425-S2-T01	20	20-something	20	1	0	0	1	0	1	1	1	1	0	0	1	1	0	1	1	1	0	0
nazmulkazi	D0425-S2-T01	24	24-7	24	1	0	0	1	0	1	0	0	0	0	0	0	0	1	0	0	0	0	0
nazmulkazi	D0425-S2-T01	7		7	1	0	0	1	0	1	0	0	?	0	0	0	0	0	0	0	0	0	0
nazmulkazi	D0425-S2-T01	8	eight-year-old	8	1	0	0	1	0	1	0	0	0	0	0	0	0	0	0	0	1	0	0
nazmulkazi	D0425-S2-T01	40	40-year-old	40	1	0	0	1	0	1	1	1	0	0	0	1	0	1	1	1	1	1	0
nazmulkazi	D0425-S2-T01	1	one	1	1	0	0	1	0	1	0	0	0	0	0	0	0	0	0	0	0	0	0
nazmulkazi	D0425-S2-T01	the one	so then	one	0	1	0	0	1	2	0	0	0	0	0	0	0	0	0	0	0	0	0
nazmulkazi	D0425-S2-T01	to	two	<none>	0	0	0	0	0	1	0	0	0	1	1	1	1	0	0	0	0	0	0
nazmulkazi	D0425-S2-T01	to course	two courses	<none>	0	0	0	0	0	2	0	0	0	0	0	0	0	0	0	0	0	0	0
nazmulkazi	D0425-S2-T01	6	six	6	1	0	0	1	0	1	?	?	?	0	0	0	0	0	0	0	1	0	1
nazmulkazi	D0425-S2-T01	alright 1256	50 thanks	1256	1	0	0	1	0	2	0	0	0	0	0	0	0	0	0	0	0	0	0
nazmulkazi	D0425-S2-T02	one	went	one	0	1	0	0	1	1	0	0	?	0	0	0	0	0	0	0	0	0	0
nazmulkazi	D0425-S2-T02	24	24-month	24	1	0	0	1	0	1	1	1	1	0	0	1	1	1	1	0	1	0	0
nazmulkazi	D0425-S2-T02	to 60	a 60-month	60	1	0	0	1	0	2	0	0	0	0	0	1	0	0	1	1	1	0	0
nazmulkazi	D0425-S2-T02	000		000	1	0	0	1	0	1	0	0	0	0	0	?	?	0	0	0	?	0	0
nazmulkazi	D0425-S2-T02	3	three	3	1	0	0	1	0	1	0	0	0	0	0	0	0	0	0	0	0	0	0
nazmulkazi	D0425-S2-T02	2	two	2	1	0	0	1	0	1	0	0	0	0	0	0	0	0	0	0	0	0	0
nazmulkazi	D0425-S2-T02	to service	two surveys	<none>	0	0	0	0	0	2	1	1	0	0	0	0	0	0	0	0	0	0	0
nazmulkazi	D0425-S2-T02	when	one	<none>	0	0	0	0	0	1	1	1	0	0	0	0	0	0	0	0	0	0	0
nazmulkazi	D0425-S2-T02	280	80	280	1	0	0	1	0	1	1	1	0	0	0	0	0	0	0	1	0	0	0
nazmulkazi	D0425-S2-T02	3	320	3	1	0	0	1	0	1	0	0	0	0	0	0	?	0	0	0	0	0	0
nazmulkazi	D0425-S2-T02	20		20	1	0	0	1	0	1	1	1	0	0	0	?	?	?	?	?	0	0	?
nazmulkazi	D0425-S2-T03	6th off for	circ staff are	6th	1	0	0	1	0	3	0	0	0	0	0	0	0	0	0	0	0	0	0
nazmulkazi	D0425-S2-T03	your two	here too	two	0	1	0	0	1	2	0	0	0	0	0	0	0	0	0	0	0	0	0
nazmulkazi	D0425-S2-T03	into	two	<none>	0	0	0	0	0	1	0	0	0	0	0	0	0	0	0	0	0	0	0
nazmulkazi	D0425-S2-T03	xvi	16th	<none>	0	0	0	0	0	1	0	0	?	1	1	0	0	0	0	0	0	1	0
nazmulkazi	D0425-S2-T04	10		10	1	0	0	1	0	1	0	0	?	0	0	0	0	?	1	?	0	?	?
nazmulkazi	D0425-S2-T04	one		one	0	1	0	0	1	1	?	?	?	1	0	0	0	1	?	0	?	0	?
nazmulkazi	D0425-S3-T01	to kiss	two kids	<none>	0	0	0	0	0	2	0	0	?	0	1	0	0	0	0	0	0	0	0
nazmulkazi	D0425-S3-T01	98	98-year-old	98	1	0	0	1	0	1	0	0	1	0	0	1	0	1	0	1	1	1	0
nazmulkazi	D0425-S3-T01	10-year	tenure	10-year	1	0	0	1	0	1	?	?	?	0	0	0	0	0	0	0	0	0	0
nazmulkazi	D0425-S3-T02	when	one	<none>	0	0	0	0	0	1	?	?	?	0	0	0	0	0	0	0	0	0	0
nazmulkazi	D0425-S3-T02	in 200	into oh	200	1	0	0	1	0	2	0	?	0	0	0	0	0	0	0	0	0	0	0
nazmulkazi	D0425-S3-T02	two	to	two	0	1	0	0	1	1	?	?	0	0	0	0	0	0	0	1	0	0	0
nazmulkazi	D0425-S3-T02	a one-time	one time	<none>	0	0	0	0	0	2	0	0	?	0	0	0	0	0	0	0	0	0	0
nazmulkazi	D0425-S3-T02	5000	000	5000	1	0	0	1	0	1	1	1	0	0	0	1	0	0	0	1	1	0	0
nazmulkazi	D0425-S3-T02	three times	free time	three	0	1	0	0	1	2	?	?	?	0	0	0	0	0	0	0	0	0	0
nazmulkazi	D0425-S3-T03	two	to	two	0	1	0	0	1	1	0	0	?	0	0	0	0	0	0	0	0	0	0
nazmulkazi	D0425-S3-T03	0	zero	0	1	0	0	1	0	1	0	0	?	0	0	0	0	0	0	0	0	0	0
nazmulkazi	D0425-S3-T03	5	five	5	1	0	0	1	0	1	0	0	0	0	0	0	0	0	0	0	0	0	0
nazmulkazi	D0425-S3-T03	3rd	sort	3rd	1	0	0	1	0	1	?	?	?	0	0	0	0	0	0	0	0	0	0
nazmulkazi	D0425-S3-T03	5	five	5	1	0	0	1	0	1	0	0	0	0	0	0	0	0	0	0	1	0	1
nazmulkazi	D0425-S3-T03	when	one	<none>	0	0	0	0	0	1	?	?	?	0	0	0	0	0	0	1	0	0	0
nazmulkazi	D0425-S3-T03	thirties	30s	<none>	0	0	0	0	0	1	?	?	1	1	1	0	0	0	0	0	0	1	0
nazmulkazi	D0425-S3-T03	200	oh	200	1	0	0	1	0	1	?	?	?	0	0	0	0	0	0	0	0	0	0
nazmulkazi	D0425-S3-T04	last one	less when	one	0	1	0	0	1	2	?	?	0	0	0	0	0	0	0	0	1	0	0
nazmulkazi	D0425-S3-T04	to not trust my own judgment in the first place there ic		first	0	1	0	0	1	12	?	?	?	0	0	0	0	0	0	0	1	0	0
nazmulkazi	D0425-S3-T05	true	two	<none>	0	0	0	0	0	1	1	1	?	0	0	0	0	0	0	1	0	0	0
nazmulkazi	D0425-S3-T05	9th	ninth	9th	1	0	0	1	0	1	?	?	?	0	0	0	0	0	0	0	1	0	1
nazmulkazi	D0425-S3-T05	2	too	2	1	0	0	1	0	1	0	0	0	0	0	0	0	0	0	0	0	0	0
