term	category	first_tier	first_source
lower abdomen	ANATOMY	1a	1a:primock57
lower	ANATOMY	1a	1a:primock57
back	ANATOMY	1a	1a:primock57
face left side	ANATOMY	1a	1a:primock57
right alare	ANATOMY	1a	1a:primock57
arms and legs	ANATOMY	1a	1a:primock57
bowels	ANATOMY	1a	1a:primock57
hands	ANATOMY	1a	1a:primock57
body	ANATOMY	1a	1a:primock57
face	ANATOMY	1a	1a:primock57
arm	ANATOMY	1a	1a:primock57
head or neck	ANATOMY	1a	1a:primock57
left hand	ANATOMY	1a	1a:primock57
head	ANATOMY	1a	1a:primock57
throat	ANATOMY	1a	1a:primock57
ears	ANATOMY	1a	1a:primock57
belly button	ANATOMY	1a	1a:primock57
gut	ANATOMY	1a	1a:primock57
ankles	ANATOMY	1a	1a:primock57
kidney	ANATOMY	1a	1a:primock57
foot right	ANATOMY	1a	1a:primock57
heart lungs	ANATOMY	1a	1a:primock57
forehead	ANATOMY	1a	1a:primock57
knees	ANATOMY	1a	1a:primock57
cut	ANATOMY	1a	1a:primock57
itha	ANATOMY	1a	1a:primock57
legs	ANATOMY	1a	1a:primock57
urinary tract	ANATOMY	1a	1a:primock57
kidneys	ANATOMY	1a	1a:primock57
flank	ANATOMY	1a	1a:primock57
bowel	ANATOMY	1a	1a:primock57
guts	ANATOMY	1a	1a:primock57
simplex	ANATOMY	1a	1a:primock57
mouth	ANATOMY	1a	1a:primock57
right greater horn	ANATOMY	1a	1a:primock57
muscles	ANATOMY	1a	1a:primock57
muscle	ANATOMY	1a	1a:primock57
finger	ANATOMY	1a	1a:primock57
palm	ANATOMY	1a	1a:primock57
right ear	ANATOMY	1a	1a:primock57
left ear	ANATOMY	1a	1a:primock57
ear drum	ANATOMY	1a	1a:primock57
eardrum	ANATOMY	1a	1a:primock57
right elbow	ANATOMY	1a	1a:primock57
left elbow	ANATOMY	1a	1a:primock57
elbow	ANATOMY	1a	1a:primock57
nerve	ANATOMY	1a	1a:primock57
die	ANATOMY	1a	1a:primock57
portal	ANATOMY	1a	1a:primock57
adam's apple	ANATOMY	1a	1a:primock57
head back	ANATOMY	1a	1a:primock57
wrist	ANATOMY	1a	1a:primock57
thumb	ANATOMY	1a	1a:primock57
right hand	ANATOMY	1a	1a:primock57
leg	ANATOMY	1a	1a:primock57
process	ANATOMY	1a	1a:primock57
lips	ANATOMY	1a	1a:primock57
left arm	ANATOMY	1a	1a:primock57
jaw	ANATOMY	1a	1a:primock57
malari	ANATOMY	1a	1a:primock57
left leg	ANATOMY	1a	1a:primock57
base	ANATOMY	1a	1a:primock57
tea	ANATOMY	1a	1a:primock57
upper lip	ANATOMY	1a	1a:primock57
location	ANATOMY	1a	1a:primock57
thyroids	ANATOMY	1a	1a:primock57
livers	ANATOMY	1a	1a:primock57
opt	ANATOMY	1a	1a:primock57
fingertip	ANATOMY	1a	1a:primock57
glands	ANATOMY	1a	1a:primock57
fourth finger	ANATOMY	1a	1a:primock57
abdominal	ANATOMY	1a	1a:primock57
left shoulder	ANATOMY	1a	1a:primock57
right arm	ANATOMY	1a	1a:primock57
lungs	ANATOMY	1a	1a:primock57
both hands	ANATOMY	1a	1a:primock57
left wrist	ANATOMY	1a	1a:primock57
belly	ANATOMY	1a	1a:primock57
left side of head	ANATOMY	1a	1a:primock57
side of head	ANATOMY	1a	1a:primock57
zigzag line	ANATOMY	1a	1a:primock57
shoulders	ANATOMY	1a	1a:primock57
navel	ANATOMY	1a	1a:primock57
hands wrists	ANATOMY	1a	1a:primock57
calf	ANATOMY	1a	1a:primock57
hips	ANATOMY	1a	1a:primock57
toes	ANATOMY	1a	1a:primock57
right knee	ANATOMY	1a	1a:primock57
knee	ANATOMY	1a	1a:primock57
feet	ANATOMY	1a	1a:primock57
arch	ANATOMY	1a	1a:primock57
acl	ANATOMY	1a	1a:primock57
hand right	ANATOMY	1a	1a:primock57
ligament	ANATOMY	1a	1a:primock57
urinary	ANATOMY	1b	1b:figshare-osce
left heel	ANATOMY	1b	1b:figshare-osce
right leg	ANATOMY	1b	1b:figshare-osce
ankle	ANATOMY	1b	1b:figshare-osce
toe	ANATOMY	1b	1b:figshare-osce
upper right c	ANATOMY	1b	1b:figshare-osce
wisdom teeth	ANATOMY	1b	1b:figshare-osce
right area x	ANATOMY	1b	1b:figshare-osce
face right side	ANATOMY	1b	1b:figshare-osce
right hip	ANATOMY	1b	1b:figshare-osce
buttocks	ANATOMY	1b	1b:figshare-osce
cheeks	ANATOMY	1b	1b:figshare-osce
ribs	ANATOMY	1b	1b:figshare-osce
lower limbs	ANATOMY	1b	1b:figshare-osce
lower back	ANATOMY	1b	1b:figshare-osce
sacroiliac	ANATOMY	1b	1b:figshare-osce
nails	ANATOMY	1b	1b:figshare-osce
limbs	ANATOMY	1b	1b:figshare-osce
right ankle	ANATOMY	1b	1b:figshare-osce
extremities	ANATOMY	1b	1b:figshare-osce
right foot	ANATOMY	1b	1b:figshare-osce
lower leg	ANATOMY	1b	1b:figshare-osce
bones	ANATOMY	1b	1b:figshare-osce
sole	ANATOMY	1b	1b:figshare-osce
right handed	ANATOMY	1b	1b:figshare-osce
muscle group	ANATOMY	1b	1b:figshare-osce
forearms	ANATOMY	1b	1b:figshare-osce
muscular	ANATOMY	1b	1b:figshare-osce
extensor	ANATOMY	1b	1b:figshare-osce
biceps	ANATOMY	1b	1b:figshare-osce
right hip bone	ANATOMY	1b	1b:figshare-osce
right buttock	ANATOMY	1b	1b:figshare-osce
sacral nerve	ANATOMY	1b	1b:figshare-osce
nerve roots	ANATOMY	1b	1b:figshare-osce
left foot	ANATOMY	1b	1b:figshare-osce
buttock	ANATOMY	1b	1b:figshare-osce
hipbone	ANATOMY	1b	1b:figshare-osce
thighs	ANATOMY	1b	1b:figshare-osce
lumbar	ANATOMY	1b	1b:figshare-osce
groin	ANATOMY	1b	1b:figshare-osce
hip	ANATOMY	1b	1b:figshare-osce
lateral part of elbow	ANATOMY	1b	1b:figshare-osce
olecranon	ANATOMY	1b	1b:figshare-osce
humerus	ANATOMY	1b	1b:figshare-osce
triceps	ANATOMY	1b	1b:figshare-osce
ulnar	ANATOMY	1b	1b:figshare-osce
bone	ANATOMY	1b	1b:figshare-osce
medial aspect of knee	ANATOMY	1b	1b:figshare-osce
lateral part of knee	ANATOMY	1b	1b:figshare-osce
collateral ligament	ANATOMY	1b	1b:figshare-osce
tibial tuberosity	ANATOMY	1b	1b:figshare-osce
hamstring muscles	ANATOMY	1b	1b:figshare-osce
fibular head	ANATOMY	1b	1b:figshare-osce
quadriceps	ANATOMY	1b	1b:figshare-osce
patella	ANATOMY	1b	1b:figshare-osce
thigh	ANATOMY	1b	1b:figshare-osce
tibia	ANATOMY	1b	1b:figshare-osce
pop	ANATOMY	1b	1b:figshare-osce
gastrocnemius	ANATOMY	1b	1b:figshare-osce
calf muscle	ANATOMY	1b	1b:figshare-osce
right calf	ANATOMY	1b	1b:figshare-osce
wrists	ANATOMY	1b	1b:figshare-osce
arc	ANATOMY	1b	1b:figshare-osce
back of hand	ANATOMY	1b	1b:figshare-osce
right wrist	ANATOMY	1b	1b:figshare-osce
thumb right	ANATOMY	1b	1b:figshare-osce
nerves	ANATOMY	1b	1b:figshare-osce
hearts	ANATOMY	1b	1b:figshare-osce
right index finger	ANATOMY	1b	1b:figshare-osce
acromion process	ANATOMY	1b	1b:figshare-osce
shoulder blades	ANATOMY	1b	1b:figshare-osce
middle finger	ANATOMY	1b	1b:figshare-osce
index finger	ANATOMY	1b	1b:figshare-osce
median nerve	ANATOMY	1b	1b:figshare-osce
ring finger	ANATOMY	1b	1b:figshare-osce
scapula	ANATOMY	1b	1b:figshare-osce
soft tissue	ANATOMY	1b	1b:figshare-osce
left knee	ANATOMY	1b	1b:figshare-osce
plantar	ANATOMY	1b	1b:figshare-osce
heart part	ANATOMY	1b	1b:figshare-osce
right shoulder	ANATOMY	1b	1b:figshare-osce
shoulder blade	ANATOMY	1b	1b:figshare-osce
upper arm	ANATOMY	1b	1b:figshare-osce
left arm or hand	ANATOMY	1b	1b:figshare-osce
extensors	ANATOMY	1b	1b:figshare-osce
flexor	ANATOMY	1b	1b:figshare-osce
knee caps	ANATOMY	1b	1b:figshare-osce
kneecap	ANATOMY	1b	1b:figshare-osce
shins	ANATOMY	1b	1b:figshare-osce
finger middle	ANATOMY	1b	1b:figshare-osce
big toe	ANATOMY	1b	1b:figshare-osce
nodules	ANATOMY	1b	1b:figshare-osce
cruciate ligament	ANATOMY	1b	1b:figshare-osce
knee right	ANATOMY	1b	1b:figshare-osce
tailbone	ANATOMY	1b	1b:figshare-osce
facets	ANATOMY	1b	1b:figshare-osce
both legs	ANATOMY	1b	1b:figshare-osce
tuberosity	ANATOMY	1b	1b:figshare-osce
knee bone	ANATOMY	1b	1b:figshare-osce
tibial	ANATOMY	1b	1b:figshare-osce
head of radius	ANATOMY	1b	1b:figshare-osce
forearm bone	ANATOMY	1b	1b:figshare-osce
radius	ANATOMY	1b	1b:figshare-osce
winging	ANATOMY	1b	1b:figshare-osce
right upper arm	ANATOMY	1b	1b:figshare-osce
biceps tendon	ANATOMY	1b	1b:figshare-osce
rotator cuff	ANATOMY	1b	1b:figshare-osce
upper arms	ANATOMY	1b	1b:figshare-osce
30s	ANATOMY	1b	1b:figshare-osce
sternocleidomastoid	ANATOMY	1b	1b:figshare-osce
front of neck	ANATOMY	1b	1b:figshare-osce
back of neck	ANATOMY	1b	1b:figshare-osce
trapezius muscle	ANATOMY	1b	1b:figshare-osce
deltoid muscles	ANATOMY	1b	1b:figshare-osce
spine cervical	ANATOMY	1b	1b:figshare-osce
upper back	ANATOMY	1b	1b:figshare-osce
trapezius	ANATOMY	1b	1b:figshare-osce
c spine	ANATOMY	1b	1b:figshare-osce
deltoid	ANATOMY	1b	1b:figshare-osce
chin	ANATOMY	1b	1b:figshare-osce
patellar tendon	ANATOMY	1b	1b:figshare-osce
heart right side	ANATOMY	1b	1b:figshare-osce
lower legs	ANATOMY	1b	1b:figshare-osce
epiphysis	ANATOMY	1b	1b:figshare-osce
left hip	ANATOMY	1b	1b:figshare-osce
femoral	ANATOMY	1b	1b:figshare-osce
anatomical snuffbox	ANATOMY	1b	1b:figshare-osce
distal radius	ANATOMY	1b	1b:figshare-osce
radial head	ANATOMY	1b	1b:figshare-osce
distal ulna	ANATOMY	1b	1b:figshare-osce
scaphoid	ANATOMY	1b	1b:figshare-osce
hand and wrist	ANATOMY	1b	1b:figshare-osce
digits	ANATOMY	1b	1b:figshare-osce
tendon	ANATOMY	1b	1b:figshare-osce
lateral ligaments	ANATOMY	1b	1b:figshare-osce
tibia and fibula	ANATOMY	1b	1b:figshare-osce
knee cap	ANATOMY	1b	1b:figshare-osce
trunk	ANATOMY	1b	1b:figshare-osce
heel	ANATOMY	1b	1b:figshare-osce
nail plates	ANATOMY	1b	1b:figshare-osce
shin	ANATOMY	1b	1b:figshare-osce
lateral side of foot	ANATOMY	1b	1b:figshare-osce
lateral malleolus	ANATOMY	1b	1b:figshare-osce
medial malleolus	ANATOMY	1b	1b:figshare-osce
ankle and foot	ANATOMY	1b	1b:figshare-osce
metatarsals	ANATOMY	1b	1b:figshare-osce
pedal	ANATOMY	1b	1b:figshare-osce
right big toe	ANATOMY	1b	1b:figshare-osce
shell	ANATOMY	1b	1b:figshare-osce
long bones	ANATOMY	1b	1b:figshare-osce
extremity	ANATOMY	1b	1b:figshare-osce
femur	ANATOMY	1b	1b:figshare-osce
lower extremities	ANATOMY	1b	1b:figshare-osce
shoulder bone	ANATOMY	1b	1b:figshare-osce
clavicle	ANATOMY	1b	1b:figshare-osce
cuff	ANATOMY	1b	1b:figshare-osce
thigh muscles	ANATOMY	1b	1b:figshare-osce
calf muscles	ANATOMY	1b	1b:figshare-osce
hamstrings	ANATOMY	1b	1b:figshare-osce
backs	ANATOMY	1b	1b:figshare-osce
left legs	ANATOMY	1b	1b:figshare-osce
vascular	ANATOMY	1b	1b:figshare-osce
limb	ANATOMY	1b	1b:figshare-osce
upper limbs	ANATOMY	1b	1b:figshare-osce
gallbladder	ANATOMY	1b	1b:figshare-osce
throats	ANATOMY	1b	1b:figshare-osce
rob	ANATOMY	1b	1b:figshare-osce
ovarian	ANATOMY	1b	1b:figshare-osce
20s	ANATOMY	1b	1b:figshare-osce
bronchioles	ANATOMY	1b	1b:figshare-osce
digital	ANATOMY	1b	1b:figshare-osce
right chest	ANATOMY	1b	1b:figshare-osce
stomachs	ANATOMY	1b	1b:figshare-osce
meniscus	ANATOMY	1b	1b:figshare-osce
right pl	ANATOMY	1b	1b:figshare-osce
inguinal	ANATOMY	1b	1b:figshare-osce
pno	ANATOMY	1b	1b:figshare-osce
neck region	ANATOMY	1b	1b:figshare-osce
entire neck	ANATOMY	1b	1b:figshare-osce
epiglottis	ANATOMY	1b	1b:figshare-osce
facial	ANATOMY	1b	1b:figshare-osce
hand left	ANATOMY	1b	1b:figshare-osce
jaws	ANATOMY	1b	1b:figshare-osce
right side of chest	ANATOMY	1b	1b:figshare-osce
sternum	ANATOMY	1b	1b:figshare-osce
back upper	ANATOMY	1b	1b:figshare-osce
taste buds	ANATOMY	1b	1b:figshare-osce
temples	ANATOMY	1b	1b:figshare-osce
tympanic membrane	ANATOMY	1b	1b:figshare-osce
both ears	ANATOMY	1b	1b:figshare-osce
pharynx	ANATOMY	1b	1b:figshare-osce
layers	ANATOMY	1b	1b:figshare-osce
upper left c	ANATOMY	1b	1b:figshare-osce
uterine	ANATOMY	1b	1b:figshare-osce
eyelid	ANATOMY	1b	1b:figshare-osce
chest wall	ANATOMY	1b	1b:figshare-osce
nasal cavity	ANATOMY	1b	1b:figshare-osce
tympanic membranes	ANATOMY	1b	1b:figshare-osce
lobe	ANATOMY	1b	1b:figshare-osce
vocal cord	ANATOMY	1b	1b:figshare-osce
sum	ANATOMY	1b	1b:figshare-osce
temple	ANATOMY	1b	1b:figshare-osce
heads	ANATOMY	1b	1b:figshare-osce
r fingers	ANATOMY	1b	1b:figshare-osce
nebulized	ANATOMY	1b	1b:figshare-osce
capsule	ANATOMY	1b	1b:figshare-osce
body part	ANATOMY	1b	1b:figshare-osce
prostates	ANATOMY	1b	1b:figshare-osce
point a	ANATOMY	1b	1b:figshare-osce
necks	ANATOMY	1b	1b:figshare-osce
upper respiratory tract	ANATOMY	1b	1b:figshare-osce
tracheal	ANATOMY	1b	1b:figshare-osce
armpit	ANATOMY	1b	1b:figshare-osce
heart lung	ANATOMY	1b	1b:figshare-osce
ppe	ANATOMY	1b	1b:figshare-osce
pole	ANATOMY	1b	1b:figshare-osce
ski	ANATOMY	1c	1c:nazmulkazi
paw	ANATOMY	1c	1c:nazmulkazi
downy hair	ANATOMY	1c	1c:nazmulkazi
adrenal	ANATOMY	1c	1c:nazmulkazi
pros	ANATOMY	1c	1c:nazmulkazi
site	ANATOMY	1c	1c:nazmulkazi
bill	ANATOMY	1c	1c:nazmulkazi
fingernail	ANATOMY	1c	1c:nazmulkazi
shells	ANATOMY	1c	1c:nazmulkazi
hand structure	ANATOMY	1c	1c:nazmulkazi
chest hair	ANATOMY	1c	1c:nazmulkazi
spur	ANATOMY	1c	1c:nazmulkazi
log	ANATOMY	1c	1c:nazmulkazi
external	ANATOMY	1c	1c:nazmulkazi
hand part	ANATOMY	1c	1c:nazmulkazi
dirt	ANATOMY	1c	1c:nazmulkazi
13b	ANATOMY	1c	1c:nazmulkazi
vertebra	ANATOMY	1c	1c:nazmulkazi
bra	ANATOMY	1c	1c:nazmulkazi
underarm	ANATOMY	1c	1c:nazmulkazi
column	ANATOMY	1c	1c:nazmulkazi
abdomen wall	ANATOMY	1c	1c:nazmulkazi
wings	ANATOMY	1c	1c:nazmulkazi
torso	ANATOMY	1c	1c:nazmulkazi
stem	ANATOMY	1c	1c:nazmulkazi
thyroid nodes	ANATOMY	1c	1c:nazmulkazi
gland	ANATOMY	1c	1c:nazmulkazi
cbt	ANATOMY	1c	1c:nazmulkazi
foreheads	ANATOMY	1c	1c:nazmulkazi
hocking	ANATOMY	1c	1c:nazmulkazi
cervical spine	ANATOMY	1c	1c:nazmulkazi
follicle	ANATOMY	1c	1c:nazmulkazi
paws	ANATOMY	1c	1c:nazmulkazi
bulb	ANATOMY	1c	1c:nazmulkazi
skulls	ANATOMY	1c	1c:nazmulkazi
point b	ANATOMY	1c	1c:nazmulkazi
tooth	ANATOMY	1c	1c:nazmulkazi
layer	ANATOMY	1c	1c:nazmulkazi
lipped	ANATOMY	1c	1c:nazmulkazi
dentes permanentes	ANATOMY	1c	1c:nazmulkazi
nose skin	ANATOMY	1c	1c:nazmulkazi
adenoid	ANATOMY	1c	1c:nazmulkazi
root	ANATOMY	1c	1c:nazmulkazi
back neck	ANATOMY	1c	1c:nazmulkazi
heart right	ANATOMY	1c	1c:nazmulkazi
border	ANATOMY	1c	1c:nazmulkazi
wing	ANATOMY	1c	1c:nazmulkazi
gill	ANATOMY	1c	1c:nazmulkazi
back of thigh	ANATOMY	1e_eka	1e:eka
ear bilateral	ANATOMY	1e_eka	1e:eka
oropharynx	ANATOMY	1e_eka	1e:eka
gastro	ANATOMY	1e_eka	1e:eka
distal humerus	ANATOMY	1e_eka	1e:eka
left lower limb	ANATOMY	1e_eka	1e:eka
abdomen and pelvis	ANATOMY	1e_eka	1e:eka
lower chest	ANATOMY	1e_eka	1e:eka
right ear lobe	ANATOMY	1e_eka	1e:eka
head of femur	ANATOMY	1e_eka	1e:eka
right little finger	ANATOMY	1e_eka	1e:eka
s1 level	ANATOMY	1e_eka	1e:eka
oral mucosa	ANATOMY	1e_eka	1e:eka
clavicular	ANATOMY	1e_eka	1e:eka
right lower limb	ANATOMY	1e_eka	1e:eka
hamstring	ANATOMY	1e_eka	1e:eka
right lower leg	ANATOMY	1e_eka	1e:eka
anal	ANATOMY	1e_eka	1e:eka
l2 vertebra	ANATOMY	1e_eka	1e:eka
distal end of radius	ANATOMY	1e_eka	1e:eka
peritoneal	ANATOMY	1e_eka	1e:eka
cortical	ANATOMY	1e_eka	1e:eka
scalp	ANATOMY	1e_eka	1e:eka
sacral region	ANATOMY	1e_eka	1e:eka
hemorrhoidal	ANATOMY	1e_eka	1e:eka
metatarsal	ANATOMY	1e_eka	1e:eka
aortic	ANATOMY	1e_eka	1e:eka
pnc	ANATOMY	1e_eka	1e:eka
pubic area	ANATOMY	1e_eka	1e:eka
popliteal	ANATOMY	1e_eka	1e:eka
upper airway	ANATOMY	1e_eka	1e:eka
canal	ANATOMY	1e_eka	1e:eka
great toe	ANATOMY	1e_eka	1e:eka
oral cavity	ANATOMY	1e_eka	1e:eka
right sole	ANATOMY	1e_eka	1e:eka
lad	ANATOMY	1e_eka	1e:eka
upper abdomen	ANATOMY	1e_eka	1e:eka
metatarsal region	ANATOMY	1e_eka	1e:eka
left auriculare	ANATOMY	1e_eka	1e:eka
intervertebral	ANATOMY	1e_eka	1e:eka
chamber	ANATOMY	1e_eka	1e:eka
first metacarpal	ANATOMY	1e_eka	1e:eka
vessel	ANATOMY	1e_eka	1e:eka
mdd	ANATOMY	1e_eka	1e:eka
pubic hair	ANATOMY	1e_eka	1e:eka
lumbar region	ANATOMY	1e_eka	1e:eka
pyloric	ANATOMY	1e_eka	1e:eka
perianal	ANATOMY	1e_eka	1e:eka
left great saphenous vein	ANATOMY	1e_eka	1e:eka
left humerus	ANATOMY	1e_eka	1e:eka
bilateral feet	ANATOMY	1e_eka	1e:eka
muscle of neck	ANATOMY	1e_eka	1e:eka
cervical	ANATOMY	1e_eka	1e:eka
pilonidal	ANATOMY	1e_eka	1e:eka
flap	ANATOMY	1e_eka	1e:eka
incisor	ANATOMY	1e_eka	1e:eka
mandibular	ANATOMY	1e_eka	1e:eka
inguinal regions	ANATOMY	1e_eka	1e:eka
lung parenchyma	ANATOMY	1e_eka	1e:eka
left tenth rib	ANATOMY	1e_eka	1e:eka
lumbar spine	ANATOMY	1e_eka	1e:eka
respiratory tract	ANATOMY	1e_eka	1e:eka
right lung	ANATOMY	1e_eka	1e:eka
left lung	ANATOMY	1e_eka	1e:eka
right ventricle	ANATOMY	1e_eka	1e:eka
aortic valve	ANATOMY	1e_eka	1e:eka
right atrium	ANATOMY	1e_eka	1e:eka
ulnar arteries	ANATOMY	1e_eka	1e:eka
radial veins	ANATOMY	1e_eka	1e:eka
basilic vein	ANATOMY	1e_eka	1e:eka
arterial	ANATOMY	1e_eka	1e:eka
vein	ANATOMY	1e_eka	1e:eka
right clavicle	ANATOMY	1e_eka	1e:eka
mediastinal	ANATOMY	1e_eka	1e:eka
left common carotid artery	ANATOMY	1e_eka	1e:eka
posterior lens	ANATOMY	1e_eka	1e:eka
parenchyma	ANATOMY	1e_eka	1e:eka
trigeminal ganglion	ANATOMY	1e_eka	1e:eka
mandibular ramus	ANATOMY	1e_eka	1e:eka
ophthalmic	ANATOMY	1e_eka	1e:eka
condyle	ANATOMY	1e_eka	1e:eka
cervical spinal cord	ANATOMY	1e_eka	1e:eka
sagittal	ANATOMY	1e_eka	1e:eka
intestines	ANATOMY	1e_eka	1e:eka
intestinal tract	ANATOMY	1e_eka	1e:eka
palatal	ANATOMY	1e_eka	1e:eka
renal fascia	ANATOMY	1e_eka	1e:eka
hepatic	ANATOMY	1e_eka	1e:eka
coronale	ANATOMY	1e_eka	1e:eka
subscapularis	ANATOMY	1e_eka	1e:eka
right upper quadrant	ANATOMY	1e_eka	1e:eka
artery	ANATOMY	1e_eka	1e:eka
flaps	ANATOMY	1e_eka	1e:eka
right subclavian	ANATOMY	1e_eka	1e:eka
toenail	ANATOMY	1e_eka	1e:eka
tibiofibular joint	ANATOMY	1e_eka	1e:eka
layering	ANATOMY	1e_eka	1e:eka
mesentery	ANATOMY	1e_eka	1e:eka
vessels	ANATOMY	1e_eka	1e:eka
posterior triangle of neck	ANATOMY	1e_eka	1e:eka
ventricular	ANATOMY	1e_eka	1e:eka
left ventricular outflow	ANATOMY	1e_eka	1e:eka
interventricular septum	ANATOMY	1e_eka	1e:eka
aortic wall	ANATOMY	1e_eka	1e:eka
left upper limb	ANATOMY	1e_eka	1e:eka
upper abdominal quadrant	ANATOMY	1e_eka	1e:eka
intestine	ANATOMY	1e_eka	1e:eka
gastric	ANATOMY	1e_eka	1e:eka
right lumbar region	ANATOMY	1e_eka	1e:eka
iliac fossa	ANATOMY	1e_eka	1e:eka
entire orbit	ANATOMY	1e_eka	1e:eka
mons pubis	ANATOMY	1e_eka	1e:eka
left ovary	ANATOMY	1e_eka	1e:eka
liver kidney	ANATOMY	1e_eka	1e:eka
organ	ANATOMY	1e_eka	1e:eka
left lower lobe	ANATOMY	1e_eka	1e:eka
right adrenal gland	ANATOMY	1e_eka	1e:eka
inferior vena cava	ANATOMY	1e_eka	1e:eka
distal ureter	ANATOMY	1e_eka	1e:eka
left lower lung field	ANATOMY	1e_eka	1e:eka
renal parenchyma	ANATOMY	1e_eka	1e:eka
left kidney	ANATOMY	1e_eka	1e:eka
nodule	ANATOMY	1e_eka	1e:eka
thoracic wall	ANATOMY	1e_eka	1e:eka
liver and kidney	ANATOMY	1e_eka	1e:eka
proximal tibia	ANATOMY	1e_eka	1e:eka
isthmus	ANATOMY	1e_eka	1e:eka
small bowel	ANATOMY	1e_eka	1e:eka
abdominopelvis	ANATOMY	1e_eka	1e:eka
distal tibia	ANATOMY	1e_eka	1e:eka
region of ureter	ANATOMY	1e_eka	1e:eka
pelvicalyceal system	ANATOMY	1e_eka	1e:eka
right parotid gland	ANATOMY	1e_eka	1e:eka
abdominal quadrants	ANATOMY	1e_eka	1e:eka
temporal artery	ANATOMY	1e_eka	1e:eka
lung lobe	ANATOMY	1e_eka	1e:eka
cranial	ANATOMY	1e_eka	1e:eka
carina	ANATOMY	1e_eka	1e:eka
caudal	ANATOMY	1e_eka	1e:eka
ear left	ANATOMY	1e_eka	1e:eka
lower jaw	ANATOMY	1e_eka	1e:eka
osseous	ANATOMY	1e_eka	1e:eka
gastric antrum	ANATOMY	1e_eka	1e:eka
node	ANATOMY	1e_eka	1e:eka
vertebral bodies	ANATOMY	1e_eka	1e:eka
vertebral level	ANATOMY	1e_eka	1e:eka
distal femur	ANATOMY	1e_eka	1e:eka
pulmonary valve	ANATOMY	1e_eka	1e:eka
valves	ANATOMY	1e_eka	1e:eka
latissimus dorsi	ANATOMY	1e_eka	1e:eka
tel	ANATOMY	1e_eka	1e:eka
right popliteal artery	ANATOMY	1e_eka	1e:eka
ear nose throat	ANATOMY	1e_eka	1e:eka
internal jugular vein	ANATOMY	1e_eka	1e:eka
innominate vein	ANATOMY	1e_eka	1e:eka
subclavian vein	ANATOMY	1e_eka	1e:eka
right sinus of valsalva	ANATOMY	1e_eka	1e:eka
right coronary artery	ANATOMY	1e_eka	1e:eka
left coronary artery	ANATOMY	1e_eka	1e:eka
maxillary	ANATOMY	1e_eka	1e:eka
third portion of duodenum	ANATOMY	1e_eka	1e:eka
right forearm	ANATOMY	1e_eka	1e:eka
pulmonary veins	ANATOMY	1e_eka	1e:eka
collecting ducts	ANATOMY	1e_eka	1e:eka
right hemithorax	ANATOMY	1e_eka	1e:eka
renal arteries	ANATOMY	1e_eka	1e:eka
first metatarsal	ANATOMY	1e_eka	1e:eka
1-2	ANATOMY	1e_eka	1e:eka
base of skull	ANATOMY	1e_eka	1e:eka
sphenoid	ANATOMY	1e_eka	1e:eka
ethmoid	ANATOMY	1e_eka	1e:eka
septum	ANATOMY	1e_eka	1e:eka
left upper lobe	ANATOMY	1e_eka	1e:eka
lobes	ANATOMY	1e_eka	1e:eka
posterior teeth	ANATOMY	1e_eka	1e:eka
mitral valve	ANATOMY	1e_eka	1e:eka
right thigh	ANATOMY	1e_eka	1e:eka
atrium	ANATOMY	1e_eka	1e:eka
tail	ANATOMY	1e_eka	1e:eka
right jaw	ANATOMY	1e_eka	1e:eka
first sacral vertebra	ANATOMY	1e_eka	1e:eka
ureteral	ANATOMY	1e_eka	1e:eka
incisor tooth	ANATOMY	1e_eka	1e:eka
right femoral vein	ANATOMY	1e_eka	1e:eka
left forearm	ANATOMY	1e_eka	1e:eka
abdominal wall	ANATOMY	1e_eka	1e:eka
nape	ANATOMY	1e_eka	1e:eka
left tibia	ANATOMY	1e_eka	1e:eka
renal pelvis and ureter	ANATOMY	1e_eka	1e:eka
right kidney	ANATOMY	1e_eka	1e:eka
left thigh	ANATOMY	1e_eka	1e:eka
hilum	ANATOMY	1e_eka	1e:eka
left subclavian vein	ANATOMY	1e_eka	1e:eka
anatomic landmarks	ANATOMY	1e_eka	1e:eka
gastric corpus	ANATOMY	1e_eka	1e:eka
gastric fold	ANATOMY	1e_eka	1e:eka
fundus	ANATOMY	1e_eka	1e:eka
neck vessels	ANATOMY	1e_eka	1e:eka
right lower quadrant	ANATOMY	1e_eka	1e:eka
left lower quadrant	ANATOMY	1e_eka	1e:eka
right lung base	ANATOMY	1e_eka	1e:eka
proximal left circumflex artery	ANATOMY	1e_eka	1e:eka
coronary artery	ANATOMY	1e_eka	1e:eka
right axillary region	ANATOMY	1e_eka	1e:eka
axillary	ANATOMY	1e_eka	1e:eka
right side of abdomen	ANATOMY	1e_eka	1e:eka
left midclavicular line	ANATOMY	1e_eka	1e:eka
lower jaw region	ANATOMY	1e_eka	1e:eka
humerus diaphysis	ANATOMY	1e_eka	1e:eka
pectoralis major	ANATOMY	1e_eka	1e:eka
distal phalanx	ANATOMY	1e_eka	1e:eka
digit 4	ANATOMY	1e_eka	1e:eka
digit	ANATOMY	1e_eka	1e:eka
right upper limb	ANATOMY	1e_eka	1e:eka
right temporal lobe	ANATOMY	1e_eka	1e:eka
left temporal lobe	ANATOMY	1e_eka	1e:eka
coronary artery left	ANATOMY	1e_eka	1e:eka
right coronary cusp	ANATOMY	1e_eka	1e:eka
coronary	ANATOMY	1e_eka	1e:eka
right rt	ANATOMY	1e_eka	1e:eka
right hepatic artery	ANATOMY	1e_eka	1e:eka
genital	ANATOMY	1e_eka	1e:eka
zygomatic arch	ANATOMY	1e_eka	1e:eka
acromioclavicular ligament	ANATOMY	1e_eka	1e:eka
clavicles	ANATOMY	1e_eka	1e:eka
right upper lobe	ANATOMY	1e_eka	1e:eka
venous	ANATOMY	1e_eka	1e:eka
globe	ANATOMY	1e_eka	1e:eka
right inguinal region	ANATOMY	1e_eka	1e:eka
right ovary	ANATOMY	1e_eka	1e:eka
sella turcica	ANATOMY	1e_eka	1e:eka
diaphragmatic	ANATOMY	1e_eka	1e:eka
subcortical	ANATOMY	1e_eka	1e:eka
frontal bone	ANATOMY	1e_eka	1e:eka
bulbar conjunctiva	ANATOMY	1e_eka	1e:eka
orbitale	ANATOMY	1e_eka	1e:eka
cranial fossa	ANATOMY	1e_eka	1e:eka
ethmoids	ANATOMY	1e_eka	1e:eka
cervical cord	ANATOMY	1e_eka	1e:eka
urinary bladder and skin	ANATOMY	1e_eka	1e:eka
midline of abdomen	ANATOMY	1e_eka	1e:eka
symphysis pubis	ANATOMY	1e_eka	1e:eka
part of left kidney	ANATOMY	1e_eka	1e:eka
pelvic	ANATOMY	1e_eka	1e:eka
fifth lumbar vertebra	ANATOMY	1e_eka	1e:eka
sacrum	ANATOMY	1e_eka	1e:eka
hand bilateral	ANATOMY	1e_eka	1e:eka
ovaries	ANATOMY	1e_eka	1e:eka
iii	ANATOMY	1e_eka	1e:eka
lower lobe	ANATOMY	1e_eka	1e:eka
interspinous ligament	ANATOMY	1e_eka	1e:eka
t11 vertebral body	ANATOMY	1e_eka	1e:eka
t10	ANATOMY	1e_eka	1e:eka
t11	ANATOMY	1e_eka	1e:eka
thenar	ANATOMY	1e_eka	1e:eka
surgical margins	ANATOMY	1e_eka	1e:eka
left breast	ANATOMY	1e_eka	1e:eka
occipital	ANATOMY	1e_eka	1e:eka
tragus	ANATOMY	1e_eka	1e:eka
pulmonary artery	ANATOMY	1e_eka	1e:eka
costal cartilage	ANATOMY	1e_eka	1e:eka
aortic arch	ANATOMY	1e_eka	1e:eka
sternal	ANATOMY	1e_eka	1e:eka
right pulmonary vein	ANATOMY	1e_eka	1e:eka
lower lobe of lung	ANATOMY	1e_eka	1e:eka
region of left ventricle	ANATOMY	1e_eka	1e:eka
right pulmonary artery	ANATOMY	1e_eka	1e:eka
lower lobe artery	ANATOMY	1e_eka	1e:eka
collateral	ANATOMY	1e_eka	1e:eka
superior mediastinum	ANATOMY	1e_eka	1e:eka
lv apical segment	ANATOMY	1e_eka	1e:eka
anterior scalene muscle	ANATOMY	1e_eka	1e:eka
brachial plexus trunk	ANATOMY	1e_eka	1e:eka
middle scalene muscle	ANATOMY	1e_eka	1e:eka
medial surface of ulna	ANATOMY	1e_eka	1e:eka
diaphysis	ANATOMY	1e_eka	1e:eka
carotid bulb	ANATOMY	1e_eka	1e:eka
gallbladder wall	ANATOMY	1e_eka	1e:eka
duodenal	ANATOMY	1e_eka	1e:eka
urethra and vagina	ANATOMY	1e_eka	1e:eka
left lower eyelid	ANATOMY	1e_eka	1e:eka
canthus	ANATOMY	1e_eka	1e:eka
chest and abdomen	ANATOMY	1e_eka	1e:eka
pouch	ANATOMY	1e_eka	1e:eka
cystic duct	ANATOMY	1e_eka	1e:eka
left main coronary artery	ANATOMY	1e_eka	1e:eka
wall of ileum	ANATOMY	1e_eka	1e:eka
pancreas and stomach	ANATOMY	1e_eka	1e:eka
donor organs	ANATOMY	1e_eka	1e:eka
periorbital	ANATOMY	1e_eka	1e:eka
upper lobe of lung	ANATOMY	1e_eka	1e:eka
lung field	ANATOMY	1e_eka	1e:eka
fundus of gallbladder	ANATOMY	1e_eka	1e:eka
lactating breast	ANATOMY	1e_eka	1e:eka
nipple	ANATOMY	1e_eka	1e:eka
ducts	ANATOMY	1e_eka	1e:eka
duct	ANATOMY	1e_eka	1e:eka
mesenteric	ANATOMY	1e_eka	1e:eka
cecal wall	ANATOMY	1e_eka	1e:eka
infraclavicular	ANATOMY	1e_eka	1e:eka
alveolar	ANATOMY	1e_eka	1e:eka
left brachiocephalic vein	ANATOMY	1e_eka	1e:eka
superior vena cava	ANATOMY	1e_eka	1e:eka
left subclavian	ANATOMY	1e_eka	1e:eka
hemithorax	ANATOMY	1e_eka	1e:eka
rib	ANATOMY	1e_eka	1e:eka
ganglia	ANATOMY	1e_eka	1e:eka
head and neck	ANATOMY	1e_eka	1e:eka
right frontal lobe	ANATOMY	1e_eka	1e:eka
posterior column	ANATOMY	1e_eka	1e:eka
right femoral artery	ANATOMY	1e_eka	1e:eka
coronary vessels	ANATOMY	1e_eka	1e:eka
acoustic radiation	ANATOMY	1e_eka	1e:eka
left ventricle	ANATOMY	1e_eka	1e:eka
ventricles	ANATOMY	1e_eka	1e:eka
ventricle	ANATOMY	1e_eka	1e:eka
horns	ANATOMY	1e_eka	1e:eka
rib cage	ANATOMY	1e_kaggle	1e:kaggle
claw	ANATOMY	1e_kaggle	1e:kaggle
abdominal muscles	ANATOMY	1e_kaggle	1e:kaggle
sebaceous glands	ANATOMY	1e_kaggle	1e:kaggle
follicles	ANATOMY	1e_kaggle	1e:kaggle
shoulder muscle	ANATOMY	1e_kaggle	1e:kaggle
bicep	ANATOMY	1e_kaggle	1e:kaggle
seashell	ANATOMY	1e_kaggle	1e:kaggle
cheek	ANATOMY	1e_kaggle	1e:kaggle
fog	ANATOMY	1e_kaggle	1e:kaggle
skull	ANATOMY	1e_kaggle	1e:kaggle
hairs	ANATOMY	1e_kaggle	1e:kaggle
ear lobes	ANATOMY	1e_kaggle	1e:kaggle
hair back	ANATOMY	1e_kaggle	1e:kaggle
left side of chest	ANATOMY	1e_kaggle	1e:kaggle
left buttock	ANATOMY	1e_kaggle	1e:kaggle
hand back	ANATOMY	2b	2b:yt_med
t3 segment	ANATOMY	2b	2b:yt_med
harderian gland	ANATOMY	2b	2b:yt_med
pelvic girdle	ANATOMY	2b	2b:yt_med
waist	ANATOMY	2b	2b:yt_med
abd	ANATOMY	2b	2b:yt_med
org	ANATOMY	2b	2b:yt_med
brains	ANATOMY	2b	2b:yt_med
glomerular	ANATOMY	2b	2b:yt_med
genitalia	ANATOMY	2b	2b:yt_med
male genitalia	ANATOMY	2b	2b:yt_med
tooth structure	ANATOMY	2b	2b:yt_med
primary teeth	ANATOMY	2b	2b:yt_med
reproductive organs	ANATOMY	2b	2b:yt_med
pyloric glands	ANATOMY	2b	2b:yt_med
vagus	ANATOMY	2b	2b:yt_med
faces	ANATOMY	2b	2b:yt_med
inframammary fold	ANATOMY	2b	2b:yt_med
teats	ANATOMY	2b	2b:yt_med
pharyngeal	ANATOMY	2b	2b:yt_med
bronchio	ANATOMY	2b	2b:yt_med
tip of nose	ANATOMY	2b	2b:yt_med
xiphoid process	ANATOMY	2b	2b:yt_med
bridge of nose	ANATOMY	2b	2b:yt_med
valve tricuspid	ANATOMY	2b	2b:yt_med
molars	ANATOMY	2b	2b:yt_med
third molar	ANATOMY	2b	2b:yt_med
posterior tooth	ANATOMY	2b	2b:yt_med
palatal flap	ANATOMY	2b	2b:yt_med
suture line	ANATOMY	2b	2b:yt_med
buccal	ANATOMY	2b	2b:yt_med
nephros	ANATOMY	2b	2b:yt_med
left body	ANATOMY	2b	2b:yt_med
kidneys right	ANATOMY	2b	2b:yt_med
pal	ANATOMY	2b	2b:yt_med
default mode network	ANATOMY	2b	2b:yt_med
acromion	ANATOMY	2b	2b:yt_med
bursa	ANATOMY	2b	2b:yt_med
crops	ANATOMY	2b	2b:yt_med
lower teeth	ANATOMY	2b	2b:yt_med
mixed dentition	ANATOMY	2b	2b:yt_med
incisors	ANATOMY	2b	2b:yt_med
posterior segment	ANATOMY	2b	2b:yt_med
first molar	ANATOMY	2b	2b:yt_med
dentition	ANATOMY	2b	2b:yt_med
molar	ANATOMY	2b	2b:yt_med
maxilla	ANATOMY	2b	2b:yt_med
lingual	ANATOMY	2b	2b:yt_med
central incisor	ANATOMY	2b	2b:yt_med
occlusal	ANATOMY	2b	2b:yt_med
mandibular incisor	ANATOMY	2b	2b:yt_med
premolar	ANATOMY	2b	2b:yt_med
left ankle	ANATOMY	2b	2b:yt_med
costa	ANATOMY	2b	2b:yt_med
vermilion border	ANATOMY	2b	2b:yt_med
vermilion border of lip	ANATOMY	2b	2b:yt_med
tubercles	ANATOMY	2b	2b:yt_med
organs	ANATOMY	2b	2b:yt_med
eyebrow	ANATOMY	2b	2b:yt_med
nasolabial fold	ANATOMY	2b	2b:yt_med
vermilion	ANATOMY	2b	2b:yt_med
columella	ANATOMY	2b	2b:yt_med
hand parts	ANATOMY	2b	2b:yt_med
part of brain	ANATOMY	2b	2b:yt_med
zygomatic bone	ANATOMY	2b	2b:yt_med
orbicularis oculi	ANATOMY	2b	2b:yt_med
masseter	ANATOMY	2b	2b:yt_med
tori	ANATOMY	2b	2b:yt_med
temple region	ANATOMY	2b	2b:yt_med
eye region	ANATOMY	2b	2b:yt_med
preauricular area	ANATOMY	2b	2b:yt_med
facial region	ANATOMY	2b	2b:yt_med
bone structure	ANATOMY	2b	2b:yt_med
lateral ligament	ANATOMY	2b	2b:yt_med
neuraxis structures	ANATOMY	2b	2b:yt_med
ipl	ANATOMY	2b	2b:yt_med
nasolabial folds	ANATOMY	2b	2b:yt_med
preauricular	ANATOMY	2b	2b:yt_med
platysma	ANATOMY	2b	2b:yt_med
palpebral	ANATOMY	2b	2b:yt_med
malar	ANATOMY	2b	2b:yt_med
midface	ANATOMY	2b	2b:yt_med
apo	ANATOMY	2b	2b:yt_med
lower body	ANATOMY	2b	2b:yt_med
internal capsule	ANATOMY	2b	2b:yt_med
motor cortex	ANATOMY	2b	2b:yt_med
eye muscles	ANATOMY	2b	2b:yt_med
eye muscle	ANATOMY	2b	2b:yt_med
gluteus maximus	ANATOMY	2b	2b:yt_med
submental	ANATOMY	2b	2b:yt_med
surface of skin	ANATOMY	2b	2b:yt_med
nodes	ANATOMY	2b	2b:yt_med
ganglion region	ANATOMY	2b	2b:yt_med
ram	ANATOMY	2b	2b:yt_med
articular part of rib	ANATOMY	2b	2b:yt_med
les	ANATOMY	2b	2b:yt_med
len	ANATOMY	2b	2b:yt_med
pupils	ANATOMY	2b	2b:yt_med
oculomotor muscles	ANATOMY	2b	2b:yt_med
blood vessel	ANATOMY	2b	2b:yt_med
mamma	ANATOMY	2b	2b:yt_med
cerebral	ANATOMY	2b	2b:yt_med
hal	ANATOMY	2b	2b:yt_med
tubercle	ANATOMY	2b	2b:yt_med
modiolus	ANATOMY	2b	2b:yt_med
polling	ANATOMY	2b	2b:yt_med
articular branch	ANATOMY	2b	2b:yt_med
wombs	ANATOMY	2b	2b:yt_med
tempora	ANATOMY	2b	2b:yt_med
parotid duct	ANATOMY	2b	2b:yt_med
hand ligaments	ANATOMY	2b	2b:yt_med
withering	ANATOMY	2b	2b:yt_med
interstitial	ANATOMY	2b	2b:yt_med
gsa	ANATOMY	2b	2b:yt_med
affected area	ANATOMY	2b	2b:yt_med
body parts	ANATOMY	2b	2b:yt_med
ossicles	ANATOMY	2b	2b:yt_med
malleus	ANATOMY	2b	2b:yt_med
incus	ANATOMY	2b	2b:yt_med
ear ossicles	ANATOMY	2b	2b:yt_med
stapedius muscle	ANATOMY	2b	2b:yt_med
tensor tympani	ANATOMY	2b	2b:yt_med
stapedius	ANATOMY	2b	2b:yt_med
kam	ANATOMY	2b	2b:yt_med
shelling	ANATOMY	2b	2b:yt_med
nasalis	ANATOMY	2b	2b:yt_med
facial bones	ANATOMY	2b	2b:yt_med
teeth set	ANATOMY	2b	2b:yt_med
atrial	ANATOMY	2b	2b:yt_med
sa node	ANATOMY	2b	2b:yt_med
reticulum	ANATOMY	2b	2b:yt_med
av node	ANATOMY	2b	2b:yt_med
atria	ANATOMY	2b	2b:yt_med
accessory pathway	ANATOMY	2b	2b:yt_med
slow pathway	ANATOMY	2b	2b:yt_med
conducting pathway	ANATOMY	2b	2b:yt_med
brain and spinal cord	ANATOMY	2b	2b:yt_med
cheekbone	ANATOMY	2b	2b:yt_med
entire eye	ANATOMY	2b	2b:yt_med
dentition transitional	ANATOMY	2b	2b:yt_med
hand region	ANATOMY	2b	2b:yt_med
respiratory muscles	ANATOMY	2b	2b:yt_med
endocardiac	ANATOMY	2b	2b:yt_med
small vessels	ANATOMY	2b	2b:yt_med
submandibular region	ANATOMY	2b	2b:yt_med
sus	ANATOMY	2b	2b:yt_med
vena	ANATOMY	2b	2b:yt_med
tac	ANATOMY	2b	2b:yt_med
oliva	ANATOMY	2b	2b:yt_med
nate	ANATOMY	2b	2b:yt_med
t8 la lv	ANATOMY	2b	2b:yt_med
mar	ANATOMY	2b	2b:yt_med
spina nasalis	ANATOMY	2b	2b:yt_med
capillary	ANATOMY	2b	2b:yt_med
neck vein	ANATOMY	2b	2b:yt_med
cardio-	ANATOMY	2b	2b:yt_med
heart proper	ANATOMY	2b	2b:yt_med
disk	ANATOMY	2b	2b:yt_med
slas	ANATOMY	2b	2b:yt_med
coccyx	ANATOMY	2b	2b:yt_med
side of neck	ANATOMY	2b	2b:yt_med
ventricular septum	ANATOMY	2b	2b:yt_med
cupula	ANATOMY	2b	2b:yt_med
pul	ANATOMY	2b	2b:yt_med
hairline	ANATOMY	2b	2b:yt_med
womb	ANATOMY	2b	2b:yt_med
mane	ANATOMY	2b	2b:yt_med
genital organ	ANATOMY	2b	2b:yt_med
dum	ANATOMY	2b	2b:yt_med
testicle	ANATOMY	2b	2b:yt_med
abutment	ANATOMY	2b	2b:yt_med
abutments	ANATOMY	2b	2b:yt_med
pupil	ANATOMY	2b	2b:yt_med
bone part	ANATOMY	2b	2b:yt_med
gva	ANATOMY	2b	2b:yt_med
pir	ANATOMY	2b	2b:yt_med
combs	ANATOMY	2b	2b:yt_med
arteries vertebral	ANATOMY	2b	2b:yt_med
cervical vertebrae	ANATOMY	2b	2b:yt_med
intervertebral disc	ANATOMY	2b	2b:yt_med
side chest	ANATOMY	2b	2b:yt_med
acupoint	ANATOMY	2b	2b:yt_med
neck muscles	ANATOMY	2b	2b:yt_med
muscles of back	ANATOMY	2b	2b:yt_med
popliteal fossa	ANATOMY	2b	2b:yt_med
gonads	ANATOMY	2b	2b:yt_med
epigastric region	ANATOMY	2b	2b:yt_med
bile duct	ANATOMY	2b	2b:yt_med
manus	ANATOMY	2b	2b:yt_med
extremity part	ANATOMY	2b	2b:yt_med
major salivary gland	ANATOMY	2b	2b:yt_med
structure of fascia	ANATOMY	2b	2b:yt_med
fascia	ANATOMY	2b	2b:yt_med
vein artery	ANATOMY	2b	2b:yt_med
acu	ANATOMY	2b	2b:yt_med
facial nerve	ANATOMY	2b	2b:yt_med
eminence	ANATOMY	2b	2b:yt_med
ang	ANATOMY	2b	2b:yt_med
tip of tongue	ANATOMY	2b	2b:yt_med
posterior part of tongue	ANATOMY	2b	2b:yt_med
neuronal circuitry	ANATOMY	2b	2b:yt_med
trigeminal nerve	ANATOMY	2b	2b:yt_med
hypoglossal nerve	ANATOMY	2b	2b:yt_med
brainstem	ANATOMY	2b	2b:yt_med
taste receptor	ANATOMY	2b	2b:yt_med
somatosensory cortex	ANATOMY	2b	2b:yt_med
frontal cortex	ANATOMY	2b	2b:yt_med
hypothalamus	ANATOMY	2b	2b:yt_med
hippocampus	ANATOMY	2b	2b:yt_med
amygdala	ANATOMY	2b	2b:yt_med
lamina	ANATOMY	2b	2b:yt_med
entire taste area	ANATOMY	2b	2b:yt_med
feathers	ANATOMY	2b	2b:yt_med
ren	ANATOMY	2b	2b:yt_med
hand surface	ANATOMY	2b	2b:yt_med
hand proper	ANATOMY	2b	2b:yt_med
reproductive system	ANATOMY	2b	2b:yt_med
skeletal muscle	ANATOMY	2b	2b:yt_med
meninge	ANATOMY	2b	2b:yt_med
left atrium	ANATOMY	2b	2b:yt_med
meridian	ANATOMY	2b	2b:yt_med
bundle branches	ANATOMY	2b	2b:yt_med
head muscle	ANATOMY	2b	2b:yt_med
breast tissue	ANATOMY	2b	2b:yt_med
prc	ANATOMY	2b	2b:yt_med
tails	ANATOMY	2b	2b:yt_med
rear end	ANATOMY	2b	2b:yt_med
rostrum	ANATOMY	2b	2b:yt_med
side of face	ANATOMY	2b	2b:yt_med
auricula	ANATOMY	2b	2b:yt_med
commissure y	ANATOMY	2b	2b:yt_med
anus part	ANATOMY	2b	2b:yt_med
tract	ANATOMY	2b	2b:yt_med
muscles of thigh	ANATOMY	2b	2b:yt_med
anal verge	ANATOMY	2b	2b:yt_med
bam	ANATOMY	2b	2b:yt_med
entire ear	ANATOMY	2b	2b:yt_med
glabella	ANATOMY	2b	2b:yt_med
pao	ANATOMY	2b	2b:yt_med
tal	ANATOMY	2b	2b:yt_med
viscera	ANATOMY	2b	2b:yt_med
osteochondral	ANATOMY	2b	2b:yt_med
surface of knee	ANATOMY	2b	2b:yt_med
thumbnail	ANATOMY	2b	2b:yt_med
cerebral cortex	ANATOMY	2b	2b:yt_med
thalamic	ANATOMY	2b	2b:yt_med
thalamus	ANATOMY	2b	2b:yt_med
occipital regions	ANATOMY	2b	2b:yt_med
skin surface	ANATOMY	2b	2b:yt_med
soles	ANATOMY	2b	2b:yt_med
ventrum	ANATOMY	2b	2b:yt_med
facet	ANATOMY	2b	2b:yt_med
lateral pharyngeal wall	ANATOMY	2b	2b:yt_med
tonsil	ANATOMY	2b	2b:yt_med
back of nose	ANATOMY	2b	2b:yt_med
pharyngeal wall	ANATOMY	2b	2b:yt_med
right tonsil	ANATOMY	2b	2b:yt_med
coronary vein	ANATOMY	2b	2b:yt_med
proximal left anterior descending artery	ANATOMY	2b	2b:yt_med
left anterior descending artery	ANATOMY	2b	2b:yt_med
heart chamber	ANATOMY	2b	2b:yt_med
three vessels	ANATOMY	2b	2b:yt_med
tarsal	ANATOMY	2b	2b:yt_med
ascending aorta	ANATOMY	2b	2b:yt_med
sct	ANATOMY	2b	2b:yt_med
cardio pulmonary	ANATOMY	2b	2b:yt_med
coronary sinus	ANATOMY	2b	2b:yt_med
cardiac veins	ANATOMY	2b	2b:yt_med
kidney liver	ANATOMY	2b	2b:yt_med
saphenous vein graft	ANATOMY	2b	2b:yt_med
internal thoracic artery	ANATOMY	2b	2b:yt_med
thoracic artery	ANATOMY	2b	2b:yt_med
arteries brain	ANATOMY	2b	2b:yt_med
eye left	ANATOMY	2b	2b:yt_med
saphenous vein	ANATOMY	2b	2b:yt_med
radial artery	ANATOMY	2b	2b:yt_med
arterial grafts	ANATOMY	2b	2b:yt_med
arterial graft	ANATOMY	2b	2b:yt_med
arterial grafting	ANATOMY	2b	2b:yt_med
target vessel	ANATOMY	2b	2b:yt_med
articulare	ANATOMY	2b	2b:yt_med
valva	ANATOMY	2b	2b:yt_med
canals	ANATOMY	2b	2b:yt_med
spectacle	ANATOMY	2b	2b:yt_med
orbicularis oris	ANATOMY	2b	2b:yt_med
bladder wall	ANATOMY	2b	2b:yt_med
neck of bladder	ANATOMY	2b	2b:yt_med
region of bladder	ANATOMY	2b	2b:yt_med
internal urethral sphincter	ANATOMY	2b	2b:yt_med
urethral sphincter	ANATOMY	2b	2b:yt_med
stretch receptors	ANATOMY	2b	2b:yt_med
detrusor muscle	ANATOMY	2b	2b:yt_med
sacral cord	ANATOMY	2b	2b:yt_med
pudendal nerve	ANATOMY	2b	2b:yt_med
sacral	ANATOMY	2b	2b:yt_med
parasympathetic nerve	ANATOMY	2b	2b:yt_med
midbrain and pons	ANATOMY	2b	2b:yt_med
sphincter	ANATOMY	2b	2b:yt_med
midbrain	ANATOMY	2b	2b:yt_med
pontine	ANATOMY	2b	2b:yt_med
pons	ANATOMY	2b	2b:yt_med
genitourinary	ANATOMY	2b	2b:yt_med
dmh	ANATOMY	2b	2b:yt_med
spines	ANATOMY	2b	2b:yt_med
colons	ANATOMY	2b	2b:yt_med
orbital bone	ANATOMY	2b	2b:yt_med
brain right	ANATOMY	2b	2b:yt_med
intracardiac	ANATOMY	2b	2b:yt_med
scalps	ANATOMY	2b	2b:yt_med
coe	ANATOMY	2b	2b:yt_med
vaginal vault	ANATOMY	2b	2b:yt_med
hip bone	ANATOMY	2b	2b:yt_med
right straight gyrus	ANATOMY	2b	2b:yt_med
area 10	ANATOMY	2b	2b:yt_med
axis cartilage	ANATOMY	2b	2b:yt_med
noses	ANATOMY	2b	2b:yt_med
nose bridge	ANATOMY	2b	2b:yt_med
nasal pharynx	ANATOMY	2b	2b:yt_med
middle turbinate	ANATOMY	2b	2b:yt_med
turbinate	ANATOMY	2b	2b:yt_med
entire abdomen	ANATOMY	2b	2b:yt_med
tip of index finger	ANATOMY	2b	2b:yt_med
lobule	ANATOMY	2b	2b:yt_med
lobules	ANATOMY	2b	2b:yt_med
antrum of stomach	ANATOMY	2b	2b:yt_med
gastric glands	ANATOMY	2b	2b:yt_med
vagus nerve	ANATOMY	2b	2b:yt_med
abdominal cavities	ANATOMY	2b	2b:yt_med
arm bone	ANATOMY	2b	2b:yt_med
glenoid	ANATOMY	2b	2b:yt_med
descending thin limb	ANATOMY	2b	2b:yt_med
proximal tubule	ANATOMY	2b	2b:yt_med
distal convoluted tubule	ANATOMY	2b	2b:yt_med
proximal straight tubule	ANATOMY	2b	2b:yt_med
ascending thin limb	ANATOMY	2b	2b:yt_med
collecting duct	ANATOMY	2b	2b:yt_med
medullary	ANATOMY	2b	2b:yt_med
loop of henle	ANATOMY	2b	2b:yt_med
interstitium	ANATOMY	2b	2b:yt_med
collecting tubules	ANATOMY	2b	2b:yt_med
ocular	ANATOMY	2b	2b:yt_med
abdominal arteries	ANATOMY	2b	2b:yt_med
femoral artery	ANATOMY	2b	2b:yt_med
arteria	ANATOMY	2b	2b:yt_med
nasal ala	ANATOMY	2b	2b:yt_med
musculature	ANATOMY	2b	2b:yt_med
gluteal	ANATOMY	2b	2b:yt_med
carotid	ANATOMY	2b	2b:yt_med
artery femoral	ANATOMY	2b	2b:yt_med
epigastric	ANATOMY	2b	2b:yt_med
hypothalamic	ANATOMY	2b	2b:yt_med
12s	ANATOMY	2b	2b:yt_med
lateral canthus	ANATOMY	2b	2b:yt_med
frontalis	ANATOMY	2b	2b:yt_med
septal area	ANATOMY	2b	2b:yt_med
frontalis muscle	ANATOMY	2b	2b:yt_med
angle of jaw	ANATOMY	2b	2b:yt_med
facial artery	ANATOMY	2b	2b:yt_med
region 5	ANATOMY	2b	2b:yt_med
layered	ANATOMY	2b	2b:yt_med
muscles of lower limb	ANATOMY	2b	2b:yt_med
anterior compartment of thigh	ANATOMY	2b	2b:yt_med
muscles of foot	ANATOMY	2b	2b:yt_med
anterior superior iliac spine	ANATOMY	2b	2b:yt_med
sartorius	ANATOMY	2b	2b:yt_med
semitendinosus	ANATOMY	2b	2b:yt_med
gracilis	ANATOMY	2b	2b:yt_med
muscles rectus	ANATOMY	2b	2b:yt_med
femoral nerve	ANATOMY	2b	2b:yt_med
head of rectus femoris	ANATOMY	2b	2b:yt_med
vastus intermedius	ANATOMY	2b	2b:yt_med
quadriceps femoris	ANATOMY	2b	2b:yt_med
vastus lateralis	ANATOMY	2b	2b:yt_med
rectus femoris	ANATOMY	2b	2b:yt_med
iliac spine	ANATOMY	2b	2b:yt_med
acetabulum	ANATOMY	2b	2b:yt_med
ligamentum patellae	ANATOMY	2b	2b:yt_med
vastus medialis	ANATOMY	2b	2b:yt_med
intertrochanteric line	ANATOMY	2b	2b:yt_med
surface of femur	ANATOMY	2b	2b:yt_med
articularis genu	ANATOMY	2b	2b:yt_med
linea aspera	ANATOMY	2b	2b:yt_med
suprapatellar bursa	ANATOMY	2b	2b:yt_med
tensor fascia lata	ANATOMY	2b	2b:yt_med
iliac crest	ANATOMY	2b	2b:yt_med
superior gluteal nerve	ANATOMY	2b	2b:yt_med
iliotibial tract	ANATOMY	2b	2b:yt_med
latus	ANATOMY	2b	2b:yt_med
gluteus medius	ANATOMY	2b	2b:yt_med
iliacus	ANATOMY	2b	2b:yt_med
iliacus muscle	ANATOMY	2b	2b:yt_med
lesser trochanter of femur	ANATOMY	2b	2b:yt_med
trunk of femoral nerve	ANATOMY	2b	2b:yt_med
iliopsoas	ANATOMY	2b	2b:yt_med
medial compartment of thigh	ANATOMY	2b	2b:yt_med
adductor muscle	ANATOMY	2b	2b:yt_med
obturator externus muscle	ANATOMY	2b	2b:yt_med
adductor muscles	ANATOMY	2b	2b:yt_med
adductor longus	ANATOMY	2b	2b:yt_med
adductor brevis	ANATOMY	2b	2b:yt_med
adductor magnus	ANATOMY	2b	2b:yt_med
pectineus	ANATOMY	2b	2b:yt_med
pubis	ANATOMY	2b	2b:yt_med
ischiopubic ramus	ANATOMY	2b	2b:yt_med
obturator externus	ANATOMY	2b	2b:yt_med
obturator membrane	ANATOMY	2b	2b:yt_med
pectineal line	ANATOMY	2b	2b:yt_med
greater trochanter	ANATOMY	2b	2b:yt_med
trochanteric fossa	ANATOMY	2b	2b:yt_med
obturator nerve	ANATOMY	2b	2b:yt_med
muscle pectineus	ANATOMY	2b	2b:yt_med
sciatic nerve	ANATOMY	2b	2b:yt_med
gluteal region	ANATOMY	2b	2b:yt_med
surface of hip bone	ANATOMY	2b	2b:yt_med
posterior gluteal line	ANATOMY	2b	2b:yt_med
gluteal tuberosity	ANATOMY	2b	2b:yt_med
inferior gluteal nerve	ANATOMY	2b	2b:yt_med
gluteus minimus	ANATOMY	2b	2b:yt_med
gluteal nerve	ANATOMY	2b	2b:yt_med
greater trochanter of femur	ANATOMY	2b	2b:yt_med
gluteus	ANATOMY	2b	2b:yt_med
piriformis muscle	ANATOMY	2b	2b:yt_med
piriformis	ANATOMY	2b	2b:yt_med
greater sciatic notch	ANATOMY	2b	2b:yt_med
obturator internus	ANATOMY	2b	2b:yt_med
quadratus femoris	ANATOMY	2b	2b:yt_med
lesser sciatic notch	ANATOMY	2b	2b:yt_med
nerve to piriformis	ANATOMY	2b	2b:yt_med
ilium	ANATOMY	2b	2b:yt_med
trochanter	ANATOMY	2b	2b:yt_med
intertrochanteric crest	ANATOMY	2b	2b:yt_med
nerve to obturator internus	ANATOMY	2b	2b:yt_med
nerve to quadratus femoris	ANATOMY	2b	2b:yt_med
posterior compartment of thigh	ANATOMY	2b	2b:yt_med
flexor compartment of thigh	ANATOMY	2b	2b:yt_med
biceps femoris muscle	ANATOMY	2b	2b:yt_med
ischial tuberosity	ANATOMY	2b	2b:yt_med
head of biceps femoris	ANATOMY	2b	2b:yt_med
semimembranosus	ANATOMY	2b	2b:yt_med
muscles semitendinosus	ANATOMY	2b	2b:yt_med
head of fibula	ANATOMY	2b	2b:yt_med
adductor tubercle	ANATOMY	2b	2b:yt_med
biceps femoris	ANATOMY	2b	2b:yt_med
triangular area 45	ANATOMY	2b	2b:yt_med
bones of leg	ANATOMY	2b	2b:yt_med
fibula	ANATOMY	2b	2b:yt_med
tibial collateral ligament	ANATOMY	2b	2b:yt_med
tibialis anterior	ANATOMY	2b	2b:yt_med
lateral surface of tibia	ANATOMY	2b	2b:yt_med
base of first metatarsal	ANATOMY	2b	2b:yt_med
medial cuneiform bone	ANATOMY	2b	2b:yt_med
superficial fibular nerve	ANATOMY	2b	2b:yt_med
common fibular nerve	ANATOMY	2b	2b:yt_med
deep fibular nerve	ANATOMY	2b	2b:yt_med
fibularis longus	ANATOMY	2b	2b:yt_med
tibial nerve	ANATOMY	2b	2b:yt_med
extensor digitorum	ANATOMY	2b	2b:yt_med
extensor digitorum longus	ANATOMY	2b	2b:yt_med
extensor hallucis longus	ANATOMY	2b	2b:yt_med
surface of fibula	ANATOMY	2b	2b:yt_med
fibularis tertius	ANATOMY	2b	2b:yt_med
axis surface	ANATOMY	2b	2b:yt_med
phalanx of great toe	ANATOMY	2b	2b:yt_med
plantar surface	ANATOMY	2b	2b:yt_med
hallux	ANATOMY	2b	2b:yt_med
toe, dorsal surface	ANATOMY	2b	2b:yt_med
base of fifth metatarsal	ANATOMY	2b	2b:yt_med
flexor digitorum longus	ANATOMY	2b	2b:yt_med
flexor hallucis longus	ANATOMY	2b	2b:yt_med
anterior part of leg	ANATOMY	2b	2b:yt_med
fibularis brevis	ANATOMY	2b	2b:yt_med
peroneus longus	ANATOMY	2b	2b:yt_med
peroneus brevis	ANATOMY	2b	2b:yt_med
lateral surface of fibula	ANATOMY	2b	2b:yt_med
cuboid bone	ANATOMY	2b	2b:yt_med
tendon of fibularis longus muscle	ANATOMY	2b	2b:yt_med
plantaris	ANATOMY	2b	2b:yt_med
soleus	ANATOMY	2b	2b:yt_med
lateral supracondylar line	ANATOMY	2b	2b:yt_med
common tendon	ANATOMY	2b	2b:yt_med
calcaneus bone	ANATOMY	2b	2b:yt_med
triceps surae	ANATOMY	2b	2b:yt_med
plantaris muscle	ANATOMY	2b	2b:yt_med
muscle belly	ANATOMY	2b	2b:yt_med
popliteus	ANATOMY	2b	2b:yt_med
lateral condyle of femur	ANATOMY	2b	2b:yt_med
popliteus muscle	ANATOMY	2b	2b:yt_med
navicular tuberosity	ANATOMY	2b	2b:yt_med
navicular bone	ANATOMY	2b	2b:yt_med
talus	ANATOMY	2b	2b:yt_med
posterior surface of tibia	ANATOMY	2b	2b:yt_med
soleal line	ANATOMY	2b	2b:yt_med
dorsum	ANATOMY	2b	2b:yt_med
extensor digitorum brevis	ANATOMY	2b	2b:yt_med
dorsum of foot	ANATOMY	2b	2b:yt_med
sole of foot	ANATOMY	2b	2b:yt_med
extensor hallucis brevis muscle	ANATOMY	2b	2b:yt_med
extensor hallucis brevis	ANATOMY	2b	2b:yt_med
abductor digiti minimi muscle	ANATOMY	2b	2b:yt_med
abductor hallucis	ANATOMY	2b	2b:yt_med
plexus	ANATOMY	2b	2b:yt_med
lateral plantar nerve	ANATOMY	2b	2b:yt_med
flexor accessorius muscle	ANATOMY	2b	2b:yt_med
flexor accessorius	ANATOMY	2b	2b:yt_med
flexor digiti minimi brevis	ANATOMY	2b	2b:yt_med
flexor hallucis brevis	ANATOMY	2b	2b:yt_med
plantar nerve	ANATOMY	2b	2b:yt_med
head of adductor hallucis muscle	ANATOMY	2b	2b:yt_med
little toe	ANATOMY	2b	2b:yt_med
medial plantar nerve	ANATOMY	2b	2b:yt_med
plantar interossei	ANATOMY	2b	2b:yt_med
palmar interossei	ANATOMY	2b	2b:yt_med
hand dorsal	ANATOMY	2b	2b:yt_med
muscle of gluteal region	ANATOMY	2b	2b:yt_med
tibialis posterior	ANATOMY	2b	2b:yt_med
val	ANATOMY	2b	2b:yt_med
subthalamic nucleus	ANATOMY	2b	2b:yt_med
base of brain	ANATOMY	2b	2b:yt_med
substantia nigra	ANATOMY	2b	2b:yt_med
caudate nucleus	ANATOMY	2b	2b:yt_med
globus pallidus	ANATOMY	2b	2b:yt_med
basal ganglia	ANATOMY	2b	2b:yt_med
striatum	ANATOMY	2b	2b:yt_med
putamen	ANATOMY	2b	2b:yt_med
pallidum	ANATOMY	2b	2b:yt_med
cingulate cortex	ANATOMY	2b	2b:yt_med
globus pallidus internus	ANATOMY	2b	2b:yt_med
globus pallidus externus	ANATOMY	2b	2b:yt_med
basilar membrane	ANATOMY	2b	2b:yt_med
cochlea	ANATOMY	2b	2b:yt_med
v. scala vestibuli	ANATOMY	2b	2b:yt_med
base of cochlea	ANATOMY	2b	2b:yt_med
apex of cochlea	ANATOMY	2b	2b:yt_med
basilar membrane of cochlea	ANATOMY	2b	2b:yt_med
auditory pathway	ANATOMY	2b	2b:yt_med
auditory cortex	ANATOMY	2b	2b:yt_med
afferent nerve	ANATOMY	2b	2b:yt_med
medial patellofemoral ligament	ANATOMY	2b	2b:yt_med
optic	ANATOMY	2b	2b:yt_med
pulmo sinister	ANATOMY	2b	2b:yt_med
trapezoid	ANATOMY	2b	2b:yt_med
lingua	ANATOMY	2b	2b:yt_med
teste	ANATOMY	2b	2b:yt_med
talon	ANATOMY	2b	2b:yt_med
achilles	ANATOMY	2b	2b:yt_med
drt	ANATOMY	2b	2b:yt_med
head surface	ANATOMY	2b	2b:yt_med
ponte	ANATOMY	2b	2b:yt_med
pinkie	ANATOMY	2b	2b:yt_med
ocp	ANATOMY	2b	2b:yt_med
pyramids	ANATOMY	2b	2b:yt_med
glomerulus	ANATOMY	2b	2b:yt_med
diaphragms	ANATOMY	2b	2b:yt_med
thumbs	ANATOMY	2b	2b:yt_med
microphage	ANATOMY	2b	2b:yt_med
right b1	ANATOMY	2b	2b:yt_med
bearded	ANATOMY	2b	2b:yt_med
bsc	ANATOMY	2b	2b:yt_med
left jaw	ANATOMY	2b	2b:yt_med
spurs	ANATOMY	2b	2b:yt_med
mantle	ANATOMY	2b	2b:yt_med
cal	ANATOMY	2b	2b:yt_med
hacer	ANATOMY	2b	2b:yt_med
side head	ANATOMY	2b	2b:yt_med
portal system	ANATOMY	2b	2b:yt_med
entire individual bone	ANATOMY	2b	2b:yt_med
depressor anguli oris	ANATOMY	2b	2b:yt_med
mentalis muscle	ANATOMY	2b	2b:yt_med
mentalis	ANATOMY	2b	2b:yt_med
bone and soft tissue	ANATOMY	2b	2b:yt_med
male urethra	ANATOMY	2b	2b:yt_med
structure of second ray	ANATOMY	2b	2b:yt_med
corneal	ANATOMY	2b	2b:yt_med
long process of incus	ANATOMY	2b	2b:yt_med
handle of malleus	ANATOMY	2b	2b:yt_med
neck of malleus	ANATOMY	2b	2b:yt_med
temporal bone	ANATOMY	2b	2b:yt_med
body of incus	ANATOMY	2b	2b:yt_med
stapes superstructure	ANATOMY	2b	2b:yt_med
head of stapes	ANATOMY	2b	2b:yt_med
neck of stapes	ANATOMY	2b	2b:yt_med
articular recess	ANATOMY	2b	2b:yt_med
pyramidal eminence	ANATOMY	2b	2b:yt_med
pyramid	ANATOMY	2b	2b:yt_med
tensor tympani muscle	ANATOMY	2b	2b:yt_med
stapedius tendon	ANATOMY	2b	2b:yt_med
roof of nose	ANATOMY	2b	2b:yt_med
upper body	ANATOMY	2a	2a:yt_med_seg
backbone	ANATOMY	2a	2a:yt_med_seg
set of teeth	ANATOMY	2a	2a:yt_med_seg
inner surface of rib	ANATOMY	2a	2a:yt_med_seg
sim	ANATOMY	2a	2a:yt_med_seg
iliac	ANATOMY	2a	2a:yt_med_seg
bilateral upper m1	ANATOMY	2a	2a:yt_med_seg
cerebrum	ANATOMY	2a	2a:yt_med_seg
laryngeal muscles	ANATOMY	2a	2a:yt_med_seg
tracts	ANATOMY	2a	2a:yt_med_seg
tongues	ANATOMY	2a	2a:yt_med_seg
vocal folds	ANATOMY	2a	2a:yt_med_seg
lgb	ANATOMY	2a	2a:yt_med_seg
hunger center	ANATOMY	2a	2a:yt_med_seg
horn	ANATOMY	2a	2a:yt_med_seg
ipc	ANATOMY	2a	2a:yt_med_seg
lens of eye	ANATOMY	2a	2a:yt_med_seg
body fat	ANATOMY	2a	2a:yt_med_seg
islets of langerhans	ANATOMY	2a	2a:yt_med_seg
artery wall	ANATOMY	2a	2a:yt_med_seg
dcb	ANATOMY	2a	2a:yt_med_seg
cropping	ANATOMY	2a	2a:yt_med_seg
peripheral arteries	ANATOMY	2a	2a:yt_med_seg
iliac arteries	ANATOMY	2a	2a:yt_med_seg
cerebral vessels	ANATOMY	2a	2a:yt_med_seg
extremity arteries	ANATOMY	2a	2a:yt_med_seg
subintima	ANATOMY	2a	2a:yt_med_seg
common femoral artery	ANATOMY	2a	2a:yt_med_seg
superficial femoral artery	ANATOMY	2a	2a:yt_med_seg
deep femoral artery	ANATOMY	2a	2a:yt_med_seg
poll	ANATOMY	2a	2a:yt_med_seg
rml	ANATOMY	2a	2a:yt_med_seg
windpipe	ANATOMY	2a	2a:yt_med_seg
thoracic aorta	ANATOMY	2a	2a:yt_med_seg
intima	ANATOMY	2a	2a:yt_med_seg
wall of aorta	ANATOMY	2a	2a:yt_med_seg
left subclavian artery	ANATOMY	2a	2a:yt_med_seg
orb	ANATOMY	2a	2a:yt_med_seg
left inferior pulmonary vein	ANATOMY	2a	2a:yt_med_seg
left ventricle of heart	ANATOMY	2a	2a:yt_med_seg
asb	ANATOMY	2a	2a:yt_med_seg
aortas	ANATOMY	2a	2a:yt_med_seg
hand vasculature	ANATOMY	2a	2a:yt_med_seg
thoracic outlet	ANATOMY	2a	2a:yt_med_seg
upper chest	ANATOMY	2a	2a:yt_med_seg
right side of head	ANATOMY	2a	2a:yt_med_seg
right side of neck	ANATOMY	2a	2a:yt_med_seg
artery median	ANATOMY	2a	2a:yt_med_seg
left side of neck	ANATOMY	2a	2a:yt_med_seg
subclavian vessels	ANATOMY	2a	2a:yt_med_seg
right subclavian artery	ANATOMY	2a	2a:yt_med_seg
subclavian artery	ANATOMY	2a	2a:yt_med_seg
subclavian arteries	ANATOMY	2a	2a:yt_med_seg
heart ventricles	ANATOMY	2a	2a:yt_med_seg
heart wall	ANATOMY	2a	2a:yt_med_seg
heart walls	ANATOMY	2a	2a:yt_med_seg
gastrointestinal tract	ANATOMY	2a	2a:yt_med_seg
peripheral blood vessels	ANATOMY	2a	2a:yt_med_seg
left ventricular wall	ANATOMY	2a	2a:yt_med_seg
sympathetic nerve	ANATOMY	2a	2a:yt_med_seg
arterioles	ANATOMY	2a	2a:yt_med_seg
sweat gland	ANATOMY	2a	2a:yt_med_seg
other structures	ANATOMY	2a	2a:yt_med_seg
lumbosacral plexus	ANATOMY	2a	2a:yt_med_seg
pelvic bones	ANATOMY	2a	2a:yt_med_seg
cranium	ANATOMY	2a	2a:yt_med_seg
intracranial	ANATOMY	2a	2a:yt_med_seg
leptomeninges	ANATOMY	2a	2a:yt_med_seg
skull base	ANATOMY	2a	2a:yt_med_seg
calvarium	ANATOMY	2a	2a:yt_med_seg
blood brain barrier	ANATOMY	2a	2a:yt_med_seg
bbb	ANATOMY	2a	2a:yt_med_seg
dura	ANATOMY	2a	2a:yt_med_seg
anatomic location	ANATOMY	2a	2a:yt_med_seg
corpus	ANATOMY	2a	2a:yt_med_seg
optic chiasm	ANATOMY	2a	2a:yt_med_seg
pineal	ANATOMY	2a	2a:yt_med_seg
chiasma	ANATOMY	2a	2a:yt_med_seg
optic nerve sheath	ANATOMY	2a	2a:yt_med_seg
cranial nerve	ANATOMY	2a	2a:yt_med_seg
developing tooth	ANATOMY	2a	2a:yt_med_seg
dtg	ANATOMY	2a	2a:yt_med_seg
prostate gland	ANATOMY	2a	2a:yt_med_seg
perineum	ANATOMY	2a	2a:yt_med_seg
entire prostate	ANATOMY	2a	2a:yt_med_seg
adnexa	ANATOMY	2a	2a:yt_med_seg
surface of eye	ANATOMY	2a	2a:yt_med_seg
crystalline lens	ANATOMY	2a	2a:yt_med_seg
cornea surface	ANATOMY	2a	2a:yt_med_seg
scleral	ANATOMY	2a	2a:yt_med_seg
stroma	ANATOMY	2a	2a:yt_med_seg
pars plana	ANATOMY	2a	2a:yt_med_seg
delt	ANATOMY	2a	2a:yt_med_seg
macula	ANATOMY	2a	2a:yt_med_seg
extraocular muscle	ANATOMY	2a	2a:yt_med_seg
ocular muscle	ANATOMY	2a	2a:yt_med_seg
outer canthus	ANATOMY	2a	2a:yt_med_seg
face and neck	ANATOMY	2a	2a:yt_med_seg
nasolacrimal duct	ANATOMY	2a	2a:yt_med_seg
lacrimal gland	ANATOMY	2a	2a:yt_med_seg
orbital content	ANATOMY	2a	2a:yt_med_seg
eyelashes	ANATOMY	2a	2a:yt_med_seg
conjunctival	ANATOMY	2a	2a:yt_med_seg
iris and ciliary body	ANATOMY	2a	2a:yt_med_seg
tectum	ANATOMY	2a	2a:yt_med_seg
region of limb	ANATOMY	2a	2a:yt_med_seg
margin of iris	ANATOMY	2a	2a:yt_med_seg
rump	ANATOMY	2a	2a:yt_med_seg
crop	ANATOMY	2a	2a:yt_med_seg
ias	ANATOMY	2a	2a:yt_med_seg
olt	ANATOMY	2a	2a:yt_med_seg
pia	ANATOMY	2a	2a:yt_med_seg
right side of heart	ANATOMY	2a	2a:yt_med_seg
heart structure	ANATOMY	2a	2a:yt_med_seg
large artery	ANATOMY	2a	2a:yt_med_seg
carotid artery	ANATOMY	2a	2a:yt_med_seg
zyo	ANATOMY	2a	2a:yt_med_seg
crm	ANATOMY	2a	2a:yt_med_seg
pgp	ANATOMY	2a	2a:yt_med_seg
oth	ANATOMY	2a	2a:yt_med_seg
s5 vertebra	ANATOMY	2a	2a:yt_med_seg
right mrt	ANATOMY	2a	2a:yt_med_seg
kidney arteries	ANATOMY	2a	2a:yt_med_seg
visceral arteries	ANATOMY	2a	2a:yt_med_seg
renal artery	ANATOMY	2a	2a:yt_med_seg
trigeminal v	ANATOMY	2a	2a:yt_med_seg
inner ears	ANATOMY	2a	2a:yt_med_seg
vestibule	ANATOMY	2a	2a:yt_med_seg
female genital tract	ANATOMY	2a	2a:yt_med_seg
hair bearing skin	ANATOMY	2a	2a:yt_med_seg
radiation field	ANATOMY	2a	2a:yt_med_seg
vaginal mucosa	ANATOMY	2a	2a:yt_med_seg
sweat glands	ANATOMY	2a	2a:yt_med_seg
ileal	ANATOMY	2a	2a:yt_med_seg
brachial plexus	ANATOMY	2a	2a:yt_med_seg
gonadal	ANATOMY	2a	2a:yt_med_seg
dsc	ANATOMY	2a	2a:yt_med_seg
ebr	ANATOMY	2a	2a:yt_med_seg
organs at risk	ANATOMY	2a	2a:yt_med_seg
nasopharyngeal	ANATOMY	2a	2a:yt_med_seg
hypopharyngeal	ANATOMY	2a	2a:yt_med_seg
hepatic artery	ANATOMY	2a	2a:yt_med_seg
human hair	ANATOMY	2a	2a:yt_med_seg
posterior tibial artery	ANATOMY	2a	2a:yt_med_seg
anterior tibial artery	ANATOMY	2a	2a:yt_med_seg
rear foot	ANATOMY	2a	2a:yt_med_seg
lateral plantar artery	ANATOMY	2a	2a:yt_med_seg
forefoot	ANATOMY	2a	2a:yt_med_seg
foot bones	ANATOMY	2a	2a:yt_med_seg
tibial arteries	ANATOMY	2a	2a:yt_med_seg
pis	ANATOMY	2a	2a:yt_med_seg
pars compacta	ANATOMY	2a	2a:yt_med_seg
microglial	ANATOMY	2a	2a:yt_med_seg
olfactory bulb	ANATOMY	2a	2a:yt_med_seg
medulla oblongata	ANATOMY	2a	2a:yt_med_seg
pontine tegmentum	ANATOMY	2a	2a:yt_med_seg
basal forebrain	ANATOMY	2a	2a:yt_med_seg
neocortex	ANATOMY	2a	2a:yt_med_seg
lysosomal	ANATOMY	2a	2a:yt_med_seg
mds	ANATOMY	2a	2a:yt_med_seg
blood-brain barrier	ANATOMY	2a	2a:yt_med_seg
pedunculopontine nucleus	ANATOMY	2a	2a:yt_med_seg
carpal bones	ANATOMY	2a	2a:yt_med_seg
appendage	ANATOMY	2a	2a:yt_med_seg
wrist and hand	ANATOMY	2a	2a:yt_med_seg
carpal	ANATOMY	2a	2a:yt_med_seg
palma	ANATOMY	2a	2a:yt_med_seg
ial	ANATOMY	2a	2a:yt_med_seg
sp2	ANATOMY	2a	2a:yt_med_seg
vascular structure	ANATOMY	2a	2a:yt_med_seg
pancreatic artery	ANATOMY	2a	2a:yt_med_seg
permanent teeth	ANATOMY	2a	2a:yt_med_seg
artery and vein	ANATOMY	2a	2a:yt_med_seg
blood vessel wall	ANATOMY	2a	2a:yt_med_seg
vein right	ANATOMY	2a	2a:yt_med_seg
iliac vein	ANATOMY	2a	2a:yt_med_seg
blood vessel walls	ANATOMY	2a	2a:yt_med_seg
artery walls	ANATOMY	2a	2a:yt_med_seg
vertebral arteries	ANATOMY	2a	2a:yt_med_seg
lumbar disc	ANATOMY	2a	2a:yt_med_seg
whiskers	ANATOMY	2a	2a:yt_med_seg
claws	ANATOMY	2a	2a:yt_med_seg
lim	ANATOMY	2a	2a:yt_med_seg
sensory nerve	ANATOMY	2a	2a:yt_med_seg
reticular formation	ANATOMY	2a	2a:yt_med_seg
red nucleus	ANATOMY	2a	2a:yt_med_seg
spinal tract	ANATOMY	2a	2a:yt_med_seg
upper extremities	ANATOMY	2a	2a:yt_med_seg
fallopian tubes	ANATOMY	2a	2a:yt_med_seg
polls	ANATOMY	2a	2a:yt_med_seg
iam	ANATOMY	2a	2a:yt_med_seg
stl	ANATOMY	2a	2a:yt_med_seg
half of tooth	ANATOMY	2a	2a:yt_med_seg
facials	ANATOMY	2a	2a:yt_med_seg
inc	ANATOMY	2a	2a:yt_med_seg
femoral head	ANATOMY	2a	2a:yt_med_seg
vaginal area	ANATOMY	2a	2a:yt_med_seg
arm and leg	ANATOMY	2a	2a:yt_med_seg
wall of heart	ANATOMY	2a	2a:yt_med_seg
tricuspid valve	ANATOMY	2a	2a:yt_med_seg
pulmonary vessels	ANATOMY	2a	2a:yt_med_seg
pulmonary area	ANATOMY	2a	2a:yt_med_seg
aortic area	ANATOMY	2a	2a:yt_med_seg
tricuspid area	ANATOMY	2a	2a:yt_med_seg
cuspid	ANATOMY	2a	2a:yt_med_seg
left side of heart	ANATOMY	2a	2a:yt_med_seg
right bundle branch	ANATOMY	2a	2a:yt_med_seg
pericardium	ANATOMY	2a	2a:yt_med_seg
pericardial	ANATOMY	2a	2a:yt_med_seg
right ventricles	ANATOMY	2a	2a:yt_med_seg
left ventricles	ANATOMY	2a	2a:yt_med_seg
tear ducts	ANATOMY	2a	2a:yt_med_seg
bronchial arteries	ANATOMY	2a	2a:yt_med_seg
transplanted lung	ANATOMY	2a	2a:yt_med_seg
bronchi	ANATOMY	2a	2a:yt_med_seg
bronchial wall	ANATOMY	2a	2a:yt_med_seg
alv	ANATOMY	2a	2a:yt_med_seg
bronchiolar	ANATOMY	2a	2a:yt_med_seg
birth canal	ANATOMY	2a	2a:yt_med_seg
top of head	ANATOMY	2a	2a:yt_med_seg
umbilical	ANATOMY	2a	2a:yt_med_seg
ear right	ANATOMY	2a	2a:yt_med_seg
sinusoid	ANATOMY	2a	2a:yt_med_seg
sinusoids	ANATOMY	2a	2a:yt_med_seg
pinna	ANATOMY	2a	2a:yt_med_seg
cilia	ANATOMY	2a	2a:yt_med_seg
visual cortex	ANATOMY	2a	2a:yt_med_seg
utricle and saccule	ANATOMY	2a	2a:yt_med_seg
otolith	ANATOMY	2a	2a:yt_med_seg
umbilical vein	ANATOMY	2a	2a:yt_med_seg
follicular	ANATOMY	2a	2a:yt_med_seg
carotid bodies	ANATOMY	2a	2a:yt_med_seg
aortic bodies	ANATOMY	2a	2a:yt_med_seg
glomus	ANATOMY	2a	2a:yt_med_seg
around eyes	ANATOMY	2a	2a:yt_med_seg
nasal septum	ANATOMY	2a	2a:yt_med_seg
external nose	ANATOMY	2a	2a:yt_med_seg
sml	ANATOMY	2a	2a:yt_med_seg
salivary gland	ANATOMY	2a	2a:yt_med_seg
oviduct	ANATOMY	2a	2a:yt_med_seg
ihr	ANATOMY	2a	2a:yt_med_seg
sol	ANATOMY	2a	2a:yt_med_seg
celiac artery	ANATOMY	2a	2a:yt_med_seg
abdominal aorta	ANATOMY	2a	2a:yt_med_seg
arterial tree	ANATOMY	2a	2a:yt_med_seg
heart and lung	ANATOMY	2a	2a:yt_med_seg
lumbar arteries	ANATOMY	2a	2a:yt_med_seg
umbilicus	ANATOMY	2a	2a:yt_med_seg
secondary bronchi	ANATOMY	2a	2a:yt_med_seg
bronchial gland	ANATOMY	2a	2a:yt_med_seg
opa	ANATOMY	2a	2a:yt_med_seg
ore	ANATOMY	2a	2a:yt_med_seg
pes	ANATOMY	2a	2a:yt_med_seg
half of body	ANATOMY	2a	2a:yt_med_seg
perineal	ANATOMY	2a	2a:yt_med_seg
entire back	ANATOMY	2a	2a:yt_med_seg
pallium	ANATOMY	2a	2a:yt_med_seg
planta	ANATOMY	2a	2a:yt_med_seg
glandular	ANATOMY	2a	2a:yt_med_seg
glandula	ANATOMY	2a	2a:yt_med_seg
ndt	ANATOMY	2a	2a:yt_med_seg
otolaryngology	ANATOMY	2a	2a:yt_med_seg
scf	ANATOMY	2a	2a:yt_med_seg
breast skin	ANATOMY	2a	2a:yt_med_seg
alms	ANATOMY	2a	2a:yt_med_seg
head neck	ANATOMY	2a	2a:yt_med_seg
craniofacial	ANATOMY	2a	2a:yt_med_seg
cranial vault	ANATOMY	2a	2a:yt_med_seg
palate	ANATOMY	2a	2a:yt_med_seg
blood capillary	ANATOMY	2a	2a:yt_med_seg
iris structure	ANATOMY	2a	2a:yt_med_seg
jpl	ANATOMY	2a	2a:yt_med_seg
vpl	ANATOMY	2a	2a:yt_med_seg
exoskeleton	ANATOMY	2a	2a:yt_med_seg
oculus	ANATOMY	2a	2a:yt_med_seg
pbp	ANATOMY	2a	2a:yt_med_seg
vagus nerves	ANATOMY	2a	2a:yt_med_seg
right middle ear	ANATOMY	2a	2a:yt_med_seg
left main stem	ANATOMY	2a	2a:yt_med_seg
right upper lobe bronchus	ANATOMY	2a	2a:yt_med_seg
left main bronchus	ANATOMY	2a	2a:yt_med_seg
descending thoracic aorta	ANATOMY	2a	2a:yt_med_seg
right lower lobe bronchus	ANATOMY	2a	2a:yt_med_seg
bronchus intermedius	ANATOMY	2a	2a:yt_med_seg
middle lobe bronchus	ANATOMY	2a	2a:yt_med_seg
lobar bronchus	ANATOMY	2a	2a:yt_med_seg
left lower lobe bronchus	ANATOMY	2a	2a:yt_med_seg
se5	ANATOMY	2a	2a:yt_med_seg
entire teat	ANATOMY	2a	2a:yt_med_seg
nasogastric	ANATOMY	2a	2a:yt_med_seg
xiphoid	ANATOMY	2a	2a:yt_med_seg
deep veins	ANATOMY	2a	2a:yt_med_seg
large vein	ANATOMY	2a	2a:yt_med_seg
central veins	ANATOMY	2a	2a:yt_med_seg
collar bone	ANATOMY	2a	2a:yt_med_seg
arm veins	ANATOMY	2a	2a:yt_med_seg
spurring	ANATOMY	2a	2a:yt_med_seg
entire arm	ANATOMY	2a	2a:yt_med_seg
central vein	ANATOMY	2a	2a:yt_med_seg
area 2	ANATOMY	2a	2a:yt_med_seg
sco	ANATOMY	2a	2a:yt_med_seg
reproductive systems	ANATOMY	2a	2a:yt_med_seg
vagina uterus	ANATOMY	2a	2a:yt_med_seg
cervix uterus	ANATOMY	2a	2a:yt_med_seg
bony pelvis	ANATOMY	2a	2a:yt_med_seg
uterus cervix	ANATOMY	2a	2a:yt_med_seg
pelvic organs	ANATOMY	2a	2a:yt_med_seg
surface of cervix	ANATOMY	2a	2a:yt_med_seg
human brain	ANATOMY	2a	2a:yt_med_seg
bone long	ANATOMY	2a	2a:yt_med_seg
medium vessels	ANATOMY	2a	2a:yt_med_seg
arterio venous	ANATOMY	2a	2a:yt_med_seg
a2b	ANATOMY	2a	2a:yt_med_seg
small vessel	ANATOMY	2a	2a:yt_med_seg
superficial vein	ANATOMY	2a	2a:yt_med_seg
deep vein	ANATOMY	2a	2a:yt_med_seg
brain arteries	ANATOMY	2a	2a:yt_med_seg
lsp	ANATOMY	2a	2a:yt_med_seg
soc	ANATOMY	2a	2a:yt_med_seg
mbr	ANATOMY	2a	2a:yt_med_seg
thoracic spine	ANATOMY	2a	2a:yt_med_seg
base of neck	ANATOMY	2a	2a:yt_med_seg
t12	ANATOMY	2a	2a:yt_med_seg
transition zone	ANATOMY	2a	2a:yt_med_seg
lumbosacral spine	ANATOMY	2a	2a:yt_med_seg
abdominal cavity	ANATOMY	2a	2a:yt_med_seg
rectus muscle	ANATOMY	2a	2a:yt_med_seg
anatomical point	ANATOMY	2a	2a:yt_med_seg
right common iliac artery	ANATOMY	2a	2a:yt_med_seg
left common iliac vein	ANATOMY	2a	2a:yt_med_seg
middle sacral artery	ANATOMY	2a	2a:yt_med_seg
common iliac vein	ANATOMY	2a	2a:yt_med_seg
lumbar vein	ANATOMY	2a	2a:yt_med_seg
renal vein	ANATOMY	2a	2a:yt_med_seg
kidney right	ANATOMY	2a	2a:yt_med_seg
nerve plexus	ANATOMY	2a	2a:yt_med_seg
pelvic veins	ANATOMY	2a	2a:yt_med_seg
dac	ANATOMY	2a	2a:yt_med_seg
eyeballs	ANATOMY	2a	2a:yt_med_seg
lower respiratory tract	ANATOMY	2a	2a:yt_med_seg
labyrinthine	ANATOMY	2a	2a:yt_med_seg
structure of brain	ANATOMY	2a	2a:yt_med_seg
kidneys liver	ANATOMY	2a	2a:yt_med_seg
dmv	ANATOMY	2a	2a:yt_med_seg
region 1	ANATOMY	2a	2a:yt_med_seg
axilla	ANATOMY	2a	2a:yt_med_seg
head side	ANATOMY	2a	2a:yt_med_seg
fro	ANATOMY	2a	2a:yt_med_seg
intervertebral discs	ANATOMY	2a	2a:yt_med_seg
neural network of neck	ANATOMY	2a	2a:yt_med_seg
superior oblique	ANATOMY	2a	2a:yt_med_seg
medial rectus	ANATOMY	2a	2a:yt_med_seg
face muscle	ANATOMY	2a	2a:yt_med_seg
endovascular	ANATOMY	2a	2a:yt_med_seg
muscles of trunk	ANATOMY	2a	2a:yt_med_seg
curvature of stomach	ANATOMY	2a	2a:yt_med_seg
superficial veins	ANATOMY	2a	2a:yt_med_seg
vein wall	ANATOMY	2a	2a:yt_med_seg
ankle bone	ANATOMY	2a	2a:yt_med_seg
sciatic nerves	ANATOMY	2a	2a:yt_med_seg
nerve sensory	ANATOMY	2a	2a:yt_med_seg
perforating veins	ANATOMY	2a	2a:yt_med_seg
tributaries	ANATOMY	2a	2a:yt_med_seg
deep femoral vein	ANATOMY	2a	2a:yt_med_seg
femoral vein	ANATOMY	2a	2a:yt_med_seg
segment of vein	ANATOMY	2a	2a:yt_med_seg
head vein	ANATOMY	2a	2a:yt_med_seg
tibial nerves	ANATOMY	2a	2a:yt_med_seg
sural nerve	ANATOMY	2a	2a:yt_med_seg
tributary	ANATOMY	2a	2a:yt_med_seg
capillary lymphatic	ANATOMY	2a	2a:yt_med_seg
genitals	ANATOMY	2a	2a:yt_med_seg
penile	ANATOMY	2a	2a:yt_med_seg
lymph vessel	ANATOMY	2a	2a:yt_med_seg
external jugular	ANATOMY	2a	2a:yt_med_seg
thoracic duct	ANATOMY	2a	2a:yt_med_seg
inferior mesenteric vein	ANATOMY	2a	2a:yt_med_seg
portal vein	ANATOMY	2a	2a:yt_med_seg
splenic	ANATOMY	2a	2a:yt_med_seg
scrotal	ANATOMY	2a	2a:yt_med_seg
labial	ANATOMY	2a	2a:yt_med_seg
capillary network	ANATOMY	2a	2a:yt_med_seg
arteri	ANATOMY	2a	2a:yt_med_seg
muscle fascia	ANATOMY	2a	2a:yt_med_seg
ivc	ANATOMY	2a	2a:yt_med_seg
skin fat	ANATOMY	2a	2a:yt_med_seg
sense organs	ANATOMY	2a	2a:yt_med_seg
area 4	ANATOMY	2a	2a:yt_med_seg
bottom of foot	ANATOMY	2a	2a:yt_med_seg
ball of foot	ANATOMY	2a	2a:yt_med_seg
metatarsal head	ANATOMY	2a	2a:yt_med_seg
bone head	ANATOMY	2a	2a:yt_med_seg
achilles tendon	ANATOMY	2a	2a:yt_med_seg
medial side of foot	ANATOMY	2a	2a:yt_med_seg
lateral column	ANATOMY	2a	2a:yt_med_seg
midfoot	ANATOMY	2a	2a:yt_med_seg
hind foot	ANATOMY	2a	2a:yt_med_seg
donor site	ANATOMY	2a	2a:yt_med_seg
his bundle	ANATOMY	2a	2a:yt_med_seg
hock	ANATOMY	2a	2a:yt_med_seg
mgp	ANATOMY	2a	2a:yt_med_seg
major vein	ANATOMY	2a	2a:yt_med_seg
left third toe	ANATOMY	2a	2a:yt_med_seg
renal veins	ANATOMY	2a	2a:yt_med_seg
left renal vein	ANATOMY	2a	2a:yt_med_seg
arm vein	ANATOMY	2a	2a:yt_med_seg
iliac veins	ANATOMY	2a	2a:yt_med_seg
l1 level	ANATOMY	2a	2a:yt_med_seg
right renal vein	ANATOMY	2a	2a:yt_med_seg
esophagus stomach	ANATOMY	2a	2a:yt_med_seg
liver pancreas	ANATOMY	2a	2a:yt_med_seg
bile ducts	ANATOMY	2a	2a:yt_med_seg
bladders	ANATOMY	2a	2a:yt_med_seg
dorsum of nose	ANATOMY	2a	2a:yt_med_seg
nasal bones	ANATOMY	2a	2a:yt_med_seg
back region	ANATOMY	2a	2a:yt_med_seg
iva	ANATOMY	2a	2a:yt_med_seg
meridians	ANATOMY	2a	2a:yt_med_seg
pastern region	ANATOMY	2a	2a:yt_med_seg
type of bone	ANATOMY	2a	2a:yt_med_seg
wall of blood vessel	ANATOMY	2a	2a:yt_med_seg
aortic graft	ANATOMY	2a	2a:yt_med_seg
abdomen and chest	ANATOMY	2a	2a:yt_med_seg
arteries veins	ANATOMY	2a	2a:yt_med_seg
ctg	ANATOMY	2a	2a:yt_med_seg
aorto femoral	ANATOMY	2a	2a:yt_med_seg
groins	ANATOMY	2a	2a:yt_med_seg
abdominal organs	ANATOMY	2a	2a:yt_med_seg
sartorius muscle	ANATOMY	2a	2a:yt_med_seg
femoral vessels	ANATOMY	2a	2a:yt_med_seg
fins	ANATOMY	2a	2a:yt_med_seg
chorionic	ANATOMY	2a	2a:yt_med_seg
fang	ANATOMY	2a	2a:yt_med_seg
frontal gyrus	ANATOMY	2a	2a:yt_med_seg
thorace	ANATOMY	2a	2a:yt_med_seg
null	ANATOMY	2a	2a:yt_med_seg
ipe	ANATOMY	2a	2a:yt_med_seg
stp	ANATOMY	2a	2a:yt_med_seg
right c	ANATOMY	2a	2a:yt_med_seg
foreskin	ANATOMY	2a	2a:yt_med_seg
spinal cords	ANATOMY	2a	2a:yt_med_seg
cervical disc	ANATOMY	2a	2a:yt_med_seg
anterior cerebral artery	ANATOMY	2a	2a:yt_med_seg
cea	ANATOMY	2a	2a:yt_med_seg
skull bone	ANATOMY	2a	2a:yt_med_seg
capsula interna	ANATOMY	2a	2a:yt_med_seg
first rib	ANATOMY	2a	2a:yt_med_seg
legs and feet	ANATOMY	2a	2a:yt_med_seg
vena cava	ANATOMY	2a	2a:yt_med_seg
msg	ANATOMY	2a	2a:yt_med_seg
insula	ANATOMY	2a	2a:yt_med_seg
entire thyroid gland	ANATOMY	2a	2a:yt_med_seg
parathyroids	ANATOMY	2a	2a:yt_med_seg
intraventricular	ANATOMY	2a	2a:yt_med_seg
ba5	ANATOMY	2a	2a:yt_med_seg
gum upper	ANATOMY	2a	2a:yt_med_seg
alc	ANATOMY	2a	2a:yt_med_seg
testicular part	ANATOMY	2a	2a:yt_med_seg
foot structure	ANATOMY	2a	2a:yt_med_seg
lower leg right	ANATOMY	2a	2a:yt_med_seg
kamm system	ANATOMY	2a	2a:yt_med_seg
human remains	ANATOMY	2a	2a:yt_med_seg
16s	ANATOMY	2a	2a:yt_med_seg
venter	ANATOMY	2a	2a:yt_med_seg
heent	ANATOMY	2a	2a:yt_med_seg
male genitals	ANATOMY	2a	2a:yt_med_seg
arteries femoral	ANATOMY	2a	2a:yt_med_seg
common iliac artery	ANATOMY	2a	2a:yt_med_seg
iliac artery	ANATOMY	2a	2a:yt_med_seg
clawed	ANATOMY	2a	2a:yt_med_seg
female genital	ANATOMY	2a	2a:yt_med_seg
arterial wall	ANATOMY	2a	2a:yt_med_seg
colonic	ANATOMY	2a	2a:yt_med_seg
intraabdominal	ANATOMY	2a	2a:yt_med_seg
inferior mesenteric arteries	ANATOMY	2a	2a:yt_med_seg
superior mesenteric arteries	ANATOMY	2a	2a:yt_med_seg
segment of aorta	ANATOMY	2a	2a:yt_med_seg
celiac axis	ANATOMY	2a	2a:yt_med_seg
visceral vessels	ANATOMY	2a	2a:yt_med_seg
fbr	ANATOMY	2a	2a:yt_med_seg
collateral vessels	ANATOMY	2a	2a:yt_med_seg
internal iliac artery	ANATOMY	2a	2a:yt_med_seg
abdominal back	ANATOMY	2a	2a:yt_med_seg
heart parts	ANATOMY	2a	2a:yt_med_seg
t2a	ANATOMY	2a	2a:yt_med_seg
left flank	ANATOMY	2a	2a:yt_med_seg
right flank	ANATOMY	2a	2a:yt_med_seg
pectoralis major myocutaneous flap	ANATOMY	2a	2a:yt_med_seg
pedicled flaps	ANATOMY	2a	2a:yt_med_seg
esophageal sphincter	ANATOMY	2a	2a:yt_med_seg
gastroesophageal	ANATOMY	2a	2a:yt_med_seg
giv	ANATOMY	2a	2a:yt_med_seg
sas	ANATOMY	2a	2a:yt_med_seg
snr	ANATOMY	2a	2a:yt_med_seg
lymph node	ANATOMY	2a	2a:yt_med_seg
armpits	ANATOMY	2a	2a:yt_med_seg
entire breast	ANATOMY	2a	2a:yt_med_seg
bowman's capsule	ANATOMY	2a	2a:yt_med_seg
macula densa	ANATOMY	2a	2a:yt_med_seg
surface of body	ANATOMY	2a	2a:yt_med_seg
muscles respiratory	ANATOMY	2a	2a:yt_med_seg
upper urinary tract	ANATOMY	2a	2a:yt_med_seg
tonsils and adenoids	ANATOMY	2a	2a:yt_med_seg
head region	ANATOMY	2a	2a:yt_med_seg
tailed	ANATOMY	2a	2a:yt_med_seg
ioc	ANATOMY	2a	2a:yt_med_seg
ues	ANATOMY	2a	2a:yt_med_seg
withers	ANATOMY	2a	2a:yt_med_seg
bucca	ANATOMY	2a	2a:yt_med_seg
beards	ANATOMY	2a	2a:yt_med_seg
reproductive organ	ANATOMY	2a	2a:yt_med_seg
artery vertebral	ANATOMY	2a	2a:yt_med_seg
mandibles	ANATOMY	2a	2a:yt_med_seg
neck and chest	ANATOMY	2a	2a:yt_med_seg
aorta and aorta	ANATOMY	2a	2a:yt_med_seg
gbm	ANATOMY	2a	2a:yt_med_seg
afferent pathways	ANATOMY	2a	2a:yt_med_seg
zone 2	ANATOMY	2a	2a:yt_med_seg
cor	ANATOMY	2a	2a:yt_med_seg
neck base	ANATOMY	2a	2a:yt_med_seg
internal mammary arteries	ANATOMY	2a	2a:yt_med_seg
right middle lobe	ANATOMY	2a	2a:yt_med_seg
entire lung	ANATOMY	2a	2a:yt_med_seg
right brachiocephalic vein	ANATOMY	2a	2a:yt_med_seg
right subclavian vein	ANATOMY	2a	2a:yt_med_seg
left axillary vein	ANATOMY	2a	2a:yt_med_seg
cardiac chamber	ANATOMY	2a	2a:yt_med_seg
thoracic aorta and its branches	ANATOMY	2a	2a:yt_med_seg
aortic root	ANATOMY	2a	2a:yt_med_seg
large vessels	ANATOMY	2a	2a:yt_med_seg
pulmonary arteries	ANATOMY	2a	2a:yt_med_seg
thoracic lymph node	ANATOMY	2a	2a:yt_med_seg
lymph nodes mediastinal	ANATOMY	2a	2a:yt_med_seg
mammary	ANATOMY	2a	2a:yt_med_seg
intercostal lymph nodes	ANATOMY	2a	2a:yt_med_seg
pancreas stomach	ANATOMY	2a	2a:yt_med_seg
shoulder right	ANATOMY	2a	2a:yt_med_seg
thoracic skeleton	ANATOMY	2a	2a:yt_med_seg
clavicle left	ANATOMY	2a	2a:yt_med_seg
manubrium	ANATOMY	2a	2a:yt_med_seg
ribbed	ANATOMY	2a	2a:yt_med_seg
gic	ANATOMY	2a	2a:yt_med_seg
coa	ANATOMY	2a	2a:yt_med_seg
lunate bones	ANATOMY	2a	2a:yt_med_seg
dorsal intercarpal ligament	ANATOMY	2a	2a:yt_med_seg
dorsal radiocarpal ligament	ANATOMY	2a	2a:yt_med_seg
capsule, midcarpal joint	ANATOMY	2a	2a:yt_med_seg
triquetrum	ANATOMY	2a	2a:yt_med_seg
joint capsule	ANATOMY	2a	2a:yt_med_seg
capsule of radiocarpal joint	ANATOMY	2a	2a:yt_med_seg
organ of corti	ANATOMY	2a	2a:yt_med_seg
labyrinth	ANATOMY	2a	2a:yt_med_seg
bony labyrinth	ANATOMY	2a	2a:yt_med_seg
membranous labyrinth	ANATOMY	2a	2a:yt_med_seg
sense organ	ANATOMY	2a	2a:yt_med_seg
scala media	ANATOMY	2a	2a:yt_med_seg
organ of corti structure	ANATOMY	2a	2a:yt_med_seg
tectorial membrane	ANATOMY	2a	2a:yt_med_seg
bony part	ANATOMY	2a	2a:yt_med_seg
spiral ganglion	ANATOMY	2a	2a:yt_med_seg
ganglion	ANATOMY	2a	2a:yt_med_seg
scala tympani	ANATOMY	2a	2a:yt_med_seg
cochlear	ANATOMY	2a	2a:yt_med_seg
trac	ANATOMY	2a	2a:yt_med_seg
small blood vessel	ANATOMY	2a	2a:yt_med_seg
cerebellar	ANATOMY	2a	2a:yt_med_seg
anatomical landmarks	ANATOMY	2a	2a:yt_med_seg
inguinal ligament	ANATOMY	2a	2a:yt_med_seg
segment of artery	ANATOMY	2a	2a:yt_med_seg
external iliac artery	ANATOMY	2a	2a:yt_med_seg
part of artery	ANATOMY	2a	2a:yt_med_seg
mmg	ANATOMY	2a	2a:yt_med_seg
circumferential	ANATOMY	2a	2a:yt_med_seg
femoral arteries	ANATOMY	2a	2a:yt_med_seg
vein cuff	ANATOMY	2a	2a:yt_med_seg
vein patch	ANATOMY	2a	2a:yt_med_seg
entire artery	ANATOMY	2a	2a:yt_med_seg
hea	ANATOMY	2a	2a:yt_med_seg
reversed vein	ANATOMY	2a	2a:yt_med_seg
median cubital vein	ANATOMY	2a	2a:yt_med_seg
hypogastric artery	ANATOMY	2a	2a:yt_med_seg
head hair	ANATOMY	2a	2a:yt_med_seg
intestinal wall	ANATOMY	2a	2a:yt_med_seg
to2	ANATOMY	2a	2a:yt_med_seg
lymphatic vessel	ANATOMY	2a	2a:yt_med_seg
free graft	ANATOMY	2a	2a:yt_med_seg
target vessels	ANATOMY	2a	2a:yt_med_seg
groin lymph nodes	ANATOMY	2a	2a:yt_med_seg
vein valve	ANATOMY	2a	2a:yt_med_seg
breast bone	ANATOMY	2a	2a:yt_med_seg
pubic bone	ANATOMY	2a	2a:yt_med_seg
pcu	ANATOMY	2a	2a:yt_med_seg
mgr	ANATOMY	2a	2a:yt_med_seg
tlv	ANATOMY	2a	2a:yt_med_seg
ifv	ANATOMY	2a	2a:yt_med_seg
bop	ANATOMY	2a	2a:yt_med_seg
segment of small intestine	ANATOMY	2a	2a:yt_med_seg
second toe	ANATOMY	2a	2a:yt_med_seg
alveoli	ANATOMY	2a	2a:yt_med_seg
air sacs	ANATOMY	2a	2a:yt_med_seg
recipient site	ANATOMY	2a	2a:yt_med_seg
local flap	ANATOMY	2a	2a:yt_med_seg
artery vein	ANATOMY	2a	2a:yt_med_seg
radial forearm flap	ANATOMY	2a	2a:yt_med_seg
pectoralis	ANATOMY	2a	2a:yt_med_seg
cer	ANATOMY	2a	2a:yt_med_seg
primary sensory areas	ANATOMY	2a	2a:yt_med_seg
primary visual cortex	ANATOMY	2a	2a:yt_med_seg
visual areas	ANATOMY	2a	2a:yt_med_seg
temporal sulcus	ANATOMY	2a	2a:yt_med_seg
temporoparietalis	ANATOMY	2a	2a:yt_med_seg
right side of body	ANATOMY	2a	2a:yt_med_seg
crypt	ANATOMY	2a	2a:yt_med_seg
great vessels	ANATOMY	2a	2a:yt_med_seg
internal mammary artery	ANATOMY	2a	2a:yt_med_seg
left vertebral artery	ANATOMY	2a	2a:yt_med_seg
vertebral artery	ANATOMY	2a	2a:yt_med_seg
wing structure	ANATOMY	2a	2a:yt_med_seg
bone clavicle	ANATOMY	2a	2a:yt_med_seg
extensor tendons	ANATOMY	2a	2a:yt_med_seg
tibialis	ANATOMY	2a	2a:yt_med_seg
medial plantar artery	ANATOMY	2a	2a:yt_med_seg
medial plantar flap	ANATOMY	2a	2a:yt_med_seg
perforator flap	ANATOMY	2a	2a:yt_med_seg
tibial artery	ANATOMY	2a	2a:yt_med_seg
tibialis anterior tendon	ANATOMY	2a	2a:yt_med_seg
sural artery	ANATOMY	2a	2a:yt_med_seg
circumflex artery	ANATOMY	2a	2a:yt_med_seg
thigh flap	ANATOMY	2a	2a:yt_med_seg
animal organs	ANATOMY	2a	2a:yt_med_seg
first genu	ANATOMY	2a	2a:yt_med_seg
wall of colon	ANATOMY	2a	2a:yt_med_seg
tentacle	ANATOMY	2a	2a:yt_med_seg
dorsal horn	ANATOMY	2a	2a:yt_med_seg
lateral spinothalamic tract	ANATOMY	2a	2a:yt_med_seg
central canal	ANATOMY	2a	2a:yt_med_seg
spinothalamic tract	ANATOMY	2a	2a:yt_med_seg
nucleus of thalamus	ANATOMY	2a	2a:yt_med_seg
c fibers	ANATOMY	2a	2a:yt_med_seg
c fiber	ANATOMY	2a	2a:yt_med_seg
periaqueductal gray matter	ANATOMY	2a	2a:yt_med_seg
tpo	ANATOMY	2a	2a:yt_med_seg
bronchial artery	ANATOMY	2a	2a:yt_med_seg
anterior longitudinal ligament	ANATOMY	2a	2a:yt_med_seg
lingula	ANATOMY	2a	2a:yt_med_seg
upper lobe	ANATOMY	2a	2a:yt_med_seg
regional lymph node	ANATOMY	2a	2a:yt_med_seg
mediastinal lymph node	ANATOMY	2a	2a:yt_med_seg
cervical lymph node	ANATOMY	2a	2a:yt_med_seg
intercostal nodes	ANATOMY	2a	2a:yt_med_seg
thoracic lymph nodes	ANATOMY	2a	2a:yt_med_seg
subsegmental bronchus	ANATOMY	2a	2a:yt_med_seg
14r	ANATOMY	2a	2a:yt_med_seg
12r	ANATOMY	2a	2a:yt_med_seg
10r	ANATOMY	2a	2a:yt_med_seg
pulmonary ligament	ANATOMY	2a	2a:yt_med_seg
ligamentum arteriosum	ANATOMY	2a	2a:yt_med_seg
aortic lymph nodes	ANATOMY	2a	2a:yt_med_seg
anterior chest	ANATOMY	2a	2a:yt_med_seg
thoracic inlet	ANATOMY	2a	2a:yt_med_seg
mediastinal nodes	ANATOMY	2a	2a:yt_med_seg
left pulmonary artery	ANATOMY	2a	2a:yt_med_seg
oblique plane	ANATOMY	2a	2a:yt_med_seg
wall of trachea	ANATOMY	2a	2a:yt_med_seg
tracheal bifurcation	ANATOMY	2a	2a:yt_med_seg
posterior hypothalamus	ANATOMY	2a	2a:yt_med_seg
anterior hypothalamus	ANATOMY	2a	2a:yt_med_seg
dorsal raphe	ANATOMY	2a	2a:yt_med_seg
tegmental nuclei	ANATOMY	2a	2a:yt_med_seg
lateral hypothalamus	ANATOMY	2a	2a:yt_med_seg
vlp	ANATOMY	2a	2a:yt_med_seg
endometria	ANATOMY	2a	2a:yt_med_seg
fluke	ANATOMY	2a	2a:yt_med_seg
superior mesenteric artery	ANATOMY	2a	2a:yt_med_seg
superior mesenteric vein	ANATOMY	2a	2a:yt_med_seg
mesenteric artery	ANATOMY	2a	2a:yt_med_seg
smv	ANATOMY	2a	2a:yt_med_seg
imv	ANATOMY	2a	2a:yt_med_seg
mesenteric arteries	ANATOMY	2a	2a:yt_med_seg
inferior mesenteric artery	ANATOMY	2a	2a:yt_med_seg
marginal artery of drummond	ANATOMY	2a	2a:yt_med_seg
entire viscera	ANATOMY	2a	2a:yt_med_seg
sigmoid	ANATOMY	2a	2a:yt_med_seg
proximal colon	ANATOMY	2a	2a:yt_med_seg
colon and rectum	ANATOMY	2a	2a:yt_med_seg
stomach pancreas	ANATOMY	2a	2a:yt_med_seg
splenic vein	ANATOMY	2a	2a:yt_med_seg
arterial segment	ANATOMY	2a	2a:yt_med_seg
brachial artery	ANATOMY	2a	2a:yt_med_seg
t1 level	ANATOMY	2a	2a:yt_med_seg
right cm	ANATOMY	2a	2a:yt_med_seg
arteries peripheral	ANATOMY	2a	2a:yt_med_seg
median arcuate ligament	ANATOMY	2a	2a:yt_med_seg
mesenteric vessels	ANATOMY	2a	2a:yt_med_seg
peripheral vessels	ANATOMY	2a	2a:yt_med_seg
gallbladder stomach	ANATOMY	2a	2a:yt_med_seg
supercilia	ANATOMY	2a	2a:yt_med_seg
mesenteric veins	ANATOMY	2a	2a:yt_med_seg
splenic artery	ANATOMY	2a	2a:yt_med_seg
cingulum	ANATOMY	2a	2a:yt_med_seg
vrt	ANATOMY	2a	2a:yt_med_seg
region 2	ANATOMY	2a	2a:yt_med_seg
adrenal veins	ANATOMY	2a	2a:yt_med_seg
straight tube	ANATOMY	2a	2a:yt_med_seg
aortic bifurcation	ANATOMY	2a	2a:yt_med_seg
endocervical	ANATOMY	2a	2a:yt_med_seg
thumbnails	ANATOMY	2a	2a:yt_med_seg
sca	ANATOMY	2a	2a:yt_med_seg
anal glands	ANATOMY	2a	2a:yt_med_seg
beak	ANATOMY	2a	2a:yt_med_seg
respiratory tracts	ANATOMY	2a	2a:yt_med_seg
feathered	ANATOMY	2a	2a:yt_med_seg
brain spinal cord	ANATOMY	2a	2a:yt_med_seg
peripheral nerve	ANATOMY	2a	2a:yt_med_seg
corpus callosum	ANATOMY	2a	2a:yt_med_seg
endonasal	ANATOMY	2a	2a:yt_med_seg
outer ear	ANATOMY	2a	2a:yt_med_seg
ear canal	ANATOMY	2a	2a:yt_med_seg
entire face	ANATOMY	2a	2a:yt_med_seg
microvasculature	ANATOMY	2a	2a:yt_med_seg
pancreatic sphincter	ANATOMY	2a	2a:yt_med_seg
nucleus caudatus	ANATOMY	2a	2a:yt_med_seg
lll	ANATOMY	2a	2a:yt_med_seg
ray first	ANATOMY	2a	2a:yt_med_seg
second genu	ANATOMY	2a	2a:yt_med_seg
hpe	ANATOMY	2a	2a:yt_med_seg
setae	ANATOMY	2a	2a:yt_med_seg
mrt	ANATOMY	2a	2a:yt_med_seg
adrenals	ANATOMY	2a	2a:yt_med_seg
right heart	ANATOMY	2a	2a:yt_med_seg
transplanted heart	ANATOMY	2a	2a:yt_med_seg
superficial femoral vein	ANATOMY	2a	2a:yt_med_seg
jugular veins	ANATOMY	2a	2a:yt_med_seg
pubic	ANATOMY	2a	2a:yt_med_seg
common femoral vein	ANATOMY	2a	2a:yt_med_seg
right atrium of heart	ANATOMY	2a	2a:yt_med_seg
pelvic vein	ANATOMY	2a	2a:yt_med_seg
ovarian vein	ANATOMY	2a	2a:yt_med_seg
hypogastric	ANATOMY	2a	2a:yt_med_seg
entire internal iliac vein	ANATOMY	2a	2a:yt_med_seg
femoral neck	ANATOMY	2a	2a:yt_med_seg
proximal femur	ANATOMY	2a	2a:yt_med_seg
posterior fossa	ANATOMY	2a	2a:yt_med_seg
chamber of heart	ANATOMY	2a	2a:yt_med_seg
horizontal planes	ANATOMY	2a	2a:yt_med_seg
pelvic peritoneum	ANATOMY	2a	2a:yt_med_seg
muscle layer	ANATOMY	2a	2a:yt_med_seg
uterine serosa	ANATOMY	2a	2a:yt_med_seg
scrotums	ANATOMY	2a	2a:yt_med_seg
pelvic floor	ANATOMY	2a	2a:yt_med_seg
obturator muscle	ANATOMY	2a	2a:yt_med_seg
pudenda	ANATOMY	2a	2a:yt_med_seg
labrum	ANATOMY	2a	2a:yt_med_seg
round ligament	ANATOMY	2a	2a:yt_med_seg
lymph node pelvic	ANATOMY	2a	2a:yt_med_seg
corpus luteum	ANATOMY	2a	2a:yt_med_seg
peripheral veins	ANATOMY	2a	2a:yt_med_seg
surface of pelvis	ANATOMY	2a	2a:yt_med_seg
dorsal root ganglion	ANATOMY	2a	2a:yt_med_seg
motor nerve	ANATOMY	2a	2a:yt_med_seg
motor unit	ANATOMY	2a	2a:yt_med_seg
right rm	ANATOMY	2a	2a:yt_med_seg
median nerve at elbow	ANATOMY	2a	2a:yt_med_seg
other muscle	ANATOMY	2a	2a:yt_med_seg
nerve motor	ANATOMY	2a	2a:yt_med_seg
ire	ANATOMY	2a	2a:yt_med_seg
right internal jugular	ANATOMY	2a	2a:yt_med_seg
ovarian follicles	ANATOMY	2a	2a:yt_med_seg
vas deferens	ANATOMY	2a	2a:yt_med_seg
fibulas	ANATOMY	2a	2a:yt_med_seg
cerebra	ANATOMY	2a	2a:yt_med_seg
vocalis	ANATOMY	2a	2a:yt_med_seg
winged	ANATOMY	2a	2a:yt_med_seg
gonad	ANATOMY	2a	2a:yt_med_seg
motor nerves	ANATOMY	2a	2a:yt_med_seg
thoracic and abdominal aorta	ANATOMY	2a	2a:yt_med_seg
left femoral artery	ANATOMY	2a	2a:yt_med_seg
nerve vagus	ANATOMY	2a	2a:yt_med_seg
head vessels	ANATOMY	2a	2a:yt_med_seg
right renal	ANATOMY	2a	2a:yt_med_seg
pelvis and lower extremities	ANATOMY	2a	2a:yt_med_seg
intercostal artery	ANATOMY	2a	2a:yt_med_seg
elephant trunk	ANATOMY	2a	2a:yt_med_seg
anterior spinal artery	ANATOMY	2a	2a:yt_med_seg
thoracic cord	ANATOMY	2a	2a:yt_med_seg
collateral vessel	ANATOMY	2a	2a:yt_med_seg
grey matter	ANATOMY	2a	2a:yt_med_seg
synovial	ANATOMY	2a	2a:yt_med_seg
aorta part	ANATOMY	2a	2a:yt_med_seg
bronchial mucosa	ANATOMY	2a	2a:yt_med_seg
legs skin	ANATOMY	2a	2a:yt_med_seg
muscle spindle	ANATOMY	2a	2a:yt_med_seg
efferent nerve fibers	ANATOMY	2a	2a:yt_med_seg
dorsal column	ANATOMY	2a	2a:yt_med_seg
ventral root	ANATOMY	2a	2a:yt_med_seg
muscle spindles	ANATOMY	2a	2a:yt_med_seg
muscle back	ANATOMY	2a	2a:yt_med_seg
leg muscles	ANATOMY	2a	2a:yt_med_seg
sig	ANATOMY	2a	2a:yt_med_seg
hoof	ANATOMY	2a	2a:yt_med_seg
cerebral cortices	ANATOMY	2a	2a:yt_med_seg
lateral geniculate nucleus	ANATOMY	2a	2a:yt_med_seg
sensory cortex	ANATOMY	2a	2a:yt_med_seg
parietal cortex	ANATOMY	2a	2a:yt_med_seg
surface of skull	ANATOMY	2a	2a:yt_med_seg
dura mater	ANATOMY	2a	2a:yt_med_seg
skullcap	ANATOMY	2a	2a:yt_med_seg
occipital scalp	ANATOMY	2a	2a:yt_med_seg
upper and lower extremity	ANATOMY	2a	2a:yt_med_seg
sensory motor cortex	ANATOMY	2a	2a:yt_med_seg
gravid uterus	ANATOMY	2a	2a:yt_med_seg
utero	ANATOMY	2a	2a:yt_med_seg
choroid plexus	ANATOMY	2a	2a:yt_med_seg
surface of occipital bone	ANATOMY	2a	2a:yt_med_seg
cerebellar vermis	ANATOMY	2a	2a:yt_med_seg
vertebral segment	ANATOMY	2a	2a:yt_med_seg
sagittal plane	ANATOMY	2a	2a:yt_med_seg
left renal pelvis	ANATOMY	2a	2a:yt_med_seg
radius and ulna	ANATOMY	2a	2a:yt_med_seg
donor organ	ANATOMY	2a	2a:yt_med_seg
lung heart	ANATOMY	2a	2a:yt_med_seg
islet cells	ANATOMY	2a	2a:yt_med_seg
spleens	ANATOMY	2a	2a:yt_med_seg
pedicle	ANATOMY	2a	2a:yt_med_seg
skin autograft	ANATOMY	2a	2a:yt_med_seg
cornea transplant	ANATOMY	2a	2a:yt_med_seg
transplanted ovary	ANATOMY	2a	2a:yt_med_seg
area 8	ANATOMY	2a	2a:yt_med_seg
transplant organ	ANATOMY	2a	2a:yt_med_seg
acp	ANATOMY	2a	2a:yt_med_seg
voicebox	ANATOMY	2a	2a:yt_med_seg
vascular bed	ANATOMY	2a	2a:yt_med_seg
cv8	ANATOMY	2a	2a:yt_med_seg
iri	ANATOMY	2a	2a:yt_med_seg
fascial compartment	ANATOMY	2a	2a:yt_med_seg
pmr	ANATOMY	2a	2a:yt_med_seg
cere	ANATOMY	2a	2a:yt_med_seg
vestibulococh nerve and branch	ANATOMY	2a	2a:yt_med_seg
vertebrae	ANATOMY	2a	2a:yt_med_seg
php	ANATOMY	2a	2a:yt_med_seg
polled	ANATOMY	2a	2a:yt_med_seg
pfc	ANATOMY	2a	2a:yt_med_seg
anatomical part	ANATOMY	2a	2a:yt_med_seg
third finger	ANATOMY	2a	2a:yt_med_seg
sii	ANATOMY	2a	2a:yt_med_seg
chests	ANATOMY	2a	2a:yt_med_seg
bursae	ANATOMY	2a	2a:yt_med_seg
small intestines	ANATOMY	2a	2a:yt_med_seg
str	ANATOMY	2a	2a:yt_med_seg
irt	ANATOMY	2a	2a:yt_med_seg
right hand part	ANATOMY	2a	2a:yt_med_seg
animal mane	ANATOMY	2a	2a:yt_med_seg
left colon	ANATOMY	2a	2a:yt_med_seg
axillary line	ANATOMY	2a	2a:yt_med_seg
pulmonary capillaries	ANATOMY	2a	2a:yt_med_seg
venules	ANATOMY	2a	2a:yt_med_seg
pulmonary capillary	ANATOMY	2a	2a:yt_med_seg
heart chambers	ANATOMY	2a	2a:yt_med_seg
atrial septum	ANATOMY	2a	2a:yt_med_seg
capillary beds	ANATOMY	2a	2a:yt_med_seg
microvascular bed	ANATOMY	2a	2a:yt_med_seg
skin surfaces	ANATOMY	2a	2a:yt_med_seg
growth plates	ANATOMY	2a	2a:yt_med_seg
growth plate	ANATOMY	2a	2a:yt_med_seg
hdt	ANATOMY	2a	2a:yt_med_seg
menisci	ANATOMY	2a	2a:yt_med_seg
transversalis	ANATOMY	2a	2a:yt_med_seg
upper and lower limbs	ANATOMY	2a	2a:yt_med_seg
peripheral nerve structure	ANATOMY	2a	2a:yt_med_seg
imn	ANATOMY	2a	2a:yt_med_seg
axillary vein	ANATOMY	2a	2a:yt_med_seg
jugular vein	ANATOMY	2a	2a:yt_med_seg
lcl	ANATOMY	2a	2a:yt_med_seg
ca3	ANATOMY	2a	2a:yt_med_seg
femoral heads	ANATOMY	2a	2a:yt_med_seg
lateral marginal vein	ANATOMY	2a	2a:yt_med_seg
brain veins	ANATOMY	2a	2a:yt_med_seg
pcc	ANATOMY	2a	2a:yt_med_seg
scg	ANATOMY	2a	2a:yt_med_seg
hepatic vein	ANATOMY	2a	2a:yt_med_seg
pulp	ANATOMY	2a	2a:yt_med_seg
lateral thorax	ANATOMY	2a	2a:yt_med_seg
baleen	ANATOMY	2a	2a:yt_med_seg
segment of lung	ANATOMY	2a	2a:yt_med_seg
pyramidal tract	ANATOMY	2a	2a:yt_med_seg
region of spinal cord	ANATOMY	2a	2a:yt_med_seg
carrefour	ANATOMY	2a	2a:yt_med_seg
glo	ANATOMY	2a	2a:yt_med_seg
temporal and parietal lobes	ANATOMY	2a	2a:yt_med_seg
frontotemporale	ANATOMY	2a	2a:yt_med_seg
body surface	ANATOMY	2a	2a:yt_med_seg
mustache	ANATOMY	2a	2a:yt_med_seg
appendages	ANATOMY	2a	2a:yt_med_seg
nerve part	ANATOMY	2a	2a:yt_med_seg
transplant kidney	ANATOMY	2a	2a:yt_med_seg
subclavian veins	ANATOMY	2a	2a:yt_med_seg
thoracic veins	ANATOMY	2a	2a:yt_med_seg
vulvar	ANATOMY	2a	2a:yt_med_seg
gonadal vein	ANATOMY	2a	2a:yt_med_seg
lso	ANATOMY	2a	2a:yt_med_seg
sternal cartilage	ANATOMY	2a	2a:yt_med_seg
surface of brain	ANATOMY	2a	2a:yt_med_seg
brain surface	ANATOMY	2a	2a:yt_med_seg
mastoids	ANATOMY	2a	2a:yt_med_seg
cingulate gyrus	ANATOMY	2a	2a:yt_med_seg
regions of head	ANATOMY	2a	2a:yt_med_seg
vertex	ANATOMY	2a	2a:yt_med_seg
entire brain	ANATOMY	2a	2a:yt_med_seg
left side of body	ANATOMY	2a	2a:yt_med_seg
axillary veins	ANATOMY	2a	2a:yt_med_seg
tho	ANATOMY	2a	2a:yt_med_seg
subventricular zone	ANATOMY	2a	2a:yt_med_seg
injury site	ANATOMY	2a	2a:yt_med_seg
oss	ANATOMY	2a	2a:yt_med_seg
thoracic cage	ANATOMY	2a	2a:yt_med_seg
fascia muscle	ANATOMY	2a	2a:yt_med_seg
vascular grafts	ANATOMY	2a	2a:yt_med_seg
enm	ANATOMY	2a	2a:yt_med_seg
aorto iliac	ANATOMY	2a	2a:yt_med_seg
tooth roots	ANATOMY	2a	2a:yt_med_seg
intercostal muscle	ANATOMY	2a	2a:yt_med_seg
femoral veins	ANATOMY	2a	2a:yt_med_seg
mentum	ANATOMY	2a	2a:yt_med_seg
sartorius muscle flap	ANATOMY	2a	2a:yt_med_seg
medial thigh	ANATOMY	2a	2a:yt_med_seg
rectus abdominis flap	ANATOMY	2a	2a:yt_med_seg
b2b	ANATOMY	2a	2a:yt_med_seg
bic	ANATOMY	2a	2a:yt_med_seg
left atrial appendage	ANATOMY	2a	2a:yt_med_seg
surface of heart	ANATOMY	2a	2a:yt_med_seg
left femoral vein	ANATOMY	2a	2a:yt_med_seg
atrial appendage	ANATOMY	2a	2a:yt_med_seg
wall of radial artery	ANATOMY	2a	2a:yt_med_seg
hif	ANATOMY	2a	2a:yt_med_seg
epithalamus	ANATOMY	2a	2a:yt_med_seg
flanks	ANATOMY	2a	2a:yt_med_seg
upper thigh	ANATOMY	2a	2a:yt_med_seg
pacinian corpuscles	ANATOMY	2a	2a:yt_med_seg
corpuscle	ANATOMY	2a	2a:yt_med_seg
pacinian corpuscle	ANATOMY	2a	2a:yt_med_seg
mah	ANATOMY	2a	2a:yt_med_seg
aang	ANATOMY	2a	2a:yt_med_seg
exc	ANATOMY	2a	2a:yt_med_seg
periwound	ANATOMY	2a	2a:yt_med_seg
uterine wall	ANATOMY	2a	2a:yt_med_seg
mother and fetus	ANATOMY	2a	2a:yt_med_seg
tendo	ANATOMY	2a	2a:yt_med_seg
uteri	ANATOMY	2a	2a:yt_med_seg
c0 level	ANATOMY	2a	2a:yt_med_seg
body lower	ANATOMY	2a	2a:yt_med_seg
shank	ANATOMY	2a	2a:yt_med_seg
testicular artery	ANATOMY	2a	2a:yt_med_seg
pregnant uterus	ANATOMY	2a	2a:yt_med_seg
external genitalia	ANATOMY	2a	2a:yt_med_seg
left renal artery	ANATOMY	2a	2a:yt_med_seg
renal vein right	ANATOMY	2a	2a:yt_med_seg
left adrenal vein	ANATOMY	2a	2a:yt_med_seg
iliac vessels	ANATOMY	2a	2a:yt_med_seg
right ventricle of heart	ANATOMY	2a	2a:yt_med_seg
entire elbow	ANATOMY	2a	2a:yt_med_seg
colon part	ANATOMY	2a	2a:yt_med_seg
right renal artery	ANATOMY	2a	2a:yt_med_seg
esophagus trachea	ANATOMY	2a	2a:yt_med_seg
regional lymph nodes	ANATOMY	2a	2a:yt_med_seg
visceral pleura	ANATOMY	2a	2a:yt_med_seg
mediastinal structure	ANATOMY	2a	2a:yt_med_seg
chest muscles	ANATOMY	2a	2a:yt_med_seg
brain structure	ANATOMY	2a	2a:yt_med_seg
hippocampal	ANATOMY	2a	2a:yt_med_seg
rectum anus	ANATOMY	2a	2a:yt_med_seg
anus and rectum	ANATOMY	2a	2a:yt_med_seg
rectum and sigmoid colon	ANATOMY	2a	2a:yt_med_seg
internal thoracic arteries	ANATOMY	2a	2a:yt_med_seg
ribs right	ANATOMY	2a	2a:yt_med_seg
aorta arch	ANATOMY	2a	2a:yt_med_seg
right vagus nerve	ANATOMY	2a	2a:yt_med_seg
upper sternum	ANATOMY	2a	2a:yt_med_seg
anterior axillary line	ANATOMY	2a	2a:yt_med_seg
mid-clavicular line	ANATOMY	2a	2a:yt_med_seg
front of chest	ANATOMY	2a	2a:yt_med_seg
serratus anterior	ANATOMY	2a	2a:yt_med_seg
fifth rib	ANATOMY	2a	2a:yt_med_seg
chest upper	ANATOMY	2a	2a:yt_med_seg
seventh rib	ANATOMY	2a	2a:yt_med_seg
rectus abdominis	ANATOMY	2a	2a:yt_med_seg
rectus sheath	ANATOMY	2a	2a:yt_med_seg
renal vessels	ANATOMY	2a	2a:yt_med_seg
adrenal vein	ANATOMY	2a	2a:yt_med_seg
intestines liver	ANATOMY	2a	2a:yt_med_seg
anatomic region	ANATOMY	2a	2a:yt_med_seg
right orbit	ANATOMY	2a	2a:yt_med_seg
artery kidney	ANATOMY	2a	2a:yt_med_seg
renal hilum	ANATOMY	2a	2a:yt_med_seg
right side of colon	ANATOMY	2a	2a:yt_med_seg
pancreatic islets	ANATOMY	2a	2a:yt_med_seg
conus	ANATOMY	2a	2a:yt_med_seg
gland endocrine	ANATOMY	2a	2a:yt_med_seg
islet of langerhans	ANATOMY	2a	2a:yt_med_seg
mammary gland	ANATOMY	2a	2a:yt_med_seg
structure of pancreas	ANATOMY	2a	2a:yt_med_seg
islands of langerhans	ANATOMY	2a	2a:yt_med_seg
pancreatic ducts	ANATOMY	2a	2a:yt_med_seg
entire stomach	ANATOMY	2a	2a:yt_med_seg
arch of aorta	ANATOMY	2a	2a:yt_med_seg
whisker	ANATOMY	2a	2a:yt_med_seg
upper teeth	ANATOMY	2a	2a:yt_med_seg
lower lip	ANATOMY	2a	2a:yt_med_seg
mouth region	ANATOMY	2a	2a:yt_med_seg
aco	ANATOMY	2a	2a:yt_med_seg
zygoma	ANATOMY	2a	2a:yt_med_seg
chest region	ANATOMY	2a	2a:yt_med_seg
villus	ANATOMY	2a	2a:yt_med_seg
veins of lower extremities	ANATOMY	2a	2a:yt_med_seg
nerve plexuses	ANATOMY	2a	2a:yt_med_seg
muzzle	ANATOMY	2a	2a:yt_med_seg
right thumb	ANATOMY	2a	2a:yt_med_seg
labia majora	ANATOMY	2a	2a:yt_med_seg
area 1	ANATOMY	2a	2a:yt_med_seg
male genital system	ANATOMY	2a	2a:yt_med_seg
female genital system	ANATOMY	2a	2a:yt_med_seg
ocular adnexa	ANATOMY	2a	2a:yt_med_seg
mca	ANATOMY	2a	2a:yt_med_seg
chest abdomen	ANATOMY	2a	2a:yt_med_seg
left deltoid	ANATOMY	2a	2a:yt_med_seg
head of deltoid	ANATOMY	2a	2a:yt_med_seg
skin back	ANATOMY	2a	2a:yt_med_seg
pip	ANATOMY	2a	2a:yt_med_seg
left adrenal gland	ANATOMY	2a	2a:yt_med_seg
anal neural	ANATOMY	2a	2a:yt_med_seg
liver and adrenal gland	ANATOMY	2a	2a:yt_med_seg
two vessels	ANATOMY	2a	2a:yt_med_seg
it band	ANATOMY	2a	2a:yt_med_seg
upper cervical	ANATOMY	2a	2a:yt_med_seg
occiput	ANATOMY	2a	2a:yt_med_seg
condyles	ANATOMY	2a	2a:yt_med_seg
alar ligaments	ANATOMY	2a	2a:yt_med_seg
rotatore	ANATOMY	2a	2a:yt_med_seg
cruciate	ANATOMY	2a	2a:yt_med_seg
retropharyngeal	ANATOMY	2a	2a:yt_med_seg
occipital bone	ANATOMY	2a	2a:yt_med_seg
spinal segments	ANATOMY	2a	2a:yt_med_seg
ptp	ANATOMY	2a	2a:yt_med_seg
peripheral nerve structures	ANATOMY	2a	2a:yt_med_seg
pedicles	ANATOMY	2a	2a:yt_med_seg
anterior column	ANATOMY	2a	2a:yt_med_seg
iliac crests	ANATOMY	2a	2a:yt_med_seg
lumbar plexus	ANATOMY	2a	2a:yt_med_seg
psoas muscle	ANATOMY	2a	2a:yt_med_seg
branch of femoral nerve	ANATOMY	2a	2a:yt_med_seg
saphenous nerve	ANATOMY	2a	2a:yt_med_seg
posterior tibial nerve	ANATOMY	2a	2a:yt_med_seg
posterior columns	ANATOMY	2a	2a:yt_med_seg
slf	ANATOMY	2a	2a:yt_med_seg
external capsule	ANATOMY	2a	2a:yt_med_seg
frontal white matter	ANATOMY	2a	2a:yt_med_seg
occipital area	ANATOMY	2a	2a:yt_med_seg
platysma muscle	ANATOMY	2a	2a:yt_med_seg
hyoid	ANATOMY	2a	2a:yt_med_seg
digastric muscle	ANATOMY	2a	2a:yt_med_seg
mastoid bone	ANATOMY	2a	2a:yt_med_seg
hyoid bone	ANATOMY	2a	2a:yt_med_seg
scp	ANATOMY	2a	2a:yt_med_seg
spinal structure	ANATOMY	2a	2a:yt_med_seg
hair follicle	ANATOMY	2a	2a:yt_med_seg
central pattern generators	ANATOMY	2a	2a:yt_med_seg
central pattern generator	ANATOMY	2a	2a:yt_med_seg
elastic arteries	ANATOMY	2a	2a:yt_med_seg
anatomic sites	ANATOMY	2a	2a:yt_med_seg
sentinel lymph nodes	ANATOMY	2a	2a:yt_med_seg
tissue core	ANATOMY	2a	2a:yt_med_seg
gut wall	ANATOMY	2a	2a:yt_med_seg
ahr	ANATOMY	2a	2a:yt_med_seg
wall of gut	ANATOMY	2a	2a:yt_med_seg
axillary artery	ANATOMY	2a	2a:yt_med_seg
radius bone	ANATOMY	2a	2a:yt_med_seg
neck artery	ANATOMY	2a	2a:yt_med_seg
wrist artery	ANATOMY	2a	2a:yt_med_seg
lower facial height	ANATOMY	2a	2a:yt_med_seg
upper jaw	ANATOMY	2a	2a:yt_med_seg
temporary tooth	ANATOMY	2a	2a:yt_med_seg
dental structure	ANATOMY	2a	2a:yt_med_seg
upper molar	ANATOMY	2a	2a:yt_med_seg
viii	ANATOMY	2a	2a:yt_med_seg
seahorse	ANATOMY	2a	2a:yt_med_seg
central artery	ANATOMY	2a	2a:yt_med_seg
endocrine gland	ANATOMY	2a	2a:yt_med_seg
hand tendons	ANATOMY	2a	2a:yt_med_seg
pupillary	ANATOMY	2a	2a:yt_med_seg
knee meniscus	ANATOMY	2a	2a:yt_med_seg
bone femur	ANATOMY	2a	2a:yt_med_seg
cartilage surface	ANATOMY	2a	2a:yt_med_seg
thigh bone	ANATOMY	2a	2a:yt_med_seg
asg	ANATOMY	2a	2a:yt_med_seg
vault	ANATOMY	2a	2a:yt_med_seg
common femoral arteries	ANATOMY	2a	2a:yt_med_seg
helix structure	ANATOMY	2a	2a:yt_med_seg
meatus	ANATOMY	2a	2a:yt_med_seg
22s	ANATOMY	2a	2a:yt_med_seg
sensitive organs	ANATOMY	2a	2a:yt_med_seg
eye lens	ANATOMY	2a	2a:yt_med_seg
region 3	ANATOMY	2a	2a:yt_med_seg
long bone	ANATOMY	2a	2a:yt_med_seg
left common femoral artery	ANATOMY	2a	2a:yt_med_seg
aortic anulus	ANATOMY	2a	2a:yt_med_seg
aortic annulus	ANATOMY	2a	2a:yt_med_seg
left coronary cusp	ANATOMY	2a	2a:yt_med_seg
interatrial septum	ANATOMY	2a	2a:yt_med_seg
non-coronary cusp	ANATOMY	2a	2a:yt_med_seg
bicuspid	ANATOMY	2a	2a:yt_med_seg
respiratory centers	ANATOMY	2a	2a:yt_med_seg
lien	ANATOMY	2a	2a:yt_med_seg
eye and related structures	ANATOMY	2a	2a:yt_med_seg
earlobe	ANATOMY	2a	2a:yt_med_seg
optic nerves	ANATOMY	2a	2a:yt_med_seg
semilunar valves	ANATOMY	2a	2a:yt_med_seg
coracobrachialis	ANATOMY	2a	2a:yt_med_seg
liver and pancreas	ANATOMY	2a	2a:yt_med_seg
systemic artery	ANATOMY	2a	2a:yt_med_seg
vaginas	ANATOMY	2a	2a:yt_med_seg
urethra vagina	ANATOMY	2a	2a:yt_med_seg
hymen	ANATOMY	2a	2a:yt_med_seg
penis and vagina	ANATOMY	2a	2a:yt_med_seg
clitoral	ANATOMY	2a	2a:yt_med_seg
quadrant of breast	ANATOMY	2a	2a:yt_med_seg
paar	ANATOMY	2a	2a:yt_med_seg
areola	ANATOMY	2a	2a:yt_med_seg
tip of finger	ANATOMY	2a	2a:yt_med_seg
fingers tip	ANATOMY	2a	2a:yt_med_seg
back of head	ANATOMY	2a	2a:yt_med_seg
upper eyelid	ANATOMY	2a	2a:yt_med_seg
tracheas	ANATOMY	2a	2a:yt_med_seg
auris	ANATOMY	2a	2a:yt_med_seg
calc	ANATOMY	2a	2a:yt_med_seg
body organ	ANATOMY	2a	2a:yt_med_seg
encephalon	ANATOMY	2a	2a:yt_med_seg
ischium	ANATOMY	2a	2a:yt_med_seg
astragalus	ANATOMY	2a	2a:yt_med_seg
peripheral artery	ANATOMY	2a	2a:yt_med_seg
limb skin	ANATOMY	2a	2a:yt_med_seg
aortic segment	ANATOMY	2a	2a:yt_med_seg
body hair	ANATOMY	2a	2a:yt_med_seg
genu	ANATOMY	2a	2a:yt_med_seg
tec	ANATOMY	2a	2a:yt_med_seg
sga	ANATOMY	2a	2a:yt_med_seg
spc	ANATOMY	2a	2a:yt_med_seg
phr	ANATOMY	2a	2a:yt_med_seg
liver tissue	ANATOMY	2a	2a:yt_med_seg
cell clusters	ANATOMY	2a	2a:yt_med_seg
structure of reticular corium	ANATOMY	2a	2a:yt_med_seg
large vessel	ANATOMY	2a	2a:yt_med_seg
crn	ANATOMY	2a	2a:yt_med_seg
knee vessels	ANATOMY	2a	2a:yt_med_seg
entire limb	ANATOMY	2a	2a:yt_med_seg
side of chest	ANATOMY	2a	2a:yt_med_seg
costophrenic angle	ANATOMY	2a	2a:yt_med_seg
margin of lung	ANATOMY	2a	2a:yt_med_seg
lung apex	ANATOMY	2a	2a:yt_med_seg
ribcage	ANATOMY	2a	2a:yt_med_seg
cardiac silhouette	ANATOMY	2a	2a:yt_med_seg
ear structure	ANATOMY	2a	2a:yt_med_seg
lymph vessels	ANATOMY	2a	2a:yt_med_seg
leg right	ANATOMY	2a	2a:yt_med_seg
superficial lymphatic vessels	ANATOMY	2a	2a:yt_med_seg
surgical margin	ANATOMY	2a	2a:yt_med_seg
metastatic site	ANATOMY	2a	2a:yt_med_seg
surgical flap	ANATOMY	2a	2a:yt_med_seg
sacral parasympathetic gray	ANATOMY	2a	2a:yt_med_seg
maxillary nerve	ANATOMY	2a	2a:yt_med_seg
maxillary bone	ANATOMY	2a	2a:yt_med_seg
sphenoid bone	ANATOMY	2a	2a:yt_med_seg
ganglionic	ANATOMY	2a	2a:yt_med_seg
superior cervical sympathetic ganglion	ANATOMY	2a	2a:yt_med_seg
segment of nerve	ANATOMY	2a	2a:yt_med_seg
nerve bundle	ANATOMY	2a	2a:yt_med_seg
nerve structure	ANATOMY	2a	2a:yt_med_seg
both feet	ANATOMY	2a	2a:yt_med_seg
foot muscles	ANATOMY	2a	2a:yt_med_seg
branch of facial nerve	ANATOMY	2a	2a:yt_med_seg
marginal mandibular nerve	ANATOMY	2a	2a:yt_med_seg
accessory nerve	ANATOMY	2a	2a:yt_med_seg
auricular	ANATOMY	2a	2a:yt_med_seg
long thoracic nerve	ANATOMY	2a	2a:yt_med_seg
intercostal nerves	ANATOMY	2a	2a:yt_med_seg
little finger	ANATOMY	2a	2a:yt_med_seg
muscles of hand	ANATOMY	2a	2a:yt_med_seg
nerve radial	ANATOMY	2a	2a:yt_med_seg
radial nerve	ANATOMY	2a	2a:yt_med_seg
superior hypogastric plexus	ANATOMY	2a	2a:yt_med_seg
hypogastric nerves	ANATOMY	2a	2a:yt_med_seg
nerve structures	ANATOMY	2a	2a:yt_med_seg
hypogastric plexus	ANATOMY	2a	2a:yt_med_seg
mesenteric plexus	ANATOMY	2a	2a:yt_med_seg
spinal nerve	ANATOMY	2a	2a:yt_med_seg
lateral femoral cutaneous nerve	ANATOMY	2a	2a:yt_med_seg
femoral nerve and its branches	ANATOMY	2a	2a:yt_med_seg
quadriceps muscle	ANATOMY	2a	2a:yt_med_seg
pancreatic head	ANATOMY	2a	2a:yt_med_seg
right colon	ANATOMY	2a	2a:yt_med_seg
major artery	ANATOMY	2a	2a:yt_med_seg
liver spleen	ANATOMY	2a	2a:yt_med_seg
artery celiac	ANATOMY	2a	2a:yt_med_seg
main portal vein	ANATOMY	2a	2a:yt_med_seg
arterial anatomy	ANATOMY	2a	2a:yt_med_seg
right body	ANATOMY	2a	2a:yt_med_seg
femur and tibia	ANATOMY	2a	2a:yt_med_seg
finger tendon	ANATOMY	2a	2a:yt_med_seg
h x	ANATOMY	2a	2a:yt_med_seg
body parts and fluids	ANATOMY	2a	2a:yt_med_seg
abdominal organ	ANATOMY	2a	2a:yt_med_seg
visceral peritoneum	ANATOMY	2a	2a:yt_med_seg
abdominal viscera	ANATOMY	2a	2a:yt_med_seg
visceral peritoneum of stomach	ANATOMY	2a	2a:yt_med_seg
lesser curvature of stomach	ANATOMY	2a	2a:yt_med_seg
greater curvature of stomach	ANATOMY	2a	2a:yt_med_seg
greater omentum	ANATOMY	2a	2a:yt_med_seg
posterior abdominal wall	ANATOMY	2a	2a:yt_med_seg
large bowel	ANATOMY	2a	2a:yt_med_seg
entire spinal cord	ANATOMY	2a	2a:yt_med_seg
medial meniscus	ANATOMY	2a	2a:yt_med_seg
lobe liver	ANATOMY	2a	2a:yt_med_seg
other body part	ANATOMY	2a	2a:yt_med_seg
body organs	ANATOMY	2a	2a:yt_med_seg
gonial angle	ANATOMY	2a	2a:yt_med_seg
neck skin	ANATOMY	2a	2a:yt_med_seg
choroid and retina	ANATOMY	2a	2a:yt_med_seg
tdf	ANATOMY	2a	2a:yt_med_seg
palmar arch	ANATOMY	2a	2a:yt_med_seg
chest veins	ANATOMY	2a	2a:yt_med_seg
branch of radial artery	ANATOMY	2a	2a:yt_med_seg
brachial vein	ANATOMY	2a	2a:yt_med_seg
neck veins	ANATOMY	2a	2a:yt_med_seg
lung right	ANATOMY	2a	2a:yt_med_seg
internal jugular veins	ANATOMY	2a	2a:yt_med_seg
right atrial appendage	ANATOMY	2a	2a:yt_med_seg
back head	ANATOMY	2a	2a:yt_med_seg
lul	ANATOMY	2a	2a:yt_med_seg
venous valves	ANATOMY	2a	2a:yt_med_seg
physis	ANATOMY	2a	2a:yt_med_seg
area broca's	ANATOMY	2a	2a:yt_med_seg
tusk	ANATOMY	2a	2a:yt_med_seg
alveolar ridge	ANATOMY	2a	2a:yt_med_seg
prostatic	ANATOMY	2a	2a:yt_med_seg
hepatogastric ligament	ANATOMY	2a	2a:yt_med_seg
gastrosplenic ligament	ANATOMY	2a	2a:yt_med_seg
wall of abdomen	ANATOMY	2a	2a:yt_med_seg
coronary veins	ANATOMY	2a	2a:yt_med_seg
colonic wall	ANATOMY	2a	2a:yt_med_seg
entire colon	ANATOMY	2a	2a:yt_med_seg
gallbladder neck	ANATOMY	2a	2a:yt_med_seg
liver parenchyma	ANATOMY	2a	2a:yt_med_seg
surface of sole	ANATOMY	2a	2a:yt_med_seg
mammary duct	ANATOMY	2a	2a:yt_med_seg
smg	ANATOMY	2a	2a:yt_med_seg
reticulospinal tract	ANATOMY	2a	2a:yt_med_seg
medullary reticulospinal tract	ANATOMY	2a	2a:yt_med_seg
vestibular nucleus	ANATOMY	2a	2a:yt_med_seg
medullary reticular formation	ANATOMY	2a	2a:yt_med_seg
pontine reticular formation	ANATOMY	2a	2a:yt_med_seg
pyramidal tracts	ANATOMY	2a	2a:yt_med_seg
motor area	ANATOMY	2a	2a:yt_med_seg
corona radiata	ANATOMY	2a	2a:yt_med_seg
posterior limb of internal capsule	ANATOMY	2a	2a:yt_med_seg
ventral horn	ANATOMY	2a	2a:yt_med_seg
medullary pyramids	ANATOMY	2a	2a:yt_med_seg
lateral corticospinal tract	ANATOMY	2a	2a:yt_med_seg
corticobulbar fibers	ANATOMY	2a	2a:yt_med_seg
rubrospinal tract	ANATOMY	2a	2a:yt_med_seg
muscles of upper limb	ANATOMY	2a	2a:yt_med_seg
tectospinal tract	ANATOMY	2a	2a:yt_med_seg
visual pathway	ANATOMY	2a	2a:yt_med_seg
spinal tracts	ANATOMY	2a	2a:yt_med_seg
inferior vestibular nucleus	ANATOMY	2a	2a:yt_med_seg
right medial rectus	ANATOMY	2a	2a:yt_med_seg
lateral vestibular nucleus	ANATOMY	2a	2a:yt_med_seg
vestibular apparatus	ANATOMY	2a	2a:yt_med_seg
lateral pyramidal tract	ANATOMY	2a	2a:yt_med_seg
wall of artery	ANATOMY	2a	2a:yt_med_seg
arm muscle	ANATOMY	2a	2a:yt_med_seg
bone parts	ANATOMY	2a	2a:yt_med_seg
marginal mandibular branch	ANATOMY	2a	2a:yt_med_seg
cervical fascia	ANATOMY	2a	2a:yt_med_seg
external jugular vein	ANATOMY	2a	2a:yt_med_seg
vertebral vein	ANATOMY	2a	2a:yt_med_seg
medial tibial plateau	ANATOMY	2a	2a:yt_med_seg
extensor tendon	ANATOMY	2a	2a:yt_med_seg
plantar arch	ANATOMY	2a	2a:yt_med_seg
subclavius muscle	ANATOMY	2a	2a:yt_med_seg
subclavius	ANATOMY	2a	2a:yt_med_seg
neurovascular bundle	ANATOMY	2a	2a:yt_med_seg
deep brachial vein	ANATOMY	2a	2a:yt_med_seg
bicipital	ANATOMY	2a	2a:yt_med_seg
anatomical snuff box	ANATOMY	2a	2a:yt_med_seg
wrist right	ANATOMY	2a	2a:yt_med_seg
l3 segment	ANATOMY	2a	2a:yt_med_seg
sympathetic chain	ANATOMY	2a	2a:yt_med_seg
lower leg vessels	ANATOMY	2a	2a:yt_med_seg
feather	ANATOMY	2a	2a:yt_med_seg
small artery	ANATOMY	2a	2a:yt_med_seg
b10	ANATOMY	2a	2a:yt_med_seg
pulmonic valve	ANATOMY	2a	2a:yt_med_seg
second rib	ANATOMY	2a	2a:yt_med_seg
sternal angle	ANATOMY	2a	2a:yt_med_seg
whole liver	ANATOMY	2a	2a:yt_med_seg
brain regions	ANATOMY	2a	2a:yt_med_seg
lmi	ANATOMY	2a	2a:yt_med_seg
decidua	ANATOMY	2a	2a:yt_med_seg
clivus	ANATOMY	2a	2a:yt_med_seg
entire larynx	ANATOMY	2a	2a:yt_med_seg
supraclavicular node	ANATOMY	2a	2a:yt_med_seg
body of graft	ANATOMY	2a	2a:yt_med_seg
neural pathways	ANATOMY	2a	2a:yt_med_seg
midsection	ANATOMY	2a	2a:yt_med_seg
left hilum	ANATOMY	2a	2a:yt_med_seg
internal ear	ANATOMY	2a	2a:yt_med_seg
solar plexus	ANATOMY	2a	2a:yt_med_seg
organ region	ANATOMY	2a	2a:yt_med_seg
endocrine organs	ANATOMY	2a	2a:yt_med_seg
mog	ANATOMY	2a	2a:yt_med_seg
ciliary muscle	ANATOMY	2a	2a:yt_med_seg
b1 and b2	ANATOMY	2a	2a:yt_med_seg
eleventh or twelfth rib	ANATOMY	2a	2a:yt_med_seg
bones types	ANATOMY	2a	2a:yt_med_seg
retinas	ANATOMY	2a	2a:yt_med_seg
left brain	ANATOMY	2a	2a:yt_med_seg
spinal column	ANATOMY	2a	2a:yt_med_seg
dio	ANATOMY	2a	2a:yt_med_seg
hypothenar	ANATOMY	2a	2a:yt_med_seg
artery radial	ANATOMY	2a	2a:yt_med_seg
wrist bone	ANATOMY	2a	2a:yt_med_seg
forearm vessels	ANATOMY	2a	2a:yt_med_seg
cutaneous branch	ANATOMY	2a	2a:yt_med_seg
ulnar artery	ANATOMY	2a	2a:yt_med_seg
digital vessel	ANATOMY	2a	2a:yt_med_seg
urinary bladder urethra	ANATOMY	2a	2a:yt_med_seg
urethral	ANATOMY	2a	2a:yt_med_seg
kidney and ureter	ANATOMY	2a	2a:yt_med_seg
lower urinary tract	ANATOMY	2a	2a:yt_med_seg
detrusor	ANATOMY	2a	2a:yt_med_seg
arachnoid mater	ANATOMY	2a	2a:yt_med_seg
pia mater	ANATOMY	2a	2a:yt_med_seg
left ventricular myocardium	ANATOMY	2a	2a:yt_med_seg
region of myocardium	ANATOMY	2a	2a:yt_med_seg
t1a	ANATOMY	2a	2a:yt_med_seg
kidney and urinary bladder	ANATOMY	2a	2a:yt_med_seg
front leg	ANATOMY	2a	2a:yt_med_seg
trigger zone	ANATOMY	2a	2a:yt_med_seg
nucleus of solitary tract	ANATOMY	2a	2a:yt_med_seg
dorsal motor nucleus	ANATOMY	2a	2a:yt_med_seg
solid organ	ANATOMY	2a	2a:yt_med_seg
organ parenchyma	ANATOMY	2a	2a:yt_med_seg
hepatic biliary tree	ANATOMY	2a	2a:yt_med_seg
renal cortex	ANATOMY	2a	2a:yt_med_seg
renal collecting system	ANATOMY	2a	2a:yt_med_seg
pancreatic parenchyma	ANATOMY	2a	2a:yt_med_seg
type of vein	ANATOMY	2a	2a:yt_med_seg
spleen liver	ANATOMY	2a	2a:yt_med_seg
phalanx	ANATOMY	2a	2a:yt_med_seg
cervical ganglia	ANATOMY	2a	2a:yt_med_seg
thoracic ganglia	ANATOMY	2a	2a:yt_med_seg
sacral ganglia	ANATOMY	2a	2a:yt_med_seg
splanchnic nerves	ANATOMY	2a	2a:yt_med_seg
inferior cervical ganglion	ANATOMY	2a	2a:yt_med_seg
large arteries	ANATOMY	2a	2a:yt_med_seg
thoracic area	ANATOMY	2a	2a:yt_med_seg
third rib	ANATOMY	2a	2a:yt_med_seg
back thighs	ANATOMY	2a	2a:yt_med_seg
shaft of penis	ANATOMY	2a	2a:yt_med_seg
corpus spongiosum	ANATOMY	2a	2a:yt_med_seg
glans	ANATOMY	2a	2a:yt_med_seg
cowper's gland	ANATOMY	2a	2a:yt_med_seg
seminiferous tubule	ANATOMY	2a	2a:yt_med_seg
ejaculatory ducts	ANATOMY	2a	2a:yt_med_seg
bulbourethral glands	ANATOMY	2a	2a:yt_med_seg
cowper's glands	ANATOMY	2a	2a:yt_med_seg
mons veneris	ANATOMY	2a	2a:yt_med_seg
labia minora	ANATOMY	2a	2a:yt_med_seg
vestibular bulb	ANATOMY	2a	2a:yt_med_seg
bulbus	ANATOMY	2a	2a:yt_med_seg
mammary glands	ANATOMY	2a	2a:yt_med_seg
pectoral muscles	ANATOMY	2a	2a:yt_med_seg
skin of breast	ANATOMY	2a	2a:yt_med_seg
rectum vagina	ANATOMY	2a	2a:yt_med_seg
wall of vagina	ANATOMY	2a	2a:yt_med_seg
pelvic cavity	ANATOMY	2a	2a:yt_med_seg
graafian follicle	ANATOMY	2a	2a:yt_med_seg
ovary follicle	ANATOMY	2a	2a:yt_med_seg
fimbria	ANATOMY	2a	2a:yt_med_seg
vaginal walls	ANATOMY	2a	2a:yt_med_seg
anal sphincter	ANATOMY	2a	2a:yt_med_seg
pelvic muscle	ANATOMY	2a	2a:yt_med_seg
vomeronasal organ	ANATOMY	2a	2a:yt_med_seg
head and mandible	ANATOMY	2a	2a:yt_med_seg
pili	ANATOMY	2a	2a:yt_med_seg
eyelash	ANATOMY	2a	2a:yt_med_seg
c7 level	ANATOMY	2a	2a:yt_med_seg
24s	ANATOMY	2a	2a:yt_med_seg
fatty layer	ANATOMY	2a	2a:yt_med_seg
antlers	ANATOMY	2a	2a:yt_med_seg
intestinal walls	ANATOMY	2a	2a:yt_med_seg
aural	ANATOMY	2a	2a:yt_med_seg
plexus choroid	ANATOMY	2a	2a:yt_med_seg
arachnoid	ANATOMY	2a	2a:yt_med_seg
arachnoid granulations	ANATOMY	2a	2a:yt_med_seg
dural venous sinuses	ANATOMY	2a	2a:yt_med_seg
arachnoid granulation	ANATOMY	2a	2a:yt_med_seg
central canal of spinal cord	ANATOMY	2a	2a:yt_med_seg
second pathway	ANATOMY	2a	2a:yt_med_seg
capitated	ANATOMY	2a	2a:yt_med_seg
flanking	ANATOMY	2a	2a:yt_med_seg
uterine horn	ANATOMY	2a	2a:yt_med_seg
poling	ANATOMY	2a	2a:yt_med_seg
vii	ANATOMY	2a	2a:yt_med_seg
entire hand	ANATOMY	2a	2a:yt_med_seg
vein walls	ANATOMY	2a	2a:yt_med_seg
backbones	ANATOMY	2a	2a:yt_med_seg
skeletal remains	ANATOMY	2a	2a:yt_med_seg
vola	ANATOMY	2a	2a:yt_med_seg
both arms	ANATOMY	2a	2a:yt_med_seg
forearm right	ANATOMY	2a	2a:yt_med_seg
sura	ANATOMY	2a	2a:yt_med_seg
lingual artery	ANATOMY	2a	2a:yt_med_seg
idg	ANATOMY	2a	2a:yt_med_seg
t2 level	ANATOMY	2a	2a:yt_med_seg
scaphoid bone	ANATOMY	2a	2a:yt_med_seg
thoracic region	ANATOMY	2a	2a:yt_med_seg
head and neck region	ANATOMY	2a	2a:yt_med_seg
pulmonary artery and pulmonary artery	ANATOMY	2a	2a:yt_med_seg
descending aorta	ANATOMY	2a	2a:yt_med_seg
abdominal regions	ANATOMY	2a	2a:yt_med_seg
dpg	ANATOMY	2a	2a:yt_med_seg
superior thyroid artery	ANATOMY	2a	2a:yt_med_seg
cervical plexus	ANATOMY	2a	2a:yt_med_seg
right salivary gland	ANATOMY	2a	2a:yt_med_seg
sternomastoid	ANATOMY	2a	2a:yt_med_seg
right internal jugular vein	ANATOMY	2a	2a:yt_med_seg
common facial vein	ANATOMY	2a	2a:yt_med_seg
facial vein	ANATOMY	2a	2a:yt_med_seg
voice box	ANATOMY	2a	2a:yt_med_seg
occipital artery	ANATOMY	2a	2a:yt_med_seg
ansa cervicalis	ANATOMY	2a	2a:yt_med_seg
ansa hypoglossi	ANATOMY	2a	2a:yt_med_seg
occipital protuberance	ANATOMY	2a	2a:yt_med_seg
mastoid process	ANATOMY	2a	2a:yt_med_seg
greater occipital nerve	ANATOMY	2a	2a:yt_med_seg
accessory spinal nerve	ANATOMY	2a	2a:yt_med_seg
posterior belly of digastric	ANATOMY	2a	2a:yt_med_seg
digastric	ANATOMY	2a	2a:yt_med_seg
neck muscle	ANATOMY	2a	2a:yt_med_seg
left internal mammary artery	ANATOMY	2a	2a:yt_med_seg
branch of subclavian artery	ANATOMY	2a	2a:yt_med_seg
c6 vertebra	ANATOMY	2a	2a:yt_med_seg
segment of vertebral artery	ANATOMY	2a	2a:yt_med_seg
clavicle right	ANATOMY	2a	2a:yt_med_seg
end of clavicle	ANATOMY	2a	2a:yt_med_seg
hyoid muscle	ANATOMY	2a	2a:yt_med_seg
inferior thyroid artery	ANATOMY	2a	2a:yt_med_seg
segment of vertebra	ANATOMY	2a	2a:yt_med_seg
transverse processes	ANATOMY	2a	2a:yt_med_seg
c2 vertebra	ANATOMY	2a	2a:yt_med_seg
cricoid cartilage	ANATOMY	2a	2a:yt_med_seg
inferior oblique muscles	ANATOMY	2a	2a:yt_med_seg
spinal nerve root	ANATOMY	2a	2a:yt_med_seg
c2 nerve	ANATOMY	2a	2a:yt_med_seg
trapezius muscles	ANATOMY	2a	2a:yt_med_seg
emissary vein	ANATOMY	2a	2a:yt_med_seg
v10	ANATOMY	2a	2a:yt_med_seg
radial bone	ANATOMY	2a	2a:yt_med_seg
capy	ANATOMY	2a	2a:yt_med_seg
ear canals	ANATOMY	2a	2a:yt_med_seg
cochlear nerve	ANATOMY	2a	2a:yt_med_seg
auditory nerve	ANATOMY	2a	2a:yt_med_seg
ear pinna	ANATOMY	2a	2a:yt_med_seg
eyes right	ANATOMY	2a	2a:yt_med_seg
conjunctival sac	ANATOMY	2a	2a:yt_med_seg
inner canthus	ANATOMY	2a	2a:yt_med_seg
root of hair	ANATOMY	2a	2a:yt_med_seg
ankle right	ANATOMY	2a	2a:yt_med_seg
neural pathway	ANATOMY	2a	2a:yt_med_seg
left calf	ANATOMY	2a	2a:yt_med_seg
branch of vagus nerve	ANATOMY	2a	2a:yt_med_seg
cervix of uterus	ANATOMY	2a	2a:yt_med_seg
cardiac chambers	ANATOMY	2a	2a:yt_med_seg
cardiac wall	ANATOMY	2a	2a:yt_med_seg
cardiac structure	ANATOMY	2a	2a:yt_med_seg
cardiac shadow	ANATOMY	2a	2a:yt_med_seg
entire heart	ANATOMY	2a	2a:yt_med_seg
coronary vessel	ANATOMY	2a	2a:yt_med_seg
coronary artery segment	ANATOMY	2a	2a:yt_med_seg
sensory pathways	ANATOMY	2a	2a:yt_med_seg
heart atria	ANATOMY	2a	2a:yt_med_seg
lower chamber of heart	ANATOMY	2a	2a:yt_med_seg
nerves spinal	ANATOMY	2a	2a:yt_med_seg
circle of willis	ANATOMY	2a	2a:yt_med_seg
serous pericardium	ANATOMY	2a	2a:yt_med_seg
celiac trunk	ANATOMY	2a	2a:yt_med_seg
celiac plexus	ANATOMY	2a	2a:yt_med_seg
left gastric artery	ANATOMY	2a	2a:yt_med_seg
wall of lesser sac	ANATOMY	2a	2a:yt_med_seg
right gastric artery	ANATOMY	2a	2a:yt_med_seg
celiac arteries	ANATOMY	2a	2a:yt_med_seg
l5 level	ANATOMY	2a	2a:yt_med_seg
left colic artery	ANATOMY	2a	2a:yt_med_seg
superior rectal artery	ANATOMY	2a	2a:yt_med_seg
sigmoid arteries	ANATOMY	2a	2a:yt_med_seg
left common iliac artery	ANATOMY	2a	2a:yt_med_seg
bladder structure	ANATOMY	2a	2a:yt_med_seg
subcostal	ANATOMY	2a	2a:yt_med_seg
back muscles	ANATOMY	2a	2a:yt_med_seg
right external iliac artery	ANATOMY	2a	2a:yt_med_seg
entire left common iliac artery	ANATOMY	2a	2a:yt_med_seg
left lobe of liver	ANATOMY	2a	2a:yt_med_seg
triangular ligament	ANATOMY	2a	2a:yt_med_seg
entire left colon	ANATOMY	2a	2a:yt_med_seg
entire left renal artery	ANATOMY	2a	2a:yt_med_seg
kidney left	ANATOMY	2a	2a:yt_med_seg
entire abdominal aorta	ANATOMY	2a	2a:yt_med_seg
abdominal vessels	ANATOMY	2a	2a:yt_med_seg
portal triad	ANATOMY	2a	2a:yt_med_seg
common bile duct	ANATOMY	2a	2a:yt_med_seg
gastrocolic ligament	ANATOMY	2a	2a:yt_med_seg
superior border of pancreas	ANATOMY	2a	2a:yt_med_seg
wall of stomach	ANATOMY	2a	2a:yt_med_seg
colon right	ANATOMY	2a	2a:yt_med_seg
anatomical landmark	ANATOMY	2a	2a:yt_med_seg
pancreas head	ANATOMY	2a	2a:yt_med_seg
mid abdomen	ANATOMY	2a	2a:yt_med_seg
abdominal veins	ANATOMY	2a	2a:yt_med_seg
common iliac veins	ANATOMY	2a	2a:yt_med_seg
lobe of liver	ANATOMY	2a	2a:yt_med_seg
t8 level	ANATOMY	2a	2a:yt_med_seg
entire right colon	ANATOMY	2a	2a:yt_med_seg
right lobe of liver	ANATOMY	2a	2a:yt_med_seg
bare area of liver	ANATOMY	2a	2a:yt_med_seg
root of mesentery	ANATOMY	2a	2a:yt_med_seg
mesenteric vein	ANATOMY	2a	2a:yt_med_seg
neck of pancreas	ANATOMY	2a	2a:yt_med_seg
pancreatic neck	ANATOMY	2a	2a:yt_med_seg
flexure of colon	ANATOMY	2a	2a:yt_med_seg
inferior border of pancreas	ANATOMY	2a	2a:yt_med_seg
pancreas body	ANATOMY	2a	2a:yt_med_seg
anatomy arteries	ANATOMY	2a	2a:yt_med_seg
rat liver	ANATOMY	2a	2a:yt_med_seg
cuneus	ANATOMY	2a	2a:yt_med_seg
proper hand	ANATOMY	2a	2a:yt_med_seg
face structure	ANATOMY	2a	2a:yt_med_seg
abdomens	ANATOMY	2a	2a:yt_med_seg
sfv	ANATOMY	2a	2a:yt_med_seg
fasciae	ANATOMY	2a	2a:yt_med_seg
left axilla	ANATOMY	2a	2a:yt_med_seg
infundibular	ANATOMY	2a	2a:yt_med_seg
lobe of lung	ANATOMY	2a	2a:yt_med_seg
vessels left	ANATOMY	2a	2a:yt_med_seg
subclavian vein right	ANATOMY	2a	2a:yt_med_seg
oli	ANATOMY	2a	2a:yt_med_seg
artery pulmonary	ANATOMY	2a	2a:yt_med_seg
surface of lung	ANATOMY	2a	2a:yt_med_seg
intrapleural	ANATOMY	2a	2a:yt_med_seg
parietal pleura	ANATOMY	2a	2a:yt_med_seg
hemidiaphragm	ANATOMY	2a	2a:yt_med_seg
lateral chest wall	ANATOMY	2a	2a:yt_med_seg
left hemithorax	ANATOMY	2a	2a:yt_med_seg
left hemidiaphragm	ANATOMY	2a	2a:yt_med_seg
entire hemithorax	ANATOMY	2a	2a:yt_med_seg
right hemidiaphragm	ANATOMY	2a	2a:yt_med_seg
lateral collateral ligament	ANATOMY	2a	2a:yt_med_seg
lateral meniscus	ANATOMY	2a	2a:yt_med_seg
leg bone	ANATOMY	2a	2a:yt_med_seg
lateral aspect of knee	ANATOMY	2a	2a:yt_med_seg
loin	ANATOMY	2a	2a:yt_med_seg
floor orbital	ANATOMY	2a	2a:yt_med_seg
orbital floor	ANATOMY	2a	2a:yt_med_seg
cheek bone	ANATOMY	2a	2a:yt_med_seg
jaw bone	ANATOMY	2a	2a:yt_med_seg
zygomas	ANATOMY	2a	2a:yt_med_seg
orbit floor	ANATOMY	2a	2a:yt_med_seg
orbital region	ANATOMY	2a	2a:yt_med_seg
trigeminal ganglia	ANATOMY	2a	2a:yt_med_seg
infraorbital margin	ANATOMY	2a	2a:yt_med_seg
floor of orbit	ANATOMY	2a	2a:yt_med_seg
nasal bone	ANATOMY	2a	2a:yt_med_seg
zygomatic arches	ANATOMY	2a	2a:yt_med_seg
vta	ANATOMY	2a	2a:yt_med_seg
nucleus accumbens	ANATOMY	2a	2a:yt_med_seg
rpe	ANATOMY	2a	2a:yt_med_seg
mouth skin	ANATOMY	2a	2a:yt_med_seg
area a24	ANATOMY	2a	2a:yt_med_seg
trigger point	ANATOMY	2a	2a:yt_med_seg
ponto	ANATOMY	2a	2a:yt_med_seg
brachial arteries	ANATOMY	2a	2a:yt_med_seg
foot artery	ANATOMY	2a	2a:yt_med_seg
runoff vessels	ANATOMY	2a	2a:yt_med_seg
unc	ANATOMY	2a	2a:yt_med_seg
nasal tip	ANATOMY	2a	2a:yt_med_seg
perforating vein	ANATOMY	2a	2a:yt_med_seg
pectus	ANATOMY	2a	2a:yt_med_seg
costal	ANATOMY	2a	2a:yt_med_seg
cuboid	ANATOMY	2a	2a:yt_med_seg
donor sites	ANATOMY	2a	2a:yt_med_seg
hind limb	ANATOMY	2a	2a:yt_med_seg
side neck	ANATOMY	2a	2a:yt_med_seg
antecubital vein	ANATOMY	2a	2a:yt_med_seg
mpo	ANATOMY	2a	2a:yt_med_seg
lateral chest	ANATOMY	2a	2a:yt_med_seg
l4 vertebra	ANATOMY	2a	2a:yt_med_seg
iliac and femoral artery	ANATOMY	2a	2a:yt_med_seg
ptf	ANATOMY	2a	2a:yt_med_seg
neural circuits	ANATOMY	2a	2a:yt_med_seg
broca's area	ANATOMY	2a	2a:yt_med_seg
pollux	ANATOMY	2a	2a:yt_med_seg
ssp	ANATOMY	2a	2a:yt_med_seg
femoral artery and its branches	ANATOMY	2a	2a:yt_med_seg
blood vascular	ANATOMY	2a	2a:yt_med_seg
supraclavicular nodes	ANATOMY	2a	2a:yt_med_seg
supraclavicular lymph node	ANATOMY	2a	2a:yt_med_seg
lymphoid organs	ANATOMY	2a	2a:yt_med_seg
shaft of bone	ANATOMY	2a	2a:yt_med_seg
epiphysial plate	ANATOMY	2a	2a:yt_med_seg
epiphyses	ANATOMY	2a	2a:yt_med_seg
surface of bone	ANATOMY	2a	2a:yt_med_seg
articular bone surface	ANATOMY	2a	2a:yt_med_seg
entire coronary artery	ANATOMY	2a	2a:yt_med_seg
cervical canal	ANATOMY	2a	2a:yt_med_seg
tibial veins	ANATOMY	2a	2a:yt_med_seg
cere structure	ANATOMY	2a	2a:yt_med_seg
crus	ANATOMY	2a	2a:yt_med_seg
back surface	ANATOMY	2a	2a:yt_med_seg
shanks	ANATOMY	2a	2a:yt_med_seg
common carotid artery	ANATOMY	2a	2a:yt_med_seg
superficial temporal artery	ANATOMY	2a	2a:yt_med_seg
artery of thigh	ANATOMY	2a	2a:yt_med_seg
dorsalis pedis artery	ANATOMY	2a	2a:yt_med_seg
popliteal artery	ANATOMY	2a	2a:yt_med_seg
structure of fifth ray	ANATOMY	2a	2a:yt_med_seg
liver and spleen	ANATOMY	2a	2a:yt_med_seg
saphenous veins	ANATOMY	2a	2a:yt_med_seg
forefinger	ANATOMY	2a	2a:yt_med_seg
lead v2	ANATOMY	2a	2a:yt_med_seg
eyelids upper	ANATOMY	2a	2a:yt_med_seg
diagonal axis	ANATOMY	2a	2a:yt_med_seg
thyroid glands	ANATOMY	2a	2a:yt_med_seg
surface of liver	ANATOMY	2a	2a:yt_med_seg
organ subdivision	ANATOMY	2a	2a:yt_med_seg
hoof structure	ANATOMY	2a	2a:yt_med_seg
nerves somatic	ANATOMY	2a	2a:yt_med_seg
eyelid skin	ANATOMY	2a	2a:yt_med_seg
iliotibial band	ANATOMY	2a	2a:yt_med_seg
finger index	ANATOMY	2a	2a:yt_med_seg
muscle tongue	ANATOMY	2a	2a:yt_med_seg
roof of mouth	ANATOMY	2a	2a:yt_med_seg
nasolabial line	ANATOMY	2a	2a:yt_med_seg
optic disc	ANATOMY	2a	2a:yt_med_seg
temporal muscle	ANATOMY	2a	2a:yt_med_seg
masseter muscle	ANATOMY	2a	2a:yt_med_seg
cranial nerve eight	ANATOMY	2a	2a:yt_med_seg
mesial	ANATOMY	2a	2a:yt_med_seg
maxillary dentition	ANATOMY	2a	2a:yt_med_seg
head part	ANATOMY	2a	2a:yt_med_seg
palatal cusp	ANATOMY	2a	2a:yt_med_seg
pigment epithelium	ANATOMY	2a	2a:yt_med_seg
neural retina	ANATOMY	2a	2a:yt_med_seg
seventh cranial nerves	ANATOMY	2a	2a:yt_med_seg
chest lower	ANATOMY	2a	2a:yt_med_seg
epididymal	ANATOMY	2a	2a:yt_med_seg
body of epididymis	ANATOMY	2a	2a:yt_med_seg
wing web	ANATOMY	2a	2a:yt_med_seg
buccal surface	ANATOMY	2a	2a:yt_med_seg
pinna of ear	ANATOMY	2a	2a:yt_med_seg
carotids	ANATOMY	2a	2a:yt_med_seg
colon rectal	ANATOMY	2a	2a:yt_med_seg
animal wool	ANATOMY	2a	2a:yt_med_seg
motor areas	ANATOMY	2a	2a:yt_med_seg
phalanges	ANATOMY	2a	2a:yt_med_seg
hip and thigh	ANATOMY	2a	2a:yt_med_seg
thymic	ANATOMY	2a	2a:yt_med_seg
folium	ANATOMY	2a	2a:yt_med_seg
liver and gallbladder	ANATOMY	2a	2a:yt_med_seg
alveolar wall	ANATOMY	2a	2a:yt_med_seg
bone types	ANATOMY	2a	2a:yt_med_seg
bony part of second rib	ANATOMY	2a	2a:yt_med_seg
inner ear structure	ANATOMY	2a	2a:yt_med_seg
semicircular canal	ANATOMY	2a	2a:yt_med_seg
utricle	ANATOMY	2a	2a:yt_med_seg
semi-circular canal	ANATOMY	2a	2a:yt_med_seg
saccule	ANATOMY	2a	2a:yt_med_seg
baroreceptors	ANATOMY	2a	2a:yt_med_seg
baroreceptor	ANATOMY	2a	2a:yt_med_seg
vestibular nuclei	ANATOMY	2a	2a:yt_med_seg
statoconia	ANATOMY	2a	2a:yt_med_seg
macula of saccule	ANATOMY	2a	2a:yt_med_seg
semi-circular canals	ANATOMY	2a	2a:yt_med_seg
macula of utricle	ANATOMY	2a	2a:yt_med_seg
vestibular part of mouth	ANATOMY	2a	2a:yt_med_seg
vestibular nerve	ANATOMY	2a	2a:yt_med_seg
dorsolateral prefrontal cortex	ANATOMY	2a	2a:yt_med_seg
locus coeruleus	ANATOMY	2a	2a:yt_med_seg
ventral tegmental area	ANATOMY	2a	2a:yt_med_seg
anterior cingulate cortex	ANATOMY	2a	2a:yt_med_seg
anterior cingulate	ANATOMY	2a	2a:yt_med_seg
lateral habenula	ANATOMY	2a	2a:yt_med_seg
cingulum bundle	ANATOMY	2a	2a:yt_med_seg
hippocampus major	ANATOMY	2a	2a:yt_med_seg
lower eyelid	ANATOMY	2a	2a:yt_med_seg
esophageal mucosa	ANATOMY	2a	2a:yt_med_seg
skin line	ANATOMY	2a	2a:yt_med_seg
turbinates	ANATOMY	2a	2a:yt_med_seg
cortex visual	ANATOMY	2a	2a:yt_med_seg
auditory areas	ANATOMY	2a	2a:yt_med_seg
frontal regions	ANATOMY	2a	2a:yt_med_seg
locus ceruleus	ANATOMY	2a	2a:yt_med_seg
brain region	ANATOMY	2a	2a:yt_med_seg
pair of hands	ANATOMY	2a	2a:yt_med_seg
arm left	ANATOMY	2a	2a:yt_med_seg
oral pharynx	ANATOMY	2a	2a:yt_med_seg
ear structures	ANATOMY	2a	2a:yt_med_seg
common peroneal nerve	ANATOMY	2a	2a:yt_med_seg
brain covering	ANATOMY	2a	2a:yt_med_seg
toe nails	ANATOMY	2a	2a:yt_med_seg
pulmonary vasculature	ANATOMY	2a	2a:yt_med_seg
fifth metatarsal	ANATOMY	2a	2a:yt_med_seg
lims	ANATOMY	2a	2a:yt_med_seg
alveolus	ANATOMY	2a	2a:yt_med_seg
midclavicular line	ANATOMY	2a	2a:yt_med_seg
posterior cruciate ligaments	ANATOMY	2a	2a:yt_med_seg
lateral collateral ligaments	ANATOMY	2a	2a:yt_med_seg
rotator cuff muscle	ANATOMY	2a	2a:yt_med_seg
supraspinatus muscle	ANATOMY	2a	2a:yt_med_seg
supraspinatus	ANATOMY	2a	2a:yt_med_seg
infraspinatus muscle	ANATOMY	2a	2a:yt_med_seg
infraspinatus	ANATOMY	2a	2a:yt_med_seg
teres minor	ANATOMY	2a	2a:yt_med_seg
withered	ANATOMY	2a	2a:yt_med_seg
h v	ANATOMY	2a	2a:yt_med_seg
border of liver	ANATOMY	2a	2a:yt_med_seg
ophthalmology and optometry	ANATOMY	2a	2a:yt_med_seg
point of chin	ANATOMY	2a	2a:yt_med_seg
mandibular teeth	ANATOMY	2a	2a:yt_med_seg
eye iris	ANATOMY	2a	2a:yt_med_seg
uveal	ANATOMY	2a	2a:yt_med_seg
proximal stomach	ANATOMY	2a	2a:yt_med_seg
taste bud	ANATOMY	2a	2a:yt_med_seg
larynx and pharynx	ANATOMY	2a	2a:yt_med_seg
neural circuitry	ANATOMY	2a	2a:yt_med_seg
cardiac sphincter	ANATOMY	2a	2a:yt_med_seg
jejunum and ileum	ANATOMY	2a	2a:yt_med_seg
colon transverse	ANATOMY	2a	2a:yt_med_seg
colon descending	ANATOMY	2a	2a:yt_med_seg
colon sigmoid	ANATOMY	2a	2a:yt_med_seg
ileostomy	ANATOMY	2a	2a:yt_med_seg
skin of abdomen	ANATOMY	2a	2a:yt_med_seg
rectal wall	ANATOMY	2a	2a:yt_med_seg
stomach wall	ANATOMY	2a	2a:yt_med_seg
buttock muscles	ANATOMY	2a	2a:yt_med_seg
parietal regions	ANATOMY	2a	2a:yt_med_seg
posterior cingulate	ANATOMY	2a	2a:yt_med_seg
stt	ANATOMY	2a	2a:yt_med_seg
forelimbs	ANATOMY	2a	2a:yt_med_seg
snout	ANATOMY	2a	2a:yt_med_seg
jaw structure	ANATOMY	2a	2a:yt_med_seg
nail bed	ANATOMY	2a	2a:yt_med_seg
apical foramen	ANATOMY	2a	2a:yt_med_seg
blood capillaries	ANATOMY	2a	2a:yt_med_seg
apex of tooth	ANATOMY	2a	2a:yt_med_seg
second molar tooth	ANATOMY	2a	2a:yt_med_seg
gingiva	ANATOMY	2a	2a:yt_med_seg
surface of prostate	ANATOMY	2a	2a:yt_med_seg
rib cages	ANATOMY	2a	2a:yt_med_seg
right side of face	ANATOMY	2a	2a:yt_med_seg
left side of face	ANATOMY	2a	2a:yt_med_seg
stomach and small intestine	ANATOMY	2a	2a:yt_med_seg
c4 levels	ANATOMY	2a	2a:yt_med_seg
baby tooth	ANATOMY	2a	2a:yt_med_seg
nerves parasympathetic	ANATOMY	2a	2a:yt_med_seg
quadratus lumborum	ANATOMY	2a	2a:yt_med_seg
bone temporal	ANATOMY	2a	2a:yt_med_seg
transverse aorta	ANATOMY	2a	2a:yt_med_seg
brachiocephalic artery	ANATOMY	2a	2a:yt_med_seg
veins of heart	ANATOMY	2a	2a:yt_med_seg
great cardiac vein	ANATOMY	2a	2a:yt_med_seg
posterior interventricular artery	ANATOMY	2a	2a:yt_med_seg
middle cardiac vein	ANATOMY	2a	2a:yt_med_seg
neck back	ANATOMY	2a	2a:yt_med_seg
pang	ANATOMY	2a	2a:yt_med_seg
third toe	ANATOMY	2a	2a:yt_med_seg
cervical spinal column	ANATOMY	2a	2a:yt_med_seg
nerve root	ANATOMY	2a	2a:yt_med_seg
acoustic nerve	ANATOMY	2a	2a:yt_med_seg
buttocks right	ANATOMY	2a	2a:yt_med_seg
foot - right	ANATOMY	2a	2a:yt_med_seg
set of eyes	ANATOMY	2a	2a:yt_med_seg
meissner's plexus	ANATOMY	2a	2a:yt_med_seg
myenteric plexus	ANATOMY	2a	2a:yt_med_seg
duodenum and ileum	ANATOMY	2a	2a:yt_med_seg
capillary bed	ANATOMY	2a	2a:yt_med_seg
descending abdominal aorta	ANATOMY	2a	2a:yt_med_seg
arteriole	ANATOMY	2a	2a:yt_med_seg
uterine glands	ANATOMY	2a	2a:yt_med_seg
great vein	ANATOMY	2a	2a:yt_med_seg
anterior surface of cornea	ANATOMY	2a	2a:yt_med_seg
optic discs	ANATOMY	2a	2a:yt_med_seg
anterior surface of lens	ANATOMY	2a	2a:yt_med_seg
eye cornea	ANATOMY	2a	2a:yt_med_seg
optic disk	ANATOMY	2a	2a:yt_med_seg
retinal structure	ANATOMY	2a	2a:yt_med_seg
ols	ANATOMY	2a	2a:yt_med_seg
trunk muscles	ANATOMY	2a	2a:yt_med_seg
middle lobe	ANATOMY	2a	2a:yt_med_seg
ano-rectal	ANATOMY	2a	2a:yt_med_seg
spinal area x	ANATOMY	2a	2a:yt_med_seg
l5 nerve	ANATOMY	2a	2a:yt_med_seg
fourth toe	ANATOMY	2a	2a:yt_med_seg
s1 nerve	ANATOMY	2a	2a:yt_med_seg
vertebral bone	ANATOMY	2a	2a:yt_med_seg
pterion junction	ANATOMY	2a	2a:yt_med_seg
paraspinal muscles	ANATOMY	2a	2a:yt_med_seg
brow ridge	ANATOMY	2a	2a:yt_med_seg
hand wrist	ANATOMY	2a	2a:yt_med_seg
buccal fat pad	ANATOMY	2a	2a:yt_med_seg
tension lines	ANATOMY	2a	2a:yt_med_seg
hearts lungs	ANATOMY	2a	2a:yt_med_seg
brain blood barrier	ANATOMY	2a	2a:yt_med_seg
hearing mechanoreceptor	ANATOMY	2a	2a:yt_med_seg
shoulder girdle	ANATOMY	2a	2a:yt_med_seg
middle lobe of lung	ANATOMY	2a	2a:yt_med_seg
posterior chest	ANATOMY	2a	2a:yt_med_seg
zona glomerulosa	ANATOMY	2a	2a:yt_med_seg
zona fasciculata	ANATOMY	2a	2a:yt_med_seg
zona reticularis	ANATOMY	2a	2a:yt_med_seg
gallbladder fundus	ANATOMY	2a	2a:yt_med_seg
cystic artery	ANATOMY	2a	2a:yt_med_seg
infundibulum	ANATOMY	2a	2a:yt_med_seg
sthp	ANATOMY	2a	2a:yt_med_seg
parietal and occipital lobes	ANATOMY	2a	2a:yt_med_seg
parietal region	ANATOMY	2a	2a:yt_med_seg
articular part of fibula	ANATOMY	2a	2a:yt_med_seg
quadriceps tendon	ANATOMY	2a	2a:yt_med_seg
quadriceps tendons	ANATOMY	2a	2a:yt_med_seg
accumbens nucleus	ANATOMY	2a	2a:yt_med_seg
rat brain	ANATOMY	2a	2a:yt_med_seg
brain part	ANATOMY	2a	2a:yt_med_seg
isthmus of thyroid gland	ANATOMY	2a	2a:yt_med_seg
head of humerus	ANATOMY	2a	2a:yt_med_seg
nasal region	ANATOMY	2a	2a:yt_med_seg
hindlimbs	ANATOMY	2a	2a:yt_med_seg
subependymal	ANATOMY	2a	2a:yt_med_seg
carotid arteries	ANATOMY	2a	2a:yt_med_seg
brain circuit	ANATOMY	2a	2a:yt_med_seg
back of pelvis	ANATOMY	2a	2a:yt_med_seg
both kidneys	ANATOMY	2a	2a:yt_med_seg
basilar artery	ANATOMY	2a	2a:yt_med_seg
urethra part	ANATOMY	2a	2a:yt_med_seg
prerenal	ANATOMY	2a	2a:yt_med_seg
wernicke's area	ANATOMY	2a	2a:yt_med_seg
brodmann's area	ANATOMY	2a	2a:yt_med_seg
temporal gyrus	ANATOMY	2a	2a:yt_med_seg
auditory area	ANATOMY	2a	2a:yt_med_seg
angular gyrus	ANATOMY	2a	2a:yt_med_seg
lobe occipital	ANATOMY	2a	2a:yt_med_seg
arcuate fasciculus	ANATOMY	2a	2a:yt_med_seg
mouth lips	ANATOMY	2a	2a:yt_med_seg
premotor cortex	ANATOMY	2a	2a:yt_med_seg
cerebral hemisphere	ANATOMY	2a	2a:yt_med_seg
carapace	ANATOMY	2a	2a:yt_med_seg
joints ligaments	ANATOMY	2a	2a:yt_med_seg
transverse abdominal	ANATOMY	2a	2a:yt_med_seg
operculum	ANATOMY	2a	2a:yt_med_seg
lateral line	ANATOMY	2a	2a:yt_med_seg
body wall	ANATOMY	2a	2a:yt_med_seg
fat bodies	ANATOMY	2a	2a:yt_med_seg
genital systems	ANATOMY	2a	2a:yt_med_seg
diencephalon	ANATOMY	2a	2a:yt_med_seg
thoracic nerves	ANATOMY	2a	2a:yt_med_seg
sacral nerves	ANATOMY	2a	2a:yt_med_seg
veins walls	ANATOMY	2a	2a:yt_med_seg
p32	ANATOMY	2a	2a:yt_med_seg
axillary nerve	ANATOMY	2a	2a:yt_med_seg
facies	ANATOMY	2a	2a:yt_med_seg
buccinator	ANATOMY	2a	2a:yt_med_seg
nasus	ANATOMY	2a	2a:yt_med_seg
m. orbicularis oculi	ANATOMY	2a	2a:yt_med_seg
antecubital	ANATOMY	2a	2a:yt_med_seg
brachium	ANATOMY	2a	2a:yt_med_seg
antebrachium	ANATOMY	2a	2a:yt_med_seg
carpus	ANATOMY	2a	2a:yt_med_seg
pollex	ANATOMY	2a	2a:yt_med_seg
umbilical region	ANATOMY	2a	2a:yt_med_seg
inguinal canal	ANATOMY	2a	2a:yt_med_seg
coxal bones	ANATOMY	2a	2a:yt_med_seg
os coxae	ANATOMY	2a	2a:yt_med_seg
femoral region	ANATOMY	2a	2a:yt_med_seg
ankle region	ANATOMY	2a	2a:yt_med_seg
ankle bones	ANATOMY	2a	2a:yt_med_seg
tarsus	ANATOMY	2a	2a:yt_med_seg
olecranon process	ANATOMY	2a	2a:yt_med_seg
sacrum and coccyx	ANATOMY	2a	2a:yt_med_seg
olecranon fossa	ANATOMY	2a	2a:yt_med_seg
dorsal fin	ANATOMY	2a	2a:yt_med_seg
loins	ANATOMY	2a	2a:yt_med_seg
gastrocnemius muscle	ANATOMY	2a	2a:yt_med_seg
calcaneal tendon	ANATOMY	2a	2a:yt_med_seg
soleus muscle	ANATOMY	2a	2a:yt_med_seg
calcaneus	ANATOMY	2a	2a:yt_med_seg
32d	ANATOMY	2a	2a:yt_med_seg
eye right	ANATOMY	2a	2a:yt_med_seg
back hands	ANATOMY	2a	2a:yt_med_seg
pubic symphysis	ANATOMY	2a	2a:yt_med_seg
temporal cortex	ANATOMY	2a	2a:yt_med_seg
medial temporal lobe	ANATOMY	2a	2a:yt_med_seg
hands muscles	ANATOMY	2a	2a:yt_med_seg
hand muscles	ANATOMY	2a	2a:yt_med_seg
body remains	ANATOMY	2a	2a:yt_med_seg
residual stomach	ANATOMY	2a	2a:yt_med_seg
viia	ANATOMY	2a	2a:yt_med_seg
humeral head	ANATOMY	2a	2a:yt_med_seg
humeral	ANATOMY	2a	2a:yt_med_seg
pelvic floor muscle	ANATOMY	2a	2a:yt_med_seg
lunate	ANATOMY	2a	2a:yt_med_seg
gland anal	ANATOMY	2a	2a:yt_med_seg
kidney cortex	ANATOMY	2a	2a:yt_med_seg
quadrate lobe	ANATOMY	2a	2a:yt_med_seg
liver lobule	ANATOMY	2a	2a:yt_med_seg
portal veins	ANATOMY	2a	2a:yt_med_seg
branch of portal vein	ANATOMY	2a	2a:yt_med_seg
mouth and teeth	ANATOMY	2a	2a:yt_med_seg
nerve muscle preparation	ANATOMY	2a	2a:yt_med_seg
mid-brain	ANATOMY	2a	2a:yt_med_seg
ca4	ANATOMY	2a	2a:yt_med_seg
left orbit	ANATOMY	2a	2a:yt_med_seg
extraocular muscles	ANATOMY	2a	2a:yt_med_seg
clava	ANATOMY	2a	2a:yt_med_seg
atrio ventricular node	ANATOMY	2a	2a:yt_med_seg
posterior internodal tract	ANATOMY	2a	2a:yt_med_seg
anterior internodal tract	ANATOMY	2a	2a:yt_med_seg
left bundle branch	ANATOMY	2a	2a:yt_med_seg
epicardium	ANATOMY	2a	2a:yt_med_seg
left side of interventricular septum	ANATOMY	2a	2a:yt_med_seg
apex of heart	ANATOMY	2a	2a:yt_med_seg
imo	ANATOMY	2a	2a:yt_med_seg
fundic	ANATOMY	2a	2a:yt_med_seg
entire lens	ANATOMY	2a	2a:yt_med_seg
cerebral arteries	ANATOMY	2a	2a:yt_med_seg
red nucleus structure	ANATOMY	2a	2a:yt_med_seg
hip muscle	ANATOMY	2a	2a:yt_med_seg
tubers	ANATOMY	2a	2a:yt_med_seg
mlp	ANATOMY	2a	2a:yt_med_seg
afferent pathway	ANATOMY	2a	2a:yt_med_seg
finger tips	ANATOMY	2a	2a:yt_med_seg
v nerve	ANATOMY	2a	2a:yt_med_seg
left upper quadrant	ANATOMY	2a	2a:yt_med_seg
hip muscles	ANATOMY	2a	2a:yt_med_seg
peroneus	ANATOMY	2a	2a:yt_med_seg
entire kidney	ANATOMY	2a	2a:yt_med_seg
fabella	ANATOMY	2a	2a:yt_med_seg
saccule and utricle	ANATOMY	2a	2a:yt_med_seg
medial rectus muscle	ANATOMY	2a	2a:yt_med_seg
lateral rectus	ANATOMY	2a	2a:yt_med_seg
bruch's membrane	ANATOMY	2a	2a:yt_med_seg
choroidal artery	ANATOMY	2a	2a:yt_med_seg
choroidal vein	ANATOMY	2a	2a:yt_med_seg
satiety center	ANATOMY	2a	2a:yt_med_seg
arcuate nucleus of hypothalamus	ANATOMY	2a	2a:yt_med_seg
arcuate nucleus	ANATOMY	2a	2a:yt_med_seg
paravertebral region	ANATOMY	2a	2a:yt_med_seg
white ramus	ANATOMY	2a	2a:yt_med_seg
ligamentous	ANATOMY	2a	2a:yt_med_seg
superior part of scapula	ANATOMY	2a	2a:yt_med_seg
scapulae	ANATOMY	2a	2a:yt_med_seg
epicondyles	ANATOMY	2a	2a:yt_med_seg
surface of hand	ANATOMY	2a	2a:yt_med_seg
metacarpal	ANATOMY	2a	2a:yt_med_seg
palatine tonsils	ANATOMY	2a	2a:yt_med_seg
lingual tonsils	ANATOMY	2a	2a:yt_med_seg
tonsillar	ANATOMY	2a	2a:yt_med_seg
glomerular capillaries	ANATOMY	2a	2a:yt_med_seg
arteriola	ANATOMY	2a	2a:yt_med_seg
glomerular capillary	ANATOMY	2a	2a:yt_med_seg
blood vessel structure	ANATOMY	2a	2a:yt_med_seg
eye retina	ANATOMY	2a	2a:yt_med_seg
fovea	ANATOMY	2a	2a:yt_med_seg
thigh right	ANATOMY	2a	2a:yt_med_seg
root of nail	ANATOMY	2a	2a:yt_med_seg
aorta and pulmonary artery	ANATOMY	2a	2a:yt_med_seg
trigger points	ANATOMY	2a	2a:yt_med_seg
afferent arterioles	ANATOMY	2a	2a:yt_med_seg
afferent arteriole	ANATOMY	2a	2a:yt_med_seg
efferent arteriole	ANATOMY	2a	2a:yt_med_seg
juxtaglomerular apparatus	ANATOMY	2a	2a:yt_med_seg
both upper and lower extremities	ANATOMY	2a	2a:yt_med_seg
triceps tendon	ANATOMY	2a	2a:yt_med_seg
surface of foot	ANATOMY	2a	2a:yt_med_seg
bone sphenoid	ANATOMY	2a	2a:yt_med_seg
lacrimal bone	ANATOMY	2a	2a:yt_med_seg
parietal bone	ANATOMY	2a	2a:yt_med_seg
zygomatic process	ANATOMY	2a	2a:yt_med_seg
mental foramen	ANATOMY	2a	2a:yt_med_seg
mandibular condyle	ANATOMY	2a	2a:yt_med_seg
coronoid process	ANATOMY	2a	2a:yt_med_seg
hemorrhoidal plexus	ANATOMY	2a	2a:yt_med_seg
dentate line	ANATOMY	2a	2a:yt_med_seg
rectal vein	ANATOMY	2a	2a:yt_med_seg
tuber	ANATOMY	2a	2a:yt_med_seg
iai	ANATOMY	2a	2a:yt_med_seg
epigastrium	ANATOMY	2a	2a:yt_med_seg
parotids	ANATOMY	2a	2a:yt_med_seg
medial end of clavicle	ANATOMY	2a	2a:yt_med_seg
acromion process of scapula	ANATOMY	2a	2a:yt_med_seg
23s	ANATOMY	2a	2a:yt_med_seg
oral mucosal	ANATOMY	2a	2a:yt_med_seg
splenius capitis	ANATOMY	2a	2a:yt_med_seg
triquetral	ANATOMY	2a	2a:yt_med_seg
renal tubule	ANATOMY	2a	2a:yt_med_seg
renal capsule	ANATOMY	2a	2a:yt_med_seg
renal tubules	ANATOMY	2a	2a:yt_med_seg
crown of head	ANATOMY	2a	2a:yt_med_seg
nerves sympathetic	ANATOMY	2a	2a:yt_med_seg
spine thoracic	ANATOMY	2a	2a:yt_med_seg
spine lumbar	ANATOMY	2a	2a:yt_med_seg
lumbar vertebra	ANATOMY	2a	2a:yt_med_seg
nucleus pulposus	ANATOMY	2a	2a:yt_med_seg
posterior longitudinal ligament	ANATOMY	2a	2a:yt_med_seg
cegs	ANATOMY	2a	2a:yt_med_seg
facial skeleton	ANATOMY	2a	2a:yt_med_seg
anatomical zone	ANATOMY	2a	2a:yt_med_seg
set of ears	ANATOMY	2a	2a:yt_med_seg
capital physis	ANATOMY	2a	2a:yt_med_seg
oral pharyngeal	ANATOMY	2a	2a:yt_med_seg
tongue muscles	ANATOMY	2a	2a:yt_med_seg
tenth cranial nerves	ANATOMY	2a	2a:yt_med_seg
wall of oropharynx	ANATOMY	2a	2a:yt_med_seg
esophageal muscles	ANATOMY	2a	2a:yt_med_seg
esophageal wall	ANATOMY	2a	2a:yt_med_seg
apneustic center	ANATOMY	2a	2a:yt_med_seg
botzinger complex	ANATOMY	2a	2a:yt_med_seg
tracheobronchial tree	ANATOMY	2a	2a:yt_med_seg
stretch receptor	ANATOMY	2a	2a:yt_med_seg
larynx trachea	ANATOMY	2a	2a:yt_med_seg
chins	ANATOMY	2a	2a:yt_med_seg
papilla	ANATOMY	2a	2a:yt_med_seg
upper central incisor	ANATOMY	2a	2a:yt_med_seg
tibial plateau	ANATOMY	2a	2a:yt_med_seg
big toes	ANATOMY	2a	2a:yt_med_seg
second toes	ANATOMY	2a	2a:yt_med_seg
acupuncture points	ANATOMY	2a	2a:yt_med_seg
wisdom tooth	ANATOMY	2a	2a:yt_med_seg
ectodermal	ANATOMY	2a	2a:yt_med_seg
zone 1	ANATOMY	2a	2a:yt_med_seg
zone 3	ANATOMY	2a	2a:yt_med_seg
mesangium	ANATOMY	2a	2a:yt_med_seg
posterior chest wall	ANATOMY	2a	2a:yt_med_seg
hev	ANATOMY	2a	2a:yt_med_seg
philtrum	ANATOMY	2a	2a:yt_med_seg
entire globe	ANATOMY	2a	2a:yt_med_seg
fundus of uterus	ANATOMY	2a	2a:yt_med_seg
pelvic bone	ANATOMY	2a	2a:yt_med_seg
articular disc	ANATOMY	2a	2a:yt_med_seg
ureteric	ANATOMY	2a	2a:yt_med_seg
molar tooth	ANATOMY	2a	2a:yt_med_seg
hypothenar muscle	ANATOMY	2a	2a:yt_med_seg
premotor areas	ANATOMY	2a	2a:yt_med_seg
premotor area	ANATOMY	2a	2a:yt_med_seg
ventral premotor cortex	ANATOMY	2a	2a:yt_med_seg
primary motor area	ANATOMY	2a	2a:yt_med_seg
dorsal premotor cortex	ANATOMY	2a	2a:yt_med_seg
neck right side	ANATOMY	2a	2a:yt_med_seg
tail region	ANATOMY	2a	2a:yt_med_seg
fpg	ANATOMY	2a	2a:yt_med_seg
perianal region	ANATOMY	2a	2a:yt_med_seg
common duct	ANATOMY	2a	2a:yt_med_seg
acinus	ANATOMY	2a	2a:yt_med_seg
exocrine glands	ANATOMY	2a	2a:yt_med_seg
stomach esophagus	ANATOMY	2a	2a:yt_med_seg
lower nephron	ANATOMY	2a	2a:yt_med_seg
brisket	ANATOMY	2a	2a:yt_med_seg
cum	ANATOMY	2a	2a:yt_med_seg
atrioventricular valves	ANATOMY	2a	2a:yt_med_seg
deltoid tuberosity	ANATOMY	2a	2a:yt_med_seg
lesser tubercle	ANATOMY	2a	2a:yt_med_seg
coronoid fossa	ANATOMY	2a	2a:yt_med_seg
epicondyle	ANATOMY	2a	2a:yt_med_seg
fascial layer	ANATOMY	2a	2a:yt_med_seg
eardrums	ANATOMY	2a	2a:yt_med_seg
right heel	ANATOMY	2a	2a:yt_med_seg
buttocks muscles	ANATOMY	2a	2a:yt_med_seg
knee's	ANATOMY	2a	2a:yt_med_seg
10s	ANATOMY	2a	2a:yt_med_seg
oxyntic gland	ANATOMY	2a	2a:yt_med_seg
lens capsule	ANATOMY	2a	2a:yt_med_seg
region ca1	ANATOMY	2a	2a:yt_med_seg
iras	ANATOMY	2a	2a:yt_med_seg
instep	ANATOMY	2a	2a:yt_med_seg
hip bones	ANATOMY	2a	2a:yt_med_seg
acetabula	ANATOMY	2a	2a:yt_med_seg
cochlear nucleus	ANATOMY	2a	2a:yt_med_seg
eustachian tubes	ANATOMY	2a	2a:yt_med_seg
eustachian tube	ANATOMY	2a	2a:yt_med_seg
tensor veli palatini	ANATOMY	2a	2a:yt_med_seg
occipital cortex	ANATOMY	2a	2a:yt_med_seg
region of nerve	ANATOMY	2a	2a:yt_med_seg
suprachiasmatic nucleus	ANATOMY	2a	2a:yt_med_seg
frontal eye fields	ANATOMY	2a	2a:yt_med_seg
parietal area	ANATOMY	2a	2a:yt_med_seg
frontal region	ANATOMY	2a	2a:yt_med_seg
tear gland	ANATOMY	2a	2a:yt_med_seg
tear duct	ANATOMY	2a	2a:yt_med_seg
little toes	ANATOMY	2a	2a:yt_med_seg
esophageal muscle	ANATOMY	2a	2a:yt_med_seg
tongue part	ANATOMY	2a	2a:yt_med_seg
lip part	ANATOMY	2a	2a:yt_med_seg
entire tongue	ANATOMY	2a	2a:yt_med_seg
mixed nerve	ANATOMY	2a	2a:yt_med_seg
vestibulocochlear nerve	ANATOMY	2a	2a:yt_med_seg
posterior third of tongue	ANATOMY	2a	2a:yt_med_seg
external acoustic canal	ANATOMY	2a	2a:yt_med_seg
muscles of tongue	ANATOMY	2a	2a:yt_med_seg
trochlear groove	ANATOMY	2a	2a:yt_med_seg
tibial tubercle	ANATOMY	2a	2a:yt_med_seg
throat and neck	ANATOMY	2a	2a:yt_med_seg
carotid sinus	ANATOMY	2a	2a:yt_med_seg
iris muscle	ANATOMY	2a	2a:yt_med_seg
middle cerebral artery	ANATOMY	2a	2a:yt_med_seg
branch of ophthalmic artery	ANATOMY	2a	2a:yt_med_seg
type of vessel	ANATOMY	2a	2a:yt_med_seg
smooth muscle layer	ANATOMY	2a	2a:yt_med_seg
feathering	ANATOMY	2a	2a:yt_med_seg
both knees	ANATOMY	2a	2a:yt_med_seg
lateral femoral condyle	ANATOMY	2a	2a:yt_med_seg
anterior aspect of knee	ANATOMY	2a	2a:yt_med_seg
medial femoral condyle	ANATOMY	2a	2a:yt_med_seg
anserine bursa	ANATOMY	2a	2a:yt_med_seg
calcaneal tubercle	ANATOMY	2a	2a:yt_med_seg
interphalangeal joints	ANATOMY	2a	2a:yt_med_seg
papillary muscles	ANATOMY	2a	2a:yt_med_seg
lpl	ANATOMY	2a	2a:yt_med_seg
basal ganglia circuit	ANATOMY	2a	2a:yt_med_seg
globus pallidus internal segment	ANATOMY	2a	2a:yt_med_seg
caudal one third of stomach	ANATOMY	2a	2a:yt_med_seg
bilateral breast	ANATOMY	2a	2a:yt_med_seg
right lateral ventricle	ANATOMY	2a	2a:yt_med_seg
left interventricular foramen	ANATOMY	2a	2a:yt_med_seg
ependymal	ANATOMY	2a	2a:yt_med_seg
bones of foot	ANATOMY	2a	2a:yt_med_seg
skin of chin	ANATOMY	2a	2a:yt_med_seg
surface of incisive fossa	ANATOMY	2a	2a:yt_med_seg
anal gland	ANATOMY	2a	2a:yt_med_seg
pag	ANATOMY	2a	2a:yt_med_seg
internal obliques	ANATOMY	2a	2a:yt_med_seg
aortic sinus	ANATOMY	2a	2a:yt_med_seg
breast duct	ANATOMY	2a	2a:yt_med_seg
temporomandibular joint	ANATOMY	2a	2a:yt_med_seg
entire head	ANATOMY	2a	2a:yt_med_seg
vomer bone	ANATOMY	2a	2a:yt_med_seg
facial nerves	ANATOMY	2a	2a:yt_med_seg
left nostril	ANATOMY	2a	2a:yt_med_seg
prosencephalon	ANATOMY	2a	2a:yt_med_seg
forebrain	ANATOMY	2a	2a:yt_med_seg
motor strip	ANATOMY	2a	2a:yt_med_seg
bronchial tree	ANATOMY	2a	2a:yt_med_seg
tracheo-	ANATOMY	2a	2a:yt_med_seg
lml	ANATOMY	2a	2a:yt_med_seg
esophageal lower sphincter	ANATOMY	2a	2a:yt_med_seg
set of hands	ANATOMY	2a	2a:yt_med_seg
organ of body	ANATOMY	2a	2a:yt_med_seg
orbital area	ANATOMY	2a	2a:yt_med_seg
finger right	ANATOMY	2a	2a:yt_med_seg
brain pathway	ANATOMY	2a	2a:yt_med_seg
ears nose throat	ANATOMY	2a	2a:yt_med_seg
pectoralis muscle	ANATOMY	2a	2a:yt_med_seg
seashells	ANATOMY	2a	2a:yt_med_seg
psg	ANATOMY	2a	2a:yt_med_seg
ahi	ANATOMY	2a	2a:yt_med_seg
submandibular lymph nodes	ANATOMY	2a	2a:yt_med_seg
ramus of mandible	ANATOMY	2a	2a:yt_med_seg
nodes lymph	ANATOMY	2a	2a:yt_med_seg
sp10	ANATOMY	2a	2a:yt_med_seg
part of tooth	ANATOMY	2a	2a:yt_med_seg
tooth surface	ANATOMY	2a	2a:yt_med_seg
incisal edge	ANATOMY	2a	2a:yt_med_seg
png	ANATOMY	2a	2a:yt_med_seg
levator palpebrae superioris muscle	ANATOMY	3a	3a:syn_dict
dorsum of right foot	ANATOMY	3a	3a:syn_dict
axillary hair	ANATOMY	3a	3a:syn_dict
mandibular region	ANATOMY	3a	3a:syn_dict
dorsal surfaces of fingers	ANATOMY	3a	3a:syn_dict
extremities skin	ANATOMY	3a	3a:syn_dict
tricuspid valves	ANATOMY	3a	3a:syn_dict
left lower leg	ANATOMY	3a	3a:syn_dict
dome of diaphragm	ANATOMY	3a	3a:syn_dict
dome of liver	ANATOMY	3a	3a:syn_dict
suprapubic	ANATOMY	3a	3a:syn_dict
second costal cartilage	ANATOMY	3a	3a:syn_dict
right scapular region	ANATOMY	3a	3a:syn_dict
right psoas muscle	ANATOMY	3a	3a:syn_dict
penile root	ANATOMY	3a	3a:syn_dict
axillary region	ANATOMY	3a	3a:syn_dict
right femoral neck	ANATOMY	3a	3a:syn_dict
temporal horn	ANATOMY	3a	3a:syn_dict
anterior lens capsule	ANATOMY	3a	3a:syn_dict
tarsal conjunctiva	ANATOMY	3a	3a:syn_dict
inferior tarsus	ANATOMY	3a	3a:syn_dict
right palm	ANATOMY	3a	3a:syn_dict
bilateral breasts	ANATOMY	3a	3a:syn_dict
maxillae	ANATOMY	3a	3a:syn_dict
left testicle	ANATOMY	3a	3a:syn_dict
orbital roof	ANATOMY	3a	3a:syn_dict
cranial base	ANATOMY	3a	3a:syn_dict
perirectal	ANATOMY	3a	3a:syn_dict
biliary tree	ANATOMY	3a	3a:syn_dict
t9 level	ANATOMY	3a	3a:syn_dict
lateral wall of bladder	ANATOMY	3a	3a:syn_dict
third of ureter	ANATOMY	3a	3a:syn_dict
thoracolumbar spine	ANATOMY	3a	3a:syn_dict
biliary tract	ANATOMY	3a	3a:syn_dict
left preauricular region	ANATOMY	3a	3a:syn_dict
left temporal region	ANATOMY	3a	3a:syn_dict
subclavicular region	ANATOMY	3a	3a:syn_dict
colon left	ANATOMY	3a	3a:syn_dict
right frontotemporale	ANATOMY	3a	3a:syn_dict
hypogastric region	ANATOMY	3a	3a:syn_dict
mandibular area	ANATOMY	3a	3a:syn_dict
anterior temporal lobes	ANATOMY	3a	3a:syn_dict
cerebral white matter	ANATOMY	3a	3a:syn_dict
ruq	ANATOMY	3a	3a:syn_dict
bilateral kidneys	ANATOMY	3a	3a:syn_dict
left temporoparietalis	ANATOMY	3a	3a:syn_dict
nuchal region	ANATOMY	3a	3a:syn_dict
auricles	ANATOMY	3a	3a:syn_dict
left lower parathyroid gland	ANATOMY	3a	3a:syn_dict
third metatarsal bone	ANATOMY	3a	3a:syn_dict
second metatarsal	ANATOMY	3a	3a:syn_dict
anterior horn	ANATOMY	3a	3a:syn_dict
suprasellar	ANATOMY	3a	3a:syn_dict
left frontalis	ANATOMY	3a	3a:syn_dict
great toes	ANATOMY	3a	3a:syn_dict
right axilla	ANATOMY	3a	3a:syn_dict
spinal involvement	ANATOMY	3a	3a:syn_dict
left anterior chest	ANATOMY	3a	3a:syn_dict
left femoral head	ANATOMY	3a	3a:syn_dict
both lower legs	ANATOMY	3a	3a:syn_dict
left eyebrow	ANATOMY	3a	3a:syn_dict
leptomeningeal	ANATOMY	3a	3a:syn_dict
auditory canal	ANATOMY	3a	3a:syn_dict
optic nerve head	ANATOMY	3a	3a:syn_dict
right bronchial tree	ANATOMY	3a	3a:syn_dict
terminal ileum	ANATOMY	3a	3a:syn_dict
right inferior pulmonary vein	ANATOMY	3a	3a:syn_dict
left superior pulmonary vein	ANATOMY	3a	3a:syn_dict
right femoral diaphysis	ANATOMY	3a	3a:syn_dict
both lower extremities	ANATOMY	3a	3a:syn_dict
porta hepatis	ANATOMY	3a	3a:syn_dict
azygos vein	ANATOMY	3a	3a:syn_dict
left iliacus muscle	ANATOMY	3a	3a:syn_dict
biliary system	ANATOMY	3a	3a:syn_dict
costal margin	ANATOMY	3a	3a:syn_dict
extrahepatic bile ducts	ANATOMY	3a	3a:syn_dict
hepatic lobes	ANATOMY	3a	3a:syn_dict
right temporalis	ANATOMY	3a	3a:syn_dict
bilateral lung bases	ANATOMY	3a	3a:syn_dict
left optic canal	ANATOMY	3a	3a:syn_dict
region of finger	ANATOMY	3a	3a:syn_dict
flexor tendons	ANATOMY	3a	3a:syn_dict
volar	ANATOMY	3a	3a:syn_dict
maxilla and mandible	ANATOMY	3a	3a:syn_dict
iliac lymph nodes	ANATOMY	3a	3a:syn_dict
abdominal skin	ANATOMY	3a	3a:syn_dict
bilateral ovaries	ANATOMY	3a	3a:syn_dict
pelvic brim	ANATOMY	3a	3a:syn_dict
mesenteric lymph node	ANATOMY	3a	3a:syn_dict
colon lymph node	ANATOMY	3a	3a:syn_dict
hepatic parenchyma	ANATOMY	3a	3a:syn_dict
basal meninges	ANATOMY	3a	3a:syn_dict
right posterior cerebral artery	ANATOMY	3a	3a:syn_dict
occipital region	ANATOMY	3a	3a:syn_dict
sagittal sinus	ANATOMY	3a	3a:syn_dict
wrist region	ANATOMY	3a	3a:syn_dict
right deltoid	ANATOMY	3a	3a:syn_dict
right scapula	ANATOMY	3a	3a:syn_dict
left piriformis muscle	ANATOMY	3a	3a:syn_dict
right humerus	ANATOMY	3a	3a:syn_dict
dorsum of penis	ANATOMY	3a	3a:syn_dict
right upper eyelid	ANATOMY	3a	3a:syn_dict
left ureter	ANATOMY	3a	3a:syn_dict
segment iv of liver	ANATOMY	3a	3a:syn_dict
cerebellar tonsils	ANATOMY	3a	3a:syn_dict
colon mucosa	ANATOMY	3a	3a:syn_dict
transplanted liver	ANATOMY	3a	3a:syn_dict
splenic capsule	ANATOMY	3a	3a:syn_dict
cricopharyngeus muscle	ANATOMY	3a	3a:syn_dict
esophagogastric	ANATOMY	3a	3a:syn_dict
mesencephalon	ANATOMY	3a	3a:syn_dict
mesencephalic	ANATOMY	3a	3a:syn_dict
subscapularis muscle	ANATOMY	3a	3a:syn_dict
rlq	ANATOMY	3a	3a:syn_dict
jejunal	ANATOMY	3a	3a:syn_dict
left maxilla	ANATOMY	3a	3a:syn_dict
periorbital region	ANATOMY	3a	3a:syn_dict
right breast skin	ANATOMY	3a	3a:syn_dict
sphenoid sinus	ANATOMY	3a	3a:syn_dict
hemidiaphragms	ANATOMY	3a	3a:syn_dict
lateral thigh	ANATOMY	3a	3a:syn_dict
pancreatic body	ANATOMY	3a	3a:syn_dict
femoropopliteal vein	ANATOMY	3a	3a:syn_dict
precordium	ANATOMY	3a	3a:syn_dict
interscapular region	ANATOMY	3a	3a:syn_dict
motor pathways	ANATOMY	3a	3a:syn_dict
tibial metaphysis	ANATOMY	3a	3a:syn_dict
spo	ANATOMY	3a	3a:syn_dict
retroperitoneal region	ANATOMY	3a	3a:syn_dict
right lower lung field	ANATOMY	3a	3a:syn_dict
right testicle	ANATOMY	3a	3a:syn_dict
right antecubital fossa	ANATOMY	3a	3a:syn_dict
right areola	ANATOMY	3a	3a:syn_dict
sigmoid colon wall	ANATOMY	3a	3a:syn_dict
biliary duct	ANATOMY	3a	3a:syn_dict
left lung field	ANATOMY	3a	3a:syn_dict
left inguinal region	ANATOMY	3a	3a:syn_dict
upper third of ureter	ANATOMY	3a	3a:syn_dict
left striatum	ANATOMY	3a	3a:syn_dict
posterior renal fascia	ANATOMY	3a	3a:syn_dict
perirenal fat	ANATOMY	3a	3a:syn_dict
epididymo	ANATOMY	3a	3a:syn_dict
right iliac region	ANATOMY	3a	3a:syn_dict
right costal margin	ANATOMY	3a	3a:syn_dict
nipple line	ANATOMY	3a	3a:syn_dict
trunk and extremities	ANATOMY	3a	3a:syn_dict
vascular plexus	ANATOMY	3a	3a:syn_dict
periumbilical region	ANATOMY	3a	3a:syn_dict
labial mucosa	ANATOMY	3a	3a:syn_dict
tooth 12	ANATOMY	3a	3a:syn_dict
entire right leg	ANATOMY	3a	3a:syn_dict
right cheek	ANATOMY	3a	3a:syn_dict
brachioradialis	ANATOMY	3a	3a:syn_dict
shaft of right clavicle	ANATOMY	3a	3a:syn_dict
right arm or hand	ANATOMY	3a	3a:syn_dict
jejunal wall	ANATOMY	3a	3a:syn_dict
caudate lobe of liver	ANATOMY	3a	3a:syn_dict
right plantar surface	ANATOMY	3a	3a:syn_dict
inferior alveolar nerve	ANATOMY	3a	3a:syn_dict
periodontal ligament	ANATOMY	3a	3a:syn_dict
st8	ANATOMY	3a	3a:syn_dict
lacrimal fossa	ANATOMY	3a	3a:syn_dict
left lateral rectus muscle	ANATOMY	3a	3a:syn_dict
left medial rectus muscle	ANATOMY	3a	3a:syn_dict
entire leg	ANATOMY	3a	3a:syn_dict
hollow viscus	ANATOMY	3a	3a:syn_dict
left upper eyelid	ANATOMY	3a	3a:syn_dict
retrosternal region	ANATOMY	3a	3a:syn_dict
duodenum and colon	ANATOMY	3a	3a:syn_dict
c6 level	ANATOMY	3a	3a:syn_dict
left brachial artery	ANATOMY	3a	3a:syn_dict
left upper arm	ANATOMY	3a	3a:syn_dict
arm region	ANATOMY	3a	3a:syn_dict
intertrochanteric	ANATOMY	3a	3a:syn_dict
lateral rectus muscle	ANATOMY	3a	3a:syn_dict
left eyelid	ANATOMY	3a	3a:syn_dict
left testis	ANATOMY	3a	3a:syn_dict
hypogastrium	ANATOMY	3a	3a:syn_dict
retroperitoneal lymph node	ANATOMY	3a	3a:syn_dict
gastric body	ANATOMY	3a	3a:syn_dict
centrum semiovale	ANATOMY	3a	3a:syn_dict
aortic valve annulus	ANATOMY	3a	3a:syn_dict
ventricular wall	ANATOMY	3a	3a:syn_dict
inferior turbinates	ANATOMY	3a	3a:syn_dict
anterior maxilla	ANATOMY	3a	3a:syn_dict
nasal turbinates	ANATOMY	3a	3a:syn_dict
tibial shaft	ANATOMY	3a	3a:syn_dict
right nostril	ANATOMY	3a	3a:syn_dict
caput	ANATOMY	3a	3a:syn_dict
right middle cerebral artery	ANATOMY	3a	3a:syn_dict
right parietal region	ANATOMY	3a	3a:syn_dict
left iliac crest	ANATOMY	3a	3a:syn_dict
extragonadal	ANATOMY	3a	3a:syn_dict
cornea of right eye	ANATOMY	3a	3a:syn_dict
luq	ANATOMY	3a	3a:syn_dict
permanent tooth	ANATOMY	3a	3a:syn_dict
vaginal fornix	ANATOMY	3a	3a:syn_dict
cecal	ANATOMY	3a	3a:syn_dict
back muscle	ANATOMY	3a	3a:syn_dict
mandibular canine	ANATOMY	3a	3a:syn_dict
radial neck	ANATOMY	3a	3a:syn_dict
left popliteal vein	ANATOMY	3a	3a:syn_dict
stellate ganglion	ANATOMY	3a	3a:syn_dict
paraumbilical veins	ANATOMY	3a	3a:syn_dict
left gluteal region	ANATOMY	3a	3a:syn_dict
carotid bifurcation	ANATOMY	3a	3a:syn_dict
right carotid body	ANATOMY	3a	3a:syn_dict
left carotid body	ANATOMY	3a	3a:syn_dict
right temporal region	ANATOMY	3a	3a:syn_dict
uncinate process	ANATOMY	3a	3a:syn_dict
left psoas muscle	ANATOMY	3a	3a:syn_dict
left lung base	ANATOMY	3a	3a:syn_dict
pudendal artery	ANATOMY	3a	3a:syn_dict
left facial nerve	ANATOMY	3a	3a:syn_dict
right testis	ANATOMY	3a	3a:syn_dict
duodenal folds	ANATOMY	3a	3a:syn_dict
right middle finger	ANATOMY	3a	3a:syn_dict
right ureter	ANATOMY	3a	3a:syn_dict
palmar surface	ANATOMY	3a	3a:syn_dict
border of mandible	ANATOMY	3a	3a:syn_dict
supraclavicular region	ANATOMY	3a	3a:syn_dict
gluteal regions	ANATOMY	3a	3a:syn_dict
right lateral rectus muscle	ANATOMY	3a	3a:syn_dict
muscularis propria	ANATOMY	3a	3a:syn_dict
left cheek	ANATOMY	3a	3a:syn_dict
right upper lobar bronchus	ANATOMY	3a	3a:syn_dict
paratracheal lymph nodes	ANATOMY	3a	3a:syn_dict
left trigeminal nerve	ANATOMY	3a	3a:syn_dict
right pupil	ANATOMY	3a	3a:syn_dict
left olecranon	ANATOMY	3a	3a:syn_dict
llq	ANATOMY	3a	3a:syn_dict
temporal region	ANATOMY	3a	3a:syn_dict
left orbitale	ANATOMY	3a	3a:syn_dict
hepatic vasculature	ANATOMY	3a	3a:syn_dict
second portion of duodenum	ANATOMY	3a	3a:syn_dict
right hypochondrium	ANATOMY	3a	3a:syn_dict
pancreatic tail	ANATOMY	3a	3a:syn_dict
gastric wall	ANATOMY	3a	3a:syn_dict
left parietal bone	ANATOMY	3a	3a:syn_dict
calvaria	ANATOMY	3a	3a:syn_dict
left femur	ANATOMY	3a	3a:syn_dict
thoracic spinal cord	ANATOMY	3a	3a:syn_dict
shaft humerus	ANATOMY	3a	3a:syn_dict
floor of left orbit	ANATOMY	3a	3a:syn_dict
superior pole	ANATOMY	3a	3a:syn_dict
inferior pole	ANATOMY	3a	3a:syn_dict
sacrococcygeal	ANATOMY	3a	3a:syn_dict
right parietal lobe	ANATOMY	3a	3a:syn_dict
margin of spleen	ANATOMY	3a	3a:syn_dict
intracranial anatomy	ANATOMY	3a	3a:syn_dict
lumbar spinous process	ANATOMY	3a	3a:syn_dict
bladder mucosa	ANATOMY	3a	3a:syn_dict
inguinal ring	ANATOMY	3a	3a:syn_dict
infrarenal aorta	ANATOMY	3a	3a:syn_dict
sinuses and orbit	ANATOMY	3a	3a:syn_dict
gastric fundus	ANATOMY	3a	3a:syn_dict
left costal margin	ANATOMY	3a	3a:syn_dict
paraspinal muscle	ANATOMY	3a	3a:syn_dict
left zygomatic region	ANATOMY	3a	3a:syn_dict
right masseter	ANATOMY	3a	3a:syn_dict
right ventricular outflow tract	ANATOMY	3a	3a:syn_dict
wall of right atrium	ANATOMY	3a	3a:syn_dict
arteriovenous shunt	ANATOMY	3a	3a:syn_dict
left lateral ventricle	ANATOMY	3a	3a:syn_dict
mitral annulus	ANATOMY	3a	3a:syn_dict
external auditory canals	ANATOMY	3a	3a:syn_dict
nasal bridge	ANATOMY	3a	3a:syn_dict
raphe of scrotum	ANATOMY	3a	3a:syn_dict
penile shaft	ANATOMY	3a	3a:syn_dict
median raphe	ANATOMY	3a	3a:syn_dict
right hepatic lobe	ANATOMY	3a	3a:syn_dict
right renal pelvis	ANATOMY	3a	3a:syn_dict
left submandibular lymph node	ANATOMY	3a	3a:syn_dict
left frontotemporale	ANATOMY	3a	3a:syn_dict
right macula	ANATOMY	3a	3a:syn_dict
left macula	ANATOMY	3a	3a:syn_dict
left seminal vesicle	ANATOMY	3a	3a:syn_dict
mesosigmoid	ANATOMY	3a	3a:syn_dict
posterior mitral leaflet	ANATOMY	3a	3a:syn_dict
left hepatic lobe	ANATOMY	3a	3a:syn_dict
flexor digitorum muscle	ANATOMY	3a	3a:syn_dict
tibial diaphysis	ANATOMY	3a	3a:syn_dict
pterygoid muscle	ANATOMY	3a	3a:syn_dict
occipital horn	ANATOMY	3a	3a:syn_dict
tentorium	ANATOMY	3a	3a:syn_dict
temporal regions	ANATOMY	3a	3a:syn_dict
right frontalis	ANATOMY	3a	3a:syn_dict
peroneal nerves	ANATOMY	3a	3a:syn_dict
affected site	ANATOMY	3a	3a:syn_dict
left posterior cerebral artery	ANATOMY	3a	3a:syn_dict
right common carotid artery	ANATOMY	3a	3a:syn_dict
anterior choroidal artery	ANATOMY	3a	3a:syn_dict
internal cerebral vein	ANATOMY	3a	3a:syn_dict
carotid siphon	ANATOMY	3a	3a:syn_dict
vertebrobasilar	ANATOMY	3a	3a:syn_dict
right liver lobe	ANATOMY	3a	3a:syn_dict
left liver lobe	ANATOMY	3a	3a:syn_dict
oculus uterque	ANATOMY	3a	3a:syn_dict
retroorbital	ANATOMY	3a	3a:syn_dict
ligament of treitz	ANATOMY	3a	3a:syn_dict
anterior chest wall	ANATOMY	3a	3a:syn_dict
right ventricular free wall	ANATOMY	3a	3a:syn_dict
renal fossa	ANATOMY	3a	3a:syn_dict
left vestibular fold	ANATOMY	3a	3a:syn_dict
right gluteal region	ANATOMY	3a	3a:syn_dict
left hemiscrotum	ANATOMY	3a	3a:syn_dict
scrotal skin	ANATOMY	3a	3a:syn_dict
anterior abdominal wall musculature	ANATOMY	3a	3a:syn_dict
resection margins	ANATOMY	3a	3a:syn_dict
reticular dermis	ANATOMY	3a	3a:syn_dict
left anterior cerebral artery	ANATOMY	3a	3a:syn_dict
internal carotid artery	ANATOMY	3a	3a:syn_dict
lobe of right lung	ANATOMY	3a	3a:syn_dict
corpus cavernosum	ANATOMY	3a	3a:syn_dict
orofacial	ANATOMY	3a	3a:syn_dict
right pectoral region	ANATOMY	3a	3a:syn_dict
mesenteric nodes	ANATOMY	3a	3a:syn_dict
maxillary canine	ANATOMY	3a	3a:syn_dict
left internal capsule	ANATOMY	3a	3a:syn_dict
left thalamus	ANATOMY	3a	3a:syn_dict
right hypochondriac region	ANATOMY	3a	3a:syn_dict
intercalated duct	ANATOMY	3a	3a:syn_dict
peripheral retina	ANATOMY	3a	3a:syn_dict
right eyelid	ANATOMY	3a	3a:syn_dict
upper incisor	ANATOMY	3a	3a:syn_dict
bicuspid valve	ANATOMY	3a	3a:syn_dict
vestibular cortex	ANATOMY	3a	3a:syn_dict
third phalanx	ANATOMY	3a	3a:syn_dict
viscus	ANATOMY	3a	3a:syn_dict
left antecubital fossa	ANATOMY	3a	3a:syn_dict
cervical region	ANATOMY	3a	3a:syn_dict
right tibia	ANATOMY	3a	3a:syn_dict
left vas deferens	ANATOMY	3a	3a:syn_dict
splenic hilum	ANATOMY	3a	3a:syn_dict
subphrenic	ANATOMY	3a	3a:syn_dict
suprascapular region	ANATOMY	3a	3a:syn_dict
dural sinuses	ANATOMY	3a	3a:syn_dict
papillary ridges	ANATOMY	3a	3a:syn_dict
head of epididymis	ANATOMY	3a	3a:syn_dict
tunica vaginalis	ANATOMY	3a	3a:syn_dict
ocb	ANATOMY	3a	3a:syn_dict
periocular area	ANATOMY	3a	3a:syn_dict
paravertebral muscles	ANATOMY	3a	3a:syn_dict
left middle cerebral artery	ANATOMY	3a	3a:syn_dict
central retinal artery	ANATOMY	3a	3a:syn_dict
retrocecal appendix	ANATOMY	3a	3a:syn_dict
lateral cervical region	ANATOMY	3a	3a:syn_dict
serosal	ANATOMY	3a	3a:syn_dict
submandibular area	ANATOMY	3a	3a:syn_dict
lower dental arch	ANATOMY	3a	3a:syn_dict
ostium secundum	ANATOMY	3a	3a:syn_dict
greater sphenoid wing	ANATOMY	3a	3a:syn_dict
left temporalis	ANATOMY	3a	3a:syn_dict
tooth 13	ANATOMY	3a	3a:syn_dict
metacarpal bones	ANATOMY	3a	3a:syn_dict
deltoid muscle	ANATOMY	3a	3a:syn_dict
diaphyses	ANATOMY	3a	3a:syn_dict
ulna	ANATOMY	3a	3a:syn_dict
fifth finger	ANATOMY	3a	3a:syn_dict
lym	ANATOMY	3a	3a:syn_dict
fifth fingers	ANATOMY	3a	3a:syn_dict
vaginal wall	ANATOMY	3a	3a:syn_dict
scrotal sac	ANATOMY	3a	3a:syn_dict
sternal manubrium	ANATOMY	3a	3a:syn_dict
ccb	ANATOMY	3a	3a:syn_dict
right quadratus lumborum	ANATOMY	3a	3a:syn_dict
superior rectus	ANATOMY	3a	3a:syn_dict
triceps muscle	ANATOMY	3a	3a:syn_dict
bony process	ANATOMY	3a	3a:syn_dict
left shin	ANATOMY	3a	3a:syn_dict
left renal parenchyma	ANATOMY	3a	3a:syn_dict
temporal bones	ANATOMY	3a	3a:syn_dict
periampullary region	ANATOMY	3a	3a:syn_dict
duct of wirsung	ANATOMY	3a	3a:syn_dict
left superior vena cava	ANATOMY	3a	3a:syn_dict
lanugo hair	ANATOMY	3a	3a:syn_dict
anterior triangle	ANATOMY	3a	3a:syn_dict
inferior rectus muscle	ANATOMY	3a	3a:syn_dict
proximal muscle	ANATOMY	3a	3a:syn_dict
fifth toe	ANATOMY	3a	3a:syn_dict
mandibular body	ANATOMY	3a	3a:syn_dict
dentition mixed	ANATOMY	3a	3a:syn_dict
distal root	ANATOMY	3a	3a:syn_dict
lower molar	ANATOMY	3a	3a:syn_dict
mandibular nerve	ANATOMY	3a	3a:syn_dict
pharyngeal mucosa	ANATOMY	3a	3a:syn_dict
left lens	ANATOMY	3a	3a:syn_dict
anal margin	ANATOMY	3a	3a:syn_dict
occipital region of scalp	ANATOMY	3a	3a:syn_dict
region of neck	ANATOMY	3a	3a:syn_dict
pectoral muscle	ANATOMY	3a	3a:syn_dict
lateral circumflex femoral artery	ANATOMY	3a	3a:syn_dict
sternoclavicular joint	ANATOMY	3a	3a:syn_dict
costal arch	ANATOMY	3a	3a:syn_dict
pituitary stalk	ANATOMY	3a	3a:syn_dict
mediastinal pleura	ANATOMY	3a	3a:syn_dict
inferior turbinate	ANATOMY	3a	3a:syn_dict
left hypochondrium	ANATOMY	3a	3a:syn_dict
left auricle	ANATOMY	3a	3a:syn_dict
innominate veins	ANATOMY	3a	3a:syn_dict
retinal vessels	ANATOMY	3a	3a:syn_dict
skin appendages	ANATOMY	3a	3a:syn_dict
pubic region	ANATOMY	3a	3a:syn_dict
greater tuberosity	ANATOMY	3a	3a:syn_dict
proximal humerus	ANATOMY	3a	3a:syn_dict
submaxillary region	ANATOMY	3a	3a:syn_dict
right lacrimal gland	ANATOMY	3a	3a:syn_dict
infratemporal region	ANATOMY	3a	3a:syn_dict
cerebral convexity	ANATOMY	3a	3a:syn_dict
submandibular nodes	ANATOMY	3a	3a:syn_dict
phallus	ANATOMY	3a	3a:syn_dict
olecranon bursa	ANATOMY	3a	3a:syn_dict
bilateral adrenal gland	ANATOMY	3a	3a:syn_dict
suprapubic region	ANATOMY	3a	3a:syn_dict
fourth digit	ANATOMY	3a	3a:syn_dict
thigh musculature	ANATOMY	3a	3a:syn_dict
anterior perirenal fascia	ANATOMY	3a	3a:syn_dict
hepatic veins	ANATOMY	3a	3a:syn_dict
pulmonary trunk	ANATOMY	3a	3a:syn_dict
internal maxillary artery	ANATOMY	3a	3a:syn_dict
pterygoid plexus	ANATOMY	3a	3a:syn_dict
medial brachial cutaneous nerve	ANATOMY	3a	3a:syn_dict
petrous apex	ANATOMY	3a	3a:syn_dict
left external carotid artery	ANATOMY	3a	3a:syn_dict
pterygoid venous plexus	ANATOMY	3a	3a:syn_dict
left facial artery	ANATOMY	3a	3a:syn_dict
capillary vessels	ANATOMY	3a	3a:syn_dict
left pupil	ANATOMY	3a	3a:syn_dict
vitreous chamber	ANATOMY	3a	3a:syn_dict
middle mediastinum	ANATOMY	3a	3a:syn_dict
right second toe	ANATOMY	3a	3a:syn_dict
left renal vessels	ANATOMY	3a	3a:syn_dict
proximal ulna	ANATOMY	3a	3a:syn_dict
rll	ANATOMY	3a	3a:syn_dict
left lateral rectus	ANATOMY	3a	3a:syn_dict
c5 level	ANATOMY	3a	3a:syn_dict
iliac vessel	ANATOMY	3a	3a:syn_dict
rectovesicalis	ANATOMY	3a	3a:syn_dict
gland submandibular	ANATOMY	3a	3a:syn_dict
tooth 24	ANATOMY	3a	3a:syn_dict
tooth 22	ANATOMY	3a	3a:syn_dict
peroneal artery	ANATOMY	3a	3a:syn_dict
gingival margins	ANATOMY	3a	3a:syn_dict
right orbitale	ANATOMY	3a	3a:syn_dict
right lower eyelid	ANATOMY	3a	3a:syn_dict
roof of right orbit	ANATOMY	3a	3a:syn_dict
lig	ANATOMY	3a	3a:syn_dict
right optic nerve	ANATOMY	3a	3a:syn_dict
rectovaginal septum	ANATOMY	3a	3a:syn_dict
cervical regions	ANATOMY	3a	3a:syn_dict
carpal bone	ANATOMY	3a	3a:syn_dict
diaper area	ANATOMY	3a	3a:syn_dict
left temple	ANATOMY	3a	3a:syn_dict
t8 dermatome	ANATOMY	3a	3a:syn_dict
foot muscle	ANATOMY	3a	3a:syn_dict
shoulder region	ANATOMY	3a	3a:syn_dict
frontal scalp	ANATOMY	3a	3a:syn_dict
first toe	ANATOMY	3a	3a:syn_dict
sacral spine	ANATOMY	3a	3a:syn_dict
anterior leaflet of mitral valve	ANATOMY	3a	3a:syn_dict
gland submaxillary	ANATOMY	3a	3a:syn_dict
right submandibular area	ANATOMY	3a	3a:syn_dict
left spermatic cord	ANATOMY	3a	3a:syn_dict
male external genitalia	ANATOMY	3a	3a:syn_dict
right hemiscrotum	ANATOMY	3a	3a:syn_dict
inguinal canals	ANATOMY	3a	3a:syn_dict
right parietal bone	ANATOMY	3a	3a:syn_dict
t7 vertebral body	ANATOMY	3a	3a:syn_dict
l3 vertebral body	ANATOMY	3a	3a:syn_dict
thoracic or lumbar spine	ANATOMY	3a	3a:syn_dict
periventricular white matter	ANATOMY	3a	3a:syn_dict
right insula	ANATOMY	3a	3a:syn_dict
adrenal tissue	ANATOMY	3a	3a:syn_dict
posterior clinoid process	ANATOMY	3a	3a:syn_dict
right portal vein	ANATOMY	3a	3a:syn_dict
catheter exit site	ANATOMY	3a	3a:syn_dict
right apex	ANATOMY	3a	3a:syn_dict
posterior pharyngeal wall	ANATOMY	3a	3a:syn_dict
palates	ANATOMY	3a	3a:syn_dict
true vocal cord	ANATOMY	3a	3a:syn_dict
left temporal bone	ANATOMY	3a	3a:syn_dict
total body surface	ANATOMY	3a	3a:syn_dict
submental region	ANATOMY	3a	3a:syn_dict
fde	ANATOMY	3a	3a:syn_dict
lung base	ANATOMY	3a	3a:syn_dict
lower canine tooth	ANATOMY	3a	3a:syn_dict
superior maxillary nerve	ANATOMY	3a	3a:syn_dict
deltoid region	ANATOMY	3a	3a:syn_dict
posterior flank	ANATOMY	3a	3a:syn_dict
left radius	ANATOMY	3a	3a:syn_dict
trapezium bones	ANATOMY	3a	3a:syn_dict
hamate	ANATOMY	3a	3a:syn_dict
trapezium	ANATOMY	3a	3a:syn_dict
right parotid region	ANATOMY	3a	3a:syn_dict
frontal horns	ANATOMY	3a	3a:syn_dict
popliteal vein	ANATOMY	3a	3a:syn_dict
distal phalanx of fifth finger	ANATOMY	3a	3a:syn_dict
right internal capsule	ANATOMY	3a	3a:syn_dict
tibioperoneal trunk	ANATOMY	3a	3a:syn_dict
popliteal veins	ANATOMY	3a	3a:syn_dict
sural veins	ANATOMY	3a	3a:syn_dict
upper extremity skin	ANATOMY	3a	3a:syn_dict
left middle finger	ANATOMY	3a	3a:syn_dict
right main bronchus	ANATOMY	3a	3a:syn_dict
buccal mucosa	ANATOMY	3a	3a:syn_dict
wirsung duct	ANATOMY	3a	3a:syn_dict
parietal scalp	ANATOMY	3a	3a:syn_dict
frontal horn	ANATOMY	3a	3a:syn_dict
mi area	ANATOMY	3a	3a:syn_dict
skin of forearm	ANATOMY	3a	3a:syn_dict
prio	ANATOMY	3a	3a:syn_dict
brachiocephalic trunk	ANATOMY	3a	3a:syn_dict
fauces	ANATOMY	3a	3a:syn_dict
right rib	ANATOMY	3a	3a:syn_dict
mammary region	ANATOMY	3a	3a:syn_dict
appendicular skeleton	ANATOMY	3a	3a:syn_dict
arytenoid	ANATOMY	3a	3a:syn_dict
anterior commissure	ANATOMY	3a	3a:syn_dict
resection margin	ANATOMY	3a	3a:syn_dict
phrenic nerve	ANATOMY	3a	3a:syn_dict
posterior tibialis	ANATOMY	3a	3a:syn_dict
left occipital lobe	ANATOMY	3a	3a:syn_dict
deep surgical margin	ANATOMY	3a	3a:syn_dict
cecum and ascending colon	ANATOMY	3a	3a:syn_dict
eom	ANATOMY	3a	3a:syn_dict
left plantar surface	ANATOMY	3a	3a:syn_dict
thigh compartment	ANATOMY	3a	3a:syn_dict
posterior tibial nerves	ANATOMY	3a	3a:syn_dict
ulnar nerves	ANATOMY	3a	3a:syn_dict
transverse mesocolon	ANATOMY	3a	3a:syn_dict
bilateral adrenal glands	ANATOMY	3a	3a:syn_dict
retrobulbar fat	ANATOMY	3a	3a:syn_dict
retrobulbar	ANATOMY	3a	3a:syn_dict
orbital fat	ANATOMY	3a	3a:syn_dict
renal pelvic	ANATOMY	3a	3a:syn_dict
psoas region	ANATOMY	3a	3a:syn_dict
right ischiopubic ramus	ANATOMY	3a	3a:syn_dict
right quadriceps	ANATOMY	3a	3a:syn_dict
left median nerve	ANATOMY	3a	3a:syn_dict
upper premolar	ANATOMY	3a	3a:syn_dict
superior ophthalmic vein	ANATOMY	3a	3a:syn_dict
dural venous sinus	ANATOMY	3a	3a:syn_dict
vestibular area	ANATOMY	3a	3a:syn_dict
right temporoparietalis	ANATOMY	3a	3a:syn_dict
hip musculature	ANATOMY	3a	3a:syn_dict
suprasternal notch	ANATOMY	3a	3a:syn_dict
sacral regions	ANATOMY	3a	3a:syn_dict
lower abdominal quadrant	ANATOMY	3a	3a:syn_dict
anterior chambers	ANATOMY	3a	3a:syn_dict
abdominal region	ANATOMY	3a	3a:syn_dict
right occipital lobe	ANATOMY	3a	3a:syn_dict
venous structure	ANATOMY	3a	3a:syn_dict
intrahepatic bile ducts	ANATOMY	3a	3a:syn_dict
left portal vein	ANATOMY	3a	3a:syn_dict
left thumb	ANATOMY	3a	3a:syn_dict
ileal segment	ANATOMY	3a	3a:syn_dict
cortex of cerebral hemisphere	ANATOMY	3a	3a:syn_dict
colon stomach	ANATOMY	3a	3a:syn_dict
intrahepatic bile duct	ANATOMY	3a	3a:syn_dict
gastroduodenal artery	ANATOMY	3a	3a:syn_dict
precordial region	ANATOMY	3a	3a:syn_dict
knee region	ANATOMY	3a	3a:syn_dict
right common femoral artery	ANATOMY	3a	3a:syn_dict
right internal carotid artery	ANATOMY	3a	3a:syn_dict
right external carotid artery	ANATOMY	3a	3a:syn_dict
left internal carotid artery	ANATOMY	3a	3a:syn_dict
right buccal mucosa	ANATOMY	3a	3a:syn_dict
attached gingiva	ANATOMY	3a	3a:syn_dict
crown of tooth 1	ANATOMY	3a	3a:syn_dict
mandibular alveolar ridge	ANATOMY	3a	3a:syn_dict
mandible maxilla	ANATOMY	3a	3a:syn_dict
right tibial diaphysis	ANATOMY	3a	3a:syn_dict
anterior mitral leaflet	ANATOMY	3a	3a:syn_dict
left index finger	ANATOMY	3a	3a:syn_dict
left ring finger	ANATOMY	3a	3a:syn_dict
right adnexa	ANATOMY	3a	3a:syn_dict
right sternocleidomastoid muscle	ANATOMY	3a	3a:syn_dict
right preauricular region	ANATOMY	3a	3a:syn_dict
right pleura	ANATOMY	3a	3a:syn_dict
external male genitalia	ANATOMY	3a	3a:syn_dict
l4 level	ANATOMY	3a	3a:syn_dict
scalp skin	ANATOMY	3a	3a:syn_dict
mesenteric lymph nodes	ANATOMY	3a	3a:syn_dict
medial longitudinal fasciculus	ANATOMY	3a	3a:syn_dict
cerebellar hemisphere	ANATOMY	3a	3a:syn_dict
cephalic vein	ANATOMY	3a	3a:syn_dict
right femoral head	ANATOMY	3a	3a:syn_dict
sacral bone	ANATOMY	3a	3a:syn_dict
segment of large intestine	ANATOMY	3a	3a:syn_dict
left frontal lobe	ANATOMY	3a	3a:syn_dict
medullary cord	ANATOMY	3a	3a:syn_dict
t11 level	ANATOMY	3a	3a:syn_dict
femurs	ANATOMY	3a	3a:syn_dict
mamelon	ANATOMY	3a	3a:syn_dict
ileal loop	ANATOMY	3a	3a:syn_dict
anterior abdominal surface	ANATOMY	3a	3a:syn_dict
perihepatic region	ANATOMY	3a	3a:syn_dict
subdiaphragmatic region	ANATOMY	3a	3a:syn_dict
lower wisdom tooth	ANATOMY	3a	3a:syn_dict
tongue base	ANATOMY	3a	3a:syn_dict
perineal region	ANATOMY	3a	3a:syn_dict
left scapula	ANATOMY	3a	3a:syn_dict
right nasolabial fold	ANATOMY	3a	3a:syn_dict
nasal dorsum	ANATOMY	3a	3a:syn_dict
left c	ANATOMY	3a	3a:syn_dict
gingival margin	ANATOMY	3a	3a:syn_dict
tooth 14	ANATOMY	3a	3a:syn_dict
recurrent laryngeal nerve	ANATOMY	3a	3a:syn_dict
left vocal cord	ANATOMY	3a	3a:syn_dict
right cerebral hemisphere	ANATOMY	3a	3a:syn_dict
omental	ANATOMY	3a	3a:syn_dict
main pancreatic duct	ANATOMY	3a	3a:syn_dict
cribriform plate	ANATOMY	3a	3a:syn_dict
left inferior turbinate	ANATOMY	3a	3a:syn_dict
l5 vertebra	ANATOMY	3a	3a:syn_dict
venous lumen	ANATOMY	3a	3a:syn_dict
carpal region	ANATOMY	3a	3a:syn_dict
carpometacarpal joint 2	ANATOMY	3a	3a:syn_dict
pericallosal artery	ANATOMY	3a	3a:syn_dict
hemibody	ANATOMY	3a	3a:syn_dict
lower trunk	ANATOMY	3a	3a:syn_dict
back chest	ANATOMY	3a	3a:syn_dict
sug	ANATOMY	3a	3a:syn_dict
sciatic notch	ANATOMY	3a	3a:syn_dict
nucha	ANATOMY	3a	3a:syn_dict
left axillary lymph node	ANATOMY	3a	3a:syn_dict
perinephric fat	ANATOMY	3a	3a:syn_dict
bone pelvis	ANATOMY	3a	3a:syn_dict
suboccipital muscles	ANATOMY	3a	3a:syn_dict
hindfoot	ANATOMY	3a	3a:syn_dict
left carotid triangle	ANATOMY	3a	3a:syn_dict
small pelvis	ANATOMY	3a	3a:syn_dict
ileocecal valve	ANATOMY	3a	3a:syn_dict
left supraclavicular lymph node	ANATOMY	3a	3a:syn_dict
diploe	ANATOMY	3a	3a:syn_dict
right parotid duct	ANATOMY	3a	3a:syn_dict
lower pole of spleen	ANATOMY	3a	3a:syn_dict
left external iliac vein	ANATOMY	3a	3a:syn_dict
right naris	ANATOMY	3a	3a:syn_dict
left naris	ANATOMY	3a	3a:syn_dict
soft palates	ANATOMY	3a	3a:syn_dict
intraoral flap	ANATOMY	3a	3a:syn_dict
medial aspect of leg	ANATOMY	3a	3a:syn_dict
glottic	ANATOMY	3a	3a:syn_dict
rectal ampulla	ANATOMY	3a	3a:syn_dict
right brain	ANATOMY	3a	3a:syn_dict
right palatine tonsil	ANATOMY	3a	3a:syn_dict
tooth 1	ANATOMY	3a	3a:syn_dict
ligamentum flavum	ANATOMY	3a	3a:syn_dict
lumbosacral region	ANATOMY	3a	3a:syn_dict
conus medullaris	ANATOMY	3a	3a:syn_dict
rul	ANATOMY	3a	3a:syn_dict
choledochal	ANATOMY	3a	3a:syn_dict
hepatic surface	ANATOMY	3a	3a:syn_dict
pelvic region	ANATOMY	3a	3a:syn_dict
right subcostal region	ANATOMY	3a	3a:syn_dict
ileo	ANATOMY	3a	3a:syn_dict
maxillary left lateral incisor	ANATOMY	3a	3a:syn_dict
lamina dura	ANATOMY	3a	3a:syn_dict
cortical plates	ANATOMY	3a	3a:syn_dict
lateral orbital wall	ANATOMY	3a	3a:syn_dict
sphenoid wing	ANATOMY	3a	3a:syn_dict
intrahepatic duct	ANATOMY	3a	3a:syn_dict
base of tongue	ANATOMY	3a	3a:syn_dict
multifidus muscle	ANATOMY	3a	3a:syn_dict
bilateral maxillary sinuses	ANATOMY	3a	3a:syn_dict
peritonsillar	ANATOMY	3a	3a:syn_dict
left submandibular area	ANATOMY	3a	3a:syn_dict
musculi	ANATOMY	3a	3a:syn_dict
left parietal lobe	ANATOMY	3a	3a:syn_dict
rectosigmoid	ANATOMY	3a	3a:syn_dict
rectosigmoid colon	ANATOMY	3a	3a:syn_dict
ahp	ANATOMY	3a	3a:syn_dict
neck throat	ANATOMY	3a	3a:syn_dict
left shoulder girdle	ANATOMY	3a	3a:syn_dict
subdeltoid bursa	ANATOMY	3a	3a:syn_dict
thoracolumbar region	ANATOMY	3a	3a:syn_dict
subglottic	ANATOMY	3a	3a:syn_dict
lateral ankle ligaments	ANATOMY	3a	3a:syn_dict
cardiac apex	ANATOMY	3a	3a:syn_dict
left rm	ANATOMY	3a	3a:syn_dict
second finger	ANATOMY	3a	3a:syn_dict
right retina	ANATOMY	3a	3a:syn_dict
vocal fold	ANATOMY	3a	3a:syn_dict
apex of left ventricle	ANATOMY	3a	3a:syn_dict
entire left leg	ANATOMY	3a	3a:syn_dict
left big toe	ANATOMY	3a	3a:syn_dict
left putamen	ANATOMY	3a	3a:syn_dict
right infraorbital nerve	ANATOMY	3a	3a:syn_dict
anterior abdomen	ANATOMY	3a	3a:syn_dict
genu of corpus callosum	ANATOMY	3a	3a:syn_dict
splenium	ANATOMY	3a	3a:syn_dict
endovesical	ANATOMY	3a	3a:syn_dict
right basal ganglia	ANATOMY	3a	3a:syn_dict
left epididymis	ANATOMY	3a	3a:syn_dict
epididymal structure	ANATOMY	3a	3a:syn_dict
left scrotal sac	ANATOMY	3a	3a:syn_dict
petrous bones	ANATOMY	3a	3a:syn_dict
right medial rectus muscle	ANATOMY	3a	3a:syn_dict
left medial rectus	ANATOMY	3a	3a:syn_dict
left internal jugular vein	ANATOMY	3a	3a:syn_dict
metatarsophalangeal joint 2	ANATOMY	3a	3a:syn_dict
mesentery of transverse colon	ANATOMY	3a	3a:syn_dict
scapular neck	ANATOMY	3a	3a:syn_dict
patellar tendons	ANATOMY	3a	3a:syn_dict
femoral condyle	ANATOMY	3a	3a:syn_dict
fourth portion of duodenum	ANATOMY	3a	3a:syn_dict
jejunal loop	ANATOMY	3a	3a:syn_dict
pica	ANATOMY	3a	3a:syn_dict
left substantia nigra	ANATOMY	3a	3a:syn_dict
submandibular glands	ANATOMY	3a	3a:syn_dict
retropharyngeal space	ANATOMY	3a	3a:syn_dict
third molars	ANATOMY	3a	3a:syn_dict
liver segments	ANATOMY	3a	3a:syn_dict
pyelocalyceal	ANATOMY	3a	3a:syn_dict
right upper urinary tract	ANATOMY	3a	3a:syn_dict
vesicoprostaticus	ANATOMY	3a	3a:syn_dict
right lateral chest wall	ANATOMY	3a	3a:syn_dict
anterior surface of leg	ANATOMY	3a	3a:syn_dict
left sternocleidomastoid muscle	ANATOMY	3a	3a:syn_dict
paranasal sinus mucosa	ANATOMY	3a	3a:syn_dict
fourth metacarpal	ANATOMY	3a	3a:syn_dict
posterior mitral valve leaflet	ANATOMY	3a	3a:syn_dict
medial papillary muscle	ANATOMY	3a	3a:syn_dict
facial nerve canal	ANATOMY	3a	3a:syn_dict
common hepatic duct	ANATOMY	3a	3a:syn_dict
left hepatic duct	ANATOMY	3a	3a:syn_dict
main bile duct	ANATOMY	3a	3a:syn_dict
respiratory muscle	ANATOMY	3a	3a:syn_dict
right lower canine	ANATOMY	3a	3a:syn_dict
bicuspids	ANATOMY	3a	3a:syn_dict
teres major	ANATOMY	3a	3a:syn_dict
right pronator teres	ANATOMY	3a	3a:syn_dict
left adnexa	ANATOMY	3a	3a:syn_dict
corpora cavernosa	ANATOMY	3a	3a:syn_dict
base of penis	ANATOMY	3a	3a:syn_dict
bulbospongiosus	ANATOMY	3a	3a:syn_dict
superficial epigastric artery	ANATOMY	3a	3a:syn_dict
recipient vessel	ANATOMY	3a	3a:syn_dict
l1 dermatome	ANATOMY	3a	3a:syn_dict
right temporal bone	ANATOMY	3a	3a:syn_dict
temporal scalp	ANATOMY	3a	3a:syn_dict
descemet membrane	ANATOMY	3a	3a:syn_dict
linea alba	ANATOMY	3a	3a:syn_dict
cortical plate	ANATOMY	3a	3a:syn_dict
mesial root	ANATOMY	3a	3a:syn_dict
crown of tooth	ANATOMY	3a	3a:syn_dict
hepatic segment	ANATOMY	3a	3a:syn_dict
sternal body	ANATOMY	3a	3a:syn_dict
left lateral chest wall	ANATOMY	3a	3a:syn_dict
facial nucleus	ANATOMY	3a	3a:syn_dict
toes of left foot	ANATOMY	3a	3a:syn_dict
fundi	ANATOMY	3a	3a:syn_dict
hand palms	ANATOMY	3a	3a:syn_dict
aortic rim	ANATOMY	3a	3a:syn_dict
mesoappendix	ANATOMY	3a	3a:syn_dict
muscles of respiration	ANATOMY	3a	3a:syn_dict
seventh cervical vertebra	ANATOMY	3a	3a:syn_dict
t spine	ANATOMY	3a	3a:syn_dict
right lower hemithorax	ANATOMY	3a	3a:syn_dict
fourth metatarsal	ANATOMY	3a	3a:syn_dict
humeral shaft	ANATOMY	3a	3a:syn_dict
posterior leaflet of mitral valve	ANATOMY	3a	3a:syn_dict
tooth 18	ANATOMY	3a	3a:syn_dict
entire right lower extremity	ANATOMY	3a	3a:syn_dict
entire penis	ANATOMY	3a	3a:syn_dict
pelvic ureter	ANATOMY	3a	3a:syn_dict
spermatic cords	ANATOMY	3a	3a:syn_dict
epididymides	ANATOMY	3a	3a:syn_dict
deltoids	ANATOMY	3a	3a:syn_dict
right oculomotor nerve	ANATOMY	3a	3a:syn_dict
nasal septal	ANATOMY	3a	3a:syn_dict
retinal artery	ANATOMY	3a	3a:syn_dict
left hippocampus	ANATOMY	3a	3a:syn_dict
both epididymides	ANATOMY	3a	3a:syn_dict
occipitofrontalis	ANATOMY	3a	3a:syn_dict
c4 level	ANATOMY	3a	3a:syn_dict
left cerebral hemisphere	ANATOMY	3a	3a:syn_dict
pelvis proper	ANATOMY	3a	3a:syn_dict
mid back	ANATOMY	3a	3a:syn_dict
animal bone	ANATOMY	3a	3a:syn_dict
periventricular region	ANATOMY	3a	3a:syn_dict
right thalamus	ANATOMY	3a	3a:syn_dict
insular region	ANATOMY	3a	3a:syn_dict
right gastrocnemius	ANATOMY	3a	3a:syn_dict
pulmo	ANATOMY	3a	3a:syn_dict
genital region	ANATOMY	3a	3a:syn_dict
fibular shaft	ANATOMY	3a	3a:syn_dict
left fibula	ANATOMY	3a	3a:syn_dict
scrotum skin	ANATOMY	3a	3a:syn_dict
tunica albuginea	ANATOMY	3a	3a:syn_dict
scrotal wall	ANATOMY	3a	3a:syn_dict
solid viscera	ANATOMY	3a	3a:syn_dict
inguinal region	ANATOMY	3a	3a:syn_dict
external female genitalia	ANATOMY	3a	3a:syn_dict
l4 dermatome	ANATOMY	3a	3a:syn_dict
eminences	ANATOMY	3a	3a:syn_dict
middle hepatic vein	ANATOMY	3a	3a:syn_dict
right hepatic vein	ANATOMY	3a	3a:syn_dict
calcaneal	ANATOMY	3a	3a:syn_dict
left lingual artery	ANATOMY	3a	3a:syn_dict
right spermatic cord	ANATOMY	3a	3a:syn_dict
right epididymis	ANATOMY	3a	3a:syn_dict
cervical vertebral body	ANATOMY	3a	3a:syn_dict
pubic bones	ANATOMY	3a	3a:syn_dict
pituitary fossa	ANATOMY	3a	3a:syn_dict
scapular area	ANATOMY	3a	3a:syn_dict
uncinate process of pancreas	ANATOMY	3a	3a:syn_dict
greater tuberosity of humerus	ANATOMY	3a	3a:syn_dict
bone structures	ANATOMY	3a	3a:syn_dict
stomach colon	ANATOMY	3a	3a:syn_dict
fingers of right hand	ANATOMY	3a	3a:syn_dict
ulnar nerve	ANATOMY	3a	3a:syn_dict
dorsal region	ANATOMY	3a	3a:syn_dict
left upper lung field	ANATOMY	3a	3a:syn_dict
left apex	ANATOMY	3a	3a:syn_dict
left pectoral region	ANATOMY	3a	3a:syn_dict
thoracic and lumbar vertebrae	ANATOMY	3a	3a:syn_dict
left gluteus medius muscle	ANATOMY	3a	3a:syn_dict
right iliac bone	ANATOMY	3a	3a:syn_dict
collateral ligaments	ANATOMY	3a	3a:syn_dict
right femur	ANATOMY	3a	3a:syn_dict
left inferior lacrimal punctum	ANATOMY	3a	3a:syn_dict
lateral abdominal wall	ANATOMY	3a	3a:syn_dict
gastrointestine	ANATOMY	3a	3a:syn_dict
dental arch	ANATOMY	3a	3a:syn_dict
lower left canine	ANATOMY	3a	3a:syn_dict
posterior horn	ANATOMY	3a	3a:syn_dict
floor of right orbit	ANATOMY	3a	3a:syn_dict
inferior rectus	ANATOMY	3a	3a:syn_dict
anterior cervical region	ANATOMY	3a	3a:syn_dict
medial aspect of thigh	ANATOMY	3a	3a:syn_dict
buck's fascia	ANATOMY	3a	3a:syn_dict
penile skin	ANATOMY	3a	3a:syn_dict
bilateral lungs	ANATOMY	3a	3a:syn_dict
anterior tongue	ANATOMY	3a	3a:syn_dict
lanugo	ANATOMY	3a	3a:syn_dict
aspect of penis	ANATOMY	3a	3a:syn_dict
left v2	ANATOMY	3a	3a:syn_dict
orbital wall	ANATOMY	3a	3a:syn_dict
aorta root	ANATOMY	3a	3a:syn_dict
intracavernous internal carotid artery	ANATOMY	3a	3a:syn_dict
common atrioventricular valve	ANATOMY	3a	3a:syn_dict
limb musculature	ANATOMY	3a	3a:syn_dict
duodenal wall	ANATOMY	3a	3a:syn_dict
tibia fibula	ANATOMY	3a	3a:syn_dict
central cornea	ANATOMY	3a	3a:syn_dict
posterior neck region	ANATOMY	3a	3a:syn_dict
external ear canals	ANATOMY	3a	3a:syn_dict
posterior triangle	ANATOMY	3a	3a:syn_dict
left optic nerve	ANATOMY	3a	3a:syn_dict
posterior communicating artery	ANATOMY	3a	3a:syn_dict
right ophthalmic artery	ANATOMY	3a	3a:syn_dict
axillary skin	ANATOMY	3a	3a:syn_dict
hypochondrium	ANATOMY	3a	3a:syn_dict
right orbital region	ANATOMY	3a	3a:syn_dict
cloacal	ANATOMY	3a	3a:syn_dict
left hard palate	ANATOMY	3a	3a:syn_dict
atrioventricular septum	ANATOMY	3a	3a:syn_dict
neostriatum	ANATOMY	3a	3a:syn_dict
thenar eminence	ANATOMY	3a	3a:syn_dict
spleno	ANATOMY	3a	3a:syn_dict
left coronary sinus	ANATOMY	3a	3a:syn_dict
perivesicular	ANATOMY	3a	3a:syn_dict
upper tooth	ANATOMY	3a	3a:syn_dict
l1 vertebral body	ANATOMY	3a	3a:syn_dict
capilli	ANATOMY	3a	3a:syn_dict
right radial artery	ANATOMY	3a	3a:syn_dict
dorsal penile artery	ANATOMY	3a	3a:syn_dict
right apical segmental vein	ANATOMY	3a	3a:syn_dict
thoracic muscle	ANATOMY	3a	3a:syn_dict
airway distal	ANATOMY	3a	3a:syn_dict
upper quadrant abdominal	ANATOMY	3a	3a:syn_dict
lateral margin of tongue	ANATOMY	3a	3a:syn_dict
hepatic capsule	ANATOMY	3a	3a:syn_dict
middle phalanx	ANATOMY	3a	3a:syn_dict
tof	ANATOMY	3a	3a:syn_dict
serosa of gallbladder	ANATOMY	3a	3a:syn_dict
scalp vein	ANATOMY	3a	3a:syn_dict
hypophyseal	ANATOMY	3a	3a:syn_dict
septum pellucidum	ANATOMY	3a	3a:syn_dict
suprascapular nerve	ANATOMY	3a	3a:syn_dict
right fallopian tube	ANATOMY	3a	3a:syn_dict
uterine body	ANATOMY	3a	3a:syn_dict
myometrial	ANATOMY	3a	3a:syn_dict
jaw region	ANATOMY	3a	3a:syn_dict
maxillary alveolus	ANATOMY	3a	3a:syn_dict
suc	ANATOMY	3a	3a:syn_dict
nail plate	ANATOMY	3a	3a:syn_dict
anterior communicating artery	ANATOMY	3a	3a:syn_dict
facial skin	ANATOMY	3a	3a:syn_dict
basilar arteries	ANATOMY	3a	3a:syn_dict
nephron structure	ANATOMY	3a	3a:syn_dict
inguinal lymph node	ANATOMY	3a	3a:syn_dict
perforating arteries	ANATOMY	3a	3a:syn_dict
laryngeal inlet	ANATOMY	3a	3a:syn_dict
right ischial ramus	ANATOMY	3a	3a:syn_dict
right vertebral artery	ANATOMY	3a	3a:syn_dict
left ulnar nerve	ANATOMY	3a	3a:syn_dict
right internal capsule genu	ANATOMY	3a	3a:syn_dict
hepatic flexure of colon	ANATOMY	3a	3a:syn_dict
subcarinal lymph node	ANATOMY	3a	3a:syn_dict
circumferential margin	ANATOMY	3a	3a:syn_dict
right external jugular vein	ANATOMY	3a	3a:syn_dict
cerebellar hemispheres	ANATOMY	3a	3a:syn_dict
quadrigeminal plate	ANATOMY	3a	3a:syn_dict
right vocal cord	ANATOMY	3a	3a:syn_dict
vestibular fold	ANATOMY	3a	3a:syn_dict
cardiac border	ANATOMY	3a	3a:syn_dict
neck lymph nodes	ANATOMY	3a	3a:syn_dict
forearm flap	ANATOMY	3a	3a:syn_dict
heart border	ANATOMY	3a	3a:syn_dict
right fascia lata	ANATOMY	3a	3a:syn_dict
mandibular midline	ANATOMY	3a	3a:syn_dict
primary dentition	ANATOMY	3a	3a:syn_dict
dental papilla	ANATOMY	3a	3a:syn_dict
tooth 30	ANATOMY	3a	3a:syn_dict
tooth 31	ANATOMY	3a	3a:syn_dict
neck soft tissue	ANATOMY	3a	3a:syn_dict
left bronchial tree	ANATOMY	3a	3a:syn_dict
t12 vertebral body	ANATOMY	3a	3a:syn_dict
right upper hemithorax	ANATOMY	3a	3a:syn_dict
lumbar regions	ANATOMY	3a	3a:syn_dict
periurethral tissue	ANATOMY	3a	3a:syn_dict
psoas muscles	ANATOMY	3a	3a:syn_dict
unilateral eye	ANATOMY	3a	3a:syn_dict
paraaortic region	ANATOMY	3a	3a:syn_dict
left little finger	ANATOMY	3a	3a:syn_dict
amg	ANATOMY	3a	3a:syn_dict
right sciatic nerve	ANATOMY	3a	3a:syn_dict
anterior thoracic wall	ANATOMY	3a	3a:syn_dict
pectoral region	ANATOMY	3a	3a:syn_dict
cavum pellucidum septum	ANATOMY	3a	3a:syn_dict
lower tooth	ANATOMY	3a	3a:syn_dict
submandibular triangle	ANATOMY	3a	3a:syn_dict
calcaneocuboid joint	ANATOMY	3a	3a:syn_dict
venous wall	ANATOMY	3a	3a:syn_dict
left temporal pole	ANATOMY	3a	3a:syn_dict
sesamoid bones	ANATOMY	3a	3a:syn_dict
trachea and esophagus	ANATOMY	3a	3a:syn_dict
distal urethra	ANATOMY	3a	3a:syn_dict
skene's gland	ANATOMY	3a	3a:syn_dict
femoral lymph node	ANATOMY	3a	3a:syn_dict
left tibial plateau	ANATOMY	3a	3a:syn_dict
tig	ANATOMY	3a	3a:syn_dict
synovial capsule	ANATOMY	3a	3a:syn_dict
calcaneofibular ligaments	ANATOMY	3a	3a:syn_dict
lateral aspect of leg	ANATOMY	3a	3a:syn_dict
mesodermal	ANATOMY	3a	3a:syn_dict
dorsal tongue	ANATOMY	3a	3a:syn_dict
upper thoracic region	ANATOMY	3a	3a:syn_dict
trapezius flap	ANATOMY	3a	3a:syn_dict
flap graft	ANATOMY	3a	3a:syn_dict
lingual bone	ANATOMY	3a	3a:syn_dict
right optic disc	ANATOMY	3a	3a:syn_dict
left optic disc	ANATOMY	3a	3a:syn_dict
dorsal spine	ANATOMY	3a	3a:syn_dict
axial skeleton	ANATOMY	3a	3a:syn_dict
olfactory bulbs	ANATOMY	3a	3a:syn_dict
proximal pole of scaphoid	ANATOMY	3a	3a:syn_dict
fornix	ANATOMY	3a	3a:syn_dict
right shoulder girdle	ANATOMY	3a	3a:syn_dict
trimalleolar region	ANATOMY	3a	3a:syn_dict
left circumflex artery	ANATOMY	3a	3a:syn_dict
entire spinalis	ANATOMY	3a	3a:syn_dict
left vocal fold	ANATOMY	3a	3a:syn_dict
upper extremity	ANATOMY	3a	3a:syn_dict
neuromast	ANATOMY	3a	3a:syn_dict
entire left lung	ANATOMY	3a	3a:syn_dict
ulnar head	ANATOMY	3a	3a:syn_dict
cephalic veins	ANATOMY	3a	3a:syn_dict
coronal sulcus	ANATOMY	3a	3a:syn_dict
bilateral nares	ANATOMY	3a	3a:syn_dict
intracranial vessels	ANATOMY	3a	3a:syn_dict
lesser pelvis	ANATOMY	3a	3a:syn_dict
proximal phalanx	ANATOMY	3a	3a:syn_dict
fifth metacarpal	ANATOMY	3a	3a:syn_dict
rhomboid	ANATOMY	3a	3a:syn_dict
right upper lobar artery	ANATOMY	3a	3a:syn_dict
middle lobar artery	ANATOMY	3a	3a:syn_dict
pulmonic area	ANATOMY	3a	3a:syn_dict
mucosa colon	ANATOMY	3a	3a:syn_dict
mucosa of right maxillary sinus	ANATOMY	3a	3a:syn_dict
t7 vertebra	ANATOMY	3a	3a:syn_dict
limb segment	ANATOMY	3a	3a:syn_dict
brachialis	ANATOMY	3a	3a:syn_dict
hepatic ducts	ANATOMY	3a	3a:syn_dict
left fourth toe	ANATOMY	3a	3a:syn_dict
epicanthus	ANATOMY	3a	3a:syn_dict
retinal vein	ANATOMY	3a	3a:syn_dict
sternal region	ANATOMY	3a	3a:syn_dict
left semitendinosus muscle	ANATOMY	3a	3a:syn_dict
t4 vertebral body	ANATOMY	3a	3a:syn_dict
intradural extramedullary	ANATOMY	3a	3a:syn_dict
posterior arch of atlas	ANATOMY	3a	3a:syn_dict
left pedicle of lumbar vertebra	ANATOMY	3a	3a:syn_dict
t6 level	ANATOMY	3a	3a:syn_dict
anterior skull base	ANATOMY	3a	3a:syn_dict
sellar region	ANATOMY	3a	3a:syn_dict
bladder walls	ANATOMY	3a	3a:syn_dict
wall of left orbit	ANATOMY	3a	3a:syn_dict
roof of left orbit	ANATOMY	3a	3a:syn_dict
malleolus	ANATOMY	3a	3a:syn_dict
ileal wall	ANATOMY	3a	3a:syn_dict
hip region	ANATOMY	3a	3a:syn_dict
anterior descending coronary artery	ANATOMY	3a	3a:syn_dict
arterial access site	ANATOMY	3a	3a:syn_dict
inferior dental nerve	ANATOMY	3a	3a:syn_dict
right rotator cuff	ANATOMY	3a	3a:syn_dict
bilateral kidney	ANATOMY	3a	3a:syn_dict
hepar	ANATOMY	3a	3a:syn_dict
corneal limbus	ANATOMY	3a	3a:syn_dict
periocular region	ANATOMY	3a	3a:syn_dict
flexor digitorum superficialis	ANATOMY	3a	3a:syn_dict
flexor tendon	ANATOMY	3a	3a:syn_dict
palmar vein	ANATOMY	3a	3a:syn_dict
left clavicle	ANATOMY	3a	3a:syn_dict
bones of hands	ANATOMY	3a	3a:syn_dict
inferior pole of left kidney	ANATOMY	3a	3a:syn_dict
jejuno	ANATOMY	3a	3a:syn_dict
introitus	ANATOMY	3a	3a:syn_dict
vesical neck	ANATOMY	3a	3a:syn_dict
mandibular premolar	ANATOMY	3a	3a:syn_dict
orbitofrontal cortex	ANATOMY	3a	3a:syn_dict
left insula	ANATOMY	3a	3a:syn_dict
lower pole of kidney	ANATOMY	3a	3a:syn_dict
fibular flap	ANATOMY	3a	3a:syn_dict
lateral face	ANATOMY	3a	3a:syn_dict
vsc	ANATOMY	3a	3a:syn_dict
lower right hemithorax	ANATOMY	3a	3a:syn_dict
dorsum of right hand	ANATOMY	3a	3a:syn_dict
sphenoid body	ANATOMY	3a	3a:syn_dict
metacarpals	ANATOMY	3a	3a:syn_dict
epididymal head	ANATOMY	3a	3a:syn_dict
lid margin	ANATOMY	3a	3a:syn_dict
dorsum of left hand	ANATOMY	3a	3a:syn_dict
medial wall of left orbit	ANATOMY	3a	3a:syn_dict
wall of cecum	ANATOMY	3a	3a:syn_dict
upper jaw region	ANATOMY	3a	3a:syn_dict
left humeral head	ANATOMY	3a	3a:syn_dict
duodenal bulb	ANATOMY	3a	3a:syn_dict
first portion of duodenum	ANATOMY	3a	3a:syn_dict
proximal circumflex artery	ANATOMY	3a	3a:syn_dict
obtuse marginal artery	ANATOMY	3a	3a:syn_dict
right paratracheal lymph node	ANATOMY	3a	3a:syn_dict
head scalp	ANATOMY	3a	3a:syn_dict
aortic and mitral valves	ANATOMY	3a	3a:syn_dict
wall of uterus	ANATOMY	3a	3a:syn_dict
proximal tubules	ANATOMY	3a	3a:syn_dict
l4 vertebral body	ANATOMY	3a	3a:syn_dict
wing of sphenoid	ANATOMY	3a	3a:syn_dict
labial frenum	ANATOMY	3a	3a:syn_dict
pericardium and mediastinum	ANATOMY	3a	3a:syn_dict
hook of hamate	ANATOMY	3a	3a:syn_dict
dorsal aspect of wrist	ANATOMY	3a	3a:syn_dict
dorsal wrist	ANATOMY	3a	3a:syn_dict
ethmoidal cells	ANATOMY	3a	3a:syn_dict
orbital plate	ANATOMY	3a	3a:syn_dict
entire right foot	ANATOMY	3a	3a:syn_dict
rectal mucosa	ANATOMY	3a	3a:syn_dict
bilateral epididymis	ANATOMY	3a	3a:syn_dict
left internal jugular	ANATOMY	3a	3a:syn_dict
clavicular region	ANATOMY	3a	3a:syn_dict
lateral nasal wall	ANATOMY	3a	3a:syn_dict
right mental nerve	ANATOMY	3a	3a:syn_dict
toes of right foot	ANATOMY	3a	3a:syn_dict
lentiform nucleus	ANATOMY	3a	3a:syn_dict
navicular	ANATOMY	3a	3a:syn_dict
alveolar process	ANATOMY	3a	3a:syn_dict
tooth 21	ANATOMY	3a	3a:syn_dict
wall of third ventricle	ANATOMY	3a	3a:syn_dict
thalamic nucleus	ANATOMY	3a	3a:syn_dict
stomach and colon	ANATOMY	3a	3a:syn_dict
dorsal right hand	ANATOMY	3a	3a:syn_dict
pharyngoesophageal junction plane	ANATOMY	3a	3a:syn_dict
c3 vertebral body	ANATOMY	3a	3a:syn_dict
left temporal artery	ANATOMY	3a	3a:syn_dict
body of right epididymis	ANATOMY	3a	3a:syn_dict
left iliac bone	ANATOMY	3a	3a:syn_dict
ccis	ANATOMY	3a	3a:syn_dict
entire spine	ANATOMY	3a	3a:syn_dict
iliac crest bone	ANATOMY	3a	3a:syn_dict
left patella	ANATOMY	3a	3a:syn_dict
perirenal tissue	ANATOMY	3a	3a:syn_dict
vulvovaginal	ANATOMY	3a	3a:syn_dict
wall of bladder	ANATOMY	3a	3a:syn_dict
right axillary lymph node	ANATOMY	3a	3a:syn_dict
entire right breast	ANATOMY	3a	3a:syn_dict
axillary nodes	ANATOMY	3a	3a:syn_dict
papillary muscle	ANATOMY	3a	3a:syn_dict
head of first metatarsal	ANATOMY	3a	3a:syn_dict
left basal ganglia	ANATOMY	3a	3a:syn_dict
left lumbar region	ANATOMY	3a	3a:syn_dict
skull vault	ANATOMY	3a	3a:syn_dict
eye fundus	ANATOMY	3a	3a:syn_dict
supraorbital rim	ANATOMY	3a	3a:syn_dict
preauricular region	ANATOMY	3a	3a:syn_dict
great saphenous vein	ANATOMY	3a	3a:syn_dict
peroneal veins	ANATOMY	3a	3a:syn_dict
conjunctiva of left eye	ANATOMY	3a	3a:syn_dict
wirsung's duct	ANATOMY	3a	3a:syn_dict
supraorbital nerve	ANATOMY	3a	3a:syn_dict
iliopsoas muscle	ANATOMY	3a	3a:syn_dict
upper right canine	ANATOMY	3a	3a:syn_dict
body bone	ANATOMY	3a	3a:syn_dict
thebesian valve	ANATOMY	3a	3a:syn_dict
right trigeminal nerve	ANATOMY	3a	3a:syn_dict
maxillary bones	ANATOMY	3a	3a:syn_dict
ileal mucosa	ANATOMY	3a	3a:syn_dict
lesser wing of sphenoid	ANATOMY	3a	3a:syn_dict
septal region	ANATOMY	3a	3a:syn_dict
vessel coronary	ANATOMY	3a	3a:syn_dict
patellar region	ANATOMY	3a	3a:syn_dict
muscularis mucosae	ANATOMY	3a	3a:syn_dict
radial arteries	ANATOMY	3a	3a:syn_dict
left v1	ANATOMY	3a	3a:syn_dict
right anterior chest	ANATOMY	3a	3a:syn_dict
lateral incisor	ANATOMY	3a	3a:syn_dict
left rectus abdominis muscle	ANATOMY	3a	3a:syn_dict
distal colon	ANATOMY	3a	3a:syn_dict
left rectus abdominis	ANATOMY	3a	3a:syn_dict
ophthalmic artery	ANATOMY	3a	3a:syn_dict
right lateral chest	ANATOMY	3a	3a:syn_dict
protuberance	ANATOMY	3a	3a:syn_dict
anteroseptal accessory pathway	ANATOMY	3a	3a:syn_dict
area 19	ANATOMY	3a	3a:syn_dict
left inferior cerebellar peduncle	ANATOMY	3a	3a:syn_dict
left circumflex coronary artery	ANATOMY	3a	3a:syn_dict
t5 level	ANATOMY	3a	3a:syn_dict
lower extremity vein	ANATOMY	3a	3a:syn_dict
frontal and parietal lobes	ANATOMY	3a	3a:syn_dict
inframammary region	ANATOMY	3a	3a:syn_dict
hand fascia	ANATOMY	3a	3a:syn_dict
mandibular gingiva	ANATOMY	3a	3a:syn_dict
tattoo site	ANATOMY	3a	3a:syn_dict
entire thigh	ANATOMY	3a	3a:syn_dict
entire spinal column	ANATOMY	3a	3a:syn_dict
right temple	ANATOMY	3a	3a:syn_dict
lingual nerve	ANATOMY	3a	3a:syn_dict
left shoulder region	ANATOMY	3a	3a:syn_dict
bilateral ureters	ANATOMY	3a	3a:syn_dict
upper right eyelid	ANATOMY	3a	3a:syn_dict
basilic vein graft	ANATOMY	3a	3a:syn_dict
anterior wall of rectum	ANATOMY	3a	3a:syn_dict
pulmonary valves	ANATOMY	3a	3a:syn_dict
hypochondriac region	ANATOMY	3a	3a:syn_dict
extrahepatic biliary tree	ANATOMY	3a	3a:syn_dict
left corona radiata	ANATOMY	3a	3a:syn_dict
third ray	ANATOMY	3a	3a:syn_dict
third metacarpal	ANATOMY	3a	3a:syn_dict
bone process	ANATOMY	3a	3a:syn_dict
costal region	ANATOMY	3a	3a:syn_dict
inguinal ligaments	ANATOMY	3a	3a:syn_dict
penile surface	ANATOMY	3a	3a:syn_dict
anterior surface of scrotum	ANATOMY	3a	3a:syn_dict
right superior lobar artery	ANATOMY	3a	3a:syn_dict
left superior lobar artery	ANATOMY	3a	3a:syn_dict
right lower lobar artery	ANATOMY	3a	3a:syn_dict
intermediate artery	ANATOMY	3a	3a:syn_dict
ostiomeatal complex	ANATOMY	3a	3a:syn_dict
mammary artery	ANATOMY	3a	3a:syn_dict
left buccal mucosa	ANATOMY	3a	3a:syn_dict
dome of urinary bladder	ANATOMY	3a	3a:syn_dict
mesocolic lymph nodes	ANATOMY	3a	3a:syn_dict
mastoid processes	ANATOMY	3a	3a:syn_dict
lateral region	ANATOMY	3a	3a:syn_dict
lip mucosa	ANATOMY	3a	3a:syn_dict
parotid region	ANATOMY	3a	3a:syn_dict
upper gingiva	ANATOMY	3a	3a:syn_dict
lacrimal duct	ANATOMY	3a	3a:syn_dict
paraspinal region	ANATOMY	3a	3a:syn_dict
cerebellar peduncles	ANATOMY	3a	3a:syn_dict
right hamate	ANATOMY	3a	3a:syn_dict
levator ani	ANATOMY	3a	3a:syn_dict
left areola	ANATOMY	3a	3a:syn_dict
pectoralis major muscle	ANATOMY	3a	3a:syn_dict
first dorsal metatarsal artery	ANATOMY	3a	3a:syn_dict
deep plantar artery	ANATOMY	3a	3a:syn_dict
left second toe	ANATOMY	3a	3a:syn_dict
first phalanx	ANATOMY	3a	3a:syn_dict
digital nerves	ANATOMY	3a	3a:syn_dict
proximal phalanx of thumb	ANATOMY	3a	3a:syn_dict
phalanx of index finger	ANATOMY	3a	3a:syn_dict
stomach and duodenum	ANATOMY	3a	3a:syn_dict
costal margins	ANATOMY	3a	3a:syn_dict
auricular region	ANATOMY	3a	3a:syn_dict
left cerebral peduncle	ANATOMY	3a	3a:syn_dict
frontal pole	ANATOMY	3a	3a:syn_dict
patellar bursa	ANATOMY	3a	3a:syn_dict
colon wall	ANATOMY	3a	3a:syn_dict
gastric stump	ANATOMY	3a	3a:syn_dict
wall of left atrium	ANATOMY	3a	3a:syn_dict
lateral left ventricle	ANATOMY	3a	3a:syn_dict
spinal cord parenchyma	ANATOMY	3a	3a:syn_dict
vaginal cuff	ANATOMY	3a	3a:syn_dict
medium vessel	ANATOMY	3a	3a:syn_dict
biliary ducts	ANATOMY	3a	3a:syn_dict
synovium	ANATOMY	3a	3a:syn_dict
temporal pole	ANATOMY	3a	3a:syn_dict
prostatic gland	ANATOMY	3a	3a:syn_dict
right nasolacrimal duct	ANATOMY	3a	3a:syn_dict
right nasal vestibule	ANATOMY	3a	3a:syn_dict
basilic veins	ANATOMY	3a	3a:syn_dict
region of pancreas	ANATOMY	3a	3a:syn_dict
subhepatic region	ANATOMY	3a	3a:syn_dict
angular incisure of stomach	ANATOMY	3a	3a:syn_dict
area 3	ANATOMY	3a	3a:syn_dict
latissimus dorsi muscle flap	ANATOMY	3a	3a:syn_dict
left scapular region	ANATOMY	3a	3a:syn_dict
abdominal musculature	ANATOMY	3a	3a:syn_dict
metacarpophalangeal joint 5	ANATOMY	3a	3a:syn_dict
axillary lymph node	ANATOMY	3a	3a:syn_dict
t3 vertebral body	ANATOMY	3a	3a:syn_dict
filum terminale	ANATOMY	3a	3a:syn_dict
calyx	ANATOMY	3a	3a:syn_dict
masseter muscles	ANATOMY	3a	3a:syn_dict
right seminal vesicle	ANATOMY	3a	3a:syn_dict
external ear canal	ANATOMY	3a	3a:syn_dict
c6 dermatome	ANATOMY	3a	3a:syn_dict
right common iliac vein	ANATOMY	3a	3a:syn_dict
whole body bone	ANATOMY	3a	3a:syn_dict
soft tissue neck	ANATOMY	3a	3a:syn_dict
left iliacus	ANATOMY	3a	3a:syn_dict
phalanx of third finger	ANATOMY	3a	3a:syn_dict
metaphysis	ANATOMY	3a	3a:syn_dict
right calcaneus	ANATOMY	3a	3a:syn_dict
middle third of clavicle	ANATOMY	3a	3a:syn_dict
scapular body	ANATOMY	3a	3a:syn_dict
scalp hair	ANATOMY	3a	3a:syn_dict
tooth 26	ANATOMY	3a	3a:syn_dict
right hard palate	ANATOMY	3a	3a:syn_dict
right longus colli muscle	ANATOMY	3a	3a:syn_dict
longus colli muscle	ANATOMY	3a	3a:syn_dict
inferior oblique	ANATOMY	3a	3a:syn_dict
right first rib	ANATOMY	3a	3a:syn_dict
entire right kidney	ANATOMY	3a	3a:syn_dict
part of olecranon	ANATOMY	3a	3a:syn_dict
region of head	ANATOMY	3a	3a:syn_dict
proximal epiphysis	ANATOMY	3a	3a:syn_dict
distal epiphysis	ANATOMY	3a	3a:syn_dict
ureteral wall	ANATOMY	3a	3a:syn_dict
lower lung lobe	ANATOMY	3a	3a:syn_dict
epicranium	ANATOMY	3a	3a:syn_dict
sacrococcygeal region	ANATOMY	3a	3a:syn_dict
s4 level	ANATOMY	3a	3a:syn_dict
stensen duct	ANATOMY	3a	3a:syn_dict
thenar muscle	ANATOMY	3a	3a:syn_dict
fangs	ANATOMY	3a	3a:syn_dict
spinal cord surface	ANATOMY	3a	3a:syn_dict
left elbow skin	ANATOMY	3a	3a:syn_dict
t6 dermatome	ANATOMY	3a	3a:syn_dict
vesicular fluid	ANATOMY	3a	3a:syn_dict
lower gi tract	ANATOMY	3a	3a:syn_dict
l2 vertebral body	ANATOMY	3a	3a:syn_dict
lower anterior abdominal wall	ANATOMY	3a	3a:syn_dict
sternal surface	ANATOMY	3a	3a:syn_dict
appendix testis	ANATOMY	3a	3a:syn_dict
semioval center	ANATOMY	3a	3a:syn_dict
right lateral malleolus	ANATOMY	3a	3a:syn_dict
iliac bone	ANATOMY	3a	3a:syn_dict
infundibular recess of third ventricle	ANATOMY	3a	3a:syn_dict
infundibular stalk	ANATOMY	3a	3a:syn_dict
mammillary bodies	ANATOMY	3a	3a:syn_dict
middle cerebellar peduncles	ANATOMY	3a	3a:syn_dict
mesencephalic tectum	ANATOMY	3a	3a:syn_dict
tectal plate	ANATOMY	3a	3a:syn_dict
profunda femoris	ANATOMY	3a	3a:syn_dict
head of right epididymis	ANATOMY	3a	3a:syn_dict
rete testis	ANATOMY	3a	3a:syn_dict
bilateral ears	ANATOMY	3a	3a:syn_dict
right clavicular region	ANATOMY	3a	3a:syn_dict
bulbar urethra	ANATOMY	3a	3a:syn_dict
areolas	ANATOMY	3a	3a:syn_dict
apical segment of lung	ANATOMY	3a	3a:syn_dict
culmen	ANATOMY	3a	3a:syn_dict
colonic mucosa	ANATOMY	3a	3a:syn_dict
pastern	ANATOMY	3a	3a:syn_dict
pterygoid process	ANATOMY	3a	3a:syn_dict
pericardial patch	ANATOMY	3a	3a:syn_dict
left choroid	ANATOMY	3a	3a:syn_dict
lead v3	ANATOMY	3a	3a:syn_dict
left masseter	ANATOMY	3a	3a:syn_dict
right patella	ANATOMY	3a	3a:syn_dict
sublabiale	ANATOMY	3a	3a:syn_dict
left mental nerve	ANATOMY	3a	3a:syn_dict
lower eyelid skin	ANATOMY	3a	3a:syn_dict
gastrocnemius muscles	ANATOMY	3a	3a:syn_dict
flexor compartment	ANATOMY	3a	3a:syn_dict
left soleus	ANATOMY	3a	3a:syn_dict
mitral area	ANATOMY	3a	3a:syn_dict
right acetabulum	ANATOMY	3a	3a:syn_dict
subtrochanteric region	ANATOMY	3a	3a:syn_dict
mitral leaflet	ANATOMY	3a	3a:syn_dict
penile urethra	ANATOMY	3a	3a:syn_dict
integument of upper lip	ANATOMY	3a	3a:syn_dict
temporalis	ANATOMY	3a	3a:syn_dict
third molar tooth	ANATOMY	3a	3a:syn_dict
left paravertebral line	ANATOMY	3a	3a:syn_dict
vesicovaginalis	ANATOMY	3a	3a:syn_dict
iliac region	ANATOMY	3a	3a:syn_dict
kneecaps	ANATOMY	3a	3a:syn_dict
trachea and aorta	ANATOMY	3a	3a:syn_dict
orbital surface of frontal bone	ANATOMY	3a	3a:syn_dict
left ischiopubic ramus	ANATOMY	3a	3a:syn_dict
right maxillary canine	ANATOMY	3a	3a:syn_dict
right upper lung field	ANATOMY	3a	3a:syn_dict
external anal sphincter	ANATOMY	3a	3a:syn_dict
sentinel node	ANATOMY	3a	3a:syn_dict
endometrial glands	ANATOMY	3a	3a:syn_dict
entire foot	ANATOMY	3a	3a:syn_dict
popliteal arteries	ANATOMY	3a	3a:syn_dict
venula	ANATOMY	3a	3a:syn_dict
portal tracts	ANATOMY	3a	3a:syn_dict
internal oblique muscles	ANATOMY	3a	3a:syn_dict
external oblique	ANATOMY	3a	3a:syn_dict
lymphoid aggregates	ANATOMY	3a	3a:syn_dict
left fallopian tube	ANATOMY	3a	3a:syn_dict
obturator lymph node	ANATOMY	3a	3a:syn_dict
dorsal vertebra	ANATOMY	3a	3a:syn_dict
vertebral region	ANATOMY	3a	3a:syn_dict
upper hemithorax	ANATOMY	3a	3a:syn_dict
distal third of esophagus	ANATOMY	3a	3a:syn_dict
lower extremity skin	ANATOMY	3a	3a:syn_dict
retroauricular skin	ANATOMY	3a	3a:syn_dict
right auricle	ANATOMY	3a	3a:syn_dict
right pinna	ANATOMY	3a	3a:syn_dict
external canal	ANATOMY	3a	3a:syn_dict
suprapatellar pouch	ANATOMY	3a	3a:syn_dict
levator ani muscle	ANATOMY	3a	3a:syn_dict
left thorax	ANATOMY	3a	3a:syn_dict
right submandibular lymph node	ANATOMY	3a	3a:syn_dict
lateral thigh flap	ANATOMY	3a	3a:syn_dict
left a1	ANATOMY	3a	3a:syn_dict
parietal region of scalp	ANATOMY	3a	3a:syn_dict
dorsum of left foot	ANATOMY	3a	3a:syn_dict
tongue tip	ANATOMY	3a	3a:syn_dict
vermal region	ANATOMY	3a	3a:syn_dict
gingival mucosa	ANATOMY	3a	3a:syn_dict
t10 vertebra	ANATOMY	3a	3a:syn_dict
right psoas major muscle	ANATOMY	3a	3a:syn_dict
celiac lymph nodes	ANATOMY	3a	3a:syn_dict
transvesical	ANATOMY	3a	3a:syn_dict
left iliac region	ANATOMY	3a	3a:syn_dict
segment of colon	ANATOMY	3a	3a:syn_dict
haustra	ANATOMY	3a	3a:syn_dict
splen	ANATOMY	3a	3a:syn_dict
malar bones	ANATOMY	3a	3a:syn_dict
achilles tendons	ANATOMY	3a	3a:syn_dict
killian's dehiscence	ANATOMY	3a	3a:syn_dict
bile canaliculi	ANATOMY	3a	3a:syn_dict
truncus	ANATOMY	3a	3a:syn_dict
right semioval center	ANATOMY	3a	3a:syn_dict
hepatoduodenal ligament	ANATOMY	3a	3a:syn_dict
splenic parenchyma	ANATOMY	3a	3a:syn_dict
retroesophageal	ANATOMY	3a	3a:syn_dict
fmt	ANATOMY	3a	3a:syn_dict
superciliary arch	ANATOMY	3a	3a:syn_dict
renal structure	ANATOMY	3a	3a:syn_dict
lower gums	ANATOMY	3a	3a:syn_dict
suprapatellar recess	ANATOMY	3a	3a:syn_dict
lobe pulmonary	ANATOMY	3a	3a:syn_dict
left foot dorsum	ANATOMY	3a	3a:syn_dict
auricle	ANATOMY	3a	3a:syn_dict
internal female genitalia	ANATOMY	3a	3a:syn_dict
opercula	ANATOMY	3a	3a:syn_dict
basal vein of rosenthal	ANATOMY	3a	3a:syn_dict
mastoid region	ANATOMY	3a	3a:syn_dict
right trapezius	ANATOMY	3a	3a:syn_dict
left greater trochanter	ANATOMY	3a	3a:syn_dict
right lung field	ANATOMY	3a	3a:syn_dict
urinary tracts	ANATOMY	3a	3a:syn_dict
left rotator cuff	ANATOMY	3a	3a:syn_dict
rugae	ANATOMY	3a	3a:syn_dict
gastric remnant	ANATOMY	3a	3a:syn_dict
upper dental arch	ANATOMY	3a	3a:syn_dict
petroclival region	ANATOMY	3a	3a:syn_dict
right peroneus longus	ANATOMY	3a	3a:syn_dict
left caudate nucleus	ANATOMY	3a	3a:syn_dict
retropharyngeal lymph nodes	ANATOMY	3a	3a:syn_dict
lingual septum	ANATOMY	3a	3a:syn_dict
bilateral lens	ANATOMY	3a	3a:syn_dict
vertebral endplate	ANATOMY	3a	3a:syn_dict
papillary dermis	ANATOMY	3a	3a:syn_dict
l3 vertebra	ANATOMY	3a	3a:syn_dict
left common iliac lymph nodes	ANATOMY	3a	3a:syn_dict
entire bladder	ANATOMY	3a	3a:syn_dict
pyloric region	ANATOMY	3a	3a:syn_dict
bladder trigone	ANATOMY	3a	3a:syn_dict
concha	ANATOMY	3a	3a:syn_dict
fourth cranial nerve	ANATOMY	3a	3a:syn_dict
neck and thorax	ANATOMY	3a	3a:syn_dict
cervical arteries	ANATOMY	3a	3a:syn_dict
ventral abdomen	ANATOMY	3a	3a:syn_dict
left middle ear	ANATOMY	3a	3a:syn_dict
right external ear	ANATOMY	3a	3a:syn_dict
genitourinary tract	ANATOMY	3a	3a:syn_dict
frontal operculum	ANATOMY	3a	3a:syn_dict
splenium of corpus callosum	ANATOMY	3a	3a:syn_dict
submucosa of descending colon	ANATOMY	3a	3a:syn_dict
optic disks	ANATOMY	3a	3a:syn_dict
head and maxillofacial region	ANATOMY	3a	3a:syn_dict
premolars	ANATOMY	3a	3a:syn_dict
fba	ANATOMY	3a	3a:syn_dict
rectus abdominus	ANATOMY	3a	3a:syn_dict
left atrial wall	ANATOMY	3a	3a:syn_dict
circumcision site	ANATOMY	3a	3a:syn_dict
posterior commissure	ANATOMY	3a	3a:syn_dict
superficial transverse perineal muscle	ANATOMY	3a	3a:syn_dict
articular pillar	ANATOMY	3a	3a:syn_dict
joint capsules	ANATOMY	3a	3a:syn_dict
palmar fascia	ANATOMY	3a	3a:syn_dict
internal carotid	ANATOMY	3a	3a:syn_dict
extrahepatic biliary system	ANATOMY	3a	3a:syn_dict
right auriculare	ANATOMY	3a	3a:syn_dict
lower jaw tooth	ANATOMY	3a	3a:syn_dict
mental nerve	ANATOMY	3a	3a:syn_dict
stomach antrum	ANATOMY	3a	3a:syn_dict
ulnar collateral nerve	ANATOMY	3a	3a:syn_dict
main biliary duct	ANATOMY	3a	3a:syn_dict
third metatarsal	ANATOMY	3a	3a:syn_dict
right epididymal head	ANATOMY	3a	3a:syn_dict
transgastric	ANATOMY	3a	3a:syn_dict
ia2	ANATOMY	3a	3a:syn_dict
sinonasal tract	ANATOMY	3a	3a:syn_dict
larynx and trachea	ANATOMY	3a	3a:syn_dict
lower extremity veins	ANATOMY	3a	3a:syn_dict
external iliac vein	ANATOMY	3a	3a:syn_dict
tendinous	ANATOMY	3a	3a:syn_dict
central nucleus	ANATOMY	3a	3a:syn_dict
epididymal tail	ANATOMY	3a	3a:syn_dict
circumflex nerve	ANATOMY	3a	3a:syn_dict
entire upper lip	ANATOMY	3a	3a:syn_dict
upper lip mucosa	ANATOMY	3a	3a:syn_dict
dorsum of hand	ANATOMY	3a	3a:syn_dict
subc	ANATOMY	3a	3a:syn_dict
limb axis	ANATOMY	3a	3a:syn_dict
right maxilla	ANATOMY	3a	3a:syn_dict
cloaca	ANATOMY	3a	3a:syn_dict
aortic valves	ANATOMY	3a	3a:syn_dict
right popliteal region	ANATOMY	3a	3a:syn_dict
crown of tooth 21	ANATOMY	3a	3a:syn_dict
abdominal vasculature	ANATOMY	3a	3a:syn_dict
right inframammary region	ANATOMY	3a	3a:syn_dict
epitrochlear lymph node	ANATOMY	3a	3a:syn_dict
epiglottis and larynx	ANATOMY	3a	3a:syn_dict
right retromolar region	ANATOMY	3a	3a:syn_dict
entire urethra	ANATOMY	3a	3a:syn_dict
left deltoid region	ANATOMY	3a	3a:syn_dict
posterior tongue	ANATOMY	3a	3a:syn_dict
bimalleolar area	ANATOMY	3a	3a:syn_dict
left tonsil	ANATOMY	3a	3a:syn_dict
corona of glans	ANATOMY	3a	3a:syn_dict
bimalleolar region	ANATOMY	3a	3a:syn_dict
pulmonary hilum	ANATOMY	3a	3a:syn_dict
dorsal hand	ANATOMY	3a	3a:syn_dict
parietal bones	ANATOMY	3a	3a:syn_dict
right renal cortex	ANATOMY	3a	3a:syn_dict
right vocal fold	ANATOMY	3a	3a:syn_dict
stria	ANATOMY	3a	3a:syn_dict
esophagus and duodenum	ANATOMY	3a	3a:syn_dict
lower quadrant abdominal	ANATOMY	3a	3a:syn_dict
plantar region	ANATOMY	3a	3a:syn_dict
recurrent artery of heubner	ANATOMY	3a	3a:syn_dict
right middle cerebellar peduncle	ANATOMY	3a	3a:syn_dict
right index finger nail	ANATOMY	3a	3a:syn_dict
surface of left arm	ANATOMY	3a	3a:syn_dict
biceps brachii	ANATOMY	3a	3a:syn_dict
coracoid process	ANATOMY	3a	3a:syn_dict
left nasolabial fold	ANATOMY	3a	3a:syn_dict
infraclavicular region	ANATOMY	3a	3a:syn_dict
iliopubic ramus	ANATOMY	3a	3a:syn_dict
mitral ring	ANATOMY	3a	3a:syn_dict
t8 vertebral body	ANATOMY	3a	3a:syn_dict
right quadratus lumborum muscle	ANATOMY	3a	3a:syn_dict
intrathoracic organ	ANATOMY	3a	3a:syn_dict
prevertebral muscle	ANATOMY	3a	3a:syn_dict
anterior talofibular ligament	ANATOMY	3a	3a:syn_dict
nasal structure	ANATOMY	3a	3a:syn_dict
lower gingiva	ANATOMY	3a	3a:syn_dict
posterior cervical lymph node	ANATOMY	3a	3a:syn_dict
adjacent organ	ANATOMY	3a	3a:syn_dict
nasolacrimal	ANATOMY	3a	3a:syn_dict
right nipple	ANATOMY	3a	3a:syn_dict
anterior cervical lymph nodes	ANATOMY	3a	3a:syn_dict
minor salivary glands	ANATOMY	3a	3a:syn_dict
right thumb nail	ANATOMY	3a	3a:syn_dict
extensor digitorum communis	ANATOMY	3a	3a:syn_dict
fasciocutaneous flap	ANATOMY	3a	3a:syn_dict
heel region	ANATOMY	3a	3a:syn_dict
reconstructive flap	ANATOMY	3a	3a:syn_dict
right striatum	ANATOMY	3a	3a:syn_dict
superior longitudinal fasciculus	ANATOMY	3a	3a:syn_dict
left quadriceps	ANATOMY	3a	3a:syn_dict
tooth 32	ANATOMY	3a	3a:syn_dict
bilateral eyes	ANATOMY	3a	3a:syn_dict
mucosal region	ANATOMY	3a	3a:syn_dict
entire left thigh	ANATOMY	3a	3a:syn_dict
ethmoid sinus	ANATOMY	3a	3a:syn_dict
body of zygomatic bone	ANATOMY	3a	3a:syn_dict
right upper extremity and shoulder	ANATOMY	3a	3a:syn_dict
middle hepatic veins	ANATOMY	3a	3a:syn_dict
anterior tibialis	ANATOMY	3a	3a:syn_dict
genioglossus	ANATOMY	3a	3a:syn_dict
geniohyoid	ANATOMY	3a	3a:syn_dict
mylohyoid	ANATOMY	3a	3a:syn_dict
tibiofibular syndesmosis	ANATOMY	3a	3a:syn_dict
right facial artery	ANATOMY	3a	3a:syn_dict
left parotid region	ANATOMY	3a	3a:syn_dict
tooth 4	ANATOMY	3a	3a:syn_dict
phalanx of second finger	ANATOMY	3a	3a:syn_dict
right iliac crest	ANATOMY	3a	3a:syn_dict
prostatic capsule	ANATOMY	3a	3a:syn_dict
branch of facial artery	ANATOMY	3a	3a:syn_dict
orbital muscle	ANATOMY	3a	3a:syn_dict
lateral pterygoid muscle	ANATOMY	3a	3a:syn_dict
gluteal area	ANATOMY	3a	3a:syn_dict
mandibular molar	ANATOMY	3a	3a:syn_dict
entire right hemithorax	ANATOMY	3a	3a:syn_dict
pectoralis muscles	ANATOMY	3a	3a:syn_dict
subdural fluid	ANATOMY	3a	3a:syn_dict
anterior cervical nodes	ANATOMY	3a	3a:syn_dict
infraorbital area	ANATOMY	3a	3a:syn_dict
cervicothoracic region	ANATOMY	3a	3a:syn_dict
mandibular base	ANATOMY	3a	3a:syn_dict
lower alveolar ridge	ANATOMY	3a	3a:syn_dict
pole of spleen	ANATOMY	3a	3a:syn_dict
left orbital region	ANATOMY	3a	3a:syn_dict
ophthalmic arteries	ANATOMY	3a	3a:syn_dict
right pulmonary hilum	ANATOMY	3a	3a:syn_dict
substernal region	ANATOMY	3a	3a:syn_dict
left palm	ANATOMY	3a	3a:syn_dict
mandibula	ANATOMY	3a	3a:syn_dict
red pulp	ANATOMY	3a	3a:syn_dict
duodenal mucosa	ANATOMY	3a	3a:syn_dict
jejunal mucosa	ANATOMY	3a	3a:syn_dict
iliac muscle	ANATOMY	3a	3a:syn_dict
flap surg	ANATOMY	3a	3a:syn_dict
both adrenal glands	ANATOMY	3a	3a:syn_dict
parietal white matter	ANATOMY	3a	3a:syn_dict
greater saphenous vein	ANATOMY	3a	3a:syn_dict
peritoneal surface	ANATOMY	3a	3a:syn_dict
infrapatellar bursa	ANATOMY	3a	3a:syn_dict
renal pelves	ANATOMY	3a	3a:syn_dict
petrosal sinus	ANATOMY	3a	3a:syn_dict
bulb of penis	ANATOMY	3a	3a:syn_dict
mucosa of tympanic cavity	ANATOMY	3a	3a:syn_dict
brachial region	ANATOMY	3a	3a:syn_dict
lumbar nerve roots	ANATOMY	3a	3a:syn_dict
cranial nerve xi	ANATOMY	3a	3a:syn_dict
superficial inguinal ring	ANATOMY	3a	3a:syn_dict
mandibular zone	ANATOMY	3a	3a:syn_dict
maxillary incisor	ANATOMY	3a	3a:syn_dict
c7 transverse process	ANATOMY	3a	3a:syn_dict
maxillary alveolar ridge	ANATOMY	3a	3a:syn_dict
brachiocephalic venous trunk	ANATOMY	3a	3a:syn_dict
right hilum	ANATOMY	3a	3a:syn_dict
glisson's capsule	ANATOMY	3a	3a:syn_dict
hollow viscera	ANATOMY	3a	3a:syn_dict
distal radial epiphysis	ANATOMY	3a	3a:syn_dict
basal ganglion	ANATOMY	3a	3a:syn_dict
caudate lobe	ANATOMY	3a	3a:syn_dict
extensor surface	ANATOMY	3a	3a:syn_dict
right ovarian vein	ANATOMY	3a	3a:syn_dict
malar bone	ANATOMY	3a	3a:syn_dict
sfg	ANATOMY	3a	3a:syn_dict
supraumbilical region	ANATOMY	3a	3a:syn_dict
posterior cerebral artery	ANATOMY	3a	3a:syn_dict
arterial trunk	ANATOMY	3a	3a:syn_dict
foveola	ANATOMY	3a	3a:syn_dict
hyaloid artery	ANATOMY	3a	3a:syn_dict
t12 dermatome	ANATOMY	3a	3a:syn_dict
uterine fundus	ANATOMY	3a	3a:syn_dict
base of left lung	ANATOMY	3a	3a:syn_dict
right maxillary artery	ANATOMY	3a	3a:syn_dict
falx	ANATOMY	3a	3a:syn_dict
both eyes	ANATOMY	3a	3a:syn_dict
left medial malleolus	ANATOMY	3a	3a:syn_dict
fascia lata	ANATOMY	3a	3a:syn_dict
plantar fascia	ANATOMY	3a	3a:syn_dict
left pulmonary hilum	ANATOMY	3a	3a:syn_dict
left upper hemithorax	ANATOMY	3a	3a:syn_dict
posterior pleura	ANATOMY	3a	3a:syn_dict
entire index finger	ANATOMY	3a	3a:syn_dict
rectal structure	ANATOMY	3a	3a:syn_dict
chordae tendineae	ANATOMY	3a	3a:syn_dict
unilateral vocal cord	ANATOMY	3a	3a:syn_dict
perivesical tissue	ANATOMY	3a	3a:syn_dict
descemet's membrane	ANATOMY	3a	3a:syn_dict
right coronary sinus	ANATOMY	3a	3a:syn_dict
thyroid isthmus	ANATOMY	3a	3a:syn_dict
lower right leg	ANATOMY	3a	3a:syn_dict
left iliopsoas	ANATOMY	3a	3a:syn_dict
leaflet of mitral valve	ANATOMY	3a	3a:syn_dict
right inferior parathyroid gland	ANATOMY	3a	3a:syn_dict
left obturator externus	ANATOMY	3a	3a:syn_dict
upper alveolar ridge	ANATOMY	3a	3a:syn_dict
external iliac lymph node	ANATOMY	3a	3a:syn_dict
splenic bed	ANATOMY	3a	3a:syn_dict
circumflex coronary artery	ANATOMY	3a	3a:syn_dict
gastric serosa	ANATOMY	3a	3a:syn_dict
colon hepatic flexure	ANATOMY	3a	3a:syn_dict
retina of right eye	ANATOMY	3a	3a:syn_dict
retromolar region	ANATOMY	3a	3a:syn_dict
right bronchial artery	ANATOMY	3a	3a:syn_dict
heart great vessels	ANATOMY	3a	3a:syn_dict
parotid bed	ANATOMY	3a	3a:syn_dict
entire left hemithorax	ANATOMY	3a	3a:syn_dict
right deltoid region	ANATOMY	3a	3a:syn_dict
central gray matter	ANATOMY	3a	3a:syn_dict
right anterior cerebral artery	ANATOMY	3a	3a:syn_dict
infundibular recess	ANATOMY	3a	3a:syn_dict
l spine	ANATOMY	3a	3a:syn_dict
vermis	ANATOMY	3a	3a:syn_dict
pulmonary lobe	ANATOMY	3a	3a:syn_dict
superior frontal gyrus	ANATOMY	3a	3a:syn_dict
left precentral gyrus	ANATOMY	3a	3a:syn_dict
retinal vasculature	ANATOMY	3a	3a:syn_dict
anal region	ANATOMY	3a	3a:syn_dict
small colon	ANATOMY	3a	3a:syn_dict
pectoralis major muscles	ANATOMY	3a	3a:syn_dict
mesentery colon	ANATOMY	3a	3a:syn_dict
upper lobe artery	ANATOMY	3a	3a:syn_dict
hymenal ring	ANATOMY	3a	3a:syn_dict
paratracheal region	ANATOMY	3a	3a:syn_dict
neuraxis radiation	ANATOMY	3a	3a:syn_dict
petrous bone	ANATOMY	3a	3a:syn_dict
prostatic lobe	ANATOMY	3a	3a:syn_dict
anogenital	ANATOMY	3a	3a:syn_dict
visual pathways	ANATOMY	3a	3a:syn_dict
middle meningeal artery	ANATOMY	3a	3a:syn_dict
right superior pulmonary vein	ANATOMY	3a	3a:syn_dict
lower lung field	ANATOMY	3a	3a:syn_dict
rectum colon	ANATOMY	3a	3a:syn_dict
parameningeal	ANATOMY	3a	3a:syn_dict
distal pole of scaphoid	ANATOMY	3a	3a:syn_dict
frontal cortices	ANATOMY	3a	3a:syn_dict
metatarsal base	ANATOMY	3a	3a:syn_dict
carotid sheath	ANATOMY	3a	3a:syn_dict
body of mandible	ANATOMY	3a	3a:syn_dict
oculomotor nerve	ANATOMY	3a	3a:syn_dict
right tibialis anterior	ANATOMY	3a	3a:syn_dict
renal calyces	ANATOMY	3a	3a:syn_dict
surface of frontal lobe	ANATOMY	3a	3a:syn_dict
left upper extremity and shoulder	ANATOMY	3a	3a:syn_dict
nasal passage	ANATOMY	3a	3a:syn_dict
left nasal vestibule	ANATOMY	3a	3a:syn_dict
fungiform papillae	ANATOMY	3a	3a:syn_dict
pterygoid region	ANATOMY	3a	3a:syn_dict
posterior inferior cerebellar artery	ANATOMY	3a	3a:syn_dict
superior cerebellar artery	ANATOMY	3a	3a:syn_dict
right midclavicular line	ANATOMY	3a	3a:syn_dict
atrial wall	ANATOMY	3a	3a:syn_dict
left ear lobe	ANATOMY	3a	3a:syn_dict
central pulmonary arteries	ANATOMY	3a	3a:syn_dict
parasternal region	ANATOMY	3a	3a:syn_dict
diaphragm and liver	ANATOMY	3a	3a:syn_dict
right hilar lymph node	ANATOMY	3a	3a:syn_dict
humeral metaphysis	ANATOMY	3a	3a:syn_dict
right tibial plateau	ANATOMY	3a	3a:syn_dict
entire lower eyelid	ANATOMY	3a	3a:syn_dict
subcutaneous pedicle	ANATOMY	3a	3a:syn_dict
auricular appendages	ANATOMY	3a	3a:syn_dict
area 33	ANATOMY	3a	3a:syn_dict
left internal iliac artery	ANATOMY	3a	3a:syn_dict
external carotid artery	ANATOMY	3a	3a:syn_dict
retromandibular vein	ANATOMY	3a	3a:syn_dict
left external jugular vein	ANATOMY	3a	3a:syn_dict
atrioventricular node	ANATOMY	3a	3a:syn_dict
brain and skull	ANATOMY	3a	3a:syn_dict
pes anserine bursa	ANATOMY	3a	3a:syn_dict
left first rib	ANATOMY	3a	3a:syn_dict
cerebral peduncle	ANATOMY	3a	3a:syn_dict
vital tooth	ANATOMY	3a	3a:syn_dict
right knee skin	ANATOMY	3a	3a:syn_dict
lumbar spinal cord	ANATOMY	3a	3a:syn_dict
pulmonary arterial tree	ANATOMY	3a	3a:syn_dict
right conjunctiva	ANATOMY	3a	3a:syn_dict
intrinsic hand muscle	ANATOMY	3a	3a:syn_dict
outer nuclear layer	ANATOMY	3a	3a:syn_dict
chest wall muscle	ANATOMY	3a	3a:syn_dict
lingual mucosa	ANATOMY	3a	3a:syn_dict
lingula of left lung	ANATOMY	3a	3a:syn_dict
distal muscle	ANATOMY	3a	3a:syn_dict
hepatic duct	ANATOMY	3a	3a:syn_dict
uncus	ANATOMY	3a	3a:syn_dict
bilateral tonsils	ANATOMY	3a	3a:syn_dict
left external iliac artery	ANATOMY	3a	3a:syn_dict
left trapezius	ANATOMY	3a	3a:syn_dict
mesogastric region	ANATOMY	3a	3a:syn_dict
bilateral medial rectus	ANATOMY	3a	3a:syn_dict
r calf	ANATOMY	3a	3a:syn_dict
l calf	ANATOMY	3a	3a:syn_dict
wall of ascending aorta	ANATOMY	3a	3a:syn_dict
left gluteus maximus muscle	ANATOMY	3a	3a:syn_dict
left hip region	ANATOMY	3a	3a:syn_dict
areas pf	ANATOMY	3a	3a:syn_dict
area 22a	ANATOMY	3a	3a:syn_dict
spine of right scapula	ANATOMY	3a	3a:syn_dict
quadriceps muscles	ANATOMY	3a	3a:syn_dict
decidual	ANATOMY	3a	3a:syn_dict
iris stroma	ANATOMY	3a	3a:syn_dict
urinary bladder wall	ANATOMY	3a	3a:syn_dict
dental arches	ANATOMY	3a	3a:syn_dict
nasal cavity and paranasal sinuses	ANATOMY	3a	3a:syn_dict
area 21	ANATOMY	3a	3a:syn_dict
area 29	ANATOMY	3a	3a:syn_dict
cerebellar tonsil	ANATOMY	3a	3a:syn_dict
lateral cervical lymph node	ANATOMY	3a	3a:syn_dict
infraorbital nerve	ANATOMY	3a	3a:syn_dict
vaginal apex	ANATOMY	3a	3a:syn_dict
eye involvement	ANATOMY	3a	3a:syn_dict
ventral tongue	ANATOMY	3a	3a:syn_dict
left hypochondriac region	ANATOMY	3a	3a:syn_dict
segment of right lung	ANATOMY	3a	3a:syn_dict
lobe of left lung	ANATOMY	3a	3a:syn_dict
right ankle region	ANATOMY	3a	3a:syn_dict
small intestine and colon	ANATOMY	3a	3a:syn_dict
valsalva sinus	ANATOMY	3a	3a:syn_dict
upper eyelid skin	ANATOMY	3a	3a:syn_dict
tarsal plate	ANATOMY	3a	3a:syn_dict
pericranium	ANATOMY	3a	3a:syn_dict
abdominal hair	ANATOMY	3a	3a:syn_dict
optic nerve heads	ANATOMY	3a	3a:syn_dict
tensor fasciae latae	ANATOMY	3a	3a:syn_dict
entire digit	ANATOMY	3a	3a:syn_dict
right scaphoid	ANATOMY	3a	3a:syn_dict
right scaphoid bone	ANATOMY	3a	3a:syn_dict
right eyeball	ANATOMY	3a	3a:syn_dict
salivary duct	ANATOMY	3a	3a:syn_dict
phalanx of fourth finger	ANATOMY	3a	3a:syn_dict
right mcl	ANATOMY	3a	3a:syn_dict
right internal iliac artery	ANATOMY	3a	3a:syn_dict
common bile ducts	ANATOMY	3a	3a:syn_dict
lateral menisci	ANATOMY	3a	3a:syn_dict
excision margins	ANATOMY	3a	3a:syn_dict
plastron	ANATOMY	3a	3a:syn_dict
pelvic sidewall	ANATOMY	3a	3a:syn_dict
pelvic diameter	ANATOMY	3a	3a:syn_dict
inferior border of liver	ANATOMY	3a	3a:syn_dict
left side of abdomen	ANATOMY	3a	3a:syn_dict
inferior margin of liver	ANATOMY	3a	3a:syn_dict
tibias	ANATOMY	3a	3a:syn_dict
occipital poles	ANATOMY	3a	3a:syn_dict
nape of neck	ANATOMY	3a	3a:syn_dict
aerodigestive tract	ANATOMY	3a	3a:syn_dict
ulnar collateral ligament	ANATOMY	3a	3a:syn_dict
common flexor tendon	ANATOMY	3a	3a:syn_dict
seminal vesicle	ANATOMY	3a	3a:syn_dict
right vas deferens	ANATOMY	3a	3a:syn_dict
perirectal region	ANATOMY	3a	3a:syn_dict
ureter bilateral	ANATOMY	3a	3a:syn_dict
retinaculum	ANATOMY	3a	3a:syn_dict
left brachialis	ANATOMY	3a	3a:syn_dict
ileal mesentery	ANATOMY	3a	3a:syn_dict
intrathyroidal parathyroid	ANATOMY	3a	3a:syn_dict
left parotid gland	ANATOMY	3a	3a:syn_dict
right lentiform nucleus	ANATOMY	3a	3a:syn_dict
eyebrow region	ANATOMY	3a	3a:syn_dict
moderator band	ANATOMY	3a	3a:syn_dict
broviac	ANATOMY	3a	3a:syn_dict
both testes	ANATOMY	3a	3a:syn_dict
nerve v	ANATOMY	3a	3a:syn_dict
epitrochlear region	ANATOMY	3a	3a:syn_dict
cervical area	ANATOMY	3a	3a:syn_dict
presacral region	ANATOMY	3a	3a:syn_dict
left eyeball	ANATOMY	3a	3a:syn_dict
diaphragma	ANATOMY	3a	3a:syn_dict
segment of left lung	ANATOMY	3a	3a:syn_dict
deep cerebral veins	ANATOMY	3a	3a:syn_dict
surface of left leg	ANATOMY	3a	3a:syn_dict
obturator lymph nodes	ANATOMY	3a	3a:syn_dict
pedicled flap	ANATOMY	3a	3a:syn_dict
right upper extremity	ANATOMY	3a	3a:syn_dict
entire trunk	ANATOMY	3a	3a:syn_dict
mandibular alveolar mucosa	ANATOMY	3a	3a:syn_dict
right posterior chest	ANATOMY	3a	3a:syn_dict
lateral nail fold	ANATOMY	3a	3a:syn_dict
circumflex scapular artery	ANATOMY	3a	3a:syn_dict
circumflex scapular vein	ANATOMY	3a	3a:syn_dict
facial venous trunk	ANATOMY	3a	3a:syn_dict
wall colon	ANATOMY	3a	3a:syn_dict
left periorbita	ANATOMY	3a	3a:syn_dict
radial margin	ANATOMY	3a	3a:syn_dict
gastric cardia	ANATOMY	3a	3a:syn_dict
right triceps surae	ANATOMY	3a	3a:syn_dict
canine tooth	ANATOMY	3a	3a:syn_dict
urethro	ANATOMY	3a	3a:syn_dict
right anterior choroidal artery	ANATOMY	3a	3a:syn_dict
sagittal planes	ANATOMY	3a	3a:syn_dict
tibial physis	ANATOMY	3a	3a:syn_dict
cervical nerve roots	ANATOMY	3a	3a:syn_dict
anal orifice	ANATOMY	3a	3a:syn_dict
left vastus lateralis	ANATOMY	3a	3a:syn_dict
cerebellar tonsilla	ANATOMY	3a	3a:syn_dict
iliopsoas muscles	ANATOMY	3a	3a:syn_dict
pampiniform plexus	ANATOMY	3a	3a:syn_dict
entire bile duct	ANATOMY	3a	3a:syn_dict
choriocapillaris	ANATOMY	3a	3a:syn_dict
alveolar margin	ANATOMY	3a	3a:syn_dict
tooth 20	ANATOMY	3a	3a:syn_dict
central nuclei	ANATOMY	3a	3a:syn_dict
lower thoracic region	ANATOMY	3a	3a:syn_dict
old operative site	ANATOMY	3a	3a:syn_dict
testes and scrotum	ANATOMY	3a	3a:syn_dict
epididymis and vas deferens	ANATOMY	3a	3a:syn_dict
left popliteal artery	ANATOMY	3a	3a:syn_dict
soft tissues of neck	ANATOMY	3a	3a:syn_dict
omental fat	ANATOMY	3a	3a:syn_dict
lingual papillae	ANATOMY	3a	3a:syn_dict
right superior pubic ramus	ANATOMY	3a	3a:syn_dict
urethral mucosa	ANATOMY	3a	3a:syn_dict
lobe lower lung	ANATOMY	3a	3a:syn_dict
upper lid margin	ANATOMY	3a	3a:syn_dict
spinal region	ANATOMY	3a	3a:syn_dict
pectoralis minor	ANATOMY	3a	3a:syn_dict
rhomboids	ANATOMY	3a	3a:syn_dict
skin of perineum	ANATOMY	3a	3a:syn_dict
right pectoralis major muscle	ANATOMY	3a	3a:syn_dict
entire scalp	ANATOMY	3a	3a:syn_dict
white matter of frontal lobe	ANATOMY	3a	3a:syn_dict
left hypoglossal nerve	ANATOMY	3a	3a:syn_dict
facial colliculus	ANATOMY	3a	3a:syn_dict
surface of right thigh	ANATOMY	3a	3a:syn_dict
surface of left thigh	ANATOMY	3a	3a:syn_dict
dermal ridges	ANATOMY	3a	3a:syn_dict
segment of right hepatic lobe	ANATOMY	3a	3a:syn_dict
left femoral neck	ANATOMY	3a	3a:syn_dict
external carotid arteries	ANATOMY	3a	3a:syn_dict
splenic veins	ANATOMY	3a	3a:syn_dict
right v1	ANATOMY	3a	3a:syn_dict
anterior nasal spine	ANATOMY	3a	3a:syn_dict
lower pole of left kidney	ANATOMY	3a	3a:syn_dict
anterior pole of eye	ANATOMY	3a	3a:syn_dict
liver segment	ANATOMY	3a	3a:syn_dict
entire testicle	ANATOMY	3a	3a:syn_dict
lenticulostriate artery	ANATOMY	3a	3a:syn_dict
pedicle flap	ANATOMY	3a	3a:syn_dict
hepatic arteries	ANATOMY	3a	3a:syn_dict
submandibular node	ANATOMY	3a	3a:syn_dict
left axillary region	ANATOMY	3a	3a:syn_dict
right mandibular canine	ANATOMY	3a	3a:syn_dict
cecal mesentery	ANATOMY	3a	3a:syn_dict
right infrascapular region	ANATOMY	3a	3a:syn_dict
base of bladder	ANATOMY	3a	3a:syn_dict
leg region	ANATOMY	3a	3a:syn_dict
right labium majus	ANATOMY	3a	3a:syn_dict
tentorium cerebelli	ANATOMY	3a	3a:syn_dict
obturator fossa	ANATOMY	3a	3a:syn_dict
periprostatic venous plexus	ANATOMY	3a	3a:syn_dict
thyroid gland isthmus	ANATOMY	3a	3a:syn_dict
lobe of parotid gland	ANATOMY	3a	3a:syn_dict
left tibioperoneal trunk	ANATOMY	3a	3a:syn_dict
pericardial sac	ANATOMY	3a	3a:syn_dict
antecubital region	ANATOMY	3a	3a:syn_dict
intercostal muscles	ANATOMY	3a	3a:syn_dict
uterine arteries	ANATOMY	3a	3a:syn_dict
diaphragma sellae	ANATOMY	3a	3a:syn_dict
right posterior axillary line	ANATOMY	3a	3a:syn_dict
aortic ring	ANATOMY	3a	3a:syn_dict
bilateral vocal cords	ANATOMY	3a	3a:syn_dict
left aortic arch	ANATOMY	3a	3a:syn_dict
trabecular meshwork	ANATOMY	3a	3a:syn_dict
right thorax	ANATOMY	3a	3a:syn_dict
left piriformis	ANATOMY	3a	3a:syn_dict
hepatic colon	ANATOMY	3a	3a:syn_dict
retroperitoneal node	ANATOMY	3a	3a:syn_dict
palatal root	ANATOMY	3a	3a:syn_dict
lower lip mucosa	ANATOMY	3a	3a:syn_dict
geniculate ganglion	ANATOMY	3a	3a:syn_dict
left vestibulocochlear vein	ANATOMY	3a	3a:syn_dict
splenic flexure of colon	ANATOMY	3a	3a:syn_dict
phalanges of fingers	ANATOMY	3a	3a:syn_dict
phalanx of first toe	ANATOMY	3a	3a:syn_dict
humeri	ANATOMY	3a	3a:syn_dict
subcutaneous pedicle flap	ANATOMY	3a	3a:syn_dict
cartilage process	ANATOMY	3a	3a:syn_dict
right peroneus longus muscle	ANATOMY	3a	3a:syn_dict
left gastrocnemius	ANATOMY	3a	3a:syn_dict
lingual frenulum	ANATOMY	3a	3a:syn_dict
right corona radiata	ANATOMY	3a	3a:syn_dict
parietal pericardium	ANATOMY	3a	3a:syn_dict
left bronchial artery	ANATOMY	3a	3a:syn_dict
anterior mandibular teeth	ANATOMY	3a	3a:syn_dict
gluteal muscles	ANATOMY	3a	3a:syn_dict
right lenticulostriate artery	ANATOMY	3a	3a:syn_dict
external obturator muscle	ANATOMY	3a	3a:syn_dict
preperitoneal fat	ANATOMY	3a	3a:syn_dict
mucosa of pharynx	ANATOMY	3a	3a:syn_dict
supraspinatus tendon	ANATOMY	3a	3a:syn_dict
medial orbital wall	ANATOMY	3a	3a:syn_dict
right pretracheal lymph node	ANATOMY	3a	3a:syn_dict
pretracheal lymph node	ANATOMY	3a	3a:syn_dict
right renal parenchyma	ANATOMY	3a	3a:syn_dict
gastric folds	ANATOMY	3a	3a:syn_dict
cmn	ANATOMY	3a	3a:syn_dict
palpebrae	ANATOMY	3a	3a:syn_dict
right renal vessels	ANATOMY	3a	3a:syn_dict
optic radiations	ANATOMY	3a	3a:syn_dict
entire renal pelvis	ANATOMY	3a	3a:syn_dict
respiratory airway	ANATOMY	3a	3a:syn_dict
right abductor pollicis brevis	ANATOMY	3a	3a:syn_dict
greater auricular nerve	ANATOMY	3a	3a:syn_dict
vag	ANATOMY	3a	3a:syn_dict
renal medullae	ANATOMY	3a	3a:syn_dict
area 13	ANATOMY	3a	3a:syn_dict
axillary node	ANATOMY	3a	3a:syn_dict
region 4	ANATOMY	3a	3a:syn_dict
cortex of left kidney	ANATOMY	3a	3a:syn_dict
epicanthal folds	ANATOMY	3a	3a:syn_dict
hypothenar eminence	ANATOMY	3a	3a:syn_dict
periorbital skin	ANATOMY	3a	3a:syn_dict
left middle cerebellar peduncle	ANATOMY	3a	3a:syn_dict
opercular region	ANATOMY	3a	3a:syn_dict
trunk region	ANATOMY	3a	3a:syn_dict
bilateral testes	ANATOMY	3a	3a:syn_dict
ostium primum	ANATOMY	3a	3a:syn_dict
tunica albuginea of corpora cavernosa	ANATOMY	3a	3a:syn_dict
right lateral cervical region	ANATOMY	3a	3a:syn_dict
deciduous tooth	ANATOMY	3a	3a:syn_dict
lsi	ANATOMY	3a	3a:syn_dict
wrist hand	ANATOMY	3a	3a:syn_dict
lentiform nuclei	ANATOMY	3a	3a:syn_dict
ileum mesentery	ANATOMY	3a	3a:syn_dict
fascia of frontalis	ANATOMY	3a	3a:syn_dict
descended right testis	ANATOMY	3a	3a:syn_dict
upper pole of right kidney	ANATOMY	3a	3a:syn_dict
metacarpals and phalanges	ANATOMY	3a	3a:syn_dict
fourth ray	ANATOMY	3a	3a:syn_dict
uterus and cervix	ANATOMY	3a	3a:syn_dict
vaginal rugae	ANATOMY	3a	3a:syn_dict
left radial artery	ANATOMY	3a	3a:syn_dict
synchondrosis	ANATOMY	3a	3a:syn_dict
left subscapularis	ANATOMY	3a	3a:syn_dict
entire optic disc	ANATOMY	3a	3a:syn_dict
retinal pigment epithelium	ANATOMY	3a	3a:syn_dict
lenticular nucleus	ANATOMY	3a	3a:syn_dict
left sternocleidomastoid	ANATOMY	3a	3a:syn_dict
adenoidal	ANATOMY	3a	3a:syn_dict
vessel intracranial	ANATOMY	3a	3a:syn_dict
right iliopsoas	ANATOMY	3a	3a:syn_dict
scalp head	ANATOMY	3a	3a:syn_dict
lower border of mandible	ANATOMY	3a	3a:syn_dict
left fourth rib	ANATOMY	3a	3a:syn_dict
c7 vertebral body	ANATOMY	3a	3a:syn_dict
entire tibia	ANATOMY	3a	3a:syn_dict
mediastinal node	ANATOMY	3a	3a:syn_dict
cerebral falx	ANATOMY	3a	3a:syn_dict
peroneal nerve	ANATOMY	3a	3a:syn_dict
suprahyoid muscle	ANATOMY	3a	3a:syn_dict
bone crest	ANATOMY	3a	3a:syn_dict
neck soft tissues	ANATOMY	3a	3a:syn_dict
segment vi of liver	ANATOMY	3a	3a:syn_dict
pararenal fat	ANATOMY	3a	3a:syn_dict
l4 spinous process	ANATOMY	3a	3a:syn_dict
knee medial collateral ligament	ANATOMY	3a	3a:syn_dict
accessory pancreatic duct	ANATOMY	3a	3a:syn_dict
corpora cavernosa of penis	ANATOMY	3a	3a:syn_dict
synovial tissue	ANATOMY	3a	3a:syn_dict
right subscapularis	ANATOMY	3a	3a:syn_dict
interpolar region of right kidney	ANATOMY	3a	3a:syn_dict
lateral aspect of ankle	ANATOMY	3a	3a:syn_dict
right a1	ANATOMY	3a	3a:syn_dict
septal tricuspid leaflet	ANATOMY	3a	3a:syn_dict
fourchette	ANATOMY	3a	3a:syn_dict
mitral valves	ANATOMY	3a	3a:syn_dict
musculature of right forearm	ANATOMY	3a	3a:syn_dict
retinal vessel	ANATOMY	3a	3a:syn_dict
cranial nerve v	ANATOMY	3a	3a:syn_dict
right hip region	ANATOMY	3a	3a:syn_dict
prostatic surface	ANATOMY	3a	3a:syn_dict
left vocalis	ANATOMY	3a	3a:syn_dict
normal female pelvis	ANATOMY	3a	3a:syn_dict
adnexal structures	ANATOMY	3a	3a:syn_dict
cubitus	ANATOMY	3a	3a:syn_dict
arterial vessel	ANATOMY	3a	3a:syn_dict
ileum and colon	ANATOMY	3a	3a:syn_dict
lacrimal system	ANATOMY	3a	3a:syn_dict
tooth 15	ANATOMY	3a	3a:syn_dict
site of metastasis	ANATOMY	3a	3a:syn_dict
infraclavicular nodes	ANATOMY	3a	3a:syn_dict
tenon capsule	ANATOMY	3a	3a:syn_dict
adrenal capsule	ANATOMY	3a	3a:syn_dict
pbg	ANATOMY	3a	3a:syn_dict
mesocolic nodes	ANATOMY	3a	3a:syn_dict
periungual area	ANATOMY	3a	3a:syn_dict
wall of orbit	ANATOMY	3a	3a:syn_dict
aortic valve ring	ANATOMY	3a	3a:syn_dict
eyes vision	ANATOMY	3a	3a:syn_dict
anterior limb of internal capsule	ANATOMY	3a	3a:syn_dict
left upper lobe bronchus	ANATOMY	3a	3a:syn_dict
left leg skin	ANATOMY	3a	3a:syn_dict
pelvic vasculature	ANATOMY	3a	3a:syn_dict
right putamen	ANATOMY	3a	3a:syn_dict
right inferior alveolar nerve	ANATOMY	3a	3a:syn_dict
renal medulla	ANATOMY	3a	3a:syn_dict
patellas	ANATOMY	3a	3a:syn_dict
scaphoid tubercle	ANATOMY	3a	3a:syn_dict
musculature of left shoulder	ANATOMY	3a	3a:syn_dict
pterygoid muscles	ANATOMY	3a	3a:syn_dict
distal fibula	ANATOMY	3a	3a:syn_dict
left heart	ANATOMY	3a	3a:syn_dict
trunk skin	ANATOMY	3a	3a:syn_dict
internal carotid arteries	ANATOMY	3a	3a:syn_dict
cerebral peduncles	ANATOMY	3a	3a:syn_dict
right cerebral peduncle	ANATOMY	3a	3a:syn_dict
wernicke area	ANATOMY	3a	3a:syn_dict
optic tracts	ANATOMY	3a	3a:syn_dict
right axillary vein	ANATOMY	3a	3a:syn_dict
ileorectal	ANATOMY	3a	3a:syn_dict
digital artery	ANATOMY	3a	3a:syn_dict
anterior belly of digastric	ANATOMY	3a	3a:syn_dict
right shin	ANATOMY	3a	3a:syn_dict
paratesticular region	ANATOMY	3a	3a:syn_dict
kidney parenchyma	ANATOMY	3a	3a:syn_dict
gallbladder serosa	ANATOMY	3a	3a:syn_dict
entire thumb	ANATOMY	3a	3a:syn_dict
left mastoid process	ANATOMY	3a	3a:syn_dict
right carotid sheath	ANATOMY	3a	3a:syn_dict
left carotid sheath	ANATOMY	3a	3a:syn_dict
dorsal thorax	ANATOMY	3a	3a:syn_dict
myofascial trigger points	ANATOMY	3a	3a:syn_dict
appendicular region	ANATOMY	3a	3a:syn_dict
descending colon wall	ANATOMY	3a	3a:syn_dict
right amygdala	ANATOMY	3a	3a:syn_dict
right shoulder region	ANATOMY	3a	3a:syn_dict
thoracic hair	ANATOMY	3a	3a:syn_dict
renal pedicle	ANATOMY	3a	3a:syn_dict
lung segments	ANATOMY	3a	3a:syn_dict
portal tract	ANATOMY	3a	3a:syn_dict
right gluteus maximus muscle	ANATOMY	3a	3a:syn_dict
lingular bronchus	ANATOMY	3a	3a:syn_dict
apex of right ventricle	ANATOMY	3a	3a:syn_dict
scalp veins	ANATOMY	3a	3a:syn_dict
upper pole of left kidney	ANATOMY	3a	3a:syn_dict
right insular cortex	ANATOMY	3a	3a:syn_dict
left superior rectus	ANATOMY	3a	3a:syn_dict
infrarenal abdominal aorta	ANATOMY	3a	3a:syn_dict
superior duodenal flexure	ANATOMY	3a	3a:syn_dict
osteomeatal complex	ANATOMY	3a	3a:syn_dict
dorsal left hand	ANATOMY	3a	3a:syn_dict
sphincter of oddi	ANATOMY	3a	3a:syn_dict
left pyramidalis	ANATOMY	3a	3a:syn_dict
surface of left index finger	ANATOMY	3a	3a:syn_dict
canthus of eye	ANATOMY	3a	3a:syn_dict
right facial nerve	ANATOMY	3a	3a:syn_dict
maxillary gingiva	ANATOMY	3a	3a:syn_dict
right external capsule	ANATOMY	3a	3a:syn_dict
carotid vessels	ANATOMY	3a	3a:syn_dict
head and cervical spine	ANATOMY	3a	3a:syn_dict
epiglottic	ANATOMY	3a	3a:syn_dict
shouldering	ANATOMY	3a	3a:syn_dict
posterolateral tract	ANATOMY	3a	3a:syn_dict
kidneys bilateral	ANATOMY	3a	3a:syn_dict
tenon's capsule	ANATOMY	3a	3a:syn_dict
jejunal mesentery	ANATOMY	3a	3a:syn_dict
right hemicolon	ANATOMY	3a	3a:syn_dict
tarsal region	ANATOMY	3a	3a:syn_dict
inferior eyelid	ANATOMY	3a	3a:syn_dict
episclera	ANATOMY	3a	3a:syn_dict
intercostobrachial nerve	ANATOMY	3a	3a:syn_dict
skin tube	ANATOMY	3a	3a:syn_dict
lacrimal punctum	ANATOMY	3a	3a:syn_dict
vitreous membranes	ANATOMY	3a	3a:syn_dict
left main pulmonary artery	ANATOMY	3a	3a:syn_dict
region of ileum	ANATOMY	3a	3a:syn_dict
posterior hyaloid membrane	ANATOMY	3a	3a:syn_dict
submaxillary glands	ANATOMY	3a	3a:syn_dict
second lumbar vertebra	ANATOMY	3a	3a:syn_dict
leg hair	ANATOMY	3a	3a:syn_dict
right superior lobar bronchus	ANATOMY	3a	3a:syn_dict
epitrochlear	ANATOMY	3a	3a:syn_dict
entire esophagus	ANATOMY	3a	3a:syn_dict
wall of esophagus	ANATOMY	3a	3a:syn_dict
internal oblique	ANATOMY	3a	3a:syn_dict
entire left spermatic cord	ANATOMY	3a	3a:syn_dict
incisura	ANATOMY	3a	3a:syn_dict
islet cell	ANATOMY	3a	3a:syn_dict
left maxillary canine tooth	ANATOMY	3a	3a:syn_dict
supraglottic larynx	ANATOMY	3a	3a:syn_dict
upper ureter	ANATOMY	3a	3a:syn_dict
right lateral rectus	ANATOMY	3a	3a:syn_dict
c4 vertebral body	ANATOMY	3a	3a:syn_dict
bladder fundus	ANATOMY	3a	3a:syn_dict
left lower lung zone	ANATOMY	3a	3a:syn_dict
testicular vessels	ANATOMY	3a	3a:syn_dict
maxillary central incisor	ANATOMY	3a	3a:syn_dict
cv2	ANATOMY	3a	3a:syn_dict
external obturator	ANATOMY	3a	3a:syn_dict
radial nerves	ANATOMY	3a	3a:syn_dict
bony palate	ANATOMY	3a	3a:syn_dict
entire right testis	ANATOMY	3a	3a:syn_dict
surface of right ankle	ANATOMY	3a	3a:syn_dict
cervical segments	ANATOMY	3a	3a:syn_dict
head of caudate nucleus	ANATOMY	3a	3a:syn_dict
tympanum	ANATOMY	3a	3a:syn_dict
right claustrum	ANATOMY	3a	3a:syn_dict
intermediate bronchus	ANATOMY	3a	3a:syn_dict
tracheal wall	ANATOMY	3a	3a:syn_dict
entire right arm	ANATOMY	3a	3a:syn_dict
irregular bone	ANATOMY	3a	3a:syn_dict
toes left	ANATOMY	3a	3a:syn_dict
retinal arteries	ANATOMY	3a	3a:syn_dict
popliteal nerve	ANATOMY	3a	3a:syn_dict
iliac node	ANATOMY	3a	3a:syn_dict
l5 spinous process	ANATOMY	3a	3a:syn_dict
superior eyelid	ANATOMY	3a	3a:syn_dict
vena caval	ANATOMY	3a	3a:syn_dict
anterior surface of left leg	ANATOMY	3a	3a:syn_dict
entire calf	ANATOMY	3a	3a:syn_dict
femoral metaphysis	ANATOMY	3a	3a:syn_dict
ciliary processes	ANATOMY	3a	3a:syn_dict
lower left leg	ANATOMY	3a	3a:syn_dict
inferior thyroid vein	ANATOMY	3a	3a:syn_dict
minor pelvis	ANATOMY	3a	3a:syn_dict
endometrial stroma	ANATOMY	3a	3a:syn_dict
ileum and cecum	ANATOMY	3a	3a:syn_dict
cervicothoracic spine	ANATOMY	3a	3a:syn_dict
superior shoulder suspensory complex	ANATOMY	3a	3a:syn_dict
left supraspinatus	ANATOMY	3a	3a:syn_dict
entire thoracic aorta	ANATOMY	3a	3a:syn_dict
multiple body regions	ANATOMY	3a	3a:syn_dict
somatosensory pathway	ANATOMY	3a	3a:syn_dict
right supraclavicular lymph node	ANATOMY	3a	3a:syn_dict
insular regions	ANATOMY	3a	3a:syn_dict
cranial nerve vii	ANATOMY	3a	3a:syn_dict
middle temporal gyrus	ANATOMY	3a	3a:syn_dict
medial wall of right orbit	ANATOMY	3a	3a:syn_dict
right zygomatic bone	ANATOMY	3a	3a:syn_dict
upper trunk	ANATOMY	3a	3a:syn_dict
bone surface	ANATOMY	3a	3a:syn_dict
suprasellar region	ANATOMY	3a	3a:syn_dict
lateral pterygoid	ANATOMY	3a	3a:syn_dict
medial pterygoid	ANATOMY	3a	3a:syn_dict
fron	ANATOMY	3a	3a:syn_dict
entire left lower extremity	ANATOMY	3a	3a:syn_dict
medullary cone	ANATOMY	3a	3a:syn_dict
left posterior axillary line	ANATOMY	3a	3a:syn_dict
right forearm skin	ANATOMY	3a	3a:syn_dict
tibial plafond	ANATOMY	3a	3a:syn_dict
common hepatic artery	ANATOMY	3a	3a:syn_dict
mucosa of lower lip	ANATOMY	3a	3a:syn_dict
breast bilateral	ANATOMY	3a	3a:syn_dict
vagina and cervix	ANATOMY	3a	3a:syn_dict
tooth 8	ANATOMY	3a	3a:syn_dict
lymphatic duct	ANATOMY	3a	3a:syn_dict
pupil of left eye	ANATOMY	3a	3a:syn_dict
right upper lobe artery	ANATOMY	3a	3a:syn_dict
left upper lobe artery	ANATOMY	3a	3a:syn_dict
ventricular segment	ANATOMY	3a	3a:syn_dict
paracardiac node	ANATOMY	3a	3a:syn_dict
renal angle	ANATOMY	3a	3a:syn_dict
right abducens nerve	ANATOMY	3a	3a:syn_dict
lateral wall of left ventricle	ANATOMY	3a	3a:syn_dict
right posterior cervical triangle	ANATOMY	3a	3a:syn_dict
innominate artery	ANATOMY	3a	3a:syn_dict
interhemispheric fissure	ANATOMY	3a	3a:syn_dict
zygomatic region	ANATOMY	3a	3a:syn_dict
posterior wall of uterus	ANATOMY	3a	3a:syn_dict
s1 dermatome	ANATOMY	3a	3a:syn_dict
scapholunate ligament	ANATOMY	3a	3a:syn_dict
lunate bone	ANATOMY	3a	3a:syn_dict
right popliteal fossa	ANATOMY	3a	3a:syn_dict
right external iliac vein	ANATOMY	3a	3a:syn_dict
posterior tibial muscle	ANATOMY	3a	3a:syn_dict
right pectoralis major	ANATOMY	3a	3a:syn_dict
region of stomach	ANATOMY	3a	3a:syn_dict
intervertebral disk	ANATOMY	3a	3a:syn_dict
temporal cortices	ANATOMY	3a	3a:syn_dict
dorsal root	ANATOMY	3a	3a:syn_dict
urinary reservoir	ANATOMY	3a	3a:syn_dict
temporalis muscle	ANATOMY	3a	3a:syn_dict
meningeal branch	ANATOMY	3a	3a:syn_dict
right medial malleolus	ANATOMY	3a	3a:syn_dict
thyroid follicle	ANATOMY	3a	3a:syn_dict
mesentery root	ANATOMY	3a	3a:syn_dict
wall of rectum	ANATOMY	3a	3a:syn_dict
labial salivary gland	ANATOMY	3a	3a:syn_dict
plantar aspect of foot	ANATOMY	3a	3a:syn_dict
hepatic vessels	ANATOMY	3a	3a:syn_dict
left upper urinary tract	ANATOMY	3a	3a:syn_dict
right main pulmonary artery	ANATOMY	3a	3a:syn_dict
bony orbit	ANATOMY	3a	3a:syn_dict
airway structures	ANATOMY	3a	3a:syn_dict
cuneiform bones	ANATOMY	3a	3a:syn_dict
tenosynovium	ANATOMY	3a	3a:syn_dict
radial diaphysis	ANATOMY	3a	3a:syn_dict
l3 dermatome	ANATOMY	3a	3a:syn_dict
body region	ANATOMY	3a	3a:syn_dict
skin adnexa	ANATOMY	3a	3a:syn_dict
gluteal muscle	ANATOMY	3a	3a:syn_dict
dentate nucleus	ANATOMY	3a	3a:syn_dict
left biceps femoris muscle	ANATOMY	3a	3a:syn_dict
recipient vessels	ANATOMY	3a	3a:syn_dict
scapular flap	ANATOMY	3a	3a:syn_dict
left gluteus maximus	ANATOMY	3a	3a:syn_dict
maxillary tuberosity	ANATOMY	3a	3a:syn_dict
upper vagina	ANATOMY	3a	3a:syn_dict
region of lower lip	ANATOMY	3a	3a:syn_dict
semitendinosus muscle	ANATOMY	3a	3a:syn_dict
lower tarsus	ANATOMY	3a	3a:syn_dict
prostatic ducts	ANATOMY	3a	3a:syn_dict
pupil left eye	ANATOMY	3a	3a:syn_dict
cranial nerve ii	ANATOMY	3a	3a:syn_dict
heart and pericardium	ANATOMY	3a	3a:syn_dict
tail of epididymis	ANATOMY	3a	3a:syn_dict
tonsilla	ANATOMY	3a	3a:syn_dict
greater curvature	ANATOMY	3a	3a:syn_dict
bony nasal septum	ANATOMY	3a	3a:syn_dict
pancreatico	ANATOMY	3a	3a:syn_dict
posterior segmental bronchus	ANATOMY	3a	3a:syn_dict
third of esophagus	ANATOMY	3a	3a:syn_dict
left middle finger nail	ANATOMY	3a	3a:syn_dict
aryepiglottic fold	ANATOMY	3a	3a:syn_dict
superficial peroneal nerve	ANATOMY	3a	3a:syn_dict
left tibialis anterior	ANATOMY	3a	3a:syn_dict
left sole	ANATOMY	3a	3a:syn_dict
distal tibial epiphysis	ANATOMY	3a	3a:syn_dict
latissimus dorsi muscle	ANATOMY	3a	3a:syn_dict
medial parietal gyrus	ANATOMY	3a	3a:syn_dict
lower chest wall	ANATOMY	3a	3a:syn_dict
acetabular rim	ANATOMY	3a	3a:syn_dict
left femoral nerve	ANATOMY	3a	3a:syn_dict
abdominal quadrant	ANATOMY	3a	3a:syn_dict
extremity vessels	ANATOMY	3a	3a:syn_dict
urethral structure	ANATOMY	3a	3a:syn_dict
right abductor hallucis	ANATOMY	3a	3a:syn_dict
valvulae conniventes	ANATOMY	3a	3a:syn_dict
right mental foramen	ANATOMY	3a	3a:syn_dict
mental foramina	ANATOMY	3a	3a:syn_dict
extensor compartment	ANATOMY	3a	3a:syn_dict
left epididymis head	ANATOMY	3a	3a:syn_dict
dorsum of tongue	ANATOMY	3a	3a:syn_dict
apical area	ANATOMY	3a	3a:syn_dict
maxillary artery	ANATOMY	3a	3a:syn_dict
corneal stroma	ANATOMY	3a	3a:syn_dict
midline of hard palate	ANATOMY	3a	3a:syn_dict
alveolon	ANATOMY	3a	3a:syn_dict
left renal pedicle	ANATOMY	3a	3a:syn_dict
foot region	ANATOMY	3a	3a:syn_dict
inferior lip	ANATOMY	3a	3a:syn_dict
lower limb muscle	ANATOMY	3a	3a:syn_dict
root apex of tooth	ANATOMY	3a	3a:syn_dict
gerota's fascia	ANATOMY	3a	3a:syn_dict
right popliteal vein	ANATOMY	3a	3a:syn_dict
c5 nerve	ANATOMY	3a	3a:syn_dict
elbow region	ANATOMY	3a	3a:syn_dict
inferior labial artery	ANATOMY	3a	3a:syn_dict
right eighth cranial nerve	ANATOMY	3a	3a:syn_dict
visceral pericardium	ANATOMY	3a	3a:syn_dict
arytenoid cartilage	ANATOMY	3a	3a:syn_dict
bronchial walls	ANATOMY	3a	3a:syn_dict
muscularis	ANATOMY	3a	3a:syn_dict
r shoulder	ANATOMY	3a	3a:syn_dict
area f1	ANATOMY	3a	3a:syn_dict
t10 level	ANATOMY	3a	3a:syn_dict
interscapular region of back	ANATOMY	3a	3a:syn_dict
fasciocutaneous	ANATOMY	3a	3a:syn_dict
superior orbital margin	ANATOMY	3a	3a:syn_dict
areolae	ANATOMY	3a	3a:syn_dict
region of palm	ANATOMY	3a	3a:syn_dict
cranial bone	ANATOMY	3a	3a:syn_dict
segment of lens	ANATOMY	3a	3a:syn_dict
femoral shaft	ANATOMY	3a	3a:syn_dict
submaxillary gland	ANATOMY	3a	3a:syn_dict
aponeurotic	ANATOMY	3a	3a:syn_dict
superior gemellus	ANATOMY	3a	3a:syn_dict
pectineus muscle	ANATOMY	3a	3a:syn_dict
thoracic back	ANATOMY	3a	3a:syn_dict
cerebellar artery	ANATOMY	3a	3a:syn_dict
dorsal roots	ANATOMY	3a	3a:syn_dict
left ventricular apex	ANATOMY	3a	3a:syn_dict
biliary tract structure	ANATOMY	3a	3a:syn_dict
right biceps brachii	ANATOMY	3a	3a:syn_dict
head of second metacarpal	ANATOMY	3a	3a:syn_dict
ethmoid bone	ANATOMY	3a	3a:syn_dict
terminal hair	ANATOMY	3a	3a:syn_dict
right choroid	ANATOMY	3a	3a:syn_dict
abdominal flap	ANATOMY	3a	3a:syn_dict
skin of lower extremities	ANATOMY	3a	3a:syn_dict
developmental period	ANATOMY	3a	3a:syn_dict
thalamoperforating artery	ANATOMY	3a	3a:syn_dict
frontal region of head	ANATOMY	3a	3a:syn_dict
anterior surface of left thigh	ANATOMY	3a	3a:syn_dict
autonomic pathways	ANATOMY	3a	3a:syn_dict
scapular musculature	ANATOMY	3a	3a:syn_dict
faucial	ANATOMY	3a	3a:syn_dict
maxillary teeth	ANATOMY	3a	3a:syn_dict
middle finger nail	ANATOMY	3a	3a:syn_dict
ala of nose	ANATOMY	3a	3a:syn_dict
right vastus medialis	ANATOMY	3a	3a:syn_dict
entire small intestine	ANATOMY	3a	3a:syn_dict
basilar bone	ANATOMY	3a	3a:syn_dict
flapping hand	ANATOMY	3a	3a:syn_dict
conjunctiva of right eye	ANATOMY	3a	3a:syn_dict
diaphragm sellae	ANATOMY	3a	3a:syn_dict
t9 dermatome	ANATOMY	3a	3a:syn_dict
coronal third of root	ANATOMY	3a	3a:syn_dict
ascending colon wall	ANATOMY	3a	3a:syn_dict
dorsal root ganglia	ANATOMY	3a	3a:syn_dict
external lip	ANATOMY	3a	3a:syn_dict
lingual nerves	ANATOMY	3a	3a:syn_dict
frontal lobe brain	ANATOMY	3a	3a:syn_dict
greater trochanters	ANATOMY	3a	3a:syn_dict
spinal cord and nerve roots	ANATOMY	3a	3a:syn_dict
interosseous artery	ANATOMY	3a	3a:syn_dict
ht3	ANATOMY	3a	3a:syn_dict
left multifidus	ANATOMY	3a	3a:syn_dict
axis of limb	ANATOMY	3a	3a:syn_dict
temporal white matter	ANATOMY	3a	3a:syn_dict
left external capsule	ANATOMY	3a	3a:syn_dict
jejunal artery	ANATOMY	3a	3a:syn_dict
left oculomotor nerve	ANATOMY	3a	3a:syn_dict
mesentery of jejunum	ANATOMY	3a	3a:syn_dict
posterior tibial vein	ANATOMY	3a	3a:syn_dict
cubital region	ANATOMY	3a	3a:syn_dict
hamate bone	ANATOMY	3a	3a:syn_dict
inferior abdominal wall	ANATOMY	3a	3a:syn_dict
vertebral process	ANATOMY	3a	3a:syn_dict
both ovaries	ANATOMY	3a	3a:syn_dict
sinus of valsalva	ANATOMY	3a	3a:syn_dict
upper cervical spinal cord	ANATOMY	3a	3a:syn_dict
left semioval center	ANATOMY	3a	3a:syn_dict
triangular fibrocartilage	ANATOMY	3a	3a:syn_dict
femoral cartilage	ANATOMY	3a	3a:syn_dict
l1 segment	ANATOMY	3a	3a:syn_dict
uretero-	ANATOMY	3a	3a:syn_dict
left parahippocampal gyrus	ANATOMY	3a	3a:syn_dict
r arm	ANATOMY	3a	3a:syn_dict
soft tissues of face	ANATOMY	3a	3a:syn_dict
nerve trunk	ANATOMY	3a	3a:syn_dict
renal area	ANATOMY	3a	3a:syn_dict
prs	ANATOMY	3a	3a:syn_dict
left anterior chamber	ANATOMY	3a	3a:syn_dict
peripheral cornea	ANATOMY	3a	3a:syn_dict
mitral valve structure	ANATOMY	3a	3a:syn_dict
second toe of left foot	ANATOMY	3a	3a:syn_dict
duodenal papilla	ANATOMY	3a	3a:syn_dict
surface of right hand	ANATOMY	3a	3a:syn_dict
surface of left hand	ANATOMY	3a	3a:syn_dict
femoral diaphysis	ANATOMY	3a	3a:syn_dict
margins of excision	ANATOMY	3a	3a:syn_dict
zygomaticus	ANATOMY	3a	3a:syn_dict
tooth crowns	ANATOMY	3a	3a:syn_dict
lower incisor	ANATOMY	3a	3a:syn_dict
canine teeth	ANATOMY	3a	3a:syn_dict
region of gallbladder	ANATOMY	3a	3a:syn_dict
posterior cervical triangle	ANATOMY	3a	3a:syn_dict
axis body	ANATOMY	3a	3a:syn_dict
surface of epiglottis	ANATOMY	3a	3a:syn_dict
left optic foramen	ANATOMY	3a	3a:syn_dict
temporal frontal lobe	ANATOMY	3a	3a:syn_dict
temporal horns	ANATOMY	3a	3a:syn_dict
extensor indicis	ANATOMY	3a	3a:syn_dict
second ray	ANATOMY	3a	3a:syn_dict
frenulum	ANATOMY	3a	3a:syn_dict
region of nose	ANATOMY	3a	3a:syn_dict
right v2	ANATOMY	3a	3a:syn_dict
branch of thoracodorsal artery	ANATOMY	3a	3a:syn_dict
surface of arm	ANATOMY	3a	3a:syn_dict
left posterior chest	ANATOMY	3a	3a:syn_dict
right masseter muscle	ANATOMY	3a	3a:syn_dict
right lens	ANATOMY	3a	3a:syn_dict
intrahepatic portal vein	ANATOMY	3a	3a:syn_dict
coccygeal	ANATOMY	3a	3a:syn_dict
urethral process	ANATOMY	3a	3a:syn_dict
internal pterygoid muscle	ANATOMY	3a	3a:syn_dict
tangential fields	ANATOMY	3a	3a:syn_dict
conjunctivas	ANATOMY	3a	3a:syn_dict
erector spinae	ANATOMY	3a	3a:syn_dict
diagonal artery	ANATOMY	3a	3a:syn_dict
tooth 11	ANATOMY	3a	3a:syn_dict
terminal bronchioles	ANATOMY	3a	3a:syn_dict
right deltoid muscle	ANATOMY	3a	3a:syn_dict
left lungs	ANATOMY	3a	3a:syn_dict
extreme capsule	ANATOMY	3a	3a:syn_dict
left ilium	ANATOMY	3a	3a:syn_dict
anterior cervical triangle	ANATOMY	3a	3a:syn_dict
subcostal region	ANATOMY	3a	3a:syn_dict
dorsal midline	ANATOMY	3a	3a:syn_dict
submandibular lymph node	ANATOMY	3a	3a:syn_dict
inferior vena cava wall	ANATOMY	3a	3a:syn_dict
sixth thoracic vertebra	ANATOMY	3a	3a:syn_dict
skin of scrotum	ANATOMY	3a	3a:syn_dict
ulnar styloid process	ANATOMY	3a	3a:syn_dict
middle cerebral artery branch	ANATOMY	3a	3a:syn_dict
entire left breast	ANATOMY	3a	3a:syn_dict
left breast skin	ANATOMY	3a	3a:syn_dict
perisplenic region	ANATOMY	3a	3a:syn_dict
dermal papilla	ANATOMY	3a	3a:syn_dict
anterior pericardium	ANATOMY	3a	3a:syn_dict
pancreatic islet	ANATOMY	3a	3a:syn_dict
stylohyoid	ANATOMY	3a	3a:syn_dict
nail of middle finger	ANATOMY	3a	3a:syn_dict
multifidus	ANATOMY	3a	3a:syn_dict
posterior superior iliac spine	ANATOMY	3a	3a:syn_dict
right femoral nerve	ANATOMY	3a	3a:syn_dict
fungiform papillae of tongue	ANATOMY	3a	3a:syn_dict
left pampiniform plexus	ANATOMY	3a	3a:syn_dict
entire inferior vena cava	ANATOMY	3a	3a:syn_dict
stomach and stomach	ANATOMY	3a	3a:syn_dict
anterior ramus	ANATOMY	3a	3a:syn_dict
ocular conjunctiva	ANATOMY	3a	3a:syn_dict
hepatic lobe	ANATOMY	3a	3a:syn_dict
right eyebrow	ANATOMY	3a	3a:syn_dict
lower cervical spinal cord	ANATOMY	3a	3a:syn_dict
c6 vertebral body	ANATOMY	3a	3a:syn_dict
facial bone	ANATOMY	3a	3a:syn_dict
ureteral segment	ANATOMY	3a	3a:syn_dict
cranial nerve iii	ANATOMY	3a	3a:syn_dict
middle column	ANATOMY	3a	3a:syn_dict
calf right	ANATOMY	3a	3a:syn_dict
distal metaphysis	ANATOMY	3a	3a:syn_dict
entire choroid	ANATOMY	3a	3a:syn_dict
facial muscle	ANATOMY	3a	3a:syn_dict
lumbar curve	ANATOMY	3a	3a:syn_dict
bladder urinary tract	ANATOMY	3a	3a:syn_dict
surface of stomach	ANATOMY	3a	3a:syn_dict
cortex of right kidney	ANATOMY	3a	3a:syn_dict
left submaxillary gland	ANATOMY	3a	3a:syn_dict
c3 vertebra	ANATOMY	3a	3a:syn_dict
right radius	ANATOMY	3a	3a:syn_dict
mylohyoid muscle	ANATOMY	3a	3a:syn_dict
entire left arm	ANATOMY	3a	3a:syn_dict
superior lobar artery	ANATOMY	3a	3a:syn_dict
l1 vertebra	ANATOMY	3a	3a:syn_dict
ganglion cell layer	ANATOMY	3a	3a:syn_dict
median sulcus	ANATOMY	3a	3a:syn_dict
left hip musculature	ANATOMY	3a	3a:syn_dict
left nipple	ANATOMY	3a	3a:syn_dict
trunk of portal vein	ANATOMY	3a	3a:syn_dict
anterior wall of right ventricle	ANATOMY	3a	3a:syn_dict
right humeral diaphysis	ANATOMY	3a	3a:syn_dict
entire interventricular septum	ANATOMY	3a	3a:syn_dict
entire right hand	ANATOMY	3a	3a:syn_dict
left pterygoid process	ANATOMY	3a	3a:syn_dict
superior maxillary bone	ANATOMY	3a	3a:syn_dict
right greater trochanter	ANATOMY	3a	3a:syn_dict
inferior epigastric artery	ANATOMY	3a	3a:syn_dict
left frontal pole	ANATOMY	3a	3a:syn_dict
sacroiliac region	ANATOMY	3a	3a:syn_dict
left ophthalmic artery	ANATOMY	3a	3a:syn_dict
periorbital tissue	ANATOMY	3a	3a:syn_dict
mouth structures	ANATOMY	3a	3a:syn_dict
postauricular region	ANATOMY	3a	3a:syn_dict
right tragus	ANATOMY	3a	3a:syn_dict
masticatory muscle	ANATOMY	3a	3a:syn_dict
entire oral cavity	ANATOMY	3a	3a:syn_dict
bartholin gland	ANATOMY	3a	3a:syn_dict
forearm skin	ANATOMY	3a	3a:syn_dict
right ischium	ANATOMY	3a	3a:syn_dict
common carotid arteries	ANATOMY	3a	3a:syn_dict
left lateral malleolus	ANATOMY	3a	3a:syn_dict
first ray	ANATOMY	3a	3a:syn_dict
capitate	ANATOMY	3a	3a:syn_dict
white pulp	ANATOMY	3a	3a:syn_dict
hepatic tissue	ANATOMY	3a	3a:syn_dict
stensen's duct	ANATOMY	3a	3a:syn_dict
minor salivary gland	ANATOMY	3a	3a:syn_dict
mucosal graft	ANATOMY	3a	3a:syn_dict
right brachialis	ANATOMY	3a	3a:syn_dict
muscular arteries	ANATOMY	3a	3a:syn_dict
humeral heads	ANATOMY	3a	3a:syn_dict
celiac lymph node	ANATOMY	3a	3a:syn_dict
right anterior chamber	ANATOMY	3a	3a:syn_dict
left sinus of valsalva	ANATOMY	3a	3a:syn_dict
right choana	ANATOMY	3a	3a:syn_dict
middle skull base	ANATOMY	3a	3a:syn_dict
t5 dermatome	ANATOMY	3a	3a:syn_dict
midbrain tectum	ANATOMY	3a	3a:syn_dict
alveolar processes	ANATOMY	3a	3a:syn_dict
craniofacial muscle	ANATOMY	3a	3a:syn_dict
lesser trochanter	ANATOMY	3a	3a:syn_dict
proboscis	ANATOMY	3a	3a:syn_dict
tooth components	ANATOMY	3a	3a:syn_dict
region of dura mater	ANATOMY	3a	3a:syn_dict
fibula diaphysis	ANATOMY	3a	3a:syn_dict
infratentorial brain	ANATOMY	3a	3a:syn_dict
musculature of forearm	ANATOMY	3a	3a:syn_dict
paratracheal node	ANATOMY	3a	3a:syn_dict
ciliary arteries	ANATOMY	3a	3a:syn_dict
anterior thoracic region	ANATOMY	3a	3a:syn_dict
tpf	ANATOMY	3a	3a:syn_dict
peripapillary choroid	ANATOMY	3a	3a:syn_dict
abdominal surface	ANATOMY	3a	3a:syn_dict
hip pelvis	ANATOMY	3a	3a:syn_dict
coxal bone	ANATOMY	3a	3a:syn_dict
right lip	ANATOMY	3a	3a:syn_dict
recurrent laryngeal nerves	ANATOMY	3a	3a:syn_dict
superior pole of right kidney	ANATOMY	3a	3a:syn_dict
cochleovestibular nerve	ANATOMY	3a	3a:syn_dict
apocrine	ANATOMY	3a	3a:syn_dict
membranous urethra	ANATOMY	3a	3a:syn_dict
rectus fascia	ANATOMY	3a	3a:syn_dict
left lobe of prostate	ANATOMY	3a	3a:syn_dict
pelvic lymph node	ANATOMY	3a	3a:syn_dict
right ring finger	ANATOMY	3a	3a:syn_dict
hartmann's pouch	ANATOMY	3a	3a:syn_dict
leg musculature	ANATOMY	3a	3a:syn_dict
coracoclavicular ligament	ANATOMY	3a	3a:syn_dict
muscles of upper extremities	ANATOMY	3a	3a:syn_dict
abdominal muscle	ANATOMY	3a	3a:syn_dict
left superior rectus muscle	ANATOMY	3a	3a:syn_dict
periaortic lymph node	ANATOMY	3a	3a:syn_dict
left triceps brachii	ANATOMY	3a	3a:syn_dict
lymph nodes of pelvis	ANATOMY	3a	3a:syn_dict
both ventricles	ANATOMY	3a	3a:syn_dict
temporal muscles	ANATOMY	3a	3a:syn_dict
sacral spinal cord	ANATOMY	3a	3a:syn_dict
root of penis	ANATOMY	3a	3a:syn_dict
upper chest wall	ANATOMY	3a	3a:syn_dict
right humeral head	ANATOMY	3a	3a:syn_dict
entire left hand	ANATOMY	3a	3a:syn_dict
zygomaticus major	ANATOMY	3a	3a:syn_dict
fifth ray	ANATOMY	3a	3a:syn_dict
t10 dermatome	ANATOMY	3a	3a:syn_dict
wall of right orbit	ANATOMY	3a	3a:syn_dict
common iliac nodes	ANATOMY	3a	3a:syn_dict
distal root of tooth	ANATOMY	3a	3a:syn_dict
left upper deciduous canine tooth	ANATOMY	3a	3a:syn_dict
upper canine tooth	ANATOMY	3a	3a:syn_dict
vertebral arch	ANATOMY	3a	3a:syn_dict
region of transverse mesocolon	ANATOMY	3a	3a:syn_dict
membranous labyrinths	ANATOMY	3a	3a:syn_dict
trochlear nerve	ANATOMY	3a	3a:syn_dict
right cochlea	ANATOMY	3a	3a:syn_dict
right vestibular nerve	ANATOMY	3a	3a:syn_dict
right central retinal artery	ANATOMY	3a	3a:syn_dict
entire knee	ANATOMY	3a	3a:syn_dict
av shunt	ANATOMY	3a	3a:syn_dict
large colon	ANATOMY	3a	3a:syn_dict
fourth cranial nerves	ANATOMY	3a	3a:syn_dict
phalanges of right hand	ANATOMY	3a	3a:syn_dict
l1 spinous process	ANATOMY	3a	3a:syn_dict
vastus lateralis muscle	ANATOMY	3a	3a:syn_dict
urethra and rectum	ANATOMY	3a	3a:syn_dict
face vasculature	ANATOMY	3a	3a:syn_dict
both lens	ANATOMY	3a	3a:syn_dict
midline of back	ANATOMY	3a	3a:syn_dict
periodontium	ANATOMY	3a	3a:syn_dict
diaphysis of left femur	ANATOMY	3a	3a:syn_dict
hepatic border	ANATOMY	3a	3a:syn_dict
scapular spine	ANATOMY	3a	3a:syn_dict
iris surface	ANATOMY	3a	3a:syn_dict
inferior sagittal sinus	ANATOMY	3a	3a:syn_dict
colon and cecum	ANATOMY	3a	3a:syn_dict
lateral cervical nodes	ANATOMY	3a	3a:syn_dict
lower pole of right kidney	ANATOMY	3a	3a:syn_dict
upper left canine	ANATOMY	3a	3a:syn_dict
pelvic wall	ANATOMY	3a	3a:syn_dict
small saphenous vein	ANATOMY	3a	3a:syn_dict
lingual gyrus	ANATOMY	3a	3a:syn_dict
trochanters	ANATOMY	3a	3a:syn_dict
marginal gingiva	ANATOMY	3a	3a:syn_dict
interdental papilla	ANATOMY	3a	3a:syn_dict
buccal region	ANATOMY	3a	3a:syn_dict
entire facial nerve	ANATOMY	3a	3a:syn_dict
mitral valve area	ANATOMY	3a	3a:syn_dict
surface of heel	ANATOMY	3a	3a:syn_dict
sural artery fasciocutaneous flap	ANATOMY	3a	3a:syn_dict
skin of anterior neck	ANATOMY	3a	3a:syn_dict
diaphysis of left fibula	ANATOMY	3a	3a:syn_dict
furcation	ANATOMY	3a	3a:syn_dict
facial height	ANATOMY	3a	3a:syn_dict
popliteal region	ANATOMY	3a	3a:syn_dict
gastrohepatic ligament	ANATOMY	3a	3a:syn_dict
periportal zone	ANATOMY	3a	3a:syn_dict
hepatic lobules	ANATOMY	3a	3a:syn_dict
left biceps femoris	ANATOMY	3a	3a:syn_dict
muscles of mastication	ANATOMY	3a	3a:syn_dict
pcom	ANATOMY	3a	3a:syn_dict
right rectus abdominis	ANATOMY	3a	3a:syn_dict
entire right lung	ANATOMY	3a	3a:syn_dict
cardiac allograft	ANATOMY	3a	3a:syn_dict
upper lung field	ANATOMY	3a	3a:syn_dict
autonomic neuron	ANATOMY	3a	3a:syn_dict
thoracodorsal artery	ANATOMY	3a	3a:syn_dict
medial wall of maxillary sinus	ANATOMY	3a	3a:syn_dict
vertebral vessels	ANATOMY	3a	3a:syn_dict
left hamate	ANATOMY	3a	3a:syn_dict
entire frontal region	ANATOMY	3a	3a:syn_dict
tooth 23	ANATOMY	3a	3a:syn_dict
naris	ANATOMY	3a	3a:syn_dict
tracheal mucosa	ANATOMY	3a	3a:syn_dict
cruciate ligaments	ANATOMY	3a	3a:syn_dict
renal cortex and medulla	ANATOMY	3a	3a:syn_dict
right rectus abdominis muscle	ANATOMY	3a	3a:syn_dict
left facial nucleus	ANATOMY	3a	3a:syn_dict
ovule	ANATOMY	3a	3a:syn_dict
bartholin's glands	ANATOMY	3a	3a:syn_dict
left pulmonary artery branch	ANATOMY	3a	3a:syn_dict
lower dentition	ANATOMY	3a	3a:syn_dict
tricuspid leaflet	ANATOMY	3a	3a:syn_dict
frontal operculum cortex	ANATOMY	3a	3a:syn_dict
insular cortex	ANATOMY	3a	3a:syn_dict
branch of median nerve	ANATOMY	3a	3a:syn_dict
deep peroneal nerve	ANATOMY	3a	3a:syn_dict
first metacarpal bone	ANATOMY	3a	3a:syn_dict
upper gastrointestinal tract	ANATOMY	3a	3a:syn_dict
left jugale	ANATOMY	3a	3a:syn_dict
articular capsule	ANATOMY	3a	3a:syn_dict
m. temporoparietalis	ANATOMY	3a	3a:syn_dict
left popliteal region	ANATOMY	3a	3a:syn_dict
deltoid flap	ANATOMY	3a	3a:syn_dict
supplementary motor area	ANATOMY	3a	3a:syn_dict
right external iliac lymph nodes	ANATOMY	3a	3a:syn_dict
intertrochanteric region	ANATOMY	3a	3a:syn_dict
dental pulp	ANATOMY	3a	3a:syn_dict
anteroposterior plane	ANATOMY	3a	3a:syn_dict
duodeno-	ANATOMY	3a	3a:syn_dict
foot musculature	ANATOMY	3a	3a:syn_dict
median nerves	ANATOMY	3a	3a:syn_dict
upper pole left kidney	ANATOMY	3a	3a:syn_dict
l5 transverse process	ANATOMY	3a	3a:syn_dict
central pulmonary artery	ANATOMY	3a	3a:syn_dict
mesocolon	ANATOMY	3a	3a:syn_dict
anterior cingulate area	ANATOMY	3a	3a:syn_dict
aortic isthmus	ANATOMY	3a	3a:syn_dict
neck of second metacarpal	ANATOMY	3a	3a:syn_dict
second phalanx	ANATOMY	3a	3a:syn_dict
entire genital region	ANATOMY	3a	3a:syn_dict
extrahepatic biliary tract	ANATOMY	3a	3a:syn_dict
stomach duodenum	ANATOMY	3a	3a:syn_dict
right carotid bifurcation	ANATOMY	3a	3a:syn_dict
left carotid bifurcation	ANATOMY	3a	3a:syn_dict
phrenic nerves	ANATOMY	3a	3a:syn_dict
caudad	ANATOMY	3a	3a:syn_dict
right v3	ANATOMY	3a	3a:syn_dict
sacral segments	ANATOMY	3a	3a:syn_dict
incisura angularis	ANATOMY	3a	3a:syn_dict
left carotid siphon	ANATOMY	3a	3a:syn_dict
left neostriatum	ANATOMY	3a	3a:syn_dict
cranial sinus	ANATOMY	3a	3a:syn_dict
rib margin	ANATOMY	3a	3a:syn_dict
bladder gas	ANATOMY	3a	3a:syn_dict
sacral promontory	ANATOMY	3a	3a:syn_dict
impacted 3	ANATOMY	3a	3a:syn_dict
lingual surface	ANATOMY	3a	3a:syn_dict
layer of retina	ANATOMY	3a	3a:syn_dict
right inferior rectus	ANATOMY	3a	3a:syn_dict
right olecranon	ANATOMY	3a	3a:syn_dict
anterior lens	ANATOMY	3a	3a:syn_dict
lymphoid follicle	ANATOMY	3a	3a:syn_dict
basal nuclei	ANATOMY	3a	3a:syn_dict
right talus	ANATOMY	3a	3a:syn_dict
left temporalis muscle	ANATOMY	3a	3a:syn_dict
levator labii superioris	ANATOMY	3a	3a:syn_dict
zygomaticus minor	ANATOMY	3a	3a:syn_dict
tooth socket	ANATOMY	3a	3a:syn_dict
cusp of aortic valve	ANATOMY	3a	3a:syn_dict
right ilium	ANATOMY	3a	3a:syn_dict
surgical neck of scapula	ANATOMY	3a	3a:syn_dict
coracoid	ANATOMY	3a	3a:syn_dict
shaft of clavicle	ANATOMY	3a	3a:syn_dict
iliopsoas bursa	ANATOMY	3a	3a:syn_dict
left basilic vein	ANATOMY	3a	3a:syn_dict
sural nerves	ANATOMY	3a	3a:syn_dict
transvaginal ultrasonography	ANATOMY	3a	3a:syn_dict
middle turbinates	ANATOMY	3a	3a:syn_dict
aspect of knee region	ANATOMY	3a	3a:syn_dict
dartos fascia	ANATOMY	3a	3a:syn_dict
coccygeal region	ANATOMY	3a	3a:syn_dict
right olecranon region	ANATOMY	3a	3a:syn_dict
parotid gland superficial lobe	ANATOMY	3a	3a:syn_dict
skin region	ANATOMY	3a	3a:syn_dict
right iris	ANATOMY	3a	3a:syn_dict
right ciliary body	ANATOMY	3a	3a:syn_dict
segment of spinal cord	ANATOMY	3a	3a:syn_dict
t8 segment	ANATOMY	3a	3a:syn_dict
tooth 3	ANATOMY	3a	3a:syn_dict
septal cartilage	ANATOMY	3a	3a:syn_dict
trunk of facial nerve	ANATOMY	3a	3a:syn_dict
right iliac vessel	ANATOMY	3a	3a:syn_dict
pelvic structure	ANATOMY	3a	3a:syn_dict
thalamostriate vein	ANATOMY	3a	3a:syn_dict
septal vein	ANATOMY	3a	3a:syn_dict
posterior fornix	ANATOMY	3a	3a:syn_dict
hernial orifice	ANATOMY	3a	3a:syn_dict
musculature of floor of mouth	ANATOMY	3a	3a:syn_dict
root of nose	ANATOMY	3a	3a:syn_dict
lateral tibial plateau	ANATOMY	3a	3a:syn_dict
pyloro	ANATOMY	3a	3a:syn_dict
skin regions	ANATOMY	3a	3a:syn_dict
left femoral diaphysis	ANATOMY	3a	3a:syn_dict
left iliac spine	ANATOMY	3a	3a:syn_dict
subsegmental pulmonary artery	ANATOMY	3a	3a:syn_dict
left midaxillary line	ANATOMY	3a	3a:syn_dict
lymphoid nodule	ANATOMY	3a	3a:syn_dict
right anterior axillary line	ANATOMY	3a	3a:syn_dict
fascial structure	ANATOMY	3a	3a:syn_dict
trunk musculature	ANATOMY	3a	3a:syn_dict
vitreous humor	ANATOMY	3a	3a:syn_dict
left corticospinal tract	ANATOMY	3a	3a:syn_dict
root of tooth 22	ANATOMY	3a	3a:syn_dict
left optic tract	ANATOMY	3a	3a:syn_dict
right fibula	ANATOMY	3a	3a:syn_dict
venous trunk	ANATOMY	3a	3a:syn_dict
membranous interventricular septum	ANATOMY	3a	3a:syn_dict
unilateral lung	ANATOMY	3a	3a:syn_dict
nails of toes	ANATOMY	3a	3a:syn_dict
upper pole of testis	ANATOMY	3a	3a:syn_dict
right trapezius muscle	ANATOMY	3a	3a:syn_dict
finger flexors	ANATOMY	3a	3a:syn_dict
left auricular cartilage	ANATOMY	3a	3a:syn_dict
left external ear	ANATOMY	3a	3a:syn_dict
lister's tubercle	ANATOMY	3a	3a:syn_dict
scaphoid fossa	ANATOMY	3a	3a:syn_dict
interosseous ligament	ANATOMY	3a	3a:syn_dict
right anterior tibial artery	ANATOMY	3a	3a:syn_dict
right buccal region	ANATOMY	3a	3a:syn_dict
chest and upper back	ANATOMY	3a	3a:syn_dict
muscularis mucosa	ANATOMY	3a	3a:syn_dict
left ventricle apex	ANATOMY	3a	3a:syn_dict
tunica vaginalis testis	ANATOMY	3a	3a:syn_dict
external oblique muscles	ANATOMY	3a	3a:syn_dict
vestibular crest	ANATOMY	3a	3a:syn_dict
anterior hyaloid membrane	ANATOMY	3a	3a:syn_dict
angle of left scapula	ANATOMY	3a	3a:syn_dict
right gastroepiploic artery	ANATOMY	3a	3a:syn_dict
region of trunk	ANATOMY	3a	3a:syn_dict
thyroid lymph nodes	ANATOMY	3a	3a:syn_dict
angle of louis	ANATOMY	3a	3a:syn_dict
anterior globe	ANATOMY	3a	3a:syn_dict
ischial tuberosities	ANATOMY	3a	3a:syn_dict
colon flap	ANATOMY	3a	3a:syn_dict
pelvic appendix	ANATOMY	3a	3a:syn_dict
ovules	ANATOMY	3a	3a:syn_dict
fibular artery	ANATOMY	3a	3a:syn_dict
fibular vein	ANATOMY	3a	3a:syn_dict
parietal cortices	ANATOMY	3a	3a:syn_dict
left hepatic artery	ANATOMY	3a	3a:syn_dict
lateral cervical node	ANATOMY	3a	3a:syn_dict
mediastinum testis	ANATOMY	3a	3a:syn_dict
surface of right second rib	ANATOMY	3a	3a:syn_dict
abductor pollicis brevis	ANATOMY	3a	3a:syn_dict
right midaxillary line	ANATOMY	3a	3a:syn_dict
right brachioradialis	ANATOMY	3a	3a:syn_dict
internal capsules	ANATOMY	3a	3a:syn_dict
cerebral artery	ANATOMY	3a	3a:syn_dict
superior area 6	ANATOMY	3a	3a:syn_dict
nail matrix	ANATOMY	3a	3a:syn_dict
left pulmonary vein	ANATOMY	3a	3a:syn_dict
lacrimal glands	ANATOMY	3a	3a:syn_dict
mandibular dentition	ANATOMY	3a	3a:syn_dict
lisfranc ligament	ANATOMY	3a	3a:syn_dict
lung lingula	ANATOMY	3a	3a:syn_dict
branch of ileocolic artery	ANATOMY	3a	3a:syn_dict
region of prostate	ANATOMY	3a	3a:syn_dict
umbilical skin	ANATOMY	3a	3a:syn_dict
inferior pole of right testis	ANATOMY	3a	3a:syn_dict
lateral malleolar region	ANATOMY	3a	3a:syn_dict
left seventh rib	ANATOMY	3a	3a:syn_dict
left sciatic nerve	ANATOMY	3a	3a:syn_dict
stratum basale	ANATOMY	3a	3a:syn_dict
uveal tract	ANATOMY	3a	3a:syn_dict
parietal gyrus	ANATOMY	3a	3a:syn_dict
abdomen regions	ANATOMY	3a	3a:syn_dict
right cephalic vein	ANATOMY	3a	3a:syn_dict
right basilic vein	ANATOMY	3a	3a:syn_dict
inferior lacrimal punctum	ANATOMY	3a	3a:syn_dict
branch of sciatic nerve	ANATOMY	3a	3a:syn_dict
brachium pontis	ANATOMY	3a	3a:syn_dict
surface of spinal cord	ANATOMY	3a	3a:syn_dict
neck vessel	ANATOMY	3a	3a:syn_dict
nasotracheal	ANATOMY	3a	3a:syn_dict
basal segment of right lung	ANATOMY	3a	3a:syn_dict
entire mesentery	ANATOMY	3a	3a:syn_dict
right longus colli	ANATOMY	3a	3a:syn_dict
respiratory bronchioles	ANATOMY	3a	3a:syn_dict
pulmonary valve ring	ANATOMY	3a	3a:syn_dict
high right atrium	ANATOMY	3a	3a:syn_dict
ascending pharyngeal artery	ANATOMY	3a	3a:syn_dict
falx cerebri	ANATOMY	3a	3a:syn_dict
phalanges of left hand	ANATOMY	3a	3a:syn_dict
right liver	ANATOMY	3a	3a:syn_dict
mesial root of tooth	ANATOMY	3a	3a:syn_dict
hindbrain	ANATOMY	3a	3a:syn_dict
da - descending aorta	ANATOMY	3a	3a:syn_dict
hypothenar region	ANATOMY	3a	3a:syn_dict
pelvic organ	ANATOMY	3a	3a:syn_dict
tongue margin	ANATOMY	3a	3a:syn_dict
cementoenamel junction	ANATOMY	3a	3a:syn_dict
lobule x	ANATOMY	3a	3a:syn_dict
lateral wall of right ventricle	ANATOMY	3a	3a:syn_dict
l2 spinous process	ANATOMY	3a	3a:syn_dict
body of l2 vertebra	ANATOMY	3a	3a:syn_dict
pedicle of l2 vertebra	ANATOMY	3a	3a:syn_dict
paratesticular structure	ANATOMY	3a	3a:syn_dict
thoracic segments	ANATOMY	3a	3a:syn_dict
right opponens pollicis	ANATOMY	3a	3a:syn_dict
right gluteus medius muscle	ANATOMY	3a	3a:syn_dict
eye pupil	ANATOMY	3a	3a:syn_dict
knee joint line	ANATOMY	3a	3a:syn_dict
entire cervical spine	ANATOMY	3a	3a:syn_dict
cranial nerve iv	ANATOMY	3a	3a:syn_dict
right pectoralis minor muscle	ANATOMY	3a	3a:syn_dict
tricuspid annulus	ANATOMY	3a	3a:syn_dict
duodenal submucosa	ANATOMY	3a	3a:syn_dict
aortic opening	ANATOMY	3a	3a:syn_dict
pleura and pericardium	ANATOMY	3a	3a:syn_dict
ciliary epithelium	ANATOMY	3a	3a:syn_dict
abdominopelvic regions	ANATOMY	3a	3a:syn_dict
right levator palpebrae superioris muscle	ANATOMY	3a	3a:syn_dict
intercostal veins	ANATOMY	3a	3a:syn_dict
base of phalanx	ANATOMY	3a	3a:syn_dict
wing of sphenoid bone	ANATOMY	3a	3a:syn_dict
metaphysis of right tibia	ANATOMY	3a	3a:syn_dict
xyphoid	ANATOMY	3a	3a:syn_dict
cerebral veins	ANATOMY	3a	3a:syn_dict
vertebral	ANATOMY	3a	3a:syn_dict
right quadratus femoris muscle	ANATOMY	3a	3a:syn_dict
palpebral conjunctiva	ANATOMY	3a	3a:syn_dict
anterior temporal lobe	ANATOMY	3a	3a:syn_dict
mandibular surface	ANATOMY	3a	3a:syn_dict
astrocytic	ANATOMY	3a	3a:syn_dict
entire left kidney	ANATOMY	3a	3a:syn_dict
salivary ducts	ANATOMY	3a	3a:syn_dict
interlobar lymph node	ANATOMY	3a	3a:syn_dict
left hepatic vein	ANATOMY	3a	3a:syn_dict
right infraclavicular region	ANATOMY	3a	3a:syn_dict
palatine bone	ANATOMY	3a	3a:syn_dict
segment of common bile duct	ANATOMY	3a	3a:syn_dict
dorsal surface of scaphoid	ANATOMY	3a	3a:syn_dict
right frontal sinus mucosa	ANATOMY	3a	3a:syn_dict
ileum and abdominal wall	ANATOMY	3a	3a:syn_dict
achilles region	ANATOMY	3a	3a:syn_dict
lumbar cord	ANATOMY	3a	3a:syn_dict
right pectoral musculature	ANATOMY	3a	3a:syn_dict
left pleura	ANATOMY	3a	3a:syn_dict
right inferior rectus muscle	ANATOMY	3a	3a:syn_dict
tooth 9	ANATOMY	3a	3a:syn_dict
mental region	ANATOMY	3a	3a:syn_dict
styloid process of fibula	ANATOMY	3a	3a:syn_dict
region of lung parenchyma	ANATOMY	3a	3a:syn_dict
willis circle	ANATOMY	3a	3a:syn_dict
tuberosity of tibia	ANATOMY	3a	3a:syn_dict
ossicular chain	ANATOMY	3a	3a:syn_dict
neurohypophysis	ANATOMY	3a	3a:syn_dict
upper lobe bronchus	ANATOMY	3a	3a:syn_dict
left internal pudendal vein	ANATOMY	3a	3a:syn_dict
dartos muscle	ANATOMY	3a	3a:syn_dict
left pulmonary veins	ANATOMY	3a	3a:syn_dict
hard palates	ANATOMY	3a	3a:syn_dict
left lacrimal gland	ANATOMY	3a	3a:syn_dict
esophagus and gastroesophageal junction	ANATOMY	3a	3a:syn_dict
proximal nail fold	ANATOMY	3a	3a:syn_dict
apical margin	ANATOMY	3a	3a:syn_dict
region of brachial plexus	ANATOMY	3a	3a:syn_dict
left lower hemithorax	ANATOMY	3a	3a:syn_dict
labial frenulum	ANATOMY	3a	3a:syn_dict
base of third metatarsal	ANATOMY	3a	3a:syn_dict
descending colon and sigmoid colon	ANATOMY	3a	3a:syn_dict
mucosa of ileum	ANATOMY	3a	3a:syn_dict
mental nerves	ANATOMY	3a	3a:syn_dict
colon splenic	ANATOMY	3a	3a:syn_dict
c5 vertebral body	ANATOMY	3a	3a:syn_dict
l thigh	ANATOMY	3a	3a:syn_dict
plantar surfaces of toes	ANATOMY	3a	3a:syn_dict
anterior insula	ANATOMY	3a	3a:syn_dict
lower digestive tract	ANATOMY	3a	3a:syn_dict
area 23	ANATOMY	3a	3a:syn_dict
sternal muscle	ANATOMY	3a	3a:syn_dict
vellus hair	ANATOMY	3a	3a:syn_dict
mitral valve annulus	ANATOMY	3a	3a:syn_dict
inferior lingular segment	ANATOMY	3a	3a:syn_dict
breast quadrants	ANATOMY	3a	3a:syn_dict
verumontanum	ANATOMY	3a	3a:syn_dict
hair bulb	ANATOMY	3a	3a:syn_dict
scalp flap	ANATOMY	3a	3a:syn_dict
neck anatomy	ANATOMY	3a	3a:syn_dict
right scrotal sac	ANATOMY	3a	3a:syn_dict
ora serrata	ANATOMY	3a	3a:syn_dict
hand vessels	ANATOMY	3a	3a:syn_dict
inferior mesenteric artery branch	ANATOMY	3a	3a:syn_dict
perivesical region	ANATOMY	3a	3a:syn_dict
muscular fascia	ANATOMY	3a	3a:syn_dict
body of t12 vertebra	ANATOMY	3a	3a:syn_dict
parenchyma of left kidney	ANATOMY	3a	3a:syn_dict
efferent fiber	ANATOMY	3a	3a:syn_dict
internal obturator	ANATOMY	3a	3a:syn_dict
brain and meninges	ANATOMY	3a	3a:syn_dict
c7 spinous process	ANATOMY	3a	3a:syn_dict
posterior duodenal wall	ANATOMY	3a	3a:syn_dict
pudendum	ANATOMY	3a	3a:syn_dict
tendon sheath	ANATOMY	3a	3a:syn_dict
diaphragmatic pleura	ANATOMY	3a	3a:syn_dict
segment of radial artery	ANATOMY	3a	3a:syn_dict
orbital septum	ANATOMY	3a	3a:syn_dict
lateral subsegmental bronchus	ANATOMY	3a	3a:syn_dict
left retina	ANATOMY	3a	3a:syn_dict
right supraorbital area	ANATOMY	3a	3a:syn_dict
structure of lymph node	ANATOMY	3a	3a:syn_dict
right third cranial nerve	ANATOMY	3a	3a:syn_dict
serosa of small intestine	ANATOMY	3a	3a:syn_dict
ependymal canal	ANATOMY	3a	3a:syn_dict
paravertebral area	ANATOMY	3a	3a:syn_dict
right axillary artery	ANATOMY	3a	3a:syn_dict
right thigh musculature	ANATOMY	3a	3a:syn_dict
left lentiform nucleus	ANATOMY	3a	3a:syn_dict
medial aspect of heel	ANATOMY	3a	3a:syn_dict
regions of neck	ANATOMY	3a	3a:syn_dict
mucosa of esophagus	ANATOMY	3a	3a:syn_dict
posterolateral abdominal wall	ANATOMY	3a	3a:syn_dict
entire right upper arm	ANATOMY	3a	3a:syn_dict
olfactory pathway	ANATOMY	3a	3a:syn_dict
subacromial bursa	ANATOMY	3a	3a:syn_dict
t12 level	ANATOMY	3a	3a:syn_dict
right motor cortex	ANATOMY	3a	3a:syn_dict
right zygomatic arch	ANATOMY	3a	3a:syn_dict
cerebella	ANATOMY	3a	3a:syn_dict
anatomical site	ANATOMY	3a	3a:syn_dict
brain and face	ANATOMY	3a	3a:syn_dict
pretracheal nodes	ANATOMY	3a	3a:syn_dict
ileos	ANATOMY	3a	3a:syn_dict
mccl	ANATOMY	3a	3a:syn_dict
left buccal region	ANATOMY	3a	3a:syn_dict
left talus	ANATOMY	3a	3a:syn_dict
right posterior iliac crest	ANATOMY	3a	3a:syn_dict
paracolic region	ANATOMY	3a	3a:syn_dict
entire left forearm	ANATOMY	3a	3a:syn_dict
right lower lung zone	ANATOMY	3a	3a:syn_dict
right jaw region	ANATOMY	3a	3a:syn_dict
elbow pad	ANATOMY	3a	3a:syn_dict
right side of chin	ANATOMY	3a	3a:syn_dict
perimysium	ANATOMY	3a	3a:syn_dict
subcutaneous tissue of neck	ANATOMY	3a	3a:syn_dict
neck of fibula	ANATOMY	3a	3a:syn_dict
segmental bronchus	ANATOMY	3a	3a:syn_dict
penile vessels	ANATOMY	3a	3a:syn_dict
entire gland	ANATOMY	3a	3a:syn_dict
pelvis and lower extremity	ANATOMY	3a	3a:syn_dict
trapezoid bones	ANATOMY	3a	3a:syn_dict
pupil right eye	ANATOMY	3a	3a:syn_dict
liver lobes	ANATOMY	3a	3a:syn_dict
fingers of left hand	ANATOMY	3a	3a:syn_dict
left lower limb musculature	ANATOMY	3a	3a:syn_dict
anterior perineum	ANATOMY	3a	3a:syn_dict
pulps	ANATOMY	3a	3a:syn_dict
superior pole of left kidney	ANATOMY	3a	3a:syn_dict
trapezius muscle flap	ANATOMY	3a	3a:syn_dict
left middle lung field	ANATOMY	3a	3a:syn_dict
genu of internal capsule	ANATOMY	3a	3a:syn_dict
corticobulbar tract	ANATOMY	3a	3a:syn_dict
right lacrimal duct	ANATOMY	3a	3a:syn_dict
deep inguinal ring	ANATOMY	3a	3a:syn_dict
maxillary alveolar process	ANATOMY	3a	3a:syn_dict
inferior pole of testis	ANATOMY	3a	3a:syn_dict
tegmen tympani	ANATOMY	3a	3a:syn_dict
surface of lower lip	ANATOMY	3a	3a:syn_dict
right jugale	ANATOMY	3a	3a:syn_dict
left lingual nerve	ANATOMY	3a	3a:syn_dict
dorsum foot	ANATOMY	3a	3a:syn_dict
left tibial nerve	ANATOMY	3a	3a:syn_dict
primary tooth	ANATOMY	3a	3a:syn_dict
cremaster	ANATOMY	3a	3a:syn_dict
anal mucosa	ANATOMY	3a	3a:syn_dict
fourth rib	ANATOMY	3a	3a:syn_dict
skin of great toe	ANATOMY	3a	3a:syn_dict
ventricular myocardium	ANATOMY	3a	3a:syn_dict
pme	ANATOMY	3a	3a:syn_dict
surface of pancreas	ANATOMY	3a	3a:syn_dict
vng	ANATOMY	3a	3a:syn_dict
left upper extremity	ANATOMY	3a	3a:syn_dict
palmar region	ANATOMY	3a	3a:syn_dict
segmental renal artery	ANATOMY	3a	3a:syn_dict
choroid of left eye	ANATOMY	3a	3a:syn_dict
respiratory center	ANATOMY	3a	3a:syn_dict
stomach walls	ANATOMY	3a	3a:syn_dict
foot sole	ANATOMY	3a	3a:syn_dict
anterior maxillary teeth	ANATOMY	3a	3a:syn_dict
temporal lobe cortex	ANATOMY	3a	3a:syn_dict
oculomotor nerves	ANATOMY	3a	3a:syn_dict
left leg musculature	ANATOMY	3a	3a:syn_dict
extensor digitorum muscle	ANATOMY	3a	3a:syn_dict
gallbladder and common bile duct	ANATOMY	3a	3a:syn_dict
gallbladder mucosa	ANATOMY	3a	3a:syn_dict
lunotriquetral ligament	ANATOMY	3a	3a:syn_dict
tooth root	ANATOMY	3a	3a:syn_dict
erector spinae muscle	ANATOMY	3a	3a:syn_dict
infraorbital artery	ANATOMY	3a	3a:syn_dict
musculature of right thigh	ANATOMY	3a	3a:syn_dict
right obturator internus muscle	ANATOMY	3a	3a:syn_dict
lower right canine	ANATOMY	3a	3a:syn_dict
supplementary motor areas	ANATOMY	3a	3a:syn_dict
fibular epiphysis	ANATOMY	3a	3a:syn_dict
left posterior iliac crest	ANATOMY	3a	3a:syn_dict
mastoid lymph nodes	ANATOMY	3a	3a:syn_dict
dorsal surfaces of toes	ANATOMY	3a	3a:syn_dict
left lingual tonsil	ANATOMY	3a	3a:syn_dict
cutaneous mucous gland	ANATOMY	3a	3a:syn_dict
right ventricular wall	ANATOMY	3a	3a:syn_dict
left ventricular inferior	ANATOMY	3a	3a:syn_dict
segment of kidney	ANATOMY	3a	3a:syn_dict
labia majus	ANATOMY	3a	3a:syn_dict
upper right hemithorax	ANATOMY	3a	3a:syn_dict
alveolar ducts	ANATOMY	3a	3a:syn_dict
lacrimal canaliculus	ANATOMY	3a	3a:syn_dict
vein of galen	ANATOMY	3a	3a:syn_dict
cardia of stomach	ANATOMY	3a	3a:syn_dict
cavernous artery	ANATOMY	3a	3a:syn_dict
dorsal vein	ANATOMY	3a	3a:syn_dict
entire pubic region	ANATOMY	3a	3a:syn_dict
left lower lobe of lung	ANATOMY	3a	3a:syn_dict
abdominal lymph node	ANATOMY	3a	3a:syn_dict
subcallosal gyrus	ANATOMY	3a	3a:syn_dict
deep palmar arch	ANATOMY	3a	3a:syn_dict
ileum and ileum	ANATOMY	3a	3a:syn_dict
presternal region	ANATOMY	3a	3a:syn_dict
liver structure	ANATOMY	3a	3a:syn_dict
superior pole of kidney	ANATOMY	3a	3a:syn_dict
apex of tongue	ANATOMY	3a	3a:syn_dict
promontory	ANATOMY	3a	3a:syn_dict
posterior aspect of elbow	ANATOMY	3a	3a:syn_dict
occipitotemporal gyrus	ANATOMY	3a	3a:syn_dict
left pl	ANATOMY	3a	3a:syn_dict
arytenoids	ANATOMY	3a	3a:syn_dict
left conjunctiva	ANATOMY	3a	3a:syn_dict
left eustachian tube	ANATOMY	3a	3a:syn_dict
mesenteric node	ANATOMY	3a	3a:syn_dict
neck of right fibula	ANATOMY	3a	3a:syn_dict
rhombencephalon	ANATOMY	3a	3a:syn_dict
scleral canal	ANATOMY	3a	3a:syn_dict
seventh dorsal vertebra	ANATOMY	3a	3a:syn_dict
epididymal body	ANATOMY	3a	3a:syn_dict
tooth apices	ANATOMY	3a	3a:syn_dict
colonic loop	ANATOMY	3a	3a:syn_dict
oddi sphincter	ANATOMY	3a	3a:syn_dict
lateral ventricular atrium	ANATOMY	3a	3a:syn_dict
right pulmonary arteries	ANATOMY	3a	3a:syn_dict
pericecal region	ANATOMY	3a	3a:syn_dict
right fourth rib	ANATOMY	3a	3a:syn_dict
s2 vertebra	ANATOMY	3a	3a:syn_dict
central artery of retina	ANATOMY	3a	3a:syn_dict
left lateral thoracic region	ANATOMY	3a	3a:syn_dict
thoracic vertebral body	ANATOMY	3a	3a:syn_dict
left v3	ANATOMY	3a	3a:syn_dict
transversus abdominis	ANATOMY	3a	3a:syn_dict
optic papilla	ANATOMY	3a	3a:syn_dict
left malar bone	ANATOMY	3a	3a:syn_dict
stylomastoid foramen	ANATOMY	3a	3a:syn_dict
tooth 25	ANATOMY	3a	3a:syn_dict
frontal artery	ANATOMY	3a	3a:syn_dict
hemispheric regions	ANATOMY	3a	3a:syn_dict
right gluteus medius	ANATOMY	3a	3a:syn_dict
lower palpebral conjunctiva	ANATOMY	3a	3a:syn_dict
right sternohyoid muscle	ANATOMY	3a	3a:syn_dict
laryngeal skeleton	ANATOMY	3a	3a:syn_dict
lung and liver	ANATOMY	3a	3a:syn_dict
conjunctiva and cornea	ANATOMY	3a	3a:syn_dict
radial metaphysis	ANATOMY	3a	3a:syn_dict
radial epiphysis	ANATOMY	3a	3a:syn_dict
obturator node	ANATOMY	3a	3a:syn_dict
coronary arteries and thoracic aorta	ANATOMY	3a	3a:syn_dict
right supraspinatus	ANATOMY	3a	3a:syn_dict
gallbladder bed	ANATOMY	3a	3a:syn_dict
left occipital artery	ANATOMY	3a	3a:syn_dict
cerebellar cortex	ANATOMY	3a	3a:syn_dict
hand phalanges	ANATOMY	3a	3a:syn_dict
entire left ventricle	ANATOMY	3a	3a:syn_dict
t7 level	ANATOMY	3a	3a:syn_dict
frontal branch of facial nerve	ANATOMY	3a	3a:syn_dict
olecranon region	ANATOMY	3a	3a:syn_dict
canal of tooth	ANATOMY	3a	3a:syn_dict
tooth 17	ANATOMY	3a	3a:syn_dict
kinetoplasm	ANATOMY	3a	3a:syn_dict
right internal mammary artery	ANATOMY	3a	3a:syn_dict
anterior surface of prostate	ANATOMY	3a	3a:syn_dict
otic capsule	ANATOMY	3a	3a:syn_dict
lens surface	ANATOMY	3a	3a:syn_dict
external capsules	ANATOMY	3a	3a:syn_dict
cementoblasts	ANATOMY	3a	3a:syn_dict
external occipital protuberance	ANATOMY	3a	3a:syn_dict
superior lobar bronchus	ANATOMY	3a	3a:syn_dict
segment v of liver	ANATOMY	3a	3a:syn_dict
lower gastrointestinal tract	ANATOMY	3a	3a:syn_dict
right lobe of prostate	ANATOMY	3a	3a:syn_dict
peripancreatic nodes	ANATOMY	3a	3a:syn_dict
segment of right kidney	ANATOMY	3a	3a:syn_dict
right orbital compartment	ANATOMY	3a	3a:syn_dict
left lacrimal punctum	ANATOMY	3a	3a:syn_dict
periodontal ligaments	ANATOMY	3a	3a:syn_dict
left nasolacrimal duct	ANATOMY	3a	3a:syn_dict
left ulna	ANATOMY	3a	3a:syn_dict
endodermal	ANATOMY	3a	3a:syn_dict
glomerular basement membranes	ANATOMY	3a	3a:syn_dict
right visceral pleura	ANATOMY	3a	3a:syn_dict
serosa of large intestine	ANATOMY	3a	3a:syn_dict
mesorectal nodes	ANATOMY	3a	3a:syn_dict
periurethral region	ANATOMY	3a	3a:syn_dict
lateral aspect of thigh	ANATOMY	3a	3a:syn_dict
entire finger	ANATOMY	3a	3a:syn_dict
right forearm musculature	ANATOMY	3a	3a:syn_dict
femur diaphysis	ANATOMY	3a	3a:syn_dict
left maxillary body	ANATOMY	3a	3a:syn_dict
bronchus of right upper lobe	ANATOMY	3a	3a:syn_dict
retrobulbar region	ANATOMY	3a	3a:syn_dict
middle third of ureter	ANATOMY	3a	3a:syn_dict
zone of lymph node	ANATOMY	3a	3a:syn_dict
left optic radiation	ANATOMY	3a	3a:syn_dict
right greater wing of sphenoid	ANATOMY	3a	3a:syn_dict
omental adipose tissue	ANATOMY	3a	3a:syn_dict
bilateral palatine tonsils	ANATOMY	3a	3a:syn_dict
anterior inferior cerebellar artery	ANATOMY	3a	3a:syn_dict
nasal septum mucosa	ANATOMY	3a	3a:syn_dict
superior turbinate	ANATOMY	3a	3a:syn_dict
tsv	ANATOMY	3a	3a:syn_dict
right zygomatic region	ANATOMY	3a	3a:syn_dict
supinator	ANATOMY	3a	3a:syn_dict
inguinal rings	ANATOMY	3a	3a:syn_dict
finger skin	ANATOMY	3a	3a:syn_dict
rhi	ANATOMY	3a	3a:syn_dict
right middle lung field	ANATOMY	3a	3a:syn_dict
ear region	ANATOMY	3a	3a:syn_dict
orbital areas	ANATOMY	3a	3a:syn_dict
lower lacrimal punctum	ANATOMY	3a	3a:syn_dict
right sternocleidomastoid	ANATOMY	3a	3a:syn_dict
lead v1	ANATOMY	3a	3a:syn_dict
peritoneal mesentery	ANATOMY	3a	3a:syn_dict
internal pudendal artery	ANATOMY	3a	3a:syn_dict
frontal lobe cortex	ANATOMY	3a	3a:syn_dict
phalange	ANATOMY	3a	3a:syn_dict
right lesser wing of sphenoid	ANATOMY	3a	3a:syn_dict
left foot vasculature	ANATOMY	3a	3a:syn_dict
c8 dermatome	ANATOMY	3a	3a:syn_dict
anterior tibial compartment	ANATOMY	3a	3a:syn_dict
tibial vein	ANATOMY	3a	3a:syn_dict
entire right ureter	ANATOMY	3a	3a:syn_dict
dorsalis pedis flap	ANATOMY	3a	3a:syn_dict
right ulna	ANATOMY	3a	3a:syn_dict
wall of bronchus	ANATOMY	3a	3a:syn_dict
c5 segment	ANATOMY	3a	3a:syn_dict
musculature of left foot	ANATOMY	3a	3a:syn_dict
ophthalmic division of trigeminal nerve	ANATOMY	3a	3a:syn_dict
border of left scapula	ANATOMY	3a	3a:syn_dict
epicanthic fold	ANATOMY	3a	3a:syn_dict
thyroid gland parenchyma	ANATOMY	3a	3a:syn_dict
glomerular mesangium	ANATOMY	3a	3a:syn_dict
superior pole of testis	ANATOMY	3a	3a:syn_dict
proximal radius	ANATOMY	3a	3a:syn_dict
pelvic viscera	ANATOMY	3a	3a:syn_dict
calx	ANATOMY	3b	3b:united_syn_med
scom	ANATOMY	3b	3b:united_syn_med
dlf	ANATOMY	3b	3b:united_syn_med
omento-	ANATOMY	3b	3b:united_syn_med
uterine muscles	ANATOMY	3b	3b:united_syn_med
ifol	ANATOMY	3b	3b:united_syn_med
vlg	ANATOMY	3b	3b:united_syn_med
aig	ANATOMY	3b	3b:united_syn_med
ril	ANATOMY	3b	3b:united_syn_med
chestnuts	ANATOMY	3b	3b:united_syn_med
sog	ANATOMY	3b	3b:united_syn_med
gv2	ANATOMY	3b	3b:united_syn_med
ofo	ANATOMY	3b	3b:united_syn_med
skin ear	ANATOMY	3b	3b:united_syn_med
skin of upper arm	ANATOMY	3b	3b:united_syn_med
dmg	ANATOMY	3b	3b:united_syn_med
a1a	ANATOMY	3b	3b:united_syn_med
orchis	ANATOMY	3b	3b:united_syn_med
lda	ANATOMY	3b	3b:united_syn_med
scz	ANATOMY	3b	3b:united_syn_med
rumen	ANATOMY	3b	3b:united_syn_med
membrane function	ANATOMY	3b	3b:united_syn_med
10d	ANATOMY	3b	3b:united_syn_med
mtz	ANATOMY	3b	3b:united_syn_med
lgp	ANATOMY	3b	3b:united_syn_med
ovarium	ANATOMY	3b	3b:united_syn_med
gelatinous substance	ANATOMY	3b	3b:united_syn_med
foot skin	ANATOMY	3b	3b:united_syn_med
lrt	ANATOMY	3b	3b:united_syn_med
rmc	ANATOMY	3b	3b:united_syn_med
fef	ANATOMY	3b	3b:united_syn_med
vitreous and retina	ANATOMY	3b	3b:united_syn_med
paac	ANATOMY	3b	3b:united_syn_med
myone	ANATOMY	3b	3b:united_syn_med
ceco	ANATOMY	3b	3b:united_syn_med
ear skin	ANATOMY	3b	3b:united_syn_med
sinoatrial node	ANATOMY	3b	3b:united_syn_med
udder	ANATOMY	3b	3b:united_syn_med
capsule of lens	ANATOMY	3b	3b:united_syn_med
lung structures	ANATOMY	3b	3b:united_syn_med
liver gallbladder	ANATOMY	3b	3b:united_syn_med
r hand	ANATOMY	3b	3b:united_syn_med
cc3	ANATOMY	3b	3b:united_syn_med
thf	ANATOMY	3b	3b:united_syn_med
gastrointestinal mucosa	ANATOMY	3b	3b:united_syn_med
hair shaft	ANATOMY	3b	3b:united_syn_med
pain receptors	ANATOMY	3b	3b:united_syn_med
skin stomach	ANATOMY	3b	3b:united_syn_med
finger extensors	ANATOMY	3c	3c:syn_piper
schultze's comma tract	ANATOMY	3c	3c:syn_piper
sinuses and mandible	ANATOMY	3c	3c:syn_piper
14s	ANATOMY	3c	3c:syn_piper
mucosa of palate	ANATOMY	3c	3c:syn_piper
hip bilateral	ANATOMY	3c	3c:syn_piper
pulm artery	ANATOMY	3c	3c:syn_piper
all extremities	ANATOMY	3c	3c:syn_piper
l arm	ANATOMY	3c	3c:syn_piper
ii-iii	ANATOMY	3c	3c:syn_piper
skin face	ANATOMY	3c	3c:syn_piper
right anterior cruciate ligament	ANATOMY	3c	3c:syn_piper
lower extremity nerve	ANATOMY	3c	3c:syn_piper
trochanteric bursa	ANATOMY	3c	3c:syn_piper
s32	ANATOMY	3c	3c:syn_piper
gland skene's	ANATOMY	3c	3c:syn_piper
skin of upper lip	ANATOMY	3c	3c:syn_piper
post-surgical anatomy	ANATOMY	3c	3c:syn_piper
skin nipple	ANATOMY	3c	3c:syn_piper
vagina urethra	ANATOMY	3c	3c:syn_piper
penis glans	ANATOMY	3c	3c:syn_piper
microvascular networks	ANATOMY	3c	3c:syn_piper
right first rib head	ANATOMY	3d	3d:kokoro_tts
arms left	ANATOMY	3d	3d:kokoro_tts
fat body	ANATOMY	3d	3d:kokoro_tts
zone of vertebra	ANATOMY	3d	3d:kokoro_tts
right second rib	ANATOMY	3d	3d:kokoro_tts
shoulder left	ANATOMY	3d	3d:kokoro_tts
vision eyes	ANATOMY	3d	3d:kokoro_tts
elbow right	ANATOMY	3d	3d:kokoro_tts
muscles back	ANATOMY	3d	3d:kokoro_tts
eyes pupils	ANATOMY	3d	3d:kokoro_tts
finger nails	ANATOMY	3d	3d:kokoro_tts
chest back	ANATOMY	3d	3d:kokoro_tts
thumb nail	ANATOMY	3d	3d:kokoro_tts
fingers tips	ANATOMY	3d	3d:kokoro_tts
toe second	ANATOMY	3d	3d:kokoro_tts
tip of toe	ANATOMY	3d	3d:kokoro_tts
femur left	ANATOMY	3d	3d:kokoro_tts
rear leg	ANATOMY	3d	3d:kokoro_tts
bones of face	ANATOMY	3d	3d:kokoro_tts
mucous membrane of mouth	ANATOMY	4a	4a:ezdi
biceps tendon sheath	ANATOMY	4a	4a:ezdi
subscapularis tendon	ANATOMY	4a	4a:ezdi
head of metacarpal	ANATOMY	4a	4a:ezdi
extremity right	ANATOMY	4a	4a:ezdi
adductor tendon	ANATOMY	4a	4a:ezdi
lymph nodes inguinal	ANATOMY	4a	4a:ezdi
tendon patellar	ANATOMY	4a	4a:ezdi
diaphragm dome	ANATOMY	4a	4a:ezdi
c5 vertebra	ANATOMY	4a	4a:ezdi
gallbladders	ANATOMY	4a	4a:ezdi
spinal accessory nerves	ANATOMY	4b	4b:thalamus_notes
ear external	ANATOMY	4b	4b:thalamus_notes
m. vastus intermedius	ANATOMY	4b	4b:thalamus_notes
limbic cortex	ANATOMY	4b	4b:thalamus_notes
lymphatic nodes	ANATOMY	4b	4b:thalamus_notes
distal circumflex artery	ANATOMY	4b	4b:thalamus_notes
area 6	ANATOMY	4b	4b:thalamus_notes
surface of right leg	ANATOMY	4b	4b:thalamus_notes
vessels chest	ANATOMY	4b	4b:thalamus_notes
abdomen back	ANATOMY	4b	4b:thalamus_notes
apex lungs	ANATOMY	4b	4b:thalamus_notes
left knee skin	ANATOMY	4b	4b:thalamus_notes
ventricle left	ANATOMY	4b	4b:thalamus_notes
neck head	ANATOMY	4b	4b:thalamus_notes
breast left	ANATOMY	4b	4b:thalamus_notes
abdomen chest	ANATOMY	4b	4b:thalamus_notes
mouth mucosa	ANATOMY	4b	4b:thalamus_notes
lumbar spine disc	ANATOMY	4b	4b:thalamus_notes
area 46	ANATOMY	4b	4b:thalamus_notes
ankle bilateral	ANATOMY	4b	4b:thalamus_notes
vagina cervix	ANATOMY	4b	4b:thalamus_notes
iv-v	ANATOMY	4b	4b:thalamus_notes
extremity left	ANATOMY	4b	4b:thalamus_notes
nerve peroneal superficial	ANATOMY	4b	4b:thalamus_notes
lymph nodes axillary	ANATOMY	4b	4b:thalamus_notes
right ankle skin	ANATOMY	4b	4b:thalamus_notes
left brachioradialis	ANATOMY	4b	4b:thalamus_notes
cns cranial nerves	ANATOMY	4b	4b:thalamus_notes
ankle left	ANATOMY	4b	4b:thalamus_notes
posterior auricular lymph node	ANATOMY	4b	4b:thalamus_notes
anterior hairline	ANATOMY	4b	4b:thalamus_notes
femur and hip	ANATOMY	4b	4b:thalamus_notes
entire left upper extremity	ANATOMY	4b	4b:thalamus_notes
breast right	ANATOMY	4b	4b:thalamus_notes
surface of left foot	ANATOMY	4b	4b:thalamus_notes
joints pelvic	ANATOMY	4b	4b:thalamus_notes
episcleral veins	ANATOMY	4b	4b:thalamus_notes
region of mediastinum	ANATOMY	4b	4b:thalamus_notes
tuberculum sellae	ANATOMY	4b	4b:thalamus_notes
adenohypophyses	ANATOMY	4b	4b:thalamus_notes
fronto-parietal area	ANATOMY	4b	4b:thalamus_notes
testis right	ANATOMY	4b	4b:thalamus_notes
left lateral thoracic wall	ANATOMY	4b	4b:thalamus_notes
rhomboid muscle	ANATOMY	4b	4b:thalamus_notes
right piriformis	ANATOMY	4b	4b:thalamus_notes
both ankles	ANATOMY	4b	4b:thalamus_notes
proximal third of esophagus	ANATOMY	4b	4b:thalamus_notes
finger second	ANATOMY	4b	4b:thalamus_notes
l shoulder	ANATOMY	4b	4b:thalamus_notes
parametrial	ANATOMY	4b	4b:thalamus_notes
anterior tubercle	ANATOMY	4b	4b:thalamus_notes
left side neck	ANATOMY	4b	4b:thalamus_notes
bed nail	ANATOMY	4b	4b:thalamus_notes
throat neck	ANATOMY	4b	4b:thalamus_notes
orbit bilateral	ANATOMY	4b	4b:thalamus_notes
upper lip skin	ANATOMY	4b	4b:thalamus_notes
gallbladder bile ducts	ANATOMY	4b	4b:thalamus_notes
retired part	ANATOMY	4b	4b:thalamus_notes
mandible left	ANATOMY	4b	4b:thalamus_notes
body of sphenoid bone	ANATOMY	4b	4b:thalamus_notes
intrarenal arteries	ANATOMY	4b	4b:thalamus_notes
mii	ANATOMY	4b	4b:thalamus_notes
renal pelvis left	ANATOMY	4b	4b:thalamus_notes
temporo-occipital area	ANATOMY	4b	4b:thalamus_notes
scaphoid waist	ANATOMY	4b	4b:thalamus_notes
fingers skin	ANATOMY	4b	4b:thalamus_notes
colon and sigmoid colon	ANATOMY	4b	4b:thalamus_notes
subcutaneous tissue of scrotum	ANATOMY	4b	4b:thalamus_notes
upper left hemithorax	ANATOMY	4b	4b:thalamus_notes
posterior nasopharynx	ANATOMY	4b	4b:thalamus_notes
antecubital veins	ANATOMY	4b	4b:thalamus_notes
area 7	ANATOMY	4b	4b:thalamus_notes
skin scalp	ANATOMY	4b	4b:thalamus_notes
apex right	ANATOMY	4b	4b:thalamus_notes
pulmonary annulus	ANATOMY	4b	4b:thalamus_notes
nasopharynx and neck	ANATOMY	4b	4b:thalamus_notes
semispinalis	ANATOMY	4b	4b:thalamus_notes
splenius	ANATOMY	4b	4b:thalamus_notes
calf skin	ANATOMY	4b	4b:thalamus_notes
arteries iliac	ANATOMY	4b	4b:thalamus_notes
colon rectum	ANATOMY	4b	4b:thalamus_notes
lymph node structure	ANATOMY	4b	4b:thalamus_notes
phalanges of toes	ANATOMY	4b	4b:thalamus_notes
nose septum	ANATOMY	4b	4b:thalamus_notes
developing teeth	ANATOMY	4b	4b:thalamus_notes
flank left	ANATOMY	4b	4b:thalamus_notes
apex of right lung	ANATOMY	4b	4b:thalamus_notes
neck musculature	ANATOMY	4b	4b:thalamus_notes
uretero-ureteral	ANATOMY	4b	4b:thalamus_notes
suprahepatic area	ANATOMY	4b	4b:thalamus_notes
right lower limb skin	ANATOMY	4b	4b:thalamus_notes
right leg skin	ANATOMY	4b	4b:thalamus_notes
mandible neck	ANATOMY	4b	4b:thalamus_notes
region 6	ANATOMY	4b	4b:thalamus_notes
nodes pulmonary	ANATOMY	4b	4b:thalamus_notes
tibial surface	ANATOMY	4b	4b:thalamus_notes
kidney medulla	ANATOMY	4b	4b:thalamus_notes
uterine adnexa	ANATOMY	4b	4b:thalamus_notes
fingertips skin	ANATOMY	4b	4b:thalamus_notes
triceps surae muscle	ANATOMY	4b	4b:thalamus_notes
rectum sigmoid colon	ANATOMY	4b	4b:thalamus_notes
right obturator internus	ANATOMY	4b	4b:thalamus_notes
penis shaft	ANATOMY	4b	4b:thalamus_notes
ear auricle	ANATOMY	4b	4b:thalamus_notes
right temporomandibular vein	ANATOMY	4b	4b:thalamus_notes
auditory pathways	ANATOMY	4b	4b:thalamus_notes
cardiac septum	ANATOMY	4b	4b:thalamus_notes
apex of bladder	ANATOMY	4b	4b:thalamus_notes
anogenital region	ANATOMY	4b	4b:thalamus_notes
base lungs	ANATOMY	4b	4b:thalamus_notes
pelvic vessels	ANATOMY	4b	4b:thalamus_notes
parahippocampal gyrus	ANATOMY	4b	4b:thalamus_notes
entorhinal cortex	ANATOMY	4b	4b:thalamus_notes
intestine walls	ANATOMY	4b	4b:thalamus_notes
atrial myocardium	ANATOMY	4b	4b:thalamus_notes
adrenal parenchyma	ANATOMY	4b	4b:thalamus_notes
metaphysis of left radius	ANATOMY	4b	4b:thalamus_notes
trapezoid bone	ANATOMY	4b	4b:thalamus_notes
ankles skin	ANATOMY	4b	4b:thalamus_notes
area 11	ANATOMY	4b	4b:thalamus_notes
all teeth	ANATOMY	4b	4b:thalamus_notes
structure of pelvis	ANATOMY	4b	4b:thalamus_notes
left coronary ligament	ANATOMY	4b	4b:thalamus_notes
glands endocrine	ANATOMY	4b	4b:thalamus_notes
optic radiation	ANATOMY	4b	4b:thalamus_notes
lobe right middle	ANATOMY	4b	4b:thalamus_notes
male chest	ANATOMY	4b	4b:thalamus_notes
occipital gyrus	ANATOMY	4b	4b:thalamus_notes
dorsal spinal cord	ANATOMY	4b	4b:thalamus_notes
lips face	ANATOMY	4b	4b:thalamus_notes
sphenopalatine ganglion	ANATOMY	4b	4b:thalamus_notes
right maxillary tuberosity	ANATOMY	4b	4b:thalamus_notes
bichat's fat pad	ANATOMY	4b	4b:thalamus_notes
cheek flap	ANATOMY	4b	4b:thalamus_notes
right upper lung zone	ANATOMY	4b	4b:thalamus_notes
hepato-splenic	ANATOMY	4b	4b:thalamus_notes
area gu	ANATOMY	4b	4b:thalamus_notes
internal mammary lymph node	ANATOMY	4b	4b:thalamus_notes
vault meninges	ANATOMY	4b	4b:thalamus_notes
base cranial	ANATOMY	4b	4b:thalamus_notes
cranial and facial bones	ANATOMY	4b	4b:thalamus_notes
iliac graft	ANATOMY	4b	4b:thalamus_notes
epiploic appendage	ANATOMY	4b	4b:thalamus_notes
eye pupils	ANATOMY	4b	4b:thalamus_notes
right orbicularis oculi	ANATOMY	4b	4b:thalamus_notes
right vestibulocochlear vein	ANATOMY	4b	4b:thalamus_notes
arteries cerebral	ANATOMY	4b	4b:thalamus_notes
phalanx of second toe	ANATOMY	4b	4b:thalamus_notes
levels t3	ANATOMY	4b	4b:thalamus_notes
pelvis bone	ANATOMY	4b	4b:thalamus_notes
right malar bone	ANATOMY	4b	4b:thalamus_notes
intra-abdominal lymph nodes	ANATOMY	4b	4b:thalamus_notes
longus colli	ANATOMY	4b	4b:thalamus_notes
pectoralis major flap	ANATOMY	4b	4b:thalamus_notes
t11 spinous process	ANATOMY	4b	4b:thalamus_notes
nipple skin	ANATOMY	4b	4b:thalamus_notes
aorto-iliac	ANATOMY	4b	4b:thalamus_notes
segment vii of liver	ANATOMY	4b	4b:thalamus_notes
second metacarpal	ANATOMY	4b	4b:thalamus_notes
forearm bilateral	ANATOMY	4b	4b:thalamus_notes
cerebellar white matter	ANATOMY	4b	4b:thalamus_notes
right geniohyoid	ANATOMY	4b	4b:thalamus_notes
hyoglossus	ANATOMY	4b	4b:thalamus_notes
both lungs	ANATOMY	4b	4b:thalamus_notes
ossification center	ANATOMY	4b	4b:thalamus_notes
entire corpus cavernosum	ANATOMY	4b	4b:thalamus_notes
foot left	ANATOMY	4b	4b:thalamus_notes
left sural nerve	ANATOMY	4b	4b:thalamus_notes
left tibialis posterior	ANATOMY	4b	4b:thalamus_notes
lymphatic gland	ANATOMY	4b	4b:thalamus_notes
white matter periventricular	ANATOMY	4b	4b:thalamus_notes
pelvis bones	ANATOMY	4b	4b:thalamus_notes
left popliteal fossa	ANATOMY	4b	4b:thalamus_notes
site unknown	ANATOMY	4b	4b:thalamus_notes
skin abdominal	ANATOMY	4b	4b:thalamus_notes
left anterior tibial artery	ANATOMY	4b	4b:thalamus_notes
artery abdominal	ANATOMY	4b	4b:thalamus_notes
sln	ANATOMY	4b	4b:thalamus_notes
lower leg left	ANATOMY	4b	4b:thalamus_notes
maxillary arteries	ANATOMY	4b	4b:thalamus_notes
medial malleolar region	ANATOMY	4b	4b:thalamus_notes
hands skin	ANATOMY	4b	4b:thalamus_notes
right caudate nucleus	ANATOMY	4b	4b:thalamus_notes
mandibular tooth	ANATOMY	4b	4b:thalamus_notes
submandibular gland bilateral	ANATOMY	4b	4b:thalamus_notes
ureters	ANATOMY	4b	4b:thalamus_notes
mastoid left	ANATOMY	4b	4b:thalamus_notes
segment of lingula	ANATOMY	4b	4b:thalamus_notes
retina left eye	ANATOMY	4b	4b:thalamus_notes
glenoid neck	ANATOMY	4b	4b:thalamus_notes
posterior perineum	ANATOMY	4b	4b:thalamus_notes
area 5	ANATOMY	4b	4b:thalamus_notes
eye conjunctiva	ANATOMY	4b	4b:thalamus_notes
gallbladder liver	ANATOMY	4b	4b:thalamus_notes
right posterior descending artery	ANATOMY	4b	4b:thalamus_notes
upper extremity - right	ANATOMY	4b	4b:thalamus_notes
left scapular border	ANATOMY	4b	4b:thalamus_notes
superior-inferior	ANATOMY	4b	4b:thalamus_notes
kidney structure	ANATOMY	4b	4b:thalamus_notes
thoracic esophagus	ANATOMY	4b	4b:thalamus_notes
middle cerebellar peduncle	ANATOMY	4b	4b:thalamus_notes
29s	ANATOMY	4b	4b:thalamus_notes
external popliteal nerve	ANATOMY	4b	4b:thalamus_notes
knee skin	ANATOMY	4b	4b:thalamus_notes
temporal bone left	ANATOMY	4b	4b:thalamus_notes
lobe right temporal	ANATOMY	4b	4b:thalamus_notes
intracranial vessel	ANATOMY	4b	4b:thalamus_notes
insula posterior	ANATOMY	4b	4b:thalamus_notes
central incisor tooth	ANATOMY	4b	4b:thalamus_notes
nodes supraclavicular	ANATOMY	4b	4b:thalamus_notes
right hand skin	ANATOMY	4b	4b:thalamus_notes
ileo-ileal	ANATOMY	4b	4b:thalamus_notes
phalanx of middle finger	ANATOMY	4b	4b:thalamus_notes
hand - right	ANATOMY	4b	4b:thalamus_notes
pulmonary artery bilateral	ANATOMY	4b	4b:thalamus_notes
vaginal bladder	ANATOMY	4b	4b:thalamus_notes
ventral pons	ANATOMY	4b	4b:thalamus_notes
skin mouth	ANATOMY	4b	4b:thalamus_notes
pancreas liver	ANATOMY	4b	4b:thalamus_notes
antitragus	ANATOMY	4b	4b:thalamus_notes
glands submandibular	ANATOMY	4b	4b:thalamus_notes
ankle skin	ANATOMY	4b	4b:thalamus_notes
right skin	ANATOMY	4b	4b:thalamus_notes
left femoral region	ANATOMY	4b	4b:thalamus_notes
ovary right	ANATOMY	4b	4b:thalamus_notes
laryngeal wall	ANATOMY	4b	4b:thalamus_notes
para-aortic region	ANATOMY	4b	4b:thalamus_notes
left deltoid muscle	ANATOMY	4b	4b:thalamus_notes
first diagonal artery	ANATOMY	4b	4b:thalamus_notes
upper pole of kidney	ANATOMY	4b	4b:thalamus_notes
radial styloid process	ANATOMY	4b	4b:thalamus_notes
lung left	ANATOMY	4b	4b:thalamus_notes
teeth maxillary	ANATOMY	4b	4b:thalamus_notes
cervical vein	ANATOMY	4b	4b:thalamus_notes
region skin	ANATOMY	4b	4b:thalamus_notes
parasymphyseal region mandible	ANATOMY	4b	4b:thalamus_notes
cystic duct stump	ANATOMY	4b	4b:thalamus_notes
crural region	ANATOMY	4b	4b:thalamus_notes
prepatellar bursa	ANATOMY	4b	4b:thalamus_notes
left mandibular third molar tooth	ANATOMY	4b	4b:thalamus_notes
wrist - right	ANATOMY	4b	4b:thalamus_notes
left lunate	ANATOMY	4b	4b:thalamus_notes
penis foreskin	ANATOMY	4b	4b:thalamus_notes
pulm arteries	ANATOMY	4b	4b:thalamus_notes
mandibular condyles	ANATOMY	4b	4b:thalamus_notes
13l	ANATOMY	4b	4b:thalamus_notes
cranial nerve xii	ANATOMY	4b	4b:thalamus_notes
first mandibular molar tooth	ANATOMY	4b	4b:thalamus_notes
first molar tooth	ANATOMY	4b	4b:thalamus_notes
posterior dentition	ANATOMY	4b	4b:thalamus_notes
atrial structure	ANATOMY	4b	4b:thalamus_notes
part of gill	ANATOMY	4b	4b:thalamus_notes
left index finger skin	ANATOMY	4b	4b:thalamus_notes
communicating artery	ANATOMY	4b	4b:thalamus_notes
forearm left	ANATOMY	4b	4b:thalamus_notes
entire lower lip	ANATOMY	4b	4b:thalamus_notes
femoral vessel	ANATOMY	4b	4b:thalamus_notes
left thumb nail	ANATOMY	4b	4b:thalamus_notes
subgaleal fluid	ANATOMY	4b	4b:thalamus_notes
field h	ANATOMY	4b	4b:thalamus_notes
orbital vein	ANATOMY	4b	4b:thalamus_notes
renal vein left	ANATOMY	4b	4b:thalamus_notes
supraorbital area	ANATOMY	4b	4b:thalamus_notes
nerve sympathetic	ANATOMY	4b	4b:thalamus_notes
lower uterine segment	ANATOMY	4b	4b:thalamus_notes
lobe of thyroid gland	ANATOMY	4b	4b:thalamus_notes
frontal lobe right	ANATOMY	4b	4b:thalamus_notes
right hand back	ANATOMY	4b	4b:thalamus_notes
lower left hemithorax	ANATOMY	4b	4b:thalamus_notes
c1 level	ANATOMY	4b	4b:thalamus_notes
left inferior eyelid	ANATOMY	4b	4b:thalamus_notes
gastric vasculature	ANATOMY	4b	4b:thalamus_notes
occlusal surface	ANATOMY	4b	4b:thalamus_notes
mesentery of sigmoid colon	ANATOMY	4b	4b:thalamus_notes
duct pancreatic	ANATOMY	4b	4b:thalamus_notes
mesorectum	ANATOMY	4b	4b:thalamus_notes
dental follicle	ANATOMY	4b	4b:thalamus_notes
right foot dorsum	ANATOMY	4b	4b:thalamus_notes
left retromolar region	ANATOMY	4b	4b:thalamus_notes
brain skull	ANATOMY	4b	4b:thalamus_notes
lower hemithorax	ANATOMY	4b	4b:thalamus_notes
ectopic parathyroid tissue	ANATOMY	4b	4b:thalamus_notes
anterior chamber right eye	ANATOMY	4b	4b:thalamus_notes
neck lymph node	ANATOMY	4b	4b:thalamus_notes
left pectoral musculature	ANATOMY	4b	4b:thalamus_notes
face lip	ANATOMY	4b	4b:thalamus_notes
upper aerodigestive tract	ANATOMY	4b	4b:thalamus_notes
radius and ulna left	ANATOMY	4b	4b:thalamus_notes
shaft of radius	ANATOMY	4b	4b:thalamus_notes
portal lymph node	ANATOMY	4b	4b:thalamus_notes
left maxillary tuberosity	ANATOMY	4b	4b:thalamus_notes
lung bilateral	ANATOMY	4b	4b:thalamus_notes
root of tooth 4	ANATOMY	4b	4b:thalamus_notes
pelvic back	ANATOMY	4b	4b:thalamus_notes
femoro-popliteal	ANATOMY	4b	4b:thalamus_notes
preauricular skin	ANATOMY	4b	4b:thalamus_notes
cementoblast	ANATOMY	4b	4b:thalamus_notes
15s	ANATOMY	4b	4b:thalamus_notes
nasopalatine nerve	ANATOMY	4b	4b:thalamus_notes
knees skin	ANATOMY	4b	4b:thalamus_notes
bile ducts gallbladder	ANATOMY	4b	4b:thalamus_notes
subcutaneous bursa	ANATOMY	4b	4b:thalamus_notes
calcaneal region	ANATOMY	4b	4b:thalamus_notes
left calcaneus	ANATOMY	4b	4b:thalamus_notes
lead v6	ANATOMY	4b	4b:thalamus_notes
left thigh musculature	ANATOMY	4b	4b:thalamus_notes
tfmp	ANATOMY	4b	4b:thalamus_notes
right external obturator muscle	ANATOMY	4b	4b:thalamus_notes
urethral wall	ANATOMY	4b	4b:thalamus_notes
renal artery and its branches	ANATOMY	4b	4b:thalamus_notes
jugular vein left	ANATOMY	4b	4b:thalamus_notes
surface of lens	ANATOMY	4b	4b:thalamus_notes
internal nasal mucosa	ANATOMY	4b	4b:thalamus_notes
wall of vein	ANATOMY	4b	4b:thalamus_notes
venous segment	ANATOMY	4b	4b:thalamus_notes
right second toe skin	ANATOMY	4b	4b:thalamus_notes
entire base of tongue	ANATOMY	4b	4b:thalamus_notes
cecum surface	ANATOMY	4b	4b:thalamus_notes
hemiazygos vein	ANATOMY	4b	4b:thalamus_notes
hand skin	ANATOMY	4b	4b:thalamus_notes
ovarian fossa	ANATOMY	4b	4b:thalamus_notes
aorta thoracic	ANATOMY	4b	4b:thalamus_notes
muscles pectineus	ANATOMY	4b	4b:thalamus_notes
lve	ANATOMY	4b	4b:thalamus_notes
cutaneous muscle	ANATOMY	4b	4b:thalamus_notes
cheek skin	ANATOMY	4b	4b:thalamus_notes
venae cavae	ANATOMY	4b	4b:thalamus_notes
oral region	ANATOMY	4b	4b:thalamus_notes
vulva vagina	ANATOMY	4b	4b:thalamus_notes
liver lobe	ANATOMY	4b	4b:thalamus_notes
cns structure	ANATOMY	4b	4b:thalamus_notes
anterior surface of rectum	ANATOMY	4b	4b:thalamus_notes
superior lingular bronchus	ANATOMY	4b	4b:thalamus_notes
anterolateral system	ANATOMY	4b	4b:thalamus_notes
calf left	ANATOMY	4b	4b:thalamus_notes
paraurethral skene gland	ANATOMY	4b	4b:thalamus_notes
posterior aspect of heel	ANATOMY	4b	4b:thalamus_notes
cranium and face	ANATOMY	4b	4b:thalamus_notes
pulm vein	ANATOMY	4b	4b:thalamus_notes
popliteal artery right	ANATOMY	4b	4b:thalamus_notes
endopelvic fascia	ANATOMY	4b	4b:thalamus_notes
femoral vein and popliteal vein	ANATOMY	4b	4b:thalamus_notes
cerebellar nuclei	ANATOMY	4b	4b:thalamus_notes
atrium right	ANATOMY	4b	4b:thalamus_notes
muscles supraspinatus	ANATOMY	4b	4b:thalamus_notes
cervical esophagus	ANATOMY	4b	4b:thalamus_notes
left gastrocnemius muscle	ANATOMY	4b	4b:thalamus_notes
structures tooth	ANATOMY	4b	4b:thalamus_notes
right submandibular ganglion	ANATOMY	4b	4b:thalamus_notes
shaft of tibia	ANATOMY	4b	4b:thalamus_notes
left orbit roof	ANATOMY	4b	4b:thalamus_notes
artery large	ANATOMY	4b	4b:thalamus_notes
lung left upper lobe	ANATOMY	4b	4b:thalamus_notes
gonadal structure	ANATOMY	4b	4b:thalamus_notes
brain left	ANATOMY	4b	4b:thalamus_notes
both ureters	ANATOMY	4b	4b:thalamus_notes
elbow bursa	ANATOMY	4b	4b:thalamus_notes
maxillofacial bone	ANATOMY	4b	4b:thalamus_notes
femoral epiphysis	ANATOMY	4b	4b:thalamus_notes
upper limb muscle	ANATOMY	4b	4b:thalamus_notes
lumbar nerve	ANATOMY	4b	4b:thalamus_notes
abdomen skin	ANATOMY	4b	4b:thalamus_notes
neck and superior mediastinum	ANATOMY	4b	4b:thalamus_notes
area 27	ANATOMY	4b	4b:thalamus_notes
peripheral veins bilateral	ANATOMY	4b	4b:thalamus_notes
node lymph	ANATOMY	4b	4b:thalamus_notes
cecum mucosa	ANATOMY	4b	4b:thalamus_notes
entire upper eyelid	ANATOMY	4b	4b:thalamus_notes
palpebral ligament	ANATOMY	4b	4b:thalamus_notes
left upper lung zone	ANATOMY	4b	4b:thalamus_notes
urinary conduit	ANATOMY	4b	4b:thalamus_notes
lower extremity bones	ANATOMY	4b	4b:thalamus_notes
broad ligament of uterus	ANATOMY	4b	4b:thalamus_notes
shaft of second metatarsal	ANATOMY	4b	4b:thalamus_notes
second metatarsal bone	ANATOMY	4b	4b:thalamus_notes
medial cuneiform	ANATOMY	4b	4b:thalamus_notes
pris	ANATOMY	4b	4b:thalamus_notes
pre-auricular region	ANATOMY	4b	4b:thalamus_notes
preauricular node	ANATOMY	4b	4b:thalamus_notes
autologous vein graft	ANATOMY	4b	4b:thalamus_notes
anatomic site	ANATOMY	4b	4b:thalamus_notes
skin of neck	ANATOMY	4b	4b:thalamus_notes
pulp of great toe	ANATOMY	4b	4b:thalamus_notes
thigh skin	ANATOMY	4b	4b:thalamus_notes
abdominal aorta and its branches	ANATOMY	4b	4b:thalamus_notes
hilum of spleen	ANATOMY	4b	4b:thalamus_notes
teat	ANATOMY	4b	4b:thalamus_notes
vermilion of lower lip	ANATOMY	4b	4b:thalamus_notes
retinal veins	ANATOMY	4b	4b:thalamus_notes
posterior left lower lung zone	ANATOMY	4b	4b:thalamus_notes
lower vermilion	ANATOMY	4b	4b:thalamus_notes
anterolateral chest wall	ANATOMY	4b	4b:thalamus_notes
upper extremity - left	ANATOMY	4b	4b:thalamus_notes
superior pole of right testis	ANATOMY	4b	4b:thalamus_notes
shaft penis	ANATOMY	4b	4b:thalamus_notes
left psoas major muscle	ANATOMY	4b	4b:thalamus_notes
left inguinal ligament	ANATOMY	4b	4b:thalamus_notes
mental protuberance	ANATOMY	4b	4b:thalamus_notes
corticobulbar tracts	ANATOMY	4b	4b:thalamus_notes
ureter and pelvis	ANATOMY	4b	4b:thalamus_notes
cervix myometrium	ANATOMY	4b	4b:thalamus_notes
epididymi	ANATOMY	4b	4b:thalamus_notes
lobar artery	ANATOMY	4b	4b:thalamus_notes
axilla skin	ANATOMY	4b	4b:thalamus_notes
l hand	ANATOMY	4b	4b:thalamus_notes
knee bilateral	ANATOMY	4b	4b:thalamus_notes
second part of duodenum	ANATOMY	4b	4b:thalamus_notes
base heart	ANATOMY	4b	4b:thalamus_notes
retinal	ANATOMY	4b	4b:thalamus_notes
right foot skin	ANATOMY	4b	4b:thalamus_notes
face skin	ANATOMY	4b	4b:thalamus_notes
lower third esophagus	ANATOMY	4b	4b:thalamus_notes
left pinna	ANATOMY	4b	4b:thalamus_notes
external nasal skin	ANATOMY	4b	4b:thalamus_notes
entire cranium	ANATOMY	4b	4b:thalamus_notes
head soft tissue	ANATOMY	4b	4b:thalamus_notes
pubic branch	ANATOMY	4b	4b:thalamus_notes
couinaud segment	ANATOMY	4b	4b:thalamus_notes
foot vasculature	ANATOMY	4b	4b:thalamus_notes
digital nerve	ANATOMY	4b	4b:thalamus_notes
ramus anterior	ANATOMY	4b	4b:thalamus_notes
left labium majus	ANATOMY	4b	4b:thalamus_notes
shins skin	ANATOMY	4b	4b:thalamus_notes
axilla left	ANATOMY	4b	4b:thalamus_notes
bronchial submucosa	ANATOMY	4b	4b:thalamus_notes
left semitendinosus	ANATOMY	4b	4b:thalamus_notes
kidney - right	ANATOMY	4b	4b:thalamus_notes
right ulnar nerve	ANATOMY	4b	4b:thalamus_notes
vena cava inferior	ANATOMY	4b	4b:thalamus_notes
intradural intermedullary	ANATOMY	4b	4b:thalamus_notes
l5 dermatome	ANATOMY	4b	4b:thalamus_notes
anterior thalamus	ANATOMY	4b	4b:thalamus_notes
kidney pelvis	ANATOMY	4b	4b:thalamus_notes
abdominal viscus	ANATOMY	4b	4b:thalamus_notes
temporal skin	ANATOMY	4b	4b:thalamus_notes
upper left lateral incisor	ANATOMY	4b	4b:thalamus_notes
dorsal spinous process	ANATOMY	4b	4b:thalamus_notes
region of right ventricle	ANATOMY	4b	4b:thalamus_notes
para-aortic lymph node	ANATOMY	4b	4b:thalamus_notes
area 14	ANATOMY	4b	4b:thalamus_notes
upper lobar bronchus	ANATOMY	4b	4b:thalamus_notes
antero-lateral column	ANATOMY	4b	4b:thalamus_notes
gasserian ganglion	ANATOMY	4b	4b:thalamus_notes
right lateral thoracic region	ANATOMY	4b	4b:thalamus_notes
both atria	ANATOMY	4b	4b:thalamus_notes
h iv	ANATOMY	4b	4b:thalamus_notes
white of eye	ANATOMY	4b	4b:thalamus_notes
head cervical spine	ANATOMY	4b	4b:thalamus_notes
tooth 27	ANATOMY	4b	4b:thalamus_notes
periungual skin	ANATOMY	4b	4b:thalamus_notes
terminal filum	ANATOMY	4b	4b:thalamus_notes
entire ileum	ANATOMY	4b	4b:thalamus_notes
lateral wall of hypopharynx	ANATOMY	4b	4b:thalamus_notes
colon and rectum structure	ANATOMY	4b	4b:thalamus_notes
right dorsal wrist	ANATOMY	4b	4b:thalamus_notes
arteries kidneys	ANATOMY	4b	4b:thalamus_notes
distal-lingual	ANATOMY	4b	4b:thalamus_notes
posterior part of neck	ANATOMY	4b	4b:thalamus_notes
odontoid process	ANATOMY	4b	4b:thalamus_notes
supratentorial brain	ANATOMY	4b	4b:thalamus_notes
external jugular veins	ANATOMY	4b	4b:thalamus_notes
level ii lymph node	ANATOMY	4b	4b:thalamus_notes
wrist left	ANATOMY	4b	4b:thalamus_notes
chest pleura	ANATOMY	4b	4b:thalamus_notes
right upper quadrant abdomen	ANATOMY	4b	4b:thalamus_notes
cardio-pulmonary	ANATOMY	4b	4b:thalamus_notes
lumbar vertebral body	ANATOMY	4b	4b:thalamus_notes
perirenal fascia	ANATOMY	4b	4b:thalamus_notes
auricle left	ANATOMY	4b	4b:thalamus_notes
duodenum and jejunum	ANATOMY	4b	4b:thalamus_notes
malar region of face	ANATOMY	4b	4b:thalamus_notes
posterior maxillary teeth	ANATOMY	4b	4b:thalamus_notes
left gluteus medius	ANATOMY	4b	4b:thalamus_notes
lead v5	ANATOMY	4b	4b:thalamus_notes
region of face	ANATOMY	4b	4b:thalamus_notes
forehead skin	ANATOMY	4b	4b:thalamus_notes
falciform ligament	ANATOMY	4b	4b:thalamus_notes
upper limb skin	ANATOMY	4b	4b:thalamus_notes
non-coronary sinus	ANATOMY	4b	4b:thalamus_notes
pararenal fascia	ANATOMY	4b	4b:thalamus_notes
feet bone	ANATOMY	4b	4b:thalamus_notes
kidney interpolar region	ANATOMY	4b	4b:thalamus_notes
left submandibular gland lobe	ANATOMY	4b	4b:thalamus_notes
laryngeal muscle	ANATOMY	4b	4b:thalamus_notes
leaflet of tricuspid valve	ANATOMY	4b	4b:thalamus_notes
thigh muscle	ANATOMY	4b	4b:thalamus_notes
metatarsal joint	ANATOMY	4b	4b:thalamus_notes
bodies vertebral	ANATOMY	4b	4b:thalamus_notes
left buttock skin	ANATOMY	4b	4b:thalamus_notes
iris right eye	ANATOMY	4b	4b:thalamus_notes
entire left foot	ANATOMY	4b	4b:thalamus_notes
left foot skin	ANATOMY	4b	4b:thalamus_notes
calcaneofibular ligament	ANATOMY	4b	4b:thalamus_notes
infrarenal aortic segment	ANATOMY	4b	4b:thalamus_notes
white matter of cerebellum	ANATOMY	4b	4b:thalamus_notes
left lip	ANATOMY	4b	4b:thalamus_notes
region of spleen	ANATOMY	4b	4b:thalamus_notes
frontal bones	ANATOMY	4b	4b:thalamus_notes
epiphyseal plates	ANATOMY	4b	4b:thalamus_notes
pulm valve	ANATOMY	4b	4b:thalamus_notes
right lower second molar tooth	ANATOMY	4b	4b:thalamus_notes
knee left	ANATOMY	4b	4b:thalamus_notes
lip skin	ANATOMY	4b	4b:thalamus_notes
costochondral joint 1	ANATOMY	4b	4b:thalamus_notes
entire mons pubis	ANATOMY	4b	4b:thalamus_notes
region of penis	ANATOMY	4b	4b:thalamus_notes
lower extremity region	ANATOMY	4b	4b:thalamus_notes
23d	ANATOMY	4b	4b:thalamus_notes
spine thoracolumbar	ANATOMY	4b	4b:thalamus_notes
neuroepithelium	ANATOMY	4b	4b:thalamus_notes
cecal mucosa	ANATOMY	4b	4b:thalamus_notes
right lateral thoracic wall	ANATOMY	4b	4b:thalamus_notes
twelfth rib	ANATOMY	4b	4b:thalamus_notes
left premotor cortex	ANATOMY	4b	4b:thalamus_notes
l fingers	ANATOMY	4b	4b:thalamus_notes
skin trunk	ANATOMY	4b	4b:thalamus_notes
cutaneous trunci	ANATOMY	4b	4b:thalamus_notes
l5 vertebral body	ANATOMY	4b	4b:thalamus_notes
sternohyoid	ANATOMY	4b	4b:thalamus_notes
foregut	ANATOMY	4b	4b:thalamus_notes
arteries large	ANATOMY	4b	4b:thalamus_notes
right radial head	ANATOMY	4b	4b:thalamus_notes
right elbow skin	ANATOMY	4b	4b:thalamus_notes
jejuno-jejunal	ANATOMY	4b	4b:thalamus_notes
right sclera	ANATOMY	4b	4b:thalamus_notes
area 25	ANATOMY	4b	4b:thalamus_notes
rectus abdominis muscle flap	ANATOMY	4b	4b:thalamus_notes
ltic	ANATOMY	4b	4b:thalamus_notes
wall of distal ileum	ANATOMY	4b	4b:thalamus_notes
striate nucleus	ANATOMY	4b	4b:thalamus_notes
mandibular molar tooth	ANATOMY	4b	4b:thalamus_notes
c3 levels	ANATOMY	4b	4b:thalamus_notes
mesorectal node	ANATOMY	4b	4b:thalamus_notes
air bladder	ANATOMY	4b	4b:thalamus_notes
mandibular neck	ANATOMY	4b	4b:thalamus_notes
abdominal wall muscle	ANATOMY	4b	4b:thalamus_notes
pleuro-pericardial	ANATOMY	4b	4b:thalamus_notes
splenic lymph node	ANATOMY	4b	4b:thalamus_notes
stomach small intestine	ANATOMY	4b	4b:thalamus_notes
leg skin	ANATOMY	4b	4b:thalamus_notes
gluteal fascia	ANATOMY	4b	4b:thalamus_notes
hard palate mucosa	ANATOMY	4b	4b:thalamus_notes
left zygomatic bone	ANATOMY	4b	4b:thalamus_notes
subphrenic region	ANATOMY	4b	4b:thalamus_notes
subhepatic area	ANATOMY	4b	4b:thalamus_notes
inferior alveolar artery	ANATOMY	4b	4b:thalamus_notes
greater sphenoid wings	ANATOMY	4b	4b:thalamus_notes
extensor carpi radialis longus	ANATOMY	4b	4b:thalamus_notes
abductor pollicis longus	ANATOMY	4b	4b:thalamus_notes
extensor pollicis brevis	ANATOMY	4b	4b:thalamus_notes
epidermis gland	ANATOMY	4b	4b:thalamus_notes
lesser omentum	ANATOMY	4b	4b:thalamus_notes
mid-body	ANATOMY	4b	4b:thalamus_notes
lumbar segments	ANATOMY	4b	4b:thalamus_notes
entire lumbar spine	ANATOMY	4b	4b:thalamus_notes
left ankle skin	ANATOMY	4b	4b:thalamus_notes
back pelvis	ANATOMY	4b	4b:thalamus_notes
os temporale	ANATOMY	4b	4b:thalamus_notes
extensor carpi ulnaris	ANATOMY	4b	4b:thalamus_notes
flexor carpi ulnaris	ANATOMY	4b	4b:thalamus_notes
orbit right	ANATOMY	4b	4b:thalamus_notes
rectal submucosa	ANATOMY	4b	4b:thalamus_notes
right hepatic veins	ANATOMY	4b	4b:thalamus_notes
testis left	ANATOMY	4b	4b:thalamus_notes
dentitions	ANATOMY	4b	4b:thalamus_notes
cardias	ANATOMY	4b	4b:thalamus_notes
lung left lower lobe	ANATOMY	4b	4b:thalamus_notes
medial facet of patella	ANATOMY	4b	4b:thalamus_notes
renal pelvis right	ANATOMY	4b	4b:thalamus_notes
ileum mucosa	ANATOMY	4b	4b:thalamus_notes
outer root sheath	ANATOMY	4b	4b:thalamus_notes
interaortocaval lymph node	ANATOMY	4b	4b:thalamus_notes
radius ulna	ANATOMY	4b	4b:thalamus_notes
posterior knee region	ANATOMY	4b	4b:thalamus_notes
external carotid artery branch	ANATOMY	4b	4b:thalamus_notes
anterior abdominal wall structure	ANATOMY	4b	4b:thalamus_notes
surface of right foot	ANATOMY	4b	4b:thalamus_notes
uretero-pelvic	ANATOMY	4b	4b:thalamus_notes
wrist skin	ANATOMY	4b	4b:thalamus_notes
lymph nodes paraaortic	ANATOMY	4b	4b:thalamus_notes
renal lobe	ANATOMY	4b	4b:thalamus_notes
entire scrotum	ANATOMY	4b	4b:thalamus_notes
prco	ANATOMY	4b	4b:thalamus_notes
portal vein and hepatic vein	ANATOMY	4b	4b:thalamus_notes
right atrial wall	ANATOMY	4b	4b:thalamus_notes
naso-	ANATOMY	4b	4b:thalamus_notes
shoulder - bilateral	ANATOMY	4b	4b:thalamus_notes
venous site	ANATOMY	4b	4b:thalamus_notes
roof of left atrium	ANATOMY	4b	4b:thalamus_notes
left maxillary lateral incisor	ANATOMY	4b	4b:thalamus_notes
tooth 16	ANATOMY	4b	4b:thalamus_notes
groin skin	ANATOMY	4b	4b:thalamus_notes
cervical spinal cord nerve root	ANATOMY	4b	4b:thalamus_notes
left third cranial nerve	ANATOMY	4b	4b:thalamus_notes
orbitofrontal regions	ANATOMY	4b	4b:thalamus_notes
left renal cortex	ANATOMY	4b	4b:thalamus_notes
lips mouth	ANATOMY	4b	4b:thalamus_notes
medial area 10	ANATOMY	4b	4b:thalamus_notes
posterior axillary line	ANATOMY	4b	4b:thalamus_notes
semispinalis capitis	ANATOMY	4b	4b:thalamus_notes
uterine corpus	ANATOMY	4b	4b:thalamus_notes
left maxillary central incisor tooth	ANATOMY	4b	4b:thalamus_notes
digits hand	ANATOMY	4b	4b:thalamus_notes
18s	ANATOMY	4b	4b:thalamus_notes
musculature of tongue	ANATOMY	4b	4b:thalamus_notes
segment of internal carotid artery	ANATOMY	4b	4b:thalamus_notes
peripapillary retina	ANATOMY	4b	4b:thalamus_notes
mesiolingual	ANATOMY	4b	4b:thalamus_notes
left maxillary third molar tooth	ANATOMY	4b	4b:thalamus_notes
limbus of cornea	ANATOMY	4b	4b:thalamus_notes
segment of left hepatic lobe	ANATOMY	4b	4b:thalamus_notes
mastoid antrum	ANATOMY	4b	4b:thalamus_notes
right femoral region	ANATOMY	4b	4b:thalamus_notes
stomach fundus	ANATOMY	4b	4b:thalamus_notes
arch dental	ANATOMY	4b	4b:thalamus_notes
nasal spine	ANATOMY	4b	4b:thalamus_notes
ul - upper limb	ANATOMY	4b	4b:thalamus_notes
right scapular body	ANATOMY	4b	4b:thalamus_notes
infraspinous fossa	ANATOMY	4b	4b:thalamus_notes
nucleus ambiguus	ANATOMY	4b	4b:thalamus_notes
entire forearm	ANATOMY	4b	4b:thalamus_notes
sternal membrane	ANATOMY	4b	4b:thalamus_notes
8 beta	ANATOMY	4b	4b:thalamus_notes
taiyang	ANATOMY	4b	4b:thalamus_notes
st2	ANATOMY	4b	4b:thalamus_notes
li4	ANATOMY	4b	4b:thalamus_notes
lu3	ANATOMY	4b	4b:thalamus_notes
tooth apex	ANATOMY	4b	4b:thalamus_notes
branch of femoral artery	ANATOMY	4b	4b:thalamus_notes
deep cervical fascia	ANATOMY	4b	4b:thalamus_notes
right thigh skin	ANATOMY	4b	4b:thalamus_notes
segment i of liver	ANATOMY	4b	4b:thalamus_notes
l3 transverse process	ANATOMY	4b	4b:thalamus_notes
hilum lungs	ANATOMY	4b	4b:thalamus_notes
pelvic node	ANATOMY	4b	4b:thalamus_notes
parahippocampal gyri	ANATOMY	4b	4b:thalamus_notes
paratracheal nodes	ANATOMY	4b	4b:thalamus_notes
not specified>lymph node	ANATOMY	4b	4b:thalamus_notes
postauricular lymph nodes	ANATOMY	4b	4b:thalamus_notes
common carotid artery bifurcation	ANATOMY	4b	4b:thalamus_notes
lobes lungs	ANATOMY	4b	4b:thalamus_notes
right ramus of mandible	ANATOMY	4b	4b:thalamus_notes
portal venous trunk	ANATOMY	4b	4b:thalamus_notes
arteries basilar	ANATOMY	4b	4b:thalamus_notes
inferior interventricular septum	ANATOMY	4b	4b:thalamus_notes
left anserine bursa	ANATOMY	4b	4b:thalamus_notes
scapular region	ANATOMY	4b	4b:thalamus_notes
tooth 5	ANATOMY	4b	4b:thalamus_notes
28s	ANATOMY	4b	4b:thalamus_notes
thigh bilateral	ANATOMY	4b	4b:thalamus_notes
penile vein	ANATOMY	4b	4b:thalamus_notes
internal surface of rib	ANATOMY	4b	4b:thalamus_notes
penicilli	ANATOMY	4b	4b:thalamus_notes
aorta, descending	ANATOMY	4b	4b:thalamus_notes
apical third of root	ANATOMY	4b	4b:thalamus_notes
buccal root	ANATOMY	4b	4b:thalamus_notes
tonsils adenoids	ANATOMY	4b	4b:thalamus_notes
deferent duct	ANATOMY	4b	4b:thalamus_notes
ribs left	ANATOMY	4b	4b:thalamus_notes
artery coronary	ANATOMY	4b	4b:thalamus_notes
middle hemithorax	ANATOMY	4b	4b:thalamus_notes
centrum ovale	ANATOMY	4b	4b:thalamus_notes
supraorbital notch	ANATOMY	4b	4b:thalamus_notes
submental lymph node	ANATOMY	4b	4b:thalamus_notes
porto-caval	ANATOMY	4b	4b:thalamus_notes
scalp occipital	ANATOMY	4b	4b:thalamus_notes
supraaortic branches	ANATOMY	4b	4b:thalamus_notes
metacarpal region	ANATOMY	4b	4b:thalamus_notes
jejuno-colic	ANATOMY	4b	4b:thalamus_notes
iliac vessels left	ANATOMY	4b	4b:thalamus_notes
left mastoid region	ANATOMY	4b	4b:thalamus_notes
organs pelvic	ANATOMY	4b	4b:thalamus_notes
lips upper	ANATOMY	4b	4b:thalamus_notes
segment iii of liver	ANATOMY	4b	4b:thalamus_notes
papilla of vater	ANATOMY	4b	4b:thalamus_notes
aortic valve cusp	ANATOMY	4b	4b:thalamus_notes
root of tooth 13	ANATOMY	4b	4b:thalamus_notes
spinal cord and meninges	ANATOMY	4b	4b:thalamus_notes
caudate putamen	ANATOMY	4b	4b:thalamus_notes
thoracic vertebral level	ANATOMY	4b	4b:thalamus_notes
esophageal structure	ANATOMY	4b	4b:thalamus_notes
kidney - left	ANATOMY	4b	4b:thalamus_notes
mucosa buccal	ANATOMY	4b	4b:thalamus_notes
systemic capillary	ANATOMY	4b	4b:thalamus_notes
spinal cord brain	ANATOMY	4b	4b:thalamus_notes
cervical nerves	ANATOMY	4b	4b:thalamus_notes
alveolar ridge of mandible	ANATOMY	4b	4b:thalamus_notes
right mandibular first molar tooth	ANATOMY	4b	4b:thalamus_notes
humeral diaphysis	ANATOMY	4b	4b:thalamus_notes
pulmonary artery main	ANATOMY	4b	4b:thalamus_notes
baby teeth	ANATOMY	4b	4b:thalamus_notes
renal segment	ANATOMY	4b	4b:thalamus_notes
lateral conjunctiva	ANATOMY	4b	4b:thalamus_notes
superior pubic ramus	ANATOMY	4b	4b:thalamus_notes
left acetabulum	ANATOMY	4b	4b:thalamus_notes
abdominal aortic wall	ANATOMY	4b	4b:thalamus_notes
posterior choroid	ANATOMY	4b	4b:thalamus_notes
retina ganglion cell layer	ANATOMY	4b	4b:thalamus_notes
right iliacus	ANATOMY	4b	4b:thalamus_notes
r thigh	ANATOMY	4b	4b:thalamus_notes
leg left	ANATOMY	4b	4b:thalamus_notes
right gluteal fold	ANATOMY	4b	4b:thalamus_notes
left liver	ANATOMY	4b	4b:thalamus_notes
oral mucous membrane	ANATOMY	4b	4b:thalamus_notes
kidney capsule	ANATOMY	4b	4b:thalamus_notes
perinephric tissue	ANATOMY	4b	4b:thalamus_notes
right hemiscrotum skin	ANATOMY	4b	4b:thalamus_notes
t8 spinous process	ANATOMY	4b	4b:thalamus_notes
ureter right	ANATOMY	4b	4b:thalamus_notes
posterior fascicle	ANATOMY	4b	4b:thalamus_notes
opponens pollicis	ANATOMY	4b	4b:thalamus_notes
triceps brachii	ANATOMY	4b	4b:thalamus_notes
biceps left	ANATOMY	4b	4b:thalamus_notes
entire chest and abdomen	ANATOMY	4b	4b:thalamus_notes
skin capillary	ANATOMY	4b	4b:thalamus_notes
upper extremity veins	ANATOMY	4b	4b:thalamus_notes
bladder muscle	ANATOMY	4b	4b:thalamus_notes
vena comitans	ANATOMY	4b	4b:thalamus_notes
lateral tongue flap	ANATOMY	4b	4b:thalamus_notes
toe skin	ANATOMY	4b	4b:thalamus_notes
conjunctival fornix	ANATOMY	4b	4b:thalamus_notes
head bone	ANATOMY	4b	4b:thalamus_notes
posterior circumflex humeral artery	ANATOMY	4b	4b:thalamus_notes
left axillary artery	ANATOMY	4b	4b:thalamus_notes
pulp of thumb	ANATOMY	4b	4b:thalamus_notes
mamillary bodies	ANATOMY	4b	4b:thalamus_notes
lung right lower lobe	ANATOMY	4b	4b:thalamus_notes
retrocalcaneal bursa	ANATOMY	4b	4b:thalamus_notes
vestibular pathway	ANATOMY	4b	4b:thalamus_notes
junctional region	ANATOMY	4b	4b:thalamus_notes
pectoral musculature	ANATOMY	4b	4b:thalamus_notes
jejuno-ileal	ANATOMY	4b	4b:thalamus_notes
region of leg	ANATOMY	4b	4b:thalamus_notes
external oblique fascia	ANATOMY	4b	4b:thalamus_notes
capsule internal	ANATOMY	4b	4b:thalamus_notes
right third rib	ANATOMY	4b	4b:thalamus_notes
left insular cortex	ANATOMY	4b	4b:thalamus_notes
pectineal ligament	ANATOMY	4b	4b:thalamus_notes
interphalangeal joint	ANATOMY	4b	4b:thalamus_notes
right apical segmental bronchus	ANATOMY	4b	4b:thalamus_notes
lamellar corneal graft	ANATOMY	4b	4b:thalamus_notes
thigh left	ANATOMY	4b	4b:thalamus_notes
foramen mental	ANATOMY	4b	4b:thalamus_notes
posterior segment of eye	ANATOMY	4b	4b:thalamus_notes
epididymal structures	ANATOMY	4b	4b:thalamus_notes
foreskin penis	ANATOMY	4b	4b:thalamus_notes
eloquent brain areas	ANATOMY	4b	4b:thalamus_notes
l3-l4 intervertebral space	ANATOMY	4b	4b:thalamus_notes
upper extremity vein	ANATOMY	4b	4b:thalamus_notes
transverse colon wall	ANATOMY	4b	4b:thalamus_notes
toes bilateral	ANATOMY	4b	4b:thalamus_notes
chest skin	ANATOMY	4b	4b:thalamus_notes
left external obturator muscle	ANATOMY	4b	4b:thalamus_notes
r knee	ANATOMY	4b	4b:thalamus_notes
flank right	ANATOMY	4b	4b:thalamus_notes
lymph nodes submandibular	ANATOMY	4b	4b:thalamus_notes
lower extremity bilateral	ANATOMY	4b	4b:thalamus_notes
superior pole of left testis	ANATOMY	4b	4b:thalamus_notes
shaft of left fibula	ANATOMY	4b	4b:thalamus_notes
tendon of extensor digitorum	ANATOMY	4b	4b:thalamus_notes
finger little	ANATOMY	4b	4b:thalamus_notes
finger ring	ANATOMY	4b	4b:thalamus_notes
lobe right upper	ANATOMY	4b	4b:thalamus_notes
left hand skin	ANATOMY	4b	4b:thalamus_notes
pancreatico-gastric	ANATOMY	4b	4b:thalamus_notes
nose internal	ANATOMY	4b	4b:thalamus_notes
vertex head	ANATOMY	4b	4b:thalamus_notes
left upper abd quadrant	ANATOMY	4b	4b:thalamus_notes
right retromolar area	ANATOMY	4b	4b:thalamus_notes
small intestinal	ANATOMY	4b	4b:thalamus_notes
gland lymph	ANATOMY	4b	4b:thalamus_notes
cross-sectional chest	ANATOMY	4b	4b:thalamus_notes
ileum terminal	ANATOMY	4b	4b:thalamus_notes
area pg	ANATOMY	4b	4b:thalamus_notes
declive	ANATOMY	4b	4b:thalamus_notes
tricuspid valve annulus	ANATOMY	4b	4b:thalamus_notes
cranial nerve ix	ANATOMY	4b	4b:thalamus_notes
right bronchus	ANATOMY	4b	4b:thalamus_notes
fascia of neck	ANATOMY	4b	4b:thalamus_notes
fibular nerve	ANATOMY	4b	4b:thalamus_notes
left infraclavicular region	ANATOMY	4b	4b:thalamus_notes
yintang	ANATOMY	4b	4b:thalamus_notes
mesentery of ileum	ANATOMY	4b	4b:thalamus_notes
recto-vaginal	ANATOMY	4b	4b:thalamus_notes
nerve cervical	ANATOMY	4b	4b:thalamus_notes
corticospinal fibers	ANATOMY	4b	4b:thalamus_notes
glans penis and foreskin	ANATOMY	4b	4b:thalamus_notes
right superior ophthalmic vein	ANATOMY	4b	4b:thalamus_notes
right external jugular	ANATOMY	4b	4b:thalamus_notes
oral soft tissue	ANATOMY	4b	4b:thalamus_notes
splenic arteries	ANATOMY	4b	4b:thalamus_notes
laryngo-	ANATOMY	4b	4b:thalamus_notes
entire anterior abdominal wall	ANATOMY	4b	4b:thalamus_notes
chest - left	ANATOMY	4b	4b:thalamus_notes
median nerve at wrist	ANATOMY	4b	4b:thalamus_notes
right nasalis	ANATOMY	4b	4b:thalamus_notes
external iliac node	ANATOMY	4b	4b:thalamus_notes
intrahepatic biliary tract	ANATOMY	4b	4b:thalamus_notes
retroorbital region	ANATOMY	4b	4b:thalamus_notes
lower extremity - right	ANATOMY	4b	4b:thalamus_notes
knee - left	ANATOMY	4b	4b:thalamus_notes
retro-orbital region	ANATOMY	4b	4b:thalamus_notes
right superior oblique	ANATOMY	4b	4b:thalamus_notes
heel left	ANATOMY	4b	4b:thalamus_notes
temporo-occipital cortex	ANATOMY	4b	4b:thalamus_notes
entire ankle	ANATOMY	4b	4b:thalamus_notes
occipital gyri	ANATOMY	4b	4b:thalamus_notes
meninges surrounding optic nerve	ANATOMY	4b	4b:thalamus_notes
nasolacrimal ducts	ANATOMY	4b	4b:thalamus_notes
tracheal segment	ANATOMY	4b	4b:thalamus_notes
parieto-occipital area	ANATOMY	4b	4b:thalamus_notes
head of left epididymis	ANATOMY	4b	4b:thalamus_notes
cortical white matter	ANATOMY	4b	4b:thalamus_notes
upper quadrant abdomen	ANATOMY	4b	4b:thalamus_notes
skin of penis	ANATOMY	4b	4b:thalamus_notes
gallbladder bile duct	ANATOMY	4b	4b:thalamus_notes
scrotal surface	ANATOMY	4b	4b:thalamus_notes
entire right upper extremity	ANATOMY	4b	4b:thalamus_notes
cervical nerve root	ANATOMY	4b	4b:thalamus_notes
viscerocranium	ANATOMY	4b	4b:thalamus_notes
neurocranium	ANATOMY	4b	4b:thalamus_notes
left ischium	ANATOMY	4b	4b:thalamus_notes
acetabular fossa	ANATOMY	4b	4b:thalamus_notes
right inframammary fold	ANATOMY	4b	4b:thalamus_notes
ear lobule	ANATOMY	4b	4b:thalamus_notes
right medial meniscus	ANATOMY	4b	4b:thalamus_notes
nipple-areolar complex	ANATOMY	4b	4b:thalamus_notes
profunda femoris vein	ANATOMY	4b	4b:thalamus_notes
right paratracheal zone	ANATOMY	4b	4b:thalamus_notes
alar cartilage	ANATOMY	4b	4b:thalamus_notes
left lower third molar tooth	ANATOMY	4b	4b:thalamus_notes
mmtg	ANATOMY	4b	4b:thalamus_notes
upper thigh region	ANATOMY	4b	4b:thalamus_notes
pole of testis	ANATOMY	4b	4b:thalamus_notes
mandibular gum	ANATOMY	4b	4b:thalamus_notes
glomerular capillary endothelium	ANATOMY	4b	4b:thalamus_notes
left pectoralis major muscle	ANATOMY	4b	4b:thalamus_notes
skin of chest	ANATOMY	4b	4b:thalamus_notes
occipital cortices	ANATOMY	4b	4b:thalamus_notes
mandibular second molar tooth	ANATOMY	4b	4b:thalamus_notes
region of mucosa	ANATOMY	4b	4b:thalamus_notes
soft tissue plane	ANATOMY	4b	4b:thalamus_notes
precentral region	ANATOMY	4b	4b:thalamus_notes
left infraorbital nerve	ANATOMY	4b	4b:thalamus_notes
supraorbital margin	ANATOMY	4b	4b:thalamus_notes
left side of trunk	ANATOMY	4b	4b:thalamus_notes
appendix wall	ANATOMY	4b	4b:thalamus_notes
infra-umbilical region	ANATOMY	4b	4b:thalamus_notes
mouth floor	ANATOMY	4b	4b:thalamus_notes
renal vessels left	ANATOMY	4b	4b:thalamus_notes
abdomen region	ANATOMY	4b	4b:thalamus_notes
thyroid lymph node	ANATOMY	4b	4b:thalamus_notes
surface of right index finger	ANATOMY	4b	4b:thalamus_notes
right hip skin	ANATOMY	4b	4b:thalamus_notes
left iris	ANATOMY	4b	4b:thalamus_notes
left arm skin	ANATOMY	4b	4b:thalamus_notes
meningeal arteries	ANATOMY	4b	4b:thalamus_notes
left suprascapular nerve	ANATOMY	4b	4b:thalamus_notes
dorsolateral tract	ANATOMY	4b	4b:thalamus_notes
apophysis	ANATOMY	4b	4b:thalamus_notes
dural sinus	ANATOMY	4b	4b:thalamus_notes
os irregulare	ANATOMY	4b	4b:thalamus_notes
aorta abdominal	ANATOMY	4b	4b:thalamus_notes
entire aorta	ANATOMY	4b	4b:thalamus_notes
renal artery right	ANATOMY	4b	4b:thalamus_notes
orbit - left	ANATOMY	4b	4b:thalamus_notes
lobe lung	ANATOMY	4b	4b:thalamus_notes
dorsal artery of penis	ANATOMY	4b	4b:thalamus_notes
orbit left	ANATOMY	4b	4b:thalamus_notes
peripheral iris	ANATOMY	4b	4b:thalamus_notes
transplanted ureter	ANATOMY	4b	4b:thalamus_notes
parenchyma liver	ANATOMY	4b	4b:thalamus_notes
left apical pleura	ANATOMY	4b	4b:thalamus_notes
extensor carpi radialis brevis	ANATOMY	4b	4b:thalamus_notes
synovial sheath	ANATOMY	4b	4b:thalamus_notes
genitourinary tracts	ANATOMY	4b	4b:thalamus_notes
vermiform appendix	ANATOMY	4b	4b:thalamus_notes
ileum and sigmoid colon	ANATOMY	4b	4b:thalamus_notes
aorta and left ventricle	ANATOMY	4b	4b:thalamus_notes
left mandibular second molar tooth	ANATOMY	4b	4b:thalamus_notes
left tragus	ANATOMY	4b	4b:thalamus_notes
axilla right	ANATOMY	4b	4b:thalamus_notes
breast lactating	ANATOMY	4b	4b:thalamus_notes
permanent upper left canine tooth	ANATOMY	4b	4b:thalamus_notes
area 30	ANATOMY	4b	4b:thalamus_notes
glottic larynx	ANATOMY	4b	4b:thalamus_notes
anterior rectus sheath	ANATOMY	4b	4b:thalamus_notes
left mandibular canine tooth	ANATOMY	4b	4b:thalamus_notes
sacral plexus nerve	ANATOMY	4b	4b:thalamus_notes
sacral plexus	ANATOMY	4b	4b:thalamus_notes
base of mandible	ANATOMY	4b	4b:thalamus_notes
digit 3	ANATOMY	4b	4b:thalamus_notes
ileum wall	ANATOMY	4b	4b:thalamus_notes
tuberosities	ANATOMY	4b	4b:thalamus_notes
right innominate vein	ANATOMY	4b	4b:thalamus_notes
left innominate vein	ANATOMY	4b	4b:thalamus_notes
fibrous sheath	ANATOMY	4b	4b:thalamus_notes
maxillary dental arch	ANATOMY	4b	4b:thalamus_notes
lv basal segment	ANATOMY	4b	4b:thalamus_notes
back skin	ANATOMY	4b	4b:thalamus_notes
menton	ANATOMY	4b	4b:thalamus_notes
wall of infrarenal aorta	ANATOMY	4b	4b:thalamus_notes
gonada	ANATOMY	4b	4b:thalamus_notes
lumbosacral regions	ANATOMY	4b	4b:thalamus_notes
enterostomy stoma	ANATOMY	4b	4b:thalamus_notes
subglottic area	ANATOMY	4b	4b:thalamus_notes
left sclera	ANATOMY	4b	4b:thalamus_notes
blv	ANATOMY	4b	4b:thalamus_notes
laryngopharyngeal	ANATOMY	4b	4b:thalamus_notes
bones of forearm	ANATOMY	4b	4b:thalamus_notes
diaphragmatic node	ANATOMY	4b	4b:thalamus_notes
adnexa right	ANATOMY	4b	4b:thalamus_notes
upper lateral incisor	ANATOMY	4b	4b:thalamus_notes
left ramus of mandible	ANATOMY	4b	4b:thalamus_notes
neck bladder	ANATOMY	4b	4b:thalamus_notes
subthalamus	ANATOMY	4b	4b:thalamus_notes
auriculotemporal nerve	ANATOMY	4b	4b:thalamus_notes
ocular fundus	ANATOMY	4b	4b:thalamus_notes
nates	ANATOMY	4b	4b:thalamus_notes
surface of left heel	ANATOMY	4b	4b:thalamus_notes
left inferior parathyroid gland	ANATOMY	4b	4b:thalamus_notes
posterior tricuspid leaflet	ANATOMY	4b	4b:thalamus_notes
nail of left thumb	ANATOMY	4b	4b:thalamus_notes
false vocal cord	ANATOMY	4b	4b:thalamus_notes
labial sulcus	ANATOMY	4b	4b:thalamus_notes
vitreous left eye	ANATOMY	4b	4b:thalamus_notes
bone of left radius	ANATOMY	4b	4b:thalamus_notes
left radial diaphysis	ANATOMY	4b	4b:thalamus_notes
eyelids lower	ANATOMY	4b	4b:thalamus_notes
upper molar tooth	ANATOMY	4b	4b:thalamus_notes
hemispheric sulcus	ANATOMY	4b	4b:thalamus_notes
trimalleolar area	ANATOMY	4b	4b:thalamus_notes
permanent canine tooth	ANATOMY	4b	4b:thalamus_notes
maxillary tooth	ANATOMY	4b	4b:thalamus_notes
left scaphoid	ANATOMY	4b	4b:thalamus_notes
skin of face	ANATOMY	4b	4b:thalamus_notes
brachiocephalic vein	ANATOMY	4b	4b:thalamus_notes
semicircular ducts	ANATOMY	4b	4b:thalamus_notes
lumen of vein	ANATOMY	4b	4b:thalamus_notes
tympanic mucosa	ANATOMY	4b	4b:thalamus_notes
annular ligament	ANATOMY	4b	4b:thalamus_notes
left adductor magnus muscle	ANATOMY	4b	4b:thalamus_notes
great cerebral vein	ANATOMY	4b	4b:thalamus_notes
back regions	ANATOMY	4b	4b:thalamus_notes
neck triangles	ANATOMY	4b	4b:thalamus_notes
skin of auricle	ANATOMY	4b	4b:thalamus_notes
bone sample	ANATOMY	4b	4b:thalamus_notes
right iliacus muscle	ANATOMY	4b	4b:thalamus_notes
pelvis of right kidney	ANATOMY	4b	4b:thalamus_notes
right fourth toe	ANATOMY	4b	4b:thalamus_notes
base of fifth metacarpal	ANATOMY	4b	4b:thalamus_notes
aorta ascending	ANATOMY	4b	4b:thalamus_notes
area 24	ANATOMY	4b	4b:thalamus_notes
right parietal 16b2	ANATOMY	4b	4b:thalamus_notes
right shoulder skin	ANATOMY	4b	4b:thalamus_notes
l3 spinous process	ANATOMY	4b	4b:thalamus_notes
gastrocnemius vein	ANATOMY	4b	4b:thalamus_notes
nerve iii	ANATOMY	4b	4b:thalamus_notes
left greater wing of sphenoid	ANATOMY	4b	4b:thalamus_notes
anatomical sites	ANATOMY	4b	4b:thalamus_notes
sphenopalatine artery	ANATOMY	4b	4b:thalamus_notes
arterio-venous	ANATOMY	4b	4b:thalamus_notes
extremity bilateral	ANATOMY	4b	4b:thalamus_notes
rib 4	ANATOMY	4b	4b:thalamus_notes
wall of gallbladder	ANATOMY	4b	4b:thalamus_notes
left internal iliac vein	ANATOMY	4b	4b:thalamus_notes
ilio-femoral	ANATOMY	4b	4b:thalamus_notes
amcc	ANATOMY	4b	4b:thalamus_notes
retina vessels	ANATOMY	4b	4b:thalamus_notes
femoral artery right	ANATOMY	4b	4b:thalamus_notes
greater wing of sphenoid bone	ANATOMY	4b	4b:thalamus_notes
vesico-urethral	ANATOMY	4b	4b:thalamus_notes
urethro-rectal	ANATOMY	4b	4b:thalamus_notes
anterior cervical lymph node	ANATOMY	4b	4b:thalamus_notes
bone frontal	ANATOMY	4b	4b:thalamus_notes
cingulate region	ANATOMY	4b	4b:thalamus_notes
right great saphenous vein	ANATOMY	4b	4b:thalamus_notes
bladder and pelvis	ANATOMY	4b	4b:thalamus_notes
gas bladder	ANATOMY	4b	4b:thalamus_notes
thigh - bilateral	ANATOMY	4b	4b:thalamus_notes
surface of coracoid process	ANATOMY	4b	4b:thalamus_notes
neck of left scapula	ANATOMY	4b	4b:thalamus_notes
left scapular neck	ANATOMY	4b	4b:thalamus_notes
lower jaw gum	ANATOMY	4b	4b:thalamus_notes
lateral orbital area	ANATOMY	4b	4b:thalamus_notes
dental gingiva	ANATOMY	4b	4b:thalamus_notes
l knee	ANATOMY	4b	4b:thalamus_notes
left superior temporal gyrus	ANATOMY	4b	4b:thalamus_notes
ribs bilateral	ANATOMY	4b	4b:thalamus_notes
32s	ANATOMY	4b	4b:thalamus_notes
subcutaneous port site	ANATOMY	4b	4b:thalamus_notes
skin forehead	ANATOMY	4b	4b:thalamus_notes
elbow skin	ANATOMY	4b	4b:thalamus_notes
lip site	ANATOMY	4b	4b:thalamus_notes
right tibial tuberosity	ANATOMY	4b	4b:thalamus_notes
right lateral collateral ligament	ANATOMY	4b	4b:thalamus_notes
ankle lateral ligament	ANATOMY	4b	4b:thalamus_notes
medial knee joint line	ANATOMY	4b	4b:thalamus_notes
l hip	ANATOMY	4b	4b:thalamus_notes
patellar retinaculum	ANATOMY	4b	4b:thalamus_notes
anterior scrotal wall	ANATOMY	4b	4b:thalamus_notes
periorbita	ANATOMY	4b	4b:thalamus_notes
31s	ANATOMY	4b	4b:thalamus_notes
middle lung zone	ANATOMY	4b	4b:thalamus_notes
iliac vessels bilateral	ANATOMY	4b	4b:thalamus_notes
carotid artery left	ANATOMY	4b	4b:thalamus_notes
body of right scapula	ANATOMY	4b	4b:thalamus_notes
right labium minus	ANATOMY	4b	4b:thalamus_notes
l elbow	ANATOMY	4b	4b:thalamus_notes
l wrist	ANATOMY	4b	4b:thalamus_notes
breast - left	ANATOMY	4b	4b:thalamus_notes
interscapular space	ANATOMY	4b	4b:thalamus_notes
segment ii of liver	ANATOMY	4b	4b:thalamus_notes
body of corpus callosum	ANATOMY	4b	4b:thalamus_notes
pleura and liver	ANATOMY	4b	4b:thalamus_notes
left subcostal region	ANATOMY	4b	4b:thalamus_notes
left lower second premolar tooth	ANATOMY	4b	4b:thalamus_notes
palm of hand	ANATOMY	4b	4b:thalamus_notes
reic	ANATOMY	4b	4b:thalamus_notes
endocervical canal	ANATOMY	4b	4b:thalamus_notes
patellar	ANATOMY	4b	4b:thalamus_notes
subthalamic region	ANATOMY	4b	4b:thalamus_notes
femur - left	ANATOMY	4b	4b:thalamus_notes
digit 2	ANATOMY	4b	4b:thalamus_notes
abdomen ruq	ANATOMY	4b	4b:thalamus_notes
head and temporal bone	ANATOMY	4b	4b:thalamus_notes
left posterior superior temporal gyrus	ANATOMY	4b	4b:thalamus_notes
toes - right	ANATOMY	4b	4b:thalamus_notes
left lower second molar tooth	ANATOMY	4b	4b:thalamus_notes
posterior hairline	ANATOMY	4b	4b:thalamus_notes
paraurethral tissue	ANATOMY	4b	4b:thalamus_notes
right vastus lateralis	ANATOMY	4b	4b:thalamus_notes
fascia of external oblique	ANATOMY	4b	4b:thalamus_notes
pubic tubercle	ANATOMY	4b	4b:thalamus_notes
spinal roots	ANATOMY	4b	4b:thalamus_notes
surface of cornea	ANATOMY	4b	4b:thalamus_notes
peyer's patch	ANATOMY	4b	4b:thalamus_notes
scapular border	ANATOMY	4b	4b:thalamus_notes
left ovaries	ANATOMY	4b	4b:thalamus_notes
internal capsule genu	ANATOMY	4b	4b:thalamus_notes
heart apex	ANATOMY	4b	4b:thalamus_notes
crown of tooth 18	ANATOMY	4b	4b:thalamus_notes
anterior interventricular septum	ANATOMY	4b	4b:thalamus_notes
orbitofrontal cortices	ANATOMY	4b	4b:thalamus_notes
acetabulum right	ANATOMY	4b	4b:thalamus_notes
left epididymal head	ANATOMY	4b	4b:thalamus_notes
hepatic lobe right	ANATOMY	4b	4b:thalamus_notes
inferior pole of right kidney	ANATOMY	4b	4b:thalamus_notes
groin - right	ANATOMY	4b	4b:thalamus_notes
dorsal aspect of thumb	ANATOMY	4b	4b:thalamus_notes
vulva and vagina	ANATOMY	4b	4b:thalamus_notes
vein left	ANATOMY	4b	4b:thalamus_notes
back lower	ANATOMY	4b	4b:thalamus_notes
vertebral artery right	ANATOMY	4b	4b:thalamus_notes
left lacrimal duct	ANATOMY	4b	4b:thalamus_notes
hair face	ANATOMY	4b	4b:thalamus_notes
ear auricles	ANATOMY	4b	4b:thalamus_notes
levator scapulae	ANATOMY	4b	4b:thalamus_notes
great toe right	ANATOMY	4b	4b:thalamus_notes
skin scrotum	ANATOMY	4b	4b:thalamus_notes
muscles sternocleidomastoid	ANATOMY	4b	4b:thalamus_notes
lips skin	ANATOMY	4b	4b:thalamus_notes
left cephalic vein	ANATOMY	4b	4b:thalamus_notes
mucosa oral	ANATOMY	4b	4b:thalamus_notes
pulmonary wedge	ANATOMY	4b	4b:thalamus_notes
upper dentition	ANATOMY	4b	4b:thalamus_notes
foot - left	ANATOMY	4b	4b:thalamus_notes
lateral wall of right atrium	ANATOMY	4b	4b:thalamus_notes
inferior incisor	ANATOMY	4b	4b:thalamus_notes
posterior wall of left eye	ANATOMY	4b	4b:thalamus_notes
perineum skin	ANATOMY	4b	4b:thalamus_notes
popliteal muscle	ANATOMY	4b	4b:thalamus_notes
scapula left	ANATOMY	4b	4b:thalamus_notes
heart left	ANATOMY	4b	4b:thalamus_notes
periaqueductal gray	ANATOMY	4b	4b:thalamus_notes
mammillary body	ANATOMY	4b	4b:thalamus_notes
right inguinal ligament	ANATOMY	4b	4b:thalamus_notes
tooth 19	ANATOMY	4b	4b:thalamus_notes
right optic radiation	ANATOMY	4b	4b:thalamus_notes
meyer's loop	ANATOMY	4b	4b:thalamus_notes
lower third of vagina	ANATOMY	4b	4b:thalamus_notes
neck extensor muscles	ANATOMY	4b	4b:thalamus_notes
lower molar tooth	ANATOMY	4b	4b:thalamus_notes
surface of renal pelvis	ANATOMY	4b	4b:thalamus_notes
left brachial region	ANATOMY	4b	4b:thalamus_notes
superior lip	ANATOMY	4b	4b:thalamus_notes
shaft of humerus	ANATOMY	4b	4b:thalamus_notes
thoracic skin	ANATOMY	4b	4b:thalamus_notes
arms skin	ANATOMY	4b	4b:thalamus_notes
left pterion	ANATOMY	4b	4b:thalamus_notes
left tibial metaphysis	ANATOMY	4b	4b:thalamus_notes
all limbs	ANATOMY	4b	4b:thalamus_notes
lmt	ANATOMY	4b	4b:thalamus_notes
iliac vessels right	ANATOMY	4b	4b:thalamus_notes
renal vessel	ANATOMY	4b	4b:thalamus_notes
labium	ANATOMY	4b	4b:thalamus_notes
bronchovascular bundle	ANATOMY	4b	4b:thalamus_notes
lung right upper lobe	ANATOMY	4b	4b:thalamus_notes
right cochlear nerve	ANATOMY	4b	4b:thalamus_notes
area pulmonary	ANATOMY	4b	4b:thalamus_notes
mammary arteries	ANATOMY	4b	4b:thalamus_notes
right mastoid region	ANATOMY	4b	4b:thalamus_notes
bone spine	ANATOMY	4b	4b:thalamus_notes
sacral nerve root	ANATOMY	4b	4b:thalamus_notes
hand musculature	ANATOMY	4b	4b:thalamus_notes
right mastoid process	ANATOMY	4b	4b:thalamus_notes
cn3	ANATOMY	4b	4b:thalamus_notes
right upper limb skin	ANATOMY	4b	4b:thalamus_notes
muscle pelvic	ANATOMY	4b	4b:thalamus_notes
surface of right forearm	ANATOMY	4b	4b:thalamus_notes
parieto-occipital cortex	ANATOMY	4b	4b:thalamus_notes
t4 dermatome	ANATOMY	4b	4b:thalamus_notes
external ocular muscles	ANATOMY	4b	4b:thalamus_notes
tongue papillae	ANATOMY	4b	4b:thalamus_notes
finger nail	ANATOMY	4b	4b:thalamus_notes
anus skin	ANATOMY	4b	4b:thalamus_notes
retina right eye	ANATOMY	4b	4b:thalamus_notes
wall of pyloric antrum	ANATOMY	4b	4b:thalamus_notes
lens left eye	ANATOMY	4b	4b:thalamus_notes
left scapular body	ANATOMY	4b	4b:thalamus_notes
ciliary ganglion	ANATOMY	4b	4b:thalamus_notes
unspecified site	ANATOMY	4b	4b:thalamus_notes
perineal muscles	ANATOMY	4b	4b:thalamus_notes
skin chin	ANATOMY	4b	4b:thalamus_notes
fourth digit of hand	ANATOMY	4b	4b:thalamus_notes
diaphysis of femur	ANATOMY	4b	4b:thalamus_notes
surface of left forearm	ANATOMY	4b	4b:thalamus_notes
s1 vertebra	ANATOMY	4b	4b:thalamus_notes
right superior rectus	ANATOMY	4b	4b:thalamus_notes
biceps right	ANATOMY	4b	4b:thalamus_notes
thalamic nuclei	ANATOMY	4b	4b:thalamus_notes
head skin	ANATOMY	4b	4b:thalamus_notes
entire right knee	ANATOMY	4b	4b:thalamus_notes
lobar pulmonary artery	ANATOMY	4b	4b:thalamus_notes
obex	ANATOMY	4b	4b:thalamus_notes
intracranial artery	ANATOMY	4b	4b:thalamus_notes
t9 vertebral body	ANATOMY	4b	4b:thalamus_notes
left soleus muscle	ANATOMY	4b	4b:thalamus_notes
proximal diaphysis of humerus	ANATOMY	4b	4b:thalamus_notes
corpora cavernosa penis	ANATOMY	4b	4b:thalamus_notes
bones orbital	ANATOMY	4b	4b:thalamus_notes
right hamate bone	ANATOMY	4b	4b:thalamus_notes
cuspids	ANATOMY	4b	4b:thalamus_notes
parietal operculum	ANATOMY	4b	4b:thalamus_notes
skin of lumbar region	ANATOMY	4b	4b:thalamus_notes
left bronchus	ANATOMY	4b	4b:thalamus_notes
medial aspect of ankle	ANATOMY	4b	4b:thalamus_notes
superficial temporal veins	ANATOMY	4b	4b:thalamus_notes
medial surface of arm	ANATOMY	4b	4b:thalamus_notes
acetabulum left	ANATOMY	4b	4b:thalamus_notes
nail of right thumb	ANATOMY	4b	4b:thalamus_notes
medial segmental vein	ANATOMY	4b	4b:thalamus_notes
posterior region of neck	ANATOMY	4b	4b:thalamus_notes
right shoulder or arm	ANATOMY	4b	4b:thalamus_notes
mid-scapular	ANATOMY	4b	4b:thalamus_notes
perioral skin	ANATOMY	4b	4b:thalamus_notes
entire shoulder girdle	ANATOMY	4b	4b:thalamus_notes
permanent incisor tooth	ANATOMY	4b	4b:thalamus_notes
posterior circumflex artery	ANATOMY	4b	4b:thalamus_notes
right leg or foot	ANATOMY	4b	4b:thalamus_notes
gastric remnants	ANATOMY	4b	4b:thalamus_notes
talar body	ANATOMY	4b	4b:thalamus_notes
laryngeal nerve	ANATOMY	4b	4b:thalamus_notes
arteria dorsalis pedis	ANATOMY	4b	4b:thalamus_notes
right upper limb back	ANATOMY	4b	4b:thalamus_notes
choledocho-	ANATOMY	4b	4b:thalamus_notes
frontal process of maxilla	ANATOMY	4b	4b:thalamus_notes
left upper quadrant abdomen	ANATOMY	4b	4b:thalamus_notes
eyelids skin	ANATOMY	4b	4b:thalamus_notes
musculature of left thigh	ANATOMY	4b	4b:thalamus_notes
wall of ascending colon	ANATOMY	4b	4b:thalamus_notes
auditory nerves	ANATOMY	4b	4b:thalamus_notes
sinus node	ANATOMY	4b	4b:thalamus_notes
artery brain	ANATOMY	4b	4b:thalamus_notes
true pelvis	ANATOMY	4b	4b:thalamus_notes
lesser trochanters	ANATOMY	4b	4b:thalamus_notes
diaphysis of humerus	ANATOMY	4b	4b:thalamus_notes
index finger skin	ANATOMY	4b	4b:thalamus_notes
pyramidalis	ANATOMY	4b	4b:thalamus_notes
left fibula diaphysis	ANATOMY	4b	4b:thalamus_notes
right leg calf	ANATOMY	4b	4b:thalamus_notes
kidney bilateral	ANATOMY	4b	4b:thalamus_notes
upper gums	ANATOMY	4b	4b:thalamus_notes
field lungs	ANATOMY	4b	4b:thalamus_notes
insular cortices	ANATOMY	4b	4b:thalamus_notes
mandible right	ANATOMY	4b	4b:thalamus_notes
process of organ	ANATOMY	4b	4b:thalamus_notes
entire pelvis	ANATOMY	4b	4b:thalamus_notes
t8 vertebra	ANATOMY	4b	4b:thalamus_notes
left forearm skin	ANATOMY	4b	4b:thalamus_notes
left lower limb skin	ANATOMY	4b	4b:thalamus_notes
entire liver	ANATOMY	4b	4b:thalamus_notes
pcic	ANATOMY	4b	4b:thalamus_notes
region of tongue	ANATOMY	4b	4b:thalamus_notes
entire left lower limb	ANATOMY	4b	4b:thalamus_notes
left thigh skin	ANATOMY	4b	4b:thalamus_notes
gastric rugae	ANATOMY	4b	4b:thalamus_notes
frontal region of scalp	ANATOMY	4b	4b:thalamus_notes
posterior wall of trachea	ANATOMY	4b	4b:thalamus_notes
muscle neck	ANATOMY	4b	4b:thalamus_notes
ileocaecal valve	ANATOMY	4b	4b:thalamus_notes
surface of left ventricle	ANATOMY	4b	4b:thalamus_notes
base of second metatarsal	ANATOMY	4b	4b:thalamus_notes
fcp	ANATOMY	4b	4b:thalamus_notes
anterolateral part of trunk	ANATOMY	4b	4b:thalamus_notes
left superior eyelid	ANATOMY	4b	4b:thalamus_notes
olf	ANATOMY	4b	4b:thalamus_notes
urethro-vaginal	ANATOMY	4b	4b:thalamus_notes
gland parotid	ANATOMY	4b	4b:thalamus_notes
rib right	ANATOMY	4b	4b:thalamus_notes
extrapyramidal system	ANATOMY	4b	4b:thalamus_notes
acute marginal artery	ANATOMY	4b	4b:thalamus_notes
cm5	ANATOMY	4b	4b:thalamus_notes
central retinal vein	ANATOMY	4b	4b:thalamus_notes
right adductor longus muscle	ANATOMY	4b	4b:thalamus_notes
phalanx of fifth finger	ANATOMY	4b	4b:thalamus_notes
lower trunk skin	ANATOMY	4b	4b:thalamus_notes
right gluteus maximus	ANATOMY	4b	4b:thalamus_notes
muscle group of thigh	ANATOMY	4b	4b:thalamus_notes
dorsal region of foot	ANATOMY	4b	4b:thalamus_notes
ribs on right side	ANATOMY	4b	4b:thalamus_notes
knee fluid	ANATOMY	4b	4b:thalamus_notes
periorbital region of face	ANATOMY	4b	4b:thalamus_notes
pancreas duodenum	ANATOMY	4b	4b:thalamus_notes
middle phalanx middle finger	ANATOMY	4b	4b:thalamus_notes
right latissimus dorsi	ANATOMY	4b	4b:thalamus_notes
lymph nodes with metastasis	ANATOMY	4b	4b:thalamus_notes
cerebral hemisphere right	ANATOMY	4b	4b:thalamus_notes
pretracheal space	ANATOMY	4b	4b:thalamus_notes
lower left eyelid	ANATOMY	4b	4b:thalamus_notes
occipital bones	ANATOMY	4b	4b:thalamus_notes
sphincter pupillae muscle	ANATOMY	4b	4b:thalamus_notes
appendiceal tip	ANATOMY	4b	4b:thalamus_notes
lower central incisor	ANATOMY	4b	4b:thalamus_notes
mesial root of tooth 31	ANATOMY	4b	4b:thalamus_notes
area 9	ANATOMY	4b	4b:thalamus_notes
left zygomatic arch	ANATOMY	4b	4b:thalamus_notes
ulna radius	ANATOMY	4b	4b:thalamus_notes
abdomen upper	ANATOMY	4b	4b:thalamus_notes
left lower limb back	ANATOMY	4b	4b:thalamus_notes
ulnar veins	ANATOMY	4b	4b:thalamus_notes
upper pole kidney	ANATOMY	4b	4b:thalamus_notes
extra-ocular muscles	ANATOMY	4b	4b:thalamus_notes
bone ulna	ANATOMY	4b	4b:thalamus_notes
cerebral artery anterior	ANATOMY	4b	4b:thalamus_notes
subpatellar bursa	ANATOMY	4b	4b:thalamus_notes
uretero-intestinal	ANATOMY	4b	4b:thalamus_notes
area 12	ANATOMY	4b	4b:thalamus_notes
renal calyx	ANATOMY	4b	4b:thalamus_notes
entire dentition	ANATOMY	4b	4b:thalamus_notes
mandibular third molar tooth	ANATOMY	4b	4b:thalamus_notes
gingival flap	ANATOMY	4b	4b:thalamus_notes
lumbosacral vertebrae	ANATOMY	4b	4b:thalamus_notes
t5 vertebral body	ANATOMY	4b	4b:thalamus_notes
elbow left	ANATOMY	4b	4b:thalamus_notes
lobes lung	ANATOMY	4b	4b:thalamus_notes
hair matrix	ANATOMY	4b	4b:thalamus_notes
right mandibular third molar tooth	ANATOMY	4b	4b:thalamus_notes
femur tibia	ANATOMY	4b	4b:thalamus_notes
intestinal submucosa	ANATOMY	4b	4b:thalamus_notes
temporal bone right	ANATOMY	4b	4b:thalamus_notes
laryngeal structure	ANATOMY	4b	4b:thalamus_notes
linguo-	ANATOMY	4b	4b:thalamus_notes
wall of sigmoid colon	ANATOMY	4b	4b:thalamus_notes
lung and pleura	ANATOMY	4b	4b:thalamus_notes
capsule joint	ANATOMY	4b	4b:thalamus_notes
ulnar artery right	ANATOMY	4b	4b:thalamus_notes
region of forearm	ANATOMY	4b	4b:thalamus_notes
compartment extensor	ANATOMY	4b	4b:thalamus_notes
styloid prominence	ANATOMY	4b	4b:thalamus_notes
muscles shoulders	ANATOMY	4b	4b:thalamus_notes
esophagus mucosa	ANATOMY	4b	4b:thalamus_notes
tooth k	ANATOMY	4b	4b:thalamus_notes
ears skin	ANATOMY	4b	4b:thalamus_notes
vesico-prostatic	ANATOMY	4b	4b:thalamus_notes
diaphysis of fibula	ANATOMY	4b	4b:thalamus_notes
ovary left	ANATOMY	4b	4b:thalamus_notes
cheeks skin	ANATOMY	4b	4b:thalamus_notes
hand tendon	ANATOMY	4b	4b:thalamus_notes
buttock skin	ANATOMY	4b	4b:thalamus_notes
patella right	ANATOMY	4b	4b:thalamus_notes
intrapulmonary lymph node	ANATOMY	4b	4b:thalamus_notes
superior tarsus	ANATOMY	4b	4b:thalamus_notes
renal lymph node	ANATOMY	4b	4b:thalamus_notes
t9 spinous process	ANATOMY	4b	4b:thalamus_notes
right abductor pollicis brevis muscle	ANATOMY	4b	4b:thalamus_notes
left tibialis anterior muscle	ANATOMY	4b	4b:thalamus_notes
anterior to epiglottis	ANATOMY	4b	4b:thalamus_notes
circumvallate papilla	ANATOMY	4b	4b:thalamus_notes
tongue region	ANATOMY	4b	4b:thalamus_notes
choroid of right eye	ANATOMY	4b	4b:thalamus_notes
skin of pelvis	ANATOMY	4b	4b:thalamus_notes
wrist bilateral	ANATOMY	4b	4b:thalamus_notes
trunk of left sciatic nerve	ANATOMY	4b	4b:thalamus_notes
stratum granulosum	ANATOMY	4b	4b:thalamus_notes
region of thigh	ANATOMY	4b	4b:thalamus_notes
pyloric canal	ANATOMY	4b	4b:thalamus_notes
arteries pulm	ANATOMY	4b	4b:thalamus_notes
bones irregular	ANATOMY	4b	4b:thalamus_notes
penile artery	ANATOMY	4b	4b:thalamus_notes
pinna structure	ANATOMY	4b	4b:thalamus_notes
region of scalp	ANATOMY	4b	4b:thalamus_notes
half of tongue	ANATOMY	4b	4b:thalamus_notes
musculature of chest	ANATOMY	4b	4b:thalamus_notes
neck of scapula	ANATOMY	4b	4b:thalamus_notes
diaphysis of tibia	ANATOMY	4b	4b:thalamus_notes
lateral incisor tooth	ANATOMY	4b	4b:thalamus_notes
cornea of left eye	ANATOMY	4b	4b:thalamus_notes
humerus bilateral	ANATOMY	4b	4b:thalamus_notes
eleventh rib	ANATOMY	4b	4b:thalamus_notes
segment viii of liver	ANATOMY	4b	4b:thalamus_notes
left upper third molar tooth	ANATOMY	4b	4b:thalamus_notes
surface of neck	ANATOMY	4b	4b:thalamus_notes
apex of left lung	ANATOMY	4b	4b:thalamus_notes
deciduous upper canine tooth	ANATOMY	4b	4b:thalamus_notes
tongue mucosa	ANATOMY	4b	4b:thalamus_notes
l2-l3 intervertebral space	ANATOMY	4b	4b:thalamus_notes
vagina vulva	ANATOMY	4b	4b:thalamus_notes
dorsal horn cells	ANATOMY	4b	4b:thalamus_notes
vesico-cutaneous	ANATOMY	4b	4b:thalamus_notes
mastoid right	ANATOMY	4b	4b:thalamus_notes
entire left atrial appendage	ANATOMY	4b	4b:thalamus_notes
elbows skin	ANATOMY	4b	4b:thalamus_notes
hepatico-	ANATOMY	4b	4b:thalamus_notes
cerebellum and cerebellar peduncles	ANATOMY	4b	4b:thalamus_notes
grafts saphenous vein	ANATOMY	4b	4b:thalamus_notes
jejunum mesentery	ANATOMY	4b	4b:thalamus_notes
base of heart	ANATOMY	4b	4b:thalamus_notes
right index finger skin	ANATOMY	4b	4b:thalamus_notes
lips mucosa	ANATOMY	4b	4b:thalamus_notes
meningeal dura	ANATOMY	4b	4b:thalamus_notes
right submandibular gland	ANATOMY	4b	4b:thalamus_notes
laryngeal cartilages	ANATOMY	4b	4b:thalamus_notes
para-aortic node	ANATOMY	4b	4b:thalamus_notes
left olecranon region	ANATOMY	4b	4b:thalamus_notes
motor root	ANATOMY	4b	4b:thalamus_notes
atrium of lateral ventricle	ANATOMY	4b	4b:thalamus_notes
parasellar cistern	ANATOMY	4b	4b:thalamus_notes
right lateral upper lip	ANATOMY	4b	4b:thalamus_notes
r wrist	ANATOMY	4b	4b:thalamus_notes
base of great toe	ANATOMY	4b	4b:thalamus_notes
mesotympanum	ANATOMY	4b	4b:thalamus_notes
fascia iliaca	ANATOMY	4b	4b:thalamus_notes
peroneal tendon	ANATOMY	4b	4b:thalamus_notes
back mid	ANATOMY	4b	4b:thalamus_notes
intergluteal cleft	ANATOMY	4b	4b:thalamus_notes
vessel nerve	ANATOMY	4b	4b:thalamus_notes
right upper lobe of lung	ANATOMY	4b	4b:thalamus_notes
para-aortic nodes	ANATOMY	4b	4b:thalamus_notes
arterial structure	ANATOMY	4b	4b:thalamus_notes
glands parotid	ANATOMY	4b	4b:thalamus_notes
right tibial metaphysis	ANATOMY	4b	4b:thalamus_notes
belly of vastus lateralis	ANATOMY	4b	4b:thalamus_notes
lateral deltoid	ANATOMY	4b	4b:thalamus_notes
aryepiglotticus	ANATOMY	4b	4b:thalamus_notes
parotid duct orifice	ANATOMY	4b	4b:thalamus_notes
autonomic nerves	ANATOMY	4b	4b:thalamus_notes
perineal body	ANATOMY	4b	4b:thalamus_notes
permanent molar tooth	ANATOMY	4b	4b:thalamus_notes
vermilion border region	ANATOMY	4b	4b:thalamus_notes
external upper lip	ANATOMY	4b	4b:thalamus_notes
jugulodigastric node	ANATOMY	4b	4b:thalamus_notes
mio	ANATOMY	4b	4b:thalamus_notes
inner aspect of lower lip	ANATOMY	4b	4b:thalamus_notes
meibomian gland	ANATOMY	4b	4b:thalamus_notes
peripheral nerve sheath	ANATOMY	4b	4b:thalamus_notes
esophagus and aorta	ANATOMY	4b	4b:thalamus_notes
thumb left	ANATOMY	4b	4b:thalamus_notes
lower incisor tooth	ANATOMY	4b	4b:thalamus_notes
cemento-enamel junction	ANATOMY	4b	4b:thalamus_notes
mtg	ANATOMY	4b	4b:thalamus_notes
lateral border of foot	ANATOMY	4b	4b:thalamus_notes
paraumbilical region	ANATOMY	4b	4b:thalamus_notes
right nasal sill	ANATOMY	4b	4b:thalamus_notes
aortocaval node	ANATOMY	4b	4b:thalamus_notes
esophageal segment	ANATOMY	4b	4b:thalamus_notes
hamate hook	ANATOMY	4b	4b:thalamus_notes
neck vasculature	ANATOMY	4b	4b:thalamus_notes
cardiovascular central	ANATOMY	4b	4b:thalamus_notes
perigastric nodes	ANATOMY	4b	4b:thalamus_notes
lower lid margin	ANATOMY	4b	4b:thalamus_notes
vertebral body	ANATOMY	4b	4b:thalamus_notes
left parotid duct	ANATOMY	4b	4b:thalamus_notes
right axillary fossa	ANATOMY	4b	4b:thalamus_notes
transplanted right lung	ANATOMY	4b	4b:thalamus_notes
carotid internal	ANATOMY	4b	4b:thalamus_notes
lateral surface of left leg	ANATOMY	4b	4b:thalamus_notes
right maxillary central incisor tooth	ANATOMY	4b	4b:thalamus_notes
periadrenal region	ANATOMY	4b	4b:thalamus_notes
bones pelvis	ANATOMY	4b	4b:thalamus_notes
scapular line	ANATOMY	4b	4b:thalamus_notes
external obliques	ANATOMY	4b	4b:thalamus_notes
multiple thoracic vertebrae	ANATOMY	4b	4b:thalamus_notes
thenar region	ANATOMY	4b	4b:thalamus_notes
upper pole of left testis	ANATOMY	4b	4b:thalamus_notes
scleral veins	ANATOMY	4b	4b:thalamus_notes
mandibular angle line	ANATOMY	4b	4b:thalamus_notes
buttocks skin	ANATOMY	4b	4b:thalamus_notes
head and scalp	ANATOMY	4b	4b:thalamus_notes
scaphoid proximal pole	ANATOMY	4b	4b:thalamus_notes
rectus sulcus	ANATOMY	4b	4b:thalamus_notes
left pectoralis major	ANATOMY	4b	4b:thalamus_notes
left plantar arch	ANATOMY	4b	4b:thalamus_notes
dhp	ANATOMY	4b	4b:thalamus_notes
thighs upper	ANATOMY	4b	4b:thalamus_notes
labyrinthine artery	ANATOMY	4b	4b:thalamus_notes
lumbar nerve root	ANATOMY	4b	4b:thalamus_notes
bl23	ANATOMY	4b	4b:thalamus_notes
bl60	ANATOMY	4b	4b:thalamus_notes
bl11	ANATOMY	4b	4b:thalamus_notes
gb34	ANATOMY	4b	4b:thalamus_notes
gb39	ANATOMY	4b	4b:thalamus_notes
gv4	ANATOMY	4b	4b:thalamus_notes
hepatic margin	ANATOMY	4b	4b:thalamus_notes
limb bone	ANATOMY	4b	4b:thalamus_notes
supraorbital skin	ANATOMY	4b	4b:thalamus_notes
squamosal bone	ANATOMY	4b	4b:thalamus_notes
cervical enlargement	ANATOMY	4b	4b:thalamus_notes
penile fascia	ANATOMY	4b	4b:thalamus_notes
abdomen retroperitoneum	ANATOMY	4b	4b:thalamus_notes
uterine structure	ANATOMY	4b	4b:thalamus_notes
segment of abdominal aorta	ANATOMY	4b	4b:thalamus_notes
hippocampal formations	ANATOMY	4b	4b:thalamus_notes
retroperitoneal fascia	ANATOMY	4b	4b:thalamus_notes
skin chest	ANATOMY	4b	4b:thalamus_notes
c1 segment	ANATOMY	4b	4b:thalamus_notes
skin neck	ANATOMY	4b	4b:thalamus_notes
organ at risk	ANATOMY	4b	4b:thalamus_notes
tail of left epididymis	ANATOMY	4b	4b:thalamus_notes
trapezius myocutaneous flap	ANATOMY	4b	4b:thalamus_notes
retromolar trigone	ANATOMY	4b	4b:thalamus_notes
phalanx of left second toe	ANATOMY	4b	4b:thalamus_notes
tongue apex	ANATOMY	4b	4b:thalamus_notes
intrachamber	ANATOMY	4b	4b:thalamus_notes
ulnar digital nerve	ANATOMY	4b	4b:thalamus_notes
left genioglossus	ANATOMY	4b	4b:thalamus_notes
sural region	ANATOMY	4b	4b:thalamus_notes
uterine surface	ANATOMY	4b	4b:thalamus_notes
mouth lip	ANATOMY	4b	4b:thalamus_notes
subglottic larynx	ANATOMY	4b	4b:thalamus_notes
left lrt	ANATOMY	4b	4b:thalamus_notes
mucous salivary gland	ANATOMY	4b	4b:thalamus_notes
portal triads	ANATOMY	4b	4b:thalamus_notes
extremity veins	ANATOMY	4b	4b:thalamus_notes
ileal structure	ANATOMY	4b	4b:thalamus_notes
pancreas tail	ANATOMY	4b	4b:thalamus_notes
thoraco-lumbar spine	ANATOMY	4b	4b:thalamus_notes
nasal root	ANATOMY	4b	4b:thalamus_notes
jugular lymph node	ANATOMY	4b	4b:thalamus_notes
pectoralis major fascia	ANATOMY	4b	4b:thalamus_notes
popliteal nodes	ANATOMY	4b	4b:thalamus_notes
sebaceous gland	ANATOMY	4b	4b:thalamus_notes
