term	category	first_tier	first_source
vomiting diarrhea	SYMPTOM	1a	1a:primock57
feeling feverish	SYMPTOM	1a	1a:primock57
muscular cramp	SYMPTOM	1a	1a:primock57
other symptoms	SYMPTOM	1a	1a:primock57
watery stool	SYMPTOM	1a	1a:primock57
night sweats	SYMPTOM	1a	1a:primock57
lethargic	SYMPTOM	1a	1a:primock57
symptoms	SYMPTOM	1a	1a:primock57
vomiting	SYMPTOM	1a	1a:primock57
vomited	SYMPTOM	1a	1a:primock57
unwell	SYMPTOM	1a	1a:primock57
cramp	SYMPTOM	1a	1a:primock57
vomit	SYMPTOM	1a	1a:primock57
headache one side	SYMPTOM	1a	1a:primock57
breathing difficulties	SYMPTOM	1a	1a:primock57
itchy skin	SYMPTOM	1a	1a:primock57
sore skin	SYMPTOM	1a	1a:primock57
itching	SYMPTOM	1a	1a:primock57
painful	SYMPTOM	1a	1a:primock57
fevers	SYMPTOM	1a	1a:primock57
itchy	SYMPTOM	1a	1a:primock57
sore	SYMPTOM	1a	1a:primock57
rash	SYMPTOM	1a	1a:primock57
nausea vomiting	SYMPTOM	1a	1a:primock57
skin rashes	SYMPTOM	1a	1a:primock57
sharp pain	SYMPTOM	1a	1a:primock57
breathless	SYMPTOM	1a	1a:primock57
headaches	SYMPTOM	1a	1a:primock57
neck pain	SYMPTOM	1a	1a:primock57
headache	SYMPTOM	1a	1a:primock57
nauseous	SYMPTOM	1a	1a:primock57
feverish	SYMPTOM	1a	1a:primock57
weakness	SYMPTOM	1a	1a:primock57
sick	SYMPTOM	1a	1a:primock57
ill	SYMPTOM	1a	1a:primock57
difficulty breathing	SYMPTOM	1a	1a:primock57
muscle pain weakness	SYMPTOM	1a	1a:primock57
pain on swallowing	SYMPTOM	1a	1a:primock57
short of breath	SYMPTOM	1a	1a:primock57
pain in chest	SYMPTOM	1a	1a:primock57
muscle pain	SYMPTOM	1a	1a:primock57
runny nose	SYMPTOM	1a	1a:primock57
chest pain	SYMPTOM	1a	1a:primock57
sneezing	SYMPTOM	1a	1a:primock57
catching	SYMPTOM	1a	1a:primock57
rashes	SYMPTOM	1a	1a:primock57
tired	SYMPTOM	1a	1a:primock57
spots	SYMPTOM	1a	1a:primock57
aches	SYMPTOM	1a	1a:primock57
dry	SYMPTOM	1a	1a:primock57
burning pain	SYMPTOM	1a	1a:primock57
constipation	SYMPTOM	1a	1a:primock57
loose stools	SYMPTOM	1a	1a:primock57
heart problems	SYMPTOM	1a	1a:primock57
dizziness	SYMPTOM	1a	1a:primock57
coughing	SYMPTOM	1a	1a:primock57
feeling hot and cold	SYMPTOM	1a	1a:primock57
symptoms nausea	SYMPTOM	1a	1a:primock57
not feeling great	SYMPTOM	1a	1a:primock57
sore throats	SYMPTOM	1a	1a:primock57
joint pains	SYMPTOM	1a	1a:primock57
diarrhoea	SYMPTOM	1a	1a:primock57
stiffness	SYMPTOM	1a	1a:primock57
hoarse	SYMPTOM	1a	1a:primock57
stiff	SYMPTOM	1a	1a:primock57
itch	SYMPTOM	1a	1a:primock57
feeling ok	SYMPTOM	1a	1a:primock57
back pain	SYMPTOM	1a	1a:primock57
cramping	SYMPTOM	1a	1a:primock57
flush	SYMPTOM	1a	1a:primock57
no new symptoms	SYMPTOM	1a	1a:primock57
and back pain	SYMPTOM	1a	1a:primock57
aching pain	SYMPTOM	1a	1a:primock57
cramps	SYMPTOM	1a	1a:primock57
watery stools	SYMPTOM	1a	1a:primock57
weight	SYMPTOM	1a	1a:primock57
catch	SYMPTOM	1a	1a:primock57
stools loose	SYMPTOM	1a	1a:primock57
muscle pains	SYMPTOM	1a	1a:primock57
robert sign	SYMPTOM	1a	1a:primock57
neck stiffness	SYMPTOM	1a	1a:primock57
feel sick	SYMPTOM	1a	1a:primock57
dull	SYMPTOM	1a	1a:primock57
feel restless	SYMPTOM	1a	1a:primock57
ears pain	SYMPTOM	1a	1a:primock57
chills	SYMPTOM	1a	1a:primock57
soreness	SYMPTOM	1a	1a:primock57
room spinning	SYMPTOM	1a	1a:primock57
dizzy	SYMPTOM	1a	1a:primock57
illnesses	SYMPTOM	1a	1a:primock57
pain in ear	SYMPTOM	1a	1a:primock57
coughing up blood	SYMPTOM	1a	1a:primock57
enlarged glands	SYMPTOM	1a	1a:primock57
slight fever	SYMPTOM	1a	1a:primock57
deep breath	SYMPTOM	1a	1a:primock57
tiredness	SYMPTOM	1a	1a:primock57
pins and needles	SYMPTOM	1a	1a:primock57
swelling of lips	SYMPTOM	1a	1a:primock57
signs and symptoms	SYMPTOM	1a	1a:primock57
feeling worried	SYMPTOM	1a	1a:primock57
blotchy	SYMPTOM	1a	1a:primock57
stridor	SYMPTOM	1a	1a:primock57
doe	SYMPTOM	1a	1a:primock57
chest discomfort	SYMPTOM	1a	1a:primock57
diffuse pain	SYMPTOM	1a	1a:primock57
painful urination	SYMPTOM	1a	1a:primock57
aching muscles	SYMPTOM	1a	1a:primock57
feeling cold	SYMPTOM	1a	1a:primock57
aching	SYMPTOM	1a	1a:primock57
fatigue	SYMPTOM	1a	1a:primock57
finding	SYMPTOM	1a	1a:primock57
charming	SYMPTOM	1a	1a:primock57
difficult breathing	SYMPTOM	1a	1a:primock57
feeling dizzy	SYMPTOM	1a	1a:primock57
muscle weaknesses	SYMPTOM	1a	1a:primock57
severe headache	SYMPTOM	1a	1a:primock57
muscle ache	SYMPTOM	1a	1a:primock57
earaches	SYMPTOM	1a	1a:primock57
change in bowel habits	SYMPTOM	1a	1a:primock57
feeling poorly	SYMPTOM	1a	1a:primock57
chest pains	SYMPTOM	1a	1a:primock57
being sick	SYMPTOM	1a	1a:primock57
wheezing	SYMPTOM	1a	1a:primock57
wheezy	SYMPTOM	1a	1a:primock57
sneeze	SYMPTOM	1a	1a:primock57
ear buzzing	SYMPTOM	1a	1a:primock57
spinning	SYMPTOM	1a	1a:primock57
shallow breath	SYMPTOM	1a	1a:primock57
blotching	SYMPTOM	1a	1a:primock57
running nose	SYMPTOM	1a	1a:primock57
wheeze	SYMPTOM	1a	1a:primock57
weakness of arms	SYMPTOM	1a	1a:primock57
have headaches	SYMPTOM	1a	1a:primock57
visual symptoms	SYMPTOM	1a	1a:primock57
fatigued	SYMPTOM	1a	1a:primock57
seizure	SYMPTOM	1a	1a:primock57
shaking	SYMPTOM	1a	1a:primock57
fits	SYMPTOM	1a	1a:primock57
problems swallowing	SYMPTOM	1a	1a:primock57
light-headedness	SYMPTOM	1a	1a:primock57
light-headed	SYMPTOM	1a	1a:primock57
discomfort	SYMPTOM	1a	1a:primock57
calf pain	SYMPTOM	1a	1a:primock57
reduced appetite	SYMPTOM	1a	1a:primock57
coughs	SYMPTOM	1a	1a:primock57
pain abdominal	SYMPTOM	1a	1a:primock57
neurological symptoms	SYMPTOM	1a	1a:primock57
nausea and vomiting	SYMPTOM	1a	1a:primock57
cough worse at night	SYMPTOM	1a	1a:primock57
breathlessness	SYMPTOM	1a	1a:primock57
difficult to breathe	SYMPTOM	1a	1a:primock57
difficulty sleeping	SYMPTOM	1a	1a:primock57
feeling unwell	SYMPTOM	1a	1a:primock57
mood symptoms	SYMPTOM	1a	1a:primock57
non-productive cough	SYMPTOM	1a	1a:primock57
chest tightness	SYMPTOM	1a	1a:primock57
simple constipation	SYMPTOM	1a	1a:primock57
feeling sick	SYMPTOM	1a	1a:primock57
constipated	SYMPTOM	1a	1a:primock57
symptom	SYMPTOM	1a	1a:primock57
faint	SYMPTOM	1a	1a:primock57
ache	SYMPTOM	1a	1a:primock57
throbbing headache	SYMPTOM	1a	1a:primock57
raised temperature	SYMPTOM	1a	1a:primock57
high temperature	SYMPTOM	1a	1a:primock57
feeling fine	SYMPTOM	1a	1a:primock57
vaginal discharge	SYMPTOM	1a	1a:primock57
lower back pain	SYMPTOM	1a	1a:primock57
loin pain	SYMPTOM	1a	1a:primock57
acidity	SYMPTOM	1a	1a:primock57
heart problem	SYMPTOM	1a	1a:primock57
nervous	SYMPTOM	1a	1a:primock57
feel like vomiting	SYMPTOM	1a	1a:primock57
tummy ache	SYMPTOM	1a	1a:primock57
feel faint	SYMPTOM	1a	1a:primock57
nauseated	SYMPTOM	1a	1a:primock57
thirst	SYMPTOM	1a	1a:primock57
abdominal pains	SYMPTOM	1a	1a:primock57
vomiting diarrhoea	SYMPTOM	1a	1a:primock57
cough up blood	SYMPTOM	1a	1a:primock57
increased thirst	SYMPTOM	1a	1a:primock57
pain chest	SYMPTOM	1a	1a:primock57
nose symptoms	SYMPTOM	1a	1a:primock57
difficulty passing urine	SYMPTOM	1a	1a:primock57
other general symptoms	SYMPTOM	1a	1a:primock57
diarrhoea vomiting	SYMPTOM	1a	1a:primock57
hungry	SYMPTOM	1a	1a:primock57
constant headache	SYMPTOM	1a	1a:primock57
pain in joints	SYMPTOM	1a	1a:primock57
pain in back	SYMPTOM	1a	1a:primock57
giving way	SYMPTOM	1a	1a:primock57
tenderness	SYMPTOM	1a	1a:primock57
back pains	SYMPTOM	1a	1a:primock57
give way	SYMPTOM	1a	1a:primock57
associated symptoms	SYMPTOM	1b	1b:figshare-osce
trouble breathing	SYMPTOM	1b	1b:figshare-osce
lightheaded	SYMPTOM	1b	1b:figshare-osce
fainted	SYMPTOM	1b	1b:figshare-osce
joint tightness	SYMPTOM	1b	1b:figshare-osce
gasping for air	SYMPTOM	1b	1b:figshare-osce
frothy sputum	SYMPTOM	1b	1b:figshare-osce
pain sharp	SYMPTOM	1b	1b:figshare-osce
felt ill	SYMPTOM	1b	1b:figshare-osce
rundown	SYMPTOM	1b	1b:figshare-osce
sensation of nausea	SYMPTOM	1b	1b:figshare-osce
flu like symptoms	SYMPTOM	1b	1b:figshare-osce
muscle aches	SYMPTOM	1b	1b:figshare-osce
pain radiate	SYMPTOM	1b	1b:figshare-osce
pain aching	SYMPTOM	1b	1b:figshare-osce
indigestion	SYMPTOM	1b	1b:figshare-osce
dull pain	SYMPTOM	1b	1b:figshare-osce
digestive problems	SYMPTOM	1b	1b:figshare-osce
abdominal cramps	SYMPTOM	1b	1b:figshare-osce
fever or chills	SYMPTOM	1b	1b:figshare-osce
pain with swallowing	SYMPTOM	1b	1b:figshare-osce
loss of taste	SYMPTOM	1b	1b:figshare-osce
stomach ache	SYMPTOM	1b	1b:figshare-osce
stomach pain	SYMPTOM	1b	1b:figshare-osce
eye redness	SYMPTOM	1b	1b:figshare-osce
eye pain	SYMPTOM	1b	1b:figshare-osce
flushed	SYMPTOM	1b	1b:figshare-osce
low back pain	SYMPTOM	1b	1b:figshare-osce
pains	SYMPTOM	1b	1b:figshare-osce
malaise	SYMPTOM	1b	1b:figshare-osce
pain radiating	SYMPTOM	1b	1b:figshare-osce
elbow pain	SYMPTOM	1b	1b:figshare-osce
numbness and tingling	SYMPTOM	1b	1b:figshare-osce
chills fevers	SYMPTOM	1b	1b:figshare-osce
fainting spells	SYMPTOM	1b	1b:figshare-osce
sciatica	SYMPTOM	1b	1b:figshare-osce
lightheadedness	SYMPTOM	1b	1b:figshare-osce
eye discharge	SYMPTOM	1b	1b:figshare-osce
sensory change	SYMPTOM	1b	1b:figshare-osce
muscles pain	SYMPTOM	1b	1b:figshare-osce
tendon pain	SYMPTOM	1b	1b:figshare-osce
pain in calf	SYMPTOM	1b	1b:figshare-osce
knee pain	SYMPTOM	1b	1b:figshare-osce
fainting	SYMPTOM	1b	1b:figshare-osce
pantalgia	SYMPTOM	1b	1b:figshare-osce
leg pain	SYMPTOM	1b	1b:figshare-osce
altered sensation	SYMPTOM	1b	1b:figshare-osce
shoulder pain	SYMPTOM	1b	1b:figshare-osce
pins and needles sensation	SYMPTOM	1b	1b:figshare-osce
sore to touch	SYMPTOM	1b	1b:figshare-osce
fever chills	SYMPTOM	1b	1b:figshare-osce
burning sensation	SYMPTOM	1b	1b:figshare-osce
clumsiness	SYMPTOM	1b	1b:figshare-osce
burning sensations	SYMPTOM	1b	1b:figshare-osce
painful joints	SYMPTOM	1b	1b:figshare-osce
warm to touch	SYMPTOM	1b	1b:figshare-osce
body pains	SYMPTOM	1b	1b:figshare-osce
elevated temperature	SYMPTOM	1b	1b:figshare-osce
clicking hips	SYMPTOM	1b	1b:figshare-osce
cough fever	SYMPTOM	1b	1b:figshare-osce
electric shock sensation	SYMPTOM	1b	1b:figshare-osce
pain in fingers	SYMPTOM	1b	1b:figshare-osce
shake	SYMPTOM	1b	1b:figshare-osce
mechanical back pain	SYMPTOM	1b	1b:figshare-osce
severe back pain	SYMPTOM	1b	1b:figshare-osce
muscle spasms	SYMPTOM	1b	1b:figshare-osce
hip pain	SYMPTOM	1b	1b:figshare-osce
painful joint	SYMPTOM	1b	1b:figshare-osce
weakness muscle	SYMPTOM	1b	1b:figshare-osce
loss of sensation	SYMPTOM	1b	1b:figshare-osce
spasms	SYMPTOM	1b	1b:figshare-osce
saddle anesthesia	SYMPTOM	1b	1b:figshare-osce
pain with urination	SYMPTOM	1b	1b:figshare-osce
pain in hand	SYMPTOM	1b	1b:figshare-osce
urinary symptoms	SYMPTOM	1b	1b:figshare-osce
sensory loss	SYMPTOM	1b	1b:figshare-osce
pain in neck	SYMPTOM	1b	1b:figshare-osce
neck symptoms	SYMPTOM	1b	1b:figshare-osce
upper extremity numbness	SYMPTOM	1b	1b:figshare-osce
ankle pain	SYMPTOM	1b	1b:figshare-osce
chronic back pain	SYMPTOM	1b	1b:figshare-osce
gi symptoms	SYMPTOM	1b	1b:figshare-osce
fainting episodes	SYMPTOM	1b	1b:figshare-osce
wind	SYMPTOM	1b	1b:figshare-osce
pain in left knee	SYMPTOM	1b	1b:figshare-osce
rest pain	SYMPTOM	1b	1b:figshare-osce
joints pain	SYMPTOM	1b	1b:figshare-osce
shortness of breath on exertion	SYMPTOM	1b	1b:figshare-osce
stuffy nose	SYMPTOM	1b	1b:figshare-osce
fussy	SYMPTOM	1b	1b:figshare-osce
fever cough	SYMPTOM	1b	1b:figshare-osce
body aches	SYMPTOM	1b	1b:figshare-osce
jaundice	SYMPTOM	1b	1b:figshare-osce
eyes red	SYMPTOM	1b	1b:figshare-osce
burning	SYMPTOM	1b	1b:figshare-osce
breathing difficulty	SYMPTOM	1b	1b:figshare-osce
hoarse voice	SYMPTOM	1b	1b:figshare-osce
general weakness	SYMPTOM	1b	1b:figshare-osce
gurgling	SYMPTOM	1b	1b:figshare-osce
shakes	SYMPTOM	1b	1b:figshare-osce
rigors	SYMPTOM	1b	1b:figshare-osce
time tired	SYMPTOM	1b	1b:figshare-osce
pleuritic chest pain	SYMPTOM	1b	1b:figshare-osce
not feeling well	SYMPTOM	1b	1b:figshare-osce
breathing deep	SYMPTOM	1b	1b:figshare-osce
feeling faint	SYMPTOM	1b	1b:figshare-osce
other symptom	SYMPTOM	1b	1b:figshare-osce
cough worse in morning	SYMPTOM	1b	1b:figshare-osce
respiratory symptoms	SYMPTOM	1b	1b:figshare-osce
muscle stiffness	SYMPTOM	1b	1b:figshare-osce
faint feeling	SYMPTOM	1b	1b:figshare-osce
loss of taste or smell	SYMPTOM	1b	1b:figshare-osce
vaginal discomfort	SYMPTOM	1b	1b:figshare-osce
pains muscle	SYMPTOM	1b	1b:figshare-osce
feeling terrible	SYMPTOM	1b	1b:figshare-osce
throat sore	SYMPTOM	1b	1b:figshare-osce
general symptoms	SYMPTOM	1b	1b:figshare-osce
scratchy throat	SYMPTOM	1b	1b:figshare-osce
exhausted	SYMPTOM	1b	1b:figshare-osce
headache associated with nausea	SYMPTOM	1b	1b:figshare-osce
headache worse	SYMPTOM	1b	1b:figshare-osce
blackout	SYMPTOM	1b	1b:figshare-osce
getting enough sleep	SYMPTOM	1b	1b:figshare-osce
chills fever	SYMPTOM	1b	1b:figshare-osce
muscular weakness	SYMPTOM	1b	1b:figshare-osce
smokers cough	SYMPTOM	1b	1b:figshare-osce
discharge from eye	SYMPTOM	1b	1b:figshare-osce
sharp chest pain	SYMPTOM	1b	1b:figshare-osce
chronic cough	SYMPTOM	1b	1b:figshare-osce
seizures	SYMPTOM	1b	1b:figshare-osce
blocked nose	SYMPTOM	1b	1b:figshare-osce
feeling weak	SYMPTOM	1b	1b:figshare-osce
neurological symptom	SYMPTOM	1b	1b:figshare-osce
wheezes	SYMPTOM	1b	1b:figshare-osce
cough dry	SYMPTOM	1b	1b:figshare-osce
vomiting in morning	SYMPTOM	1b	1b:figshare-osce
red eyes	SYMPTOM	1b	1b:figshare-osce
cough during day	SYMPTOM	1b	1b:figshare-osce
passing gas	SYMPTOM	1b	1b:figshare-osce
spells	SYMPTOM	1b	1b:figshare-osce
systemic symptoms	SYMPTOM	1b	1b:figshare-osce
crushing pain	SYMPTOM	1b	1b:figshare-osce
runny or stuffy nose	SYMPTOM	1b	1b:figshare-osce
multiple symptoms	SYMPTOM	1b	1b:figshare-osce
pain ear	SYMPTOM	1b	1b:figshare-osce
fatigue or tiredness	SYMPTOM	1b	1b:figshare-osce
problem swallowing	SYMPTOM	1b	1b:figshare-osce
heaving	SYMPTOM	1b	1b:figshare-osce
exhaustion	SYMPTOM	1b	1b:figshare-osce
loss of taste sense	SYMPTOM	1b	1b:figshare-osce
nose congestion	SYMPTOM	1b	1b:figshare-osce
discharge from nose	SYMPTOM	1b	1b:figshare-osce
mouth breather	SYMPTOM	1b	1b:figshare-osce
facial pain	SYMPTOM	1b	1b:figshare-osce
neck swelling	SYMPTOM	1b	1b:figshare-osce
nasal congestion	SYMPTOM	1b	1b:figshare-osce
nasal discharge	SYMPTOM	1b	1b:figshare-osce
bloody sputum	SYMPTOM	1b	1b:figshare-osce
chest pressure	SYMPTOM	1b	1b:figshare-osce
deep breathing	SYMPTOM	1b	1b:figshare-osce
abdominal pain nausea	SYMPTOM	1b	1b:figshare-osce
breathing chest pain	SYMPTOM	1b	1b:figshare-osce
nose discharge	SYMPTOM	1b	1b:figshare-osce
fatigue malaise	SYMPTOM	1b	1b:figshare-osce
throbbing pain	SYMPTOM	1b	1b:figshare-osce
stuffiness	SYMPTOM	1b	1b:figshare-osce
not breathing	SYMPTOM	1b	1b:figshare-osce
hoarseness of voice	SYMPTOM	1b	1b:figshare-osce
hemoptysis	SYMPTOM	1b	1b:figshare-osce
voice hoarseness	SYMPTOM	1b	1b:figshare-osce
discharge nasal	SYMPTOM	1b	1b:figshare-osce
post nasal drip	SYMPTOM	1b	1b:figshare-osce
pain urinary	SYMPTOM	1b	1b:figshare-osce
eyes runny	SYMPTOM	1b	1b:figshare-osce
body pain	SYMPTOM	1b	1b:figshare-osce
breath chest pain	SYMPTOM	1b	1b:figshare-osce
runny eyes	SYMPTOM	1b	1b:figshare-osce
chest pain on exertion	SYMPTOM	1b	1b:figshare-osce
shortness of breath increased	SYMPTOM	1b	1b:figshare-osce
nose itching	SYMPTOM	1b	1b:figshare-osce
sneezes	SYMPTOM	1b	1b:figshare-osce
sinus pressure	SYMPTOM	1b	1b:figshare-osce
chest pain at rest	SYMPTOM	1b	1b:figshare-osce
agitated	SYMPTOM	1b	1b:figshare-osce
ear ache	SYMPTOM	1b	1b:figshare-osce
feels bad	SYMPTOM	1b	1b:figshare-osce
pain stabbing	SYMPTOM	1b	1b:figshare-osce
rigidity	SYMPTOM	1b	1b:figshare-osce
fainting spell	SYMPTOM	1b	1b:figshare-osce
gasp	SYMPTOM	1b	1b:figshare-osce
coughing blood	SYMPTOM	1b	1b:figshare-osce
voice changed	SYMPTOM	1b	1b:figshare-osce
itchy nose	SYMPTOM	1b	1b:figshare-osce
new cough	SYMPTOM	1b	1b:figshare-osce
left leg pain	SYMPTOM	1b	1b:figshare-osce
skin rash	SYMPTOM	1b	1b:figshare-osce
red eye	SYMPTOM	1b	1b:figshare-osce
hoarseness	SYMPTOM	1b	1b:figshare-osce
chills and fever	SYMPTOM	1b	1b:figshare-osce
throat chest pain	SYMPTOM	1b	1b:figshare-osce
eyes itchy	SYMPTOM	1b	1b:figshare-osce
feel ill	SYMPTOM	1b	1b:figshare-osce
snoring	SYMPTOM	1b	1b:figshare-osce
snore	SYMPTOM	1b	1b:figshare-osce
nasal drainage	SYMPTOM	1b	1b:figshare-osce
nose runny	SYMPTOM	1b	1b:figshare-osce
bellyache	SYMPTOM	1b	1b:figshare-osce
breathing pain	SYMPTOM	1b	1b:figshare-osce
aches muscle	SYMPTOM	1b	1b:figshare-osce
nose runs	SYMPTOM	1b	1b:figshare-osce
thinning	SYMPTOM	1b	1b:figshare-osce
decreased appetite	SYMPTOM	1b	1b:figshare-osce
feeling jittery	SYMPTOM	1b	1b:figshare-osce
bone pain	SYMPTOM	1b	1b:figshare-osce
face pain	SYMPTOM	1b	1b:figshare-osce
gassiness	SYMPTOM	1b	1b:figshare-osce
exertional	SYMPTOM	1b	1b:figshare-osce
throat symptoms	SYMPTOM	1b	1b:figshare-osce
blood coughed	SYMPTOM	1b	1b:figshare-osce
pain pressure	SYMPTOM	1b	1b:figshare-osce
orthopnea	SYMPTOM	1b	1b:figshare-osce
nose pain	SYMPTOM	1b	1b:figshare-osce
fart	SYMPTOM	1b	1b:figshare-osce
other breathing problems	SYMPTOM	1b	1b:figshare-osce
constitutional symptoms	SYMPTOM	1b	1b:figshare-osce
pain tenderness	SYMPTOM	1b	1b:figshare-osce
stiff neck	SYMPTOM	1b	1b:figshare-osce
impending doom	SYMPTOM	1b	1b:figshare-osce
feeling ill	SYMPTOM	1b	1b:figshare-osce
hunger	SYMPTOM	1c	1c:nazmulkazi
binges	SYMPTOM	1c	1c:nazmulkazi
binge	SYMPTOM	1c	1c:nazmulkazi
spell	SYMPTOM	1c	1c:nazmulkazi
sob	SYMPTOM	1c	1c:nazmulkazi
gasping for breath	SYMPTOM	1c	1c:nazmulkazi
feeling bad	SYMPTOM	1c	1c:nazmulkazi
miserable	SYMPTOM	1c	1c:nazmulkazi
lethargy	SYMPTOM	1c	1c:nazmulkazi
flushing	SYMPTOM	1c	1c:nazmulkazi
despair	SYMPTOM	1c	1c:nazmulkazi
amotivation	SYMPTOM	1c	1c:nazmulkazi
charmed	SYMPTOM	1c	1c:nazmulkazi
stopped breathing	SYMPTOM	1c	1c:nazmulkazi
sensation of warmth	SYMPTOM	1c	1c:nazmulkazi
sleep difficulty	SYMPTOM	1c	1c:nazmulkazi
insomnia	SYMPTOM	1c	1c:nazmulkazi
yelling	SYMPTOM	1c	1c:nazmulkazi
circling	SYMPTOM	1c	1c:nazmulkazi
feel bad	SYMPTOM	1c	1c:nazmulkazi
flushes	SYMPTOM	1c	1c:nazmulkazi
wasting	SYMPTOM	1c	1c:nazmulkazi
chill	SYMPTOM	1c	1c:nazmulkazi
eye twitch	SYMPTOM	1c	1c:nazmulkazi
inconsiderate	SYMPTOM	1c	1c:nazmulkazi
strange feeling	SYMPTOM	1c	1c:nazmulkazi
physical symptoms	SYMPTOM	1c	1c:nazmulkazi
nervousness	SYMPTOM	1c	1c:nazmulkazi
feeling inadequate	SYMPTOM	1c	1c:nazmulkazi
buckled	SYMPTOM	1c	1c:nazmulkazi
seeing things	SYMPTOM	1c	1c:nazmulkazi
anxiety symptoms	SYMPTOM	1c	1c:nazmulkazi
feels awful	SYMPTOM	1c	1c:nazmulkazi
startle	SYMPTOM	1c	1c:nazmulkazi
fluctuations	SYMPTOM	1c	1c:nazmulkazi
vanity	SYMPTOM	1c	1c:nazmulkazi
feeling nervous	SYMPTOM	1c	1c:nazmulkazi
flustered	SYMPTOM	1c	1c:nazmulkazi
feeling exhausted	SYMPTOM	1c	1c:nazmulkazi
felt generally ill	SYMPTOM	1c	1c:nazmulkazi
see things	SYMPTOM	1c	1c:nazmulkazi
workaholic	SYMPTOM	1c	1c:nazmulkazi
ailment	SYMPTOM	1c	1c:nazmulkazi
winding	SYMPTOM	1c	1c:nazmulkazi
body ache	SYMPTOM	1e_eka	1e:eka
head pain	SYMPTOM	1e_eka	1e:eka
pain in throat	SYMPTOM	1e_eka	1e:eka
penile discharge	SYMPTOM	1e_eka	1e:eka
congested nose	SYMPTOM	1e_eka	1e:eka
plantar heel pain	SYMPTOM	1e_eka	1e:eka
burning feet	SYMPTOM	1e_eka	1e:eka
neuralgia	SYMPTOM	1e_eka	1e:eka
notalgia	SYMPTOM	1e_eka	1e:eka
giddiness	SYMPTOM	1e_eka	1e:eka
pain radiating to middle abdomen	SYMPTOM	1e_eka	1e:eka
rhinorrhoea	SYMPTOM	1e_eka	1e:eka
pain of right lower leg	SYMPTOM	1e_eka	1e:eka
restlessness	SYMPTOM	1e_eka	1e:eka
difficulty in voiding	SYMPTOM	1e_eka	1e:eka
right hip pain	SYMPTOM	1e_eka	1e:eka
asthenia	SYMPTOM	1e_eka	1e:eka
anorexia	SYMPTOM	1e_eka	1e:eka
mastalgia	SYMPTOM	1e_eka	1e:eka
pain in limb	SYMPTOM	1e_eka	1e:eka
swelling of feet	SYMPTOM	1e_eka	1e:eka
upper limb pain	SYMPTOM	1e_eka	1e:eka
pruritis	SYMPTOM	1e_eka	1e:eka
breast lump	SYMPTOM	1e_eka	1e:eka
nipple discharge	SYMPTOM	1e_eka	1e:eka
backache	SYMPTOM	1e_eka	1e:eka
myalgia	SYMPTOM	1e_eka	1e:eka
pain in forearm	SYMPTOM	1e_eka	1e:eka
painful defaecation	SYMPTOM	1e_eka	1e:eka
recurrent abdominal pain	SYMPTOM	1e_eka	1e:eka
dry throat	SYMPTOM	1e_eka	1e:eka
groin pain	SYMPTOM	1e_eka	1e:eka
light headedness	SYMPTOM	1e_eka	1e:eka
pain left foot	SYMPTOM	1e_eka	1e:eka
swallowing painful	SYMPTOM	1e_eka	1e:eka
strangury	SYMPTOM	1e_eka	1e:eka
chronic constipation	SYMPTOM	1e_eka	1e:eka
stomach cramps	SYMPTOM	1e_eka	1e:eka
pain in left leg	SYMPTOM	1e_eka	1e:eka
bilateral leg cramps	SYMPTOM	1e_eka	1e:eka
vulval itching	SYMPTOM	1e_eka	1e:eka
left shoulder joint pain	SYMPTOM	1e_eka	1e:eka
excessive growth of facial hair	SYMPTOM	1e_eka	1e:eka
pain in left shoulder	SYMPTOM	1e_eka	1e:eka
nasal itching	SYMPTOM	1e_eka	1e:eka
left sided chest pain	SYMPTOM	1e_eka	1e:eka
throat irritation	SYMPTOM	1e_eka	1e:eka
neuropathic pain	SYMPTOM	1e_eka	1e:eka
irritability and anger	SYMPTOM	1e_eka	1e:eka
stomach upset	SYMPTOM	1e_eka	1e:eka
pain in right knee	SYMPTOM	1e_eka	1e:eka
neck ache	SYMPTOM	1e_eka	1e:eka
leg swelling symptom	SYMPTOM	1e_eka	1e:eka
generalised body aches	SYMPTOM	1e_eka	1e:eka
right flank pain	SYMPTOM	1e_eka	1e:eka
generalized acute body aches	SYMPTOM	1e_eka	1e:eka
non productive cough	SYMPTOM	1e_eka	1e:eka
left iliac fossa pain	SYMPTOM	1e_eka	1e:eka
dyspnoea on exertion	SYMPTOM	1e_eka	1e:eka
dyspnoea	SYMPTOM	1e_eka	1e:eka
oral pain	SYMPTOM	1e_eka	1e:eka
hot flush	SYMPTOM	1e_eka	1e:eka
retrosternal chest pain	SYMPTOM	1e_eka	1e:eka
febrile	SYMPTOM	1e_eka	1e:eka
lumbago	SYMPTOM	1e_eka	1e:eka
loose motions	SYMPTOM	1e_eka	1e:eka
loose motion	SYMPTOM	1e_eka	1e:eka
cough persistent	SYMPTOM	1e_eka	1e:eka
titubation	SYMPTOM	1e_eka	1e:eka
eruption	SYMPTOM	1e_eka	1e:eka
cramp in calf	SYMPTOM	1e_eka	1e:eka
localised chest pain	SYMPTOM	1e_eka	1e:eka
hemiparesis	SYMPTOM	1e_eka	1e:eka
arm pain	SYMPTOM	1e_eka	1e:eka
bad taste in mouth	SYMPTOM	1e_eka	1e:eka
pain radiating to left leg	SYMPTOM	1e_eka	1e:eka
persistent cough	SYMPTOM	1e_eka	1e:eka
abdomen pain	SYMPTOM	1e_eka	1e:eka
back pain radiating	SYMPTOM	1e_eka	1e:eka
perianal pain	SYMPTOM	1e_eka	1e:eka
occipital headache	SYMPTOM	1e_eka	1e:eka
pain in wrist	SYMPTOM	1e_eka	1e:eka
pruritus vulvae	SYMPTOM	1e_eka	1e:eka
poor stream of urine	SYMPTOM	1e_eka	1e:eka
pain in shoulder	SYMPTOM	1e_eka	1e:eka
weak urinary stream	SYMPTOM	1e_eka	1e:eka
numbness of toe	SYMPTOM	1e_eka	1e:eka
gas pain	SYMPTOM	1e_eka	1e:eka
testicular pain	SYMPTOM	1e_eka	1e:eka
difficulty in urination	SYMPTOM	1e_eka	1e:eka
right sided abdominal pain	SYMPTOM	1e_eka	1e:eka
omarthralgia	SYMPTOM	1e_eka	1e:eka
back ache	SYMPTOM	1e_eka	1e:eka
muscle spasm	SYMPTOM	1e_eka	1e:eka
abdominal discomfort	SYMPTOM	1e_eka	1e:eka
pain in bilateral lower legs	SYMPTOM	1e_eka	1e:eka
exertional chest pain	SYMPTOM	1e_eka	1e:eka
pain in eye	SYMPTOM	1e_eka	1e:eka
pain in epigastrium	SYMPTOM	1e_eka	1e:eka
intermittent pain	SYMPTOM	1e_eka	1e:eka
earache	SYMPTOM	1e_eka	1e:eka
flatulence	SYMPTOM	1e_eka	1e:eka
eructation	SYMPTOM	1e_eka	1e:eka
back discomfort	SYMPTOM	1e_eka	1e:eka
dragging leg	SYMPTOM	1e_eka	1e:eka
dizziness vertigo	SYMPTOM	1e_eka	1e:eka
right breast	SYMPTOM	1e_eka	1e:eka
allergic symptoms	SYMPTOM	1e_eka	1e:eka
ent	SYMPTOM	1e_eka	1e:eka
acute pain	SYMPTOM	1e_eka	1e:eka
central abdominal pain	SYMPTOM	1e_eka	1e:eka
gas in stomach	SYMPTOM	1e_eka	1e:eka
unable to pass flatus	SYMPTOM	1e_eka	1e:eka
cardiovascular symptoms	SYMPTOM	1e_eka	1e:eka
pain joint	SYMPTOM	1e_eka	1e:eka
pain and tenderness	SYMPTOM	1e_eka	1e:eka
nerve pain	SYMPTOM	1e_eka	1e:eka
left knee pain	SYMPTOM	1e_eka	1e:eka
weakness of left arm	SYMPTOM	1e_eka	1e:eka
breast symptoms	SYMPTOM	1e_eka	1e:eka
angina pectoris	SYMPTOM	1e_eka	1e:eka
stomach discomfort	SYMPTOM	1e_eka	1e:eka
overlying	SYMPTOM	1e_eka	1e:eka
limb discomfort	SYMPTOM	1e_eka	1e:eka
cardiovascular problems	SYMPTOM	1e_eka	1e:eka
abdominal symptoms	SYMPTOM	1e_eka	1e:eka
menopausal symptoms	SYMPTOM	1e_eka	1e:eka
pruritus	SYMPTOM	1e_eka	1e:eka
gastrointestinal distress	SYMPTOM	1e_eka	1e:eka
rhinorrhea	SYMPTOM	1e_eka	1e:eka
agitation	SYMPTOM	1e_eka	1e:eka
spasm	SYMPTOM	1e_eka	1e:eka
continuous leakage of urine	SYMPTOM	1e_eka	1e:eka
chest pain angina	SYMPTOM	1e_eka	1e:eka
gradual onset of abdominal pain	SYMPTOM	1e_eka	1e:eka
discomforts	SYMPTOM	1e_eka	1e:eka
costal pain	SYMPTOM	1e_eka	1e:eka
right lower quadrant pain	SYMPTOM	1e_eka	1e:eka
rovsing's sign	SYMPTOM	1e_eka	1e:eka
psoas sign	SYMPTOM	1e_eka	1e:eka
pyrexia	SYMPTOM	1e_eka	1e:eka
postoperative pain	SYMPTOM	1e_eka	1e:eka
adenopathy	SYMPTOM	1e_eka	1e:eka
dyspepsia	SYMPTOM	1e_eka	1e:eka
muscular pain	SYMPTOM	1e_eka	1e:eka
difficulty urinating	SYMPTOM	1e_eka	1e:eka
menstruation	SYMPTOM	1e_eka	1e:eka
intermittent abdominal pain	SYMPTOM	1e_eka	1e:eka
lower abdominal pain	SYMPTOM	1e_eka	1e:eka
localized pain	SYMPTOM	1e_eka	1e:eka
throbbing headaches	SYMPTOM	1e_eka	1e:eka
neuromuscular weakness	SYMPTOM	1e_eka	1e:eka
kidney problems	SYMPTOM	1e_eka	1e:eka
epigastric pain	SYMPTOM	1e_eka	1e:eka
heel pain	SYMPTOM	1e_eka	1e:eka
flatus	SYMPTOM	1e_eka	1e:eka
withdrawal symptoms	SYMPTOM	1e_eka	1e:eka
air in stomach	SYMPTOM	1e_eka	1e:eka
hyperalgesia	SYMPTOM	1e_eka	1e:eka
allodynia	SYMPTOM	1e_eka	1e:eka
buzzing sound in ears	SYMPTOM	1e_eka	1e:eka
head ache	SYMPTOM	1e_kaggle	1e:kaggle
severe diarrhea	SYMPTOM	1e_kaggle	1e:kaggle
heart pain	SYMPTOM	1e_kaggle	1e:kaggle
pain in knee	SYMPTOM	1e_kaggle	1e:kaggle
feels cold	SYMPTOM	1e_kaggle	1e:kaggle
feels weak	SYMPTOM	1e_kaggle	1e:kaggle
hangover	SYMPTOM	1e_kaggle	1e:kaggle
bowel pain	SYMPTOM	1e_kaggle	1e:kaggle
pain in joint	SYMPTOM	1e_kaggle	1e:kaggle
pain in stomach	SYMPTOM	1e_kaggle	1e:kaggle
shooting pain	SYMPTOM	1e_kaggle	1e:kaggle
pain shooting	SYMPTOM	1e_kaggle	1e:kaggle
pain in head	SYMPTOM	1e_kaggle	1e:kaggle
general discomfort	SYMPTOM	1e_kaggle	1e:kaggle
ear aches	SYMPTOM	1e_kaggle	1e:kaggle
charm	SYMPTOM	2b	2b:yt_med
rigid	SYMPTOM	2b	2b:yt_med
shoulder symptoms	SYMPTOM	2b	2b:yt_med
excessive gas	SYMPTOM	2b	2b:yt_med
bloating symptoms	SYMPTOM	2b	2b:yt_med
fitted	SYMPTOM	2b	2b:yt_med
ent problem	SYMPTOM	2b	2b:yt_med
sigh	SYMPTOM	2b	2b:yt_med
bing	SYMPTOM	2b	2b:yt_med
sleeplessness	SYMPTOM	2b	2b:yt_med
nasal regurgitation	SYMPTOM	2b	2b:yt_med
flank pain	SYMPTOM	2b	2b:yt_med
acute retention	SYMPTOM	2b	2b:yt_med
rigor	SYMPTOM	2b	2b:yt_med
behavior change	SYMPTOM	2b	2b:yt_med
charms	SYMPTOM	2b	2b:yt_med
eye fatigue	SYMPTOM	2b	2b:yt_med
blanching	SYMPTOM	2b	2b:yt_med
trauma symptoms	SYMPTOM	2b	2b:yt_med
pain spine	SYMPTOM	2b	2b:yt_med
glare	SYMPTOM	2b	2b:yt_med
physical exhaustion	SYMPTOM	2b	2b:yt_med
weariness	SYMPTOM	2b	2b:yt_med
mental exhaustion	SYMPTOM	2b	2b:yt_med
ailments	SYMPTOM	2b	2b:yt_med
neologisms	SYMPTOM	2b	2b:yt_med
traumatic pain	SYMPTOM	2b	2b:yt_med
eye strain	SYMPTOM	2b	2b:yt_med
icterus	SYMPTOM	2b	2b:yt_med
myalgic	SYMPTOM	2b	2b:yt_med
sleep difficulties	SYMPTOM	2b	2b:yt_med
fatigability	SYMPTOM	2b	2b:yt_med
clinging	SYMPTOM	2b	2b:yt_med
forgetful	SYMPTOM	2b	2b:yt_med
tissue pain	SYMPTOM	2b	2b:yt_med
apnea	SYMPTOM	2b	2b:yt_med
excitable	SYMPTOM	2b	2b:yt_med
poor memory	SYMPTOM	2b	2b:yt_med
poor sleep	SYMPTOM	2b	2b:yt_med
red eye on one side	SYMPTOM	2b	2b:yt_med
asynergy	SYMPTOM	2b	2b:yt_med
pain in tailbone	SYMPTOM	2b	2b:yt_med
back pain upper back	SYMPTOM	2b	2b:yt_med
upper back pain	SYMPTOM	2b	2b:yt_med
pressing pain	SYMPTOM	2b	2b:yt_med
symptoms of stress	SYMPTOM	2b	2b:yt_med
episodic pain	SYMPTOM	2b	2b:yt_med
restless	SYMPTOM	2b	2b:yt_med
sweet taste	SYMPTOM	2b	2b:yt_med
rigours	SYMPTOM	2b	2b:yt_med
increased pain	SYMPTOM	2b	2b:yt_med
weaknesses	SYMPTOM	2b	2b:yt_med
feeling weakness	SYMPTOM	2b	2b:yt_med
gas excessive	SYMPTOM	2b	2b:yt_med
seeing thing	SYMPTOM	2b	2b:yt_med
chilling	SYMPTOM	2b	2b:yt_med
grunt	SYMPTOM	2b	2b:yt_med
side pain	SYMPTOM	2b	2b:yt_med
neuropathic pains	SYMPTOM	2b	2b:yt_med
appetite poor	SYMPTOM	2b	2b:yt_med
excessive fluid intake	SYMPTOM	2b	2b:yt_med
gasps	SYMPTOM	2b	2b:yt_med
fugue state	SYMPTOM	2b	2b:yt_med
convulsions	SYMPTOM	2b	2b:yt_med
akathisia	SYMPTOM	2b	2b:yt_med
rovsing sign	SYMPTOM	2b	2b:yt_med
muscle twitch	SYMPTOM	2b	2b:yt_med
organ failure	SYMPTOM	2b	2b:yt_med
stomachache	SYMPTOM	2b	2b:yt_med
hair unwanted	SYMPTOM	2b	2b:yt_med
unwanted hair	SYMPTOM	2b	2b:yt_med
after pain	SYMPTOM	2b	2b:yt_med
skin damage	SYMPTOM	2b	2b:yt_med
foot pain	SYMPTOM	2b	2b:yt_med
ischia	SYMPTOM	2b	2b:yt_med
locking of knee	SYMPTOM	2b	2b:yt_med
globus	SYMPTOM	2b	2b:yt_med
retropulsion	SYMPTOM	2b	2b:yt_med
nervi	SYMPTOM	2b	2b:yt_med
pain injection	SYMPTOM	2b	2b:yt_med
sighs	SYMPTOM	2b	2b:yt_med
excitability	SYMPTOM	2b	2b:yt_med
fluctuation	SYMPTOM	2b	2b:yt_med
light sensitivity	SYMPTOM	2b	2b:yt_med
nose block	SYMPTOM	2b	2b:yt_med
prodrome	SYMPTOM	2a	2a:yt_med_seg
decreased ability to function	SYMPTOM	2a	2a:yt_med_seg
gums	SYMPTOM	2a	2a:yt_med_seg
bad breath	SYMPTOM	2a	2a:yt_med_seg
extreme exhaustion	SYMPTOM	2a	2a:yt_med_seg
sluggishness	SYMPTOM	2a	2a:yt_med_seg
spasticity	SYMPTOM	2a	2a:yt_med_seg
flaccid dysarthria	SYMPTOM	2a	2a:yt_med_seg
distressing symptoms	SYMPTOM	2a	2a:yt_med_seg
fatigues	SYMPTOM	2a	2a:yt_med_seg
polyuria	SYMPTOM	2a	2a:yt_med_seg
polydipsia	SYMPTOM	2a	2a:yt_med_seg
trembling	SYMPTOM	2a	2a:yt_med_seg
tingling pain	SYMPTOM	2a	2a:yt_med_seg
excessive thirst	SYMPTOM	2a	2a:yt_med_seg
blanched	SYMPTOM	2a	2a:yt_med_seg
mills	SYMPTOM	2a	2a:yt_med_seg
swelling of neck	SYMPTOM	2a	2a:yt_med_seg
cold sweat	SYMPTOM	2a	2a:yt_med_seg
upper abdomen pain	SYMPTOM	2a	2a:yt_med_seg
syncope	SYMPTOM	2a	2a:yt_med_seg
neurologic symptoms	SYMPTOM	2a	2a:yt_med_seg
generalized symptoms	SYMPTOM	2a	2a:yt_med_seg
symptoms and signs	SYMPTOM	2a	2a:yt_med_seg
cancer pain	SYMPTOM	2a	2a:yt_med_seg
overactivety	SYMPTOM	2a	2a:yt_med_seg
unrest	SYMPTOM	2a	2a:yt_med_seg
quivering	SYMPTOM	2a	2a:yt_med_seg
physical appearance	SYMPTOM	2a	2a:yt_med_seg
moist desquamation	SYMPTOM	2a	2a:yt_med_seg
motor symptoms	SYMPTOM	2a	2a:yt_med_seg
slowness	SYMPTOM	2a	2a:yt_med_seg
cogwheel rigidity	SYMPTOM	2a	2a:yt_med_seg
tremor at rest	SYMPTOM	2a	2a:yt_med_seg
tremor	SYMPTOM	2a	2a:yt_med_seg
bradykinesia	SYMPTOM	2a	2a:yt_med_seg
tremor of hand	SYMPTOM	2a	2a:yt_med_seg
pill rolling	SYMPTOM	2a	2a:yt_med_seg
lead-pipe rigidity	SYMPTOM	2a	2a:yt_med_seg
impaired balance	SYMPTOM	2a	2a:yt_med_seg
slow movement	SYMPTOM	2a	2a:yt_med_seg
auditory hallucinations	SYMPTOM	2a	2a:yt_med_seg
visual hallucinations	SYMPTOM	2a	2a:yt_med_seg
astasia	SYMPTOM	2a	2a:yt_med_seg
resting tremor	SYMPTOM	2a	2a:yt_med_seg
psychiatric symptoms	SYMPTOM	2a	2a:yt_med_seg
balance problems	SYMPTOM	2a	2a:yt_med_seg
swallowing problems	SYMPTOM	2a	2a:yt_med_seg
dystonias	SYMPTOM	2a	2a:yt_med_seg
painful skin	SYMPTOM	2a	2a:yt_med_seg
hyperoxia	SYMPTOM	2a	2a:yt_med_seg
pain arthritis	SYMPTOM	2a	2a:yt_med_seg
excessive scratching	SYMPTOM	2a	2a:yt_med_seg
chronic coughing	SYMPTOM	2a	2a:yt_med_seg
dilated pupils	SYMPTOM	2a	2a:yt_med_seg
decorticate rigidity	SYMPTOM	2a	2a:yt_med_seg
tic	SYMPTOM	2a	2a:yt_med_seg
cyanosis in children	SYMPTOM	2a	2a:yt_med_seg
excessive granulation tissue	SYMPTOM	2a	2a:yt_med_seg
telescoping	SYMPTOM	2a	2a:yt_med_seg
morning sickness	SYMPTOM	2a	2a:yt_med_seg
hearing sounds	SYMPTOM	2a	2a:yt_med_seg
telescoped	SYMPTOM	2a	2a:yt_med_seg
clubbing of fingernails	SYMPTOM	2a	2a:yt_med_seg
clinical findings	SYMPTOM	2a	2a:yt_med_seg
hands cold feet	SYMPTOM	2a	2a:yt_med_seg
hand cold feet	SYMPTOM	2a	2a:yt_med_seg
chronic facial pain	SYMPTOM	2a	2a:yt_med_seg
blackouts	SYMPTOM	2a	2a:yt_med_seg
acute abdomen	SYMPTOM	2a	2a:yt_med_seg
pounding heart	SYMPTOM	2a	2a:yt_med_seg
local reaction	SYMPTOM	2a	2a:yt_med_seg
generally unwell	SYMPTOM	2a	2a:yt_med_seg
arm claudication	SYMPTOM	2a	2a:yt_med_seg
lower extremity pain	SYMPTOM	2a	2a:yt_med_seg
upset stomach	SYMPTOM	2a	2a:yt_med_seg
growing pains	SYMPTOM	2a	2a:yt_med_seg
male infertility	SYMPTOM	2a	2a:yt_med_seg
death rattle	SYMPTOM	2a	2a:yt_med_seg
chest pain burning	SYMPTOM	2a	2a:yt_med_seg
belch	SYMPTOM	2a	2a:yt_med_seg
burp	SYMPTOM	2a	2a:yt_med_seg
gives way	SYMPTOM	2a	2a:yt_med_seg
pain limb	SYMPTOM	2a	2a:yt_med_seg
pain localized	SYMPTOM	2a	2a:yt_med_seg
flashbacks	SYMPTOM	2a	2a:yt_med_seg
glaring	SYMPTOM	2a	2a:yt_med_seg
poa	SYMPTOM	2a	2a:yt_med_seg
tingling fingers	SYMPTOM	2a	2a:yt_med_seg
dysesthesia	SYMPTOM	2a	2a:yt_med_seg
functional recovery	SYMPTOM	2a	2a:yt_med_seg
see thing	SYMPTOM	2a	2a:yt_med_seg
cyanosis	SYMPTOM	2a	2a:yt_med_seg
kidney problem	SYMPTOM	2a	2a:yt_med_seg
cachexia	SYMPTOM	2a	2a:yt_med_seg
shaking hands	SYMPTOM	2a	2a:yt_med_seg
influenza-like illness	SYMPTOM	2a	2a:yt_med_seg
persistent vomiting	SYMPTOM	2a	2a:yt_med_seg
flu-like symptoms	SYMPTOM	2a	2a:yt_med_seg
loss of energy	SYMPTOM	2a	2a:yt_med_seg
feeling detached	SYMPTOM	2a	2a:yt_med_seg
diffuse abdominal pain	SYMPTOM	2a	2a:yt_med_seg
cutaneous eruptions	SYMPTOM	2a	2a:yt_med_seg
signs symptoms	SYMPTOM	2a	2a:yt_med_seg
prodromal stage	SYMPTOM	2a	2a:yt_med_seg
grimacing	SYMPTOM	2a	2a:yt_med_seg
hematemesis	SYMPTOM	2a	2a:yt_med_seg
painful swallowing	SYMPTOM	2a	2a:yt_med_seg
odynophagia	SYMPTOM	2a	2a:yt_med_seg
giddy	SYMPTOM	2a	2a:yt_med_seg
complications early	SYMPTOM	2a	2a:yt_med_seg
feels everything spin round	SYMPTOM	2a	2a:yt_med_seg
ill feeling	SYMPTOM	2a	2a:yt_med_seg
awkwardness	SYMPTOM	2a	2a:yt_med_seg
breath holding	SYMPTOM	2a	2a:yt_med_seg
increased body temperature	SYMPTOM	2a	2a:yt_med_seg
laziness	SYMPTOM	2a	2a:yt_med_seg
fish mouth	SYMPTOM	2a	2a:yt_med_seg
whoops	SYMPTOM	2a	2a:yt_med_seg
angina pain	SYMPTOM	2a	2a:yt_med_seg
buckling	SYMPTOM	2a	2a:yt_med_seg
cold hands or feet	SYMPTOM	2a	2a:yt_med_seg
respiratory tract irritation	SYMPTOM	2a	2a:yt_med_seg
balance disorders	SYMPTOM	2a	2a:yt_med_seg
sighing	SYMPTOM	2a	2a:yt_med_seg
gi pain	SYMPTOM	2a	2a:yt_med_seg
sore bottom	SYMPTOM	2a	2a:yt_med_seg
brash	SYMPTOM	2a	2a:yt_med_seg
pain at rest	SYMPTOM	2a	2a:yt_med_seg
types of pain	SYMPTOM	2a	2a:yt_med_seg
air crescent sign	SYMPTOM	2a	2a:yt_med_seg
restlessness and agitation	SYMPTOM	2a	2a:yt_med_seg
hyperemesis gravidarum	SYMPTOM	2a	2a:yt_med_seg
acute abdominal pain	SYMPTOM	2a	2a:yt_med_seg
abdominal angina	SYMPTOM	2a	2a:yt_med_seg
bloody stools	SYMPTOM	2a	2a:yt_med_seg
sudden onset of fever	SYMPTOM	2a	2a:yt_med_seg
photophobia	SYMPTOM	2a	2a:yt_med_seg
apragmatism	SYMPTOM	2a	2a:yt_med_seg
psychotic symptoms	SYMPTOM	2a	2a:yt_med_seg
intractable pain	SYMPTOM	2a	2a:yt_med_seg
pain passing urine	SYMPTOM	2a	2a:yt_med_seg
tender left testicle	SYMPTOM	2a	2a:yt_med_seg
labor pains	SYMPTOM	2a	2a:yt_med_seg
constipating	SYMPTOM	2a	2a:yt_med_seg
hot flashes	SYMPTOM	2a	2a:yt_med_seg
temperature increase	SYMPTOM	2a	2a:yt_med_seg
tremors	SYMPTOM	2a	2a:yt_med_seg
flushing hot	SYMPTOM	2a	2a:yt_med_seg
forgetfulness	SYMPTOM	2a	2a:yt_med_seg
breakthrough pain	SYMPTOM	2a	2a:yt_med_seg
pain muscle	SYMPTOM	2a	2a:yt_med_seg
pain in thigh	SYMPTOM	2a	2a:yt_med_seg
chronic pelvic pain	SYMPTOM	2a	2a:yt_med_seg
urinary urgency	SYMPTOM	2a	2a:yt_med_seg
concerned about wrinkles	SYMPTOM	2a	2a:yt_med_seg
pain in leg	SYMPTOM	2a	2a:yt_med_seg
residual pain	SYMPTOM	2a	2a:yt_med_seg
hudson	SYMPTOM	2a	2a:yt_med_seg
loss of memory	SYMPTOM	2a	2a:yt_med_seg
uterine pain	SYMPTOM	2a	2a:yt_med_seg
wooziness	SYMPTOM	2a	2a:yt_med_seg
blush	SYMPTOM	2a	2a:yt_med_seg
vomits	SYMPTOM	2a	2a:yt_med_seg
dizziness and vertigo	SYMPTOM	2a	2a:yt_med_seg
hyperthermia	SYMPTOM	2a	2a:yt_med_seg
loss of strength	SYMPTOM	2a	2a:yt_med_seg
increased work of breathing	SYMPTOM	2a	2a:yt_med_seg
clonus	SYMPTOM	2a	2a:yt_med_seg
post-operative pain	SYMPTOM	2a	2a:yt_med_seg
battle sign	SYMPTOM	2a	2a:yt_med_seg
somatic pains	SYMPTOM	2a	2a:yt_med_seg
neologism	SYMPTOM	2a	2a:yt_med_seg
externalizing symptoms	SYMPTOM	2a	2a:yt_med_seg
anxiety or fear	SYMPTOM	2a	2a:yt_med_seg
eye manifestations	SYMPTOM	2a	2a:yt_med_seg
sight loss	SYMPTOM	2a	2a:yt_med_seg
rice water stool	SYMPTOM	2a	2a:yt_med_seg
drinks continuously	SYMPTOM	2a	2a:yt_med_seg
quiver	SYMPTOM	2a	2a:yt_med_seg
muscle tenderness	SYMPTOM	2a	2a:yt_med_seg
lower limb pain	SYMPTOM	2a	2a:yt_med_seg
opioid induced constipation	SYMPTOM	2a	2a:yt_med_seg
muscle cramps	SYMPTOM	2a	2a:yt_med_seg
gas bloating	SYMPTOM	2a	2a:yt_med_seg
hangovers	SYMPTOM	2a	2a:yt_med_seg
constipate	SYMPTOM	2a	2a:yt_med_seg
not getting enough sleep	SYMPTOM	2a	2a:yt_med_seg
gas passing	SYMPTOM	2a	2a:yt_med_seg
cardiac symptoms	SYMPTOM	2a	2a:yt_med_seg
digital necrosis	SYMPTOM	2a	2a:yt_med_seg
function recovery	SYMPTOM	2a	2a:yt_med_seg
cosmetic concerns	SYMPTOM	2a	2a:yt_med_seg
blushing	SYMPTOM	2a	2a:yt_med_seg
limb swelling	SYMPTOM	2a	2a:yt_med_seg
symptoms heart	SYMPTOM	2a	2a:yt_med_seg
changes in skin texture	SYMPTOM	2a	2a:yt_med_seg
pain in children	SYMPTOM	2a	2a:yt_med_seg
mannerisms	SYMPTOM	2a	2a:yt_med_seg
mahler sign	SYMPTOM	2a	2a:yt_med_seg
spontaneous contraction of muscle	SYMPTOM	2a	2a:yt_med_seg
lead pipe rigidity	SYMPTOM	2a	2a:yt_med_seg
memory problems	SYMPTOM	2a	2a:yt_med_seg
difficulty moving eyes	SYMPTOM	2a	2a:yt_med_seg
slow movements	SYMPTOM	2a	2a:yt_med_seg
cognitive symptoms	SYMPTOM	2a	2a:yt_med_seg
agitated behavior	SYMPTOM	2a	2a:yt_med_seg
skin color change	SYMPTOM	2a	2a:yt_med_seg
left flank pain	SYMPTOM	2a	2a:yt_med_seg
prickling	SYMPTOM	2a	2a:yt_med_seg
painful scar	SYMPTOM	2a	2a:yt_med_seg
syncope fainting	SYMPTOM	2a	2a:yt_med_seg
focal disturbances	SYMPTOM	2a	2a:yt_med_seg
loss of feeling	SYMPTOM	2a	2a:yt_med_seg
bowel wall thickening	SYMPTOM	2a	2a:yt_med_seg
hernia pain	SYMPTOM	2a	2a:yt_med_seg
swollen lymph nodes	SYMPTOM	2a	2a:yt_med_seg
skin manifestations	SYMPTOM	2a	2a:yt_med_seg
aphasic	SYMPTOM	2a	2a:yt_med_seg
vomiting characteristics	SYMPTOM	2a	2a:yt_med_seg
left flank pains	SYMPTOM	2a	2a:yt_med_seg
tonic clonic seizures	SYMPTOM	2a	2a:yt_med_seg
tonic-clonic seizure	SYMPTOM	2a	2a:yt_med_seg
localized weakness	SYMPTOM	2a	2a:yt_med_seg
todd's paralysis	SYMPTOM	2a	2a:yt_med_seg
symptomatic seizures	SYMPTOM	2a	2a:yt_med_seg
hemiplegia	SYMPTOM	2a	2a:yt_med_seg
epileptic seizure	SYMPTOM	2a	2a:yt_med_seg
breath holding spells	SYMPTOM	2a	2a:yt_med_seg
generalized tonic-clonic seizures	SYMPTOM	2a	2a:yt_med_seg
darkness tremor	SYMPTOM	2a	2a:yt_med_seg
soft pitting edema	SYMPTOM	2a	2a:yt_med_seg
skin discomfort	SYMPTOM	2a	2a:yt_med_seg
stiff joints	SYMPTOM	2a	2a:yt_med_seg
physical symptom	SYMPTOM	2a	2a:yt_med_seg
decreased energy	SYMPTOM	2a	2a:yt_med_seg
swollen eye	SYMPTOM	2a	2a:yt_med_seg
skin dry	SYMPTOM	2a	2a:yt_med_seg
clutter	SYMPTOM	2a	2a:yt_med_seg
buttock pain	SYMPTOM	2a	2a:yt_med_seg
blanch	SYMPTOM	2a	2a:yt_med_seg
visual disturbances nec	SYMPTOM	2a	2a:yt_med_seg
massive edema	SYMPTOM	2a	2a:yt_med_seg
fear of rejection	SYMPTOM	2a	2a:yt_med_seg
extreme fatigue	SYMPTOM	2a	2a:yt_med_seg
bloat	SYMPTOM	2a	2a:yt_med_seg
postprandial pain	SYMPTOM	2a	2a:yt_med_seg
symptom recurrence	SYMPTOM	2a	2a:yt_med_seg
paralysis symptoms	SYMPTOM	2a	2a:yt_med_seg
neurologic symptom	SYMPTOM	2a	2a:yt_med_seg
feeling loss	SYMPTOM	2a	2a:yt_med_seg
floppy	SYMPTOM	2a	2a:yt_med_seg
acute low back pain	SYMPTOM	2a	2a:yt_med_seg
greedy	SYMPTOM	2a	2a:yt_med_seg
fatiguing	SYMPTOM	2a	2a:yt_med_seg
ophthalmoplegia	SYMPTOM	2a	2a:yt_med_seg
referred pain	SYMPTOM	2a	2a:yt_med_seg
pain in buttock	SYMPTOM	2a	2a:yt_med_seg
gas raising	SYMPTOM	2a	2a:yt_med_seg
stops breathing	SYMPTOM	2a	2a:yt_med_seg
facies, hippocratic	SYMPTOM	2a	2a:yt_med_seg
childbed fever	SYMPTOM	2a	2a:yt_med_seg
heightened sensation	SYMPTOM	2a	2a:yt_med_seg
fumbling	SYMPTOM	2a	2a:yt_med_seg
workaholics	SYMPTOM	2a	2a:yt_med_seg
shaking chills	SYMPTOM	2a	2a:yt_med_seg
ili	SYMPTOM	2a	2a:yt_med_seg
fever with chills	SYMPTOM	2a	2a:yt_med_seg
paralysis weakness	SYMPTOM	2a	2a:yt_med_seg
paraparesis	SYMPTOM	2a	2a:yt_med_seg
swelling of limb	SYMPTOM	2a	2a:yt_med_seg
localized swelling	SYMPTOM	2a	2a:yt_med_seg
calf tenderness	SYMPTOM	2a	2a:yt_med_seg
heaviness head	SYMPTOM	2a	2a:yt_med_seg
genital swelling	SYMPTOM	2a	2a:yt_med_seg
heart rate is very fast	SYMPTOM	2a	2a:yt_med_seg
wound pain	SYMPTOM	2a	2a:yt_med_seg
labor pain	SYMPTOM	2a	2a:yt_med_seg
maxillofacial pain	SYMPTOM	2a	2a:yt_med_seg
intraoperative pain	SYMPTOM	2a	2a:yt_med_seg
feeling tense	SYMPTOM	2a	2a:yt_med_seg
postsurgical pain	SYMPTOM	2a	2a:yt_med_seg
recovery of function	SYMPTOM	2a	2a:yt_med_seg
intercostal neuralgia	SYMPTOM	2a	2a:yt_med_seg
trembles	SYMPTOM	2a	2a:yt_med_seg
acute postoperative pain	SYMPTOM	2a	2a:yt_med_seg
cognitive fatigue	SYMPTOM	2a	2a:yt_med_seg
damages skin	SYMPTOM	2a	2a:yt_med_seg
hot flushes	SYMPTOM	2a	2a:yt_med_seg
tender lymph nodes	SYMPTOM	2a	2a:yt_med_seg
increase temperature	SYMPTOM	2a	2a:yt_med_seg
skin cyanosis	SYMPTOM	2a	2a:yt_med_seg
swollen lymph node	SYMPTOM	2a	2a:yt_med_seg
loss feeling	SYMPTOM	2a	2a:yt_med_seg
gurgling sounds	SYMPTOM	2a	2a:yt_med_seg
pain nerve	SYMPTOM	2a	2a:yt_med_seg
abdomen gas	SYMPTOM	2a	2a:yt_med_seg
continuous diaphragm sign	SYMPTOM	2a	2a:yt_med_seg
change in bowel movements	SYMPTOM	2a	2a:yt_med_seg
motor neuron signs	SYMPTOM	2a	2a:yt_med_seg
prodromal symptoms	SYMPTOM	2a	2a:yt_med_seg
queasy	SYMPTOM	2a	2a:yt_med_seg
woozy	SYMPTOM	2a	2a:yt_med_seg
sexual symptoms	SYMPTOM	2a	2a:yt_med_seg
tic disorder	SYMPTOM	2a	2a:yt_med_seg
passing wind	SYMPTOM	2a	2a:yt_med_seg
circulation problems	SYMPTOM	2a	2a:yt_med_seg
hive	SYMPTOM	2a	2a:yt_med_seg
pain ankle	SYMPTOM	2a	2a:yt_med_seg
nodes virchow's	SYMPTOM	2a	2a:yt_med_seg
virchow's node	SYMPTOM	2a	2a:yt_med_seg
pain inflammatory	SYMPTOM	2a	2a:yt_med_seg
symptom fatigue	SYMPTOM	2a	2a:yt_med_seg
energy loss	SYMPTOM	2a	2a:yt_med_seg
walking pain	SYMPTOM	2a	2a:yt_med_seg
pain walking	SYMPTOM	2a	2a:yt_med_seg
visual agnosia	SYMPTOM	2a	2a:yt_med_seg
retching	SYMPTOM	2a	2a:yt_med_seg
abnormal urination	SYMPTOM	2a	2a:yt_med_seg
disorientated	SYMPTOM	2a	2a:yt_med_seg
belching	SYMPTOM	2a	2a:yt_med_seg
weal	SYMPTOM	2a	2a:yt_med_seg
pregnancy nausea	SYMPTOM	2a	2a:yt_med_seg
sickness feeling	SYMPTOM	2a	2a:yt_med_seg
chronic nausea	SYMPTOM	2a	2a:yt_med_seg
nausea pregnancy	SYMPTOM	2a	2a:yt_med_seg
fuo	SYMPTOM	2a	2a:yt_med_seg
right upper quadrant pain	SYMPTOM	2a	2a:yt_med_seg
nonspecific abdominal pain	SYMPTOM	2a	2a:yt_med_seg
transient hepatic attenuation differences	SYMPTOM	2a	2a:yt_med_seg
health complaints	SYMPTOM	2a	2a:yt_med_seg
arm weakness	SYMPTOM	2a	2a:yt_med_seg
breathing symptoms	SYMPTOM	2a	2a:yt_med_seg
fitting	SYMPTOM	2a	2a:yt_med_seg
severe eye pain	SYMPTOM	2a	2a:yt_med_seg
behaving old	SYMPTOM	2a	2a:yt_med_seg
autoscopy	SYMPTOM	2a	2a:yt_med_seg
nail clubbing	SYMPTOM	2a	2a:yt_med_seg
cold fingers	SYMPTOM	2a	2a:yt_med_seg
hand tremors	SYMPTOM	2a	2a:yt_med_seg
intermittent tremor	SYMPTOM	2a	2a:yt_med_seg
glares	SYMPTOM	2a	2a:yt_med_seg
stress symptoms	SYMPTOM	2a	2a:yt_med_seg
new or worsening symptom	SYMPTOM	2a	2a:yt_med_seg
fluctuating hearing loss	SYMPTOM	2a	2a:yt_med_seg
loss of sight	SYMPTOM	2a	2a:yt_med_seg
acute chest pain	SYMPTOM	2a	2a:yt_med_seg
headache associated	SYMPTOM	2a	2a:yt_med_seg
pain of scrotum	SYMPTOM	2a	2a:yt_med_seg
shape of head	SYMPTOM	2a	2a:yt_med_seg
cullen sign	SYMPTOM	2a	2a:yt_med_seg
pain visceral	SYMPTOM	2a	2a:yt_med_seg
symptoms in children	SYMPTOM	2a	2a:yt_med_seg
enlarged liver and spleen	SYMPTOM	2a	2a:yt_med_seg
diarrhea vomiting	SYMPTOM	2a	2a:yt_med_seg
watery diarrhea	SYMPTOM	2a	2a:yt_med_seg
painful feet	SYMPTOM	2a	2a:yt_med_seg
mouth symptoms	SYMPTOM	2a	2a:yt_med_seg
reverse halo sign	SYMPTOM	2a	2a:yt_med_seg
head symptoms	SYMPTOM	2a	2a:yt_med_seg
urological impairment	SYMPTOM	2a	2a:yt_med_seg
groin mass	SYMPTOM	2a	2a:yt_med_seg
stomach gas	SYMPTOM	2a	2a:yt_med_seg
early complication	SYMPTOM	2a	2a:yt_med_seg
hand pain	SYMPTOM	2a	2a:yt_med_seg
gasping	SYMPTOM	2a	2a:yt_med_seg
voicelessness	SYMPTOM	2a	2a:yt_med_seg
feeling cool	SYMPTOM	2a	2a:yt_med_seg
tissue sensitivity	SYMPTOM	2a	2a:yt_med_seg
cancer-related fatigue	SYMPTOM	2a	2a:yt_med_seg
very low birth weight	SYMPTOM	2a	2a:yt_med_seg
crossed extensor reflex	SYMPTOM	2a	2a:yt_med_seg
carbohydrate cravings	SYMPTOM	2a	2a:yt_med_seg
constant hunger	SYMPTOM	2a	2a:yt_med_seg
local swelling	SYMPTOM	2a	2a:yt_med_seg
lump in breast	SYMPTOM	2a	2a:yt_med_seg
fetal descent	SYMPTOM	2a	2a:yt_med_seg
previous suicide attempt	SYMPTOM	2a	2a:yt_med_seg
debility	SYMPTOM	2a	2a:yt_med_seg
painful rash	SYMPTOM	2a	2a:yt_med_seg
feeling of incomplete bladder emptying	SYMPTOM	2a	2a:yt_med_seg
lost will to live	SYMPTOM	2a	2a:yt_med_seg
vocal fremitus	SYMPTOM	2a	2a:yt_med_seg
rectal pain	SYMPTOM	2a	2a:yt_med_seg
hand joints pain	SYMPTOM	2a	2a:yt_med_seg
chest pain or discomfort	SYMPTOM	2a	2a:yt_med_seg
dysuria	SYMPTOM	2a	2a:yt_med_seg
increased shortness of breath	SYMPTOM	2a	2a:yt_med_seg
acute headaches	SYMPTOM	2a	2a:yt_med_seg
physically unwell	SYMPTOM	2a	2a:yt_med_seg
diffuse headache	SYMPTOM	2a	2a:yt_med_seg
unresponsive to verbal stimuli	SYMPTOM	2a	2a:yt_med_seg
unresponsive to stimuli	SYMPTOM	2a	2a:yt_med_seg
bags under eyes	SYMPTOM	2a	2a:yt_med_seg
tired eyes	SYMPTOM	2a	2a:yt_med_seg
generalized abdominal pain	SYMPTOM	2a	2a:yt_med_seg
heavy head	SYMPTOM	2a	2a:yt_med_seg
shortness of breath dyspnea	SYMPTOM	2a	2a:yt_med_seg
pressure chest pain	SYMPTOM	2a	2a:yt_med_seg
previously well	SYMPTOM	2a	2a:yt_med_seg
tactile hallucinations	SYMPTOM	2a	2a:yt_med_seg
impotence	SYMPTOM	2a	2a:yt_med_seg
stiff back	SYMPTOM	2a	2a:yt_med_seg
ophthalmalgia	SYMPTOM	2a	2a:yt_med_seg
eyes rolling	SYMPTOM	2a	2a:yt_med_seg
feet swelling	SYMPTOM	2a	2a:yt_med_seg
feeling emotional	SYMPTOM	2a	2a:yt_med_seg
toothaches	SYMPTOM	2a	2a:yt_med_seg
grimace	SYMPTOM	2a	2a:yt_med_seg
csr	SYMPTOM	2a	2a:yt_med_seg
head spinning	SYMPTOM	2a	2a:yt_med_seg
retrosternal burning	SYMPTOM	2a	2a:yt_med_seg
pain in adolescence	SYMPTOM	2a	2a:yt_med_seg
recurrent fevers	SYMPTOM	2a	2a:yt_med_seg
fumbles	SYMPTOM	2a	2a:yt_med_seg
nerve root irritation	SYMPTOM	2a	2a:yt_med_seg
meningeal irritation	SYMPTOM	2a	2a:yt_med_seg
backaches	SYMPTOM	2a	2a:yt_med_seg
spotty	SYMPTOM	2a	2a:yt_med_seg
snores	SYMPTOM	2a	2a:yt_med_seg
hepatosplenomegaly	SYMPTOM	2a	2a:yt_med_seg
damage skin	SYMPTOM	2a	2a:yt_med_seg
apneic	SYMPTOM	2a	2a:yt_med_seg
pressure in chest	SYMPTOM	2a	2a:yt_med_seg
outward appearance	SYMPTOM	2a	2a:yt_med_seg
cancer cachexia	SYMPTOM	2a	2a:yt_med_seg
nausea vomiting and diarrhea	SYMPTOM	2a	2a:yt_med_seg
altered taste	SYMPTOM	2a	2a:yt_med_seg
tingling of extremities	SYMPTOM	2a	2a:yt_med_seg
refractory nausea and vomiting	SYMPTOM	2a	2a:yt_med_seg
purulent sputum	SYMPTOM	2a	2a:yt_med_seg
signet ring sign	SYMPTOM	2a	2a:yt_med_seg
cardiovascular problem	SYMPTOM	2a	2a:yt_med_seg
pain referring	SYMPTOM	2a	2a:yt_med_seg
fecal soiling	SYMPTOM	2a	2a:yt_med_seg
inadequate lubrication	SYMPTOM	2a	2a:yt_med_seg
oppositional behavior	SYMPTOM	2a	2a:yt_med_seg
pain chronic	SYMPTOM	2a	2a:yt_med_seg
eye manifestation	SYMPTOM	2a	2a:yt_med_seg
heart burn	SYMPTOM	2a	2a:yt_med_seg
arthralgias	SYMPTOM	2a	2a:yt_med_seg
vomiting and nausea	SYMPTOM	2a	2a:yt_med_seg
irregular bleeding	SYMPTOM	2a	2a:yt_med_seg
visceral pain	SYMPTOM	2a	2a:yt_med_seg
somatic pain	SYMPTOM	2a	2a:yt_med_seg
preictal state	SYMPTOM	2a	2a:yt_med_seg
eyestrain	SYMPTOM	2a	2a:yt_med_seg
vagina discomfort	SYMPTOM	2a	2a:yt_med_seg
pain vagina	SYMPTOM	2a	2a:yt_med_seg
eye roll	SYMPTOM	2a	2a:yt_med_seg
physical suffering	SYMPTOM	2a	2a:yt_med_seg
alcohol hangover	SYMPTOM	2a	2a:yt_med_seg
peri menopausal	SYMPTOM	2a	2a:yt_med_seg
dental pain	SYMPTOM	2a	2a:yt_med_seg
large stools	SYMPTOM	2a	2a:yt_med_seg
problem symptoms	SYMPTOM	2a	2a:yt_med_seg
spinal pain	SYMPTOM	2a	2a:yt_med_seg
pain in spine	SYMPTOM	2a	2a:yt_med_seg
general sign qualifications	SYMPTOM	2a	2a:yt_med_seg
agitate	SYMPTOM	2a	2a:yt_med_seg
whooping	SYMPTOM	2a	2a:yt_med_seg
swelling around eyes	SYMPTOM	2a	2a:yt_med_seg
mcburney's point	SYMPTOM	2a	2a:yt_med_seg
obturator sign	SYMPTOM	2a	2a:yt_med_seg
murphy sign	SYMPTOM	2a	2a:yt_med_seg
whimper	SYMPTOM	2a	2a:yt_med_seg
peri-menopausal	SYMPTOM	2a	2a:yt_med_seg
schizophrenia-like symptoms	SYMPTOM	2a	2a:yt_med_seg
changes in libido	SYMPTOM	2a	2a:yt_med_seg
feeling of despair	SYMPTOM	2a	2a:yt_med_seg
flapping tremor	SYMPTOM	2a	2a:yt_med_seg
asterixis	SYMPTOM	2a	2a:yt_med_seg
tonic-clonic seizures	SYMPTOM	2a	2a:yt_med_seg
tenderness joint	SYMPTOM	2a	2a:yt_med_seg
convulsion	SYMPTOM	2a	2a:yt_med_seg
muscle twitching	SYMPTOM	2a	2a:yt_med_seg
eye rolling	SYMPTOM	2a	2a:yt_med_seg
fatigue symptoms	SYMPTOM	2a	2a:yt_med_seg
loss of interest or pleasure	SYMPTOM	2a	2a:yt_med_seg
knee symptoms	SYMPTOM	2a	2a:yt_med_seg
abdominal bruits	SYMPTOM	2a	2a:yt_med_seg
dystonia	SYMPTOM	2a	2a:yt_med_seg
bingeing	SYMPTOM	2a	2a:yt_med_seg
whispered pectoriloquy	SYMPTOM	2a	2a:yt_med_seg
anterior shoulder pain	SYMPTOM	2a	2a:yt_med_seg
oversleeping	SYMPTOM	2a	2a:yt_med_seg
labored breathing	SYMPTOM	2a	2a:yt_med_seg
feeling like giving up	SYMPTOM	2a	2a:yt_med_seg
nasal flaring	SYMPTOM	2a	2a:yt_med_seg
coughing dry	SYMPTOM	2a	2a:yt_med_seg
jitteriness	SYMPTOM	2a	2a:yt_med_seg
erythematous eruption	SYMPTOM	2a	2a:yt_med_seg
muscle cramping	SYMPTOM	2a	2a:yt_med_seg
somatic symptoms	SYMPTOM	2a	2a:yt_med_seg
muscular rigidity	SYMPTOM	2a	2a:yt_med_seg
rest tremor	SYMPTOM	2a	2a:yt_med_seg
fatiguability	SYMPTOM	2a	2a:yt_med_seg
fainting attacks	SYMPTOM	2a	2a:yt_med_seg
sudden loss of vision	SYMPTOM	2a	2a:yt_med_seg
erythematous rash	SYMPTOM	2a	2a:yt_med_seg
tight band round head	SYMPTOM	2a	2a:yt_med_seg
coughing fever	SYMPTOM	2a	2a:yt_med_seg
head pressure	SYMPTOM	2a	2a:yt_med_seg
urinary tract pain	SYMPTOM	2a	2a:yt_med_seg
charley horse	SYMPTOM	2a	2a:yt_med_seg
unable to urinate	SYMPTOM	2a	2a:yt_med_seg
head posture	SYMPTOM	2a	2a:yt_med_seg
pain back	SYMPTOM	2a	2a:yt_med_seg
dizzying	SYMPTOM	2a	2a:yt_med_seg
gut symptoms	SYMPTOM	2a	2a:yt_med_seg
ached	SYMPTOM	2a	2a:yt_med_seg
post-op pain	SYMPTOM	2a	2a:yt_med_seg
skin dryness	SYMPTOM	2a	2a:yt_med_seg
welts	SYMPTOM	2a	2a:yt_med_seg
nasal drip	SYMPTOM	2a	2a:yt_med_seg
crowning	SYMPTOM	2a	2a:yt_med_seg
eye dryness	SYMPTOM	2a	2a:yt_med_seg
sore back	SYMPTOM	2a	2a:yt_med_seg
vomit intractable	SYMPTOM	2a	2a:yt_med_seg
memory impairment	SYMPTOM	2a	2a:yt_med_seg
motor disturbances	SYMPTOM	2a	2a:yt_med_seg
rebound insomnia	SYMPTOM	2a	2a:yt_med_seg
farts	SYMPTOM	2a	2a:yt_med_seg
back aches	SYMPTOM	2a	2a:yt_med_seg
medically unexplained symptoms	SYMPTOM	2a	2a:yt_med_seg
altered bowel habits	SYMPTOM	2a	2a:yt_med_seg
flushing of face	SYMPTOM	2a	2a:yt_med_seg
foaming at mouth	SYMPTOM	2a	2a:yt_med_seg
skin bumps	SYMPTOM	2a	2a:yt_med_seg
feel loss	SYMPTOM	2a	2a:yt_med_seg
psychosomatic symptoms	SYMPTOM	2a	2a:yt_med_seg
teeth chatter	SYMPTOM	2a	2a:yt_med_seg
unbearable pain	SYMPTOM	2a	2a:yt_med_seg
inability to pass gas	SYMPTOM	2a	2a:yt_med_seg
cva tenderness	SYMPTOM	2a	2a:yt_med_seg
blood in stools	SYMPTOM	2a	2a:yt_med_seg
diarrhea symptoms	SYMPTOM	2a	2a:yt_med_seg
bowel spasm	SYMPTOM	2a	2a:yt_med_seg
deep pain	SYMPTOM	2a	2a:yt_med_seg
harshness	SYMPTOM	2a	2a:yt_med_seg
general problem	SYMPTOM	2a	2a:yt_med_seg
pain in heart	SYMPTOM	2a	2a:yt_med_seg
motor manifestations	SYMPTOM	2a	2a:yt_med_seg
extreme thirst	SYMPTOM	2a	2a:yt_med_seg
adipsia	SYMPTOM	2a	2a:yt_med_seg
seizure, multiple types	SYMPTOM	2a	2a:yt_med_seg
abdominal cramping	SYMPTOM	2a	2a:yt_med_seg
skin tenting	SYMPTOM	2a	2a:yt_med_seg
syphilitic chancre	SYMPTOM	2a	2a:yt_med_seg
chancre	SYMPTOM	2a	2a:yt_med_seg
stomach swelling	SYMPTOM	2a	2a:yt_med_seg
gastrointestinal signs and symptoms	SYMPTOM	2a	2a:yt_med_seg
apneusis	SYMPTOM	2a	2a:yt_med_seg
trembled	SYMPTOM	2a	2a:yt_med_seg
eyes bloodshot	SYMPTOM	2a	2a:yt_med_seg
diarrhoea and vomiting	SYMPTOM	2a	2a:yt_med_seg
verbal tics	SYMPTOM	2a	2a:yt_med_seg
different sensation	SYMPTOM	2a	2a:yt_med_seg
left arm pain	SYMPTOM	2a	2a:yt_med_seg
feels unwell	SYMPTOM	2a	2a:yt_med_seg
homan's sign	SYMPTOM	2a	2a:yt_med_seg
sinus swelling	SYMPTOM	2a	2a:yt_med_seg
gastric pain	SYMPTOM	2a	2a:yt_med_seg
farting	SYMPTOM	2a	2a:yt_med_seg
tendency to fall	SYMPTOM	2a	2a:yt_med_seg
visceral obesity	SYMPTOM	2a	2a:yt_med_seg
muscle spasticity	SYMPTOM	2a	2a:yt_med_seg
feeling of warmth	SYMPTOM	2a	2a:yt_med_seg
excessive daytime sleepiness	SYMPTOM	2a	2a:yt_med_seg
nervous system symptoms	SYMPTOM	2a	2a:yt_med_seg
food hunger	SYMPTOM	2a	2a:yt_med_seg
nervous system symptom	SYMPTOM	2a	2a:yt_med_seg
tremble	SYMPTOM	2a	2a:yt_med_seg
proximal weakness	SYMPTOM	2a	2a:yt_med_seg
renal colic	SYMPTOM	2a	2a:yt_med_seg
burning micturition	SYMPTOM	2a	2a:yt_med_seg
lower abdomen pain	SYMPTOM	2a	2a:yt_med_seg
painful ejaculation	SYMPTOM	2a	2a:yt_med_seg
stomachaches	SYMPTOM	2a	2a:yt_med_seg
pulmonary symptoms	SYMPTOM	2a	2a:yt_med_seg
git symptoms	SYMPTOM	2a	2a:yt_med_seg
transplant pain	SYMPTOM	2a	2a:yt_med_seg
gummas	SYMPTOM	2a	2a:yt_med_seg
primary syphilis	SYMPTOM	2a	2a:yt_med_seg
migratory arthralgia	SYMPTOM	2a	2a:yt_med_seg
localized rash	SYMPTOM	2a	2a:yt_med_seg
generalized weakness	SYMPTOM	2a	2a:yt_med_seg
unable to focus	SYMPTOM	2a	2a:yt_med_seg
drop attacks	SYMPTOM	2a	2a:yt_med_seg
stupor	SYMPTOM	2a	2a:yt_med_seg
pain referred	SYMPTOM	2a	2a:yt_med_seg
salty taste	SYMPTOM	2a	2a:yt_med_seg
respiratory signs and symptoms	SYMPTOM	2a	2a:yt_med_seg
sensitive lips	SYMPTOM	2a	2a:yt_med_seg
respiratory distress acute	SYMPTOM	2a	2a:yt_med_seg
skin anesthesia	SYMPTOM	2a	2a:yt_med_seg
ears popping	SYMPTOM	2a	2a:yt_med_seg
neurobehavioral manifestations	SYMPTOM	2a	2a:yt_med_seg
tooth pain	SYMPTOM	2a	2a:yt_med_seg
heat intolerance	SYMPTOM	2a	2a:yt_med_seg
cold intolerance	SYMPTOM	2a	2a:yt_med_seg
faints	SYMPTOM	2a	2a:yt_med_seg
skin blush	SYMPTOM	2a	2a:yt_med_seg
heavy tired	SYMPTOM	2a	2a:yt_med_seg
aches back	SYMPTOM	2a	2a:yt_med_seg
cog wheel rigidity	SYMPTOM	2a	2a:yt_med_seg
resting tremors	SYMPTOM	2a	2a:yt_med_seg
proud flesh	SYMPTOM	2a	2a:yt_med_seg
post-surgical pain	SYMPTOM	2a	2a:yt_med_seg
occurrence of diarrhea	SYMPTOM	2a	2a:yt_med_seg
agitates	SYMPTOM	2a	2a:yt_med_seg
tender skin	SYMPTOM	2a	2a:yt_med_seg
pins needles	SYMPTOM	2a	2a:yt_med_seg
energy decreased	SYMPTOM	2a	2a:yt_med_seg
bulging fontanelles	SYMPTOM	2a	2a:yt_med_seg
pressure head	SYMPTOM	2a	2a:yt_med_seg
other hypersomnia	SYMPTOM	2a	2a:yt_med_seg
sleep paralysis	SYMPTOM	2a	2a:yt_med_seg
emaciated	SYMPTOM	2a	2a:yt_med_seg
eye twitching	SYMPTOM	2a	2a:yt_med_seg
vesicular breath sounds	SYMPTOM	3a	3a:syn_dict
urinary hesitancy	SYMPTOM	3a	3a:syn_dict
hyperesthesia	SYMPTOM	3a	3a:syn_dict
acute respiratory distress	SYMPTOM	3a	3a:syn_dict
cervical pain	SYMPTOM	3a	3a:syn_dict
b symptoms	SYMPTOM	3a	3a:syn_dict
recurrence of symptoms	SYMPTOM	3a	3a:syn_dict
dyspnea on exertion	SYMPTOM	3a	3a:syn_dict
thoracic pain	SYMPTOM	3a	3a:syn_dict
lower abdominal discomfort	SYMPTOM	3a	3a:syn_dict
progressive confusion	SYMPTOM	3a	3a:syn_dict
myalgias	SYMPTOM	3a	3a:syn_dict
nausea without vomiting	SYMPTOM	3a	3a:syn_dict
tactile fremitus	SYMPTOM	3a	3a:syn_dict
general malaise	SYMPTOM	3a	3a:syn_dict
hematochezia	SYMPTOM	3a	3a:syn_dict
right testicular pain	SYMPTOM	3a	3a:syn_dict
osteoarticular pain	SYMPTOM	3a	3a:syn_dict
lip cyanosis	SYMPTOM	3a	3a:syn_dict
platypnea	SYMPTOM	3a	3a:syn_dict
dentition poor	SYMPTOM	3a	3a:syn_dict
meningismus	SYMPTOM	3a	3a:syn_dict
subjective fever	SYMPTOM	3a	3a:syn_dict
presyncope	SYMPTOM	3a	3a:syn_dict
purulent rhinorrhea	SYMPTOM	3a	3a:syn_dict
finger tingling	SYMPTOM	3a	3a:syn_dict
decreased strength	SYMPTOM	3a	3a:syn_dict
exertional angina	SYMPTOM	3a	3a:syn_dict
generalized erythema	SYMPTOM	3a	3a:syn_dict
acute dyspnea	SYMPTOM	3a	3a:syn_dict
tenesmus	SYMPTOM	3a	3a:syn_dict
left flank tenderness	SYMPTOM	3a	3a:syn_dict
syncopal episodes	SYMPTOM	3a	3a:syn_dict
neck pain on left	SYMPTOM	3a	3a:syn_dict
eyelid swelling	SYMPTOM	3a	3a:syn_dict
sacroiliac joint pain	SYMPTOM	3a	3a:syn_dict
nocturnal pruritus	SYMPTOM	3a	3a:syn_dict
ruq pain	SYMPTOM	3a	3a:syn_dict
extremity swelling	SYMPTOM	3a	3a:syn_dict
right upper quadrant abdominal pain	SYMPTOM	3a	3a:syn_dict
expiratory wheezes	SYMPTOM	3a	3a:syn_dict
torticollis	SYMPTOM	3a	3a:syn_dict
rotatory vertigo	SYMPTOM	3a	3a:syn_dict
feels feverish	SYMPTOM	3a	3a:syn_dict
halo sign	SYMPTOM	3a	3a:syn_dict
ocular pain	SYMPTOM	3a	3a:syn_dict
photophobia in left eye	SYMPTOM	3a	3a:syn_dict
left eye pain	SYMPTOM	3a	3a:syn_dict
symptoms psychiatric	SYMPTOM	3a	3a:syn_dict
pain in left elbow	SYMPTOM	3a	3a:syn_dict
flaccid paralysis	SYMPTOM	3a	3a:syn_dict
pain neck	SYMPTOM	3a	3a:syn_dict
right knee pain	SYMPTOM	3a	3a:syn_dict
murphy's sign negative	SYMPTOM	3a	3a:syn_dict
refusal to bear weight	SYMPTOM	3a	3a:syn_dict
postural tremor	SYMPTOM	3a	3a:syn_dict
bilateral facial pain	SYMPTOM	3a	3a:syn_dict
cachectic	SYMPTOM	3a	3a:syn_dict
intermittent vomiting	SYMPTOM	3a	3a:syn_dict
ideas of reference	SYMPTOM	3a	3a:syn_dict
orchialgia	SYMPTOM	3a	3a:syn_dict
exertional dyspnea	SYMPTOM	3a	3a:syn_dict
homans sign	SYMPTOM	3a	3a:syn_dict
skin warm	SYMPTOM	3a	3a:syn_dict
suprapubic tenderness	SYMPTOM	3a	3a:syn_dict
icteric	SYMPTOM	3a	3a:syn_dict
substernal chest pain	SYMPTOM	3a	3a:syn_dict
shoulder soreness	SYMPTOM	3a	3a:syn_dict
generalized fatigue	SYMPTOM	3a	3a:syn_dict
generalized myalgia	SYMPTOM	3a	3a:syn_dict
distress abdominal	SYMPTOM	3a	3a:syn_dict
nonproductive cough	SYMPTOM	3a	3a:syn_dict
musculoskeletal chest pain	SYMPTOM	3a	3a:syn_dict
radiating pain	SYMPTOM	3a	3a:syn_dict
left upper extremity weakness	SYMPTOM	3a	3a:syn_dict
atypical chest pain	SYMPTOM	3a	3a:syn_dict
intermittent diarrhea	SYMPTOM	3a	3a:syn_dict
inguinal pain	SYMPTOM	3a	3a:syn_dict
burping	SYMPTOM	3a	3a:syn_dict
recurrent headaches	SYMPTOM	3a	3a:syn_dict
fasciculations	SYMPTOM	3a	3a:syn_dict
pleuritic pain	SYMPTOM	3a	3a:syn_dict
transient neurological symptoms	SYMPTOM	3a	3a:syn_dict
chest pain radiating	SYMPTOM	3a	3a:syn_dict
anterior neck pain	SYMPTOM	3a	3a:syn_dict
back tenderness	SYMPTOM	3a	3a:syn_dict
expiratory wheeze	SYMPTOM	3a	3a:syn_dict
sudden onset abdominal pain	SYMPTOM	3a	3a:syn_dict
eye findings	SYMPTOM	3a	3a:syn_dict
acute vision loss	SYMPTOM	3a	3a:syn_dict
acute headache	SYMPTOM	3a	3a:syn_dict
intermittent headaches	SYMPTOM	3a	3a:syn_dict
syncopal episode	SYMPTOM	3a	3a:syn_dict
acute mental status changes	SYMPTOM	3a	3a:syn_dict
tongue pain	SYMPTOM	3a	3a:syn_dict
aphonia	SYMPTOM	3a	3a:syn_dict
cyanosis of lips	SYMPTOM	3a	3a:syn_dict
scrotal swelling	SYMPTOM	3a	3a:syn_dict
tetraparesis	SYMPTOM	3a	3a:syn_dict
dull abdominal pain	SYMPTOM	3a	3a:syn_dict
prostatism	SYMPTOM	3a	3a:syn_dict
chronic abdominal pain	SYMPTOM	3a	3a:syn_dict
persistent headache	SYMPTOM	3a	3a:syn_dict
horizontal diplopia	SYMPTOM	3a	3a:syn_dict
spinning sensation	SYMPTOM	3a	3a:syn_dict
odontalgia	SYMPTOM	3a	3a:syn_dict
severe low back pain	SYMPTOM	3a	3a:syn_dict
cushingoid	SYMPTOM	3a	3a:syn_dict
lumbar pain	SYMPTOM	3a	3a:syn_dict
perineal pain	SYMPTOM	3a	3a:syn_dict
oral blistering	SYMPTOM	3a	3a:syn_dict
parkinsonian tremor	SYMPTOM	3a	3a:syn_dict
heliotrope rash	SYMPTOM	3a	3a:syn_dict
painful paresthesia	SYMPTOM	3a	3a:syn_dict
hypogastric pain	SYMPTOM	3a	3a:syn_dict
abdominal ascites	SYMPTOM	3a	3a:syn_dict
right leg pain	SYMPTOM	3a	3a:syn_dict
central chest pain	SYMPTOM	3a	3a:syn_dict
amputation stump pain	SYMPTOM	3a	3a:syn_dict
stump pain	SYMPTOM	3a	3a:syn_dict
lymph node swelling	SYMPTOM	3a	3a:syn_dict
pain worsens	SYMPTOM	3a	3a:syn_dict
unilateral leg swelling	SYMPTOM	3a	3a:syn_dict
ent symptoms	SYMPTOM	3a	3a:syn_dict
lower urinary tract symptoms	SYMPTOM	3a	3a:syn_dict
terminal dribbling	SYMPTOM	3a	3a:syn_dict
pseudoathetosis	SYMPTOM	3a	3a:syn_dict
romberg test	SYMPTOM	3a	3a:syn_dict
sudden onset of abdominal pain	SYMPTOM	3a	3a:syn_dict
prostration	SYMPTOM	3a	3a:syn_dict
back pain with radiation	SYMPTOM	3a	3a:syn_dict
tuberculous chancre	SYMPTOM	3a	3a:syn_dict
action tremor	SYMPTOM	3a	3a:syn_dict
luts	SYMPTOM	3a	3a:syn_dict
feeling of malaise	SYMPTOM	3a	3a:syn_dict
crampy abdominal pain	SYMPTOM	3a	3a:syn_dict
mobility limitations	SYMPTOM	3a	3a:syn_dict
suprapubic pain	SYMPTOM	3a	3a:syn_dict
rectal tenesmus	SYMPTOM	3a	3a:syn_dict
worsening dysphagia	SYMPTOM	3a	3a:syn_dict
difficulty defecating	SYMPTOM	3a	3a:syn_dict
extrapyramidal symptoms	SYMPTOM	3a	3a:syn_dict
umbilical pain	SYMPTOM	3a	3a:syn_dict
lumbar mass	SYMPTOM	3a	3a:syn_dict
ascending paralysis	SYMPTOM	3a	3a:syn_dict
abnormal breathing	SYMPTOM	3a	3a:syn_dict
right flank tenderness	SYMPTOM	3a	3a:syn_dict
cervical motion tenderness	SYMPTOM	3a	3a:syn_dict
inspiratory stridor	SYMPTOM	3a	3a:syn_dict
facial numbness	SYMPTOM	3a	3a:syn_dict
adenitis	SYMPTOM	3a	3a:syn_dict
severe vertigo	SYMPTOM	3a	3a:syn_dict
alternating diarrhea and constipation	SYMPTOM	3a	3a:syn_dict
hand numbness	SYMPTOM	3a	3a:syn_dict
pelvic discomfort	SYMPTOM	3a	3a:syn_dict
projectile vomiting	SYMPTOM	3a	3a:syn_dict
contact bleeding	SYMPTOM	3a	3a:syn_dict
pain in left foot	SYMPTOM	3a	3a:syn_dict
pain symptoms	SYMPTOM	3a	3a:syn_dict
decrease in energy	SYMPTOM	3a	3a:syn_dict
constitutional syndrome	SYMPTOM	3a	3a:syn_dict
cervicalgia	SYMPTOM	3a	3a:syn_dict
puffy facies	SYMPTOM	3a	3a:syn_dict
scalp tenderness	SYMPTOM	3a	3a:syn_dict
peripheral swelling	SYMPTOM	3a	3a:syn_dict
chest wall pain	SYMPTOM	3a	3a:syn_dict
pneumatosis intestinalis	SYMPTOM	3a	3a:syn_dict
functional abdominal pain	SYMPTOM	3a	3a:syn_dict
intermittent anal pain	SYMPTOM	3a	3a:syn_dict
pain in upper extremities	SYMPTOM	3a	3a:syn_dict
respiratory difficulty	SYMPTOM	3a	3a:syn_dict
upper chest pain	SYMPTOM	3a	3a:syn_dict
migratory pain	SYMPTOM	3a	3a:syn_dict
right ear pain	SYMPTOM	3a	3a:syn_dict
abdominal fullness	SYMPTOM	3a	3a:syn_dict
marked restlessness	SYMPTOM	3a	3a:syn_dict
lumbosciatica	SYMPTOM	3a	3a:syn_dict
bilateral knee pain	SYMPTOM	3a	3a:syn_dict
hyperemesis	SYMPTOM	3a	3a:syn_dict
perianal discomfort	SYMPTOM	3a	3a:syn_dict
mechanical pain	SYMPTOM	3a	3a:syn_dict
lower extremity paresthesias	SYMPTOM	3a	3a:syn_dict
inguinal mass	SYMPTOM	3a	3a:syn_dict
lumbosciatalgia	SYMPTOM	3a	3a:syn_dict
abdominal pain localized	SYMPTOM	3a	3a:syn_dict
metamorphopsia	SYMPTOM	3a	3a:syn_dict
numbness of face	SYMPTOM	3a	3a:syn_dict
burning sensation during urination	SYMPTOM	3a	3a:syn_dict
appetite decreased	SYMPTOM	3a	3a:syn_dict
scapular pain	SYMPTOM	3a	3a:syn_dict
passing flatus	SYMPTOM	3a	3a:syn_dict
musculoskeletal symptoms	SYMPTOM	3a	3a:syn_dict
pain increased	SYMPTOM	3a	3a:syn_dict
oral discomfort	SYMPTOM	3a	3a:syn_dict
expiratory wheezing	SYMPTOM	3a	3a:syn_dict
bladder spasms	SYMPTOM	3a	3a:syn_dict
acute urinary retention	SYMPTOM	3a	3a:syn_dict
weak stream	SYMPTOM	3a	3a:syn_dict
intermittent cough	SYMPTOM	3a	3a:syn_dict
refractory abdominal pain	SYMPTOM	3a	3a:syn_dict
motor tics	SYMPTOM	3a	3a:syn_dict
epigastric tenderness	SYMPTOM	3a	3a:syn_dict
postprandial vomiting	SYMPTOM	3a	3a:syn_dict
osler's nodes	SYMPTOM	3a	3a:syn_dict
amaurosis fugax	SYMPTOM	3a	3a:syn_dict
throat discomfort	SYMPTOM	3a	3a:syn_dict
portal venous gas	SYMPTOM	3a	3a:syn_dict
persistent dry cough	SYMPTOM	3a	3a:syn_dict
chronic dysphagia	SYMPTOM	3a	3a:syn_dict
severe ear pain	SYMPTOM	3a	3a:syn_dict
generalized pain	SYMPTOM	3a	3a:syn_dict
hypergranulation	SYMPTOM	3a	3a:syn_dict
left eye symptoms	SYMPTOM	3a	3a:syn_dict
ocular discomfort	SYMPTOM	3a	3a:syn_dict
numbness of left lower lip	SYMPTOM	3a	3a:syn_dict
finger pain	SYMPTOM	3a	3a:syn_dict
petechia	SYMPTOM	3a	3a:syn_dict
head turned to right	SYMPTOM	3a	3a:syn_dict
cervical dystonia	SYMPTOM	3a	3a:syn_dict
disorient	SYMPTOM	3a	3a:syn_dict
oral manifestations	SYMPTOM	3a	3a:syn_dict
lower extremity pain new	SYMPTOM	3a	3a:syn_dict
mydriasis	SYMPTOM	3a	3a:syn_dict
intermittent fever	SYMPTOM	3a	3a:syn_dict
other skin changes	SYMPTOM	3a	3a:syn_dict
multiple complaints	SYMPTOM	3a	3a:syn_dict
distal paresthesias	SYMPTOM	3a	3a:syn_dict
left testicular pain	SYMPTOM	3a	3a:syn_dict
poor dentition	SYMPTOM	3a	3a:syn_dict
epigastric abdominal pain	SYMPTOM	3a	3a:syn_dict
incisional pain	SYMPTOM	3a	3a:syn_dict
thigh mass	SYMPTOM	3a	3a:syn_dict
chronic vertigo	SYMPTOM	3a	3a:syn_dict
recurrent vomiting	SYMPTOM	3a	3a:syn_dict
inspiratory wheeze	SYMPTOM	3a	3a:syn_dict
left ear pain	SYMPTOM	3a	3a:syn_dict
intermittent dizziness	SYMPTOM	3a	3a:syn_dict
peripheral facial paralysis	SYMPTOM	3a	3a:syn_dict
sudden vision loss	SYMPTOM	3a	3a:syn_dict
visual phenomena	SYMPTOM	3a	3a:syn_dict
bilateral flank pain	SYMPTOM	3a	3a:syn_dict
wrist pain	SYMPTOM	3a	3a:syn_dict
photopsia	SYMPTOM	3a	3a:syn_dict
intermittent diplopia	SYMPTOM	3a	3a:syn_dict
upper abdominal pain	SYMPTOM	3a	3a:syn_dict
precordial pain	SYMPTOM	3a	3a:syn_dict
generalized muscle aches	SYMPTOM	3a	3a:syn_dict
spitting up blood	SYMPTOM	3a	3a:syn_dict
nocturnal polyuria	SYMPTOM	3a	3a:syn_dict
bilateral exophthalmos	SYMPTOM	3a	3a:syn_dict
left shoulder pain	SYMPTOM	3a	3a:syn_dict
right eye pain	SYMPTOM	3a	3a:syn_dict
lower extremity numbness	SYMPTOM	3a	3a:syn_dict
burning with urination	SYMPTOM	3a	3a:syn_dict
anal reflex	SYMPTOM	3a	3a:syn_dict
genital discharge	SYMPTOM	3a	3a:syn_dict
tongue discomfort	SYMPTOM	3a	3a:syn_dict
suprapubic abdominal pain	SYMPTOM	3a	3a:syn_dict
temperature intolerance	SYMPTOM	3a	3a:syn_dict
right shoulder pain	SYMPTOM	3a	3a:syn_dict
decreased urinary stream	SYMPTOM	3a	3a:syn_dict
pus drainage	SYMPTOM	3a	3a:syn_dict
sinus drainage	SYMPTOM	3a	3a:syn_dict
generalized muscle weakness	SYMPTOM	3a	3a:syn_dict
periorbital headache	SYMPTOM	3a	3a:syn_dict
extremity tremor	SYMPTOM	3a	3a:syn_dict
change in voice	SYMPTOM	3a	3a:syn_dict
v sign	SYMPTOM	3a	3a:syn_dict
painful lip	SYMPTOM	3a	3a:syn_dict
pupil dilation	SYMPTOM	3a	3a:syn_dict
axillary symptoms	SYMPTOM	3a	3a:syn_dict
left wrist pain	SYMPTOM	3a	3a:syn_dict
diarrhea occurring	SYMPTOM	3a	3a:syn_dict
neurologic signs	SYMPTOM	3a	3a:syn_dict
empty delta sign	SYMPTOM	3a	3a:syn_dict
loud snoring	SYMPTOM	3a	3a:syn_dict
apneas	SYMPTOM	3a	3a:syn_dict
inguinal tenderness	SYMPTOM	3a	3a:syn_dict
truncal ataxia	SYMPTOM	3a	3a:syn_dict
cerebellar sign	SYMPTOM	3a	3a:syn_dict
intractable nausea and vomiting	SYMPTOM	3a	3a:syn_dict
difficulty initiating urination	SYMPTOM	3a	3a:syn_dict
thigh pain	SYMPTOM	3a	3a:syn_dict
extremity numbness	SYMPTOM	3a	3a:syn_dict
kernig's sign	SYMPTOM	3a	3a:syn_dict
hyporexia	SYMPTOM	3a	3a:syn_dict
radicular pain	SYMPTOM	3a	3a:syn_dict
ageusia	SYMPTOM	3a	3a:syn_dict
macular rash	SYMPTOM	3a	3a:syn_dict
hyperresonance	SYMPTOM	3a	3a:syn_dict
generalized pruritus	SYMPTOM	3a	3a:syn_dict
rash fever	SYMPTOM	3a	3a:syn_dict
mouth swelling	SYMPTOM	3a	3a:syn_dict
surgical abdomen	SYMPTOM	3a	3a:syn_dict
peritonism	SYMPTOM	3a	3a:syn_dict
reported chest pain	SYMPTOM	3a	3a:syn_dict
spontaneous pain	SYMPTOM	3a	3a:syn_dict
right arm pain	SYMPTOM	3a	3a:syn_dict
lancinating pain	SYMPTOM	3a	3a:syn_dict
dysdiadochokinesia	SYMPTOM	3a	3a:syn_dict
anginal equivalent	SYMPTOM	3a	3a:syn_dict
ischemic pain	SYMPTOM	3a	3a:syn_dict
apneic episodes	SYMPTOM	3a	3a:syn_dict
snoring was observed	SYMPTOM	3a	3a:syn_dict
hemicrania	SYMPTOM	3a	3a:syn_dict
gum pain	SYMPTOM	3a	3a:syn_dict
intermittent headache	SYMPTOM	3a	3a:syn_dict
generalized headache	SYMPTOM	3a	3a:syn_dict
petechiae on lower extremities	SYMPTOM	3a	3a:syn_dict
pneumobilia	SYMPTOM	3a	3a:syn_dict
upper motor neuron signs	SYMPTOM	3a	3a:syn_dict
painful defecation	SYMPTOM	3a	3a:syn_dict
eye discomfort	SYMPTOM	3a	3a:syn_dict
nasal discharge present	SYMPTOM	3a	3a:syn_dict
skin eruption	SYMPTOM	3a	3a:syn_dict
chest pain radiating to back	SYMPTOM	3a	3a:syn_dict
chronic dyspnea	SYMPTOM	3a	3a:syn_dict
fluctuating consciousness	SYMPTOM	3a	3a:syn_dict
rib pain	SYMPTOM	3a	3a:syn_dict
orthostatic tremor	SYMPTOM	3a	3a:syn_dict
rlq pain	SYMPTOM	3a	3a:syn_dict
precordial chest pain	SYMPTOM	3a	3a:syn_dict
visual manifestations	SYMPTOM	3a	3a:syn_dict
night pain	SYMPTOM	3a	3a:syn_dict
stinging sensation	SYMPTOM	3a	3a:syn_dict
tongue pigmentation	SYMPTOM	3a	3a:syn_dict
numbness in extremities	SYMPTOM	3a	3a:syn_dict
skeletal pain	SYMPTOM	3a	3a:syn_dict
quotidian fever	SYMPTOM	3a	3a:syn_dict
nocturnal cough	SYMPTOM	3a	3a:syn_dict
intermittent palpitations	SYMPTOM	3a	3a:syn_dict
pinprick sensation diminished	SYMPTOM	3a	3a:syn_dict
maternal pain	SYMPTOM	3a	3a:syn_dict
burning foot	SYMPTOM	3a	3a:syn_dict
plantar pain	SYMPTOM	3a	3a:syn_dict
xerophthalmia	SYMPTOM	3a	3a:syn_dict
breast pain	SYMPTOM	3a	3a:syn_dict
breast heaviness	SYMPTOM	3a	3a:syn_dict
lumbosacral pain	SYMPTOM	3a	3a:syn_dict
neck pain radiating	SYMPTOM	3a	3a:syn_dict
halitosis	SYMPTOM	3a	3a:syn_dict
generalized aches and pains	SYMPTOM	3a	3a:syn_dict
cutaneous eruption	SYMPTOM	3a	3a:syn_dict
changes in urinary habits	SYMPTOM	3a	3a:syn_dict
metrorrhagia	SYMPTOM	3a	3a:syn_dict
muscle rigidity	SYMPTOM	3a	3a:syn_dict
localized abdominal pain	SYMPTOM	3a	3a:syn_dict
history of allergic reaction	SYMPTOM	3a	3a:syn_dict
pain following procedure	SYMPTOM	3a	3a:syn_dict
coital bleeding	SYMPTOM	3a	3a:syn_dict
subcostal pain	SYMPTOM	3a	3a:syn_dict
musculoskeletal discomfort	SYMPTOM	3a	3a:syn_dict
tandem gait	SYMPTOM	3a	3a:syn_dict
respiratory symptom	SYMPTOM	3a	3a:syn_dict
phonation difficulty	SYMPTOM	3a	3a:syn_dict
discharge from right ear	SYMPTOM	3a	3a:syn_dict
quadriparesis	SYMPTOM	3a	3a:syn_dict
wrist sign	SYMPTOM	3a	3a:syn_dict
generalized body aches	SYMPTOM	3a	3a:syn_dict
reversed halo sign	SYMPTOM	3a	3a:syn_dict
foot cramps	SYMPTOM	3a	3a:syn_dict
epigastric burning	SYMPTOM	3a	3a:syn_dict
cardiac syncope	SYMPTOM	3a	3a:syn_dict
breakthrough seizure	SYMPTOM	3a	3a:syn_dict
normal bowel habits	SYMPTOM	3a	3a:syn_dict
pyrosis	SYMPTOM	3a	3a:syn_dict
right breast swelling	SYMPTOM	3a	3a:syn_dict
mandibular pain	SYMPTOM	3a	3a:syn_dict
lower back pain radiating	SYMPTOM	3a	3a:syn_dict
fremitus	SYMPTOM	3a	3a:syn_dict
muscle pain or weakness	SYMPTOM	3a	3a:syn_dict
leg cramps	SYMPTOM	3a	3a:syn_dict
supraclavicular swelling	SYMPTOM	3a	3a:syn_dict
rash of scalp	SYMPTOM	3a	3a:syn_dict
periorbital pain	SYMPTOM	3a	3a:syn_dict
change in stool caliber	SYMPTOM	3a	3a:syn_dict
discomfort in chest	SYMPTOM	3a	3a:syn_dict
enanthem	SYMPTOM	3a	3a:syn_dict
metastatic bone pain	SYMPTOM	3a	3a:syn_dict
nasal symptoms	SYMPTOM	3a	3a:syn_dict
postprandial fullness	SYMPTOM	3a	3a:syn_dict
intention tremor	SYMPTOM	3a	3a:syn_dict
initial hematuria	SYMPTOM	3a	3a:syn_dict
thyroid tenderness	SYMPTOM	3a	3a:syn_dict
ischemic chest pain	SYMPTOM	3a	3a:syn_dict
dyspnea exertional	SYMPTOM	3a	3a:syn_dict
renal angle tenderness	SYMPTOM	3a	3a:syn_dict
generalized joint pain	SYMPTOM	3a	3a:syn_dict
abdominal tenderness	SYMPTOM	3a	3a:syn_dict
sulfur granules	SYMPTOM	3a	3a:syn_dict
torpid	SYMPTOM	3a	3a:syn_dict
spontaneous nystagmus	SYMPTOM	3a	3a:syn_dict
globus sensation	SYMPTOM	3a	3a:syn_dict
left inguinal pain	SYMPTOM	3a	3a:syn_dict
lower jaw pain	SYMPTOM	3a	3a:syn_dict
change in stool color	SYMPTOM	3a	3a:syn_dict
recurrent epistaxis	SYMPTOM	3a	3a:syn_dict
genitourinary symptoms	SYMPTOM	3a	3a:syn_dict
romberg sign	SYMPTOM	3a	3a:syn_dict
denture irritation	SYMPTOM	3a	3a:syn_dict
mild spasticity	SYMPTOM	3a	3a:syn_dict
difficulty voiding	SYMPTOM	3a	3a:syn_dict
grimaces	SYMPTOM	3a	3a:syn_dict
menometrorrhagia	SYMPTOM	3a	3a:syn_dict
rigid abdomen	SYMPTOM	3a	3a:syn_dict
difficulty initiating swallow	SYMPTOM	3a	3a:syn_dict
frontal headaches	SYMPTOM	3a	3a:syn_dict
eye swelling	SYMPTOM	3a	3a:syn_dict
sleeping difficulties	SYMPTOM	3a	3a:syn_dict
crushing chest pain	SYMPTOM	3a	3a:syn_dict
skin prick	SYMPTOM	3a	3a:syn_dict
nose drainage	SYMPTOM	3a	3a:syn_dict
gu symptoms	SYMPTOM	3a	3a:syn_dict
right knee joint pain	SYMPTOM	3a	3a:syn_dict
brudzinski sign	SYMPTOM	3a	3a:syn_dict
kernig sign	SYMPTOM	3a	3a:syn_dict
visual discomfort	SYMPTOM	3a	3a:syn_dict
left upper quadrant abdominal pain	SYMPTOM	3a	3a:syn_dict
feeling of nervousness	SYMPTOM	3a	3a:syn_dict
fragmented sleep	SYMPTOM	3a	3a:syn_dict
headache accompanied	SYMPTOM	3a	3a:syn_dict
intractable vomiting	SYMPTOM	3a	3a:syn_dict
optic nerve pallor	SYMPTOM	3a	3a:syn_dict
posterior shoulder pain	SYMPTOM	3a	3a:syn_dict
flank tenderness	SYMPTOM	3a	3a:syn_dict
generalized convulsion	SYMPTOM	3a	3a:syn_dict
scalp pain	SYMPTOM	3a	3a:syn_dict
facial flushing	SYMPTOM	3a	3a:syn_dict
weakness in right leg	SYMPTOM	3a	3a:syn_dict
scrotal pain	SYMPTOM	3a	3a:syn_dict
intestinal colic	SYMPTOM	3a	3a:syn_dict
moon facies	SYMPTOM	3a	3a:syn_dict
rectal symptoms	SYMPTOM	3a	3a:syn_dict
lower urinary tract symptom	SYMPTOM	3a	3a:syn_dict
enlarged lymph node	SYMPTOM	3a	3a:syn_dict
periodic breathing	SYMPTOM	3a	3a:syn_dict
bladder discomfort	SYMPTOM	3a	3a:syn_dict
worsening headaches	SYMPTOM	3a	3a:syn_dict
nasal burning sensation	SYMPTOM	3a	3a:syn_dict
difficulty standing	SYMPTOM	3a	3a:syn_dict
pain with bowel movement	SYMPTOM	3a	3a:syn_dict
cervical spine pain	SYMPTOM	3a	3a:syn_dict
cervical rigidity	SYMPTOM	3a	3a:syn_dict
pyramidal signs	SYMPTOM	3a	3a:syn_dict
trunk ataxia	SYMPTOM	3a	3a:syn_dict
abnormal weight gain	SYMPTOM	3a	3a:syn_dict
dry heave	SYMPTOM	3a	3a:syn_dict
inspiratory wheezes	SYMPTOM	3a	3a:syn_dict
inspiratory wheezing	SYMPTOM	3a	3a:syn_dict
whoop	SYMPTOM	3a	3a:syn_dict
cyanotic episode	SYMPTOM	3a	3a:syn_dict
change in urinary habits	SYMPTOM	3a	3a:syn_dict
maxillary sinus pressure	SYMPTOM	3a	3a:syn_dict
hoffmann's sign	SYMPTOM	3a	3a:syn_dict
upper extremity pain	SYMPTOM	3a	3a:syn_dict
sore mouth	SYMPTOM	3a	3a:syn_dict
rectal discomfort	SYMPTOM	3a	3a:syn_dict
right shoulder weakness	SYMPTOM	3a	3a:syn_dict
recent weight change	SYMPTOM	3a	3a:syn_dict
history of seasonal allergies	SYMPTOM	3a	3a:syn_dict
pain in left hip	SYMPTOM	3a	3a:syn_dict
right inguinal pain	SYMPTOM	3a	3a:syn_dict
chronic chest pain	SYMPTOM	3a	3a:syn_dict
chronic progressive paraparesis	SYMPTOM	3a	3a:syn_dict
mucosal irritation	SYMPTOM	3a	3a:syn_dict
pain radiates	SYMPTOM	3a	3a:syn_dict
neck discomfort	SYMPTOM	3a	3a:syn_dict
tooth ache	SYMPTOM	3a	3a:syn_dict
lumbar back pain	SYMPTOM	3a	3a:syn_dict
persistent right testicular pain	SYMPTOM	3a	3a:syn_dict
normal urinary stream	SYMPTOM	3a	3a:syn_dict
chest heaviness	SYMPTOM	3a	3a:syn_dict
choking sensation	SYMPTOM	3a	3a:syn_dict
difficulty concentrating at work	SYMPTOM	3a	3a:syn_dict
intermittent drowsiness	SYMPTOM	3a	3a:syn_dict
orthostatic syncope	SYMPTOM	3a	3a:syn_dict
erythematous mucosa	SYMPTOM	3a	3a:syn_dict
anterior knee pain	SYMPTOM	3a	3a:syn_dict
bleeding spontaneously	SYMPTOM	3a	3a:syn_dict
pupils dilated	SYMPTOM	3a	3a:syn_dict
left lower quadrant pain	SYMPTOM	3a	3a:syn_dict
bladder pain	SYMPTOM	3a	3a:syn_dict
gait change	SYMPTOM	3a	3a:syn_dict
pulling at ears	SYMPTOM	3a	3a:syn_dict
scalp rash	SYMPTOM	3a	3a:syn_dict
pain worsened	SYMPTOM	3a	3a:syn_dict
groin discomfort	SYMPTOM	3a	3a:syn_dict
ataxic gait	SYMPTOM	3a	3a:syn_dict
right upper extremity weakness	SYMPTOM	3a	3a:syn_dict
dorsalgia	SYMPTOM	3a	3a:syn_dict
labored respirations	SYMPTOM	3a	3a:syn_dict
change in bowel pattern	SYMPTOM	3a	3a:syn_dict
intermittent vertigo	SYMPTOM	3a	3a:syn_dict
epididymal tenderness	SYMPTOM	3a	3a:syn_dict
vomiting of blood	SYMPTOM	3a	3a:syn_dict
brudzinski's sign	SYMPTOM	3a	3a:syn_dict
hypoalgesia	SYMPTOM	3a	3a:syn_dict
tingling in extremities	SYMPTOM	3a	3a:syn_dict
nail thickening	SYMPTOM	3a	3a:syn_dict
mucosal atrophy	SYMPTOM	3a	3a:syn_dict
luq pain	SYMPTOM	3a	3a:syn_dict
olfactory hallucinations	SYMPTOM	3a	3a:syn_dict
left upper quadrant pain	SYMPTOM	3a	3a:syn_dict
shallow respirations	SYMPTOM	3a	3a:syn_dict
convulsive syncope	SYMPTOM	3a	3a:syn_dict
right buttock pain	SYMPTOM	3a	3a:syn_dict
paravertebral pain	SYMPTOM	3a	3a:syn_dict
shoulder discomfort	SYMPTOM	3a	3a:syn_dict
carpopedal spasm	SYMPTOM	3a	3a:syn_dict
unusual behavior	SYMPTOM	3a	3a:syn_dict
colonic inertia	SYMPTOM	3a	3a:syn_dict
tightness sensation	SYMPTOM	3a	3a:syn_dict
head tremor	SYMPTOM	3a	3a:syn_dict
upper extremity tingling	SYMPTOM	3a	3a:syn_dict
eyelid crusting	SYMPTOM	3a	3a:syn_dict
reported chills	SYMPTOM	3a	3a:syn_dict
epigastric abdominal tenderness	SYMPTOM	3a	3a:syn_dict
renal pain	SYMPTOM	3a	3a:syn_dict
mucosal dryness	SYMPTOM	3a	3a:syn_dict
mesogastric pain	SYMPTOM	3a	3a:syn_dict
lower extremity paresis	SYMPTOM	3a	3a:syn_dict
musculoskeletal back pain	SYMPTOM	3a	3a:syn_dict
gingival pain	SYMPTOM	3a	3a:syn_dict
pacemaker rhythm	SYMPTOM	3a	3a:syn_dict
pain in right leg	SYMPTOM	3a	3a:syn_dict
flank pain musculoskeletal	SYMPTOM	3a	3a:syn_dict
chyluria	SYMPTOM	3a	3a:syn_dict
hand paresthesias	SYMPTOM	3a	3a:syn_dict
hand tingling	SYMPTOM	3a	3a:syn_dict
transient paresthesias	SYMPTOM	3a	3a:syn_dict
calf cramps	SYMPTOM	3a	3a:syn_dict
maternal fever	SYMPTOM	3a	3a:syn_dict
swelling of elbows	SYMPTOM	3a	3a:syn_dict
motor restlessness	SYMPTOM	3a	3a:syn_dict
right hand stiffness	SYMPTOM	3a	3a:syn_dict
diffuse bone pain	SYMPTOM	3a	3a:syn_dict
limb pain	SYMPTOM	3a	3a:syn_dict
ankle arthralgia	SYMPTOM	3a	3a:syn_dict
numbness in feet	SYMPTOM	3a	3a:syn_dict
pain respiratory	SYMPTOM	3a	3a:syn_dict
exacerbation of anxiety	SYMPTOM	3a	3a:syn_dict
generalized aches	SYMPTOM	3a	3a:syn_dict
mucoid sputum	SYMPTOM	3a	3a:syn_dict
radiating back pain	SYMPTOM	3a	3a:syn_dict
burning epigastric pain	SYMPTOM	3a	3a:syn_dict
llq pain	SYMPTOM	3a	3a:syn_dict
penile lesion	SYMPTOM	3a	3a:syn_dict
coarse breath sounds	SYMPTOM	3a	3a:syn_dict
pain in right eye	SYMPTOM	3a	3a:syn_dict
tearing pain	SYMPTOM	3a	3a:syn_dict
tender gland	SYMPTOM	3a	3a:syn_dict
heliotrope erythema	SYMPTOM	3a	3a:syn_dict
short of breath on exertion	SYMPTOM	3a	3a:syn_dict
otalgias	SYMPTOM	3a	3a:syn_dict
bilateral periorbital swelling	SYMPTOM	3a	3a:syn_dict
right frontal headache	SYMPTOM	3a	3a:syn_dict
acute dystonia	SYMPTOM	3a	3a:syn_dict
bilateral foot pain	SYMPTOM	3a	3a:syn_dict
typical angina	SYMPTOM	3a	3a:syn_dict
rash with fever	SYMPTOM	3a	3a:syn_dict
daytime hypersomnia	SYMPTOM	3a	3a:syn_dict
periocular swelling	SYMPTOM	3a	3a:syn_dict
atypical chest discomfort	SYMPTOM	3a	3a:syn_dict
tenseness	SYMPTOM	3a	3a:syn_dict
refractory pain	SYMPTOM	3a	3a:syn_dict
generalized itching	SYMPTOM	3a	3a:syn_dict
localizing pain	SYMPTOM	3a	3a:syn_dict
acute edema	SYMPTOM	3a	3a:syn_dict
pain in lumbar spine	SYMPTOM	3a	3a:syn_dict
acute flaccid paralysis	SYMPTOM	3a	3a:syn_dict
difficulty with urination	SYMPTOM	3a	3a:syn_dict
situational stress	SYMPTOM	3a	3a:syn_dict
intermittent tinnitus	SYMPTOM	3a	3a:syn_dict
wound erythema	SYMPTOM	3a	3a:syn_dict
new onset chest pain	SYMPTOM	3a	3a:syn_dict
bendopnea	SYMPTOM	3a	3a:syn_dict
panic symptoms	SYMPTOM	3a	3a:syn_dict
serosanguineous drainage	SYMPTOM	3a	3a:syn_dict
tender uterus	SYMPTOM	3a	3a:syn_dict
auditory hallucination	SYMPTOM	3a	3a:syn_dict
postnasal drip	SYMPTOM	3a	3a:syn_dict
right lower quadrant abdominal pain	SYMPTOM	3a	3a:syn_dict
pelvic pressure	SYMPTOM	3a	3a:syn_dict
asthenopia	SYMPTOM	3a	3a:syn_dict
radiating chest pain	SYMPTOM	3a	3a:syn_dict
fatty food intolerance	SYMPTOM	3a	3a:syn_dict
numbness in fingers	SYMPTOM	3a	3a:syn_dict
back pain chronic	SYMPTOM	3a	3a:syn_dict
genital irritation	SYMPTOM	3a	3a:syn_dict
battle's sign	SYMPTOM	3a	3a:syn_dict
cardiac pain	SYMPTOM	3a	3a:syn_dict
neuralgias	SYMPTOM	3a	3a:syn_dict
severe headache with sudden onset	SYMPTOM	3a	3a:syn_dict
distorted vision	SYMPTOM	3a	3a:syn_dict
pain in extremities	SYMPTOM	3a	3a:syn_dict
lateral foot pain	SYMPTOM	3a	3a:syn_dict
postictal headache	SYMPTOM	3a	3a:syn_dict
arthromyalgia	SYMPTOM	3a	3a:syn_dict
hyperdynamic left ventricle	SYMPTOM	3a	3a:syn_dict
talar tilt	SYMPTOM	3a	3a:syn_dict
hepatic hydrothorax	SYMPTOM	3a	3a:syn_dict
pain in cervical spine	SYMPTOM	3a	3a:syn_dict
lipothymia	SYMPTOM	3a	3a:syn_dict
periungual erythema	SYMPTOM	3a	3a:syn_dict
voiding difficulty	SYMPTOM	3a	3a:syn_dict
convulsive seizure	SYMPTOM	3a	3a:syn_dict
paradoxical septal motion	SYMPTOM	3a	3a:syn_dict
difficulty concentrating at school	SYMPTOM	3a	3a:syn_dict
penile pain	SYMPTOM	3a	3a:syn_dict
mucopurulent discharge	SYMPTOM	3a	3a:syn_dict
neurological complaint	SYMPTOM	3a	3a:syn_dict
skin pruritus	SYMPTOM	3a	3a:syn_dict
conjunctival erythema	SYMPTOM	3a	3a:syn_dict
coarse tremor	SYMPTOM	3a	3a:syn_dict
numbness of left foot	SYMPTOM	3a	3a:syn_dict
pain of skin	SYMPTOM	3a	3a:syn_dict
arrhythmogenic syncope	SYMPTOM	3a	3a:syn_dict
pharyngodynia	SYMPTOM	3a	3a:syn_dict
painless hematuria	SYMPTOM	3a	3a:syn_dict
skin symptoms	SYMPTOM	3a	3a:syn_dict
nociceptive pain	SYMPTOM	3a	3a:syn_dict
heartburn after meals	SYMPTOM	3a	3a:syn_dict
localized erythema	SYMPTOM	3a	3a:syn_dict
inappropriate jocularity	SYMPTOM	3a	3a:syn_dict
right iliac fossa pain	SYMPTOM	3a	3a:syn_dict
postnasal discharge	SYMPTOM	3a	3a:syn_dict
tightness in chest	SYMPTOM	3a	3a:syn_dict
neck stiff	SYMPTOM	3a	3a:syn_dict
lid lag	SYMPTOM	3a	3a:syn_dict
discharge nose	SYMPTOM	3a	3a:syn_dict
dorsal pain	SYMPTOM	3a	3a:syn_dict
supraorbital pain	SYMPTOM	3a	3a:syn_dict
lumbar spine pain	SYMPTOM	3a	3a:syn_dict
bilateral pedal edema	SYMPTOM	3a	3a:syn_dict
pain in right hip	SYMPTOM	3a	3a:syn_dict
urethral pain	SYMPTOM	3a	3a:syn_dict
bulging fontanel	SYMPTOM	3a	3a:syn_dict
tender prostate	SYMPTOM	3a	3a:syn_dict
crural paresis	SYMPTOM	3a	3a:syn_dict
left lower quadrant abdominal pain	SYMPTOM	3a	3a:syn_dict
pain extremities	SYMPTOM	3a	3a:syn_dict
bulging fontanelle	SYMPTOM	3a	3a:syn_dict
shoulder mass	SYMPTOM	3a	3a:syn_dict
inability to communicate effectively	SYMPTOM	3a	3a:syn_dict
muscle tremor	SYMPTOM	3a	3a:syn_dict
facial discomfort	SYMPTOM	3a	3a:syn_dict
polymyalgia	SYMPTOM	3a	3a:syn_dict
aching in knees	SYMPTOM	3a	3a:syn_dict
bladder symptoms	SYMPTOM	3a	3a:syn_dict
epitrochlear lymphadenopathy	SYMPTOM	3a	3a:syn_dict
epigastric pressure	SYMPTOM	3a	3a:syn_dict
other cardiovascular symptoms	SYMPTOM	3a	3a:syn_dict
quadriceps weakness	SYMPTOM	3a	3a:syn_dict
redness of eyes	SYMPTOM	3a	3a:syn_dict
standing difficulty	SYMPTOM	3a	3a:syn_dict
ear pulling	SYMPTOM	3a	3a:syn_dict
fine tremor	SYMPTOM	3a	3a:syn_dict
patellar ballottement	SYMPTOM	3a	3a:syn_dict
right exophthalmos	SYMPTOM	3a	3a:syn_dict
foot numbness	SYMPTOM	3a	3a:syn_dict
nasal stuffiness	SYMPTOM	3a	3a:syn_dict
gait ataxia	SYMPTOM	3a	3a:syn_dict
ataxic	SYMPTOM	3a	3a:syn_dict
breast discomfort	SYMPTOM	3a	3a:syn_dict
itchy throat	SYMPTOM	3a	3a:syn_dict
recurrent episodes of dizziness	SYMPTOM	3a	3a:syn_dict
pain in bilateral feet	SYMPTOM	3a	3a:syn_dict
red left eye	SYMPTOM	3a	3a:syn_dict
upper abdominal discomfort	SYMPTOM	3a	3a:syn_dict
dark circles under eyes	SYMPTOM	3a	3a:syn_dict
sore pain	SYMPTOM	3a	3a:syn_dict
calf discomfort	SYMPTOM	3a	3a:syn_dict
hesitancy with urination	SYMPTOM	3a	3a:syn_dict
homans' sign	SYMPTOM	3a	3a:syn_dict
limb rigidity	SYMPTOM	3a	3a:syn_dict
tingling of hands	SYMPTOM	3a	3a:syn_dict
sleep symptoms	SYMPTOM	3a	3a:syn_dict
edema of forearm	SYMPTOM	3a	3a:syn_dict
fontanelle bulging	SYMPTOM	3a	3a:syn_dict
recent intentional weight loss	SYMPTOM	3a	3a:syn_dict
courvoisier's sign	SYMPTOM	3a	3a:syn_dict
emaciation	SYMPTOM	3a	3a:syn_dict
pain with eye movement	SYMPTOM	3a	3a:syn_dict
nonbilious vomiting	SYMPTOM	3a	3a:syn_dict
eye movement pain	SYMPTOM	3a	3a:syn_dict
lip discomfort	SYMPTOM	3a	3a:syn_dict
positive and negative symptoms	SYMPTOM	3a	3a:syn_dict
tissue irritation	SYMPTOM	3a	3a:syn_dict
sensory seizures	SYMPTOM	3a	3a:syn_dict
nocturnal agitation	SYMPTOM	3a	3a:syn_dict
parental observations	SYMPTOM	3a	3a:syn_dict
pain at injection site	SYMPTOM	3a	3a:syn_dict
injection site tenderness	SYMPTOM	3a	3a:syn_dict
spine pain	SYMPTOM	3a	3a:syn_dict
skin itching	SYMPTOM	3a	3a:syn_dict
right upper quadrant abdominal tenderness	SYMPTOM	3a	3a:syn_dict
vigorous cry	SYMPTOM	3a	3a:syn_dict
vaginal pain	SYMPTOM	3a	3a:syn_dict
postoperative constipation	SYMPTOM	3a	3a:syn_dict
interrupted urinary stream	SYMPTOM	3a	3a:syn_dict
constipation chronic	SYMPTOM	3a	3a:syn_dict
scrotal symptoms	SYMPTOM	3a	3a:syn_dict
posterior neck pain	SYMPTOM	3a	3a:syn_dict
sensory ataxia	SYMPTOM	3a	3a:syn_dict
pain in left breast	SYMPTOM	3a	3a:syn_dict
penile swelling	SYMPTOM	3a	3a:syn_dict
visual fatigue	SYMPTOM	3a	3a:syn_dict
ear popping	SYMPTOM	3a	3a:syn_dict
back radiation	SYMPTOM	3a	3a:syn_dict
auricular swelling	SYMPTOM	3a	3a:syn_dict
ankle symptoms	SYMPTOM	3a	3a:syn_dict
restiveness	SYMPTOM	3a	3a:syn_dict
decreased attention	SYMPTOM	3a	3a:syn_dict
bilateral otalgia	SYMPTOM	3a	3a:syn_dict
chest pain radiating to jaw	SYMPTOM	3a	3a:syn_dict
chest pain exertional	SYMPTOM	3a	3a:syn_dict
gottron's sign	SYMPTOM	3a	3a:syn_dict
diffuse macular rash	SYMPTOM	3a	3a:syn_dict
vomiting postoperative	SYMPTOM	3a	3a:syn_dict
epigastralgia	SYMPTOM	3a	3a:syn_dict
pupillary dilation	SYMPTOM	3a	3a:syn_dict
bilateral red eyes	SYMPTOM	3a	3a:syn_dict
luq abdominal pain	SYMPTOM	3a	3a:syn_dict
perineal numbness	SYMPTOM	3a	3a:syn_dict
bifrontal headache	SYMPTOM	3a	3a:syn_dict
costovertebral angle pain	SYMPTOM	3a	3a:syn_dict
knee injury symptoms	SYMPTOM	3a	3a:syn_dict
night sweat	SYMPTOM	3a	3a:syn_dict
cervicobrachialgia	SYMPTOM	3a	3a:syn_dict
frequent headaches	SYMPTOM	3a	3a:syn_dict
pneumaturia	SYMPTOM	3a	3a:syn_dict
tender scar	SYMPTOM	3a	3a:syn_dict
petechial hemorrhages	SYMPTOM	3a	3a:syn_dict
left neck pain	SYMPTOM	3a	3a:syn_dict
focal motor weakness	SYMPTOM	3a	3a:syn_dict
peritoneal collection	SYMPTOM	3a	3a:syn_dict
hyperdynamic precordium	SYMPTOM	3a	3a:syn_dict
dorsal back pain	SYMPTOM	3a	3a:syn_dict
vasovagal response	SYMPTOM	3a	3a:syn_dict
respirations shallow	SYMPTOM	3a	3a:syn_dict
pain radiating to jaw	SYMPTOM	3a	3a:syn_dict
loss of proprioception	SYMPTOM	3a	3a:syn_dict
dyschezia	SYMPTOM	3a	3a:syn_dict
postprandial nausea	SYMPTOM	3a	3a:syn_dict
mid back pain	SYMPTOM	3a	3a:syn_dict
neck rigidity	SYMPTOM	3a	3a:syn_dict
involuntary muscle contractions	SYMPTOM	3a	3a:syn_dict
hand edema	SYMPTOM	3a	3a:syn_dict
hand symptoms	SYMPTOM	3a	3a:syn_dict
heavy snoring	SYMPTOM	3a	3a:syn_dict
extrapyramidal signs	SYMPTOM	3a	3a:syn_dict
change in libido	SYMPTOM	3a	3a:syn_dict
staring spells	SYMPTOM	3a	3a:syn_dict
muscle discomfort	SYMPTOM	3a	3a:syn_dict
respiratory fatigue	SYMPTOM	3a	3a:syn_dict
diarrhea and vomiting	SYMPTOM	3a	3a:syn_dict
referred otalgia	SYMPTOM	3a	3a:syn_dict
sustained palpitations	SYMPTOM	3a	3a:syn_dict
extremity stiffness	SYMPTOM	3a	3a:syn_dict
altered behavior	SYMPTOM	3a	3a:syn_dict
painful paresthesias	SYMPTOM	3a	3a:syn_dict
bilateral testicular pain	SYMPTOM	3a	3a:syn_dict
clavicular pain	SYMPTOM	3a	3a:syn_dict
epididymal swelling	SYMPTOM	3a	3a:syn_dict
cushingoid facies	SYMPTOM	3a	3a:syn_dict
pain exacerbated	SYMPTOM	3a	3a:syn_dict
persistent cyanosis	SYMPTOM	3a	3a:syn_dict
fecal vomiting	SYMPTOM	3a	3a:syn_dict
temperature elevation	SYMPTOM	3a	3a:syn_dict
acute vomiting	SYMPTOM	3a	3a:syn_dict
bull's eye rash	SYMPTOM	3a	3a:syn_dict
dizziness or vertigo	SYMPTOM	3a	3a:syn_dict
pulsatile pain	SYMPTOM	3a	3a:syn_dict
facial tenderness	SYMPTOM	3a	3a:syn_dict
exacerbation of pain	SYMPTOM	3a	3a:syn_dict
pituitary enlargement	SYMPTOM	3a	3a:syn_dict
respiratory difficulties	SYMPTOM	3a	3a:syn_dict
cephalgia	SYMPTOM	3a	3a:syn_dict
muscular spasm	SYMPTOM	3a	3a:syn_dict
sacral pain	SYMPTOM	3a	3a:syn_dict
calf cramping	SYMPTOM	3a	3a:syn_dict
urologic problem	SYMPTOM	3a	3a:syn_dict
intermittent generalized pain	SYMPTOM	3a	3a:syn_dict
anal pain	SYMPTOM	3a	3a:syn_dict
left buttock pain	SYMPTOM	3a	3a:syn_dict
visuospatial deficit	SYMPTOM	3a	3a:syn_dict
neurological decompensation	SYMPTOM	3a	3a:syn_dict
pelvic and perineal pain	SYMPTOM	3a	3a:syn_dict
tremulous	SYMPTOM	3a	3a:syn_dict
chest pain relieved by rest	SYMPTOM	3a	3a:syn_dict
peau d'orange	SYMPTOM	3a	3a:syn_dict
metallic taste	SYMPTOM	3a	3a:syn_dict
gastric distention	SYMPTOM	3a	3a:syn_dict
left shoulder numbness	SYMPTOM	3a	3a:syn_dict
bilateral costovertebral angle tenderness	SYMPTOM	3a	3a:syn_dict
brudzinski's sign negative	SYMPTOM	3a	3a:syn_dict
anal itching	SYMPTOM	3a	3a:syn_dict
cough suppression	SYMPTOM	3a	3a:syn_dict
great toe pain	SYMPTOM	3a	3a:syn_dict
foot discomfort	SYMPTOM	3a	3a:syn_dict
voiding pain	SYMPTOM	3a	3a:syn_dict
pain with defecation	SYMPTOM	3a	3a:syn_dict
wheals	SYMPTOM	3a	3a:syn_dict
toe numbness	SYMPTOM	3a	3a:syn_dict
chronic nasal congestion	SYMPTOM	3a	3a:syn_dict
pain in left thigh	SYMPTOM	3a	3a:syn_dict
chronic hypoventilation	SYMPTOM	3a	3a:syn_dict
pain of left knee	SYMPTOM	3a	3a:syn_dict
toe symptoms	SYMPTOM	3a	3a:syn_dict
bilateral blurred vision	SYMPTOM	3a	3a:syn_dict
right eye symptoms	SYMPTOM	3a	3a:syn_dict
itching between toes	SYMPTOM	3a	3a:syn_dict
urinary difficulty	SYMPTOM	3a	3a:syn_dict
recurrent headache	SYMPTOM	3a	3a:syn_dict
abnormal sensations	SYMPTOM	3a	3a:syn_dict
flatulent dyspepsia	SYMPTOM	3a	3a:syn_dict
right anterior knee pain	SYMPTOM	3a	3a:syn_dict
ocular pruritus	SYMPTOM	3a	3a:syn_dict
marked rigidity	SYMPTOM	3a	3a:syn_dict
left cheek swelling	SYMPTOM	3a	3a:syn_dict
retrosternal discomfort	SYMPTOM	3a	3a:syn_dict
scar pain	SYMPTOM	3a	3a:syn_dict
waxy flexibility	SYMPTOM	3a	3a:syn_dict
irritative cough	SYMPTOM	3a	3a:syn_dict
ear fullness sensation	SYMPTOM	3a	3a:syn_dict
subacute cough	SYMPTOM	3a	3a:syn_dict
painful erection	SYMPTOM	3a	3a:syn_dict
long tract signs	SYMPTOM	3a	3a:syn_dict
staggering gait	SYMPTOM	3a	3a:syn_dict
loss of voice	SYMPTOM	3a	3a:syn_dict
bilateral frontal headache	SYMPTOM	3a	3a:syn_dict
thoracic spine pain	SYMPTOM	3a	3a:syn_dict
nodular rash	SYMPTOM	3a	3a:syn_dict
premenstrual symptoms	SYMPTOM	3a	3a:syn_dict
left lower abdominal discomfort	SYMPTOM	3a	3a:syn_dict
monoparesis	SYMPTOM	3a	3a:syn_dict
thoracic back pain	SYMPTOM	3a	3a:syn_dict
scapular discomfort	SYMPTOM	3a	3a:syn_dict
pharyngeal pain	SYMPTOM	3a	3a:syn_dict
low back stiffness	SYMPTOM	3a	3a:syn_dict
scrotal discomfort	SYMPTOM	3a	3a:syn_dict
formed stools	SYMPTOM	3a	3a:syn_dict
rectal tenderness	SYMPTOM	3a	3a:syn_dict
generalized headaches	SYMPTOM	3a	3a:syn_dict
gait ataxic	SYMPTOM	3a	3a:syn_dict
arm discomfort	SYMPTOM	3a	3a:syn_dict
alcohol withdrawal symptoms	SYMPTOM	3a	3a:syn_dict
purulent rhinitis	SYMPTOM	3a	3a:syn_dict
leg discomfort	SYMPTOM	3a	3a:syn_dict
rebound tenderness	SYMPTOM	3a	3a:syn_dict
hoffmann sign	SYMPTOM	3a	3a:syn_dict
neck tightness	SYMPTOM	3a	3a:syn_dict
nasal pain	SYMPTOM	3a	3a:syn_dict
generalized macular rash	SYMPTOM	3a	3a:syn_dict
pain with eating	SYMPTOM	3a	3a:syn_dict
chest wall discomfort	SYMPTOM	3a	3a:syn_dict
skin texture changes	SYMPTOM	3a	3a:syn_dict
purulent discharge	SYMPTOM	3a	3a:syn_dict
prickling sensation	SYMPTOM	3a	3a:syn_dict
multiple somatic complaints	SYMPTOM	3a	3a:syn_dict
arthritic pain	SYMPTOM	3a	3a:syn_dict
wheal	SYMPTOM	3a	3a:syn_dict
cushingoid habitus	SYMPTOM	3a	3a:syn_dict
radiating abdominal pain	SYMPTOM	3a	3a:syn_dict
weakness of right arm	SYMPTOM	3a	3a:syn_dict
leg numbness	SYMPTOM	3a	3a:syn_dict
scarlatiniform rash	SYMPTOM	3a	3a:syn_dict
noncardiac chest pain	SYMPTOM	3a	3a:syn_dict
neurological pain	SYMPTOM	3a	3a:syn_dict
continuous leakage	SYMPTOM	3a	3a:syn_dict
fluctuating headache	SYMPTOM	3a	3a:syn_dict
cogwheeling	SYMPTOM	3a	3a:syn_dict
symptoms gastrointestinal	SYMPTOM	3a	3a:syn_dict
itching of scalp	SYMPTOM	3a	3a:syn_dict
syncope exertional	SYMPTOM	3a	3a:syn_dict
uncontrollable vomiting	SYMPTOM	3a	3a:syn_dict
unexplained abdominal pain	SYMPTOM	3a	3a:syn_dict
supraorbital swelling	SYMPTOM	3a	3a:syn_dict
unilateral headaches	SYMPTOM	3a	3a:syn_dict
altered bowel function	SYMPTOM	3a	3a:syn_dict
weakness in left leg	SYMPTOM	3a	3a:syn_dict
nuchal pain	SYMPTOM	3a	3a:syn_dict
preceding dizziness	SYMPTOM	3a	3a:syn_dict
wrist symptoms	SYMPTOM	3a	3a:syn_dict
injection site pain	SYMPTOM	3a	3a:syn_dict
vulvovaginal pain	SYMPTOM	3a	3a:syn_dict
pain radiating to left arm	SYMPTOM	3a	3a:syn_dict
left facial pain	SYMPTOM	3a	3a:syn_dict
anterior thigh pain	SYMPTOM	3a	3a:syn_dict
acute vertigo	SYMPTOM	3a	3a:syn_dict
exanthems	SYMPTOM	3a	3a:syn_dict
neurological signs and symptoms	SYMPTOM	3a	3a:syn_dict
kernig's signs	SYMPTOM	3a	3a:syn_dict
acute back pain	SYMPTOM	3a	3a:syn_dict
cough quality	SYMPTOM	3a	3a:syn_dict
obstructive symptom	SYMPTOM	3a	3a:syn_dict
sour taste	SYMPTOM	3a	3a:syn_dict
pain in right foot	SYMPTOM	3a	3a:syn_dict
regurgitation of undigested food	SYMPTOM	3a	3a:syn_dict
unable to express anger	SYMPTOM	3a	3a:syn_dict
recurrent nosebleeds	SYMPTOM	3a	3a:syn_dict
oral cavity pain	SYMPTOM	3a	3a:syn_dict
brudzinski sign negative	SYMPTOM	3a	3a:syn_dict
kernig sign negative	SYMPTOM	3a	3a:syn_dict
pain radiating to left flank	SYMPTOM	3a	3a:syn_dict
breakthrough cancer pain	SYMPTOM	3a	3a:syn_dict
shoulder stiffness	SYMPTOM	3a	3a:syn_dict
night sweating	SYMPTOM	3a	3a:syn_dict
flaccidity	SYMPTOM	3a	3a:syn_dict
visual hallucination	SYMPTOM	3a	3a:syn_dict
pain of right thigh	SYMPTOM	3a	3a:syn_dict
bone tenderness	SYMPTOM	3a	3a:syn_dict
intractable abdominal pain	SYMPTOM	3a	3a:syn_dict
spastic paraparesis	SYMPTOM	3a	3a:syn_dict
upper extremity paresthesia	SYMPTOM	3a	3a:syn_dict
murphy sign negative	SYMPTOM	3a	3a:syn_dict
central pain	SYMPTOM	3a	3a:syn_dict
costovertebral angle tenderness	SYMPTOM	3a	3a:syn_dict
diffuse bone tenderness	SYMPTOM	3a	3a:syn_dict
gastroesophageal reflux symptoms	SYMPTOM	3a	3a:syn_dict
pain worsening	SYMPTOM	3a	3a:syn_dict
right cheek swelling	SYMPTOM	3a	3a:syn_dict
hyperthermic	SYMPTOM	3a	3a:syn_dict
pain in ankle	SYMPTOM	3a	3a:syn_dict
increased libido	SYMPTOM	3a	3a:syn_dict
lump in throat	SYMPTOM	3a	3a:syn_dict
globus pharyngeus	SYMPTOM	3a	3a:syn_dict
loose bowel movement	SYMPTOM	3a	3a:syn_dict
clavicle pain	SYMPTOM	3a	3a:syn_dict
left frontal headache	SYMPTOM	3a	3a:syn_dict
pubic pain	SYMPTOM	3a	3a:syn_dict
thoracalgia	SYMPTOM	3a	3a:syn_dict
back symptoms	SYMPTOM	3a	3a:syn_dict
cheek swelling	SYMPTOM	3a	3a:syn_dict
femoral pain	SYMPTOM	3a	3a:syn_dict
severe sore throat	SYMPTOM	3a	3a:syn_dict
trv	SYMPTOM	3a	3a:syn_dict
rash localized	SYMPTOM	3a	3a:syn_dict
papulopustular rash	SYMPTOM	3a	3a:syn_dict
numbness skin	SYMPTOM	3a	3a:syn_dict
gastrointestinal spasm	SYMPTOM	3a	3a:syn_dict
arthralgia	SYMPTOM	3a	3a:syn_dict
postoperative nausea	SYMPTOM	3a	3a:syn_dict
numbness sensation	SYMPTOM	3a	3a:syn_dict
central facial paralysis	SYMPTOM	3a	3a:syn_dict
watery nasal discharge	SYMPTOM	3a	3a:syn_dict
pain in eyes	SYMPTOM	3a	3a:syn_dict
drawer sign	SYMPTOM	3a	3a:syn_dict
cold sweats	SYMPTOM	3a	3a:syn_dict
hip discomfort	SYMPTOM	3a	3a:syn_dict
posttussive emesis	SYMPTOM	3a	3a:syn_dict
face numbness	SYMPTOM	3a	3a:syn_dict
palpitations at rest	SYMPTOM	3a	3a:syn_dict
low back syndrome	SYMPTOM	3a	3a:syn_dict
asthenic	SYMPTOM	3a	3a:syn_dict
yellow nasal discharge	SYMPTOM	3a	3a:syn_dict
chronic debility	SYMPTOM	3a	3a:syn_dict
gastrointestinal discomfort	SYMPTOM	3a	3a:syn_dict
perioral numbness	SYMPTOM	3a	3a:syn_dict
mucoid diarrhea	SYMPTOM	3a	3a:syn_dict
erythematous skin rash	SYMPTOM	3a	3a:syn_dict
scalp itching	SYMPTOM	3a	3a:syn_dict
scalp pruritus	SYMPTOM	3a	3a:syn_dict
diaphragmatic excursion	SYMPTOM	3a	3a:syn_dict
pain in bilateral legs	SYMPTOM	3a	3a:syn_dict
skin pain	SYMPTOM	3a	3a:syn_dict
ruq abdominal pain	SYMPTOM	3a	3a:syn_dict
recurrent dizziness	SYMPTOM	3a	3a:syn_dict
intermittent jaundice	SYMPTOM	3a	3a:syn_dict
knee stiffness	SYMPTOM	3a	3a:syn_dict
numbness of toes	SYMPTOM	3a	3a:syn_dict
difficult to rouse	SYMPTOM	3a	3a:syn_dict
knee joint stiffness	SYMPTOM	3a	3a:syn_dict
umbilical discharge	SYMPTOM	3a	3a:syn_dict
intermittent blurry vision	SYMPTOM	3a	3a:syn_dict
left exophthalmos	SYMPTOM	3a	3a:syn_dict
tender liver	SYMPTOM	3a	3a:syn_dict
straining to void	SYMPTOM	3a	3a:syn_dict
obturator signs	SYMPTOM	3a	3a:syn_dict
sacroiliac pain	SYMPTOM	3a	3a:syn_dict
edema of hand	SYMPTOM	3a	3a:syn_dict
vagal syncope	SYMPTOM	3a	3a:syn_dict
persistent left testicular pain	SYMPTOM	3a	3a:syn_dict
decreased grip strength	SYMPTOM	3a	3a:syn_dict
pain gi	SYMPTOM	3a	3a:syn_dict
tongue numbness	SYMPTOM	3a	3a:syn_dict
lasegue sign	SYMPTOM	3a	3a:syn_dict
subjective visual disturbance	SYMPTOM	3a	3a:syn_dict
change in stool	SYMPTOM	3a	3a:syn_dict
bilateral finger joint pain	SYMPTOM	3a	3a:syn_dict
neck pains	SYMPTOM	3a	3a:syn_dict
continuous headache	SYMPTOM	3a	3a:syn_dict
right eye twitching	SYMPTOM	3a	3a:syn_dict
unilateral headache	SYMPTOM	3a	3a:syn_dict
paradoxical breathing	SYMPTOM	3a	3a:syn_dict
adiadochokinesia	SYMPTOM	3a	3a:syn_dict
testicular symptoms	SYMPTOM	3a	3a:syn_dict
local reactions	SYMPTOM	3a	3a:syn_dict
chronic dry skin	SYMPTOM	3a	3a:syn_dict
intermittent double vision	SYMPTOM	3a	3a:syn_dict
numbness in arm	SYMPTOM	3a	3a:syn_dict
left temporal headache	SYMPTOM	3a	3a:syn_dict
unilateral leg pain	SYMPTOM	3a	3a:syn_dict
infantile colic	SYMPTOM	3a	3a:syn_dict
affective symptoms	SYMPTOM	3a	3a:syn_dict
numbness of lower lip	SYMPTOM	3a	3a:syn_dict
anal discomfort	SYMPTOM	3a	3a:syn_dict
hand tremor	SYMPTOM	3a	3a:syn_dict
pain skin	SYMPTOM	3a	3a:syn_dict
bronchorrhea	SYMPTOM	3a	3a:syn_dict
anginal equivalents	SYMPTOM	3a	3a:syn_dict
ear swelling	SYMPTOM	3a	3a:syn_dict
bilateral headache	SYMPTOM	3a	3a:syn_dict
hyperpathia	SYMPTOM	3a	3a:syn_dict
migratory joint pain	SYMPTOM	3a	3a:syn_dict
urgency of urination	SYMPTOM	3a	3a:syn_dict
photophobia in right eye	SYMPTOM	3a	3a:syn_dict
waddling gait	SYMPTOM	3a	3a:syn_dict
febricula	SYMPTOM	3a	3a:syn_dict
dysarthria and anarthria	SYMPTOM	3a	3a:syn_dict
ballistic movements	SYMPTOM	3a	3a:syn_dict
right testicular swelling	SYMPTOM	3a	3a:syn_dict
multiple seizure types	SYMPTOM	3a	3a:syn_dict
dyspnea during exertion	SYMPTOM	3a	3a:syn_dict
associated symptom	SYMPTOM	3a	3a:syn_dict
maxillary pain	SYMPTOM	3a	3a:syn_dict
micturition difficulties	SYMPTOM	3a	3a:syn_dict
chronic vaginal pain	SYMPTOM	3a	3a:syn_dict
genital discomfort	SYMPTOM	3a	3a:syn_dict
nausea postoperative	SYMPTOM	3a	3a:syn_dict
harsh breath sounds	SYMPTOM	3a	3a:syn_dict
complaining of cough	SYMPTOM	3a	3a:syn_dict
joints tender	SYMPTOM	3a	3a:syn_dict
muscle soreness	SYMPTOM	3a	3a:syn_dict
pain in left forearm	SYMPTOM	3a	3a:syn_dict
swollen penis	SYMPTOM	3a	3a:syn_dict
numbness in foot	SYMPTOM	3a	3a:syn_dict
dyspnea with moderate physical activity	SYMPTOM	3a	3a:syn_dict
weakness worsened	SYMPTOM	3a	3a:syn_dict
tearing chest pain	SYMPTOM	3a	3a:syn_dict
diffuse inflammation	SYMPTOM	3a	3a:syn_dict
posterior rhinorrhea	SYMPTOM	3a	3a:syn_dict
decreased sense of smell	SYMPTOM	3a	3a:syn_dict
generalized urticaria	SYMPTOM	3a	3a:syn_dict
pain in left eye	SYMPTOM	3a	3a:syn_dict
post dural puncture headache	SYMPTOM	3a	3a:syn_dict
subjective vertigo	SYMPTOM	3a	3a:syn_dict
brachial paresis	SYMPTOM	3a	3a:syn_dict
difficulty closing left eye	SYMPTOM	3a	3a:syn_dict
limb myoclonus	SYMPTOM	3a	3a:syn_dict
skin tenderness	SYMPTOM	3a	3a:syn_dict
painful lymphadenopathy	SYMPTOM	3a	3a:syn_dict
gonalgia	SYMPTOM	3a	3a:syn_dict
bilateral neck pain	SYMPTOM	3a	3a:syn_dict
acute onset pain	SYMPTOM	3a	3a:syn_dict
stertorous breathing	SYMPTOM	3a	3a:syn_dict
adie's tonic pupil	SYMPTOM	3a	3a:syn_dict
bulging fontanels	SYMPTOM	3a	3a:syn_dict
pain of left testicle	SYMPTOM	3a	3a:syn_dict
infant colic	SYMPTOM	3a	3a:syn_dict
tenderness was elicited	SYMPTOM	3a	3a:syn_dict
eye itching	SYMPTOM	3a	3a:syn_dict
aspirin intolerance	SYMPTOM	3a	3a:syn_dict
vasovagal symptoms	SYMPTOM	3a	3a:syn_dict
opisthotonos	SYMPTOM	3a	3a:syn_dict
hepatic tenderness	SYMPTOM	3a	3a:syn_dict
hyperacusis	SYMPTOM	3a	3a:syn_dict
generalized dry skin	SYMPTOM	3a	3a:syn_dict
acute cough	SYMPTOM	3a	3a:syn_dict
symptoms cardiovascular	SYMPTOM	3a	3a:syn_dict
generalized decrease in strength	SYMPTOM	3a	3a:syn_dict
sister mary joseph's nodule	SYMPTOM	3a	3a:syn_dict
numbness in toes	SYMPTOM	3a	3a:syn_dict
tender lymph node	SYMPTOM	3a	3a:syn_dict
inflammatory pain	SYMPTOM	3a	3a:syn_dict
nausea with vomiting	SYMPTOM	3a	3a:syn_dict
hepatic pain	SYMPTOM	3a	3a:syn_dict
difficulty opening left eye	SYMPTOM	3a	3a:syn_dict
hoarse voice quality	SYMPTOM	3a	3a:syn_dict
strength decreased	SYMPTOM	3a	3a:syn_dict
pathognomonic sign	SYMPTOM	3a	3a:syn_dict
oncology pain	SYMPTOM	3a	3a:syn_dict
lymph node pain	SYMPTOM	3a	3a:syn_dict
scintillating scotoma	SYMPTOM	3a	3a:syn_dict
malignant cachexia	SYMPTOM	3a	3a:syn_dict
burning sensation of eyes	SYMPTOM	3a	3a:syn_dict
chest pain described as pressure	SYMPTOM	3a	3a:syn_dict
difficulty opening eye	SYMPTOM	3a	3a:syn_dict
leukorrhea	SYMPTOM	3a	3a:syn_dict
forefoot pain	SYMPTOM	3a	3a:syn_dict
eyes roll	SYMPTOM	3a	3a:syn_dict
cranial nerve symptoms	SYMPTOM	3a	3a:syn_dict
pain radiating to left shoulder	SYMPTOM	3a	3a:syn_dict
uterine tenderness	SYMPTOM	3a	3a:syn_dict
prodromal period	SYMPTOM	3a	3a:syn_dict
continuous urinary leakage	SYMPTOM	3a	3a:syn_dict
bright red blood in urine	SYMPTOM	3a	3a:syn_dict
pain uncontrolled	SYMPTOM	3a	3a:syn_dict
pupil dilated	SYMPTOM	3a	3a:syn_dict
burning chest pain	SYMPTOM	3a	3a:syn_dict
anginal pain	SYMPTOM	3a	3a:syn_dict
substernal pain	SYMPTOM	3a	3a:syn_dict
intermittent anxiety	SYMPTOM	3a	3a:syn_dict
ureteral pain	SYMPTOM	3a	3a:syn_dict
gum irritation	SYMPTOM	3a	3a:syn_dict
upper extremity paresis	SYMPTOM	3a	3a:syn_dict
psychogenic symptoms	SYMPTOM	3a	3a:syn_dict
orthostatic presyncope	SYMPTOM	3a	3a:syn_dict
migraine prodrome	SYMPTOM	3a	3a:syn_dict
convulsing	SYMPTOM	3a	3a:syn_dict
perineal mass	SYMPTOM	3a	3a:syn_dict
vulvar pruritus	SYMPTOM	3a	3a:syn_dict
swelling of lip	SYMPTOM	3a	3a:syn_dict
lymph node tenderness	SYMPTOM	3a	3a:syn_dict
frequent heartburn	SYMPTOM	3a	3a:syn_dict
bloating after meals	SYMPTOM	3a	3a:syn_dict
generalized ache	SYMPTOM	3a	3a:syn_dict
palatal weakness	SYMPTOM	3a	3a:syn_dict
ophthalmoparesis	SYMPTOM	3a	3a:syn_dict
orthostatic headache	SYMPTOM	3a	3a:syn_dict
flaccid paraparesis	SYMPTOM	3a	3a:syn_dict
esophageal discomfort	SYMPTOM	3a	3a:syn_dict
burning chest	SYMPTOM	3a	3a:syn_dict
upper limb paresis	SYMPTOM	3a	3a:syn_dict
head and neck mass	SYMPTOM	3a	3a:syn_dict
generalized tonic clonic seizures	SYMPTOM	3a	3a:syn_dict
periorbital rash	SYMPTOM	3a	3a:syn_dict
nausea or abdominal pain	SYMPTOM	3a	3a:syn_dict
pain in foot	SYMPTOM	3a	3a:syn_dict
coxalgia	SYMPTOM	3a	3a:syn_dict
generalized pruritis	SYMPTOM	3a	3a:syn_dict
peritoneal exudate	SYMPTOM	3a	3a:syn_dict
vulvovaginal pruritus	SYMPTOM	3a	3a:syn_dict
back pain severe	SYMPTOM	3a	3a:syn_dict
high urine output	SYMPTOM	3a	3a:syn_dict
distress gastrointestinal	SYMPTOM	3a	3a:syn_dict
colon rectal pain	SYMPTOM	3a	3a:syn_dict
distress respiratory	SYMPTOM	3a	3a:syn_dict
head discomfort	SYMPTOM	3a	3a:syn_dict
facial twitching	SYMPTOM	3a	3a:syn_dict
acute onset cough	SYMPTOM	3a	3a:syn_dict
postoperative emesis	SYMPTOM	3a	3a:syn_dict
feeling bloated	SYMPTOM	3a	3a:syn_dict
vaginal itching	SYMPTOM	3a	3a:syn_dict
convulsive movements	SYMPTOM	3a	3a:syn_dict
paraesthesia	SYMPTOM	3a	3a:syn_dict
preterm contractions	SYMPTOM	3a	3a:syn_dict
synkinesis	SYMPTOM	3a	3a:syn_dict
perimenopausal symptoms	SYMPTOM	3a	3a:syn_dict
right facial pain	SYMPTOM	3a	3a:syn_dict
bilateral cva tenderness	SYMPTOM	3a	3a:syn_dict
tender right testis	SYMPTOM	3a	3a:syn_dict
pain in jaw	SYMPTOM	3a	3a:syn_dict
urgency with urination	SYMPTOM	3a	3a:syn_dict
shoulder pains	SYMPTOM	3a	3a:syn_dict
left testicular swelling	SYMPTOM	3a	3a:syn_dict
feeling strange	SYMPTOM	3a	3a:syn_dict
stabbing abdominal pain	SYMPTOM	3a	3a:syn_dict
episodic dystonia	SYMPTOM	3a	3a:syn_dict
anterior right thigh pain	SYMPTOM	3a	3a:syn_dict
excessive snoring	SYMPTOM	3a	3a:syn_dict
shoulder pad sign	SYMPTOM	3a	3a:syn_dict
scrotal tenderness	SYMPTOM	3a	3a:syn_dict
mobility limitation	SYMPTOM	3a	3a:syn_dict
excruciating lower back pain	SYMPTOM	3a	3a:syn_dict
nipple pain	SYMPTOM	3a	3a:syn_dict
anterior chest wall pain	SYMPTOM	3a	3a:syn_dict
periorbital headaches	SYMPTOM	3a	3a:syn_dict
nonrestorative sleep	SYMPTOM	3a	3a:syn_dict
trigeminy	SYMPTOM	3a	3a:syn_dict
dural tail sign	SYMPTOM	3a	3a:syn_dict
cough at rest	SYMPTOM	3a	3a:syn_dict
radiating lower back pain	SYMPTOM	3a	3a:syn_dict
worsening vision in right eye	SYMPTOM	3a	3a:syn_dict
persistent tremor	SYMPTOM	3a	3a:syn_dict
feeling of chest tightness	SYMPTOM	3a	3a:syn_dict
salt craving	SYMPTOM	3a	3a:syn_dict
llq abdominal pain	SYMPTOM	3a	3a:syn_dict
arrhythmic syncope	SYMPTOM	3a	3a:syn_dict
decreased nausea and vomiting	SYMPTOM	3a	3a:syn_dict
somatic symptom	SYMPTOM	3a	3a:syn_dict
pruritus of penis	SYMPTOM	3a	3a:syn_dict
constipation alternating with diarrhea	SYMPTOM	3a	3a:syn_dict
temporal scotoma	SYMPTOM	3a	3a:syn_dict
painful erections	SYMPTOM	3a	3a:syn_dict
diarrhea alternating with constipation	SYMPTOM	3a	3a:syn_dict
perianal irritation	SYMPTOM	3a	3a:syn_dict
sudden onset of palpitations	SYMPTOM	3a	3a:syn_dict
motor tic	SYMPTOM	3a	3a:syn_dict
vocal tic	SYMPTOM	3a	3a:syn_dict
oropharyngeal pain	SYMPTOM	3a	3a:syn_dict
ureteral colic	SYMPTOM	3a	3a:syn_dict
sciatia	SYMPTOM	3a	3a:syn_dict
fever rash	SYMPTOM	3a	3a:syn_dict
exquisite pain	SYMPTOM	3a	3a:syn_dict
chronic vomiting	SYMPTOM	3a	3a:syn_dict
weak cough	SYMPTOM	3a	3a:syn_dict
felt faint	SYMPTOM	3a	3a:syn_dict
exertional fatigue	SYMPTOM	3a	3a:syn_dict
diffuse spasm	SYMPTOM	3a	3a:syn_dict
maroon stools	SYMPTOM	3a	3a:syn_dict
skin flushed	SYMPTOM	3a	3a:syn_dict
left breast swelling	SYMPTOM	3a	3a:syn_dict
cardiogenic syncopes	SYMPTOM	3a	3a:syn_dict
left arm paralysis	SYMPTOM	3a	3a:syn_dict
generalized abdominal tenderness	SYMPTOM	3a	3a:syn_dict
psychogenic pseudosyncope	SYMPTOM	3a	3a:syn_dict
syncope convulsive	SYMPTOM	3a	3a:syn_dict
coughing up phlegm	SYMPTOM	3a	3a:syn_dict
pain in right thigh	SYMPTOM	3a	3a:syn_dict
proctalgia	SYMPTOM	3a	3a:syn_dict
tense fontanelle	SYMPTOM	3a	3a:syn_dict
itching of left eye	SYMPTOM	3a	3a:syn_dict
worst imaginable pain	SYMPTOM	3a	3a:syn_dict
pain radiating to right shoulder	SYMPTOM	3a	3a:syn_dict
change in bowel habit	SYMPTOM	3a	3a:syn_dict
pain bone	SYMPTOM	3a	3a:syn_dict
head fullness	SYMPTOM	3a	3a:syn_dict
cardiogenic syncope	SYMPTOM	3a	3a:syn_dict
sudden visual loss	SYMPTOM	3a	3a:syn_dict
twitching of face	SYMPTOM	3a	3a:syn_dict
musculoskeletal arm pain	SYMPTOM	3a	3a:syn_dict
lancinating pains	SYMPTOM	3a	3a:syn_dict
vaginal odor	SYMPTOM	3a	3a:syn_dict
difficulty closing right eye	SYMPTOM	3a	3a:syn_dict
recent unexplained weight loss	SYMPTOM	3a	3a:syn_dict
rectal sensation	SYMPTOM	3a	3a:syn_dict
forearm pain	SYMPTOM	3a	3a:syn_dict
mucosal hyperplasia	SYMPTOM	3a	3a:syn_dict
bronchopneumopathy	SYMPTOM	3a	3a:syn_dict
allergic symptom	SYMPTOM	3a	3a:syn_dict
courvoisier sign	SYMPTOM	3a	3a:syn_dict
balance impairment	SYMPTOM	3a	3a:syn_dict
wound tenderness	SYMPTOM	3a	3a:syn_dict
pain radiating to neck	SYMPTOM	3a	3a:syn_dict
swollen elbow	SYMPTOM	3a	3a:syn_dict
breast fullness	SYMPTOM	3a	3a:syn_dict
having tantrums	SYMPTOM	3a	3a:syn_dict
feculent vomiting	SYMPTOM	3a	3a:syn_dict
chronic muscle pain	SYMPTOM	3a	3a:syn_dict
pain acute	SYMPTOM	3a	3a:syn_dict
blurred vision in right eye	SYMPTOM	3a	3a:syn_dict
inspiratory pain	SYMPTOM	3a	3a:syn_dict
prostatic tenderness	SYMPTOM	3a	3a:syn_dict
syncopes	SYMPTOM	3a	3a:syn_dict
palpitations started suddenly	SYMPTOM	3a	3a:syn_dict
lhermitte's sign	SYMPTOM	3a	3a:syn_dict
faintness	SYMPTOM	3a	3a:syn_dict
dizzy spell	SYMPTOM	3a	3a:syn_dict
smoker's cough	SYMPTOM	3a	3a:syn_dict
genital pain	SYMPTOM	3a	3a:syn_dict
perineal symptoms	SYMPTOM	3a	3a:syn_dict
generalized flushing	SYMPTOM	3a	3a:syn_dict
balance disorder	SYMPTOM	3a	3a:syn_dict
chronic bladder pain	SYMPTOM	3a	3a:syn_dict
inability to crawl	SYMPTOM	3a	3a:syn_dict
difficulty swallowing thin liquids	SYMPTOM	3a	3a:syn_dict
coordination impairment	SYMPTOM	3a	3a:syn_dict
general debility	SYMPTOM	3a	3a:syn_dict
right neck pain	SYMPTOM	3a	3a:syn_dict
tabetic gait	SYMPTOM	3a	3a:syn_dict
difficulty understanding speech	SYMPTOM	3a	3a:syn_dict
leg cramp	SYMPTOM	3a	3a:syn_dict
worsening peripheral vision	SYMPTOM	3a	3a:syn_dict
dyssynergia	SYMPTOM	3a	3a:syn_dict
mucosal toxicity	SYMPTOM	3a	3a:syn_dict
abdominal and pelvic pain	SYMPTOM	3a	3a:syn_dict
painful penile erection	SYMPTOM	3a	3a:syn_dict
fine tremors	SYMPTOM	3a	3a:syn_dict
somatic manifestation	SYMPTOM	3a	3a:syn_dict
localized joint pain	SYMPTOM	3a	3a:syn_dict
parietal pain	SYMPTOM	3a	3a:syn_dict
calf cramp	SYMPTOM	3a	3a:syn_dict
habitual constipation	SYMPTOM	3a	3a:syn_dict
difficulty distinguishing colors	SYMPTOM	3a	3a:syn_dict
morning vomiting	SYMPTOM	3a	3a:syn_dict
hip click	SYMPTOM	3a	3a:syn_dict
pustular rash	SYMPTOM	3a	3a:syn_dict
sweating heavily at night	SYMPTOM	3a	3a:syn_dict
snores loudly	SYMPTOM	3a	3a:syn_dict
periorbital discomfort	SYMPTOM	3a	3a:syn_dict
lower extremity paresthesia	SYMPTOM	3a	3a:syn_dict
ascending numbness	SYMPTOM	3a	3a:syn_dict
headache accompanied by nausea	SYMPTOM	3a	3a:syn_dict
change in stool consistency	SYMPTOM	3a	3a:syn_dict
prodromal symptom	SYMPTOM	3a	3a:syn_dict
bladder spasm	SYMPTOM	3a	3a:syn_dict
tibia pain	SYMPTOM	3a	3a:syn_dict
nocturnal disorientation	SYMPTOM	3a	3a:syn_dict
hematologic symptoms	SYMPTOM	3a	3a:syn_dict
shoulder tenderness	SYMPTOM	3a	3a:syn_dict
anterior cervical pain	SYMPTOM	3a	3a:syn_dict
angina symptoms	SYMPTOM	3a	3a:syn_dict
hearing complaints	SYMPTOM	3a	3a:syn_dict
frequent stools	SYMPTOM	3a	3a:syn_dict
increasing breathlessness	SYMPTOM	3a	3a:syn_dict
bilateral heel pain	SYMPTOM	3a	3a:syn_dict
review of systems unobtainable	SYMPTOM	3a	3a:syn_dict
other general symptoms and signs	SYMPTOM	3a	3a:syn_dict
skin color changes	SYMPTOM	3a	3a:syn_dict
cough nonproductive	SYMPTOM	3a	3a:syn_dict
paraparesis of lower extremities	SYMPTOM	3a	3a:syn_dict
pain in extremity	SYMPTOM	3a	3a:syn_dict
strange sensation	SYMPTOM	3a	3a:syn_dict
grunting respirations	SYMPTOM	3a	3a:syn_dict
oral numbness	SYMPTOM	3a	3a:syn_dict
lower back stiffness	SYMPTOM	3a	3a:syn_dict
thigh paresthesia	SYMPTOM	3a	3a:syn_dict
decrease appetite	SYMPTOM	3a	3a:syn_dict
swollen glands in neck	SYMPTOM	3a	3a:syn_dict
purpura or ecchymosis	SYMPTOM	3a	3a:syn_dict
neck spasms	SYMPTOM	3a	3a:syn_dict
wasting syndrome	SYMPTOM	3a	3a:syn_dict
swelling neck	SYMPTOM	3a	3a:syn_dict
gum redness	SYMPTOM	3a	3a:syn_dict
unable to move right leg	SYMPTOM	3a	3a:syn_dict
mucous membrane dryness	SYMPTOM	3a	3a:syn_dict
orofacial pain	SYMPTOM	3a	3a:syn_dict
pain in scrotum	SYMPTOM	3a	3a:syn_dict
limb numbness	SYMPTOM	3a	3a:syn_dict
recurrent chills	SYMPTOM	3a	3a:syn_dict
mucous diarrhea	SYMPTOM	3a	3a:syn_dict
habitual snoring	SYMPTOM	3a	3a:syn_dict
glans penis pain	SYMPTOM	3a	3a:syn_dict
opisthotonus	SYMPTOM	3a	3a:syn_dict
enanthema	SYMPTOM	3a	3a:syn_dict
pain from metastases	SYMPTOM	3a	3a:syn_dict
numbness of hand	SYMPTOM	3a	3a:syn_dict
weakness in hands and feet	SYMPTOM	3a	3a:syn_dict
recurrent episodes of fainting	SYMPTOM	3a	3a:syn_dict
vesicular murmur	SYMPTOM	3a	3a:syn_dict
lip paresthesia	SYMPTOM	3a	3a:syn_dict
tongue symptoms	SYMPTOM	3a	3a:syn_dict
kidney pain	SYMPTOM	3a	3a:syn_dict
intermittent tremors	SYMPTOM	3a	3a:syn_dict
tactile allodynia	SYMPTOM	3a	3a:syn_dict
back stiffness	SYMPTOM	3a	3a:syn_dict
dizziness intermittent	SYMPTOM	3a	3a:syn_dict
foot symptoms	SYMPTOM	3a	3a:syn_dict
petechial hemorrhage	SYMPTOM	3a	3a:syn_dict
low back ache	SYMPTOM	3a	3a:syn_dict
facial paresthesia	SYMPTOM	3a	3a:syn_dict
osler node	SYMPTOM	3a	3a:syn_dict
increased leg circumference	SYMPTOM	3a	3a:syn_dict
tender thyroid	SYMPTOM	3a	3a:syn_dict
perianal itching	SYMPTOM	3a	3a:syn_dict
neuromuscular manifestations	SYMPTOM	3a	3a:syn_dict
involuntary shaking	SYMPTOM	3a	3a:syn_dict
distal numbness	SYMPTOM	3a	3a:syn_dict
decrease in muscle strength	SYMPTOM	3a	3a:syn_dict
paraspinal pain	SYMPTOM	3a	3a:syn_dict
hard edema	SYMPTOM	3a	3a:syn_dict
coordination deficit	SYMPTOM	3a	3a:syn_dict
pounding headache	SYMPTOM	3a	3a:syn_dict
mcburney's sign	SYMPTOM	3a	3a:syn_dict
symptoms are controlled	SYMPTOM	3a	3a:syn_dict
acute constipation	SYMPTOM	3a	3a:syn_dict
pain in pelvis	SYMPTOM	3a	3a:syn_dict
dull chest pain	SYMPTOM	3a	3a:syn_dict
right subcostal pain	SYMPTOM	3a	3a:syn_dict
gradual onset of fever	SYMPTOM	3a	3a:syn_dict
feeling full quickly when eating	SYMPTOM	3a	3a:syn_dict
feeling agitated	SYMPTOM	3a	3a:syn_dict
peritoneal pain	SYMPTOM	3a	3a:syn_dict
flank pain worsened	SYMPTOM	3a	3a:syn_dict
tingling in fingers	SYMPTOM	3a	3a:syn_dict
acute onset of confusion	SYMPTOM	3a	3a:syn_dict
perioral tingling	SYMPTOM	3a	3a:syn_dict
sudden blindness	SYMPTOM	3a	3a:syn_dict
decreased concentration	SYMPTOM	3a	3a:syn_dict
legs feel heavy	SYMPTOM	3a	3a:syn_dict
cold toes	SYMPTOM	3a	3a:syn_dict
infrequent bowel movements	SYMPTOM	3a	3a:syn_dict
intermittent sore throat	SYMPTOM	3a	3a:syn_dict
acute cervical pain	SYMPTOM	3a	3a:syn_dict
referred facial pain	SYMPTOM	3a	3a:syn_dict
anemic pallor	SYMPTOM	3a	3a:syn_dict
meteorism	SYMPTOM	3a	3a:syn_dict
abdominal wall pain	SYMPTOM	3a	3a:syn_dict
acute lower back pain	SYMPTOM	3a	3a:syn_dict
postural lower back pain	SYMPTOM	3a	3a:syn_dict
tenderness skin	SYMPTOM	3a	3a:syn_dict
atypical behavior	SYMPTOM	3a	3a:syn_dict
pain in right groin	SYMPTOM	3a	3a:syn_dict
girdle pain	SYMPTOM	3a	3a:syn_dict
head pounding	SYMPTOM	3a	3a:syn_dict
vulvar itching	SYMPTOM	3a	3a:syn_dict
acute sore throat	SYMPTOM	3a	3a:syn_dict
pain in left wrist	SYMPTOM	3a	3a:syn_dict
paresthesia of lower extremities	SYMPTOM	3a	3a:syn_dict
ankle joint pain	SYMPTOM	3a	3a:syn_dict
right ear discharge	SYMPTOM	3a	3a:syn_dict
gait deviation	SYMPTOM	3a	3a:syn_dict
unable to communicate effectively	SYMPTOM	3a	3a:syn_dict
spinning dizziness	SYMPTOM	3a	3a:syn_dict
calf muscle cramps	SYMPTOM	3a	3a:syn_dict
left lower back pain	SYMPTOM	3a	3a:syn_dict
tenting skin	SYMPTOM	3a	3a:syn_dict
axillary swelling	SYMPTOM	3a	3a:syn_dict
jaw numbness	SYMPTOM	3a	3a:syn_dict
numbness of fingers	SYMPTOM	3a	3a:syn_dict
episodic wheezing	SYMPTOM	3a	3a:syn_dict
nocturnal confusion	SYMPTOM	3a	3a:syn_dict
hand paresthesia	SYMPTOM	3a	3a:syn_dict
generalized tonic clonic seizure	SYMPTOM	3a	3a:syn_dict
arthralgia of right hip	SYMPTOM	3a	3a:syn_dict
hip painful	SYMPTOM	3a	3a:syn_dict
vertex headaches	SYMPTOM	3a	3a:syn_dict
labial cyanosis	SYMPTOM	3a	3a:syn_dict
kehr's sign	SYMPTOM	3a	3a:syn_dict
endocrine symptoms	SYMPTOM	3a	3a:syn_dict
extremity clonus	SYMPTOM	3a	3a:syn_dict
thigh tenderness	SYMPTOM	3a	3a:syn_dict
numbness in face	SYMPTOM	3a	3a:syn_dict
bragard sign	SYMPTOM	3a	3a:syn_dict
stomach distention	SYMPTOM	3a	3a:syn_dict
tricuspid regurgitation jet velocity	SYMPTOM	3a	3a:syn_dict
warm skin	SYMPTOM	3a	3a:syn_dict
tingling of right thumb	SYMPTOM	3a	3a:syn_dict
lack of sensation	SYMPTOM	3a	3a:syn_dict
spinal headache	SYMPTOM	3a	3a:syn_dict
anorectal pain	SYMPTOM	3a	3a:syn_dict
pain during urination	SYMPTOM	3a	3a:syn_dict
head neck mass	SYMPTOM	3a	3a:syn_dict
perioral pallor	SYMPTOM	3a	3a:syn_dict
transient tics	SYMPTOM	3a	3a:syn_dict
diarrhea in pregnancy	SYMPTOM	3a	3a:syn_dict
pain in right forearm	SYMPTOM	3a	3a:syn_dict
severe muscle pain	SYMPTOM	3a	3a:syn_dict
perineal irritation	SYMPTOM	3a	3a:syn_dict
articular pain	SYMPTOM	3a	3a:syn_dict
exertional breathlessness	SYMPTOM	3a	3a:syn_dict
adenoid facies	SYMPTOM	3a	3a:syn_dict
headache severe	SYMPTOM	3a	3a:syn_dict
dental discomfort	SYMPTOM	3a	3a:syn_dict
localized muscle pain	SYMPTOM	3a	3a:syn_dict
temperature recorded at home	SYMPTOM	3a	3a:syn_dict
impingement sign	SYMPTOM	3a	3a:syn_dict
lassitude	SYMPTOM	3a	3a:syn_dict
right eye pain with movement	SYMPTOM	3a	3a:syn_dict
todd's paresis	SYMPTOM	3a	3a:syn_dict
tinnitus occurring	SYMPTOM	3a	3a:syn_dict
acute blindness	SYMPTOM	3a	3a:syn_dict
scrotal lesion	SYMPTOM	3a	3a:syn_dict
transient monocular blindness	SYMPTOM	3a	3a:syn_dict
head shape	SYMPTOM	3a	3a:syn_dict
oral cavity discomfort	SYMPTOM	3a	3a:syn_dict
acute pelvic pain	SYMPTOM	3a	3a:syn_dict
feeling woozy	SYMPTOM	3a	3a:syn_dict
progressive spastic paraparesis	SYMPTOM	3a	3a:syn_dict
swelling in right groin	SYMPTOM	3a	3a:syn_dict
localized joint swelling	SYMPTOM	3a	3a:syn_dict
eyelid itching	SYMPTOM	3a	3a:syn_dict
diminished hearing	SYMPTOM	3a	3a:syn_dict
episodic diarrhea	SYMPTOM	3a	3a:syn_dict
chest pain ischemic	SYMPTOM	3a	3a:syn_dict
voice loss	SYMPTOM	3a	3a:syn_dict
pain radiating to flank	SYMPTOM	3a	3a:syn_dict
synkinesias	SYMPTOM	3a	3a:syn_dict
retrocollis	SYMPTOM	3a	3a:syn_dict
hypoventilation symptoms	SYMPTOM	3a	3a:syn_dict
shawl sign	SYMPTOM	3a	3a:syn_dict
urinary tract discomfort	SYMPTOM	3a	3a:syn_dict
head turned to left	SYMPTOM	3a	3a:syn_dict
swelling of left cheek	SYMPTOM	3a	3a:syn_dict
paralysis of right hand	SYMPTOM	3a	3a:syn_dict
breast tension	SYMPTOM	3a	3a:syn_dict
tingling skin	SYMPTOM	3a	3a:syn_dict
right iliac fossa mass	SYMPTOM	3a	3a:syn_dict
nasal discomfort	SYMPTOM	3a	3a:syn_dict
neurobehavioral manifestation	SYMPTOM	3a	3a:syn_dict
adiadochokinesis	SYMPTOM	3a	3a:syn_dict
subfebrile	SYMPTOM	3a	3a:syn_dict
stiffness of back	SYMPTOM	3a	3a:syn_dict
orbital bruit	SYMPTOM	3a	3a:syn_dict
nausea morning	SYMPTOM	3a	3a:syn_dict
weakness of upper extremities	SYMPTOM	3a	3a:syn_dict
ocular headache	SYMPTOM	3a	3a:syn_dict
diplopia with right gaze	SYMPTOM	3a	3a:syn_dict
episodic fever	SYMPTOM	3a	3a:syn_dict
peripancreatic fluid collection	SYMPTOM	3a	3a:syn_dict
acute thoracic back pain	SYMPTOM	3a	3a:syn_dict
talalgia	SYMPTOM	3a	3a:syn_dict
excessive daytime somnolence	SYMPTOM	3a	3a:syn_dict
neurogenic pain	SYMPTOM	3a	3a:syn_dict
masticatory pain	SYMPTOM	3a	3a:syn_dict
uti symptoms	SYMPTOM	3a	3a:syn_dict
discharge from penis	SYMPTOM	3a	3a:syn_dict
mucosal pigmentation	SYMPTOM	3a	3a:syn_dict
syncope and collapse	SYMPTOM	3a	3a:syn_dict
lip numbness	SYMPTOM	3a	3a:syn_dict
extremity tenderness	SYMPTOM	3a	3a:syn_dict
pain in oral cavity	SYMPTOM	3a	3a:syn_dict
stiffness of right knee	SYMPTOM	3a	3a:syn_dict
right hypochondrial pain	SYMPTOM	3a	3a:syn_dict
induration of breast	SYMPTOM	3a	3a:syn_dict
numbness of right hand	SYMPTOM	3a	3a:syn_dict
brawny edema	SYMPTOM	3a	3a:syn_dict
syncope with exertion	SYMPTOM	3a	3a:syn_dict
battle signs	SYMPTOM	3a	3a:syn_dict
observation of cough	SYMPTOM	3a	3a:syn_dict
postictal paralysis	SYMPTOM	3a	3a:syn_dict
neck muscle tightness	SYMPTOM	3a	3a:syn_dict
prostate tenderness	SYMPTOM	3a	3a:syn_dict
pain radiating to right flank	SYMPTOM	3a	3a:syn_dict
cyanotic lips	SYMPTOM	3a	3a:syn_dict
right ear symptoms	SYMPTOM	3a	3a:syn_dict
unremitting headache	SYMPTOM	3a	3a:syn_dict
extremity paresthesia	SYMPTOM	3a	3a:syn_dict
runny stools	SYMPTOM	3a	3a:syn_dict
stertor	SYMPTOM	3a	3a:syn_dict
eyelids swollen	SYMPTOM	3a	3a:syn_dict
acute renal colic	SYMPTOM	3a	3a:syn_dict
tingling of feet	SYMPTOM	3a	3a:syn_dict
neck contracture	SYMPTOM	3a	3a:syn_dict
tremors in hands	SYMPTOM	3a	3a:syn_dict
romberg's sign	SYMPTOM	3a	3a:syn_dict
unilateral numbness	SYMPTOM	3a	3a:syn_dict
kehr sign	SYMPTOM	3a	3a:syn_dict
hip symptoms	SYMPTOM	3a	3a:syn_dict
acute ankle pain	SYMPTOM	3a	3a:syn_dict
pain in right breast	SYMPTOM	3a	3a:syn_dict
tingling of face	SYMPTOM	3a	3a:syn_dict
codeine intolerance	SYMPTOM	3a	3a:syn_dict
feelings of weakness	SYMPTOM	3a	3a:syn_dict
postprandial emesis	SYMPTOM	3a	3a:syn_dict
chronic ankle pain	SYMPTOM	3a	3a:syn_dict
metastatic pain	SYMPTOM	3a	3a:syn_dict
soft tissue pain	SYMPTOM	3a	3a:syn_dict
recurrent pharyngitis	SYMPTOM	3a	3a:syn_dict
headache nasal	SYMPTOM	3a	3a:syn_dict
sudden onset fever	SYMPTOM	3a	3a:syn_dict
numbness of left hand	SYMPTOM	3a	3a:syn_dict
eye ache	SYMPTOM	3a	3a:syn_dict
eyelid swollen	SYMPTOM	3a	3a:syn_dict
pain on eye movement	SYMPTOM	3a	3a:syn_dict
splenic tenderness	SYMPTOM	3a	3a:syn_dict
snoring loudly	SYMPTOM	3a	3a:syn_dict
genitourinary symptom	SYMPTOM	3a	3a:syn_dict
postural low back pain	SYMPTOM	3a	3a:syn_dict
right tmj pain	SYMPTOM	3a	3a:syn_dict
abdominal back pain	SYMPTOM	3a	3a:syn_dict
retroperitoneal discomfort	SYMPTOM	3a	3a:syn_dict
feeling of suffocation	SYMPTOM	3a	3a:syn_dict
finger symptoms	SYMPTOM	3a	3a:syn_dict
numbness in hand	SYMPTOM	3a	3a:syn_dict
peripheral retinal edema	SYMPTOM	3a	3a:syn_dict
hypalgesia	SYMPTOM	3a	3a:syn_dict
anuria and oliguria	SYMPTOM	3a	3a:syn_dict
bitemporal headache	SYMPTOM	3a	3a:syn_dict
knee locking	SYMPTOM	3a	3a:syn_dict
dry desquamation	SYMPTOM	3a	3a:syn_dict
breast induration	SYMPTOM	3a	3a:syn_dict
upper arm pain	SYMPTOM	3a	3a:syn_dict
flaccid paraplegia	SYMPTOM	3a	3a:syn_dict
apraxic	SYMPTOM	3a	3a:syn_dict
painful tongue	SYMPTOM	3a	3a:syn_dict
pancreatic pain	SYMPTOM	3a	3a:syn_dict
cullen's sign	SYMPTOM	3a	3a:syn_dict
malaise fatigue	SYMPTOM	3a	3a:syn_dict
plan to harm others	SYMPTOM	3a	3a:syn_dict
generalized abdominal rigidity	SYMPTOM	3a	3a:syn_dict
pain in left groin	SYMPTOM	3a	3a:syn_dict
generalized tiredness	SYMPTOM	3a	3a:syn_dict
headache persistent	SYMPTOM	3a	3a:syn_dict
breath odor	SYMPTOM	3a	3a:syn_dict
rlq abdominal pain	SYMPTOM	3a	3a:syn_dict
irritable child	SYMPTOM	3a	3a:syn_dict
upper respiratory tract congestion	SYMPTOM	3a	3a:syn_dict
acute abdominal syndrome	SYMPTOM	3a	3a:syn_dict
guarding rebound	SYMPTOM	3a	3a:syn_dict
chemotherapy fatigue	SYMPTOM	3a	3a:syn_dict
metallic taste in mouth	SYMPTOM	3a	3a:syn_dict
poor mobility	SYMPTOM	3a	3a:syn_dict
left earache	SYMPTOM	3a	3a:syn_dict
hemipareses	SYMPTOM	3a	3a:syn_dict
hemiplegias	SYMPTOM	3a	3a:syn_dict
lesion of penis	SYMPTOM	3a	3a:syn_dict
elbow swelling	SYMPTOM	3a	3a:syn_dict
gesticulation	SYMPTOM	3a	3a:syn_dict
retroauricular pain	SYMPTOM	3a	3a:syn_dict
posterior tibial pulse absent	SYMPTOM	3a	3a:syn_dict
cardiovascular syncope	SYMPTOM	3a	3a:syn_dict
spinning sensations	SYMPTOM	3a	3a:syn_dict
pulling at ear	SYMPTOM	3a	3a:syn_dict
aerobilia	SYMPTOM	3a	3a:syn_dict
cramps in legs	SYMPTOM	3a	3a:syn_dict
sudden onset testicular pain	SYMPTOM	3a	3a:syn_dict
bulky stools	SYMPTOM	3a	3a:syn_dict
hyposmia	SYMPTOM	3a	3a:syn_dict
chest pain radiating to arms	SYMPTOM	3a	3a:syn_dict
kussmaul's sign	SYMPTOM	3a	3a:syn_dict
quality of headache	SYMPTOM	3a	3a:syn_dict
tricuspid regurgitation velocity	SYMPTOM	3a	3a:syn_dict
limb paresthesia	SYMPTOM	3a	3a:syn_dict
painful bladder	SYMPTOM	3a	3a:syn_dict
numbness of hands and feet	SYMPTOM	3a	3a:syn_dict
pruritic dermatitis	SYMPTOM	3a	3a:syn_dict
burning eye sensation	SYMPTOM	3a	3a:syn_dict
hip arthralgia	SYMPTOM	3a	3a:syn_dict
paralysis of finger	SYMPTOM	3a	3a:syn_dict
dryness of right eye	SYMPTOM	3a	3a:syn_dict
lower extremity muscle weakness	SYMPTOM	3a	3a:syn_dict
chest flushing	SYMPTOM	3a	3a:syn_dict
livedoid	SYMPTOM	3a	3a:syn_dict
chest pain radiating to neck	SYMPTOM	3a	3a:syn_dict
pharyngeal swelling	SYMPTOM	3a	3a:syn_dict
pupillary dilatation	SYMPTOM	3a	3a:syn_dict
costal margin tenderness	SYMPTOM	3a	3a:syn_dict
factitious fever	SYMPTOM	3a	3a:syn_dict
chronic intractable pain	SYMPTOM	3a	3a:syn_dict
pain in thoracic spine	SYMPTOM	3a	3a:syn_dict
paresthesia distal	SYMPTOM	3a	3a:syn_dict
palatal paresis	SYMPTOM	3a	3a:syn_dict
genital pruritus	SYMPTOM	3a	3a:syn_dict
glands enlarged	SYMPTOM	3a	3a:syn_dict
worsening chronic headache	SYMPTOM	3a	3a:syn_dict
irritation of penis	SYMPTOM	3a	3a:syn_dict
painful mouth sores	SYMPTOM	3a	3a:syn_dict
pain in right hand	SYMPTOM	3a	3a:syn_dict
tender right testicle	SYMPTOM	3a	3a:syn_dict
abdomen fullness	SYMPTOM	3a	3a:syn_dict
effort angina	SYMPTOM	3a	3a:syn_dict
feeling unsettled	SYMPTOM	3a	3a:syn_dict
peptic ulcer symptoms	SYMPTOM	3a	3a:syn_dict
flaccid muscle tone	SYMPTOM	3a	3a:syn_dict
persistent tremors	SYMPTOM	3a	3a:syn_dict
mixed urinary incontinence	SYMPTOM	3a	3a:syn_dict
pain diffuse	SYMPTOM	3a	3a:syn_dict
left hypochondrial pain	SYMPTOM	3a	3a:syn_dict
intermittent lower back pain	SYMPTOM	3a	3a:syn_dict
symptoms skin	SYMPTOM	3a	3a:syn_dict
lower leg pain	SYMPTOM	3a	3a:syn_dict
morning nausea	SYMPTOM	3a	3a:syn_dict
sharp abdominal pain	SYMPTOM	3a	3a:syn_dict
weakness focal	SYMPTOM	3a	3a:syn_dict
functional complaint	SYMPTOM	3a	3a:syn_dict
tricuspid regurgitant jet velocity	SYMPTOM	3a	3a:syn_dict
musculoskeletal stiffness	SYMPTOM	3a	3a:syn_dict
slowed movement	SYMPTOM	3a	3a:syn_dict
chills with fever	SYMPTOM	3a	3a:syn_dict
elongated head	SYMPTOM	3a	3a:syn_dict
yellow skin	SYMPTOM	3a	3a:syn_dict
tingling of toes	SYMPTOM	3a	3a:syn_dict
repetitive head banging	SYMPTOM	3a	3a:syn_dict
epigastric ache	SYMPTOM	3a	3a:syn_dict
change in stool character	SYMPTOM	3a	3a:syn_dict
symptoms multiple	SYMPTOM	3a	3a:syn_dict
lateral elbow pain	SYMPTOM	3a	3a:syn_dict
posterior heel pain	SYMPTOM	3a	3a:syn_dict
chronic hoarseness	SYMPTOM	3a	3a:syn_dict
headaches persistent	SYMPTOM	3a	3a:syn_dict
diarrhea throughout day	SYMPTOM	3a	3a:syn_dict
bone swelling	SYMPTOM	3a	3a:syn_dict
lip pigmentation	SYMPTOM	3a	3a:syn_dict
burning vaginal	SYMPTOM	3a	3a:syn_dict
induced hypothermia	SYMPTOM	3a	3a:syn_dict
supine dyspnea	SYMPTOM	3a	3a:syn_dict
change in breathing	SYMPTOM	3a	3a:syn_dict
muscle tone flaccid	SYMPTOM	3a	3a:syn_dict
angina equivalent	SYMPTOM	3a	3a:syn_dict
leg redness	SYMPTOM	3a	3a:syn_dict
recent change in weight	SYMPTOM	3a	3a:syn_dict
pleural pain	SYMPTOM	3a	3a:syn_dict
shoulder neck pain	SYMPTOM	3a	3a:syn_dict
unable to move right arm	SYMPTOM	3a	3a:syn_dict
sick to stomach	SYMPTOM	3a	3a:syn_dict
painful nodule	SYMPTOM	3a	3a:syn_dict
urinary obstructive symptoms	SYMPTOM	3a	3a:syn_dict
murphy's signs	SYMPTOM	3a	3a:syn_dict
despondent	SYMPTOM	3a	3a:syn_dict
swelling of right cheek	SYMPTOM	3a	3a:syn_dict
lymph nodes enlarged	SYMPTOM	3a	3a:syn_dict
renal colics	SYMPTOM	3a	3a:syn_dict
purulent discharge from eye	SYMPTOM	3a	3a:syn_dict
complaint multiple	SYMPTOM	3a	3a:syn_dict
oliguria and anuria	SYMPTOM	3a	3a:syn_dict
increased nausea and vomiting	SYMPTOM	3a	3a:syn_dict
feeling bored	SYMPTOM	3a	3a:syn_dict
dull percussion note	SYMPTOM	3a	3a:syn_dict
thoracolumbar back pain	SYMPTOM	3a	3a:syn_dict
lasegue's sign	SYMPTOM	3a	3a:syn_dict
cough with fever	SYMPTOM	3a	3a:syn_dict
acute facial pain	SYMPTOM	3a	3a:syn_dict
wheezing on exertion	SYMPTOM	3a	3a:syn_dict
throat pain on swallowing	SYMPTOM	3a	3a:syn_dict
abdominal distress	SYMPTOM	3a	3a:syn_dict
dry heaves	SYMPTOM	3a	3a:syn_dict
temporomandibular joint symptoms	SYMPTOM	3a	3a:syn_dict
absent hair growth	SYMPTOM	3a	3a:syn_dict
resisted motion	SYMPTOM	3a	3a:syn_dict
peripheral neuropathic pain	SYMPTOM	3a	3a:syn_dict
recurrent fainting	SYMPTOM	3a	3a:syn_dict
daily anxiety	SYMPTOM	3a	3a:syn_dict
carbonaceous sputum	SYMPTOM	3a	3a:syn_dict
drainage of sinus	SYMPTOM	3a	3a:syn_dict
motor symptom	SYMPTOM	3a	3a:syn_dict
perianal numbness	SYMPTOM	3a	3a:syn_dict
psychotic symptom	SYMPTOM	3a	3a:syn_dict
bilateral lower leg pain	SYMPTOM	3a	3a:syn_dict
postoperative nausea and vomiting	SYMPTOM	3a	3a:syn_dict
anosmia on right	SYMPTOM	3a	3a:syn_dict
romberg testing	SYMPTOM	3a	3a:syn_dict
tender left testis	SYMPTOM	3a	3a:syn_dict
anal symptoms	SYMPTOM	3a	3a:syn_dict
numbness of right lower lip	SYMPTOM	3a	3a:syn_dict
head numbness	SYMPTOM	3a	3a:syn_dict
chest pain atypical	SYMPTOM	3a	3a:syn_dict
penis lesion	SYMPTOM	3a	3a:syn_dict
micturition urgency	SYMPTOM	3a	3a:syn_dict
painful hand	SYMPTOM	3a	3a:syn_dict
morning headache	SYMPTOM	3a	3a:syn_dict
absent peristalsis	SYMPTOM	3a	3a:syn_dict
discharge from nipple	SYMPTOM	3a	3a:syn_dict
gum tenderness	SYMPTOM	3a	3a:syn_dict
rectal urgency	SYMPTOM	3a	3a:syn_dict
unilateral testicular swelling	SYMPTOM	3a	3a:syn_dict
sister joseph's nodule	SYMPTOM	3a	3a:syn_dict
feeling restless	SYMPTOM	3a	3a:syn_dict
pyramidal tract signs	SYMPTOM	3a	3a:syn_dict
pain in left iliac fossa	SYMPTOM	3a	3a:syn_dict
toe pain	SYMPTOM	3a	3a:syn_dict
subjective visual disturbances	SYMPTOM	3a	3a:syn_dict
buccal swelling	SYMPTOM	3a	3a:syn_dict
fecal urgency	SYMPTOM	3a	3a:syn_dict
have loud snoring	SYMPTOM	3a	3a:syn_dict
blurry vision in left eye	SYMPTOM	3a	3a:syn_dict
metatarsalgia	SYMPTOM	3a	3a:syn_dict
headache associated with vomiting	SYMPTOM	3a	3a:syn_dict
meningism	SYMPTOM	3a	3a:syn_dict
braxton hicks contractions	SYMPTOM	3a	3a:syn_dict
tingling of lower lip	SYMPTOM	3a	3a:syn_dict
burning itch	SYMPTOM	3a	3a:syn_dict
milky urine	SYMPTOM	3a	3a:syn_dict
groin lumps	SYMPTOM	3a	3a:syn_dict
hand cramping	SYMPTOM	3a	3a:syn_dict
eyes rolled	SYMPTOM	3a	3a:syn_dict
difficulty swallowing with nasal regurgitation	SYMPTOM	3a	3a:syn_dict
bilateral maxillary sinus pressure	SYMPTOM	3a	3a:syn_dict
lip pain	SYMPTOM	3a	3a:syn_dict
postprandial chest pain	SYMPTOM	3a	3a:syn_dict
bloated abdomen	SYMPTOM	3a	3a:syn_dict
tongue dry	SYMPTOM	3a	3a:syn_dict
right lower back pain	SYMPTOM	3a	3a:syn_dict
facial twitch	SYMPTOM	3a	3a:syn_dict
bubbles in urine	SYMPTOM	3a	3a:syn_dict
thigh symptoms	SYMPTOM	3a	3a:syn_dict
chest fullness	SYMPTOM	3a	3a:syn_dict
bitot's spots	SYMPTOM	3a	3a:syn_dict
skin yellowing	SYMPTOM	3a	3a:syn_dict
craniofacial pain	SYMPTOM	3a	3a:syn_dict
submental mass	SYMPTOM	3a	3a:syn_dict
forehead swelling	SYMPTOM	3a	3a:syn_dict
maculopapule	SYMPTOM	3a	3a:syn_dict
abdominal pain started gradually	SYMPTOM	3a	3a:syn_dict
gingival tenderness	SYMPTOM	3a	3a:syn_dict
refer pain	SYMPTOM	3a	3a:syn_dict
increasing indigestion	SYMPTOM	3a	3a:syn_dict
penile itching	SYMPTOM	3a	3a:syn_dict
dysdiadochokinesis	SYMPTOM	3a	3a:syn_dict
jaw stiffness	SYMPTOM	3a	3a:syn_dict
general aches and pains	SYMPTOM	3a	3a:syn_dict
ear tenderness	SYMPTOM	3a	3a:syn_dict
lumbalgia	SYMPTOM	3a	3a:syn_dict
unable to move shoulder	SYMPTOM	3a	3a:syn_dict
nociplastic pain	SYMPTOM	3a	3a:syn_dict
feeling dehydrated	SYMPTOM	3a	3a:syn_dict
medication vomiting	SYMPTOM	3a	3a:syn_dict
bitot spots	SYMPTOM	3a	3a:syn_dict
jaw symptoms	SYMPTOM	3a	3a:syn_dict
jaw clicking	SYMPTOM	3a	3a:syn_dict
red right eye	SYMPTOM	3a	3a:syn_dict
hyposomnia	SYMPTOM	3a	3a:syn_dict
carpopedal spasms	SYMPTOM	3a	3a:syn_dict
sloughing of buccal mucosa	SYMPTOM	3a	3a:syn_dict
focal hyperesthesia	SYMPTOM	3a	3a:syn_dict
pain in left hand	SYMPTOM	3a	3a:syn_dict
night pains	SYMPTOM	3a	3a:syn_dict
pain behind eyes	SYMPTOM	3a	3a:syn_dict
painful breast	SYMPTOM	3a	3a:syn_dict
ponv	SYMPTOM	3a	3a:syn_dict
silhouette sign	SYMPTOM	3a	3a:syn_dict
oral mucosal petechiae	SYMPTOM	3a	3a:syn_dict
pustular dermatitis	SYMPTOM	3a	3a:syn_dict
acute abdominal complaint	SYMPTOM	3a	3a:syn_dict
headache occurring	SYMPTOM	3a	3a:syn_dict
vomiting persistent	SYMPTOM	3a	3a:syn_dict
residual symptom	SYMPTOM	3a	3a:syn_dict
pain in hands and feet	SYMPTOM	3a	3a:syn_dict
neuralgic facial pain	SYMPTOM	3a	3a:syn_dict
uterus tender	SYMPTOM	3a	3a:syn_dict
bolus impaction	SYMPTOM	3a	3a:syn_dict
abnormal skin sensitivity	SYMPTOM	3a	3a:syn_dict
intractable low back pain	SYMPTOM	3a	3a:syn_dict
kernig's sign negative	SYMPTOM	3a	3a:syn_dict
pelvic bone pain	SYMPTOM	3a	3a:syn_dict
abnormal bruising	SYMPTOM	3a	3a:syn_dict
right glenohumeral joint pain	SYMPTOM	3a	3a:syn_dict
bigeminal	SYMPTOM	3a	3a:syn_dict
diastolic rumble	SYMPTOM	3a	3a:syn_dict
numbness of extremities	SYMPTOM	3a	3a:syn_dict
moon face	SYMPTOM	3a	3a:syn_dict
motor seizures	SYMPTOM	3a	3a:syn_dict
highly irritable	SYMPTOM	3a	3a:syn_dict
muscle tremors	SYMPTOM	3a	3a:syn_dict
left elbow joint pain	SYMPTOM	3a	3a:syn_dict
pruritus generalized	SYMPTOM	3a	3a:syn_dict
chest burning	SYMPTOM	3a	3a:syn_dict
radicular arm pain	SYMPTOM	3a	3a:syn_dict
flatulent	SYMPTOM	3b	3b:united_syn_med
indigestion symptoms	SYMPTOM	3b	3b:united_syn_med
nausea and vomiting symptoms	SYMPTOM	3b	3b:united_syn_med
cough symptoms	SYMPTOM	3b	3b:united_syn_med
ructus	SYMPTOM	3b	3b:united_syn_med
blemishes	SYMPTOM	3b	3b:united_syn_med
long-lasting pain	SYMPTOM	3b	3b:united_syn_med
pain in animals	SYMPTOM	3b	3b:united_syn_med
nervous tension	SYMPTOM	3b	3b:united_syn_med
diarrhea in children	SYMPTOM	3b	3b:united_syn_med
nausea symptoms	SYMPTOM	3b	3b:united_syn_med
discomfort in mouth	SYMPTOM	3b	3b:united_syn_med
nagging cough	SYMPTOM	3b	3b:united_syn_med
excessive urination	SYMPTOM	3b	3b:united_syn_med
sore gums	SYMPTOM	3b	3b:united_syn_med
itching of skin	SYMPTOM	3b	3b:united_syn_med
spots on skin	SYMPTOM	3b	3b:united_syn_med
itching eyes	SYMPTOM	3b	3b:united_syn_med
myospasm	SYMPTOM	3b	3b:united_syn_med
opioid-induced constipation	SYMPTOM	3b	3b:united_syn_med
persistent coughs	SYMPTOM	3b	3b:united_syn_med
intestinal spasms	SYMPTOM	3b	3b:united_syn_med
premature contractions	SYMPTOM	3b	3b:united_syn_med
discomfort in joints	SYMPTOM	3b	3b:united_syn_med
urgent urination	SYMPTOM	3b	3b:united_syn_med
febris	SYMPTOM	3b	3b:united_syn_med
urinary pain	SYMPTOM	3b	3b:united_syn_med
nausea in pregnancy	SYMPTOM	3b	3b:united_syn_med
dangerous symptoms	SYMPTOM	3b	3b:united_syn_med
feeling queasy	SYMPTOM	3b	3b:united_syn_med
urinary tract spasm	SYMPTOM	3b	3b:united_syn_med
stomach upsets	SYMPTOM	3b	3b:united_syn_med
skin irritant	SYMPTOM	3b	3b:united_syn_med
itchy scalp	SYMPTOM	3b	3b:united_syn_med
dilation of pupils	SYMPTOM	3b	3b:united_syn_med
bronchial congestion	SYMPTOM	3b	3b:united_syn_med
gum irritations	SYMPTOM	3b	3b:united_syn_med
airway constriction	SYMPTOM	3b	3b:united_syn_med
constipation in children	SYMPTOM	3b	3b:united_syn_med
intestinal cramps	SYMPTOM	3b	3b:united_syn_med
tooth discomfort	SYMPTOM	3b	3b:united_syn_med
difficulties urinating	SYMPTOM	3b	3b:united_syn_med
anal irritation	SYMPTOM	3b	3b:united_syn_med
cancer-related pain	SYMPTOM	3b	3b:united_syn_med
bitter taste in mouth	SYMPTOM	3b	3b:united_syn_med
dolour	SYMPTOM	3b	3b:united_syn_med
ear congestion	SYMPTOM	3b	3b:united_syn_med
gastrointestinal pain	SYMPTOM	3b	3b:united_syn_med
vomiting symptoms	SYMPTOM	3b	3b:united_syn_med
pain burning	SYMPTOM	3b	3b:united_syn_med
bowel spasms	SYMPTOM	3b	3b:united_syn_med
sour stomach	SYMPTOM	3b	3b:united_syn_med
headache discomfort	SYMPTOM	3b	3b:united_syn_med
vertigo dizziness	SYMPTOM	3b	3b:united_syn_med
numb mouth	SYMPTOM	3b	3b:united_syn_med
sneezing symptoms	SYMPTOM	3b	3b:united_syn_med
throat congestion	SYMPTOM	3b	3b:united_syn_med
menopausal symptom	SYMPTOM	3b	3b:united_syn_med
nasal irritation	SYMPTOM	3b	3b:united_syn_med
abdominal spasms	SYMPTOM	3b	3b:united_syn_med
nausea and vomiting in pregnancy	SYMPTOM	3b	3b:united_syn_med
gastrointestinal cramps	SYMPTOM	3b	3b:united_syn_med
nausea abdominal pain	SYMPTOM	3b	3b:united_syn_med
gastrointestinal colic	SYMPTOM	3b	3b:united_syn_med
gas pains	SYMPTOM	3b	3b:united_syn_med
skeletal muscle paralysis	SYMPTOM	3b	3b:united_syn_med
acid regurgitation	SYMPTOM	3b	3b:united_syn_med
irritable bowel symptoms	SYMPTOM	3b	3b:united_syn_med
skin spot	SYMPTOM	3b	3b:united_syn_med
muscular spasms	SYMPTOM	3b	3b:united_syn_med
increasing libido	SYMPTOM	3b	3b:united_syn_med
colic infant	SYMPTOM	3b	3b:united_syn_med
clogged ears	SYMPTOM	3b	3b:united_syn_med
gastrointestinal pains	SYMPTOM	3b	3b:united_syn_med
skin breakout	SYMPTOM	3b	3b:united_syn_med
pain in infants	SYMPTOM	3b	3b:united_syn_med
diarrhea in animals	SYMPTOM	3b	3b:united_syn_med
weakness symptoms	SYMPTOM	3b	3b:united_syn_med
reproductive health concerns	SYMPTOM	3b	3b:united_syn_med
excessive urination at night	SYMPTOM	3b	3b:united_syn_med
infant constipation	SYMPTOM	3b	3b:united_syn_med
excessive flatulence	SYMPTOM	3b	3b:united_syn_med
vomiting in children	SYMPTOM	3b	3b:united_syn_med
menopausal hot flashes	SYMPTOM	3b	3b:united_syn_med
gum discomfort	SYMPTOM	3b	3b:united_syn_med
body discomfort	SYMPTOM	3b	3b:united_syn_med
upset tummy	SYMPTOM	3b	3b:united_syn_med
dry coughing	SYMPTOM	3b	3b:united_syn_med
spurling sign	SYMPTOM	3c	3c:syn_piper
fasciculation	SYMPTOM	3c	3c:syn_piper
neck pain left	SYMPTOM	3c	3c:syn_piper
generalized tonic-clonic seizure	SYMPTOM	3c	3c:syn_piper
nonconvulsive seizure	SYMPTOM	3c	3c:syn_piper
b-symptoms	SYMPTOM	3c	3c:syn_piper
left-sided headache	SYMPTOM	3c	3c:syn_piper
right-sided facial pain	SYMPTOM	3c	3c:syn_piper
left-sided facial pain	SYMPTOM	3c	3c:syn_piper
retro-orbital pain	SYMPTOM	3c	3c:syn_piper
weakness arm	SYMPTOM	3c	3c:syn_piper
ear pressure sensation	SYMPTOM	3c	3c:syn_piper
thumb pain	SYMPTOM	3c	3c:syn_piper
fatigue exertional	SYMPTOM	3c	3c:syn_piper
post-nasal drip	SYMPTOM	3c	3c:syn_piper
pain radiating to right leg	SYMPTOM	3c	3c:syn_piper
hand joint pain	SYMPTOM	3c	3c:syn_piper
premenstrual symptom	SYMPTOM	3c	3c:syn_piper
increased sob	SYMPTOM	3c	3c:syn_piper
allergic or immunologic symptoms	SYMPTOM	3c	3c:syn_piper
paradoxical diarrhea	SYMPTOM	3c	3c:syn_piper
shin pain	SYMPTOM	3c	3c:syn_piper
new-onset headache	SYMPTOM	3c	3c:syn_piper
significant change in headache	SYMPTOM	3c	3c:syn_piper
grip strength decreased	SYMPTOM	3c	3c:syn_piper
breath pain	SYMPTOM	3d	3d:kokoro_tts
breathing shortness	SYMPTOM	3d	3d:kokoro_tts
urination problem	SYMPTOM	3d	3d:kokoro_tts
heart trouble	SYMPTOM	3d	3d:kokoro_tts
heart fluttering	SYMPTOM	3d	3d:kokoro_tts
hunger pain	SYMPTOM	3d	3d:kokoro_tts
pain in hip	SYMPTOM	3d	3d:kokoro_tts
pains shooting	SYMPTOM	3d	3d:kokoro_tts
breaths deep	SYMPTOM	3d	3d:kokoro_tts
feet numbness	SYMPTOM	3d	3d:kokoro_tts
annoying pain	SYMPTOM	3d	3d:kokoro_tts
fever nec	SYMPTOM	3d	3d:kokoro_tts
burning pains	SYMPTOM	3d	3d:kokoro_tts
circulation problem	SYMPTOM	3d	3d:kokoro_tts
restless sleeping	SYMPTOM	3d	3d:kokoro_tts
sick feeling	SYMPTOM	3d	3d:kokoro_tts
breath deep	SYMPTOM	3d	3d:kokoro_tts
heart pounding	SYMPTOM	3d	3d:kokoro_tts
pressure chest	SYMPTOM	3d	3d:kokoro_tts
pain in arm	SYMPTOM	3d	3d:kokoro_tts
weight problem	SYMPTOM	3d	3d:kokoro_tts
nose running	SYMPTOM	3d	3d:kokoro_tts
snored	SYMPTOM	3d	3d:kokoro_tts
throbbing chest pain	SYMPTOM	3d	3d:kokoro_tts
drinking more water	SYMPTOM	3d	3d:kokoro_tts
eyes burn	SYMPTOM	3d	3d:kokoro_tts
pain dull	SYMPTOM	3d	3d:kokoro_tts
hand shakes	SYMPTOM	3d	3d:kokoro_tts
problem with urination	SYMPTOM	3d	3d:kokoro_tts
abnormal heartbeat	SYMPTOM	3d	3d:kokoro_tts
pain in heel	SYMPTOM	3d	3d:kokoro_tts
room going round	SYMPTOM	3d	3d:kokoro_tts
edema podiatry	SYMPTOM	3d	3d:kokoro_tts
pain in toe	SYMPTOM	3d	3d:kokoro_tts
pain in right ear	SYMPTOM	3d	3d:kokoro_tts
inability to maintain erection	SYMPTOM	3d	3d:kokoro_tts
burning on urination	SYMPTOM	3d	3d:kokoro_tts
hot flash	SYMPTOM	3d	3d:kokoro_tts
feet burn	SYMPTOM	3d	3d:kokoro_tts
very mild pain	SYMPTOM	3d	3d:kokoro_tts
muscle weakness generalized	SYMPTOM	4a	4a:ezdi
joint ache	SYMPTOM	4a	4a:ezdi
agitation mental	SYMPTOM	4a	4a:ezdi
cardiovascular chest pain	SYMPTOM	4a	4a:ezdi
difficulty urination	SYMPTOM	4a	4a:ezdi
edema knee	SYMPTOM	4a	4a:ezdi
cardiac angina	SYMPTOM	4a	4a:ezdi
nocturnal myoclonus	SYMPTOM	4a	4a:ezdi
steroid facies	SYMPTOM	4a	4a:ezdi
pain head	SYMPTOM	4a	4a:ezdi
pain rest	SYMPTOM	4b	4b:thalamus_notes
abdomen tenderness	SYMPTOM	4b	4b:thalamus_notes
hips pain	SYMPTOM	4b	4b:thalamus_notes
tingling of both hands	SYMPTOM	4b	4b:thalamus_notes
sitting pain	SYMPTOM	4b	4b:thalamus_notes
burning urination	SYMPTOM	4b	4b:thalamus_notes
pain epigastric	SYMPTOM	4b	4b:thalamus_notes
musculoskeletal tenderness	SYMPTOM	4b	4b:thalamus_notes
abdominal pain right lower quadrant	SYMPTOM	4b	4b:thalamus_notes
neck pain began suddenly	SYMPTOM	4b	4b:thalamus_notes
face paresthesias	SYMPTOM	4b	4b:thalamus_notes
right-left confusion	SYMPTOM	4b	4b:thalamus_notes
painful lymph node	SYMPTOM	4b	4b:thalamus_notes
ataxia gait	SYMPTOM	4b	4b:thalamus_notes
pedal edema bilateral	SYMPTOM	4b	4b:thalamus_notes
large stool	SYMPTOM	4b	4b:thalamus_notes
aphagia and dysphagia	SYMPTOM	4b	4b:thalamus_notes
lower left quadrant pain	SYMPTOM	4b	4b:thalamus_notes
skin petechiae	SYMPTOM	4b	4b:thalamus_notes
knee edema	SYMPTOM	4b	4b:thalamus_notes
arms weakness	SYMPTOM	4b	4b:thalamus_notes
congestion throat	SYMPTOM	4b	4b:thalamus_notes
musculoskeletal weakness	SYMPTOM	4b	4b:thalamus_notes
acute distress respiratory	SYMPTOM	4b	4b:thalamus_notes
tenderness pain	SYMPTOM	4b	4b:thalamus_notes
pain right upper quadrant	SYMPTOM	4b	4b:thalamus_notes
dry left eye	SYMPTOM	4b	4b:thalamus_notes
symptoms vomiting	SYMPTOM	4b	4b:thalamus_notes
musculoskeletal knee pain	SYMPTOM	4b	4b:thalamus_notes
wheezing stridor	SYMPTOM	4b	4b:thalamus_notes
ear canal erythema	SYMPTOM	4b	4b:thalamus_notes
orientation poor	SYMPTOM	4b	4b:thalamus_notes
abdominal pain chronic	SYMPTOM	4b	4b:thalamus_notes
lower back pain intermittent	SYMPTOM	4b	4b:thalamus_notes
pain due to arthritis	SYMPTOM	4b	4b:thalamus_notes
neck pain bilateral	SYMPTOM	4b	4b:thalamus_notes
pain muscle weakness	SYMPTOM	4b	4b:thalamus_notes
breathing gasping	SYMPTOM	4b	4b:thalamus_notes
flank pain intermittent	SYMPTOM	4b	4b:thalamus_notes
pain intermittent	SYMPTOM	4b	4b:thalamus_notes
rigidity muscle	SYMPTOM	4b	4b:thalamus_notes
abdominal pain intermittent	SYMPTOM	4b	4b:thalamus_notes
weight loss problem	SYMPTOM	4b	4b:thalamus_notes
persistent non-productive cough	SYMPTOM	4b	4b:thalamus_notes
hepatomegaly tenderness	SYMPTOM	4b	4b:thalamus_notes
extremities pain	SYMPTOM	4b	4b:thalamus_notes
stiffness joint	SYMPTOM	4b	4b:thalamus_notes
radiate pain	SYMPTOM	4b	4b:thalamus_notes
lower back pain worsens	SYMPTOM	4b	4b:thalamus_notes
eyes redness	SYMPTOM	4b	4b:thalamus_notes
nasal congestion chronic	SYMPTOM	4b	4b:thalamus_notes
musculoskeletal lower back pain	SYMPTOM	4b	4b:thalamus_notes
mood hypersomnia	SYMPTOM	4b	4b:thalamus_notes
pain lower leg	SYMPTOM	4b	4b:thalamus_notes
pain right shoulder	SYMPTOM	4b	4b:thalamus_notes
sleep disorder insomnia	SYMPTOM	4b	4b:thalamus_notes
calf muscle pain	SYMPTOM	4b	4b:thalamus_notes
back pain lower back	SYMPTOM	4b	4b:thalamus_notes
pain cardiac	SYMPTOM	4b	4b:thalamus_notes
skin painful	SYMPTOM	4b	4b:thalamus_notes
acute post-operative pain	SYMPTOM	4b	4b:thalamus_notes
cough chronic	SYMPTOM	4b	4b:thalamus_notes
distal paresthesia	SYMPTOM	4b	4b:thalamus_notes
shoulder blade pain	SYMPTOM	4b	4b:thalamus_notes
testicle pain	SYMPTOM	4b	4b:thalamus_notes
nasal turbinate edema	SYMPTOM	4b	4b:thalamus_notes
knees symptoms	SYMPTOM	4b	4b:thalamus_notes
pain right arm	SYMPTOM	4b	4b:thalamus_notes
itching skin	SYMPTOM	4b	4b:thalamus_notes
pain post-op	SYMPTOM	4b	4b:thalamus_notes
surgical history reviewed	SYMPTOM	4b	4b:thalamus_notes
symptoms urinary	SYMPTOM	4b	4b:thalamus_notes
pain thoracic	SYMPTOM	4b	4b:thalamus_notes
chest pain - cardiac	SYMPTOM	4b	4b:thalamus_notes
pre-syncope	SYMPTOM	4b	4b:thalamus_notes
syncope cough	SYMPTOM	4b	4b:thalamus_notes
uncontrolled pain	SYMPTOM	4b	4b:thalamus_notes
snoring witnessed	SYMPTOM	4b	4b:thalamus_notes
congestion ears	SYMPTOM	4b	4b:thalamus_notes
swelling lip	SYMPTOM	4b	4b:thalamus_notes
homosexual activity	SYMPTOM	4b	4b:thalamus_notes
tenderness back	SYMPTOM	4b	4b:thalamus_notes
pain extremity	SYMPTOM	4b	4b:thalamus_notes
tissue rupture	SYMPTOM	4b	4b:thalamus_notes
pain respirations	SYMPTOM	4b	4b:thalamus_notes
discomfort chest	SYMPTOM	4b	4b:thalamus_notes
pain left flank	SYMPTOM	4b	4b:thalamus_notes
pain eye	SYMPTOM	4b	4b:thalamus_notes
irritation penis	SYMPTOM	4b	4b:thalamus_notes
digit pain	SYMPTOM	4b	4b:thalamus_notes
pain when defecating	SYMPTOM	4b	4b:thalamus_notes
pain on defecation	SYMPTOM	4b	4b:thalamus_notes
shoulder pain right	SYMPTOM	4b	4b:thalamus_notes
non-cardiac chest pain	SYMPTOM	4b	4b:thalamus_notes
pain buttock	SYMPTOM	4b	4b:thalamus_notes
pain flank	SYMPTOM	4b	4b:thalamus_notes
coccygeal pain	SYMPTOM	4b	4b:thalamus_notes
aching joint	SYMPTOM	4b	4b:thalamus_notes
pain nipple	SYMPTOM	4b	4b:thalamus_notes
pain kidney	SYMPTOM	4b	4b:thalamus_notes
muscle cramps in feet	SYMPTOM	4b	4b:thalamus_notes
photophobia left	SYMPTOM	4b	4b:thalamus_notes
clonic movement	SYMPTOM	4b	4b:thalamus_notes
chest pain cardiac	SYMPTOM	4b	4b:thalamus_notes
dyspnea acute	SYMPTOM	4b	4b:thalamus_notes
headaches recurrent	SYMPTOM	4b	4b:thalamus_notes
llq rebound tenderness	SYMPTOM	4b	4b:thalamus_notes
thorax pain	SYMPTOM	4b	4b:thalamus_notes
breath-holding spells	SYMPTOM	4b	4b:thalamus_notes
extremities numbness	SYMPTOM	4b	4b:thalamus_notes
dry pharynx	SYMPTOM	4b	4b:thalamus_notes
faecal vomiting	SYMPTOM	4b	4b:thalamus_notes
hallucinations auditory	SYMPTOM	4b	4b:thalamus_notes
swelling rectal	SYMPTOM	4b	4b:thalamus_notes
blood-tinged discharge	SYMPTOM	4b	4b:thalamus_notes
fever subjective	SYMPTOM	4b	4b:thalamus_notes
finger weakness	SYMPTOM	4b	4b:thalamus_notes
pain wrist	SYMPTOM	4b	4b:thalamus_notes
progressive limb weakness	SYMPTOM	4b	4b:thalamus_notes
non-convulsive seizure	SYMPTOM	4b	4b:thalamus_notes
congestion nasal	SYMPTOM	4b	4b:thalamus_notes
post-procedural pain	SYMPTOM	4b	4b:thalamus_notes
extremities swelling	SYMPTOM	4b	4b:thalamus_notes
rash erythematous	SYMPTOM	4b	4b:thalamus_notes
symptoms uti	SYMPTOM	4b	4b:thalamus_notes
drainage nasal	SYMPTOM	4b	4b:thalamus_notes
weakness proximal	SYMPTOM	4b	4b:thalamus_notes
neurologic deficit new	SYMPTOM	4b	4b:thalamus_notes
superficial pain	SYMPTOM	4b	4b:thalamus_notes
wrist pain swelling	SYMPTOM	4b	4b:thalamus_notes
pain finger	SYMPTOM	4b	4b:thalamus_notes
dry rash	SYMPTOM	4b	4b:thalamus_notes
postoperative vomiting	SYMPTOM	4b	4b:thalamus_notes
post-op vomiting	SYMPTOM	4b	4b:thalamus_notes
froment's sign	SYMPTOM	4b	4b:thalamus_notes
numbness head	SYMPTOM	4b	4b:thalamus_notes
pain llq	SYMPTOM	4b	4b:thalamus_notes
post-dural puncture headache	SYMPTOM	4b	4b:thalamus_notes
knee joint pain	SYMPTOM	4b	4b:thalamus_notes
generalized itch	SYMPTOM	4b	4b:thalamus_notes
fevers rash	SYMPTOM	4b	4b:thalamus_notes
diarrhea watery	SYMPTOM	4b	4b:thalamus_notes
pain in left ear	SYMPTOM	4b	4b:thalamus_notes
band sensation	SYMPTOM	4b	4b:thalamus_notes
syncope cardiac	SYMPTOM	4b	4b:thalamus_notes
swelling of penis	SYMPTOM	4b	4b:thalamus_notes
perimenopausal bleeding	SYMPTOM	4b	4b:thalamus_notes
back abdominal pain	SYMPTOM	4b	4b:thalamus_notes
dull flank pain	SYMPTOM	4b	4b:thalamus_notes
right-sided headache	SYMPTOM	4b	4b:thalamus_notes
unilateral pain	SYMPTOM	4b	4b:thalamus_notes
poor right-sided coordination	SYMPTOM	4b	4b:thalamus_notes
fecal discharge	SYMPTOM	4b	4b:thalamus_notes
symptoms diarrhea	SYMPTOM	4b	4b:thalamus_notes
discharge penile	SYMPTOM	4b	4b:thalamus_notes
stiffness muscle	SYMPTOM	4b	4b:thalamus_notes
discomfort neck	SYMPTOM	4b	4b:thalamus_notes
blushes	SYMPTOM	4b	4b:thalamus_notes
pain unilateral	SYMPTOM	4b	4b:thalamus_notes
pain rectal	SYMPTOM	4b	4b:thalamus_notes
eye pain severe	SYMPTOM	4b	4b:thalamus_notes
syncope recurrent	SYMPTOM	4b	4b:thalamus_notes
blanching skin	SYMPTOM	4b	4b:thalamus_notes
projectile emesis	SYMPTOM	4b	4b:thalamus_notes
tremor fine	SYMPTOM	4b	4b:thalamus_notes
post-lumbar puncture headache	SYMPTOM	4b	4b:thalamus_notes
headache lumbar puncture	SYMPTOM	4b	4b:thalamus_notes
discomfort abdominal	SYMPTOM	4b	4b:thalamus_notes
neck pain shoulder	SYMPTOM	4b	4b:thalamus_notes
tenesmus present	SYMPTOM	4b	4b:thalamus_notes
pruritus facial	SYMPTOM	4b	4b:thalamus_notes
edema transient	SYMPTOM	4b	4b:thalamus_notes
tenderness of liver	SYMPTOM	4b	4b:thalamus_notes
unable to move left arm	SYMPTOM	4b	4b:thalamus_notes
wheezing inspiratory	SYMPTOM	4b	4b:thalamus_notes
abdominal pain epigastric	SYMPTOM	4b	4b:thalamus_notes
epigastrium pain	SYMPTOM	4b	4b:thalamus_notes
skin flushing	SYMPTOM	4b	4b:thalamus_notes
head tilted to left	SYMPTOM	4b	4b:thalamus_notes
air stomach	SYMPTOM	4b	4b:thalamus_notes
long-tract signs	SYMPTOM	4b	4b:thalamus_notes
numbness localized	SYMPTOM	4b	4b:thalamus_notes
back muscle spasm	SYMPTOM	4b	4b:thalamus_notes
pain scrotal	SYMPTOM	4b	4b:thalamus_notes
skin scaly	SYMPTOM	4b	4b:thalamus_notes
paresthesia skin	SYMPTOM	4b	4b:thalamus_notes
numbness facial	SYMPTOM	4b	4b:thalamus_notes
worsening vision left	SYMPTOM	4b	4b:thalamus_notes
intermittent flank pain	SYMPTOM	4b	4b:thalamus_notes
pain postoperative	SYMPTOM	4b	4b:thalamus_notes
stomach distension	SYMPTOM	4b	4b:thalamus_notes
corneal sensitivity	SYMPTOM	4b	4b:thalamus_notes
post-traumatic pain	SYMPTOM	4b	4b:thalamus_notes
edema hands	SYMPTOM	4b	4b:thalamus_notes
eye pain burning	SYMPTOM	4b	4b:thalamus_notes
pain sinus	SYMPTOM	4b	4b:thalamus_notes
repeated falls	SYMPTOM	4b	4b:thalamus_notes
stiffness back	SYMPTOM	4b	4b:thalamus_notes
hallucinations visual	SYMPTOM	4b	4b:thalamus_notes
discharge eyes	SYMPTOM	4b	4b:thalamus_notes
left ear symptoms	SYMPTOM	4b	4b:thalamus_notes
collapse syncope	SYMPTOM	4b	4b:thalamus_notes
wrist joint pain	SYMPTOM	4b	4b:thalamus_notes
pain aggravated	SYMPTOM	4b	4b:thalamus_notes
weakness intermittent	SYMPTOM	4b	4b:thalamus_notes
hemiparesthesia	SYMPTOM	4b	4b:thalamus_notes
weak eyes	SYMPTOM	4b	4b:thalamus_notes
drainage nose	SYMPTOM	4b	4b:thalamus_notes
thyroid pain	SYMPTOM	4b	4b:thalamus_notes
sensation of bladder fullness	SYMPTOM	4b	4b:thalamus_notes
tinnitus subjective left	SYMPTOM	4b	4b:thalamus_notes
supraclavicular retraction	SYMPTOM	4b	4b:thalamus_notes
kussmaul sign	SYMPTOM	4b	4b:thalamus_notes
dystonia cervical	SYMPTOM	4b	4b:thalamus_notes
mirror speech	SYMPTOM	4b	4b:thalamus_notes
vision loss acute	SYMPTOM	4b	4b:thalamus_notes
nausea recurrent	SYMPTOM	4b	4b:thalamus_notes
hepatomegaly tender	SYMPTOM	4b	4b:thalamus_notes
weakness transient	SYMPTOM	4b	4b:thalamus_notes
abdominal pain acute	SYMPTOM	4b	4b:thalamus_notes
headache frontal	SYMPTOM	4b	4b:thalamus_notes
tenderness liver	SYMPTOM	4b	4b:thalamus_notes
skin tender	SYMPTOM	4b	4b:thalamus_notes
emesis bloody	SYMPTOM	4b	4b:thalamus_notes
chest pain musculoskeletal	SYMPTOM	4b	4b:thalamus_notes
hemoptysis intermittent	SYMPTOM	4b	4b:thalamus_notes
epigastric pain recurrent	SYMPTOM	4b	4b:thalamus_notes
burn chest	SYMPTOM	4b	4b:thalamus_notes
phosphatemia	SYMPTOM	4b	4b:thalamus_notes
pain mechanical	SYMPTOM	4b	4b:thalamus_notes
syncope orthostatic	SYMPTOM	4b	4b:thalamus_notes
flank pain severity	SYMPTOM	4b	4b:thalamus_notes
back pain musculoskeletal	SYMPTOM	4b	4b:thalamus_notes
anxiety episodic	SYMPTOM	4b	4b:thalamus_notes
pain perineal	SYMPTOM	4b	4b:thalamus_notes
post-exertional malaise	SYMPTOM	4b	4b:thalamus_notes
difficulty urinary	SYMPTOM	4b	4b:thalamus_notes
thick nails	SYMPTOM	4b	4b:thalamus_notes
abnormal heart rate	SYMPTOM	4b	4b:thalamus_notes
pain rlq	SYMPTOM	4b	4b:thalamus_notes
dry tongue	SYMPTOM	4b	4b:thalamus_notes
nonspecific chest pain	SYMPTOM	4b	4b:thalamus_notes
rlq rebound tenderness	SYMPTOM	4b	4b:thalamus_notes
painful neck	SYMPTOM	4b	4b:thalamus_notes
decrease in urinary frequency	SYMPTOM	4b	4b:thalamus_notes
oral mucosal blisters	SYMPTOM	4b	4b:thalamus_notes
eye mass	SYMPTOM	4b	4b:thalamus_notes
pain wound	SYMPTOM	4b	4b:thalamus_notes
tender spleen	SYMPTOM	4b	4b:thalamus_notes
extensor rigidity	SYMPTOM	4b	4b:thalamus_notes
pain umbilical	SYMPTOM	4b	4b:thalamus_notes
stiff bilateral elbows	SYMPTOM	4b	4b:thalamus_notes
homan sign	SYMPTOM	4b	4b:thalamus_notes
limb stiffness	SYMPTOM	4b	4b:thalamus_notes
back pain lumbar	SYMPTOM	4b	4b:thalamus_notes
sensory anesthesia	SYMPTOM	4b	4b:thalamus_notes
cough acute	SYMPTOM	4b	4b:thalamus_notes
abdominal pain radiation	SYMPTOM	4b	4b:thalamus_notes
left hand stiffness	SYMPTOM	4b	4b:thalamus_notes
gait waddling	SYMPTOM	4b	4b:thalamus_notes
anginal discomfort	SYMPTOM	4b	4b:thalamus_notes
opiate withdrawal symptoms	SYMPTOM	4b	4b:thalamus_notes
coldness of skin	SYMPTOM	4b	4b:thalamus_notes
pain generalized	SYMPTOM	4b	4b:thalamus_notes
headaches transient	SYMPTOM	4b	4b:thalamus_notes
increased skin sensitivity	SYMPTOM	4b	4b:thalamus_notes
abdominal hyperesthesia	SYMPTOM	4b	4b:thalamus_notes
cutaneous allodynia	SYMPTOM	4b	4b:thalamus_notes
postop pain	SYMPTOM	4b	4b:thalamus_notes
blood stool	SYMPTOM	4b	4b:thalamus_notes
feeling overweight	SYMPTOM	4b	4b:thalamus_notes
muscle weakness pain	SYMPTOM	4b	4b:thalamus_notes
shoulder girdle pain	SYMPTOM	4b	4b:thalamus_notes
joints symptoms	SYMPTOM	4b	4b:thalamus_notes
jaundiced	SYMPTOM	4b	4b:thalamus_notes
tremor hands	SYMPTOM	4b	4b:thalamus_notes
tremor of hands	SYMPTOM	4b	4b:thalamus_notes
pelvis pain	SYMPTOM	4b	4b:thalamus_notes
back pain lumbosacral	SYMPTOM	4b	4b:thalamus_notes
weakness arms	SYMPTOM	4b	4b:thalamus_notes
post-operative pains	SYMPTOM	4b	4b:thalamus_notes
stiffness in knee	SYMPTOM	4b	4b:thalamus_notes
other polyuria	SYMPTOM	4b	4b:thalamus_notes
abdominal pain pelvic	SYMPTOM	4b	4b:thalamus_notes
transient paresthesia	SYMPTOM	4b	4b:thalamus_notes
reported high fever	SYMPTOM	4b	4b:thalamus_notes
swallowing symptoms	SYMPTOM	4b	4b:thalamus_notes
tenderness epigastric	SYMPTOM	4b	4b:thalamus_notes
hepatocellular jaundice	SYMPTOM	4b	4b:thalamus_notes
acathesia	SYMPTOM	4b	4b:thalamus_notes
persistent vomit	SYMPTOM	4b	4b:thalamus_notes
pain post-operative	SYMPTOM	4b	4b:thalamus_notes
neck pain right	SYMPTOM	4b	4b:thalamus_notes
neurologic sign	SYMPTOM	4b	4b:thalamus_notes
post-void dribbling	SYMPTOM	4b	4b:thalamus_notes
tendon tenderness	SYMPTOM	4b	4b:thalamus_notes
kneeling pain	SYMPTOM	4b	4b:thalamus_notes
neck spasm	SYMPTOM	4b	4b:thalamus_notes
corneal thickening	SYMPTOM	4b	4b:thalamus_notes
pain of right calf	SYMPTOM	4b	4b:thalamus_notes
stool blood	SYMPTOM	4b	4b:thalamus_notes
seizure generalized tonic-clonic	SYMPTOM	4b	4b:thalamus_notes
headache occipital	SYMPTOM	4b	4b:thalamus_notes
other hemoptysis	SYMPTOM	4b	4b:thalamus_notes
behavioral symptom	SYMPTOM	4b	4b:thalamus_notes
intra-abdominal collection	SYMPTOM	4b	4b:thalamus_notes
ataxia intermittent	SYMPTOM	4b	4b:thalamus_notes
exertion dyspnea	SYMPTOM	4b	4b:thalamus_notes
tender gum	SYMPTOM	4b	4b:thalamus_notes
poor urinary stream	SYMPTOM	4b	4b:thalamus_notes
photophobia right	SYMPTOM	4b	4b:thalamus_notes
localized chest pain	SYMPTOM	4b	4b:thalamus_notes
pain knee	SYMPTOM	4b	4b:thalamus_notes
false labor	SYMPTOM	4b	4b:thalamus_notes
craves salt	SYMPTOM	4b	4b:thalamus_notes
menstruation absent	SYMPTOM	4b	4b:thalamus_notes
impaired swallowing	SYMPTOM	4b	4b:thalamus_notes
postoperative pains	SYMPTOM	4b	4b:thalamus_notes
diarrhea infant	SYMPTOM	4b	4b:thalamus_notes
vomiting stool	SYMPTOM	4b	4b:thalamus_notes
groin tenderness	SYMPTOM	4b	4b:thalamus_notes
knees stiffness	SYMPTOM	4b	4b:thalamus_notes
urination pain	SYMPTOM	4b	4b:thalamus_notes
pain facial	SYMPTOM	4b	4b:thalamus_notes
pain right flank	SYMPTOM	4b	4b:thalamus_notes
eye numbness	SYMPTOM	4b	4b:thalamus_notes
left-sided frontal headache	SYMPTOM	4b	4b:thalamus_notes
achs	SYMPTOM	4b	4b:thalamus_notes
cramps thigh	SYMPTOM	4b	4b:thalamus_notes
headache acute	SYMPTOM	4b	4b:thalamus_notes
knee pain musculoskeletal	SYMPTOM	4b	4b:thalamus_notes
burning or prickling sensation	SYMPTOM	4b	4b:thalamus_notes
abdomen - acute	SYMPTOM	4b	4b:thalamus_notes
hemiasomatognosia	SYMPTOM	4b	4b:thalamus_notes
throat symptom	SYMPTOM	4b	4b:thalamus_notes
diarrhea intermittent	SYMPTOM	4b	4b:thalamus_notes
lump in left axilla	SYMPTOM	4b	4b:thalamus_notes
medications stool	SYMPTOM	4b	4b:thalamus_notes
associated sign	SYMPTOM	4b	4b:thalamus_notes
poor left-sided coordination	SYMPTOM	4b	4b:thalamus_notes
chest pain substernal	SYMPTOM	4b	4b:thalamus_notes
weakness of arm	SYMPTOM	4b	4b:thalamus_notes
lumbar puncture headache	SYMPTOM	4b	4b:thalamus_notes
pain vaginal	SYMPTOM	4b	4b:thalamus_notes
intestinal angina	SYMPTOM	4b	4b:thalamus_notes
chest pain radiating to throat	SYMPTOM	4b	4b:thalamus_notes
atelectatic rales	SYMPTOM	4b	4b:thalamus_notes
pain in penis	SYMPTOM	4b	4b:thalamus_notes
intercostal pain	SYMPTOM	4b	4b:thalamus_notes
chest pain breathing	SYMPTOM	4b	4b:thalamus_notes
fever of unknown origin fuo	SYMPTOM	4b	4b:thalamus_notes
clubbing nail	SYMPTOM	4b	4b:thalamus_notes
difficulty passing stool	SYMPTOM	4b	4b:thalamus_notes
headache transient	SYMPTOM	4b	4b:thalamus_notes
coating in mouth	SYMPTOM	4b	4b:thalamus_notes
oropharyngeal discomfort	SYMPTOM	4b	4b:thalamus_notes
injection pain	SYMPTOM	4b	4b:thalamus_notes
enlarged gland	SYMPTOM	4b	4b:thalamus_notes
iliac fossa pain	SYMPTOM	4b	4b:thalamus_notes
weakness paralysis	SYMPTOM	4b	4b:thalamus_notes
eyelid lag	SYMPTOM	4b	4b:thalamus_notes
other seizures	SYMPTOM	4b	4b:thalamus_notes
perioral paresthesia	SYMPTOM	4b	4b:thalamus_notes
signs and symptoms of dehydration	SYMPTOM	4b	4b:thalamus_notes
mucosal pain	SYMPTOM	4b	4b:thalamus_notes
posterior cervical pain	SYMPTOM	4b	4b:thalamus_notes
musculoskeletal limb pain	SYMPTOM	4b	4b:thalamus_notes
headache recurrent	SYMPTOM	4b	4b:thalamus_notes
pain finding	SYMPTOM	4b	4b:thalamus_notes
otalgia	SYMPTOM	4b	4b:thalamus_notes
skin yellow	SYMPTOM	4b	4b:thalamus_notes
foul breath	SYMPTOM	4b	4b:thalamus_notes
blurry vision right	SYMPTOM	4b	4b:thalamus_notes
reduced muscle strength	SYMPTOM	4b	4b:thalamus_notes
pain of extremities	SYMPTOM	4b	4b:thalamus_notes
implant pain	SYMPTOM	4b	4b:thalamus_notes
anxiety daily	SYMPTOM	4b	4b:thalamus_notes
urination difficulty	SYMPTOM	4b	4b:thalamus_notes
headache temporal	SYMPTOM	4b	4b:thalamus_notes
headaches occipital	SYMPTOM	4b	4b:thalamus_notes
abdominal pain right upper quadrant	SYMPTOM	4b	4b:thalamus_notes
pain face	SYMPTOM	4b	4b:thalamus_notes
abdominal pain generalized	SYMPTOM	4b	4b:thalamus_notes
pain gas	SYMPTOM	4b	4b:thalamus_notes
coldness of lower extremities	SYMPTOM	4b	4b:thalamus_notes
absence of sensation	SYMPTOM	4b	4b:thalamus_notes
abdominal pain suprapubic	SYMPTOM	4b	4b:thalamus_notes
extrapyramidal symptom	SYMPTOM	4b	4b:thalamus_notes
upper extremity myoclonus	SYMPTOM	4b	4b:thalamus_notes
limb tremor	SYMPTOM	4b	4b:thalamus_notes
vomiting medication	SYMPTOM	4b	4b:thalamus_notes
postoperative diarrhea	SYMPTOM	4b	4b:thalamus_notes
beau lines	SYMPTOM	4b	4b:thalamus_notes
nail pain	SYMPTOM	4b	4b:thalamus_notes
location of abdominal pain	SYMPTOM	4b	4b:thalamus_notes
pain heart	SYMPTOM	4b	4b:thalamus_notes
post-tussive vomiting	SYMPTOM	4b	4b:thalamus_notes
abdomen ascites	SYMPTOM	4b	4b:thalamus_notes
eructations	SYMPTOM	4b	4b:thalamus_notes
eating pain	SYMPTOM	4b	4b:thalamus_notes
stiffness of wrist	SYMPTOM	4b	4b:thalamus_notes
rovsing's signs	SYMPTOM	4b	4b:thalamus_notes
suicidal ideation denied	SYMPTOM	4b	4b:thalamus_notes
pain right foot	SYMPTOM	4b	4b:thalamus_notes
blurred vision in left eye	SYMPTOM	4b	4b:thalamus_notes
lesions penile	SYMPTOM	4b	4b:thalamus_notes
prodromes	SYMPTOM	4b	4b:thalamus_notes
epiphyseal pain	SYMPTOM	4b	4b:thalamus_notes
hand and foot weakness	SYMPTOM	4b	4b:thalamus_notes
right temporal headache	SYMPTOM	4b	4b:thalamus_notes
abdominal pain location	SYMPTOM	4b	4b:thalamus_notes
standing instability	SYMPTOM	4b	4b:thalamus_notes
new onset of cough	SYMPTOM	4b	4b:thalamus_notes
signs pregnancy	SYMPTOM	4b	4b:thalamus_notes
malleolus edema	SYMPTOM	4b	4b:thalamus_notes
teeth symptoms	SYMPTOM	4b	4b:thalamus_notes
elbow edema	SYMPTOM	4b	4b:thalamus_notes
vomiting worms	SYMPTOM	4b	4b:thalamus_notes
lips pigmentation	SYMPTOM	4b	4b:thalamus_notes
ataxias	SYMPTOM	4b	4b:thalamus_notes
numbness in leg	SYMPTOM	4b	4b:thalamus_notes
stiffness hip	SYMPTOM	4b	4b:thalamus_notes
induration of right breast	SYMPTOM	4b	4b:thalamus_notes
paresthesia oral	SYMPTOM	4b	4b:thalamus_notes
penis pain	SYMPTOM	4b	4b:thalamus_notes
widened pulse pressure	SYMPTOM	4b	4b:thalamus_notes
skin itch	SYMPTOM	4b	4b:thalamus_notes
eye soreness	SYMPTOM	4b	4b:thalamus_notes
central post-stroke pain	SYMPTOM	4b	4b:thalamus_notes
edema knees	SYMPTOM	4b	4b:thalamus_notes
rotary vertigo	SYMPTOM	4b	4b:thalamus_notes
gingival discomfort	SYMPTOM	4b	4b:thalamus_notes
eye pruritus	SYMPTOM	4b	4b:thalamus_notes
tremor resting	SYMPTOM	4b	4b:thalamus_notes
temperature elevated	SYMPTOM	4b	4b:thalamus_notes
beau's lines	SYMPTOM	4b	4b:thalamus_notes
umbilical erythema	SYMPTOM	4b	4b:thalamus_notes
diffuse joint tenderness	SYMPTOM	4b	4b:thalamus_notes
discomfort rectal	SYMPTOM	4b	4b:thalamus_notes
retinal edema peripheral	SYMPTOM	4b	4b:thalamus_notes
breathing shallow	SYMPTOM	4b	4b:thalamus_notes
scintillating scotomas	SYMPTOM	4b	4b:thalamus_notes
failure organ	SYMPTOM	4b	4b:thalamus_notes
stated weight	SYMPTOM	4b	4b:thalamus_notes
bilateral metamorphopsia	SYMPTOM	4b	4b:thalamus_notes
acute nasal congestion	SYMPTOM	4b	4b:thalamus_notes
left sternoclavicular joint pain	SYMPTOM	4b	4b:thalamus_notes
unspecified pain	SYMPTOM	4b	4b:thalamus_notes
toes pain	SYMPTOM	4b	4b:thalamus_notes
sudden deafness	SYMPTOM	4b	4b:thalamus_notes
anorexia symptoms	SYMPTOM	4b	4b:thalamus_notes
dysphagia chronic	SYMPTOM	4b	4b:thalamus_notes
pain left upper quadrant	SYMPTOM	4b	4b:thalamus_notes
painful globe	SYMPTOM	4b	4b:thalamus_notes
tingling of lower extremities	SYMPTOM	4b	4b:thalamus_notes
decreased stool caliber	SYMPTOM	4b	4b:thalamus_notes
impairment skin	SYMPTOM	4b	4b:thalamus_notes
increased body odor	SYMPTOM	4b	4b:thalamus_notes
vocal tics	SYMPTOM	4b	4b:thalamus_notes
edema uvula	SYMPTOM	4b	4b:thalamus_notes
abdominal pain radiating to groin	SYMPTOM	4b	4b:thalamus_notes
swallowing pain	SYMPTOM	4b	4b:thalamus_notes
edema fingers	SYMPTOM	4b	4b:thalamus_notes
abdomen discomfort	SYMPTOM	4b	4b:thalamus_notes
tenderness abdominal	SYMPTOM	4b	4b:thalamus_notes
abdominal pain pregnancy	SYMPTOM	4b	4b:thalamus_notes
radiating flank pain	SYMPTOM	4b	4b:thalamus_notes
chronic difficulty swallowing	SYMPTOM	4b	4b:thalamus_notes
right first mtp pain	SYMPTOM	4b	4b:thalamus_notes
pain in right elbow	SYMPTOM	4b	4b:thalamus_notes
numbness of lower extremities	SYMPTOM	4b	4b:thalamus_notes
pregnancy signs	SYMPTOM	4b	4b:thalamus_notes
abdomen acute	SYMPTOM	4b	4b:thalamus_notes
tender nipple	SYMPTOM	4b	4b:thalamus_notes
coma state	SYMPTOM	4b	4b:thalamus_notes
oral cavity symptoms	SYMPTOM	4b	4b:thalamus_notes
weakness peripheral	SYMPTOM	4b	4b:thalamus_notes
worsening central vision	SYMPTOM	4b	4b:thalamus_notes
pain toes	SYMPTOM	4b	4b:thalamus_notes
change in head size	SYMPTOM	4b	4b:thalamus_notes
upper back pain radiating	SYMPTOM	4b	4b:thalamus_notes
complete hoarseness	SYMPTOM	4b	4b:thalamus_notes
petechial eruption	SYMPTOM	4b	4b:thalamus_notes
cough early morning	SYMPTOM	4b	4b:thalamus_notes
symptoms anxiety	SYMPTOM	4b	4b:thalamus_notes
worsening continuous headache	SYMPTOM	4b	4b:thalamus_notes
perianal pruritus	SYMPTOM	4b	4b:thalamus_notes
groin lump	SYMPTOM	4b	4b:thalamus_notes
todd paralysis	SYMPTOM	4b	4b:thalamus_notes
catheter site tenderness	SYMPTOM	4b	4b:thalamus_notes
mydriasis was noted	SYMPTOM	4b	4b:thalamus_notes
loose stool	SYMPTOM	4b	4b:thalamus_notes
abnormal head posture	SYMPTOM	4b	4b:thalamus_notes
pain pharynx	SYMPTOM	4b	4b:thalamus_notes
paroxysmal vertigo	SYMPTOM	4b	4b:thalamus_notes
pain of right hand	SYMPTOM	4b	4b:thalamus_notes
itching eye	SYMPTOM	4b	4b:thalamus_notes
eye pain right	SYMPTOM	4b	4b:thalamus_notes
weakness generalized	SYMPTOM	4b	4b:thalamus_notes
swelling mouth	SYMPTOM	4b	4b:thalamus_notes
painful mouth	SYMPTOM	4b	4b:thalamus_notes
swollen lips	SYMPTOM	4b	4b:thalamus_notes
vertigo chronic	SYMPTOM	4b	4b:thalamus_notes
emaciated build	SYMPTOM	4b	4b:thalamus_notes
fingers tingling	SYMPTOM	4b	4b:thalamus_notes
subjective tinnitus	SYMPTOM	4b	4b:thalamus_notes
hemoptysis occasional	SYMPTOM	4b	4b:thalamus_notes
intestinal symptoms	SYMPTOM	4b	4b:thalamus_notes
pain oral	SYMPTOM	4b	4b:thalamus_notes
hip stiffness	SYMPTOM	4b	4b:thalamus_notes
abdominal pain lower	SYMPTOM	4b	4b:thalamus_notes
ocular itching	SYMPTOM	4b	4b:thalamus_notes
headache new onset	SYMPTOM	4b	4b:thalamus_notes
nonspecific abdominal symptoms	SYMPTOM	4b	4b:thalamus_notes
epigastric pain epigastralgia	SYMPTOM	4b	4b:thalamus_notes
numbness of chin	SYMPTOM	4b	4b:thalamus_notes
parotid region pain	SYMPTOM	4b	4b:thalamus_notes
parotid pain	SYMPTOM	4b	4b:thalamus_notes
head lumps	SYMPTOM	4b	4b:thalamus_notes
pain tongue	SYMPTOM	4b	4b:thalamus_notes
axillary temperature recorded at home	SYMPTOM	4b	4b:thalamus_notes
induration of left breast	SYMPTOM	4b	4b:thalamus_notes
pain lumbosacral	SYMPTOM	4b	4b:thalamus_notes
hypersensitivity injection site	SYMPTOM	4b	4b:thalamus_notes
nocturnal coughing	SYMPTOM	4b	4b:thalamus_notes
purulent discharge from right eye	SYMPTOM	4b	4b:thalamus_notes
penile discomfort	SYMPTOM	4b	4b:thalamus_notes
recent onset of headache	SYMPTOM	4b	4b:thalamus_notes
pain of left eye	SYMPTOM	4b	4b:thalamus_notes
sleeping difficulty	SYMPTOM	4b	4b:thalamus_notes
left corner of mouth droops	SYMPTOM	4b	4b:thalamus_notes
coffee grounds emesis	SYMPTOM	4b	4b:thalamus_notes
tenderness of right testis	SYMPTOM	4b	4b:thalamus_notes
feet burning	SYMPTOM	4b	4b:thalamus_notes
thoughts of harming others	SYMPTOM	4b	4b:thalamus_notes
insomnia due to pain	SYMPTOM	4b	4b:thalamus_notes
numbness of lip	SYMPTOM	4b	4b:thalamus_notes
band-like headache	SYMPTOM	4b	4b:thalamus_notes
urgency urination	SYMPTOM	4b	4b:thalamus_notes
percussive dullness	SYMPTOM	4b	4b:thalamus_notes
does not vocalize	SYMPTOM	4b	4b:thalamus_notes
urine output high	SYMPTOM	4b	4b:thalamus_notes
vasculitic rash	SYMPTOM	4b	4b:thalamus_notes
diarrhea symptom	SYMPTOM	4b	4b:thalamus_notes
scratching skin	SYMPTOM	4b	4b:thalamus_notes
oral mucosal sloughing	SYMPTOM	4b	4b:thalamus_notes
painful eye movement	SYMPTOM	4b	4b:thalamus_notes
recurrent chronic cough	SYMPTOM	4b	4b:thalamus_notes
gums sore	SYMPTOM	4b	4b:thalamus_notes
diarrhea mucus	SYMPTOM	4b	4b:thalamus_notes
ache diffuse	SYMPTOM	4b	4b:thalamus_notes
eyelid pruritus	SYMPTOM	4b	4b:thalamus_notes
right axillary pain	SYMPTOM	4b	4b:thalamus_notes
in left arm pain	SYMPTOM	4b	4b:thalamus_notes
numbness of right foot	SYMPTOM	4b	4b:thalamus_notes
congestion conjunctival	SYMPTOM	4b	4b:thalamus_notes
hip and shoulder weakness	SYMPTOM	4b	4b:thalamus_notes
braxton-hicks contractions	SYMPTOM	4b	4b:thalamus_notes
lower extremity pain musculoskeletal	SYMPTOM	4b	4b:thalamus_notes
worsening vision right	SYMPTOM	4b	4b:thalamus_notes
painful inability to urinate	SYMPTOM	4b	4b:thalamus_notes
blue lips	SYMPTOM	4b	4b:thalamus_notes
tongue sore	SYMPTOM	4b	4b:thalamus_notes
lymph nodes tender	SYMPTOM	4b	4b:thalamus_notes
pain stomach	SYMPTOM	4b	4b:thalamus_notes
pulpalgia	SYMPTOM	4b	4b:thalamus_notes
slowness of movements	SYMPTOM	4b	4b:thalamus_notes
scrotum pain	SYMPTOM	4b	4b:thalamus_notes
maxillary sinus pain	SYMPTOM	4b	4b:thalamus_notes
upper respiratory symptom	SYMPTOM	4b	4b:thalamus_notes
visuospatial neglect	SYMPTOM	4b	4b:thalamus_notes
blotch	SYMPTOM	4b	4b:thalamus_notes
paradoxical respirations	SYMPTOM	4b	4b:thalamus_notes
pain of left forearm	SYMPTOM	4b	4b:thalamus_notes
lower leg symptoms	SYMPTOM	4b	4b:thalamus_notes
swollen scrotum	SYMPTOM	4b	4b:thalamus_notes
malaise generalized	SYMPTOM	4b	4b:thalamus_notes
injections pain	SYMPTOM	4b	4b:thalamus_notes
tremor intention	SYMPTOM	4b	4b:thalamus_notes
bilateral inguinal swelling	SYMPTOM	4b	4b:thalamus_notes
mouth droop	SYMPTOM	4b	4b:thalamus_notes
stiffness of neck	SYMPTOM	4b	4b:thalamus_notes
constant vertigo	SYMPTOM	4b	4b:thalamus_notes
pituitary gland enlargement	SYMPTOM	4b	4b:thalamus_notes
frequent falls while walking	SYMPTOM	4b	4b:thalamus_notes
purulent nipple discharge	SYMPTOM	4b	4b:thalamus_notes
pain eating	SYMPTOM	4b	4b:thalamus_notes
influenza-like symptoms	SYMPTOM	4b	4b:thalamus_notes
mucocutaneous rash	SYMPTOM	4b	4b:thalamus_notes
v-sign	SYMPTOM	4b	4b:thalamus_notes
pain between shoulder blades	SYMPTOM	4b	4b:thalamus_notes
toes numbness	SYMPTOM	4b	4b:thalamus_notes
pain pelvic	SYMPTOM	4b	4b:thalamus_notes
stool change	SYMPTOM	4b	4b:thalamus_notes
intermittent right eye pain	SYMPTOM	4b	4b:thalamus_notes
blurry vision in right eye	SYMPTOM	4b	4b:thalamus_notes
cutting behavior	SYMPTOM	4b	4b:thalamus_notes
weakness postural	SYMPTOM	4b	4b:thalamus_notes
swelling of elbow	SYMPTOM	4b	4b:thalamus_notes
pain heaviness	SYMPTOM	4b	4b:thalamus_notes
axilla pain	SYMPTOM	4b	4b:thalamus_notes
syncope collapse	SYMPTOM	4b	4b:thalamus_notes
inappetence	SYMPTOM	4b	4b:thalamus_notes
eye pain left	SYMPTOM	4b	4b:thalamus_notes
pain right lower quadrant	SYMPTOM	4b	4b:thalamus_notes
tenderness of thyroid	SYMPTOM	4b	4b:thalamus_notes
pelvic abdominal pain	SYMPTOM	4b	4b:thalamus_notes
smegma accumulation	SYMPTOM	4b	4b:thalamus_notes
lateral hip pain	SYMPTOM	4b	4b:thalamus_notes
pain retrosternal	SYMPTOM	4b	4b:thalamus_notes
rusty sputum	SYMPTOM	4b	4b:thalamus_notes
segmental myoclonus	SYMPTOM	4b	4b:thalamus_notes
headache preceded	SYMPTOM	4b	4b:thalamus_notes
arms pain	SYMPTOM	4b	4b:thalamus_notes
large pupils	SYMPTOM	4b	4b:thalamus_notes
prickling sensations	SYMPTOM	4b	4b:thalamus_notes
hands paresthesias	SYMPTOM	4b	4b:thalamus_notes
hoffmann's signs	SYMPTOM	4b	4b:thalamus_notes
hand atrophy	SYMPTOM	4b	4b:thalamus_notes
hands pain	SYMPTOM	4b	4b:thalamus_notes
tingling of left hand	SYMPTOM	4b	4b:thalamus_notes
ataxia of gait	SYMPTOM	4b	4b:thalamus_notes
status seizure	SYMPTOM	4b	4b:thalamus_notes
urinary retention acute	SYMPTOM	4b	4b:thalamus_notes
weakness of right leg	SYMPTOM	4b	4b:thalamus_notes
head tilted to right	SYMPTOM	4b	4b:thalamus_notes
chest wall pain pleuritic	SYMPTOM	4b	4b:thalamus_notes
buttocks pain	SYMPTOM	4b	4b:thalamus_notes
pain deep	SYMPTOM	4b	4b:thalamus_notes
right sided chest pain	SYMPTOM	4b	4b:thalamus_notes
penile symptoms	SYMPTOM	4b	4b:thalamus_notes
syphilis primary	SYMPTOM	4b	4b:thalamus_notes
numbness of upper extremities	SYMPTOM	4b	4b:thalamus_notes
post exertional malaise	SYMPTOM	4b	4b:thalamus_notes
nights sweats	SYMPTOM	4b	4b:thalamus_notes
tumor pain	SYMPTOM	4b	4b:thalamus_notes
generalized aching	SYMPTOM	4b	4b:thalamus_notes
discharge penis	SYMPTOM	4b	4b:thalamus_notes
paresis of left lower limb	SYMPTOM	4b	4b:thalamus_notes
facial tingling	SYMPTOM	4b	4b:thalamus_notes
tingling mouth	SYMPTOM	4b	4b:thalamus_notes
eye tenderness	SYMPTOM	4b	4b:thalamus_notes
neuropsychiatric symptoms	SYMPTOM	4b	4b:thalamus_notes
swallowing impaired	SYMPTOM	4b	4b:thalamus_notes
pain in left cheek	SYMPTOM	4b	4b:thalamus_notes
right-sided temporal headache	SYMPTOM	4b	4b:thalamus_notes
chronic ruq abdominal pain	SYMPTOM	4b	4b:thalamus_notes
vomiting after coughing	SYMPTOM	4b	4b:thalamus_notes
throat lump	SYMPTOM	4b	4b:thalamus_notes
clot hematuria	SYMPTOM	4b	4b:thalamus_notes
breaths shallow	SYMPTOM	4b	4b:thalamus_notes
rolling of eyes	SYMPTOM	4b	4b:thalamus_notes
non-specific joint pain	SYMPTOM	4b	4b:thalamus_notes
symptom distribution	SYMPTOM	4b	4b:thalamus_notes
unchanged from previous visit	SYMPTOM	4b	4b:thalamus_notes
infantile behavior	SYMPTOM	4b	4b:thalamus_notes
pain hepatic	SYMPTOM	4b	4b:thalamus_notes
tenderness of left testicle	SYMPTOM	4b	4b:thalamus_notes
psychiatric symptom	SYMPTOM	4b	4b:thalamus_notes
headache unilateral	SYMPTOM	4b	4b:thalamus_notes
right upper abdominal discomfort	SYMPTOM	4b	4b:thalamus_notes
fever with rash	SYMPTOM	4b	4b:thalamus_notes
urgency urinary	SYMPTOM	4b	4b:thalamus_notes
postop nausea	SYMPTOM	4b	4b:thalamus_notes
flank pain right	SYMPTOM	4b	4b:thalamus_notes
upper arm weakness	SYMPTOM	4b	4b:thalamus_notes
rash macular	SYMPTOM	4b	4b:thalamus_notes
clear nipple discharge	SYMPTOM	4b	4b:thalamus_notes
generalized colicky abdominal pain	SYMPTOM	4b	4b:thalamus_notes
tonic-clonic convulsions	SYMPTOM	4b	4b:thalamus_notes
perineum pain	SYMPTOM	4b	4b:thalamus_notes
other chronic pain	SYMPTOM	4b	4b:thalamus_notes
pain throat	SYMPTOM	4b	4b:thalamus_notes
pain sitting	SYMPTOM	4b	4b:thalamus_notes
signs and symptoms of labor	SYMPTOM	4b	4b:thalamus_notes
dyspnea when bending forward	SYMPTOM	4b	4b:thalamus_notes
haematemesis	SYMPTOM	4b	4b:thalamus_notes
right lateral ankle pain	SYMPTOM	4b	4b:thalamus_notes
muscle dystonia	SYMPTOM	4b	4b:thalamus_notes
seizure generalized tonic clonic	SYMPTOM	4b	4b:thalamus_notes
headache atypical	SYMPTOM	4b	4b:thalamus_notes
abdominal pain left lower quadrant	SYMPTOM	4b	4b:thalamus_notes
crowe's sign	SYMPTOM	4b	4b:thalamus_notes
gustatory hallucinations	SYMPTOM	4b	4b:thalamus_notes
numbness of limbs	SYMPTOM	4b	4b:thalamus_notes
precipitous drop in hematocrit	SYMPTOM	4b	4b:thalamus_notes
pain tightness	SYMPTOM	4b	4b:thalamus_notes
blue-green urine	SYMPTOM	4b	4b:thalamus_notes
frontal headache	SYMPTOM	4b	4b:thalamus_notes
edema of thigh	SYMPTOM	4b	4b:thalamus_notes
leg paresis	SYMPTOM	4b	4b:thalamus_notes
cephalalgia	SYMPTOM	4b	4b:thalamus_notes
pain jaw	SYMPTOM	4b	4b:thalamus_notes
schizophrenic symptoms	SYMPTOM	4b	4b:thalamus_notes
skull pain	SYMPTOM	4b	4b:thalamus_notes
head lump	SYMPTOM	4b	4b:thalamus_notes
pain throbbing	SYMPTOM	4b	4b:thalamus_notes
vertebral pain	SYMPTOM	4b	4b:thalamus_notes
bradykinesis	SYMPTOM	4b	4b:thalamus_notes
numbness of right forearm	SYMPTOM	4b	4b:thalamus_notes
fullness abdominal	SYMPTOM	4b	4b:thalamus_notes
post-biopsy pain	SYMPTOM	4b	4b:thalamus_notes
tenderness muscle	SYMPTOM	4b	4b:thalamus_notes
diplopia with left gaze	SYMPTOM	4b	4b:thalamus_notes
headache throbbing	SYMPTOM	4b	4b:thalamus_notes
pleurodynia	SYMPTOM	4b	4b:thalamus_notes
cancer fatigue	SYMPTOM	4b	4b:thalamus_notes
chronic tremor	SYMPTOM	4b	4b:thalamus_notes
esophageal pain	SYMPTOM	4b	4b:thalamus_notes
retrosternal pain	SYMPTOM	4b	4b:thalamus_notes
flank pain radiating to testicle	SYMPTOM	4b	4b:thalamus_notes
pain left leg	SYMPTOM	4b	4b:thalamus_notes
pain dorsal	SYMPTOM	4b	4b:thalamus_notes
chancres	SYMPTOM	4b	4b:thalamus_notes
anal pruritus	SYMPTOM	4b	4b:thalamus_notes
tumor-related pain	SYMPTOM	4b	4b:thalamus_notes
pain left arm	SYMPTOM	4b	4b:thalamus_notes
wrist stiffness	SYMPTOM	4b	4b:thalamus_notes
consciousness fluctuating	SYMPTOM	4b	4b:thalamus_notes
eyes sore	SYMPTOM	4b	4b:thalamus_notes
haematochezia	SYMPTOM	4b	4b:thalamus_notes
vaginal discharge white	SYMPTOM	4b	4b:thalamus_notes
gas stomach	SYMPTOM	4b	4b:thalamus_notes
vascular pain	SYMPTOM	4b	4b:thalamus_notes
joint tender	SYMPTOM	4b	4b:thalamus_notes
hands tremor	SYMPTOM	4b	4b:thalamus_notes
exuberant granulation tissue	SYMPTOM	4b	4b:thalamus_notes
scrotum painful	SYMPTOM	4b	4b:thalamus_notes
thirst symptoms	SYMPTOM	4b	4b:thalamus_notes
pain esophageal	SYMPTOM	4b	4b:thalamus_notes
hip pain musculoskeletal	SYMPTOM	4b	4b:thalamus_notes
right-sided postauricular pain	SYMPTOM	4b	4b:thalamus_notes
unspecified abdominal pain	SYMPTOM	4b	4b:thalamus_notes
bladder fullness sensation	SYMPTOM	4b	4b:thalamus_notes
gu pain	SYMPTOM	4b	4b:thalamus_notes
vertex headache	SYMPTOM	4b	4b:thalamus_notes
blurry vision left	SYMPTOM	4b	4b:thalamus_notes
headaches morning	SYMPTOM	4b	4b:thalamus_notes
skin manifestation	SYMPTOM	4b	4b:thalamus_notes
excessive fluid consumption	SYMPTOM	4b	4b:thalamus_notes
thigh numbness	SYMPTOM	4b	4b:thalamus_notes
arm pain right	SYMPTOM	4b	4b:thalamus_notes
right earache	SYMPTOM	4b	4b:thalamus_notes
hematochezia persistent	SYMPTOM	4b	4b:thalamus_notes
venous hum	SYMPTOM	4b	4b:thalamus_notes
anesthesia skin	SYMPTOM	4b	4b:thalamus_notes
dry persistent cough	SYMPTOM	4b	4b:thalamus_notes
neuropathic pruritus	SYMPTOM	4b	4b:thalamus_notes
periodontal bleeding	SYMPTOM	4b	4b:thalamus_notes
todd paresis	SYMPTOM	4b	4b:thalamus_notes
renal problem	SYMPTOM	4b	4b:thalamus_notes
elbow symptoms	SYMPTOM	4b	4b:thalamus_notes
chest symptom	SYMPTOM	4b	4b:thalamus_notes
nasal sinus congestion	SYMPTOM	4b	4b:thalamus_notes
bone pain diffuse	SYMPTOM	4b	4b:thalamus_notes
cns symptom	SYMPTOM	4b	4b:thalamus_notes
tender scrotum	SYMPTOM	4b	4b:thalamus_notes
fingers pain	SYMPTOM	4b	4b:thalamus_notes
wheezing expiratory	SYMPTOM	4b	4b:thalamus_notes
postural headache	SYMPTOM	4b	4b:thalamus_notes
numbness generalized	SYMPTOM	4b	4b:thalamus_notes
breathing labored	SYMPTOM	4b	4b:thalamus_notes
cough during night	SYMPTOM	4b	4b:thalamus_notes
lhermitte's phenomenon	SYMPTOM	4b	4b:thalamus_notes
incision site erythema	SYMPTOM	4b	4b:thalamus_notes
unchanged lower back pain	SYMPTOM	4b	4b:thalamus_notes
difficulty sleep	SYMPTOM	4b	4b:thalamus_notes
bilateral anterior knee pain	SYMPTOM	4b	4b:thalamus_notes
renal venous congestion	SYMPTOM	4b	4b:thalamus_notes
weight symptom	SYMPTOM	4b	4b:thalamus_notes
frequent headache	SYMPTOM	4b	4b:thalamus_notes
left lower quadrant abdominal tenderness	SYMPTOM	4b	4b:thalamus_notes
muscular back pain	SYMPTOM	4b	4b:thalamus_notes
angina chest pain	SYMPTOM	4b	4b:thalamus_notes
pulling at right ear	SYMPTOM	4b	4b:thalamus_notes
sign and symptom	SYMPTOM	4b	4b:thalamus_notes
oncologic pain	SYMPTOM	4b	4b:thalamus_notes
perioral rash	SYMPTOM	4b	4b:thalamus_notes
nystagmus signs	SYMPTOM	4b	4b:thalamus_notes
hypotension asymptomatic	SYMPTOM	4b	4b:thalamus_notes
numbness shoulder	SYMPTOM	4b	4b:thalamus_notes
weakness - general	SYMPTOM	4b	4b:thalamus_notes
sleep myoclonus	SYMPTOM	4b	4b:thalamus_notes
greater tuberosity tenderness	SYMPTOM	4b	4b:thalamus_notes
stiffness in ankle	SYMPTOM	4b	4b:thalamus_notes
ankle stiffness	SYMPTOM	4b	4b:thalamus_notes
eyelid discomfort	SYMPTOM	4b	4b:thalamus_notes
eyes itching	SYMPTOM	4b	4b:thalamus_notes
rash lip	SYMPTOM	4b	4b:thalamus_notes
headache due to hypertension	SYMPTOM	4b	4b:thalamus_notes
discharge eye	SYMPTOM	4b	4b:thalamus_notes
meningitis-like	SYMPTOM	4b	4b:thalamus_notes
petechiae oral mucosa	SYMPTOM	4b	4b:thalamus_notes
feeling miserable	SYMPTOM	4b	4b:thalamus_notes
chills shaking	SYMPTOM	4b	4b:thalamus_notes
von graefe's sign	SYMPTOM	4b	4b:thalamus_notes
neuromuscular excitation	SYMPTOM	4b	4b:thalamus_notes
decreased ability to concentrate	SYMPTOM	4b	4b:thalamus_notes
sacrococcygeal pain	SYMPTOM	4b	4b:thalamus_notes
lymph nodes swelling	SYMPTOM	4b	4b:thalamus_notes
genital burning	SYMPTOM	4b	4b:thalamus_notes
lymph swollen glands	SYMPTOM	4b	4b:thalamus_notes
dentalgia	SYMPTOM	4b	4b:thalamus_notes
pain hunger	SYMPTOM	4b	4b:thalamus_notes
garbled words	SYMPTOM	4b	4b:thalamus_notes
labored respiration	SYMPTOM	4b	4b:thalamus_notes
penile tenderness	SYMPTOM	4b	4b:thalamus_notes
mastoid ecchymosis	SYMPTOM	4b	4b:thalamus_notes
shortness of breath symptom	SYMPTOM	4b	4b:thalamus_notes
chest tightness or pressure	SYMPTOM	4b	4b:thalamus_notes
eye sores	SYMPTOM	4b	4b:thalamus_notes
ischemic heart disease with angina	SYMPTOM	4b	4b:thalamus_notes
blotchy rash	SYMPTOM	4b	4b:thalamus_notes
koplik spots	SYMPTOM	4b	4b:thalamus_notes
weak grip	SYMPTOM	4b	4b:thalamus_notes
red spotty rash	SYMPTOM	4b	4b:thalamus_notes
headaches temporal	SYMPTOM	4b	4b:thalamus_notes
sensation of suffocation	SYMPTOM	4b	4b:thalamus_notes
finger numbness	SYMPTOM	4b	4b:thalamus_notes
neck shoulder pain	SYMPTOM	4b	4b:thalamus_notes
asynergia	SYMPTOM	4b	4b:thalamus_notes
forehead tenderness	SYMPTOM	4b	4b:thalamus_notes
skin spots	SYMPTOM	4b	4b:thalamus_notes
inanition	SYMPTOM	4b	4b:thalamus_notes
passed out	SYMPTOM	4b	4b:thalamus_notes
rigoring	SYMPTOM	4b	4b:thalamus_notes
ruq rebound tenderness	SYMPTOM	4b	4b:thalamus_notes
auspitz sign	SYMPTOM	4b	4b:thalamus_notes
spotting between periods	SYMPTOM	4b	4b:thalamus_notes
swelling of digit	SYMPTOM	4b	4b:thalamus_notes
chest pain wall	SYMPTOM	4b	4b:thalamus_notes
headache worse with exertion	SYMPTOM	4b	4b:thalamus_notes
clear vaginal discharge	SYMPTOM	4b	4b:thalamus_notes
bent forward while standing	SYMPTOM	4b	4b:thalamus_notes
right ear ache	SYMPTOM	4b	4b:thalamus_notes
headaches nasal	SYMPTOM	4b	4b:thalamus_notes
patellofemoral pain	SYMPTOM	4b	4b:thalamus_notes
insomnia with sleep apnea	SYMPTOM	4b	4b:thalamus_notes
lacking energy	SYMPTOM	4b	4b:thalamus_notes
convulsions seizures	SYMPTOM	4b	4b:thalamus_notes
scapula pain	SYMPTOM	4b	4b:thalamus_notes
breath odor abnormal	SYMPTOM	4b	4b:thalamus_notes
taste loss	SYMPTOM	4b	4b:thalamus_notes
lumbosacral back pain	SYMPTOM	4b	4b:thalamus_notes
postprandial vomit	SYMPTOM	4b	4b:thalamus_notes
trypanosomal chancre	SYMPTOM	4b	4b:thalamus_notes
unable to move left leg	SYMPTOM	4b	4b:thalamus_notes
pain behind ear	SYMPTOM	4b	4b:thalamus_notes
blood-tinged nasal discharge	SYMPTOM	4b	4b:thalamus_notes
appetite decrease	SYMPTOM	4b	4b:thalamus_notes
pain vascular	SYMPTOM	4b	4b:thalamus_notes
chronic lumbago	SYMPTOM	4b	4b:thalamus_notes
acute lumbago	SYMPTOM	4b	4b:thalamus_notes
abdomen feels bloated	SYMPTOM	4b	4b:thalamus_notes
dyspnea exacerbated	SYMPTOM	4b	4b:thalamus_notes
loss strength	SYMPTOM	4b	4b:thalamus_notes
belching symptoms	SYMPTOM	4b	4b:thalamus_notes
hypoesthesia to pain	SYMPTOM	4b	4b:thalamus_notes
tightness chest	SYMPTOM	4b	4b:thalamus_notes
left shoulder weakness	SYMPTOM	4b	4b:thalamus_notes
anterior abdominal wall pain	SYMPTOM	4b	4b:thalamus_notes
pathergy reaction	SYMPTOM	4b	4b:thalamus_notes
absence of spontaneous respiration	SYMPTOM	4b	4b:thalamus_notes
acute post-procedural pain	SYMPTOM	4b	4b:thalamus_notes
musculoskeletal leg pain	SYMPTOM	4b	4b:thalamus_notes
vomit diarrhea	SYMPTOM	4b	4b:thalamus_notes
maculopapules	SYMPTOM	4b	4b:thalamus_notes
myofascial trigger point pain	SYMPTOM	4b	4b:thalamus_notes
prodromal signs	SYMPTOM	4b	4b:thalamus_notes
paralysis flaccid	SYMPTOM	4b	4b:thalamus_notes
scrotum swelling	SYMPTOM	4b	4b:thalamus_notes
genital tenderness	SYMPTOM	4b	4b:thalamus_notes
other insomnia	SYMPTOM	4b	4b:thalamus_notes
sharp headaches	SYMPTOM	4b	4b:thalamus_notes
throat dry	SYMPTOM	4b	4b:thalamus_notes
other abdominal pain	SYMPTOM	4b	4b:thalamus_notes
darier's sign	SYMPTOM	4b	4b:thalamus_notes
worsening vision in left eye	SYMPTOM	4b	4b:thalamus_notes
mouth rash	SYMPTOM	4b	4b:thalamus_notes
nausea postprandial	SYMPTOM	4b	4b:thalamus_notes
lower abdomen discomfort	SYMPTOM	4b	4b:thalamus_notes
mydriatic pupil	SYMPTOM	4b	4b:thalamus_notes
aches generalized	SYMPTOM	4b	4b:thalamus_notes
cough weak	SYMPTOM	4b	4b:thalamus_notes
limbs numbness	SYMPTOM	4b	4b:thalamus_notes
pelvic pain chronic	SYMPTOM	4b	4b:thalamus_notes
legs redness	SYMPTOM	4b	4b:thalamus_notes
nuchal headache	SYMPTOM	4b	4b:thalamus_notes
peculiar sensation	SYMPTOM	4b	4b:thalamus_notes
excruciating headache	SYMPTOM	4b	4b:thalamus_notes
paraplegia flaccid	SYMPTOM	4b	4b:thalamus_notes
frothing at mouth	SYMPTOM	4b	4b:thalamus_notes
pain liver	SYMPTOM	4b	4b:thalamus_notes
pain breast	SYMPTOM	4b	4b:thalamus_notes
pain radiating to right arm	SYMPTOM	4b	4b:thalamus_notes
unrelenting neck pain	SYMPTOM	4b	4b:thalamus_notes
groin symptoms	SYMPTOM	4b	4b:thalamus_notes
tenderness scalp	SYMPTOM	4b	4b:thalamus_notes
pain foot	SYMPTOM	4b	4b:thalamus_notes
aching headache	SYMPTOM	4b	4b:thalamus_notes
recent onset confusion	SYMPTOM	4b	4b:thalamus_notes
parkinsonian tremors	SYMPTOM	4b	4b:thalamus_notes
defecation pain	SYMPTOM	4b	4b:thalamus_notes
post-operative hip pain	SYMPTOM	4b	4b:thalamus_notes
leg pain right	SYMPTOM	4b	4b:thalamus_notes
neurodynia	SYMPTOM	4b	4b:thalamus_notes
meralgia	SYMPTOM	4b	4b:thalamus_notes
rigidity cogwheel	SYMPTOM	4b	4b:thalamus_notes
headaches severe	SYMPTOM	4b	4b:thalamus_notes
pruritus cutaneous	SYMPTOM	4b	4b:thalamus_notes
lack of memory	SYMPTOM	4b	4b:thalamus_notes
chest pain aggravated	SYMPTOM	4b	4b:thalamus_notes
gasping breaths	SYMPTOM	4b	4b:thalamus_notes
near syncope	SYMPTOM	4b	4b:thalamus_notes
chest wall pain musculoskeletal	SYMPTOM	4b	4b:thalamus_notes
neck rigid	SYMPTOM	4b	4b:thalamus_notes
chest pressure exertional	SYMPTOM	4b	4b:thalamus_notes
right hemithoracic chest pain	SYMPTOM	4b	4b:thalamus_notes
pain gastric	SYMPTOM	4b	4b:thalamus_notes
pain in axilla	SYMPTOM	4b	4b:thalamus_notes
mucus diarrhea	SYMPTOM	4b	4b:thalamus_notes
vertigo objective	SYMPTOM	4b	4b:thalamus_notes
difficulty with micturition	SYMPTOM	4b	4b:thalamus_notes
apparent death	SYMPTOM	4b	4b:thalamus_notes
dyspnea on exertion progressive	SYMPTOM	4b	4b:thalamus_notes
tenderness of right testicle	SYMPTOM	4b	4b:thalamus_notes
breasts pain	SYMPTOM	4b	4b:thalamus_notes
generalized papules	SYMPTOM	4b	4b:thalamus_notes
chronic nonspecific abdominal pain	SYMPTOM	4b	4b:thalamus_notes
kidney colic	SYMPTOM	4b	4b:thalamus_notes
itching hair	SYMPTOM	4b	4b:thalamus_notes
pain in finger	SYMPTOM	4b	4b:thalamus_notes
headaches frequent	SYMPTOM	4b	4b:thalamus_notes
eyelid redness	SYMPTOM	4b	4b:thalamus_notes
itching rectal	SYMPTOM	4b	4b:thalamus_notes
ejaculation pain	SYMPTOM	4b	4b:thalamus_notes
erection painful	SYMPTOM	4b	4b:thalamus_notes
pain mouth	SYMPTOM	4b	4b:thalamus_notes
luq rebound tenderness	SYMPTOM	4b	4b:thalamus_notes
post-mastectomy pain	SYMPTOM	4b	4b:thalamus_notes
pain renal	SYMPTOM	4b	4b:thalamus_notes
paralysis of wrist	SYMPTOM	4b	4b:thalamus_notes
chest pain radiates	SYMPTOM	4b	4b:thalamus_notes
exanthemata	SYMPTOM	4b	4b:thalamus_notes
numbness in lip	SYMPTOM	4b	4b:thalamus_notes
throat tightening	SYMPTOM	4b	4b:thalamus_notes
feeling of restlessness	SYMPTOM	4b	4b:thalamus_notes
tingling of chin	SYMPTOM	4b	4b:thalamus_notes
itching throat	SYMPTOM	4b	4b:thalamus_notes
distressed respiratory	SYMPTOM	4b	4b:thalamus_notes
generalized chest pain	SYMPTOM	4b	4b:thalamus_notes
difficulty looking upwards	SYMPTOM	4b	4b:thalamus_notes
tender pain	SYMPTOM	4b	4b:thalamus_notes
temporal artery pain	SYMPTOM	4b	4b:thalamus_notes
crusty scalp	SYMPTOM	4b	4b:thalamus_notes
faces pain	SYMPTOM	4b	4b:thalamus_notes
hands edema	SYMPTOM	4b	4b:thalamus_notes
nasal pruritus	SYMPTOM	4b	4b:thalamus_notes
fever factitious	SYMPTOM	4b	4b:thalamus_notes
limb cramps	SYMPTOM	4b	4b:thalamus_notes
urge and stress incontinence	SYMPTOM	4b	4b:thalamus_notes
inguinal lymph node tenderness	SYMPTOM	4b	4b:thalamus_notes
tender muscles	SYMPTOM	4b	4b:thalamus_notes
osler's node	SYMPTOM	4b	4b:thalamus_notes
left-sided mouth droop	SYMPTOM	4b	4b:thalamus_notes
pallor and flushing	SYMPTOM	4b	4b:thalamus_notes
dellen	SYMPTOM	4b	4b:thalamus_notes
post void dribbling	SYMPTOM	4b	4b:thalamus_notes
recent onset headache	SYMPTOM	4b	4b:thalamus_notes
puffy face	SYMPTOM	4b	4b:thalamus_notes
difficulties sleeping	SYMPTOM	4b	4b:thalamus_notes
chest pain sharp	SYMPTOM	4b	4b:thalamus_notes
sensation of blocked left ear	SYMPTOM	4b	4b:thalamus_notes
forearm symptoms	SYMPTOM	4b	4b:thalamus_notes
discharge from right nipple	SYMPTOM	4b	4b:thalamus_notes
cv symptoms	SYMPTOM	4b	4b:thalamus_notes
typical angina pectoris	SYMPTOM	4b	4b:thalamus_notes
erythema generalized	SYMPTOM	4b	4b:thalamus_notes
left cheek pain	SYMPTOM	4b	4b:thalamus_notes
tonsillar pain	SYMPTOM	4b	4b:thalamus_notes
symptoms nasal	SYMPTOM	4b	4b:thalamus_notes
coarse tremors	SYMPTOM	4b	4b:thalamus_notes
tooth symptoms	SYMPTOM	4b	4b:thalamus_notes
prodromal sign	SYMPTOM	4b	4b:thalamus_notes
intention tremors	SYMPTOM	4b	4b:thalamus_notes
ankles pain	SYMPTOM	4b	4b:thalamus_notes
constant ringing in ears	SYMPTOM	4b	4b:thalamus_notes
hypochondrial pain	SYMPTOM	4b	4b:thalamus_notes
stiffness in hip	SYMPTOM	4b	4b:thalamus_notes
other hallucinations	SYMPTOM	4b	4b:thalamus_notes
heart failure signs and symptoms	SYMPTOM	4b	4b:thalamus_notes
retractions supraclavicular	SYMPTOM	4b	4b:thalamus_notes
sunsetting eyes	SYMPTOM	4b	4b:thalamus_notes
cough causing vomiting	SYMPTOM	4b	4b:thalamus_notes
pain in testicle	SYMPTOM	4b	4b:thalamus_notes
pain scrotum	SYMPTOM	4b	4b:thalamus_notes
shoulder pain musculoskeletal	SYMPTOM	4b	4b:thalamus_notes
fluid stool	SYMPTOM	4b	4b:thalamus_notes
first episode fitting	SYMPTOM	4b	4b:thalamus_notes
abdominal pain sudden onset	SYMPTOM	4b	4b:thalamus_notes
balance problem	SYMPTOM	4b	4b:thalamus_notes
other digestive symptoms	SYMPTOM	4b	4b:thalamus_notes
coccydynia	SYMPTOM	4b	4b:thalamus_notes
swelling of right wrist	SYMPTOM	4b	4b:thalamus_notes
vlbw	SYMPTOM	4b	4b:thalamus_notes
limbs pain	SYMPTOM	4b	4b:thalamus_notes
syphilis chancre	SYMPTOM	4b	4b:thalamus_notes
rectal fullness	SYMPTOM	4b	4b:thalamus_notes
changes stool	SYMPTOM	4b	4b:thalamus_notes
genitals pain	SYMPTOM	4b	4b:thalamus_notes
stridor inspiratory	SYMPTOM	4b	4b:thalamus_notes
difficulty closing eye	SYMPTOM	4b	4b:thalamus_notes
right-left disorientation	SYMPTOM	4b	4b:thalamus_notes
right knee soft tissue swelling	SYMPTOM	4b	4b:thalamus_notes
right-sided anosmia	SYMPTOM	4b	4b:thalamus_notes
stools watery	SYMPTOM	4b	4b:thalamus_notes
hypercyanotic spell	SYMPTOM	4b	4b:thalamus_notes
cold right leg	SYMPTOM	4b	4b:thalamus_notes
tongue paresthesia	SYMPTOM	4b	4b:thalamus_notes
cherry red spot	SYMPTOM	4b	4b:thalamus_notes
pain ovarian	SYMPTOM	4b	4b:thalamus_notes
femur pain	SYMPTOM	4b	4b:thalamus_notes
penis discharge	SYMPTOM	4b	4b:thalamus_notes
wrist arthralgia	SYMPTOM	4b	4b:thalamus_notes
swooning	SYMPTOM	4b	4b:thalamus_notes
left sided abdominal pain	SYMPTOM	4b	4b:thalamus_notes
symptoms consistent with covid-19	SYMPTOM	4b	4b:thalamus_notes
pain in testicles	SYMPTOM	4b	4b:thalamus_notes
pain thyroid	SYMPTOM	4b	4b:thalamus_notes
left upper quadrant abdominal tenderness	SYMPTOM	4b	4b:thalamus_notes
pruritus of genitalia	SYMPTOM	4b	4b:thalamus_notes
perineal lump	SYMPTOM	4b	4b:thalamus_notes
left iliac fossa mass	SYMPTOM	4b	4b:thalamus_notes
genitourinary pain	SYMPTOM	4b	4b:thalamus_notes
throat swollen	SYMPTOM	4b	4b:thalamus_notes
musculoskeletal hand pain	SYMPTOM	4b	4b:thalamus_notes
neck stiffness chronic	SYMPTOM	4b	4b:thalamus_notes
low back aches	SYMPTOM	4b	4b:thalamus_notes
eyelid pain	SYMPTOM	4b	4b:thalamus_notes
lower motor neuron facial palsy	SYMPTOM	4b	4b:thalamus_notes
numbness limb	SYMPTOM	4b	4b:thalamus_notes
vaginal pruritus	SYMPTOM	4b	4b:thalamus_notes
non-epileptic paroxysmal event	SYMPTOM	4b	4b:thalamus_notes
chest pain worse with coughing	SYMPTOM	4b	4b:thalamus_notes
giddy mood	SYMPTOM	4b	4b:thalamus_notes
tingling around mouth	SYMPTOM	4b	4b:thalamus_notes
cramps spasms	SYMPTOM	4b	4b:thalamus_notes
pounding heartbeat	SYMPTOM	4b	4b:thalamus_notes
pain thumb	SYMPTOM	4b	4b:thalamus_notes
cough syncope	SYMPTOM	4b	4b:thalamus_notes
knee redness	SYMPTOM	4b	4b:thalamus_notes
postoperative hip pain	SYMPTOM	4b	4b:thalamus_notes
thigh edema	SYMPTOM	4b	4b:thalamus_notes
joint pain of pelvic region	SYMPTOM	4b	4b:thalamus_notes
worrisome symptoms	SYMPTOM	4b	4b:thalamus_notes
cutaneous hyperesthesia	SYMPTOM	4b	4b:thalamus_notes
pain chest wall	SYMPTOM	4b	4b:thalamus_notes
flank pain chronic	SYMPTOM	4b	4b:thalamus_notes
discomfort leg	SYMPTOM	4b	4b:thalamus_notes
pain genital	SYMPTOM	4b	4b:thalamus_notes
braxton-hicks contraction	SYMPTOM	4b	4b:thalamus_notes
symptoms stress	SYMPTOM	4b	4b:thalamus_notes
symptoms throat	SYMPTOM	4b	4b:thalamus_notes
pain calf	SYMPTOM	4b	4b:thalamus_notes
bloody discharge from right ear	SYMPTOM	4b	4b:thalamus_notes
flushed face	SYMPTOM	4b	4b:thalamus_notes
jittery feeling	SYMPTOM	4b	4b:thalamus_notes
respiratory pain	SYMPTOM	4b	4b:thalamus_notes
pain breathing	SYMPTOM	4b	4b:thalamus_notes
headache dental	SYMPTOM	4b	4b:thalamus_notes
transplant tenderness	SYMPTOM	4b	4b:thalamus_notes
back pain mechanical	SYMPTOM	4b	4b:thalamus_notes
gradual onset fever	SYMPTOM	4b	4b:thalamus_notes
numbness tongue	SYMPTOM	4b	4b:thalamus_notes
hematuria painless	SYMPTOM	4b	4b:thalamus_notes
coughing syncope	SYMPTOM	4b	4b:thalamus_notes
arthritic pains	SYMPTOM	4b	4b:thalamus_notes
palatal swelling	SYMPTOM	4b	4b:thalamus_notes
pain of jaw	SYMPTOM	4b	4b:thalamus_notes
psoas sign positive	SYMPTOM	4b	4b:thalamus_notes
spots in mouth	SYMPTOM	4b	4b:thalamus_notes
left-sided temporal headache	SYMPTOM	4b	4b:thalamus_notes
bilateral tonic-clonic seizure	SYMPTOM	4b	4b:thalamus_notes
leg muscle cramps	SYMPTOM	4b	4b:thalamus_notes
pain scalp	SYMPTOM	4b	4b:thalamus_notes
numbness of foot	SYMPTOM	4b	4b:thalamus_notes
sore throat present	SYMPTOM	4b	4b:thalamus_notes
numbness of forearm	SYMPTOM	4b	4b:thalamus_notes
colic renal	SYMPTOM	4b	4b:thalamus_notes
penis tender	SYMPTOM	4b	4b:thalamus_notes
anesthesia of skin	SYMPTOM	4b	4b:thalamus_notes
pain resting	SYMPTOM	4b	4b:thalamus_notes
difficulties sleep	SYMPTOM	4b	4b:thalamus_notes
left upper abdominal discomfort	SYMPTOM	4b	4b:thalamus_notes
viral headache	SYMPTOM	4b	4b:thalamus_notes
penis tenderness	SYMPTOM	4b	4b:thalamus_notes
finger stiffness	SYMPTOM	4b	4b:thalamus_notes
abnormal bowel habits	SYMPTOM	4b	4b:thalamus_notes
eye sore	SYMPTOM	4b	4b:thalamus_notes
supraclavicular fossa pain	SYMPTOM	4b	4b:thalamus_notes
burning itching	SYMPTOM	4b	4b:thalamus_notes
tingling of forearm	SYMPTOM	4b	4b:thalamus_notes
fatigue symptom	SYMPTOM	4b	4b:thalamus_notes
heaviness in arm	SYMPTOM	4b	4b:thalamus_notes
rhinitis purulent	SYMPTOM	4b	4b:thalamus_notes
throat dryness	SYMPTOM	4b	4b:thalamus_notes
right testicular lump	SYMPTOM	4b	4b:thalamus_notes
swelling throat	SYMPTOM	4b	4b:thalamus_notes
photophobia binocular	SYMPTOM	4b	4b:thalamus_notes
bowel peristalsis decreased	SYMPTOM	4b	4b:thalamus_notes
weight gain abnormal	SYMPTOM	4b	4b:thalamus_notes
urination excessive	SYMPTOM	4b	4b:thalamus_notes
fontanel bulging	SYMPTOM	4b	4b:thalamus_notes
epistaxis recurrent	SYMPTOM	4b	4b:thalamus_notes
muscle cramps in hands	SYMPTOM	4b	4b:thalamus_notes
mouth tenderness	SYMPTOM	4b	4b:thalamus_notes
cushing triad	SYMPTOM	4b	4b:thalamus_notes
rash tongue	SYMPTOM	4b	4b:thalamus_notes
acute gastric pain	SYMPTOM	4b	4b:thalamus_notes
lymph node swelling in groin	SYMPTOM	4b	4b:thalamus_notes
rebound abdominal	SYMPTOM	4b	4b:thalamus_notes
angina pectoris equivalent	SYMPTOM	4b	4b:thalamus_notes
proximal arm pain	SYMPTOM	4b	4b:thalamus_notes
red stool	SYMPTOM	4b	4b:thalamus_notes
spasm oropharyngeal	SYMPTOM	4b	4b:thalamus_notes
pain urethral	SYMPTOM	4b	4b:thalamus_notes
fevered	SYMPTOM	4b	4b:thalamus_notes
tongue tingling	SYMPTOM	4b	4b:thalamus_notes
burning sensation mucosal	SYMPTOM	4b	4b:thalamus_notes
tenderness of face	SYMPTOM	4b	4b:thalamus_notes
respiratory chest pain	SYMPTOM	4b	4b:thalamus_notes
worsening vision sustained	SYMPTOM	4b	4b:thalamus_notes
diffuse joint pains	SYMPTOM	4b	4b:thalamus_notes
right lower abdominal discomfort	SYMPTOM	4b	4b:thalamus_notes
sore tongue	SYMPTOM	4b	4b:thalamus_notes
reported ataxia	SYMPTOM	4b	4b:thalamus_notes
nausea vomiting postop	SYMPTOM	4b	4b:thalamus_notes
eyes fatigue	SYMPTOM	4b	4b:thalamus_notes
swelling forehead	SYMPTOM	4b	4b:thalamus_notes
vestibulitis	SYMPTOM	4b	4b:thalamus_notes
rash scalp	SYMPTOM	4b	4b:thalamus_notes
musculoskeletal finger pain	SYMPTOM	4b	4b:thalamus_notes
bilateral photophobia	SYMPTOM	4b	4b:thalamus_notes
tongue soreness	SYMPTOM	4b	4b:thalamus_notes
negative myoclonus	SYMPTOM	4b	4b:thalamus_notes
unsteadiness on feet	SYMPTOM	4b	4b:thalamus_notes
vertigo severe	SYMPTOM	4b	4b:thalamus_notes
penile discharge on exam	SYMPTOM	4b	4b:thalamus_notes
tender tongue	SYMPTOM	4b	4b:thalamus_notes
right ring finger weakness	SYMPTOM	4b	4b:thalamus_notes
right axillary lump	SYMPTOM	4b	4b:thalamus_notes
pain radiating to lower abdomen	SYMPTOM	4b	4b:thalamus_notes
spots on gums	SYMPTOM	4b	4b:thalamus_notes
abdominal pain left upper quadrant	SYMPTOM	4b	4b:thalamus_notes
angina exertional	SYMPTOM	4b	4b:thalamus_notes
thirst increased	SYMPTOM	4b	4b:thalamus_notes
cramps of lower extremities	SYMPTOM	4b	4b:thalamus_notes
limb stump pain	SYMPTOM	4b	4b:thalamus_notes
nose tenderness	SYMPTOM	4b	4b:thalamus_notes
aching knees	SYMPTOM	4b	4b:thalamus_notes
dental headache	SYMPTOM	4b	4b:thalamus_notes
myofascial low back pain	SYMPTOM	4b	4b:thalamus_notes
lower extremity myoclonus	SYMPTOM	4b	4b:thalamus_notes
choking feeling	SYMPTOM	4b	4b:thalamus_notes
elbow swollen	SYMPTOM	4b	4b:thalamus_notes
stool bloody	SYMPTOM	4b	4b:thalamus_notes
armpit pain	SYMPTOM	4b	4b:thalamus_notes
ankles rash	SYMPTOM	4b	4b:thalamus_notes
burning reflux	SYMPTOM	4b	4b:thalamus_notes
fingertip tenderness	SYMPTOM	4b	4b:thalamus_notes
autonomic auras	SYMPTOM	4b	4b:thalamus_notes
autonomic aura	SYMPTOM	4b	4b:thalamus_notes
pressure sinus	SYMPTOM	4b	4b:thalamus_notes
left scrotal lump	SYMPTOM	4b	4b:thalamus_notes
light head	SYMPTOM	4b	4b:thalamus_notes
restlessness marked	SYMPTOM	4b	4b:thalamus_notes
tingling of lip	SYMPTOM	4b	4b:thalamus_notes
eyelid margin crusting	SYMPTOM	4b	4b:thalamus_notes
unilateral facial pain	SYMPTOM	4b	4b:thalamus_notes
